time,side,gross_r,net_r,exit,risk_pct,hold_bars
2020-01-03 04:45:00+00:00,1,1.286682531580517,1.2283016771988278,timeout,3.0832025654022575,289
2020-01-07 22:15:00+00:00,1,0.002748296200392813,-0.02828818273113765,timeout,5.799626961457121,289
2020-01-08 22:30:00+00:00,1,0.15401057805507418,0.12981310872480428,timeout,7.43879442693739,289
2020-01-10 16:45:00+00:00,1,0.2067356830796858,0.1722811804801394,timeout,5.22428090435907,289
2020-01-12 00:30:00+00:00,1,1.8237636601302825,1.7893404087577132,timeout,5.2290237796489905,289
2020-01-28 05:45:00+00:00,1,0.7837493003590394,0.739910851508719,timeout,4.105984694271052,289
2020-02-09 03:45:00+00:00,1,0.9288606249899062,0.8662813237602084,timeout,2.876350429981771,289
2020-02-11 15:45:00+00:00,1,0.3220145684558814,0.2622632659414325,timeout,3.0124866308391,289
2020-02-16 03:00:00+00:00,1,-1.0,-1.0475426136869763,stop,3.786077079925225,56
2020-02-18 19:30:00+00:00,1,-1.0,-1.0407304026992765,stop,4.419303224890457,106
2020-02-26 14:15:00+00:00,1,-1.0,-1.0302599805444392,stop,5.948450618983572,44
2020-03-06 01:15:00+00:00,1,-1.0,-1.052694049949559,stop,3.4159454468256625,190
2020-03-10 21:15:00+00:00,1,-1.0,-1.026140409819831,stop,6.88589051360035,136
2020-03-12 14:45:00+00:00,1,-1.0,-1.006987387897901,stop,25.760699510337727,37
2020-03-21 10:45:00+00:00,1,0.7212388567245043,0.7101135724810621,timeout,16.179361898650104,289
2020-03-22 12:45:00+00:00,1,0.7980353416649917,0.7823300564647117,timeout,11.461109919658783,289
2020-03-30 04:30:00+00:00,1,1.6367273190559415,1.606938463818521,timeout,6.042528273254505,289
2020-04-06 06:45:00+00:00,1,0.6898089051194896,0.6527603629891133,timeout,4.8584907704753535,289
2020-04-12 16:15:00+00:00,1,-1.0,-1.0503932619891247,stop,3.5719061020269955,33
2020-04-16 12:45:00+00:00,1,0.2959402870720799,0.2712148645529783,timeout,7.279956484502577,289
2020-04-17 15:15:00+00:00,1,0.08509499128620161,0.050239016074868574,timeout,5.164107413683119,289
2020-04-20 13:00:00+00:00,1,-1.0,-1.04577636044686,stop,3.9321605790166463,29
2020-05-03 00:45:00+00:00,1,-1.0,-1.0425574543004115,stop,4.229576297712427,57
2020-05-05 08:45:00+00:00,1,1.9512512700219067,1.918204232146354,wick,5.4467816655107315,253
2020-05-11 12:30:00+00:00,1,-1.0,-1.0195350579099636,stop,9.214203552895208,24
2020-05-13 12:30:00+00:00,1,0.9233488550457347,0.8903846056645289,timeout,5.46046105641419,289
2020-05-21 19:45:00+00:00,1,-0.12712587301469466,-0.15413611234869296,timeout,6.664139394478841,289
2020-05-24 20:00:00+00:00,1,0.35811321554931136,0.31720748959292333,timeout,4.400361949129286,289
2020-06-15 07:30:00+00:00,1,0.8708626551651224,0.832483071461065,timeout,4.689993549382111,289
2020-06-28 07:00:00+00:00,1,0.3872689509320617,0.338023470627299,timeout,3.655157770541464,289
2020-07-05 10:15:00+00:00,1,1.5624919228581284,1.462144153213897,timeout,1.7937618408277936,289
2020-07-27 01:15:00+00:00,1,1.9467634007305743,1.898229332481021,wick,3.708735049253918,64
2020-07-28 04:15:00+00:00,1,-0.015911236306999584,-0.03580430759424159,timeout,9.04837656292114,289
2020-07-29 06:45:00+00:00,1,0.888839345874176,0.8596183396003245,timeout,6.159952135566044,289
2020-07-30 07:00:00+00:00,1,0.5229339010823475,0.49111038759826164,timeout,5.656195067524942,289
2020-08-02 13:15:00+00:00,1,0.512884770115224,0.49435563217632383,timeout,9.714429273156114,289
2020-08-10 03:00:00+00:00,1,-1.0,-1.0575311679404777,stop,3.1287388461543033,30
2020-08-18 15:30:00+00:00,1,-0.47257930794909814,-0.5075402227745073,timeout,5.148606691183553,289
2020-09-01 16:45:00+00:00,1,-1.0,-1.0570438920830096,stop,3.1554649135452784,71
2020-09-05 13:15:00+00:00,1,-0.2785548817869862,-0.30477729732410674,timeout,6.864356174403204,289
2020-09-07 12:00:00+00:00,1,0.5793439795950571,0.542054663567858,timeout,4.827119914688346,289
2020-09-08 14:15:00+00:00,1,0.3244089319877097,0.29161380702605355,timeout,5.488620647442411,289
2020-09-16 16:45:00+00:00,1,-0.04787592201267788,-0.09470663606513474,timeout,3.8436313355883316,289
2020-09-19 11:45:00+00:00,1,-1.0,-1.0846278123929656,stop,2.1269603326643702,115
2020-10-21 01:30:00+00:00,1,2.022787246044762,1.9709871741869,wick,3.4748986544635514,80
2020-10-22 18:00:00+00:00,1,-0.09517957343918762,-0.12852136418504254,timeout,5.398630246708561,289
2020-10-25 06:45:00+00:00,1,1.1480580500473434,1.1084340501922578,timeout,4.542701409708847,289
2020-10-26 09:00:00+00:00,1,0.39320206187324147,0.3259606957997868,timeout,2.6769236038923934,289
2020-10-28 17:30:00+00:00,1,0.9477895656874625,0.9191625309556292,wick,6.2877626581365575,258
2020-11-04 17:15:00+00:00,1,1.2725652094310052,1.2346309016632468,wick,4.745045068490442,105
2020-11-05 19:45:00+00:00,1,0.27866644045817207,0.2536708004243858,timeout,7.201255889294937,289
2020-11-08 02:00:00+00:00,1,0.31516129523336983,0.2922205722976928,timeout,7.846308963527349,289
2020-11-09 17:00:00+00:00,1,0.6960681341678333,0.6714735737335427,wick,7.318691483871276,197
2020-11-12 15:30:00+00:00,1,-0.03328324748837255,-0.0628865182605911,timeout,6.080409201571151,289
2020-11-13 16:45:00+00:00,1,0.5145271799997714,0.47706944166066306,timeout,4.80541559584948,289
2020-11-14 22:15:00+00:00,1,1.4634682662571872,1.4188836902028457,wick,4.037270642219594,246
2020-11-16 04:30:00+00:00,1,1.6667437516179064,1.6150536674135543,wick,3.482292644144002,125
2020-11-17 13:00:00+00:00,1,1.2606405126244176,1.216305001136461,wick,4.059950905244325,83
2020-11-19 18:15:00+00:00,1,0.4351658358118966,0.40813818698688364,timeout,6.659846780065358,289
2020-11-22 12:30:00+00:00,1,0.7667365700630138,0.7386011530805388,wick,6.397630435408809,181
2020-11-24 12:30:00+00:00,1,-1.0,-1.0291973461558948,stop,6.164943863011288,157
2020-11-26 12:15:00+00:00,1,0.39667580876216607,0.38132758379922477,timeout,11.727740532512037,289
2020-11-27 20:30:00+00:00,1,1.6784122068256837,1.6568806864328391,timeout,8.35983696069225,289
2020-11-29 08:30:00+00:00,1,0.9374985175630466,0.8981528429943039,wick,4.574835784947934,233
2020-12-01 16:45:00+00:00,1,-0.06832190393224769,-0.08518771946207691,timeout,10.67247532036908,289
2020-12-02 18:30:00+00:00,1,0.04775824376507476,0.02521334096233492,timeout,7.984066357479482,289
2020-12-04 18:45:00+00:00,1,-0.06806128264852368,-0.1034625714263008,timeout,5.084560653424389,289
2020-12-05 22:15:00+00:00,1,-0.4409606418825951,-0.4901816307522906,timeout,3.656976508060831,289
2020-12-07 20:45:00+00:00,1,-1.0,-1.0527534045353923,stop,3.4121020545553225,105
2020-12-09 01:30:00+00:00,1,0.06498531753116478,0.030277514424303063,timeout,5.18615365673819,289
2020-12-11 19:15:00+00:00,1,1.248687894705157,1.2130693043595395,timeout,5.053540812632071,289
2020-12-13 22:45:00+00:00,1,3.497272625630577,3.445122422830479,timeout,3.4515685526665556,289
2020-12-18 03:15:00+00:00,1,0.3700277427321601,0.353255351329578,wick,10.731922221436427,149
2020-12-19 05:30:00+00:00,1,0.7266683642310295,0.6947424882160618,wick,5.638059858267023,44
2020-12-21 15:00:00+00:00,1,0.3658755695348348,0.3458471633460867,wick,8.987235344823553,186
2020-12-23 12:30:00+00:00,1,0.40912521133648405,0.38167646501695773,wick,6.557676547578883,4
2020-12-24 13:00:00+00:00,1,0.4412807574479813,0.41612130135033826,wick,7.1543676978320105,84
2020-12-25 15:15:00+00:00,1,0.4932860463078742,0.4659041361005753,wick,6.5736830862888205,49
2020-12-27 19:15:00+00:00,1,0.26770049663445855,0.24946898854910332,wick,9.873017588961163,230
2020-12-28 20:15:00+00:00,1,0.45612861300529656,0.43182252193735915,wick,7.40555112283937,130
2020-12-29 21:15:00+00:00,1,0.49825355281619144,0.4689967591388931,wick,6.152417178225172,30
2020-12-31 10:15:00+00:00,1,0.7247791777716719,0.6998009788781687,wick,7.206284198770549,203
2021-01-01 18:15:00+00:00,1,0.8463543185221307,0.8150494400340094,wick,5.749902529355009,75
2021-01-03 00:30:00+00:00,1,0.4852118039901393,0.46917433045598467,wick,11.223712988000162,21
2021-01-04 02:45:00+00:00,1,-1.0,-1.0157680992836104,stop,11.415453236465428,31
2021-01-05 07:15:00+00:00,1,0.5486373418523979,0.5370669577592339,wick,15.556959782030722,50
2021-01-06 08:45:00+00:00,1,0.563745165437445,0.5484763587809944,wick,11.788740538145207,61
2021-01-07 09:30:00+00:00,1,0.6671353238982275,0.6505337654712882,wick,10.842355601261735,53
2021-01-08 12:15:00+00:00,1,-1.0,-1.01334705214449,stop,13.486123980890213,225
2021-01-09 17:15:00+00:00,1,-1.0,-1.0162343049020386,stop,11.087632090573686,109
2021-01-10 19:15:00+00:00,1,-1.0,-1.0159988040672012,stop,11.250840953106824,34
2021-01-12 01:15:00+00:00,1,0.43403549317271845,0.42576568691190747,wick,21.76592707533982,242
2021-01-13 03:15:00+00:00,1,0.2958948398951931,0.28516364958901497,wick,16.77353535482176,63
2021-01-14 10:15:00+00:00,1,0.346196067104258,0.3284260097887568,wick,10.12939895489151,22
2021-01-15 18:15:00+00:00,1,0.39476430437908083,0.37989874376810406,wick,12.108524172784135,72
2021-01-16 18:30:00+00:00,1,-0.038233207220285455,-0.05496127400665136,timeout,10.760358761043909,289
2021-01-18 02:00:00+00:00,1,0.24444065475975651,0.22533554377869253,wick,9.421562647733722,135
2021-01-19 11:00:00+00:00,1,-1.0,-1.0230679640957647,stop,7.803029311678561,98
2021-01-20 12:15:00+00:00,1,-1.0,-1.0190613444846888,stop,9.443195370850523,106
2021-01-21 19:30:00+00:00,1,-0.32392897416541,-0.3377342504079735,timeout,13.038493170099413,289
2021-01-23 06:00:00+00:00,1,-0.43171534810393225,-0.44880601204583076,timeout,10.532065963729005,289
2021-01-24 23:45:00+00:00,1,0.21569072910601508,0.19206043952421342,wick,7.617342114106932,10
2021-01-26 17:15:00+00:00,1,0.5498491104011661,0.5331732398958903,wick,10.79403920431331,232
2021-01-28 03:45:00+00:00,1,0.7580833246955778,0.7428350849990498,wick,11.804641295151344,94
2021-01-29 05:00:00+00:00,1,0.9870119025001711,0.9672876968249057,wick,9.125842782390158,17
2021-01-30 08:15:00+00:00,1,0.006400666483014525,-0.0056195946714224995,timeout,14.974716246789432,289
2021-01-31 12:45:00+00:00,1,0.30008767480728993,0.276521275117629,wick,7.637993175468784,191
2021-02-02 06:30:00+00:00,1,0.4183031178225339,0.3912468988599111,wick,6.652814284533394,24
2021-02-03 08:30:00+00:00,1,0.3243246478395468,0.2963082852117036,wick,6.424816896862712,29
2021-02-04 10:00:00+00:00,1,0.43449127814277017,0.41148212431067893,wick,7.822973470191299,161
2021-02-05 12:45:00+00:00,1,0.27652107106493107,0.25022791701375874,wick,6.845888463958334,54
2021-02-06 13:15:00+00:00,1,-1.0,-1.027369410367596,stop,6.5766853425936675,109
2021-02-07 18:30:00+00:00,1,1.8943634466633308,1.8724561620416476,wick,8.216445036818511,76
2021-02-08 20:15:00+00:00,1,0.295499004471554,0.2788477335671375,wick,10.809985678165686,8
2021-02-09 20:45:00+00:00,1,0.24276240460263046,0.22634424850933638,wick,10.963472327658053,206
2021-02-10 22:15:00+00:00,1,0.6114484470082573,0.5925514864659198,wick,9.525341368878912,65
2021-02-12 00:15:00+00:00,1,0.029763152301897758,0.009669667357862444,timeout,8.95812749761123,289
2021-02-13 03:15:00+00:00,1,0.20562701532378064,0.17926682509503036,wick,6.828478794651467,110
2021-02-14 05:45:00+00:00,1,0.2645590206197609,0.23038687961219906,wick,5.267448708003646,4
2021-02-15 06:30:00+00:00,1,0.6498326155968337,0.6281968677952833,wick,8.319564530471238,88
2021-02-16 07:00:00+00:00,1,0.189886862969128,0.16458086312196607,wick,7.11293768620595,24
2021-02-17 09:15:00+00:00,1,0.3628195257977966,0.33816785985728526,wick,7.301737758185214,193
2021-02-18 12:30:00+00:00,1,0.49945790814383395,0.46728389745736604,wick,5.594577615892514,84
2021-02-19 15:30:00+00:00,1,0.5329882692226474,0.49547151138329537,wick,4.7978559546847235,13
2021-02-20 17:45:00+00:00,1,-1.0,-1.0260705410829616,stop,6.904344617444052,171
2021-02-22 07:30:00+00:00,1,-1.0,-1.0252105966445857,stop,7.13985482127244,26
2021-02-23 10:15:00+00:00,1,0.2671008240258609,0.25747670412406376,wick,18.703008881507053,106
2021-02-24 15:45:00+00:00,1,0.3667134104124728,0.35394871839209,wick,14.101397802044453,86
2021-02-25 16:30:00+00:00,1,-1.0,-1.0187480086251048,stop,9.601019692244469,33
2021-02-27 08:00:00+00:00,1,0.3469139696811247,0.32959732996578117,wick,10.39462638011172,225
2021-02-28 09:45:00+00:00,1,0.5374288130774647,0.5200221992746114,wick,10.340896973913102,105
2021-03-01 13:45:00+00:00,1,0.18819365809042796,0.16563956029294669,wick,7.980811363693807,10
2021-03-02 14:15:00+00:00,1,0.4685740992384661,0.4409067247674062,wick,6.505857655133861,98
2021-03-03 16:30:00+00:00,1,-1.0,-1.0240686436762718,stop,7.478610029756442,111
2021-03-04 21:00:00+00:00,1,0.2935010442373132,0.275227911792206,wick,9.85052784686605,217
2021-03-05 21:45:00+00:00,1,0.3924267588612142,0.37047497435869836,wick,8.199788950158956,152
2021-03-06 23:45:00+00:00,1,0.5565663962457695,0.5274954532475056,wick,6.191749610968893,48
2021-03-08 10:45:00+00:00,1,0.1734385962063875,0.14580326529749493,wick,6.513401290305494,17
2021-03-09 11:00:00+00:00,1,0.216940554001191,0.18851968259658236,wick,6.333373718119413,101
2021-03-10 14:00:00+00:00,1,0.3968234080990762,0.36863935572473094,wick,6.386590459356602,130
2021-03-11 14:15:00+00:00,1,0.5509371731356225,0.5254032770042641,wick,7.049452973177106,178
2021-03-12 15:15:00+00:00,1,0.7043029000526198,0.679971446340218,wick,7.397831717233319,78
2021-03-13 18:00:00+00:00,1,-1.0,-1.0291668911624805,stop,6.171381070312604,158
2021-03-14 18:45:00+00:00,1,-1.0,-1.0331653420681548,stop,5.427352434059022,59
2021-03-16 01:45:00+00:00,1,0.2866857465064531,0.2673153420150398,wick,9.292526652181785,27
2021-03-17 06:30:00+00:00,1,0.375007560902595,0.34815579099206617,wick,6.703468732220144,51
2021-03-18 09:15:00+00:00,1,0.4096960010226134,0.38064333365464065,wick,6.195644541692916,28
2021-03-20 06:15:00+00:00,1,-1.0,-1.0349402239606658,stop,5.151655587629791,250
2021-03-21 07:15:00+00:00,1,-1.0,-1.0347652340185882,stop,5.1775863180946065,151
2021-03-22 10:30:00+00:00,1,-1.0,-1.038113214262416,stop,4.722771445112681,39
2021-03-23 13:00:00+00:00,1,0.44585690608831274,0.4195191388337663,wick,6.834292302014634,94
2021-03-24 16:00:00+00:00,1,-1.0,-1.0301931937534932,stop,5.961608482679169,26
2021-03-25 17:00:00+00:00,1,0.3271422711443237,0.3074596758932572,wick,9.145135471413328,79
2021-03-26 21:15:00+00:00,1,0.2611079131419159,0.2314852027337864,wick,6.076418988000562,44
2021-03-27 22:00:00+00:00,1,0.5580041168596358,0.5205393414770976,wick,4.80451299019119,144
2021-03-28 22:15:00+00:00,1,0.9609683495729461,0.9240209124832003,wick,4.871785817316036,47
2021-03-30 07:30:00+00:00,1,0.2864810932322984,0.2472650196020346,wick,4.5899546623935965,14
2021-03-31 12:30:00+00:00,1,0.22432335657311236,0.1927988508695447,wick,5.7098436908918515,37
2021-04-01 14:30:00+00:00,1,0.2934094815664284,0.2542919466275636,wick,4.601516948379153,51
2021-04-03 00:15:00+00:00,1,-1.0,-1.050597998651122,stop,3.5574529585867034,90
2021-04-04 00:45:00+00:00,1,0.25386006054935784,0.21688911032376096,wick,4.868687412729165,61
2021-04-05 07:15:00+00:00,1,0.2694111670375474,0.22019063973736244,wick,3.657010801656397,21
2021-04-06 16:30:00+00:00,1,-1.0,-1.0448811163880154,stop,4.010595423781953,80
2021-04-07 18:15:00+00:00,1,0.4225947750197432,0.39028076323076777,wick,5.570338996453874,82
2021-04-08 18:45:00+00:00,1,0.299314030840111,0.25851936489144955,wick,4.412341560206014,68
2021-04-09 23:45:00+00:00,1,1.4527299236722657,1.399598759442963,wick,3.3878421941435066,25
2021-04-11 19:15:00+00:00,1,0.35516039875636296,0.309446246433639,wick,3.937511489423902,48
2021-04-12 19:30:00+00:00,1,0.2863610363424028,0.243531071525697,wick,4.2026651380715405,29
2021-04-13 20:15:00+00:00,1,0.19863870746374554,0.16252487155991513,wick,4.984239294860069,52
2021-04-14 20:30:00+00:00,1,-0.3244073886324558,-0.349502997186006,timeout,7.172569639660539,289
2021-04-16 02:30:00+00:00,1,-1.0,-1.0416118527071,stop,4.325690597508216,29
2021-04-17 05:30:00+00:00,1,-1.0,-1.0414436339124313,stop,4.3432484801002795,77
2021-04-18 06:30:00+00:00,1,-0.07286572282828356,-0.08832230855879175,timeout,11.645521406756492,289
2021-04-19 07:30:00+00:00,1,-1.0,-1.02422824370862,stop,7.429345773666582,267
2021-04-20 10:30:00+00:00,1,0.25987150156979366,0.23820029235851958,wick,8.305950916036478,41
2021-04-21 15:00:00+00:00,1,-1.0,-1.0261854620249653,stop,6.8740433080152314,114
2021-04-22 19:45:00+00:00,1,-1.0,-1.0226946038167766,stop,7.931400849876871,27
2021-04-23 20:30:00+00:00,1,0.4879361432270051,0.470474144011587,wick,10.308098046475019,257
2021-04-25 14:45:00+00:00,1,-1.0,-1.02992061505661,stop,6.015919113274872,28
2021-04-26 16:45:00+00:00,1,0.14878397716776226,0.12148668758480158,wick,6.594061269451392,23
2021-04-28 00:15:00+00:00,1,-1.0,-1.036351495561603,stop,4.951653218640278,176
2021-04-29 04:00:00+00:00,1,0.525631776196805,0.493614316701785,wick,5.621932621730884,137
2021-04-30 04:30:00+00:00,1,0.6363458084615036,0.5997325710849746,wick,4.916254690861875,39
2021-05-01 05:30:00+00:00,1,-1.0,-1.035145368739315,stop,5.1215851890791235,270
2021-05-03 00:30:00+00:00,1,0.33035298034436766,0.28552147030801284,wick,4.015033173186317,7
2021-05-04 07:00:00+00:00,1,0.2404473513764605,0.2125871832478889,wick,6.460836817973235,130
2021-05-05 14:00:00+00:00,1,0.185389409725825,0.1592424913177586,wick,6.884176452108012,6
2021-05-06 15:45:00+00:00,1,0.23897494899730626,0.20807589259472078,wick,5.825420610091461,108
2021-05-07 23:15:00+00:00,1,0.4496277375023835,0.419817650707551,wick,6.038224619701628,55
2021-05-09 02:00:00+00:00,1,-1.0,-1.0326345659937002,stop,5.515624140206061,168
2021-05-10 03:15:00+00:00,1,-1.0,-1.036546231462864,stop,4.925268428371486,66
2021-05-11 04:00:00+00:00,1,0.5600306347051074,0.5387561983626205,wick,8.46085870865232,96
2021-05-12 07:15:00+00:00,1,-1.0,-1.0330738513150923,stop,5.442365882495867,46
2021-05-13 11:30:00+00:00,1,-0.04853967790672859,-0.06338687550794486,timeout,12.123499992029103,289
2021-05-14 13:30:00+00:00,1,-1.0,-1.021068704437503,stop,8.54347739007593,213
2021-05-15 14:15:00+00:00,1,-1.0,-1.0232327567023234,stop,7.747681530276548,115
2021-05-16 17:00:00+00:00,1,-1.0,-1.0218330947627656,stop,8.244364894479958,42
2021-05-17 20:00:00+00:00,1,-1.0,-1.0132621118008345,stop,13.572499063736826,158
2021-05-18 22:45:00+00:00,1,-1.0,-1.0167792431656784,stop,10.727539867125087,35
2021-05-20 04:00:00+00:00,1,0.3060846006527297,0.2999037068127705,wick,29.122001551993876,37
2021-05-21 09:15:00+00:00,1,-1.0,-1.0109937448531499,stop,16.372946835165692,49
2021-05-23 00:30:00+00:00,1,-1.0,-1.0128506008492675,stop,14.00712714614119,63
2021-05-24 01:00:00+00:00,1,0.2717037779006352,0.2619558460155316,wick,18.46545524954573,41
2021-05-25 03:30:00+00:00,1,0.2631277525969939,0.25001869996117854,wick,13.730969353820456,124
2021-05-26 04:45:00+00:00,1,-1.0,-1.017078249150434,stop,10.539722099992012,258
2021-05-27 06:45:00+00:00,1,0.38713041668012493,0.3687585886744232,wick,9.797609685009922,22
2021-05-28 17:45:00+00:00,1,0.19330267455654926,0.17764858141952022,timeout,11.49859007636912,289
2021-05-29 20:45:00+00:00,1,0.3096055146866696,0.2950090784134291,wick,12.331777197561054,42
2021-05-31 07:15:00+00:00,1,0.5330724005337794,0.5107373789123278,wick,8.059092265535147,15
2021-06-01 09:45:00+00:00,1,0.5412284619698056,0.5202156065734707,wick,8.566184680992771,116
2021-06-02 16:00:00+00:00,1,0.3223670284192102,0.2955342804930531,wick,6.70822088350228,59
2021-06-03 23:30:00+00:00,1,-1.0,-1.033964823997251,stop,5.299600551870052,23
2021-06-05 10:15:00+00:00,1,-1.0,-1.0218736143060176,stop,8.229092708765531,247
2021-06-06 15:15:00+00:00,1,-1.0,-1.0263474237799002,stop,6.831787483424387,121
2021-06-07 22:15:00+00:00,1,-1.0,-1.0225604482079707,stop,7.978564891117984,67
2021-06-09 07:00:00+00:00,1,0.7120752943854856,0.6929539277388616,wick,9.4135530857456,42
2021-06-10 10:00:00+00:00,1,-0.5196201736283197,-0.5409909492575956,timeout,8.422717224798207,289
2021-06-11 10:15:00+00:00,1,0.43996524242006263,0.418387809001035,wick,8.342048681344584,240
2021-06-13 06:30:00+00:00,1,0.3823900842142146,0.35517163556661163,wick,6.61316162175363,18
2021-06-14 08:30:00+00:00,1,0.3029424822201976,0.2763105386669547,wick,6.758800747686402,108
2021-06-15 16:15:00+00:00,1,-1.0,-1.0296255700504768,stop,6.075832454643439,198
2021-06-17 06:45:00+00:00,1,-1.0,-1.0311924902454592,stop,5.770619741596382,126
2021-06-18 10:30:00+00:00,1,-1.0,-1.0306090610572054,stop,5.880611615743369,33
2021-06-19 14:45:00+00:00,1,-1.0,-1.0261318605977572,stop,6.88814328113512,79
2021-06-20 15:00:00+00:00,1,0.23607207637722258,0.21126790500061102,wick,7.256843910122561,17
2021-06-21 17:00:00+00:00,1,0.41803090924360864,0.40342555647440914,wick,12.32424870829504,133
2021-06-23 06:30:00+00:00,1,-0.5512626569342872,-0.5655042943587495,timeout,12.638996109451714,289
2021-06-24 09:00:00+00:00,1,0.47165083499696514,0.4519768637265675,wick,9.149144192908118,33
2021-06-25 18:45:00+00:00,1,0.24424631227581248,0.2261049692383149,wick,9.922087886654577,134
2021-06-26 21:45:00+00:00,1,0.5389551328350124,0.5224707223739202,wick,10.919407789853967,26
2021-06-27 22:45:00+00:00,1,0.5915995349734839,0.5678195662342168,wick,7.569395989271059,153
2021-06-29 07:00:00+00:00,1,0.23598903914951566,0.2106406953345098,wick,7.10105564740851,64
2021-06-30 07:45:00+00:00,1,-1.0,-1.0283058743426479,stop,6.359104043954492,143
2021-07-02 05:00:00+00:00,1,1.248829089514303,1.2218233402395866,wick,6.665247394876786,260
2021-07-05 04:30:00+00:00,1,0.4493711477393126,0.4108360549929664,wick,4.671066998199119,114
2021-07-06 12:30:00+00:00,1,0.31213479468436245,0.2830306920426664,wick,6.184695065709482,79
2021-07-07 22:30:00+00:00,1,-1.0,-1.039367308560454,stop,4.572321720281815,37
2021-07-09 05:15:00+00:00,1,0.40854683150243,0.3767044952038599,wick,5.652851546828335,67
2021-07-12 01:45:00+00:00,1,-1.0,-1.045858674153162,stop,3.92510257489835,69
2021-07-13 07:15:00+00:00,1,-1.0,-1.0429480991960784,stop,4.191105156440451,81
2021-07-16 12:00:00+00:00,1,0.4792959482448233,0.4405425142492548,wick,4.644749676134071,5
2021-07-18 01:30:00+00:00,1,-1.0,-1.0435773608646444,stop,4.13058515771752,141
2021-07-21 16:45:00+00:00,1,0.9191421281307217,0.8820419840695629,wick,4.851733182040309,267
2021-07-23 17:30:00+00:00,1,1.2802789311389176,1.2341697711391262,wick,3.9037796394645783,72
2021-07-24 23:45:00+00:00,1,2.6325086638005804,2.590917694380057,wick,4.32786257468618,102
2021-07-26 02:30:00+00:00,1,0.25861438502759987,0.24721590494092993,wick,15.79157910803414,197
2021-07-27 06:00:00+00:00,1,0.66656468854814,0.650485205694215,wick,11.19438987156617,87
2021-07-28 10:45:00+00:00,1,0.4965074435137077,0.4752461268754639,wick,8.466079644203461,250
2021-07-30 02:00:00+00:00,1,0.7354087974113912,0.7047468240996834,wick,5.87046365770822,93
2021-07-31 17:45:00+00:00,1,-1.0,-1.0322504752094523,stop,5.581313107201723,172
2021-08-01 18:00:00+00:00,1,-1.0,-1.0361005987473497,stop,4.986066886583548,73
2021-08-03 16:00:00+00:00,1,0.7404280804889132,0.7110328054600665,wick,6.1234330967599115,122
2021-08-05 07:00:00+00:00,1,-1.0,-1.0410364228653635,stop,4.386347235736469,24
2021-08-07 02:00:00+00:00,1,0.19001741163470964,0.1633242440426173,wick,6.74329861298753,73
2021-08-08 21:45:00+00:00,1,0.5768454740244249,0.5512943684785803,wick,7.044704961084287,66
2021-08-09 23:00:00+00:00,1,-0.5770064624567947,-0.6019740649637595,timeout,7.209342585047497,289
2021-08-11 09:30:00+00:00,1,-1.0,-1.0345862819213176,stop,5.20437555009506,125
2021-08-12 17:00:00+00:00,1,1.495007313955256,1.4618580006595054,wick,5.429976735689263,110
2021-08-14 22:30:00+00:00,1,-1.0,-1.0363533021083084,stop,4.951407150407438,280
2021-08-16 00:00:00+00:00,1,-1.0,-1.036633221178366,stop,4.913572822973587,178
2021-08-17 01:30:00+00:00,1,0.27670576879217007,0.240968958211186,wick,5.036823294347925,43
2021-08-18 04:15:00+00:00,1,0.26378197956907606,0.23299047607798265,wick,5.845768461811743,51
2021-08-19 04:30:00+00:00,1,0.5404469580187071,0.5074846431408232,wick,5.4607815217726365,47
2021-08-20 04:45:00+00:00,1,0.7567145255666665,0.7191686082188733,wick,4.794129767362838,81
2021-08-21 08:15:00+00:00,1,0.38546362431675596,0.342143633282015,wick,4.155125513660588,167
2021-08-22 08:45:00+00:00,1,0.39537806509181506,0.3491150629798209,wick,3.89079808448776,69
2021-08-24 01:00:00+00:00,1,-1.0,-1.0467550669558103,stop,3.8498501172102664,128
2021-08-25 02:00:00+00:00,1,0.35478611502881335,0.31611832706280646,wick,4.655037421800266,69
2021-08-26 06:15:00+00:00,1,0.6368828137285728,0.6050849546377925,wick,5.660758464465017,154
2021-08-27 09:45:00+00:00,1,0.7509927492514833,0.71537830574431,wick,5.0541292316906645,44
2021-08-28 17:15:00+00:00,1,-1.0,-1.053221848040758,stop,3.382069706827039,216
2021-08-30 06:00:00+00:00,1,0.36555532031963894,0.32303024255465135,wick,4.232796492337057,240
2021-08-31 21:45:00+00:00,1,0.7123718486879511,0.6734953189085677,wick,4.6300428824656965,81
2021-09-02 01:45:00+00:00,1,0.23518438076062398,0.194168064029347,timeout,4.388497416267052,289
2021-09-03 03:15:00+00:00,1,0.304461905595432,0.26503040744205186,wick,4.564878547090406,78
2021-09-04 03:45:00+00:00,1,0.5552188837492321,0.5173264836753062,wick,4.750292925463427,166
2021-09-05 08:45:00+00:00,1,0.4711295696538366,0.42172786567753895,wick,3.643599016065556,48
2021-09-06 22:00:00+00:00,1,0.3526012498178992,0.29502913736879366,wick,3.1265137293532916,22
2021-09-08 02:00:00+00:00,1,-0.35721037208258155,-0.37436557852833535,timeout,10.492441496940001,289
2021-09-09 04:15:00+00:00,1,-0.21676893968349042,-0.24160209033372107,timeout,7.2483754693578595,289
2021-09-10 08:15:00+00:00,1,-0.8243602725890185,-0.8625324357082159,timeout,4.715478120480803,289
2021-09-11 09:00:00+00:00,1,0.3502163944899699,0.31641437118633414,wick,5.325125019384247,95
2021-09-12 12:00:00+00:00,1,-1.0,-1.0451071199366022,stop,3.9905008400666837,79
2021-09-13 15:30:00+00:00,1,0.44715297817393446,0.42639910755770477,wick,8.67308095576344,69
2021-09-14 23:00:00+00:00,1,0.36897910434676096,0.32982657054125114,wick,4.597403603407891,78
2021-09-16 00:00:00+00:00,1,0.07499996053779852,0.02564349197930116,timeout,3.646938390388764,289
2021-09-17 02:00:00+00:00,1,-0.398332903273308,-0.4396763839321612,timeout,4.353769859999809,289
2021-09-18 04:30:00+00:00,1,-1.0,-1.0436013923349,stop,4.1283085323842466,185
2021-09-19 06:45:00+00:00,1,-1.0,-1.0547374366817337,stop,3.288425818084892,80
2021-09-21 08:00:00+00:00,1,0.3662462038024392,0.3468609746242429,wick,9.285420272588595,252
2021-09-22 11:00:00+00:00,1,0.4642033931805898,0.44378724648542145,wick,8.816551070462216,76
2021-09-23 14:30:00+00:00,1,0.24130165849691798,0.21320594729016926,wick,6.406671775468816,34
2021-09-24 17:00:00+00:00,1,0.40450010343662224,0.3844021527403364,wick,8.95613700720563,213
2021-09-26 03:30:00+00:00,1,0.6504362040412203,0.6156638993772096,wick,5.176533500993387,75
2021-09-27 05:15:00+00:00,1,-1.0,-1.0315430450451426,stop,5.706487745314199,107
2021-09-28 12:30:00+00:00,1,0.3261649254976427,0.29450203032766725,wick,5.684887595834451,148
2021-09-29 15:00:00+00:00,1,0.3164875803158707,0.28073341002323543,wick,5.034377767034263,42
2021-09-30 15:15:00+00:00,1,0.31215117517743335,0.2789164806731973,wick,5.416026916602394,15
2021-10-01 16:00:00+00:00,1,0.15128757399617507,0.12397503849752661,wick,6.59038045035794,88
2021-10-02 20:00:00+00:00,1,0.32051365601868487,0.27215026603994225,wick,3.721823471826855,89
2021-10-03 22:30:00+00:00,1,0.3400831961430525,0.298397648864689,wick,4.318043344807597,77
2021-10-04 23:30:00+00:00,1,1.9216790700226891,1.890284833820596,wick,5.733536526937364,151
2021-10-06 01:45:00+00:00,1,1.393776890861041,1.35754995767922,wick,4.968678941068242,46
2021-10-07 03:00:00+00:00,1,0.18204737518990008,0.15376480837148082,wick,6.364344550324674,119
2021-10-08 06:30:00+00:00,1,0.5748138810725822,0.5384716933082496,wick,4.9529214137366235,9
2021-10-09 12:30:00+00:00,1,0.28218047977819943,0.2438071018721158,wick,4.690752021897532,67
2021-10-10 13:30:00+00:00,1,0.2097976879460944,0.17114961526104736,wick,4.657412064680835,55
2021-10-11 20:30:00+00:00,1,-1.0,-1.037989096916904,stop,4.738201605416547,95
2021-10-12 22:15:00+00:00,1,0.24370395909209638,0.21478927397070488,wick,6.225210450824979,75
2021-10-14 01:45:00+00:00,1,0.40688655179934374,0.374492320454112,wick,5.556544870032703,111
2021-10-15 03:30:00+00:00,1,0.7242829808485755,0.6930818234696023,wick,5.769016764785292,55
2021-10-16 05:30:00+00:00,1,0.004329752712517029,-0.025607609501992923,timeout,6.0125537684398305,289
2021-10-17 09:45:00+00:00,1,0.24344327585849224,0.20110928951369691,wick,4.251902916346308,90
2021-10-18 16:15:00+00:00,1,0.3761238884502318,0.3480307414282686,wick,6.407256540510617,110
2021-10-19 17:15:00+00:00,1,0.9845212056415791,0.9514253328614262,wick,5.438744619176299,87
2021-10-20 21:15:00+00:00,1,-1.0,-1.0384284249520594,stop,4.684032723811991,69
2021-10-22 05:00:00+00:00,1,-0.2691604606666461,-0.29666457984798533,timeout,6.54447425904571,289
2021-10-23 05:45:00+00:00,1,0.5123446508555776,0.47916969371628026,wick,5.425779428868701,200
2021-10-24 06:15:00+00:00,1,0.36410399247113834,0.31898888690582194,wick,3.9897944988602787,96
2021-10-25 06:45:00+00:00,1,0.26498093994429545,0.22342075631930275,wick,4.331068448209526,4
2021-10-26 15:15:00+00:00,1,-1.0,-1.0487290666436453,stop,3.6938938583892202,68
2021-10-28 03:15:00+00:00,1,0.5585135298322458,0.5250610088724478,wick,5.380760398186952,34
2021-10-29 06:15:00+00:00,1,0.3934059699459871,0.36609399003616305,wick,6.590514513935126,41
2021-10-30 09:00:00+00:00,1,0.07253871883878309,0.030638224759358193,wick,4.2958920641555975,19
2021-10-31 13:45:00+00:00,1,0.5828413075589338,0.5396076688634608,wick,4.163424718143086,89
2021-11-01 19:30:00+00:00,1,0.7453502107493284,0.7074817680597953,wick,4.753298187510431,75
2021-11-02 21:30:00+00:00,1,-0.6667372538284291,-0.705293706357593,timeout,4.668479286673188,289
2021-11-03 21:45:00+00:00,1,-0.5084307133746002,-0.5412166114612051,timeout,5.490165299865344,289
2021-11-05 01:45:00+00:00,1,0.4287015363894193,0.38972150928377003,wick,4.617749482629609,269
2021-11-06 03:00:00+00:00,1,0.359046723859136,0.3101731950210209,wick,3.682975309522217,93
2021-11-07 03:15:00+00:00,1,0.3295155143769638,0.2752478660891046,wick,3.3168933181921156,71
2021-11-08 03:45:00+00:00,1,0.2902604770334791,0.2448095037340326,wick,3.960311230611027,28
2021-11-09 05:45:00+00:00,1,-1.0,-1.0406148325158786,stop,4.4318784259328785,157
2021-11-10 14:15:00+00:00,1,-1.0,-1.0381253573940434,stop,4.7212672169762415,27
2021-11-11 15:15:00+00:00,1,-0.30519691318405384,-0.3362893589891951,timeout,5.789187545041448,289
2021-11-12 15:45:00+00:00,1,0.507924763413198,0.47312419758764596,wick,5.172329694359052,98
2021-11-13 19:00:00+00:00,1,0.3244743756166862,0.27545490366135833,wick,3.672010179220956,25
2021-11-14 19:30:00+00:00,1,0.8152765653892649,0.7661531222265328,wick,3.6642382620393863,20
2021-11-15 19:45:00+00:00,1,-1.0,-1.048053355542224,stop,3.745836226605141,22
2021-11-17 05:00:00+00:00,1,0.28823094206097377,0.2633730330549272,wick,7.241156122834619,83
2021-11-18 10:00:00+00:00,1,-1.0,-1.0349489133901288,stop,5.150374719542512,67
2021-11-19 13:30:00+00:00,1,0.4013633551177972,0.3727761103296497,wick,6.296514453698919,52
2021-11-20 18:30:00+00:00,1,-1.0,-1.046428525802669,stop,3.876926886824657,133
2021-11-21 23:00:00+00:00,1,-1.0,-1.0470356287928713,stop,3.8268862268783095,25
2021-11-23 00:30:00+00:00,1,0.33131928977841724,0.30381427701833397,wick,6.544261643144031,195
2021-11-24 21:00:00+00:00,1,0.19870691752905914,0.16056256905211014,wick,4.718916620342219,17
2021-11-26 00:15:00+00:00,1,-1.0,-1.0463428598604274,stop,3.884093483701967,31
2021-11-27 01:30:00+00:00,1,0.2198760438859838,0.189550457421501,wick,5.935581829911688,173
2021-11-28 04:00:00+00:00,1,0.2719653786354133,0.23566329635187774,wick,4.958393256731643,67
2021-11-29 12:45:00+00:00,1,0.6050993760951613,0.567164118849377,wick,4.7449263051986605,23
2021-11-30 17:45:00+00:00,1,-0.5703147769189644,-0.5971184253709506,timeout,6.715503686837127,289
2021-12-01 19:30:00+00:00,1,-1.0,-1.030783623663235,stop,5.847264830455108,193
2021-12-02 20:45:00+00:00,1,-1.0,-1.0334241896452665,stop,5.385321287078434,92
2021-12-04 03:00:00+00:00,1,-1.0,-1.0242779135537126,stop,7.4141461786560585,8
2021-12-05 03:30:00+00:00,1,0.34174908301979884,0.32294372476123756,wick,9.571740007561596,184
2021-12-06 04:00:00+00:00,1,0.49647828323308246,0.4709414879715958,wick,7.048652665961852,86
2021-12-07 04:30:00+00:00,1,-1.0,-1.0261705480291226,stop,6.877960667835331,249
2021-12-08 12:00:00+00:00,1,0.6184267768694038,0.5839026767638,wick,5.213749220092864,14
2021-12-09 12:15:00+00:00,1,0.08401398549706322,0.05285053102619307,timeout,5.7759963731958495,289
2021-12-10 13:15:00+00:00,1,-0.2512904268150315,-0.28180278419311144,timeout,5.899249204825844,289
2021-12-12 03:15:00+00:00,1,-1.0,-1.0342888873922373,stop,5.249514163027345,161
2021-12-13 06:00:00+00:00,1,-1.0,-1.0360379157486526,stop,4.994739464274666,42
2021-12-14 08:15:00+00:00,1,0.2179751153323133,0.18881090996066316,wick,6.171949405313606,17
2021-12-15 12:15:00+00:00,1,0.3310762286505053,0.29337907134012053,wick,4.774895850048986,58
2021-12-16 12:30:00+00:00,1,-1.0,-1.0371610065615664,stop,4.843786986818712,103
2021-12-17 13:30:00+00:00,1,0.26044547273417257,0.22042527289112673,wick,4.49772866467277,153
2021-12-18 15:30:00+00:00,1,0.2456050703352203,0.214679356147361,wick,5.820399131498915,49
2021-12-19 17:15:00+00:00,1,0.598509708349863,0.5648034877210009,wick,5.340260540686923,156
2021-12-20 18:15:00+00:00,1,0.33330890347926334,0.29981165859472525,wick,5.373576263374593,11
2021-12-21 23:00:00+00:00,1,0.6951436732939318,0.6543457684804082,wick,4.411991273148267,178
2021-12-23 00:45:00+00:00,1,0.2777775139495452,0.2328524170577694,wick,4.0066691549629505,62
2021-12-24 01:45:00+00:00,1,-0.20905414562532995,-0.2519208739318831,timeout,4.1990608360116655,289
2021-12-25 02:30:00+00:00,1,0.3829996489805202,0.33811068614945233,wick,4.009894384893677,254
2021-12-26 08:30:00+00:00,1,0.45894739759597875,0.4036820743071144,wick,3.257015236465087,54
2021-12-27 13:30:00+00:00,1,0.2885954016237073,0.2339210373926982,wick,3.292219352372667,18
2021-12-28 13:45:00+00:00,1,-1.0,-1.042000058573248,stop,4.285708308860582,90
2021-12-29 20:00:00+00:00,1,0.36408779625238896,0.3275193286190367,wick,4.922273522772145,162
2021-12-30 23:15:00+00:00,1,0.3919997048725666,0.3545153471348499,wick,4.802003045096441,53
2022-01-01 07:45:00+00:00,1,0.193278810887235,0.15757176070111378,wick,5.041021284641522,134
2022-01-02 08:30:00+00:00,1,0.21038220936578697,0.16414729654525023,wick,3.893161877447018,35
2022-01-03 10:15:00+00:00,1,-1.0,-1.0531829128725112,stop,3.384545717371512,131
2022-01-04 15:00:00+00:00,1,-1.0,-1.0459328988700758,stop,3.9187598524783165,16
2022-01-05 20:45:00+00:00,1,-1.0,-1.0282796468743787,stop,6.365001684765738,127
2022-01-06 21:30:00+00:00,1,-1.0,-1.0332576611095095,stop,5.412286793328706,74
2022-01-08 09:15:00+00:00,1,-1.0,-1.0350734312556424,stop,5.132089834268553,213
2022-01-09 17:30:00+00:00,1,-1.0,-1.0375909461529165,stop,4.7883870564943125,84
2022-01-11 03:30:00+00:00,1,0.3031132002422662,0.2751291211788037,wick,6.432228825247209,66
2022-01-12 13:00:00+00:00,1,0.3343311359005982,0.2934169992957338,wick,4.3994573743149505,4
2022-01-14 12:45:00+00:00,1,0.5136675127598542,0.46975882789383716,wick,4.099416790761372,15
2022-01-16 00:30:00+00:00,1,-1.0,-1.0505604314857846,stop,3.560096199942598,184
2022-01-17 18:45:00+00:00,1,0.562594972969493,0.5080686520715214,timeout,3.301157991877208,289
2022-01-19 12:15:00+00:00,1,0.4815285908213507,0.43973534559225513,wick,4.306916082091846,124
2022-01-20 13:15:00+00:00,1,0.6759125681882615,0.6196743752251076,wick,3.2006718302263426,24
2022-01-22 15:15:00+00:00,1,0.21022601467440735,0.19408781063869412,wick,11.15365747029019,208
2022-01-23 20:45:00+00:00,1,0.28663554762874655,0.2615646634070768,wick,7.179643063582858,18
2022-01-25 02:00:00+00:00,1,0.42044475107077245,0.403627087269759,wick,10.703032367025477,126
2022-01-26 03:30:00+00:00,1,0.24297314382152646,0.21636915604512422,wick,6.7659029733753,24
2022-01-27 07:00:00+00:00,1,0.303353617808787,0.2803880146334238,wick,7.837808509775971,31
2022-01-28 16:00:00+00:00,1,0.24667910676663385,0.2196233078828378,wick,6.652917578708186,24
2022-01-29 20:45:00+00:00,1,-1.0,-1.0409348860055962,stop,4.3972273423551735,114
2022-01-31 06:30:00+00:00,1,1.1400102194113944,1.098622874283345,wick,4.3491555073922585,128
2022-02-02 16:30:00+00:00,1,0.3975111903126487,0.35881680402501404,wick,4.651837573077661,153
2022-02-04 02:00:00+00:00,1,0.4234795907238378,0.3863844561187837,wick,4.852388376978027,19
2022-02-07 19:15:00+00:00,1,0.32498446265720304,0.2921129756893503,wick,5.475870324212413,276
2022-02-08 21:45:00+00:00,1,-0.5871333074170233,-0.613662073730775,timeout,6.7850874733927435,289
2022-02-10 01:45:00+00:00,1,0.33785532741827823,0.3031762354016803,wick,5.190447313725787,58
2022-02-11 02:00:00+00:00,1,-0.4210710589477069,-0.4441539032580164,timeout,7.797999136510521,289
2022-02-12 07:15:00+00:00,1,0.6550474027229337,0.6211097556388633,timeout,5.303844416618028,289
2022-02-13 17:30:00+00:00,1,1.1075254426422672,1.059450624035562,wick,3.744163893213203,157
2022-02-14 20:15:00+00:00,1,0.9902903994057465,0.9485932924736804,wick,4.316846257301749,50
2022-02-15 20:30:00+00:00,1,-1.0,-1.0506362362810577,stop,3.5547665707400853,164
2022-02-16 21:30:00+00:00,1,-1.0,-1.0476067859209823,stop,3.7809735842861465,64
2022-02-18 12:15:00+00:00,1,-1.0,-1.0390277817435716,stop,4.612099175471298,172
2022-02-19 17:45:00+00:00,1,-1.0,-1.043879384920317,stop,4.102154128342319,59
2022-02-20 21:45:00+00:00,1,0.4121705930570876,0.3639348633935163,wick,3.731673621513391,6
2022-02-22 00:45:00+00:00,1,0.45271902640964684,0.43281831044423974,wick,9.044900711757766,141
2022-02-23 02:15:00+00:00,1,0.24205591115191127,0.21359610041714813,wick,6.324708258868819,39
2022-02-24 11:00:00+00:00,1,1.1588724103830077,1.1387156499544426,wick,8.93000641833861,37
2022-02-25 15:45:00+00:00,1,0.1692506954555872,0.14665422436735678,wick,7.965845609129407,36
2022-02-26 17:00:00+00:00,1,0.7581867129161913,0.7270384127582217,wick,5.778806518722503,189
2022-02-27 17:30:00+00:00,1,0.7587867821223531,0.729176629934969,wick,6.078996111228772,91
2022-02-28 23:15:00+00:00,1,-0.189241065518922,-0.20935730293273375,timeout,8.947995407750195,289
2022-03-01 23:30:00+00:00,1,-1.0,-1.0262631104079403,stop,6.853719807139838,199
2022-03-03 10:45:00+00:00,1,0.28802649339084424,0.2547398565031875,wick,5.407575436578488,14
2022-03-04 23:45:00+00:00,1,-0.4335084543859738,-0.4584457710465114,timeout,7.2180981799394415,289
2022-03-06 09:15:00+00:00,1,-1.0,-1.0458457771965826,stop,3.9262067524382007,71
2022-03-07 10:45:00+00:00,1,0.3781868757517689,0.3451871391984145,wick,5.454588999793187,13
2022-03-08 18:15:00+00:00,1,0.9038206919058287,0.8789839147391145,wick,7.247317105265701,56
2022-03-09 23:45:00+00:00,1,-1.0,-1.0314390934900501,stop,5.725355918960157,20
2022-03-11 07:30:00+00:00,1,0.2847767908863834,0.2556595920381854,wick,6.181913340580136,18
2022-03-12 08:00:00+00:00,1,0.11629425435410194,0.07897888036897029,wick,4.8237490550602855,252
2022-03-13 08:45:00+00:00,1,-1.0,-1.056253980362967,stop,3.199773577595538,57
2022-03-14 09:00:00+00:00,1,0.1398151927527285,0.10075996004608154,wick,4.6088574443282,56
2022-03-15 16:30:00+00:00,1,0.9394902525720488,0.9028157329568146,wick,4.908039747717108,41
2022-03-16 22:00:00+00:00,1,0.24819094769584052,0.22646181406489188,wick,8.283809334378036,185
2022-03-18 16:30:00+00:00,1,0.37258138642597005,0.32755041166505455,wick,3.9972485817968666,15
2022-03-19 20:00:00+00:00,1,-1.0,-1.0602957735426572,stop,2.985283866914088,123
2022-03-21 08:00:00+00:00,1,1.206117703693981,1.158768458212185,wick,3.801538929890733,83
2022-03-22 08:15:00+00:00,1,0.2118961750218306,0.1769439055285709,wick,5.149880182593342,16
2022-03-23 08:30:00+00:00,1,0.3764741851611612,0.33269272651244,wick,4.111329443000581,62
2022-03-24 08:45:00+00:00,1,0.45411089421471584,0.41144806147806734,wick,4.219129121385676,30
2022-03-25 09:45:00+00:00,1,0.48413361769351726,0.4316802748955016,wick,3.431621139821988,16
2022-03-27 21:30:00+00:00,1,0.19598860900719542,0.14770739840895983,wick,3.728158382312353,4
2022-03-29 00:15:00+00:00,1,0.28127825634615755,0.24132671539625453,wick,4.50545825568305,47
2022-03-30 02:30:00+00:00,1,-1.0,-1.044083799266762,stop,4.083132647228871,182
2022-03-31 04:15:00+00:00,1,-1.0,-1.0534706752344845,stop,3.366331156482453,63
2022-04-01 08:15:00+00:00,1,0.966570022696383,0.9231793927113727,wick,4.1483610646395865,67
2022-04-02 19:45:00+00:00,1,-0.07425315988971086,-0.11870070552549547,timeout,4.049717423656402,289
2022-04-04 03:15:00+00:00,1,-1.0,-1.0425606187376368,stop,4.229261823226837,235
2022-04-05 17:45:00+00:00,1,-1.0,-1.047521629099772,stop,3.7877489347448194,81
2022-04-07 01:30:00+00:00,1,0.20450460390516356,0.17323669083885346,wick,5.7567001551485895,126
2022-04-10 17:45:00+00:00,1,-1.0,-1.0796717895656638,stop,2.2592689455236576,20
2022-04-12 06:00:00+00:00,1,0.20943898004306832,0.1774884059574701,wick,5.633701589140936,130
2022-04-13 07:30:00+00:00,1,0.21752071953246682,0.17909166906903096,wick,4.68395648160146,28
2022-04-14 09:45:00+00:00,1,-1.0,-1.0506699007499922,stop,3.552404826844425,37
2022-04-15 10:00:00+00:00,1,-1.0,-1.050151838009118,stop,3.589100761716339,266
2022-04-16 16:15:00+00:00,1,-1.0,-1.071651693188574,stop,2.512152776714894,145
2022-04-17 18:45:00+00:00,1,-1.0,-1.0728610330992099,stop,2.470456324094478,39
2022-04-20 13:00:00+00:00,1,0.4694822942362364,0.41412302966245973,wick,3.2514882808841516,99
2022-04-22 14:00:00+00:00,1,-1.0,-1.0433328689744246,stop,4.153890666833944,261
2022-04-25 02:00:00+00:00,1,0.5342777765941807,0.4870635997950304,wick,3.812414240869264,68
2022-04-26 15:15:00+00:00,1,-0.2078685121546872,-0.24598722450582913,timeout,4.722090251682065,289
2022-04-27 16:30:00+00:00,1,-0.3416692024732172,-0.3735156021128471,timeout,5.65213028903922,289
2022-04-28 18:00:00+00:00,1,-1.0,-1.0324247776144138,stop,5.55131023998094,213
2022-05-01 04:00:00+00:00,1,0.6499780689517463,0.6029603963215135,wick,3.828347723963241,101
2022-05-02 07:45:00+00:00,1,0.38291109200830215,0.3364291014503111,timeout,3.8724675479513166,289
2022-05-04 03:30:00+00:00,1,0.6491488185247541,0.5963266209198296,wick,3.40765829824579,21
2022-05-06 12:45:00+00:00,1,-1.0,-1.0312572482128024,stop,5.758664319217807,210
2022-05-07 13:00:00+00:00,1,-1.0,-1.0524185515093516,stop,3.4338987785247714,40
2022-05-09 00:15:00+00:00,1,-1.0,-1.0327037506970849,stop,5.5039558510347035,62
2022-05-10 05:00:00+00:00,1,-1.0,-1.015410577628704,stop,11.68028897662662,190
2022-05-12 12:45:00+00:00,1,0.44949716164100545,0.4396008756625967,wick,18.18864171798546,67
2022-05-13 22:15:00+00:00,1,0.302693830226398,0.2842403470076612,wick,9.754256032120628,185
2022-05-14 23:45:00+00:00,1,0.3542392688439805,0.33105907943919927,wick,7.765251476455698,83
2022-05-16 21:45:00+00:00,1,0.0549700597502275,0.031629540112422666,timeout,7.711910565540816,289
2022-05-18 06:15:00+00:00,1,-0.4289824006354004,-0.4597757111530936,timeout,5.845425417854159,289
2022-05-19 10:15:00+00:00,1,0.6931337408858979,0.661830810077879,timeout,5.750260290448263,289
2022-05-20 19:45:00+00:00,1,0.4250544015811242,0.39602219822448387,wick,6.200011683192826,171
2022-05-22 12:30:00+00:00,1,-1.0,-1.0491618088623575,stop,3.661378703618522,140
2022-05-23 18:15:00+00:00,1,-1.0,-1.040642434199139,stop,4.4288685839544035,80
2022-05-25 02:45:00+00:00,1,-1.0,-1.0401698604228982,stop,4.480971507120146,138
2022-05-26 09:30:00+00:00,1,-0.07648425348597693,-0.11283444296991285,timeout,4.951831133632649,289
2022-05-27 09:45:00+00:00,1,0.9672516211652725,0.9350453065199986,wick,5.588966076452779,275
2022-05-28 13:30:00+00:00,1,1.2979652012328133,1.2523529894719392,wick,3.9463115918093483,164
2022-05-31 16:45:00+00:00,1,-1.0,-1.0356501787438745,stop,5.049063043784245,94
2022-06-01 17:45:00+00:00,1,-0.2748329701160721,-0.3089956846735001,timeout,5.268902144688107,289
2022-06-05 17:45:00+00:00,1,1.027942201083588,0.9653984511886371,wick,2.8779854150467474,36
2022-06-07 20:15:00+00:00,1,-1.0,-1.0326197166926998,stop,5.518134988593667,209
2022-06-09 14:00:00+00:00,1,-1.0,-1.0425026822543417,stop,4.235026837197137,106
2022-06-10 19:00:00+00:00,1,-1.0,-1.0346697230251318,stop,5.191849957079818,127
2022-06-12 16:15:00+00:00,1,-1.0,-1.0283563627240109,stop,6.347781686668327,35
2022-06-14 14:00:00+00:00,1,-0.5043651108795636,-0.5159489260908781,timeout,15.538921910993933,289
2022-06-15 22:00:00+00:00,1,-1.0,-1.0107875367961496,stop,16.68592222686514,271
2022-06-17 07:45:00+00:00,1,-1.0,-1.017675868671499,stop,10.183375049070982,95
2022-06-18 09:30:00+00:00,1,0.41726150487890207,0.39915830295964805,wick,9.942992449780794,163
2022-06-19 19:45:00+00:00,1,0.18611599562824802,0.1721640924346164,wick,12.90146566399351,56
2022-06-20 20:15:00+00:00,1,0.3205699774542595,0.3044287788241794,wick,11.151588189030692,38
2022-06-22 16:30:00+00:00,1,0.4797553790012324,0.45943537750092117,wick,8.85826706249225,122
2022-06-23 22:45:00+00:00,1,0.04486912912787735,0.018400753096335865,timeout,6.800568338061239,289
2022-06-25 12:45:00+00:00,1,-0.2018830410063609,-0.23814416818886888,timeout,4.963993510020568,289
2022-06-26 23:00:00+00:00,1,-1.0,-1.0414177602713117,stop,4.345961703889569,180
2022-06-28 10:30:00+00:00,1,-1.0,-1.0418066119982219,stop,4.305539037883668,55
2022-06-29 11:00:00+00:00,1,-1.0,-1.0350664148092172,stop,5.133116715219115,89
2022-06-30 11:30:00+00:00,1,0.009894288873616207,-0.021870095704277268,timeout,5.6667239863753425,289
2022-07-02 09:45:00+00:00,1,0.7491592514620421,0.7175664671682865,wick,5.697503528854147,214
2022-07-03 10:00:00+00:00,1,0.9216279037608256,0.8839750348153712,wick,4.78051221703069,117
2022-07-04 23:00:00+00:00,1,0.696223593442865,0.6612046472125119,wick,5.140074713155797,257
2022-07-06 14:00:00+00:00,1,0.5242037112617713,0.4950401161556639,wick,6.172078557019343,101
2022-07-08 03:45:00+00:00,1,-1.0,-1.0278748368610073,stop,6.457436895417053,242
2022-07-10 14:00:00+00:00,1,-1.0,-1.0460845686786036,stop,3.9058627467109606,128
2022-07-12 05:15:00+00:00,1,-1.0,-1.040122831626926,stop,4.486223745963232,126
2022-07-14 07:00:00+00:00,1,0.6293709007214535,0.6023053831296117,wick,6.650528643658972,104
2022-07-17 19:45:00+00:00,1,0.7812713177224591,0.7477925559874746,wick,5.3765429386208305,91
2022-07-19 03:15:00+00:00,1,0.3476300944737814,0.3266327211364275,wick,8.572500812746107,50
2022-07-20 15:00:00+00:00,1,-1.0,-1.0248909033118379,stop,7.231557559198524,94
2022-07-21 20:00:00+00:00,1,-0.3138905745830898,-0.339295994073881,timeout,7.085102454822495,289
2022-07-23 17:30:00+00:00,1,-1.0,-1.0354968913132125,stop,5.070866584111309,221
2022-07-25 09:00:00+00:00,1,-1.0,-1.0380751262984744,stop,4.727495808916393,63
2022-07-26 12:15:00+00:00,1,0.7782651549365314,0.7409860581265353,wick,4.828443159914067,120
2022-07-28 05:30:00+00:00,1,0.47292581331592803,0.44274905107616913,wick,5.964854631185182,42
2022-07-29 06:45:00+00:00,1,-0.7525874371340504,-0.7847098597515871,timeout,5.603562413182745,289
2022-08-01 11:30:00+00:00,1,-0.23014079301557444,-0.2735690182027362,timeout,4.144769886963085,289
2022-08-02 16:30:00+00:00,1,-0.3054234986592087,-0.34339713316817283,timeout,4.74013094420838,289
2022-08-04 01:15:00+00:00,1,-0.16117308104424438,-0.20072707106532178,timeout,4.550741907556791,289
2022-08-05 03:15:00+00:00,1,0.24618774427092488,0.20460191106896072,timeout,4.328397104028645,289
2022-08-07 00:45:00+00:00,1,1.5433290417472418,1.4758525087234484,wick,2.6675940795080395,128
2022-08-08 09:00:00+00:00,1,-1.0,-1.0624655465686053,stop,2.881588489781448,102
2022-08-09 14:45:00+00:00,1,1.026797038700905,0.978654836642397,wick,3.738923279438751,90
2022-08-11 01:15:00+00:00,1,0.43475604360067427,0.39787799575808236,wick,4.880952505086535,46
2022-08-12 16:15:00+00:00,1,0.8190367915064571,0.7763357297085983,wick,4.21535185359315,244
2022-08-15 07:30:00+00:00,1,-0.5446773008522299,-0.5810410861131414,timeout,4.949979731441414,289
2022-08-16 09:15:00+00:00,1,-1.0,-1.0434165500521593,stop,4.145884456129146,252
2022-08-19 22:15:00+00:00,1,-0.08313334393315502,-0.11365574717291377,timeout,5.897307580470282,289
2022-08-22 09:00:00+00:00,1,0.5759560184438258,0.5309378458187776,timeout,3.9983853076223594,289
2022-08-27 06:00:00+00:00,1,0.2665267497256131,0.22963364021468397,timeout,4.87895984876735,289
2022-08-28 06:15:00+00:00,1,0.3068066225831648,0.25571083821452906,timeout,3.5227955148192174,289
2022-08-31 01:45:00+00:00,1,-0.24129655572006717,-0.27931461293548826,timeout,4.73459227493054,289
2022-09-01 04:30:00+00:00,1,-0.2755702254714086,-0.31320906975707796,timeout,4.782293490040371,289
2022-09-02 11:45:00+00:00,1,-0.4921376530753296,-0.5430662766937939,timeout,3.5343582294405547,289
2022-09-06 01:00:00+00:00,1,-1.0,-1.0674326939034928,stop,2.6693283269627277,65
2022-09-07 19:00:00+00:00,1,2.4075178348154243,2.359007721725338,wick,3.7105664888005587,152
2022-09-09 11:00:00+00:00,1,0.9419340663253507,0.9073909093489033,timeout,5.210872883527393,289
2022-09-12 07:45:00+00:00,1,-1.0,-1.035235988312838,stop,5.108413545886498,125
2022-09-13 22:00:00+00:00,1,-0.2637736031351864,-0.28704919411815344,timeout,7.7334234018686425,289
2022-09-15 04:00:00+00:00,1,-0.046414438586421414,-0.07933270965617376,timeout,5.468087908340875,289
2022-09-17 16:45:00+00:00,1,-1.0,-1.0613225287306334,stop,2.9352996969624643,114
2022-09-19 14:15:00+00:00,1,-0.09479248064084407,-0.12580011025597648,timeout,5.805022900304382,289
2022-09-20 16:00:00+00:00,1,-1.0,-1.0329828591623047,stop,5.457380123240421,122
2022-09-22 17:00:00+00:00,1,-0.07406305507652562,-0.1000299867033557,timeout,6.931893324431787,289
2022-09-23 22:15:00+00:00,1,0.13218778637958611,0.09966371380416603,timeout,5.534362266059943,289
2022-09-25 03:45:00+00:00,1,-0.48505550687444476,-0.539439892224304,timeout,3.309773546984951,289
2022-09-26 08:30:00+00:00,1,0.39220907596552423,0.34480805604997217,timeout,3.7973866452806573,289
2022-09-27 20:00:00+00:00,1,0.31256207255644725,0.28710342446123394,timeout,7.070289016400812,289
2022-09-30 15:15:00+00:00,1,-1.0,-1.0326239216165352,stop,5.517423751679465,224
2022-10-03 00:30:00+00:00,1,1.455781052902519,1.3960990981497248,wick,3.015987005545803,129
2022-10-04 13:45:00+00:00,1,-0.6357820283652903,-0.6867466886683067,timeout,3.5318591143311604,289
2022-10-05 21:15:00+00:00,1,-0.6600215041240344,-0.7008405629600853,timeout,4.40970480781947,289
2022-10-07 00:30:00+00:00,1,-1.0,-1.0495348518379533,stop,3.63380515578903,181
2022-10-11 00:45:00+00:00,1,-1.0,-1.0593802971153172,stop,3.0313085104717157,240
2022-10-12 02:30:00+00:00,1,-1.0,-1.0670285119899663,stop,2.6854243762258143,129
2022-10-13 02:45:00+00:00,1,-1.0,-1.0877134217737938,stop,2.0521374763397824,32
2022-10-15 23:30:00+00:00,1,0.623623501596151,0.5278928953282288,timeout,1.8802764028907557,289
2022-10-20 01:45:00+00:00,1,0.28783600498792083,0.22730722448333032,timeout,2.973791946565795,289
2022-10-21 05:45:00+00:00,1,0.5887956823251967,0.5158254482118642,timeout,2.4667592503600275,289
2022-10-25 18:00:00+00:00,1,1.6380920327556778,1.563726270475064,wick,2.4204687006472536,89
2022-11-03 13:00:00+00:00,1,1.405248279885583,1.3446955021897427,wick,2.9726134266564763,120
2022-11-04 20:00:00+00:00,1,-0.2435408801821822,-0.28306419293125556,timeout,4.554274110138206,289
2022-11-06 22:30:00+00:00,1,-1.0,-1.0988134677629857,stop,1.8216140377923826,36
2022-11-09 03:30:00+00:00,1,-1.0,-1.01463561859935,stop,12.29876269172489,72
2022-11-11 04:00:00+00:00,1,-0.4390740403288983,-0.452967936305752,timeout,12.955329469852659,289
2022-11-14 03:00:00+00:00,1,0.9684655797268201,0.934051634262778,wick,5.230437765064611,139
2022-11-15 17:30:00+00:00,1,-0.4408676134078902,-0.4706629162807069,timeout,6.04122068395621,289
2022-11-21 04:00:00+00:00,1,-1.0,-1.04953990558292,stop,3.633434458180708,72
2022-11-22 13:30:00+00:00,1,0.5634572780900704,0.5248265882993761,timeout,4.659507789668307,289
2022-11-28 16:30:00+00:00,1,2.192863933487682,2.121792172921802,timeout,2.5326514858619404,289
2022-11-30 19:30:00+00:00,1,-0.30443210144417143,-0.3608319399000613,timeout,3.1914985029749237,289
2022-12-02 12:15:00+00:00,1,0.6800847158753651,0.5959957688512787,timeout,2.1405904862673677,289
2022-12-04 05:15:00+00:00,1,-0.22321001103511456,-0.3317855862285781,timeout,1.6578314199972695,289
2022-12-05 15:45:00+00:00,1,-1.0,-1.076007545660608,stop,2.3681859272728456,162
2022-12-06 23:30:00+00:00,1,-1.0,-1.0978874742472313,stop,1.8388460973605216,31
2022-12-08 18:45:00+00:00,1,0.0991874053766611,-0.004011980263548515,timeout,1.7441964298852042,289
2022-12-12 15:00:00+00:00,1,3.712528182233014,3.5811968328432946,wick,1.3705790798346178,91
2022-12-14 15:00:00+00:00,1,-1.0,-1.077578938985273,stop,2.3202173470581977,44
2022-12-16 10:00:00+00:00,1,-0.5529076419523584,-0.6126044899482294,timeout,3.015234573397411,289
2023-01-08 23:30:00+00:00,1,5.573392908343693,5.373376303320001,timeout,0.8999252835967213,289
2023-01-12 15:15:00+00:00,1,0.9703047655616374,0.9263961897086661,wick,4.099426968497764,12
2023-01-14 23:15:00+00:00,1,0.14541488461827512,0.11479211126066706,timeout,5.877978388762753,289
2023-01-16 17:15:00+00:00,1,-0.12663273691069132,-0.16733581230765035,timeout,4.422270264458887,289
2023-01-19 19:30:00+00:00,1,2.445849305615993,2.3930657986915076,wick,3.410156135656494,153
2023-01-21 10:15:00+00:00,1,-1.0,-1.044744730161055,stop,4.022820103107205,139
2023-01-22 15:15:00+00:00,1,-0.5817105098388387,-0.6301031996944262,timeout,3.7195700536000866,289
2023-01-23 18:15:00+00:00,1,-0.04987639552663055,-0.09011446759678464,timeout,4.473375356706316,289
2023-01-24 18:45:00+00:00,1,0.20015185126003923,0.1501279969158959,timeout,3.5982833062337565,289
2023-01-25 21:45:00+00:00,1,-0.3022819121188916,-0.35331493040141215,timeout,3.5271282408481848,289
2023-01-26 23:45:00+00:00,1,0.7844203932137903,0.739939310724116,timeout,4.046664108091001,289
2023-01-28 00:30:00+00:00,1,-0.406483553824615,-0.4540073860713581,timeout,3.78757333931831,289
2023-01-29 00:45:00+00:00,1,-1.0,-1.0939316032310165,stop,1.916287956432575,170
2023-01-30 13:00:00+00:00,1,1.014701183964298,0.9662909163690955,wick,3.718219479907143,245
2023-01-31 14:00:00+00:00,1,1.2032682991897339,1.1431951329626358,wick,2.996346144292364,145
2023-02-01 14:45:00+00:00,1,1.3677133391619591,1.2989602169651204,wick,2.618062922068668,46
2023-02-02 18:30:00+00:00,1,-1.0,-1.048754524757947,stop,3.691965020552478,266
2023-02-05 16:30:00+00:00,1,-1.0,-1.0834007488151383,stop,2.1582540031982016,52
2023-02-06 17:45:00+00:00,1,-0.6711260558553777,-0.7299821907003922,timeout,3.0583048049959958,289
2023-02-07 18:00:00+00:00,1,-1.0,-1.0793621456763682,stop,2.268083838534609,90
2023-02-12 17:15:00+00:00,1,-1.0,-1.0891949467786703,stop,2.018051543285906,65
2023-02-14 17:15:00+00:00,1,0.9944815270397609,0.9522191848829076,wick,4.259110849369023,103
2023-02-15 21:00:00+00:00,1,0.7970590552403573,0.7497550860220843,wick,3.8051775141623425,79
2023-02-17 15:45:00+00:00,1,0.6370184212822354,0.6006699845742066,wick,4.95206991832584,19
2023-02-20 01:45:00+00:00,1,0.7738390222190215,0.7292406091671535,wick,4.0360180482354835,37
2023-02-21 07:00:00+00:00,1,-1.0,-1.0519407487938928,stop,3.4654871980044466,58
2023-02-22 08:00:00+00:00,1,-1.0,-1.0383002465923148,stop,4.699708644594427,225
2023-02-24 01:45:00+00:00,1,-1.0,-1.0423057916888583,stop,4.254736593131881,58
2023-02-25 03:15:00+00:00,1,0.399974056884741,0.35648714440861984,timeout,4.139176357917765,289
2023-02-28 22:00:00+00:00,1,0.9674468209821824,0.912705847337143,wick,3.288213343942073,44
2023-03-07 15:30:00+00:00,1,-1.0,-1.1014661973022295,stop,1.7739898092745905,57
2023-03-08 19:30:00+00:00,1,-1.0,-1.0591102522058278,stop,3.045157029160051,92
2023-03-10 02:00:00+00:00,1,1.6204650798644906,1.5893750420426884,wick,5.789635928772417,280
2023-03-11 10:00:00+00:00,1,1.4475054015200748,1.420049377937804,wick,6.555938424973958,152
2023-03-12 20:45:00+00:00,1,0.745511070547145,0.7092686339153088,wick,4.966553486138503,13
2023-03-14 00:00:00+00:00,1,0.9980462131138637,0.9741583052099221,wick,7.535193149765086,55
2023-03-17 01:30:00+00:00,1,0.3603514684738207,0.3270367708001031,wick,5.403020665620643,20
2023-03-18 16:00:00+00:00,1,0.4557603785993031,0.42367771609312227,wick,5.610506919907992,100
2023-03-19 22:45:00+00:00,1,-0.5553450287691014,-0.5858580570325005,timeout,5.899119498929348,289
2023-03-21 12:00:00+00:00,1,-0.15921683342546059,-0.1920407337584301,timeout,5.483808998140345,289
2023-03-22 23:00:00+00:00,1,0.38744616174994573,0.36311116158837886,wick,7.3967535979013626,142
2023-03-24 09:30:00+00:00,1,-0.19360252964916533,-0.23088336216862296,timeout,4.828218358751895,289
2023-03-26 14:00:00+00:00,1,-1.0,-1.0585835649429485,stop,3.0725340831561323,98
2023-03-27 17:45:00+00:00,1,0.6397948825072489,0.6017792447844688,timeout,4.7348936064838965,289
2023-03-28 19:00:00+00:00,1,0.5849430524099251,0.5398491124185646,wick,3.9916671737817997,196
2023-03-30 16:30:00+00:00,1,-0.13124320213204604,-0.17295602045632935,timeout,4.3152202903348815,289
2023-04-02 17:00:00+00:00,1,-1.0,-1.0801012434839627,stop,2.247156126059869,112
2023-04-03 18:45:00+00:00,1,-0.16001146999352026,-0.20867899705634468,timeout,3.6985647486801576,289
2023-04-05 15:45:00+00:00,1,-0.03273847541350424,-0.08063139181824316,timeout,3.7583846111778922,289
2023-04-06 17:30:00+00:00,1,-0.2304900789413005,-0.2882171134144537,timeout,3.1181231054526375,289
2023-04-08 04:00:00+00:00,1,3.7025733242249665,3.5976907568673346,wick,1.7162051286009263,275
2023-04-09 04:30:00+00:00,1,4.586234160715365,4.455429377867373,wick,1.3760964704874594,177
2023-04-10 17:15:00+00:00,1,0.7719533927631222,0.7103579263647499,wick,2.9222929953292214,30
2023-04-11 17:30:00+00:00,1,0.6078351548401195,0.5603449285515155,wick,3.790253575675081,245
2023-04-12 17:45:00+00:00,1,0.7415160103975496,0.6926585232053604,wick,3.6841845609443515,148
2023-04-18 11:45:00+00:00,1,-1.0,-1.0717345787903982,stop,2.509250113894767,82
2023-04-20 19:45:00+00:00,1,-0.5586163428868414,-0.5980950950679619,timeout,4.559414623192666,289
2023-04-25 21:15:00+00:00,1,0.8023301036654866,0.7524099693807027,wick,3.605759531277253,55
2023-04-27 05:00:00+00:00,1,0.06017436989381882,0.03870408088212168,timeout,8.383678482480367,289
2023-04-28 14:15:00+00:00,1,-0.506172633538092,-0.5451381236814954,timeout,4.619472239090334,289
2023-05-01 23:15:00+00:00,1,0.5872594150508854,0.5470974464609405,wick,4.481852018704717,185
2023-05-03 22:30:00+00:00,1,-0.2537424566810955,-0.29283443054868824,timeout,4.604525742539189,289
2023-05-05 08:00:00+00:00,1,-1.0,-1.0562091566087293,stop,3.202325223503639,263
2023-05-06 13:00:00+00:00,1,-1.0,-1.0646444876043284,stop,2.7844601553922437,147
2023-05-07 15:00:00+00:00,1,-1.0,-1.07310363769314,stop,2.4622577710232245,43
2023-05-10 13:00:00+00:00,1,-1.0,-1.077345488147632,stop,2.3272204276017696,18
2023-05-11 14:15:00+00:00,1,-1.0,-1.0451872001787585,stop,3.983428919869529,63
2023-05-14 15:45:00+00:00,1,-1.0,-1.0912423971980667,stop,1.9727671074803166,284
2023-05-16 02:15:00+00:00,1,-0.2314677894262708,-0.28788103556984695,timeout,3.190739982270934,289
2023-05-17 03:15:00+00:00,1,-1.0,-1.068712407240908,stop,2.619614233116794,155
2023-05-18 15:00:00+00:00,1,-1.0,-1.0701429803984897,stop,2.5661869367027332,12
2023-05-20 18:00:00+00:00,1,-1.0,-1.1356413615360317,stop,1.3270288499145213,72
2023-05-23 01:45:00+00:00,1,-1.0,-1.0835267234575316,stop,2.154998933862395,145
2023-05-25 02:00:00+00:00,1,1.1945954604294529,1.137082515968674,timeout,3.129730214434624,289
2023-05-28 22:30:00+00:00,1,-1.0,-1.0644101152423917,stop,2.7945921121645863,218
2023-05-31 06:30:00+00:00,1,0.061163478077672924,0.00304698836509288,timeout,3.0972276696373964,289
2023-06-02 04:45:00+00:00,1,-0.30435256064232924,-0.3643643848666914,timeout,2.99940890526917,289
2023-06-03 21:30:00+00:00,1,-1.0,-1.1028899006188428,stop,1.749442840525357,167
2023-06-05 00:30:00+00:00,1,-1.0,-1.096807109957125,stop,1.8593675617392174,59
2023-06-06 16:00:00+00:00,1,0.9551623977369029,0.9047122648458661,wick,3.5678796008083338,20
2023-06-11 19:30:00+00:00,1,-0.25862144126532777,-0.32652303644744196,timeout,2.6508950123665636,289
2023-06-13 02:45:00+00:00,1,-1.0,-1.065908967467953,stop,2.731039597722748,168
2023-06-14 03:00:00+00:00,1,-1.0,-1.069376999845445,stop,2.5945198034074095,71
2023-06-15 04:45:00+00:00,1,1.079577037201707,1.0284806662445456,wick,3.5227550729759236,146
2023-06-16 17:30:00+00:00,1,0.5025131493634135,0.44949210614176294,timeout,3.3948785060211533,289
2023-06-20 16:15:00+00:00,1,1.036748041102869,0.9793569931669716,wick,3.1363776490202797,9
2023-06-21 18:15:00+00:00,1,0.22298753363616655,0.19351942241414571,wick,6.108297835712324,181
2023-06-22 19:00:00+00:00,1,0.33598280090094196,0.3005237292003938,wick,5.076275022654282,82
2023-06-26 18:15:00+00:00,1,0.5857489239137108,0.5368454071196145,wick,3.6807168850018104,80
2023-06-28 13:15:00+00:00,1,0.8705219905245064,0.8075080375096033,wick,2.8565102074683213,188
2023-06-30 15:00:00+00:00,1,0.5391425467552459,0.5035840433902828,timeout,5.062080317400533,289
2023-07-03 16:00:00+00:00,1,-1.0,-1.1061316624477395,stop,1.6960066001852558,171
2023-07-06 09:00:00+00:00,1,-1.0,-1.081024804494463,stop,2.221541923156393,13
2023-07-07 09:15:00+00:00,1,0.08121460015822202,0.029847883588055214,timeout,3.504214635835648,289
2023-07-08 20:15:00+00:00,1,1.5786816375629693,1.4681171173283014,wick,1.6280086922817436,192
2023-07-10 01:30:00+00:00,1,1.4971180133316309,1.3950550886009438,wick,1.763617890384439,75
2023-07-14 13:45:00+00:00,1,-1.0,-1.0615034892454729,stop,2.9266632220097915,20
2023-07-17 12:45:00+00:00,1,-1.0,-1.1065053964711113,stop,1.6900552081304496,113
2023-07-19 01:00:00+00:00,1,-0.1139331905844943,-0.1805406523416795,timeout,2.7023999301487094,289
2023-07-20 02:15:00+00:00,1,-0.2015807461820077,-0.27847961548749206,timeout,2.340736627543138,289
2023-07-23 18:00:00+00:00,1,-1.0,-1.1740668104155734,stop,1.0340857028991421,33
2023-07-24 18:30:00+00:00,1,0.09605078965614725,0.03294303164900096,timeout,2.8522642173346875,289
2023-08-01 18:30:00+00:00,1,1.2079319671283906,1.1277870280178495,wick,2.2459309595548196,29
2023-08-02 18:45:00+00:00,1,-0.04356083268314018,-0.10222565061984062,timeout,3.068278507132173,289
2023-08-04 19:15:00+00:00,1,-0.011571855583574051,-0.11242752010777204,timeout,1.784728709578956,289
2023-08-06 01:45:00+00:00,1,-1.0,-1.212307383482266,stop,0.8478273202167531,153
2023-08-07 07:15:00+00:00,1,-1.0,-1.1501063740016009,stop,1.1991496110490296,37
2023-08-08 21:15:00+00:00,1,-1.0,-1.0735335105614634,stop,2.4478635471856873,270
2023-08-16 12:45:00+00:00,1,-1.0,-1.1529238849490775,stop,1.1770561548311356,32
2023-08-18 15:15:00+00:00,1,-0.22385925734105058,-0.2575020894033349,timeout,5.3503224599747945,289
2023-08-19 15:45:00+00:00,1,-0.17479933555116214,-0.23883570651052138,timeout,2.8109025746358607,289
2023-08-20 16:00:00+00:00,1,-1.0,-1.1040513346075354,stop,1.7299153411047583,214
2023-08-21 17:30:00+00:00,1,-1.0,-1.0791672558475667,stop,2.273667289246231,112
2023-08-23 00:00:00+00:00,1,-0.000964578614885263,-0.05748900601953995,timeout,3.1844639258597303,289
2023-08-24 15:45:00+00:00,1,0.03551061068630245,-0.02936628018777674,timeout,2.7744856076621405,289
2023-08-25 19:00:00+00:00,1,0.09966000593278726,0.03433040493600603,timeout,2.755259442176427,289
2023-08-26 19:15:00+00:00,1,6.253931033514739,6.09853548164998,wick,1.1583343142064588,277
2023-08-27 22:45:00+00:00,1,6.664702703211848,6.494795597750572,wick,1.0594024276461131,167
2023-08-28 23:00:00+00:00,1,4.222869086502856,4.116083386974737,wick,1.685618962046533,70
2023-08-30 15:15:00+00:00,1,-1.0,-1.0501915170227283,stop,3.5862633902555703,104
2023-08-31 23:00:00+00:00,1,-0.08858197717917637,-0.12775613649528333,timeout,4.594865675291994,289
2023-09-03 21:00:00+00:00,1,-1.0,-1.108471337589305,stop,1.6594245447725338,121
2023-09-07 21:15:00+00:00,1,-1.0,-1.085242232150559,stop,2.111629358579855,52
2023-09-11 20:00:00+00:00,1,1.0904893917350542,1.0325135818242246,wick,3.104743172658584,33
2023-09-13 09:45:00+00:00,1,0.4944143743579829,0.4387224758714915,timeout,3.232067946896453,289
2023-09-18 10:45:00+00:00,1,-0.8289296700071365,-0.922061265897085,timeout,1.9327490126197548,289
2023-09-19 21:45:00+00:00,1,-0.5539809814826145,-0.605650078589193,timeout,3.48370709146924,289
2023-09-20 22:30:00+00:00,1,-0.576712002702153,-0.6317956402246896,timeout,3.267758051133709,289
2023-09-25 06:30:00+00:00,1,0.5346561471763405,0.4497122768658497,timeout,2.1190463695856527,289
2023-09-28 16:15:00+00:00,1,0.0603726195586388,-0.005130892793459789,timeout,2.747944248126005,289
2023-09-30 15:15:00+00:00,1,2.310880807883152,2.178854783506452,wick,1.3633675697635126,125
2023-10-01 20:15:00+00:00,1,2.0671276653278468,1.931169988338215,wick,1.3239414204887212,9
2023-10-06 21:45:00+00:00,1,-0.5059117694303908,-0.5584348833110557,timeout,3.4270626149273786,289
2023-10-08 02:30:00+00:00,1,-1.0,-1.1228347912291547,stop,1.4653828788962606,126
2023-10-11 03:30:00+00:00,1,-0.24764272204532833,-0.32490573126584293,timeout,2.32970475543175,289
2023-10-13 21:45:00+00:00,1,1.296912575415598,1.2136702109326134,wick,2.162360489373096,223
2023-10-15 18:45:00+00:00,1,2.6559689081427966,2.47803939651065,wick,1.0116365652266481,43
2023-10-20 03:30:00+00:00,1,0.5946046298140486,0.5367179419896928,wick,3.109523221404028,28
2023-10-21 18:00:00+00:00,1,0.9735208707678484,0.9013767093398639,wick,2.495004397267533,145
2023-10-23 01:00:00+00:00,1,1.0255892257260883,0.952177654609637,wick,2.4519295427483687,21
2023-10-24 04:15:00+00:00,1,-0.087262921311619,-0.10456421064954378,timeout,10.403848897286306,289
2023-10-25 06:15:00+00:00,1,0.3187382827022262,0.29178645840910367,wick,6.678583165367832,38
2023-10-26 12:00:00+00:00,1,0.1404059073314661,0.09750321550667052,timeout,4.195540940299907,289
2023-10-28 03:15:00+00:00,1,0.22108910021631178,0.1588302067613615,timeout,2.8911532154076203,289
2023-10-29 03:30:00+00:00,1,0.6989287390309084,0.5998896630493048,timeout,1.8174644524494046,289
2023-10-30 17:30:00+00:00,1,0.4570041145462664,0.39990839437791426,wick,3.15260057092288,176
2023-11-01 21:00:00+00:00,1,0.16057461950094637,0.10876083921116145,wick,3.4739792964978276,24
2023-11-04 23:00:00+00:00,1,-1.0,-1.0968081410987067,stop,1.8593477568841035,92
2023-11-05 23:15:00+00:00,1,0.5811467747079306,0.5227414685200371,wick,3.081911760224813,285
2023-11-06 23:45:00+00:00,1,0.8529103219761907,0.7848861436539761,wick,2.6461179604019986,187
2023-11-09 02:30:00+00:00,1,0.2764111285109456,0.2295360811220878,wick,3.839996117908691,32
2023-11-10 12:00:00+00:00,1,-0.20766266443431164,-0.24905759446072284,timeout,4.3483586005618236,289
2023-11-11 12:15:00+00:00,1,-0.6723034100846611,-0.7374496691700254,timeout,2.7630136024255405,289
2023-11-12 12:45:00+00:00,1,-1.0,-1.0846622766907719,stop,2.1260944901995535,143
2023-11-15 14:00:00+00:00,1,1.403447822653591,1.3519816824103998,wick,3.497445099816162,40
2023-11-16 22:15:00+00:00,1,0.1554476556657243,0.1192036208261727,wick,4.966334482262818,76
2023-11-19 22:00:00+00:00,1,-1.0,-1.0884300603075743,stop,2.0355069234820173,165
2023-11-21 17:00:00+00:00,1,-1.0,-1.047289716830467,stop,3.8063243356964525,28
2023-11-27 07:45:00+00:00,1,0.8021963064876905,0.7229745182549148,wick,2.2721022084367735,153
2023-11-28 08:00:00+00:00,1,0.8658552794785719,0.7974345097603668,wick,2.6307801087497333,56
2023-11-29 11:30:00+00:00,1,0.5378710020108243,0.4824510386836374,wick,3.2479270860812544,213
2023-12-01 03:45:00+00:00,1,0.7899352893067618,0.7146886907973704,wick,2.392134708621208,52
2023-12-03 23:00:00+00:00,1,2.047267084170872,1.9653038943748964,wick,2.1961077948291092,47
2023-12-05 14:45:00+00:00,1,1.34543706406571,1.2873665369174037,wick,3.099679111579231,29
2023-12-06 15:15:00+00:00,1,-0.06982232732924538,-0.10932335101163038,timeout,4.55684393010475,289
2023-12-08 20:30:00+00:00,1,-1.0,-1.0621891116374336,stop,2.8943973512503454,215
2023-12-09 21:00:00+00:00,1,-1.0,-1.0757373572394642,stop,2.376634286708492,117
2023-12-10 21:15:00+00:00,1,-1.0,-1.0946401121917946,stop,1.901941954963215,20
2023-12-11 21:30:00+00:00,1,0.33356099489331054,0.3003691327786731,wick,5.423016020563097,42
2023-12-13 01:45:00+00:00,1,0.3344302431009703,0.2930723697041504,wick,4.352254727242349,55
2023-12-14 11:45:00+00:00,1,-1.0,-1.0549034686703396,stop,3.278481384860863,8
2023-12-15 15:00:00+00:00,1,-1.0,-1.0532483742257481,stop,3.380384896577026,270
2023-12-17 02:15:00+00:00,1,-1.0,-1.0700916537845129,stop,2.568066100328939,94
2023-12-18 03:30:00+00:00,1,0.6189936752106137,0.5694915912279008,wick,3.636210549496456,70
2023-12-19 04:00:00+00:00,1,0.2981127194747335,0.25867940585642263,wick,4.5646683852715055,137
2023-12-20 13:15:00+00:00,1,0.3373943567384602,0.2837121184955415,wick,3.35306436340225,4
2023-12-21 13:45:00+00:00,1,-0.2457630553307137,-0.2973052275204362,timeout,3.492285876843429,289
2023-12-24 23:30:00+00:00,1,-1.0,-1.0712564223031562,stop,2.5260880939854227,169
2023-12-26 18:15:00+00:00,1,0.5336522427166945,0.4855673255247259,wick,3.743377560189797,81
2023-12-27 18:45:00+00:00,1,-1.0,-1.0550205705180584,stop,3.271503699528558,207
2023-12-29 19:30:00+00:00,1,0.38505329788775433,0.34019021697716073,wick,4.0122077295297,154
2023-12-31 03:00:00+00:00,1,0.5476425202385481,0.4850280261776353,wick,2.874733760922701,28
2024-01-01 18:45:00+00:00,1,1.4919466478980707,1.4144485740053092,wick,2.3226383696848574,23
2024-01-02 20:15:00+00:00,1,-1.0,-1.037945223245379,stop,4.74368008948057,64
2024-01-04 03:00:00+00:00,1,0.25990750435916277,0.23205110794625441,wick,6.461711605905708,54
2024-01-05 09:45:00+00:00,1,-0.1440156997929521,-0.17752756997260782,timeout,5.371231120048734,289
2024-01-06 18:45:00+00:00,1,0.7178048936071822,0.6579889561171107,wick,3.0092314448783344,180
2024-01-07 19:30:00+00:00,1,0.6570283427923805,0.5949703015909733,wick,2.900510498161169,81
2024-01-08 23:00:00+00:00,1,-1.0,-1.0318915192828433,stop,5.644133739869653,152
2024-01-10 00:00:00+00:00,1,0.6962082269241523,0.6727549891806442,wick,7.6748465166531155,156
2024-01-11 07:30:00+00:00,1,0.7444990951575241,0.7191952428594773,wick,7.113541364367447,30
2024-01-12 11:00:00+00:00,1,-1.0,-1.0316813437484345,stop,5.681577190326556,23
2024-01-13 16:00:00+00:00,1,-0.017854843665896427,-0.055344137742769445,timeout,4.801370749497287,289
2024-01-14 18:15:00+00:00,1,-1.0,-1.070680927598244,stop,2.5466558818120517,21
2024-01-15 19:30:00+00:00,1,-1.0,-1.0475254446744473,stop,3.7874448357719235,283
2024-01-16 19:45:00+00:00,1,-1.0,-1.0450725976607693,stop,3.993557268536792,186
2024-01-19 04:00:00+00:00,1,0.5089962473388301,0.46607277156022103,wick,4.193509419610031,67
2024-01-22 04:00:00+00:00,1,-1.0,-1.0870738605354908,stop,2.0672105140742327,46
2024-01-23 04:15:00+00:00,1,0.035549030337328494,-0.0010318042665562882,timeout,4.920609437951001,289
2024-01-24 08:15:00+00:00,1,1.0999602658973922,1.057480248189443,wick,4.237286369264318,232
2024-01-25 09:00:00+00:00,1,1.4416615143439329,1.385598689418535,wick,3.2106837327502546,133
2024-01-26 10:15:00+00:00,1,1.6602880454899902,1.5942533446647609,wick,2.725839562390031,32
2024-01-27 21:00:00+00:00,1,1.6729286084845714,1.587769712884599,timeout,2.1136958004427,289
2024-01-29 01:15:00+00:00,1,0.6250086781443844,0.5649758811283903,wick,2.9983610450808014,192
2024-01-31 06:30:00+00:00,1,0.05818043434877508,-0.0006341515436888434,timeout,3.0604653126200776,289
2024-02-01 13:30:00+00:00,1,0.5262435914526787,0.47304036435681335,wick,3.3832534194901944,18
2024-02-02 15:45:00+00:00,1,-0.4282486455300242,-0.4873043464297436,timeout,3.0479699208997997,289
2024-02-03 19:00:00+00:00,1,-1.0,-1.0955320245852647,stop,1.884184918946687,111
2024-02-05 08:00:00+00:00,1,1.5032175370548118,1.427498807938466,timeout,2.3772189800415253,289
2024-02-06 09:00:00+00:00,1,2.645891699358684,2.5743911833633195,wick,2.517464349651265,273
2024-02-07 09:45:00+00:00,1,2.926367108572876,2.844350486179012,wick,2.1946770635786055,174
2024-02-08 15:00:00+00:00,1,0.7330669451324552,0.6645614970288125,wick,2.6275282475004906,57
2024-02-09 15:45:00+00:00,1,0.24209992390958351,0.20081622898106663,wick,4.360074850656457,10
2024-02-11 03:45:00+00:00,1,1.1947675550275765,1.1312575713145103,wick,2.834200065508249,152
2024-02-12 04:30:00+00:00,1,1.196148016005174,1.13929064941003,wick,3.165816687953562,53
2024-02-13 06:00:00+00:00,1,0.9126944105250626,0.864962441743676,wick,3.771057523824415,131
2024-02-14 09:30:00+00:00,1,0.2503301226158151,0.20466563468368892,wick,3.941793900493192,21
2024-02-15 19:00:00+00:00,1,-0.08436475170808133,-0.12408868437799069,timeout,4.531273413831681,289
2024-02-16 23:00:00+00:00,1,-0.01330387055695516,-0.06497784820809577,timeout,3.4833780595565753,289
2024-02-19 02:00:00+00:00,1,-1.0,-1.0667456262797395,stop,2.696805918721878,233
2024-02-20 06:15:00+00:00,1,-1.0,-1.0653262510607302,stop,2.755400732129323,120
2024-02-21 10:30:00+00:00,1,0.3344876725064897,0.28212303463417504,wick,3.4374342555162904,54
2024-02-22 14:00:00+00:00,1,0.4231562518313145,0.3702557269305182,wick,3.4026127403754844,27
2024-02-23 14:30:00+00:00,1,0.4359127302497309,0.37244846223231376,wick,2.83624164625362,144
2024-02-26 10:15:00+00:00,1,3.397270488029872,3.3060064680854553,wick,1.9722997092351056,40
2024-02-27 14:00:00+00:00,1,1.1118916380195034,1.076353099882445,wick,5.06492414814054,94
2024-02-28 16:15:00+00:00,1,0.4741192482225541,0.4440774398411367,wick,5.991649960437813,68
2024-02-29 18:15:00+00:00,1,0.2486873055064356,0.22734090625096293,wick,8.432335488799241,284
2024-03-01 18:30:00+00:00,1,1.2148314988748183,1.1824234710816537,timeout,5.554179388786047,289
2024-03-02 18:45:00+00:00,1,0.3823371243307048,0.32452942877583846,wick,3.1137722801829844,90
2024-03-04 00:00:00+00:00,1,2.544098011570577,2.4827159660825595,wick,2.932453595655073,113
2024-03-05 01:15:00+00:00,1,-1.0,-1.0300974274977348,stop,5.9805775763907985,64
2024-03-06 02:15:00+00:00,1,0.33722438340576316,0.32169865156546634,wick,11.59365637971492,46
2024-03-07 02:45:00+00:00,1,0.21028248097162341,0.1873162325062261,wick,7.837588288361571,48
2024-03-08 03:00:00+00:00,1,0.2491496544474562,0.21135914859726643,wick,4.763101100407632,57
2024-03-09 10:45:00+00:00,1,0.30968014060344623,0.2623732681506991,wick,3.8049439894762545,59
2024-03-10 15:00:00+00:00,1,-1.0,-1.0571567200027836,stop,3.149235995194155,40
2024-03-11 15:15:00+00:00,1,-1.0,-1.0352879960125843,stop,5.10088472963466,105
2024-03-12 18:45:00+00:00,1,0.3692636460699775,0.34267584218348546,wick,6.770021351460666,52
2024-03-13 19:00:00+00:00,1,-1.0,-1.0373961503107192,stop,4.813329674429224,96
2024-03-14 20:00:00+00:00,1,0.3291662682992029,0.30050210488284257,wick,6.279618120557575,3
2024-03-15 21:45:00+00:00,1,-0.07525962042598625,-0.0940815974209898,timeout,9.563288704889104,289
2024-03-16 22:30:00+00:00,1,0.33999959278620606,0.31046314796438124,wick,6.094166074686,71
2024-03-18 03:45:00+00:00,1,-1.0,-1.030481956233041,stop,5.905132814438237,110
2024-03-19 04:30:00+00:00,1,-1.0,-1.028467485890388,stop,6.323003046109424,97
2024-03-20 10:00:00+00:00,1,0.4713468798663227,0.4504014194475312,wick,8.593747590218209,40
2024-03-21 11:15:00+00:00,1,-1.0,-1.0282237596445316,stop,6.377605332069029,107
2024-03-22 12:15:00+00:00,1,0.31223003452620235,0.28005793150813657,wick,5.594909350468128,118
2024-03-23 16:15:00+00:00,1,0.5190619343361041,0.48343698458828227,wick,5.052638706136146,120
2024-03-24 17:30:00+00:00,1,0.28146579231498003,0.23858988490228542,wick,4.198161878358427,5
2024-03-25 22:15:00+00:00,1,0.11780523039298058,0.08239267650183704,timeout,5.082943200123642,289
2024-03-26 23:00:00+00:00,1,-0.13218847611253517,-0.16965365079100486,timeout,4.804461784704865,289
2024-03-28 03:00:00+00:00,1,0.4172102731752049,0.38052369898847827,wick,4.906427051047043,24
2024-03-29 06:15:00+00:00,1,0.27989008842487684,0.2230169524157098,wick,3.164938890849748,243
2024-03-30 06:30:00+00:00,1,0.4239245793926099,0.3601211100948879,wick,2.8211632060331655,146
2024-03-31 19:30:00+00:00,1,-1.0,-1.0858992251715203,stop,2.095478738493656,42
2024-04-02 10:30:00+00:00,1,0.4666347097568147,0.43234422233333963,wick,5.24926921501772,216
2024-04-03 11:00:00+00:00,1,0.5561903915042345,0.5169376201053141,wick,4.585663472540197,118
2024-04-04 13:30:00+00:00,1,0.2694664860001263,0.21843697495614767,wick,3.527370659006923,12
2024-04-06 05:45:00+00:00,1,0.7216550721222063,0.6752249737111522,wick,3.876795573561518,139
2024-04-07 16:45:00+00:00,1,0.2974618708979403,0.22893749137301028,wick,2.626802332949454,61
2024-04-08 18:45:00+00:00,1,-1.0,-1.0455793650076424,stop,3.949155499858749,80
2024-04-09 20:00:00+00:00,1,0.2513194938417357,0.21409795077744365,wick,4.835909131684561,98
2024-04-10 22:15:00+00:00,1,-1.0,-1.040564106712018,stop,4.43742053234151,173
2024-04-11 23:45:00+00:00,1,0.31934475050042105,0.2745562765910501,wick,4.018891118376308,25
2024-04-13 00:30:00+00:00,1,-1.0,-1.0320651799368457,stop,5.613565879078818,79
2024-04-14 04:00:00+00:00,1,0.055768371826257164,0.037550496260342556,timeout,9.880405613087923,289
2024-04-15 05:45:00+00:00,1,-1.0,-1.0289213431636441,stop,6.223777332246134,227
2024-04-16 07:00:00+00:00,1,0.2554164944215393,0.22853938969822513,wick,6.697149929391817,289
2024-04-17 17:15:00+00:00,1,0.3608122874955766,0.33609614511647773,wick,7.282689880934518,41
2024-04-18 19:15:00+00:00,1,0.28441738910733566,0.2562832509590618,wick,6.397921239007057,48
2024-04-19 20:00:00+00:00,1,0.30537365663700505,0.27957979742673306,wick,6.978405151886609,224
2024-04-21 02:30:00+00:00,1,0.16462571245381455,0.11496824241677125,wick,3.624832273285857,102
2024-04-22 03:30:00+00:00,1,0.18108955100550708,0.12952906340620107,wick,3.4910453407431077,2
2024-04-23 08:30:00+00:00,1,0.2597561701521478,0.20561570566070214,wick,3.3246851812370486,24
2024-04-24 21:15:00+00:00,1,0.18929294906338767,0.14569624060403374,wick,4.128752063193429,85
2024-04-26 01:00:00+00:00,1,-0.43332480178941757,-0.47800655083478316,timeout,4.028490465251152,289
2024-04-27 03:30:00+00:00,1,0.3006614152264472,0.259062711105494,wick,4.327057868837179,107
2024-04-29 00:15:00+00:00,1,0.404812646719533,0.3390216150458019,wick,2.7359352091125535,92
2024-04-30 13:15:00+00:00,1,-1.0,-1.0383188982348868,stop,4.697421071363754,72
2024-05-01 16:30:00+00:00,1,0.42922631703770886,0.4009159342802968,wick,6.358091359710552,10
2024-05-02 17:15:00+00:00,1,0.7795516532438894,0.7466576681639892,wick,5.472125057598695,84
2024-05-03 20:15:00+00:00,1,0.24597968680203444,0.2092466392207839,wick,4.900219607476196,3
2024-05-05 02:00:00+00:00,1,0.26762863400762654,0.22355343645941492,wick,4.083929511673932,46
2024-05-06 02:15:00+00:00,1,-1.0,-1.0588227970233792,stop,3.0600380993181697,186
2024-05-07 11:00:00+00:00,1,-1.0,-1.0451066233858257,stop,3.990544769009754,134
2024-05-08 13:00:00+00:00,1,0.2889234863329112,0.2405942094010087,wick,3.7244505075800265,139
2024-05-09 16:15:00+00:00,1,-0.2996157675577069,-0.3453391848463021,timeout,3.9367136289023086,289
2024-05-11 16:00:00+00:00,1,0.9179979983628255,0.8535360898941209,wick,2.792346740515565,162
2024-05-12 21:45:00+00:00,1,1.0574954641165366,0.9800169668443721,wick,2.3232252345796107,43
2024-05-14 07:00:00+00:00,1,0.36242947958246713,0.301638112838475,wick,2.960946753476126,111
2024-05-15 07:45:00+00:00,1,0.33885381518486823,0.27250945461243864,wick,2.713116811239593,12
2024-05-16 08:15:00+00:00,1,0.2801292210415356,0.2280080319474206,wick,3.4534898978412554,133
2024-05-17 09:00:00+00:00,1,0.34334883178256015,0.28982376231763207,wick,3.3629101615261545,34
2024-05-18 09:45:00+00:00,1,0.2588760216917349,0.18891040811549328,wick,2.5726923669990223,218
2024-05-19 10:00:00+00:00,1,-1.0,-1.0980281841047606,stop,1.8362066138819626,40
2024-05-20 10:30:00+00:00,1,0.19275396005185821,0.1287022962403867,wick,2.8102314489411024,23
2024-05-21 10:45:00+00:00,1,-1.0,-1.0467440812022117,stop,3.8507549056602897,205
2024-05-22 12:30:00+00:00,1,-1.0,-1.055405181618685,stop,3.248793609933702,103
2024-05-23 16:45:00+00:00,1,0.26697985630037585,0.2238714854017053,wick,4.175523135010215,107
2024-05-24 20:00:00+00:00,1,0.25313233789796397,0.2067517766980914,wick,3.88093622292122,270
2024-05-25 20:45:00+00:00,1,0.454204574345506,0.3716574111194001,wick,2.180571602526909,171
2024-05-27 02:15:00+00:00,1,0.4356102318435321,0.35250913829350605,wick,2.166036478107738,53
2024-05-28 08:45:00+00:00,1,0.23074469307872802,0.1801297958123953,wick,3.556265244456592,7
2024-05-29 10:30:00+00:00,1,-0.14913990917963715,-0.20544199435149976,timeout,3.197039673584884,289
2024-05-30 11:15:00+00:00,1,-0.16310564139024153,-0.22124752084891225,timeout,3.0958751536050757,289
2024-05-31 17:00:00+00:00,1,0.22313125751857624,0.1666078883345193,wick,3.1845235448344624,12
2024-06-02 13:30:00+00:00,1,1.3742567708530018,1.276424946761102,wick,1.8398920971862311,98
2024-06-03 17:30:00+00:00,1,0.22351561327471717,0.17720967588076236,wick,3.887190501481973,84
2024-06-05 01:45:00+00:00,1,-1.0,-1.057268918291227,stop,3.1430661756985576,258
2024-06-06 04:30:00+00:00,1,-1.0,-1.0647162073093166,stop,2.7813743648430274,151
2024-06-07 16:00:00+00:00,1,-1.0,-1.0635328688282981,stop,2.83317916095466,9
2024-06-10 16:00:00+00:00,1,-1.0,-1.1125871227271322,stop,1.5987618800442263,40
2024-06-11 18:45:00+00:00,1,0.9784204188116636,0.9320148395392718,wick,3.878843941230311,80
2024-06-12 21:15:00+00:00,1,-0.6597454684463592,-0.6972267052879686,timeout,4.802402886560417,289
2024-06-14 07:15:00+00:00,1,-0.3581812780249538,-0.4161972936762718,timeout,3.1025915513022806,289
2024-06-15 08:15:00+00:00,1,0.3288063181632978,0.2614442601217627,wick,2.672127384959243,152
2024-06-17 07:30:00+00:00,1,0.4243145724453483,0.32917233230563886,wick,1.8919041609245604,45
2024-06-18 11:45:00+00:00,1,0.2668694291997715,0.21576384643805468,wick,3.5221200947705054,176
2024-06-19 12:00:00+00:00,1,0.30191973190220417,0.24721159671034462,wick,3.2901870876926482,79
2024-06-20 18:30:00+00:00,1,-0.5286427746523003,-0.5878435054734291,timeout,3.0405030056783966,289
2024-06-21 19:00:00+00:00,1,-1.0,-1.0500223456188857,stop,3.598391834149449,251
2024-06-23 16:15:00+00:00,1,-1.0,-1.1808867720505414,stop,0.9950976401398021,30
2024-06-24 22:30:00+00:00,1,0.48003518199474005,0.4491109185168436,wick,5.820672176352966,69
2024-06-26 02:00:00+00:00,1,-0.4997934106404196,-0.545710919147786,timeout,3.920073319551371,289
2024-06-27 03:00:00+00:00,1,0.44647494218147293,0.38518382638414217,wick,2.9368040972724305,60
2024-06-28 20:15:00+00:00,1,0.3143850359549889,0.2614733752644593,wick,3.4018966263936856,24
2024-06-29 20:30:00+00:00,1,1.6597967218570946,1.557645898736481,wick,1.7621003385108964,107
2024-06-30 22:15:00+00:00,1,0.5850303477129714,0.49739780295696134,wick,2.0540314160813553,4
2024-07-02 03:15:00+00:00,1,-1.0,-1.0703552312943672,stop,2.5584451459888986,91
2024-07-03 06:00:00+00:00,1,-1.0,-1.0593304430195027,stop,3.0338556538475734,79
2024-07-04 09:30:00+00:00,1,-1.0,-1.0325967602193011,stop,5.522021169865168,76
2024-07-05 11:15:00+00:00,1,0.3052909898784327,0.28143009109724815,wick,7.543722541664629,26
2024-07-06 15:30:00+00:00,1,0.2708987901701457,0.22610130089828823,wick,4.018082328401363,6
2024-07-07 19:15:00+00:00,1,-1.0,-1.0516341002609872,stop,3.486068297698244,22
2024-07-09 04:00:00+00:00,1,0.21311421602258657,0.1838302727446164,wick,6.146713176275383,60
2024-07-10 05:00:00+00:00,1,-1.0,-1.0421753608216788,stop,4.267894725573439,178
2024-07-11 07:30:00+00:00,1,0.2583598399932865,0.2149339384459642,wick,4.144991665949629,22
2024-07-12 08:15:00+00:00,1,0.28414510901588774,0.2408550908771613,wick,4.158002415780358,76
2024-07-13 09:30:00+00:00,1,0.39327854182817373,0.3295446319972181,wick,2.8242422358430908,27
2024-07-14 10:30:00+00:00,1,0.42845607763819543,0.37577911934635105,wick,3.4170537904400633,57
2024-07-15 15:00:00+00:00,1,0.6295804898378402,0.5807105709092866,wick,3.683247362516695,37
2024-07-16 15:30:00+00:00,1,0.44252604477585505,0.40639821100840756,wick,4.9823081327999965,40
2024-07-17 17:30:00+00:00,1,0.09498684778105196,0.056056265908344075,wick,4.623614427047344,35
2024-07-18 22:45:00+00:00,1,1.2183051451082354,1.1682662644126671,wick,3.5972027650878715,87
2024-07-20 17:30:00+00:00,1,0.49645330370852025,0.42099511037979975,wick,2.385426844449631,117
2024-07-21 22:00:00+00:00,1,-1.0,-1.0425346161954534,stop,4.231847283466036,287
2024-07-23 09:45:00+00:00,1,-1.0,-1.0510635572732259,stop,3.5250188120830237,158
2024-07-24 16:15:00+00:00,1,-1.0,-1.05166591535604,stop,3.483921629174374,43
2024-07-25 18:15:00+00:00,1,0.30106614158043243,0.25556313087203275,wick,3.95578220424814,15
2024-07-27 07:00:00+00:00,1,0.37056619622733733,0.3061405334665811,wick,2.7939177074270463,34
2024-07-28 18:30:00+00:00,1,0.17277071329255367,0.11102136420302136,wick,2.915010484386036,23
2024-07-29 21:30:00+00:00,1,-1.0,-1.0439116931104746,stop,4.099135953313151,204
2024-07-30 21:45:00+00:00,1,-1.0,-1.0434570323921473,stop,4.142022363048579,167
2024-08-01 02:45:00+00:00,1,0.24771481311224067,0.20676424927126943,wick,4.395543873315589,74
2024-08-02 08:30:00+00:00,1,-1.0,-1.0384885943604056,stop,4.676710152480163,53
2024-08-03 14:45:00+00:00,1,-1.0,-1.0444896459258026,stop,4.045885199900096,97
2024-08-04 18:30:00+00:00,1,-1.0,-1.0343540882396358,stop,5.239551075971383,27
2024-08-06 00:15:00+00:00,1,0.25965793456726705,0.24544946272467602,wick,12.668498202631163,118
2024-08-07 04:45:00+00:00,1,0.37597827117832655,0.35172630776526653,wick,7.422079480091387,138
2024-08-08 06:45:00+00:00,1,0.4187499893239192,0.3918724953910435,wick,6.697052948817891,34
2024-08-09 07:30:00+00:00,1,-0.6464590008586705,-0.6757332803969656,timeout,6.1487422692856875,289
2024-08-10 19:45:00+00:00,1,0.15183261850195204,0.10094013065753667,wick,3.536867770156614,55
2024-08-12 14:30:00+00:00,1,0.3953781069715405,0.3649088563392315,wick,5.907595239941062,113
2024-08-13 14:45:00+00:00,1,0.4926391274828823,0.45672232334955964,wick,5.011581746857055,16
2024-08-14 17:15:00+00:00,1,0.10858924456696734,0.07602644839355997,timeout,5.527780815917715,289
2024-08-16 03:00:00+00:00,1,0.5273163639514216,0.49448354489054536,wick,5.4823193727671455,220
2024-08-17 04:00:00+00:00,1,0.28557936791885746,0.24347015599322225,wick,4.27459911427171,120
2024-08-18 10:30:00+00:00,1,-1.0,-1.0642771444408055,stop,2.800373314122049,54
2024-08-19 11:00:00+00:00,1,0.39970269458758717,0.3417458149721567,wick,3.1057572663397295,10
2024-08-20 18:15:00+00:00,1,0.2742455739509519,0.23023200745714067,wick,4.089648132134667,95
2024-08-21 18:30:00+00:00,1,1.0461658310634154,1.0013799339244271,wick,4.0191223465143215,191
2024-08-23 08:00:00+00:00,1,0.9964087889310481,0.9390560418715759,wick,3.1384721609471997,41
2024-08-24 11:15:00+00:00,1,0.2557238682999069,0.203892720465768,wick,3.4728152379724437,145
2024-08-25 14:00:00+00:00,1,0.4828631755980769,0.39992581384707815,wick,2.1703125853027556,38
2024-08-26 15:30:00+00:00,1,-1.0,-1.060191719448373,stop,2.9904445603084593,97
2024-08-27 19:15:00+00:00,1,-1.0,-1.0571498920545022,stop,3.1496122482320645,11
2024-08-28 21:00:00+00:00,1,0.4489034890342358,0.41876416978661396,wick,5.972264951345997,73
2024-08-29 22:30:00+00:00,1,-0.6097604814788159,-0.6491535091773818,timeout,4.569336517552134,289
2024-08-30 22:45:00+00:00,1,0.06561656796737975,0.02624338704526455,timeout,4.571639775715893,289
2024-09-01 00:15:00+00:00,1,-1.0,-1.0868966826219097,stop,2.0714254511094023,22
2024-09-02 10:00:00+00:00,1,0.26383943352171185,0.21726049016857585,wick,3.8644071127878274,44
2024-09-03 11:00:00+00:00,1,-1.0,-1.0601851386732593,stop,2.9907715420779644,56
2024-09-04 15:00:00+00:00,1,0.2462923041673089,0.1946491208442019,wick,3.4854551640208746,21
2024-09-05 16:15:00+00:00,1,0.277701772881787,0.23650587247590027,wick,4.369366811418905,85
2024-09-06 17:15:00+00:00,1,0.21001582020117476,0.180369678630085,wick,6.071616421596385,280
2024-09-07 18:15:00+00:00,1,0.4014269704872911,0.3520212662149116,wick,3.6433040000328423,120
2024-09-09 01:15:00+00:00,1,0.9133169285830539,0.861880899228064,wick,3.499492520266592,74
2024-09-10 07:45:00+00:00,1,0.3563150650221545,0.30879061813611997,wick,3.787524354184426,49
2024-09-12 08:00:00+00:00,1,0.6117488063242484,0.5675708183966576,wick,4.074427298387284,136
2024-09-13 09:30:00+00:00,1,0.8462813817671722,0.7860953352060711,wick,2.9907264272170377,34
2024-09-14 22:45:00+00:00,1,-1.0,-1.0786471427937694,stop,2.2887036147263577,104
2024-09-16 14:00:00+00:00,1,0.2800032077024773,0.21578404185191033,wick,2.8029015577506278,80
2024-09-17 15:00:00+00:00,1,0.3357238176405447,0.27903160763441287,wick,3.1750393921939404,13
2024-09-18 23:45:00+00:00,1,0.2396304429402274,0.20146211152769522,wick,4.715951505831321,30
2024-09-20 02:00:00+00:00,1,0.3879623446994171,0.3390535556708765,wick,3.6803201137317396,9
2024-09-21 06:30:00+00:00,1,0.4310569621566092,0.3655347106086636,wick,2.747158343120824,173
2024-09-22 17:45:00+00:00,1,0.6450753246676255,0.5531078397893938,wick,1.9572134677633795,32
2024-09-24 03:00:00+00:00,1,0.3707244850691001,0.3125202386876566,wick,3.0925578663172417,24
2024-09-25 18:00:00+00:00,1,0.8487795638159389,0.7857730230969484,wick,2.8568462566894595,82
2024-09-26 18:15:00+00:00,1,0.21017225696765482,0.1603653775689236,wick,3.613958597144821,61
2024-09-28 02:45:00+00:00,1,-1.0,-1.0654562676999588,stop,2.7499276436764064,194
2024-09-30 00:45:00+00:00,1,-1.0,-1.1099690629178027,stop,1.6368239868929542,10
2024-10-01 07:45:00+00:00,1,-1.0,-1.0633238499186837,stop,2.8425308984078512,30
2024-10-02 11:30:00+00:00,1,0.29590507601836963,0.25049814570427653,wick,3.9641525810022173,252
2024-10-03 14:00:00+00:00,1,0.6624460693239117,0.6188325537763743,wick,4.127160989895554,146
2024-10-04 15:00:00+00:00,1,0.37913327280847764,0.3263883131771642,wick,3.4126483603020583,46
2024-10-05 15:30:00+00:00,1,0.46427757422031407,0.3751999618777243,wick,2.020709752611302,132
2024-10-07 09:45:00+00:00,1,-1.0,-1.0733372479410423,stop,2.454414435413593,213
2024-10-08 16:30:00+00:00,1,-1.0,-1.045218467159848,stop,3.9806745187468913,198
2024-10-09 20:45:00+00:00,1,-1.0,-1.0566831651470905,stop,3.175546029105954,86
2024-10-10 22:30:00+00:00,1,0.308491779152263,0.2613547408077052,wick,3.8186531509309813,44
2024-10-12 11:15:00+00:00,1,1.1903635672759407,1.1121302000538764,wick,2.3008085474459077,189
2024-10-13 15:45:00+00:00,1,0.6366820188942662,0.5431849883288861,wick,1.9251948314458005,24
2024-10-14 22:30:00+00:00,1,0.5822392575256162,0.5265185952170834,wick,3.230399506081168,63
2024-10-16 00:00:00+00:00,1,0.19322093615913,0.158558013609799,wick,5.192868539686186,58
2024-10-17 07:15:00+00:00,1,0.35878379777912683,0.3022149970185075,wick,3.1819659879604174,78
2024-10-18 07:30:00+00:00,1,0.2823767886689902,0.2279648225566297,wick,3.3080958631103456,246
2024-10-19 12:15:00+00:00,1,0.47156057416845465,0.3754372875385323,wick,1.8725951464082322,131
2024-10-20 22:45:00+00:00,1,-1.0,-1.121464272823504,stop,1.4819172404839764,44
2024-10-22 01:00:00+00:00,1,0.358102453065998,0.2963109875871812,wick,2.91302364501627,262
2024-10-23 02:45:00+00:00,1,0.35666344751093526,0.2939071820801541,wick,2.8682395098627445,159
2024-10-24 07:15:00+00:00,1,0.29935497737706995,0.24028690936152458,wick,3.0473317656610694,45
2024-10-25 11:45:00+00:00,1,-1.0,-1.0676337382409224,stop,2.6613936281151664,26
2024-10-26 12:45:00+00:00,1,0.3884855658496843,0.3284263942044188,wick,2.997044332598442,116
2024-10-27 22:15:00+00:00,1,0.570337471391444,0.47217854768307405,wick,1.8337609378723407,58
2024-10-29 02:00:00+00:00,1,0.32348230956061474,0.2598736310729862,wick,2.829802540780797,15
2024-10-30 12:30:00+00:00,1,-1.0,-1.0600453488650876,stop,2.9977342692176183,130
2024-10-31 12:45:00+00:00,1,-1.0,-1.0651909590751718,stop,2.761119065489457,24
2024-11-01 14:15:00+00:00,1,-1.0,-1.0504961382601594,stop,3.564629023166641,144
2024-11-02 15:00:00+00:00,1,-1.0,-1.0700509802532614,stop,2.5695571903380974,99
2024-11-03 16:15:00+00:00,1,0.21808967307960883,0.15685680256569778,wick,2.9395976130027592,40
2024-11-04 22:15:00+00:00,1,0.446145088088786,0.4007824231291828,wick,3.968020841815517,40
2024-11-06 01:15:00+00:00,1,0.8977414410349749,0.863567008451039,wick,5.2670954977204465,14
2024-11-07 03:30:00+00:00,1,0.27095888843730986,0.2353853320748822,wick,5.059938291413384,68
2024-11-08 05:45:00+00:00,1,0.28626451086294097,0.23663590284365565,wick,3.626940331069798,52
2024-11-09 17:00:00+00:00,1,0.5205934697698413,0.43303796127960936,wick,2.0558386685639705,32
2024-11-10 21:30:00+00:00,1,0.5902837048143877,0.5489918411645618,wick,4.359212302125258,26
2024-11-11 23:00:00+00:00,1,0.29330177476734653,0.26310700261602493,wick,5.961296846286076,32
2024-11-13 00:45:00+00:00,1,0.6547599859886596,0.6317584217335424,wick,7.825554731998473,73
2024-11-14 01:15:00+00:00,1,0.06647582157958913,0.04414311261513611,timeout,8.059926822424723,289
2024-11-15 02:00:00+00:00,1,0.26753163167797794,0.24204606123121442,wick,7.062820130944275,44
2024-11-16 04:00:00+00:00,1,0.016834367368204498,-0.01904323287703514,timeout,5.017057962896585,289
2024-11-17 09:15:00+00:00,1,0.23306076392075062,0.17579557051284292,wick,3.1432706202148957,93
2024-11-18 10:45:00+00:00,1,0.23076774025689875,0.18117351944634133,wick,3.6294551473562473,124
2024-11-19 12:30:00+00:00,1,0.3358473567815832,0.2907011870719186,wick,3.987049203898838,26
2024-11-20 13:30:00+00:00,1,0.3708677589066556,0.322406049161635,wick,3.714272586482463,57
2024-11-21 13:45:00+00:00,1,0.28988692598997445,0.24673964472189114,wick,4.171757633618242,55
2024-11-22 15:30:00+00:00,1,-0.5670180431440678,-0.6136448645645687,timeout,3.8604390030510913,289
2024-11-23 17:45:00+00:00,1,0.25677396735498664,0.18298229386659637,wick,2.4392996051013744,159
2024-11-24 18:15:00+00:00,1,0.4885045838303647,0.43240804327400234,wick,3.2087540196734072,17
2024-11-25 19:00:00+00:00,1,-1.0,-1.0417489573664525,stop,4.311484917336865,103
2024-11-26 20:45:00+00:00,1,0.39589770826977366,0.36642962975024906,wick,6.108304614457226,66
2024-11-28 00:45:00+00:00,1,0.040628744328005895,-0.004433423147075927,timeout,3.9944816258457876,289
2024-11-29 02:15:00+00:00,1,0.397246066847977,0.33922947780398216,wick,3.1025608876023956,276
2024-11-30 06:00:00+00:00,1,-1.0,-1.0670866470495035,stop,2.6830972766782852,240
2024-12-01 09:00:00+00:00,1,0.30435593123745236,0.21478633291155563,wick,2.0096104410904525,57
2024-12-02 09:15:00+00:00,1,0.4210605989407607,0.36526470318619103,wick,3.2260437361158063,25
2024-12-03 17:15:00+00:00,1,0.36031228096337525,0.3179750424338801,wick,4.251576301430217,63
2024-12-04 17:45:00+00:00,1,0.8600852359498893,0.8097475472023566,wick,3.5758495171040816,11
2024-12-05 18:00:00+00:00,1,-1.0,-1.0306182326299402,stop,5.878850101360384,18
2024-12-06 19:00:00+00:00,1,-0.6669268702561747,-0.6972121567605418,timeout,5.943480177215572,289
2024-12-07 19:30:00+00:00,1,-1.0,-1.0582976460292575,stop,3.087603226889553,194
2024-12-08 20:00:00+00:00,1,-1.0,-1.0642640776424523,stop,2.8009427133066507,88
2024-12-09 21:15:00+00:00,1,0.2790709627857669,0.2423266686643545,wick,4.898719768713882,15
2024-12-11 01:45:00+00:00,1,0.32496125925877234,0.2931277442713253,wick,5.654417995341694,31
2024-12-12 03:30:00+00:00,1,0.07102602504865889,0.027457048465775062,timeout,4.131380035002094,289
2024-12-13 05:15:00+00:00,1,0.25225335081796985,0.20210351881374303,wick,3.589244326577782,47
2024-12-14 13:45:00+00:00,1,0.29562255364162904,0.22279575773294102,wick,2.47161773017844,67
2024-12-15 16:30:00+00:00,1,0.2076648621268739,0.13264964504726817,wick,2.3995131522313,27
2024-12-16 18:30:00+00:00,1,-1.0,-1.0469102101531824,stop,3.8371177492537525,137
2024-12-17 18:45:00+00:00,1,-1.0,-1.0451397554011712,stop,3.9876157591082073,101
2024-12-18 19:00:00+00:00,1,-1.0,-1.0438051999489004,stop,4.109101207390296,7
2024-12-20 02:15:00+00:00,1,-0.4009337357618135,-0.42656560393609283,timeout,7.0225080269655775,289
2024-12-21 06:00:00+00:00,1,-1.0,-1.0364182712141572,stop,4.942573988246523,174
2024-12-22 06:15:00+00:00,1,-1.0,-1.045734154095131,stop,3.9357894239299562,153
2024-12-23 06:30:00+00:00,1,0.718981136433595,0.6818232897345277,wick,4.844198897147569,140
2024-12-24 07:30:00+00:00,1,1.071713525223361,1.0318840852802205,wick,4.519270174447932,40
2024-12-25 08:00:00+00:00,1,0.224167759981519,0.17546848959901656,wick,3.696153937958662,10
2024-12-27 03:15:00+00:00,1,-0.7031110884893264,-0.7536185536525831,timeout,3.563829612477693,289
2024-12-28 17:30:00+00:00,1,-1.0,-1.0700857437523024,stop,2.568282654403404,178
2024-12-29 23:30:00+00:00,1,0.11732494642476238,0.0468369315070368,wick,2.553625608695295,9
2024-12-31 01:45:00+00:00,1,0.3591491720475234,0.3198423387403584,wick,4.579356433864363,31
2025-01-01 03:00:00+00:00,1,0.41827558111546437,0.3749416064289935,wick,4.1537846759345864,104
2025-01-02 03:30:00+00:00,1,0.22364115732812967,0.16394401961563315,wick,3.015219940139948,6
2025-01-03 04:00:00+00:00,1,0.2733375162467738,0.21683405071588374,wick,3.1856453105800244,53
2025-01-04 05:15:00+00:00,1,0.3618156480206019,0.2847346276214978,wick,2.33520520444605,182
2025-01-05 15:45:00+00:00,1,0.46584999823569756,0.36396330304769886,wick,1.7666683531924225,44
2025-01-06 16:15:00+00:00,1,-1.0,-1.0493845169752456,stop,3.644867076258472,92
2025-01-07 23:00:00+00:00,1,-1.0,-1.0451852600674598,stop,3.983599955633041,74
2025-01-09 01:00:00+00:00,1,-0.16411858524543302,-0.20238237186077596,timeout,4.704186802249832,289
2025-01-10 02:15:00+00:00,1,0.36246820856512246,0.32628347326981255,wick,4.974473311217804,31
2025-01-11 02:45:00+00:00,1,0.29655190448290714,0.2568126846685325,wick,4.529530293770128,184
2025-01-12 09:15:00+00:00,1,0.34513855649539266,0.24464605131063122,wick,1.791178353739508,21
2025-01-13 14:45:00+00:00,1,0.26174201026810495,0.21774418607289753,wick,4.091111396813275,3
2025-01-14 15:15:00+00:00,1,0.4971957839714032,0.45690472827059087,wick,4.467492769030894,92
2025-01-15 15:30:00+00:00,1,0.579514840146171,0.5313398842726942,wick,3.736381211697189,140
2025-01-16 16:15:00+00:00,1,0.5935951047597541,0.5503540283249708,wick,4.1627085826940124,41
2025-01-17 18:15:00+00:00,1,-1.0,-1.0454462237667268,stop,3.960725118195321,214
2025-01-18 18:45:00+00:00,1,-1.0,-1.040891105191576,stop,4.401935314702198,116
2025-01-19 19:15:00+00:00,1,-1.0,-1.0492591496298362,stop,3.6541434708603737,15
2025-01-20 22:45:00+00:00,1,0.3361039521864297,0.31784562228199803,wick,9.858513946355533,80
2025-01-22 09:00:00+00:00,1,0.2637445291566726,0.22665993417264169,wick,4.853767449193123,229
2025-01-23 09:15:00+00:00,1,0.6541653590834074,0.6104654488794795,wick,4.119001598859602,23
2025-01-24 10:15:00+00:00,1,0.2497369087635982,0.21646407496807735,wick,5.409818746013494,32
2025-01-25 19:15:00+00:00,1,-1.0,-1.0707952166341972,stop,2.542544659903645,116
2025-01-26 19:45:00+00:00,1,-1.0,-1.1187917802982832,stop,1.5152563548422662,14
2025-01-27 21:00:00+00:00,1,0.2901138616753273,0.2568214154269948,wick,5.406631842471342,33
2025-01-28 21:15:00+00:00,1,0.3265501481346885,0.28642901488275724,wick,4.486413653117224,44
2025-01-29 23:30:00+00:00,1,0.3108245555726373,0.2680894980472905,wick,4.211998542256306,66
2025-01-31 03:45:00+00:00,1,0.3727337790804235,0.31723333450329694,wick,3.2432172637799668,49
2025-02-01 04:30:00+00:00,1,-1.0,-1.0575940115446596,stop,3.1253249282770366,95
2025-02-02 06:00:00+00:00,1,-1.0,-1.0546528604555445,stop,3.2935147126729882,51
2025-02-03 07:30:00+00:00,1,0.561700747859832,0.5397951398663441,wick,8.217073913379181,38
2025-02-04 08:30:00+00:00,1,-0.2585907022992623,-0.2888557296983964,timeout,5.9474586831251255,289
2025-02-05 12:00:00+00:00,1,0.3137288863718029,0.2759550604872009,wick,4.765204365316214,202
2025-02-06 16:00:00+00:00,1,0.6530738876905944,0.6042739941261559,wick,3.6885326350623417,90
2025-02-07 23:30:00+00:00,1,0.3673401099363369,0.328168430969097,wick,4.5951566219701085,241
2025-02-09 04:00:00+00:00,1,-1.0,-1.0810161487823333,stop,2.221779271236493,71
2025-02-10 05:45:00+00:00,1,-0.14203508356491684,-0.18953577144090267,timeout,3.789418807364256,289
2025-02-11 06:00:00+00:00,1,-1.0,-1.0653757234282326,stop,2.753315612600417,50
2025-02-12 08:15:00+00:00,1,0.5546975219537834,0.49373476092170765,wick,2.952622173810212,59
2025-02-13 09:30:00+00:00,1,0.5479098965446881,0.4967901869350664,wick,3.52114676265924,140
2025-02-14 09:45:00+00:00,1,0.35652283998114276,0.2882464409461041,wick,2.636342902437282,43
2025-02-16 09:30:00+00:00,1,-1.0,-1.1345062874844445,stop,1.338227404580004,79
2025-02-17 09:45:00+00:00,1,-1.0,-1.0915037121782525,stop,1.9671333076559063,128
2025-02-18 12:45:00+00:00,1,-1.0,-1.076938149714914,stop,2.3395415754988957,22
2025-02-19 13:15:00+00:00,1,0.21383911376518477,0.1427635262152332,wick,2.532515118126838,48
2025-02-20 15:30:00+00:00,1,0.35057803098534407,0.2719252036833459,wick,2.2885382023060106,8
2025-02-21 16:45:00+00:00,1,-1.0,-1.0610884508252183,stop,2.9465471389183238,12
2025-02-23 06:15:00+00:00,1,-1.0,-1.1259004977630707,stop,1.4297004634464432,131
2025-02-24 16:15:00+00:00,1,-1.0,-1.0641415446995306,stop,2.8062935004637883,29
2025-02-25 16:45:00+00:00,1,0.2844877407761276,0.25809066331016733,wick,6.818936688431313,22
2025-02-26 21:00:00+00:00,1,0.3638193863523483,0.3392629024882646,wick,7.330039634186715,58
2025-02-27 22:00:00+00:00,1,-1.0,-1.029191294499886,stop,6.166221919370626,32
2025-02-28 23:30:00+00:00,1,0.3025936933828295,0.27749385481222655,wick,7.171360863285267,91
2025-03-02 00:45:00+00:00,1,0.0652659648556793,0.01857792077109694,wick,3.855376757139432,59
2025-03-03 03:00:00+00:00,1,-1.0,-1.0288028094141033,stop,6.2493903775880515,62
2025-03-04 06:00:00+00:00,1,0.4626431158108929,0.4424687969078695,wick,8.922234295256644,54
2025-03-05 06:30:00+00:00,1,0.4311247337566539,0.40616582217548025,wick,7.211852945373338,22
2025-03-06 08:15:00+00:00,1,-1.0,-1.0318669988046125,stop,5.648476692255882,66
2025-03-07 08:45:00+00:00,1,0.3343901237819451,0.31116166902550707,wick,7.7491164129250025,25
2025-03-08 09:15:00+00:00,1,-1.0,-1.0293965094801107,stop,6.123175954675327,150
2025-03-09 14:30:00+00:00,1,-1.0,-1.0513923262845177,stop,3.5024684230771195,34
2025-03-10 18:15:00+00:00,1,0.42376807613962897,0.40091372582360124,wick,7.875962235240879,77
2025-03-11 18:30:00+00:00,1,0.1751356929784903,0.15092868391708408,wick,7.435862875227242,73
2025-03-12 21:15:00+00:00,1,0.2516844007863371,0.22100623044436496,wick,5.867364252611058,172
2025-03-13 22:45:00+00:00,1,0.8043351506125979,0.769443750008306,wick,5.158864272644272,70
2025-03-14 23:30:00+00:00,1,-0.04618094977868053,-0.09082883928538973,timeout,4.03154554422895,289
2025-03-16 01:30:00+00:00,1,-1.0,-1.0948530032435,stop,1.897673176862063,41
2025-03-17 01:45:00+00:00,1,0.2540031239992935,0.20574857337270638,wick,3.7302181382417503,77
2025-03-18 02:00:00+00:00,1,0.26385353823691254,0.21281924335750568,wick,3.5270400115321814,142
2025-03-19 05:45:00+00:00,1,0.29198473635245553,0.23657227089492913,wick,3.2483665636204155,31
2025-03-20 09:00:00+00:00,1,-0.6062188569406525,-0.6553049302574341,timeout,3.6670278927864772,289
2025-03-21 09:45:00+00:00,1,0.2347833116243715,0.17891690282956618,wick,3.221971912695006,208
2025-03-22 13:45:00+00:00,1,0.4386304686224091,0.34531290895955136,wick,1.9288974192029111,96
2025-03-23 15:30:00+00:00,1,0.6256241459926912,0.505039889197159,wick,1.4927321756870433,46
2025-03-24 16:00:00+00:00,1,-1.0,-1.0633098230908826,stop,2.8431606852163567,279
2025-03-25 20:00:00+00:00,1,-1.0,-1.0577307496209285,stop,3.1179224448307923,239
2025-03-26 21:00:00+00:00,1,-1.0,-1.0550944871862322,stop,3.2671145370962016,165
2025-03-28 00:00:00+00:00,1,-1.0,-1.0629553817061939,stop,2.8591677966474878,57
2025-03-29 03:45:00+00:00,1,-1.0,-1.0636217183952918,stop,2.8292225444404298,55
2025-03-30 04:15:00+00:00,1,0.18983761706775615,0.12428459902359464,wick,2.7458689984149665,141
2025-03-31 06:00:00+00:00,1,0.21809988634589883,0.16453830760622737,wick,3.36061789505617,28
2025-04-01 06:30:00+00:00,1,0.30649067371262634,0.2525491806264574,wick,3.3369487884300635,9
2025-04-02 06:45:00+00:00,1,0.2669781358918473,0.2089167643618402,wick,3.10016789574068,12
2025-04-03 07:15:00+00:00,1,-0.006271159946685215,-0.042332172396355686,timeout,4.9915403859284835,289
2025-04-04 08:15:00+00:00,1,-1.0,-1.0479377430057475,stop,3.7548701443540846,230
2025-04-05 13:00:00+00:00,1,-1.0,-1.0561651603589703,stop,3.2048337234249784,116
2025-04-06 20:00:00+00:00,1,-1.0,-1.0475793712210208,stop,3.7831521388511904,42
2025-04-07 20:15:00+00:00,1,0.6280435879205551,0.6076518708349783,wick,8.827113442414042,185
2025-04-08 22:00:00+00:00,1,1.1428920741150146,1.1138488615384263,wick,6.197661485461759,82
2025-04-09 22:15:00+00:00,1,0.25924311709387954,0.2344448058945344,wick,7.258558800760327,258
2025-04-11 01:15:00+00:00,1,0.37980135004500526,0.34491528120552517,wick,5.159652720638346,21
2025-04-12 01:45:00+00:00,1,0.41162592980718044,0.3716138232919869,wick,4.498638429137684,52
2025-04-13 03:00:00+00:00,1,0.09625236853404597,0.04480707672987968,wick,3.4988624553864955,236
2025-04-14 12:45:00+00:00,1,0.12443886950767395,0.08049625171821624,wick,4.096251180629113,101
2025-04-15 15:15:00+00:00,1,-0.2923481041525429,-0.34345320531843126,timeout,3.522153285945289,289
2025-04-16 17:15:00+00:00,1,-0.04292587511507922,-0.09608446684023184,timeout,3.386094216540933,289
2025-04-17 17:45:00+00:00,1,-0.18070178207362467,-0.2395204543043465,timeout,3.0602526914231065,289
2025-04-19 04:30:00+00:00,1,1.279339963991096,1.1533301304579153,wick,1.4284599459660634,178
2025-04-20 06:15:00+00:00,1,-1.0,-1.138733027182273,stop,1.2974560106982216,19
2025-04-21 12:15:00+00:00,1,0.2784687898081369,0.20687302854233255,wick,2.5141153165721253,58
2025-04-22 13:15:00+00:00,1,0.41510677657181255,0.3541079679327071,wick,2.9508773042594236,7
2025-04-23 15:45:00+00:00,1,0.32681046880158415,0.2851678709162321,wick,4.3224968935791495,11
2025-04-24 18:15:00+00:00,1,0.5214139486316322,0.46290030371266383,wick,3.0762055628096667,72
2025-04-25 19:45:00+00:00,1,-0.0968934273498915,-0.14617210571283307,timeout,3.6526953639926187,289
2025-04-26 21:15:00+00:00,1,0.422768089101057,0.32941937590252507,wick,1.92825368269598,208
2025-04-27 21:30:00+00:00,1,-1.0,-1.1049746656748352,stop,1.7146994357434782,17
2025-04-28 23:30:00+00:00,1,0.6416114099145782,0.5801285813991897,wick,2.927646699841531,270
2025-04-30 00:00:00+00:00,1,0.2928223279781126,0.227328321066111,wick,2.748343069646814,17
2025-05-01 00:15:00+00:00,1,0.9128603958998943,0.8530460119741972,wick,3.0093096039173473,75
2025-05-02 03:15:00+00:00,1,-1.0,-1.0683634906382178,stop,2.632984335931101,272
2025-05-03 07:15:00+00:00,1,-1.0,-1.0905703302428296,stop,1.9874058040574571,162
2025-05-04 22:30:00+00:00,1,-1.0,-1.1259647709951377,stop,1.4289709621029516,13
2025-05-06 02:45:00+00:00,1,1.1133882959106323,1.0444183003972543,wick,2.609830530800684,95
2025-05-07 14:15:00+00:00,1,0.29548622005827396,0.21793000244311655,wick,2.3208970929085284,44
2025-05-08 14:30:00+00:00,1,0.5482656412257715,0.4767475363410235,wick,2.516845214090495,8
2025-05-09 17:45:00+00:00,1,0.3899713274462846,0.3421021806124234,wick,3.76025084852094,122
2025-05-10 18:15:00+00:00,1,0.5986492963546075,0.5161782670392588,wick,2.1825846178265196,24
2025-05-11 21:30:00+00:00,1,0.21514456355049635,0.14503248865443133,wick,2.5673181155576144,15
2025-05-12 23:30:00+00:00,1,0.17612508490830475,0.12846781055460957,timeout,3.776967995779713,289
2025-05-13 23:45:00+00:00,1,-0.22676921441848535,-0.2871280679996336,timeout,2.982163996173364,289
2025-05-15 02:15:00+00:00,1,0.24638479820526246,0.17436713153399697,wick,2.499386724394095,81
2025-05-16 02:30:00+00:00,1,0.6560921891012452,0.6018207592528552,wick,3.3166622015089486,279
2025-05-17 02:45:00+00:00,1,0.2537599041321624,0.1809812345774745,wick,2.473252136942997,118
2025-05-18 03:45:00+00:00,1,0.3470633472060525,0.24199405996829723,wick,1.7131552400530552,18
2025-05-19 04:15:00+00:00,1,0.3023276278607004,0.25676224711919216,wick,3.950367517417172,61
2025-05-20 05:15:00+00:00,1,0.6528361876967839,0.6024199184870764,wick,3.5702760799551947,136
2025-05-21 09:30:00+00:00,1,0.6261673128921075,0.5778245638319345,wick,3.723412579949707,23
2025-05-22 12:45:00+00:00,1,-1.0,-1.04268725954771,stop,4.216714820936693,276
2025-05-23 15:30:00+00:00,1,0.13476516474322622,0.08790021679025267,timeout,3.8408236403168594,289
2025-05-24 17:15:00+00:00,1,0.23259809694484834,0.1692163907008441,wick,2.8399361687589093,152
2025-05-25 17:30:00+00:00,1,0.7989333584944173,0.7302258156757696,wick,2.6197996990680745,34
2025-05-26 18:15:00+00:00,1,0.21687382981811335,0.15215582201929378,wick,2.781296985524377,98
2025-05-27 23:15:00+00:00,1,-1.0,-1.0592346414140565,stop,3.0387623813197537,176
2025-05-29 02:00:00+00:00,1,-1.0,-1.0671869169490305,stop,2.679093016525113,88
2025-05-30 02:45:00+00:00,1,-0.3037964732465136,-0.3559110513722204,timeout,3.453927988552795,289
2025-05-31 03:15:00+00:00,1,0.5147489122752499,0.4627826179371116,wick,3.463783636923621,153
2025-06-01 03:30:00+00:00,1,0.44801822287717435,0.3589409818879614,wick,2.0207181767315587,56
2025-06-02 06:45:00+00:00,1,0.43568458724985704,0.3427902703089816,wick,1.9376858125192404,80
2025-06-03 09:00:00+00:00,1,0.3786040427145239,0.30217501905007804,wick,2.3551262513868068,34
2025-06-04 12:15:00+00:00,1,0.29519255577532255,0.21043386213055365,wick,2.1236759588862437,100
2025-06-05 12:30:00+00:00,1,-1.0,-1.0995213985720107,stop,1.8086562546622305,18
2025-06-06 14:15:00+00:00,1,0.4464917824192822,0.38204245844385465,wick,2.7928919792646405,114
2025-06-08 10:30:00+00:00,1,0.35712385558818804,0.22694805858401554,wick,1.3827455190785618,14
2025-06-09 10:45:00+00:00,1,0.36414497917584326,0.26479254058974366,wick,1.8117320778594732,24
2025-06-10 11:15:00+00:00,1,0.22147853890304464,0.1409810234346295,wick,2.236093858954277,34
2025-06-11 12:15:00+00:00,1,0.14099482224721954,0.05036941945431281,wick,1.986198068673176,12
2025-06-12 12:45:00+00:00,1,-1.0,-1.079757984481509,stop,2.256827340486906,46
2025-06-13 14:45:00+00:00,1,0.31748733010522695,0.2645729624124256,wick,3.4017225915842864,7
2025-06-14 22:00:00+00:00,1,0.799752763680924,0.7148370892307007,wick,2.119749989214468,137
2025-06-15 22:30:00+00:00,1,0.97667123644845,0.8810317860077715,wick,1.8820685310362302,39
2025-06-17 00:30:00+00:00,1,-1.0,-1.0607207413434387,stop,2.9643906845918337,66
2025-06-18 03:45:00+00:00,1,0.2442239412511724,0.1833702219750321,wick,2.95791287929668,213
2025-06-19 04:00:00+00:00,1,0.2552203386112601,0.1988201572707385,wick,3.191479100275095,116
2025-06-20 07:45:00+00:00,1,0.24906856396677524,0.15320455932950244,wick,1.8776599275304457,5
2025-06-21 18:15:00+00:00,1,-1.0,-1.1024680042590338,stop,1.7566459042665572,13
2025-06-22 19:45:00+00:00,1,0.6739747393070793,0.6301802940479623,wick,4.110110287617542,43
2025-06-23 22:30:00+00:00,1,0.4279505625200757,0.3852800522316523,wick,4.21836998862501,158
2025-06-25 00:15:00+00:00,1,0.4828006590756868,0.42004998761979223,wick,2.8684952021033947,55
2025-06-26 01:30:00+00:00,1,0.20406330941847073,0.12945265322797567,wick,2.41252401721848,7
2025-06-27 01:45:00+00:00,1,0.3314655962107839,0.25325186180098336,wick,2.3013860846598964,225
2025-06-28 02:00:00+00:00,1,0.360979767443541,0.2771875901196076,wick,2.1481718908453167,128
2025-06-29 02:30:00+00:00,1,0.6019420317790763,0.43064422935374336,wick,1.0508015715990295,30
2025-06-30 06:00:00+00:00,1,-1.0,-1.1194207063476984,stop,1.5072762965906636,102
2025-07-01 08:00:00+00:00,1,-1.0,-1.1046115323614243,stop,1.7206515948749765,49
2025-07-02 08:15:00+00:00,1,0.1804744965098682,0.09248985960493777,wick,2.0458117045421744,26
2025-07-03 13:15:00+00:00,1,0.22299141860046792,0.14601110220647545,wick,2.3382600699994933,5
2025-07-04 22:30:00+00:00,1,0.31598782796104374,0.21979027382969887,wick,1.8711494447585864,158
2025-07-05 22:45:00+00:00,1,0.498678539660096,0.3348230094664053,wick,1.0985286843063837,61
2025-07-06 23:45:00+00:00,1,1.1781971972830554,1.0675087013734528,timeout,1.626185255484931,289
2025-07-08 00:00:00+00:00,1,0.3197530144171706,0.22177104186517438,wick,1.8370726299113773,47
2025-07-09 01:15:00+00:00,1,1.1093592762693012,0.9997368657662208,wick,1.6420000178242935,130
2025-07-10 01:30:00+00:00,1,1.6446241673595434,1.5762935912375888,wick,2.634252632068271,84
2025-07-11 02:30:00+00:00,1,0.4074792267863683,0.3534563734603394,wick,3.3319232309648097,14
2025-07-12 09:45:00+00:00,1,0.2847156864988438,0.19928037194377085,wick,2.1068571109897314,122
2025-07-13 11:30:00+00:00,1,0.42974710616663786,0.29851690575729384,wick,1.3716354881614838,19
2025-07-14 13:45:00+00:00,1,-1.0,-1.0621513523087385,stop,2.896155808579121,50
2025-07-15 14:15:00+00:00,1,0.2620176122418774,0.21160302424385982,wick,3.5703951405311094,115
2025-07-16 14:30:00+00:00,1,0.3073625788849082,0.24356216937956815,wick,2.8212985056927287,18
2025-07-17 20:45:00+00:00,1,0.3208801142346101,0.2634101965492496,wick,3.132073391604176,38
2025-07-18 21:00:00+00:00,1,0.30753066068441653,0.25476037757837844,wick,3.411010693998039,173
2025-07-20 04:30:00+00:00,1,0.2794807286552612,0.17393304808753035,wick,1.7053903887967723,47
2025-07-21 07:00:00+00:00,1,-1.0,-1.0825725221384996,stop,2.179901925462377,74
2025-07-22 07:30:00+00:00,1,0.324705465382351,0.2687510582955228,wick,3.2169047867968983,46
2025-07-23 09:45:00+00:00,1,0.3077333925263927,0.23701374273904707,wick,2.5452614731727463,127
2025-07-24 10:45:00+00:00,1,0.26598336919516685,0.20145530598235034,wick,2.789484001810992,27
2025-07-25 12:45:00+00:00,1,0.37886305779288587,0.32098344145279856,wick,3.109903129667644,93
2025-07-26 13:45:00+00:00,1,0.36039262035963376,0.2627439185858317,wick,1.8433424790117563,120
2025-07-27 14:00:00+00:00,1,0.5908969336785268,0.43331838831919767,wick,1.1422874832963006,23
2025-07-28 14:45:00+00:00,1,0.2960184559319794,0.19880742919301192,wick,1.8516417945398183,63
2025-07-29 16:45:00+00:00,1,0.5041016840833186,0.4252895617671741,wick,2.2839126102702014,155
2025-07-30 19:30:00+00:00,1,0.4452753194379328,0.37750719757725043,wick,2.6561161067742707,18
2025-07-31 23:15:00+00:00,1,-1.0,-1.0730276194960966,stop,2.4648208615046174,81
2025-08-02 00:15:00+00:00,1,0.33014330497230937,0.28122976698331725,wick,3.6799627955865417,198
2025-08-03 00:45:00+00:00,1,0.40344698003112056,0.3364887901510923,wick,2.688244713940347,45
2025-08-04 05:45:00+00:00,1,0.22858028514016485,0.12818202148398167,wick,1.7928596914426258,40
2025-08-05 07:15:00+00:00,1,0.35817399821622364,0.25352636528061223,wick,1.7200580170862734,14
2025-08-06 07:30:00+00:00,1,0.30062935079721653,0.21808249628682452,wick,2.1805797576131676,54
2025-08-07 08:30:00+00:00,1,0.8072104194542055,0.70743548468969,wick,1.8040603125908161,69
2025-08-08 16:00:00+00:00,1,0.285156228288082,0.19596576703027885,wick,2.0181530340976006,29
2025-08-10 03:00:00+00:00,1,0.4294902370207216,0.29975045558326674,wick,1.3873925021738585,13
2025-08-11 05:15:00+00:00,1,-1.0,-1.06966530530865,stop,2.583782547173453,58
2025-08-12 07:30:00+00:00,1,0.22893551777552837,0.15871471742093984,wick,2.5633430421053025,35
2025-08-13 09:15:00+00:00,1,0.5242282599313051,0.449345565574146,wick,2.4037596609635266,22
2025-08-14 13:15:00+00:00,1,-0.2347586785574785,-0.2813497040418989,timeout,3.8634049825795396,289
2025-08-15 16:45:00+00:00,1,0.26880731902497274,0.2044814804662725,wick,2.798253455114182,191
2025-08-17 01:15:00+00:00,1,0.48082146006118964,0.34208175606927094,wick,1.2973935709887676,19
2025-08-18 04:00:00+00:00,1,0.3065488571894882,0.21775683305781907,wick,2.0272091075779413,50
2025-08-19 04:45:00+00:00,1,-1.0,-1.0671898236430963,stop,2.6789771164772893,252
2025-08-20 12:00:00+00:00,1,0.859033135173099,0.7760434497570008,wick,2.1689442380400186,204
2025-08-21 12:15:00+00:00,1,0.9813503630991911,0.9051312756602641,wick,2.3616131608008373,107
2025-08-22 13:30:00+00:00,1,1.254610953118455,1.1822345171154358,wick,2.486997287245413,6
2025-08-23 17:15:00+00:00,1,-1.0,-1.085840327039216,stop,2.0969165217388706,106
2025-08-24 20:30:00+00:00,1,-1.0,-1.0631719110126114,stop,2.8493676558884786,97
2025-08-25 22:30:00+00:00,1,0.25128205952483895,0.20623234255898926,wick,3.995585591280195,158
2025-08-27 02:00:00+00:00,1,0.48234037463766394,0.42305100459523376,wick,3.03595737096184,109
2025-08-28 04:15:00+00:00,1,0.23540925552615846,0.17247248971270587,wick,2.8600135020208715,4
2025-08-29 06:00:00+00:00,1,-1.0,-1.0742514722861956,stop,2.4241943554493615,33
2025-08-30 07:30:00+00:00,1,0.2475542279418122,0.18244120945855868,wick,2.76442413810526,260
2025-08-31 09:15:00+00:00,1,-1.0,-1.1142177552479333,stop,1.5759371177385932,78
2025-09-01 13:00:00+00:00,1,0.2878607199826024,0.21816804202651546,wick,2.5827677351330554,91
2025-09-02 13:30:00+00:00,1,0.5051358242183467,0.44495338490266934,wick,2.9909056868871478,3
2025-09-03 13:45:00+00:00,1,0.4032694472478376,0.3290600894776767,wick,2.4255701087926242,171
2025-09-04 14:45:00+00:00,1,0.24746519179233234,0.1714549344822916,wick,2.368101442753865,32
2025-09-05 18:45:00+00:00,1,0.3557444092550871,0.29857969902241416,timeout,3.1487958089415726,289
2025-09-06 19:00:00+00:00,1,0.2881543960204128,0.18123949737106793,wick,1.6835820103085597,52
2025-09-07 19:15:00+00:00,1,0.554881191135118,0.41069509357085554,wick,1.248386654752034,57
2025-09-08 21:15:00+00:00,1,0.42823981917036535,0.32800755990555186,wick,1.79582902071917,40
2025-09-10 00:45:00+00:00,1,1.1702780005909943,1.083869912060081,wick,2.083138315640476,53
2025-09-11 03:30:00+00:00,1,0.7880937621621806,0.693938168603182,wick,1.9117292260200203,86
2025-09-12 03:45:00+00:00,1,0.30120876810102154,0.22054921460726623,wick,2.231601740938668,82
2025-09-13 10:15:00+00:00,1,-0.3436548480760323,-0.4616708032108777,timeout,1.5252174995688623,289
2025-09-14 11:15:00+00:00,1,-1.0,-1.1587781067706504,stop,1.133657553052977,87
2025-09-15 19:00:00+00:00,1,0.6476684829719913,0.5628654190605005,wick,2.122564818977135,109
2025-09-17 05:00:00+00:00,1,0.3453287319807676,0.24704335631859528,wick,1.831401658561068,6
2025-09-18 06:00:00+00:00,1,-0.4790084926332057,-0.5469358178048848,timeout,2.649890887725509,289
2025-09-19 08:30:00+00:00,1,-1.0,-1.1056880821389454,stop,1.7031248590863701,257
2025-09-20 15:30:00+00:00,1,-1.0,-1.1808506740180607,stop,0.9952962629380318,133
2025-09-21 22:30:00+00:00,1,-1.0,-1.19764394231134,stop,0.910728646145166,10
2025-09-23 02:15:00+00:00,1,0.29042422922798394,0.20677095709577192,wick,2.1517389028789484,25
2025-09-24 02:30:00+00:00,1,0.3228468527445883,0.23718657658175168,wick,2.101324068321091,44
2025-09-25 03:45:00+00:00,1,-1.0,-1.082776170886831,stop,2.1745388566727737,55
2025-09-26 06:15:00+00:00,1,0.8556225032347397,0.7924229963088733,wick,2.8481234863294387,259
2025-09-27 09:45:00+00:00,1,0.43815040302522673,0.3365464715573732,wick,1.7715849908519556,131
2025-09-28 13:00:00+00:00,1,0.7797509142345533,0.5916925488735829,wick,0.9571496575251905,22
2025-09-29 13:15:00+00:00,1,1.0922286706446154,0.9762042699315289,wick,1.5513977998913946,7
2025-09-30 13:30:00+00:00,1,0.3013981657132932,0.20222530772250558,wick,1.8150127327854222,38
2025-10-01 14:45:00+00:00,1,0.20216429796277466,0.1270920441719007,wick,2.397690104008592,8
2025-10-02 15:30:00+00:00,1,0.45135792236876965,0.3759623497704667,wick,2.3874080903797203,17
2025-10-03 16:30:00+00:00,1,0.49189075036089785,0.42066285081433535,wick,2.5270996497984877,146
2025-10-04 20:30:00+00:00,1,0.7565502442024467,0.6540723852444745,wick,1.7564769778593923,25
2025-10-05 22:30:00+00:00,1,0.1823409262458962,0.10917603015342937,wick,2.460196209019602,8
2025-10-07 03:45:00+00:00,1,-1.0,-1.0689202929546455,stop,2.6117126361963177,51
2025-10-08 04:00:00+00:00,1,0.3889429716360322,0.3294701846520218,wick,3.0265943321000592,41
2025-10-09 04:30:00+00:00,1,-1.0,-1.0613833449827395,stop,2.932391515167747,141
2025-10-10 05:00:00+00:00,1,-1.0,-1.0618628495911693,stop,2.9096622801820375,49
2025-10-11 06:00:00+00:00,1,0.2879724354011969,0.26712294237364276,wick,8.633303445897548,170
2025-10-12 09:30:00+00:00,1,0.19086414784729233,0.14965681274327441,wick,4.368154347900285,22
2025-10-13 09:45:00+00:00,1,-1.0,-1.0491780511650275,stop,3.6601694401425444,98
2025-10-14 10:45:00+00:00,1,0.35150621795059744,0.302653058153516,wick,3.68451090467138,15
2025-10-15 17:30:00+00:00,1,0.25379836741970463,0.209401489413392,wick,4.054339135612341,75
2025-10-16 21:45:00+00:00,1,0.08470219463570822,0.0481839577237824,timeout,4.929044094711405,289
2025-10-17 22:00:00+00:00,1,0.3315118413410367,0.2950888119580581,wick,4.94192830880011,174
2025-10-18 22:30:00+00:00,1,0.06590326263742347,-0.00857884428644462,wick,2.4166878117987056,46
2025-10-19 22:45:00+00:00,1,0.6394410975870023,0.5682978674971972,wick,2.5301072185334212,31
2025-10-21 00:30:00+00:00,1,0.6142357087576874,0.5549172153742852,wick,3.034466820264275,59
2025-10-22 01:15:00+00:00,1,0.27327682344743737,0.23999630334037725,wick,5.408569319859124,182
2025-10-23 01:45:00+00:00,1,0.34132621999948426,0.29819829570009826,wick,4.173630030290202,27
2025-10-24 04:45:00+00:00,1,0.947281109456335,0.8907063984156349,wick,3.1816335724721116,266
2025-10-25 05:30:00+00:00,1,1.2477388427956801,1.1721031353224713,wick,2.3798283378754457,167
2025-10-26 10:45:00+00:00,1,1.1925424830438052,1.075318083926592,wick,1.5355165081291406,50
2025-10-27 12:30:00+00:00,1,-1.0,-1.0724476801642033,stop,2.4845516045790337,128
2025-10-28 12:45:00+00:00,1,0.627964319712954,0.5447359041599702,wick,2.1627228970304126,7
2025-10-29 13:00:00+00:00,1,-1.0,-1.068893296269485,stop,2.612736067902843,23
2025-10-30 16:30:00+00:00,1,0.3494855510438491,0.30943864367037155,wick,4.4947291015837925,36
2025-10-31 17:45:00+00:00,1,0.3099901697989495,0.2697122830627838,wick,4.468953427945788,154
2025-11-01 18:15:00+00:00,1,0.23504180956462434,0.1481391872095315,wick,2.0712838706351344,56
2025-11-02 18:30:00+00:00,1,-1.0,-1.0882677937551204,stop,2.0392488850392056,36
2025-11-03 19:45:00+00:00,1,-1.0,-1.0435161375136237,stop,4.136396525166025,83
2025-11-04 20:45:00+00:00,1,0.28714024295970714,0.2545217868567713,wick,5.518348245299047,63
2025-11-06 06:15:00+00:00,1,-0.34031826510595153,-0.3861224656542394,timeout,3.9297705853470752,289
2025-11-07 12:00:00+00:00,1,0.6389818752524857,0.5915493091663385,wick,3.7948611018236567,30
2025-11-08 19:00:00+00:00,1,0.5330152644405312,0.472983096320698,wick,2.9983924558695483,84
2025-11-09 19:30:00+00:00,1,0.3088916376159833,0.2496711716697898,wick,3.0394897629401343,26
2025-11-10 20:45:00+00:00,1,0.15146277632954128,0.09870824165593803,wick,3.412028958527929,19
2025-11-11 23:30:00+00:00,1,0.46808672950236263,0.41541544842027556,wick,3.417422099900584,40
2025-11-13 01:45:00+00:00,1,0.4202733094507893,0.3689553734492283,wick,3.5075455878530426,23
2025-11-14 02:00:00+00:00,1,-1.0,-1.034784893241711,stop,5.174660124704933,85
2025-11-15 03:00:00+00:00,1,-1.0,-1.0296800747871275,stop,6.064674745296397,289
2025-11-16 08:00:00+00:00,1,-1.0,-1.061650649292992,stop,2.919677279383669,57
2025-11-17 14:30:00+00:00,1,0.2618496668075765,0.21738338803862517,wick,4.048011324160669,1
2025-11-18 15:15:00+00:00,1,-1.0,-1.036986796397408,stop,4.866601531691831,199
2025-11-19 18:00:00+00:00,1,0.7502102697067549,0.714538921087301,wick,5.046066576295194,45
2025-11-20 18:15:00+00:00,1,-1.0,-1.0309043545664514,stop,5.82442191481329,54
2025-11-21 18:45:00+00:00,1,0.29713804065659194,0.27734487533089613,wick,9.094048225137637,174
2025-11-23 01:15:00+00:00,1,0.41832310562285313,0.3748462687232847,wick,4.140135594864002,52
2025-11-24 02:15:00+00:00,1,0.22985060090755366,0.18711027349029838,wick,4.2114792018960925,78
2025-11-25 04:45:00+00:00,1,0.47290973687297316,0.4270026153393797,wick,3.9209602777704444,155
2025-11-26 12:00:00+00:00,1,0.8640442341924238,0.8139162383008539,wick,3.5908078270144994,30
2025-11-27 16:45:00+00:00,1,0.19770392455799876,0.13793679456149296,timeout,3.011688866614868,289
2025-11-28 19:45:00+00:00,1,-1.0,-1.0461780134517562,stop,3.8979589320803623,213
2025-11-30 08:30:00+00:00,1,-1.0,-1.103146555055697,stop,1.7450897890172266,63
2025-12-01 14:15:00+00:00,1,0.1651964962436802,0.11815179074044374,wick,3.826147875186863,44
2025-12-02 17:30:00+00:00,1,0.2341976252964218,0.19567573961666015,wick,4.6726684538853505,39
2025-12-03 18:15:00+00:00,1,-1.0,-1.0414755216225215,stop,4.339909251491085,184
2025-12-04 18:30:00+00:00,1,-1.0,-1.044197584608635,stop,4.072620745995079,89
2025-12-05 19:30:00+00:00,1,0.3464035055735772,0.3072796587718005,wick,4.600774584155311,185
2025-12-06 23:45:00+00:00,1,0.8935789576237587,0.8123219251636052,wick,2.2151928830069907,72
2025-12-08 00:00:00+00:00,1,0.35288507341516245,0.3076915172637214,wick,3.98286869474998,31
2025-12-09 02:00:00+00:00,1,0.16268314697244346,0.11478216303544336,wick,3.7577516202326446,53
2025-12-10 11:00:00+00:00,1,0.1090530583035791,0.05029157521558165,wick,3.0632310578418087,35
2025-12-11 12:30:00+00:00,1,0.8734911882316369,0.8194435317805621,wick,3.330394170983901,39
2025-12-12 13:00:00+00:00,1,-1.0,-1.0546410246245652,stop,3.294228123223672,187
2025-12-13 14:45:00+00:00,1,-1.0,-1.0943886100792086,stop,1.9070097530724128,84
2025-12-14 15:45:00+00:00,1,0.32779753771754594,0.24256741213588115,wick,2.1119293063522444,43
2025-12-15 17:00:00+00:00,1,0.18309469316427024,0.13329259061786936,wick,3.6143052360549053,72
2025-12-16 18:15:00+00:00,1,0.3530338782089712,0.3123366819445669,wick,4.422909107314508,175
2025-12-17 22:30:00+00:00,1,0.568429751464886,0.5343792339157094,wick,5.286263262813544,62
2025-12-19 01:45:00+00:00,1,0.3602554547658403,0.32473875884305947,wick,5.068038997528084,9
2025-12-20 02:00:00+00:00,1,0.49769326594061586,0.45366278282463,wick,4.088076879053109,231
2025-12-21 03:30:00+00:00,1,0.5566998659329538,0.4516256342868523,wick,1.7130746252445077,26
2025-12-22 07:45:00+00:00,1,0.3210051628764051,0.249624927492344,wick,2.521706450413207,16
2025-12-23 15:30:00+00:00,1,0.1787181462887141,0.11955198952697606,wick,3.04227973983268,3
2025-12-24 16:15:00+00:00,1,0.29668621248400695,0.23514030072629719,wick,2.9246459246328684,43
2025-12-25 17:30:00+00:00,1,0.5185295227421792,0.42847475769536236,wick,1.9987837390550423,46
2025-12-26 19:00:00+00:00,1,0.951314612423809,0.8959191021434946,wick,3.2493608072054445,238
2025-12-29 00:45:00+00:00,1,1.5358023885408476,1.3989096723445407,wick,1.3148983013959357,23
2025-12-30 01:00:00+00:00,1,0.2378497487163706,0.17179132104252004,wick,2.724860496055275,30
2025-12-31 14:15:00+00:00,1,-1.0,-1.0936623606623062,stop,1.921796533070298,10
2026-01-01 17:15:00+00:00,1,0.7932492235793488,0.655659581252033,wick,1.3082380109092302,42
2026-01-02 22:00:00+00:00,1,0.9473264025070602,0.8926324397455078,wick,3.2910396488318163,209
2026-01-04 00:45:00+00:00,1,1.072409441843772,0.968342763628442,wick,1.729660282108287,102
2026-01-05 01:00:00+00:00,1,0.29285309090818956,0.18555812012411405,wick,1.6776182395560633,5
2026-01-06 14:30:00+00:00,1,-1.0,-1.0848080865547527,stop,2.1224391129705635,10
2026-01-07 15:45:00+00:00,1,-0.25320552317327466,-0.31241392853002853,timeout,3.040108898650951,289
2026-01-08 18:30:00+00:00,1,-0.12883276499607904,-0.1821500635185881,timeout,3.3760150080373847,289
2026-01-09 21:15:00+00:00,1,0.44039467871461874,0.3900300205849555,wick,3.573934713040086,213
2026-01-11 15:00:00+00:00,1,-1.0,-1.1888444864226506,stop,0.953165238815308,33
2026-01-12 22:15:00+00:00,1,0.9004244466933877,0.84390322521807,wick,3.18464455122585,86
2026-01-13 22:45:00+00:00,1,0.46111453635360744,0.40228753383927046,wick,3.0598193398708595,77
2026-01-15 03:00:00+00:00,1,-0.36590370883687257,-0.4156011737601535,timeout,3.6219151274188746,289
2026-01-16 05:00:00+00:00,1,-1.0,-1.061709977808324,stop,2.916870275972124,269
2026-01-17 07:30:00+00:00,1,-1.0,-1.1033482737279783,stop,1.7416836634714943,163
2026-01-18 08:15:00+00:00,1,-1.0,-1.1692937434670356,stop,1.063240709985535,63
2026-01-19 09:00:00+00:00,1,-1.0,-1.0868027662944701,stop,2.0736666316528125,82
2026-01-20 10:00:00+00:00,1,-1.0,-1.0705123965975878,stop,2.552742619531922,51
2026-01-21 10:15:00+00:00,1,0.5388710314993918,0.4824445548044428,wick,3.1899918361571715,222
2026-01-22 10:45:00+00:00,1,0.26238410548346847,0.20780167636297803,wick,3.2977645535461773,124
2026-01-23 11:15:00+00:00,1,0.23327315028328358,0.16227029680031732,wick,2.535109381810724,20
2026-01-24 14:15:00+00:00,1,-1.0,-1.1084891172000941,stop,1.6591525919416723,104
2026-01-25 19:00:00+00:00,1,0.21418416560330317,0.11857257294344391,wick,1.8826168981449218,39
2026-01-26 19:45:00+00:00,1,0.5419690662148977,0.4903431812407074,wick,3.4866230397791456,164
2026-01-27 21:00:00+00:00,1,-1.0,-1.0554860543140412,stop,3.244058389541127,169
2026-01-28 21:45:00+00:00,1,-1.0,-1.0489260878705144,stop,3.679018859557695,70
2026-01-30 02:45:00+00:00,1,0.21535135721769574,0.1814419794266195,wick,5.308266082292129,38
2026-01-31 03:15:00+00:00,1,-1.0,-1.0411539466239377,stop,4.373821097763223,53
2026-02-01 07:30:00+00:00,1,-1.0,-1.0327332883942095,stop,5.4989892195445265,237
2026-02-02 14:45:00+00:00,1,-1.0,-1.0289197716106613,stop,6.224115543624933,113
2026-02-03 15:30:00+00:00,1,-1.0,-1.0385618003236823,stop,4.6678318566328745,12
2026-02-04 17:00:00+00:00,1,-1.0,-1.0295069483556665,stop,6.100258075838372,78
2026-02-06 01:45:00+00:00,1,0.2530508620705112,0.2397256124553901,wick,13.508189729950072,47
2026-02-07 08:30:00+00:00,1,0.35583172394504153,0.3367056289120349,wick,9.411225850826705,108
2026-02-08 08:45:00+00:00,1,0.28955026803436706,0.25311771134453115,wick,4.940635968329311,58
2026-02-09 13:00:00+00:00,1,0.2009498315711514,0.16855267159852458,wick,5.556042571388558,17
2026-02-10 14:30:00+00:00,1,-1.0,-1.037570080248604,stop,4.791046460612428,99
2026-02-11 15:45:00+00:00,1,0.2833803488384183,0.2521471434609383,wick,5.76309724937118,40
2026-02-12 18:45:00+00:00,1,0.3662295584172071,0.3357806122023354,wick,5.91153463012409,60
2026-02-13 19:15:00+00:00,1,0.4641024933037303,0.42748315548498494,wick,4.9154356884044565,146
2026-02-14 21:15:00+00:00,1,0.23756597640928853,0.1805055018927207,wick,3.154547898961758,42
2026-02-15 22:45:00+00:00,1,0.24526651148709494,0.19653850508111062,wick,3.6939742311701487,58
2026-02-17 06:00:00+00:00,1,-0.1389636304884195,-0.18373134564824606,timeout,4.020754674599242,289
2026-02-18 08:00:00+00:00,1,-1.0,-1.0497703112850463,stop,3.6166139080203323,123
2026-02-19 09:30:00+00:00,1,0.3311536988046902,0.2760667256784882,wick,3.267560183196622,92
2026-02-20 10:00:00+00:00,1,-1.0,-1.0586939721847701,stop,3.0667544434265848,253
2026-02-21 13:00:00+00:00,1,-1.0,-1.0701059536437396,stop,2.567542279143842,145
2026-02-23 01:45:00+00:00,1,0.44605990229519765,0.3720013277363491,wick,2.430508568011501,55
2026-02-24 02:15:00+00:00,1,0.5619796726707028,0.5239243478022754,wick,4.729955679588403,93
2026-02-25 04:15:00+00:00,1,0.4417938919607576,0.4047911893200051,wick,4.864509539953415,44
2026-02-26 05:30:00+00:00,1,-1.0,-1.0338025375350741,stop,5.325044009291567,196
2026-02-27 12:00:00+00:00,1,-1.0,-1.0423194237965472,stop,4.2533660397967425,76
2026-02-28 14:00:00+00:00,1,0.2660342140506821,0.22725476921669635,wick,4.641634267086015,20
2026-03-01 15:45:00+00:00,1,0.471855842951472,0.4364660400677023,wick,5.086210866762156,111
2026-03-02 16:45:00+00:00,1,0.4142413797167285,0.38646846410178926,wick,6.481134443917623,183
2026-03-03 18:00:00+00:00,1,0.7783358785099221,0.7503483731516207,wick,6.43144137698611,82
2026-03-04 18:30:00+00:00,1,-1.0,-1.0281453555830093,stop,6.395371324022701,175
2026-03-05 19:15:00+00:00,1,-1.0,-1.0323654938733542,stop,5.561478551952229,193
2026-03-06 21:00:00+00:00,1,0.21861282275129942,0.1816012973362927,wick,4.863349942529445,261
2026-03-08 01:45:00+00:00,1,0.3234149586980371,0.25758244940326397,wick,2.7342114394277144,113
2026-03-09 02:45:00+00:00,1,0.4694654314088342,0.42728865845970754,wick,4.267751831490635,13
2026-03-10 05:15:00+00:00,1,0.36915397074295386,0.33439862957875327,wick,5.179060080279322,270
2026-03-11 14:15:00+00:00,1,0.3777315564912864,0.34077652766925104,wick,4.870784998351033,138
2026-03-12 15:45:00+00:00,1,0.3772221236402273,0.335440525985365,wick,4.3081167332779735,36
2026-03-13 19:15:00+00:00,1,0.4080061527370087,0.37380001031812904,wick,5.262212786106253,207
2026-03-14 23:45:00+00:00,1,0.43371337046955427,0.3508709596077686,wick,2.1728001168424727,39
2026-03-16 06:00:00+00:00,1,0.25821047543640924,0.21425316920912127,wick,4.094882408609902,75
2026-03-17 06:30:00+00:00,1,-1.0,-1.0380936268774312,stop,4.725199849811143,151
2026-03-18 08:45:00+00:00,1,-1.0,-1.0519515761507192,stop,3.4647649472230313,24
2026-03-19 09:15:00+00:00,1,0.2953662088467065,0.24913041907900602,wick,3.8930880364402225,91
2026-03-20 20:15:00+00:00,1,-1.0,-1.0446887257722912,stop,4.027861544255701,197
2026-03-21 23:45:00+00:00,1,-1.0,-1.08948809415239,stop,2.011440758739109,1
2026-03-23 03:45:00+00:00,1,0.9743436610961306,0.9258154622724973,wick,3.709183616193478,32
2026-03-24 05:30:00+00:00,1,0.5358902504485503,0.49445357546864965,wick,4.343977891259639,121
2026-03-25 05:45:00+00:00,1,0.22424090152192677,0.17622590306878166,wick,3.7488286118690795,24
2026-03-26 07:00:00+00:00,1,-1.0,-1.0515726621557515,stop,3.4902212233371435,103
2026-03-27 14:15:00+00:00,1,0.2365086405160582,0.19456889212888928,wick,4.2918712420093925,101
2026-03-28 15:45:00+00:00,1,-1.0,-1.0671828248940427,stop,2.6792561980519056,125
2026-03-29 23:00:00+00:00,1,1.2674256678418367,1.1886098061493793,wick,2.283804251260575,39
2026-03-31 01:00:00+00:00,1,0.31887003374681633,0.26538122240477374,wick,3.3651897562083004,3
2026-04-01 04:00:00+00:00,1,0.20191172781619054,0.1590771030221225,wick,4.202207930275305,53
2026-04-02 11:30:00+00:00,1,0.1756730985148207,0.12585964971515362,wick,3.6134819880450224,101
2026-04-03 12:30:00+00:00,1,0.9087394565945461,0.8436100042766586,wick,2.7637266028500544,236
2026-04-04 13:00:00+00:00,1,1.7654321473405916,1.640822264625628,wick,1.4445082210031253,138
2026-04-05 15:30:00+00:00,1,1.3104247806688,1.1874128092777616,wick,1.4632722162284861,32
2026-04-07 09:15:00+00:00,1,0.40531828207611276,0.343601507242094,wick,2.916549033615129,51
2026-04-08 13:15:00+00:00,1,-0.005363513797194633,-0.058455279062280506,timeout,3.3903562840915993,289
2026-04-09 16:00:00+00:00,1,0.20991872785461063,0.15363639914018767,wick,3.1981619117666873,26
2026-04-10 19:15:00+00:00,1,-1.0,-1.0517772337895925,stop,3.4764313739020323,178
2026-04-11 23:30:00+00:00,1,-1.0,-1.0766566740317975,stop,2.3481321394838393,10
2026-04-13 00:45:00+00:00,1,0.48202275186420274,0.41203639863905306,wick,2.571929979276542,59
2026-04-14 01:15:00+00:00,1,0.23593203328482296,0.18845418326414712,wick,3.7912415983793046,183
2026-04-15 08:45:00+00:00,1,0.3632402955317746,0.3076713582658851,wick,3.2392197665887585,57
2026-04-16 15:15:00+00:00,1,0.25594775228975125,0.20492377781435078,wick,3.527753411031928,28
2026-04-17 18:30:00+00:00,1,-1.0,-1.043887415495448,stop,4.101403510960202,207
2026-04-19 07:45:00+00:00,1,0.5060633490074457,0.4242841890583522,wick,2.201049755366132,29
2026-04-20 09:45:00+00:00,1,0.3824812315474228,0.32506759719516787,wick,3.1351438039199904,50
2026-04-21 14:45:00+00:00,1,0.6018434432118311,0.5471654934111614,wick,3.292003461289164,63
2026-04-22 15:45:00+00:00,1,-1.0,-1.0565359863289647,stop,3.1838128542170967,74
2026-04-23 18:00:00+00:00,1,0.13011451952356315,0.07782680561030073,timeout,3.442491295346998,289
2026-04-26 08:00:00+00:00,1,0.25914862026335544,0.14100081352345084,wick,1.523515374231697,56
2026-04-27 23:00:00+00:00,1,-1.0,-1.0677480707951938,stop,2.65690222448031,173
2026-04-29 04:45:00+00:00,1,-1.0,-1.0792359853505056,stop,2.271695104235253,54
2026-04-30 08:00:00+00:00,1,0.37261754115022033,0.3142151563134118,wick,3.082065920817563,93
2026-05-01 08:15:00+00:00,1,0.4038534230643627,0.3225451290554867,wick,2.2137962946357015,18
2026-05-02 12:30:00+00:00,1,0.3812208445026293,0.2852170240154183,wick,1.8749253840786313,37
2026-05-03 22:45:00+00:00,1,0.5028833319459725,0.39405713573732637,wick,1.6540135212931315,14
2026-05-05 01:00:00+00:00,1,0.27215443866638916,0.21966832528652802,wick,3.429478549826586,11
2026-05-06 01:15:00+00:00,1,0.386038726009605,0.32209715454911064,wick,2.8150700067046555,36
2026-05-07 01:30:00+00:00,1,-0.25704063554228995,-0.32292439836649256,timeout,2.732084390508983,289
2026-05-08 11:00:00+00:00,1,0.32847117558311834,0.2518656982060307,wick,2.3497014334099986,123
2026-05-10 15:15:00+00:00,1,0.91892398041468,0.7687194686761264,wick,1.198366133723789,107
2026-05-11 15:30:00+00:00,1,0.27885968574154407,0.20992500617011461,wick,2.6111675736954103,10
2026-05-12 17:15:00+00:00,1,0.39187163747530174,0.3194850564382503,wick,2.4866487326962727,35
2026-05-13 17:30:00+00:00,1,0.21389905950144167,0.14947401685679276,wick,2.79394459997227,50
2026-05-15 00:15:00+00:00,1,-1.0,-1.062337128716361,stop,2.8875247177170253,54
2026-05-16 01:15:00+00:00,1,-1.0,-1.0751464099992027,stop,2.3953240081849523,186
2026-05-17 04:15:00+00:00,1,-1.0,-1.1047412971747073,stop,1.7185198661399261,78
2026-05-18 08:00:00+00:00,1,0.4517403288118966,0.37505612228636365,wick,2.34728907236025,263
2026-05-19 08:45:00+00:00,1,0.35771289693099306,0.28783992953425336,wick,2.5761035591626924,164
2026-05-20 14:00:00+00:00,1,0.4220320825198789,0.3359681678475375,wick,2.091468888968017,47
2026-05-21 15:30:00+00:00,1,0.3162832979459783,0.24306406736042624,wick,2.458370547744029,10
2026-05-23 07:45:00+00:00,1,0.4179052789488258,0.32681093993511307,wick,1.9759735011953268,44
2026-05-24 10:30:00+00:00,1,0.28185115543357897,0.1980545275107497,wick,2.1480577973348423,115
2026-05-25 23:15:00+00:00,1,-1.0,-1.093657099298515,stop,1.9219044936068586,79
2026-05-27 01:00:00+00:00,1,-1.0,-1.06329240281079,stop,2.8439432223501244,106
2026-05-28 02:45:00+00:00,1,-0.08042336338569568,-0.14333866415213664,timeout,2.8609892634577054,289
2026-05-29 15:15:00+00:00,1,-1.0,-1.0673962531399426,stop,2.6707716173218943,282
2026-05-30 18:45:00+00:00,1,-1.0,-1.1069056077085135,stop,1.6837283268692902,149
2026-06-01 07:00:00+00:00,1,-1.0,-1.0784588135363367,stop,2.2941973232444615,28
2026-06-02 16:00:00+00:00,1,0.2227418345681276,0.17508720290430219,wick,3.777177447719899,2
2026-06-03 21:15:00+00:00,1,-1.0,-1.037260968190426,stop,4.83079234764088,19
2026-06-05 19:30:00+00:00,1,0.3283877881310593,0.30804815427327836,wick,8.849716826694056,14
2026-06-07 06:45:00+00:00,1,0.2975065197372435,0.25584429643959106,wick,4.320460737632851,63
2026-06-08 07:30:00+00:00,1,-0.1625570242739126,-0.1991625540179054,timeout,4.917289853715044,289
2026-06-09 07:45:00+00:00,1,0.1972166902935017,0.15165352716986225,wick,3.950559786895281,240
2026-06-10 12:00:00+00:00,1,0.3891854073424582,0.34195949356107375,wick,3.8114667475413135,13
2026-06-11 12:15:00+00:00,1,0.23748013668760315,0.1863743572996726,wick,3.5221065436389756,30
2026-06-12 14:00:00+00:00,1,0.29977358876187876,0.24451122393399133,wick,3.2571896002026555,11
2026-06-13 14:15:00+00:00,1,1.3317893158193912,1.245077187362152,wick,2.0758341791686523,151
2026-06-14 15:15:00+00:00,1,1.5154762983103944,1.419580573478093,wick,1.8770388389553032,51
2026-06-15 22:45:00+00:00,1,-1.0,-1.0630107148073928,stop,2.8566570074663153,179
2026-06-17 13:15:00+00:00,1,0.4219902857581821,0.3584136887110547,wick,2.8312304898384473,16
2026-06-18 20:15:00+00:00,1,0.3223702905973914,0.277795162228008,wick,4.038126340509511,177
2026-06-19 20:30:00+00:00,1,0.47670977334628073,0.41727081489998985,wick,3.0283168599370422,80
2026-06-20 22:15:00+00:00,1,0.5036821353257447,0.4283647056927645,wick,2.3898850621580596,162
2026-06-22 03:30:00+00:00,1,0.32740780901961675,0.26681945907272797,wick,2.9708681645528636,45
2026-06-23 04:00:00+00:00,1,-1.0,-1.0595554794375377,stop,3.0223919226237714,18
2026-06-24 18:00:00+00:00,1,0.5755551037090996,0.5362047669516731,wick,4.574293762963263,12
2026-06-26 03:45:00+00:00,1,0.3823611419876029,0.35068630000864837,wick,5.682743425195177,144
2026-06-27 06:30:00+00:00,1,0.23688252376323962,0.1928997489297153,wick,4.092511231528786,37
2026-06-28 07:15:00+00:00,1,-1.0,-1.0700598414414078,stop,2.5692321920331067,215
2026-06-29 07:30:00+00:00,1,0.192524131950852,0.1462009751042114,wick,3.8857455375054784,252
2026-07-01 01:30:00+00:00,1,0.31913720819019975,0.26305958681906205,wick,3.209836572930021,9
2026-07-02 01:45:00+00:00,1,0.5833868678445725,0.5412968286473437,wick,4.276546266838625,47
2026-07-03 12:15:00+00:00,1,0.34286180997423715,0.2790196393837294,wick,2.819453009430777,36
2026-07-04 17:45:00+00:00,1,0.3081178949977344,0.2183514497061566,wick,2.0052036082672897,116
2026-07-05 22:00:00+00:00,1,0.40317005143942486,0.3068920254778156,wick,1.8695854864304629,3
2026-07-07 00:30:00+00:00,1,-1.0,-1.0495306405035034,stop,3.634114119466486,129
2026-07-08 03:15:00+00:00,1,0.3081821023058176,0.2614959453668777,wick,3.855532598997585,189
2026-07-09 04:30:00+00:00,1,0.4327245223895878,0.3761849184939632,wick,3.183609144703071,11
2026-07-10 05:45:00+00:00,1,-0.7150090815024515,-0.7743975311270026,timeout,3.0308923896472324,289
2026-07-11 06:15:00+00:00,1,-1.0,-1.0848760343690766,stop,2.120739986711493,181
2026-07-12 12:15:00+00:00,1,-1.0,-1.1009359111417372,stop,1.7833098048447682,60
2026-07-13 14:30:00+00:00,1,0.24345672272789312,0.17527660392268218,wick,2.640065801502282,88
2026-07-15 00:00:00+00:00,1,-1.0,-1.0590085515331704,stop,3.050405328095828,215
2026-07-16 09:45:00+00:00,1,0.410149479263979,0.34584892322860583,wick,2.799353708558571,260
2026-07-17 10:15:00+00:00,1,0.5638598664443201,0.49460403914034734,wick,2.599059270636632,29
2026-07-18 12:00:00+00:00,1,0.8159576982124274,0.6952762039661596,wick,1.4915294273095792,59
2026-07-20 05:45:00+00:00,1,1.0921388624695934,1.0105307851649425,wick,2.20566402181052,97
2026-07-21 07:45:00+00:00,1,-0.29546304819789465,-0.3598480604448359,timeout,2.795681692342169,289
2026-07-22 11:00:00+00:00,1,-1.0,-1.0816641939513243,stop,2.2041483701815294,201
2026-07-23 13:00:00+00:00,1,-1.0,-1.0871084439018075,stop,2.0663898003149264,102
2026-07-24 15:45:00+00:00,1,0.38216828544570824,0.3149603279423015,wick,2.678254282476534,196
2026-07-27 02:00:00+00:00,1,-1.0,-1.114309197879202,stop,1.574676433214219,83
2026-07-28 03:00:00+00:00,1,0.4085349208221862,0.34672636597002526,wick,2.912218226595649,52
2026-07-29 06:00:00+00:00,1,0.4445091972265731,0.3775589688486747,wick,2.6885643912070876,123
2026-07-30 06:30:00+00:00,1,0.37662105121763795,0.31917443790798805,wick,3.133343980257991,25
2026-07-31 17:45:00+00:00,1,0.43960178906467795,0.37376485265666126,wick,2.734027581181346,287
2026-08-02 02:15:00+00:00,1,-1.0,-1.1251692041454626,stop,1.438053403222224,117
2026-08-03 02:45:00+00:00,1,0.5398381634390771,0.4431921697398972,wick,1.862467269572163,59
2026-08-04 15:00:00+00:00,1,0.5065912079556774,0.4298341579570877,wick,2.3450614634526374,154
2026-08-07 12:15:00+00:00,1,-0.13754537063959701,-0.23822770673706703,timeout,1.7878011871490844,289
2026-08-08 14:15:00+00:00,1,-1.0,-1.1813864585518132,stop,0.9923563282348487,197
2026-08-09 20:30:00+00:00,1,-1.0,-1.2574833369636391,stop,0.6990743638894931,69
2026-08-10 20:45:00+00:00,1,-1.0,-1.0880266338223112,stop,2.044835661481096,272
2026-08-12 09:45:00+00:00,1,-1.0,-1.1165710224649485,stop,1.5441230264075603,124
2026-08-13 17:30:00+00:00,1,-0.04629968092055007,-0.12348616411319396,timeout,2.3320145257914096,289
2026-08-14 18:30:00+00:00,1,0.6734897927078427,0.5824439598752619,wick,1.9770262339298073,275
2026-08-15 19:00:00+00:00,1,1.3500813399037825,1.1624733820452315,wick,0.9594475738375279,177
2026-08-16 20:15:00+00:00,1,1.6996283968782178,1.4378525299775768,wick,0.6876111313512348,76
2026-08-18 03:30:00+00:00,1,0.7961868903407856,0.6946558705233101,wick,1.7728572048580817,138
2026-08-19 14:15:00+00:00,1,2.7471772381083825,2.6365711340624896,wick,1.6273966211242195,5
2026-08-20 15:30:00+00:00,1,0.374272054477879,0.3362348089368026,wick,4.732203855445263,37
2026-08-21 19:30:00+00:00,1,-0.15214519271444701,-0.18065203811350286,timeout,6.314272852020365,151
2026-08-22 21:30:00+00:00,1,-0.2330257968571692,-0.28351846032708933,timeout,3.5648743328272023,47
