time,side,gross_r,net_r,exit,risk_pct,hold_bars
2020-01-03 04:45:00+00:00,1,1.6083531644756461,1.5353770964985345,timeout,2.466562052321806,289
2020-01-07 22:15:00+00:00,1,0.0034353702504910165,-0.035360228413922064,timeout,4.639701569165696,289
2020-01-08 22:30:00+00:00,1,0.19251322256884273,0.1622663859060054,timeout,5.951035541549911,289
2020-01-10 16:45:00+00:00,1,0.2584196038496072,0.21535147560017426,timeout,4.179424723487255,289
2020-01-12 00:30:00+00:00,1,2.279704575162853,2.2366755109471415,timeout,4.183219023719192,289
2020-01-28 05:45:00+00:00,1,0.9796866254487993,0.9248885643858987,timeout,3.2847877554168416,289
2020-02-09 03:45:00+00:00,1,-1.0,-1.0782241265371222,stop,2.301080343985417,105
2020-02-11 15:45:00+00:00,1,0.40251821056985176,0.32782908242679065,timeout,2.40998930467128,289
2020-02-16 03:00:00+00:00,1,-1.0,-1.0594282671087203,stop,3.02886166394018,55
2020-02-18 19:30:00+00:00,1,-1.0,-1.0509130033740957,stop,3.535442579912365,106
2020-02-26 14:15:00+00:00,1,-1.0,-1.0378249756805489,stop,4.758760495186858,11
2020-03-06 01:15:00+00:00,1,-1.0,-1.0658675624369487,stop,2.7327563574605302,189
2020-03-10 21:15:00+00:00,1,-1.0,-1.0326755122747888,stop,5.50871241088028,125
2020-03-12 14:45:00+00:00,1,-1.0,-1.0087342348723762,stop,20.60855960827018,35
2020-03-21 10:45:00+00:00,1,0.9015485709056303,0.8876419656013277,timeout,12.943489518920085,289
2020-03-22 12:45:00+00:00,1,0.9975441770812397,0.9779125705808895,timeout,9.168887935727028,289
2020-03-30 04:30:00+00:00,1,2.0459091488199266,2.0086730797731507,timeout,4.834022618603604,289
2020-04-06 06:45:00+00:00,1,0.8622611313993619,0.8159504537363916,timeout,3.886792616380283,289
2020-04-12 16:15:00+00:00,1,-1.0,-1.062991577486406,stop,2.8575248816215963,32
2020-04-16 12:45:00+00:00,1,0.3699253588400999,0.33901858069122287,timeout,5.823965187602062,289
2020-04-17 15:15:00+00:00,1,0.106368739107752,0.06279877009358571,timeout,4.131285930946496,289
2020-04-20 13:00:00+00:00,1,-1.0,-1.0572204505585752,stop,3.1457284632133176,26
2020-05-03 00:45:00+00:00,1,-1.0,-1.0531968178755142,stop,3.383661038169942,48
2020-05-05 08:45:00+00:00,1,2.4390640875273832,2.397755290182942,wick,4.357425332408585,253
2020-05-11 12:30:00+00:00,1,-1.0,-1.0244188223874544,stop,7.371362842316167,17
2020-05-13 12:30:00+00:00,1,1.1541860688071683,1.1129807570806611,timeout,4.368368845131353,289
2020-05-21 19:45:00+00:00,1,-0.15890734126836836,-0.19267014043586625,timeout,5.331311515583073,289
2020-05-24 20:00:00+00:00,1,-1.0,-1.051132157445485,stop,3.520289559303428,15
2020-06-15 07:30:00+00:00,1,1.088578318956403,1.040603839326331,timeout,3.751994839505689,289
2020-06-28 07:00:00+00:00,1,0.48408618866507713,0.42252933828412376,timeout,2.9241262164331707,289
2020-07-05 10:15:00+00:00,1,1.9531149035726603,1.827680191517371,timeout,1.4350094726622349,289
2020-07-27 01:15:00+00:00,1,2.4334542509132175,2.372786665601276,wick,2.9669880394031347,64
2020-07-28 04:15:00+00:00,1,-0.019889045383749478,-0.044755384492801975,timeout,7.238701250336913,289
2020-07-29 06:45:00+00:00,1,1.11104918234272,1.0745229245004058,timeout,4.927961708452836,289
2020-07-30 07:00:00+00:00,1,-1.0,-1.0397793918551073,stop,4.524956054019954,279
2020-08-02 13:15:00+00:00,1,0.6411059626440301,0.6179445402204048,timeout,7.7715434185248915,289
2020-08-10 03:00:00+00:00,1,-1.0,-1.0719139599255973,stop,2.5029910769234425,30
2020-08-18 15:30:00+00:00,1,-0.5907241349363727,-0.6344252784681341,timeout,4.118885352946842,289
2020-09-01 16:45:00+00:00,1,-1.0,-1.071304865103762,stop,2.5243719308362227,62
2020-09-05 13:15:00+00:00,1,-0.3481936022337327,-0.3809716216551334,timeout,5.491484939522564,289
2020-09-07 12:00:00+00:00,1,0.7241799744938214,0.6775683294598226,timeout,3.8616959317506763,289
2020-09-08 14:15:00+00:00,1,0.40551116498463713,0.3645172587825669,timeout,4.390896517953928,289
2020-09-16 16:45:00+00:00,1,-0.059844902515847356,-0.11838329508141844,timeout,3.074905068470665,289
2020-09-19 11:45:00+00:00,1,-1.0,-1.105784765491207,stop,1.7015682661314966,99
2020-10-21 01:30:00+00:00,1,2.5284840575559526,2.463733967733625,wick,2.779918923570841,80
2020-10-22 18:00:00+00:00,1,-0.11897446679898453,-0.16065170523130318,timeout,4.318904197366849,289
2020-10-25 06:45:00+00:00,1,1.4350725625591796,1.3855425627403228,timeout,3.634161127767078,289
2020-10-26 09:00:00+00:00,1,-1.0,-1.0840517075918183,stop,2.1415388831139146,36
2020-10-28 17:30:00+00:00,1,1.1847369571093282,1.1489531636945365,wick,5.030210126509246,258
2020-11-04 17:15:00+00:00,1,1.5907065117887564,1.5432886270790587,wick,3.7960360547923537,105
2020-11-05 19:45:00+00:00,1,0.3483330505727151,0.3170885005304822,timeout,5.761004711435951,289
2020-11-08 02:00:00+00:00,1,0.39395161904171233,0.36527571537211606,timeout,6.277047170821878,289
2020-11-09 17:00:00+00:00,1,0.8700851677097916,0.8393419671669283,wick,5.8549531870970215,197
2020-11-12 15:30:00+00:00,1,-0.04160405936046569,-0.07860814782573888,timeout,4.8643273612569216,289
2020-11-13 16:45:00+00:00,1,0.6431589749997142,0.5963368020758288,timeout,3.8443324766795843,289
2020-11-14 22:15:00+00:00,1,1.8293353328214843,1.7736046127535574,wick,3.229816513775675,246
2020-11-16 04:30:00+00:00,1,2.083429689522383,2.0188170842669426,wick,2.7858341153152018,125
2020-11-17 13:00:00+00:00,1,1.575800640780522,1.5203812514205761,wick,3.2479607241954596,83
2020-11-19 18:15:00+00:00,1,0.5439572947648708,0.5101727337336045,timeout,5.327877424052286,289
2020-11-22 12:30:00+00:00,1,0.9584207125787673,0.9232514413506735,wick,5.118104348327047,181
2020-11-24 12:30:00+00:00,1,-1.0,-1.0364966826948685,stop,4.93195509040903,155
2020-11-26 12:15:00+00:00,1,0.4958447609527076,0.47665947974903095,timeout,9.382192426009631,289
2020-11-27 20:30:00+00:00,1,2.098015258532105,2.0711008580410493,timeout,6.6878695685538005,289
2020-11-29 08:30:00+00:00,1,1.1718731469538084,1.12269105374288,wick,3.6598686279583474,233
2020-12-01 16:45:00+00:00,1,-0.0854023799153096,-0.10648464932759615,timeout,8.537980256295262,289
2020-12-02 18:30:00+00:00,1,0.05969780470634345,0.03151667620291865,timeout,6.387253085983585,289
2020-12-04 18:45:00+00:00,1,-0.0850766033106546,-0.12932821428287603,timeout,4.0676485227395105,289
2020-12-05 22:15:00+00:00,1,-0.551200802353244,-0.6127270384403634,timeout,2.9255812064486646,289
2020-12-07 20:45:00+00:00,1,-1.0,-1.0659417556692403,stop,2.7296816436442577,105
2020-12-09 01:30:00+00:00,1,0.08123164691395597,0.037846893030378824,timeout,4.1489229253905515,289
2020-12-11 19:15:00+00:00,1,1.5608598683814463,1.5163366304494246,timeout,4.042832650105656,289
2020-12-13 22:45:00+00:00,1,4.371590782038221,4.306403028538099,timeout,2.7612548421332446,289
2020-12-18 03:15:00+00:00,1,0.4625346784152002,0.4415691891619726,wick,8.58553777714914,149
2020-12-19 05:30:00+00:00,1,0.908335455288787,0.8684281102700773,wick,4.510447886613618,44
2020-12-21 15:00:00+00:00,1,0.45734446191854355,0.4323089541826084,wick,7.189788275858841,186
2020-12-23 12:30:00+00:00,1,0.5114065141706051,0.4770955812711972,wick,5.246141238063107,4
2020-12-24 13:00:00+00:00,1,0.5516009468099766,0.5201516266879228,wick,5.723494158265608,84
2020-12-25 15:15:00+00:00,1,0.6166075578848427,0.5823801701257191,wick,5.258946469031056,49
2020-12-27 19:15:00+00:00,1,0.3346256207930732,0.31183623568637914,wick,7.898414071168931,230
2020-12-28 20:15:00+00:00,1,0.5701607662566207,0.5397781524216989,wick,5.924440898271495,130
2020-12-29 21:15:00+00:00,1,0.6228169410202393,0.5862459489236164,wick,4.921933742580138,30
2020-12-31 10:15:00+00:00,1,0.90597397221459,0.874751223597711,wick,5.76502735901644,203
2021-01-01 18:15:00+00:00,1,1.0579428981526635,1.018811800042512,wick,4.599922023484008,75
2021-01-03 00:30:00+00:00,1,0.606514754987674,0.5864679130699808,wick,8.97897039040013,21
2021-01-04 02:45:00+00:00,1,-1.0,-1.0197101241045132,stop,9.132362589172342,30
2021-01-05 07:15:00+00:00,1,0.6857966773154973,0.6713336971990423,wick,12.445567825624575,50
2021-01-06 08:45:00+00:00,1,0.7046814567968063,0.6855954484762431,wick,9.430992430516167,61
2021-01-07 09:30:00+00:00,1,0.2530455885921044,0.23229364055843021,wick,8.673884481009388,11
2021-01-08 12:15:00+00:00,1,-1.0,-1.0166838151806126,stop,10.788899184712172,223
2021-01-09 17:15:00+00:00,1,-1.0,-1.0202928811275482,stop,8.870105672458948,108
2021-01-10 19:15:00+00:00,1,-1.0,-1.0199985050840015,stop,9.00067276248546,33
2021-01-12 01:15:00+00:00,1,0.5425443664658981,0.5322071086398844,wick,17.41274166027186,242
2021-01-13 03:15:00+00:00,1,0.3698685498689914,0.35645456198626874,wick,13.418828283857408,63
2021-01-14 10:15:00+00:00,1,0.4327450838803224,0.4105325122359459,wick,8.103519163913209,22
2021-01-15 18:15:00+00:00,1,0.49345538047385107,0.4748734297101301,wick,9.686819338227307,72
2021-01-16 18:30:00+00:00,1,-1.0,-1.0209100834829574,stop,8.608287008835127,63
2021-01-18 02:00:00+00:00,1,0.26843776416835724,0.24455637544202724,wick,7.537250118186978,47
2021-01-19 11:00:00+00:00,1,-1.0,-1.0288349551197058,stop,6.24242344934285,70
2021-01-20 12:15:00+00:00,1,-1.0,-1.023826680605861,stop,7.554556296680418,96
2021-01-21 19:30:00+00:00,1,-1.0,-1.0172565953032044,stop,10.430794536079532,23
2021-01-23 06:00:00+00:00,1,0.20701277354332254,0.18564944361594937,wick,8.425652770983204,237
2021-01-24 23:45:00+00:00,1,0.2696134113825188,0.24007554940526676,wick,6.093873691285545,10
2021-01-26 17:15:00+00:00,1,-1.0,-1.0208448381315949,stop,8.635231363450648,87
2021-01-28 03:45:00+00:00,1,0.26889762138065,0.24983732175999004,wick,9.443713036121077,42
2021-01-29 05:00:00+00:00,1,1.233764878125214,1.2091096210311323,wick,7.300674225912128,17
2021-01-30 08:15:00+00:00,1,0.008000833103768156,-0.007024493339278124,timeout,11.979772997431546,289
2021-01-31 12:45:00+00:00,1,0.3751095935091124,0.3456515938970362,wick,6.110394540375028,191
2021-02-02 06:30:00+00:00,1,0.5228788972781674,0.48905862357488894,wick,5.322251427626715,24
2021-02-03 08:30:00+00:00,1,0.40540580979943347,0.37038535651462945,wick,5.139853517490169,29
2021-02-04 10:00:00+00:00,1,0.5431140976784627,0.5143526553883487,wick,6.258378776153039,161
2021-02-05 12:45:00+00:00,1,0.34565133883116383,0.3127848962671984,wick,5.476710771166667,54
2021-02-06 13:15:00+00:00,1,-1.0,-1.0342117629594951,stop,5.261348274074934,63
2021-02-07 18:30:00+00:00,1,2.367954308329163,2.340570202552059,wick,6.5731560294548075,76
2021-02-08 20:15:00+00:00,1,0.3693737555894425,0.3485596669589218,wick,8.647988542532548,8
2021-02-09 20:45:00+00:00,1,0.3034530057532881,0.2829303106366705,wick,8.770777862126442,206
2021-02-10 22:15:00+00:00,1,0.7643105587603216,0.7406893580823997,wick,7.620273095103129,65
2021-02-12 00:15:00+00:00,1,0.037203940377372194,0.012087084197328055,timeout,7.166501998088985,289
2021-02-13 03:15:00+00:00,1,0.2570337691547258,0.22408353136878797,wick,5.4627830357211735,110
2021-02-14 05:45:00+00:00,1,0.33069877577470114,0.2879835995152488,wick,4.213958966402917,4
2021-02-15 06:30:00+00:00,1,0.2553639106603172,0.2283192259083792,wick,6.65565162437699,22
2021-02-16 07:00:00+00:00,1,0.23735857871141,0.2057260789024576,wick,5.690350148964759,24
2021-02-17 09:15:00+00:00,1,0.4535244072472457,0.4227098248216065,wick,5.841390206548171,193
2021-02-18 12:30:00+00:00,1,0.22855567660923246,0.18833816325114755,wick,4.475662092714011,6
2021-02-19 15:30:00+00:00,1,0.19196156980051224,0.14506562250132218,wick,3.838284763747779,3
2021-02-20 17:45:00+00:00,1,-1.0,-1.032588176353702,stop,5.523475693955242,20
2021-02-22 07:30:00+00:00,1,-1.0,-1.0315132458057321,stop,5.711883857017952,20
2021-02-23 10:15:00+00:00,1,0.2971624230231269,0.2851322731458805,wick,14.96240710520564,75
2021-02-24 15:45:00+00:00,1,0.458391763015591,0.4424358979901125,wick,11.28111824163556,86
2021-02-25 16:30:00+00:00,1,-1.0,-1.023435010781381,stop,7.680815753795576,30
2021-02-27 08:00:00+00:00,1,-1.0,-1.0216457996441795,stop,8.315701104089378,128
2021-02-28 09:45:00+00:00,1,0.6717860163468308,0.6500277490932641,wick,8.272717579130482,105
2021-03-01 13:45:00+00:00,1,0.23524207261303492,0.20704945036618333,wick,6.384649090955046,10
2021-03-02 14:15:00+00:00,1,0.5857176240480827,0.5511334059592579,wick,5.204686124107089,98
2021-03-03 16:30:00+00:00,1,-1.0,-1.0300858045953396,stop,5.982888023805153,102
2021-03-04 21:00:00+00:00,1,0.3668763052966415,0.3440348897402575,wick,7.8804222774928405,217
2021-03-05 21:45:00+00:00,1,0.4905334485765177,0.4630937179483729,wick,6.559831160127164,152
2021-03-06 23:45:00+00:00,1,0.2191508350534536,0.18281215630562359,wick,4.953399688775114,14
2021-03-08 10:45:00+00:00,1,0.263414702372634,0.2288705387365183,wick,5.210721032244395,12
2021-03-09 11:00:00+00:00,1,0.2448106814682725,0.2092845922125117,wick,5.066698974495531,96
2021-03-10 14:00:00+00:00,1,0.21817491389671492,0.1829448484287834,wick,5.109272367485281,19
2021-03-11 14:15:00+00:00,1,0.6886714664195283,0.6567540962553302,wick,5.639562378541684,178
2021-03-12 15:15:00+00:00,1,0.8803786250657747,0.8499643079252726,wick,5.918265373786655,78
2021-03-13 18:00:00+00:00,1,-1.0,-1.0364586139531007,stop,4.937104856250083,150
2021-03-14 18:45:00+00:00,1,-1.0,-1.0414566775851934,stop,4.3418819472472165,51
2021-03-16 01:45:00+00:00,1,0.35835718313306636,0.3341441775187997,wick,7.434021321745428,27
2021-03-17 06:30:00+00:00,1,0.4687594511282438,0.4351947387400827,wick,5.362774985776115,51
2021-03-18 09:15:00+00:00,1,0.5121200012782667,0.47580416706830087,wick,4.956515633354332,28
2021-03-20 06:15:00+00:00,1,0.24661023077815225,0.20293495082732005,wick,4.121324470103833,12
2021-03-21 07:15:00+00:00,1,-1.0,-1.0434565425232354,stop,4.142069054475686,150
2021-03-22 10:30:00+00:00,1,-1.0,-1.04764151782802,stop,3.7782171560901445,35
2021-03-23 13:00:00+00:00,1,0.5573211326103908,0.5243989235422077,wick,5.467433841611707,94
2021-03-24 16:00:00+00:00,1,-1.0,-1.0377414921918664,stop,4.769286786143335,18
2021-03-25 17:00:00+00:00,1,0.4089278389304046,0.38432459486657145,wick,7.316108377130663,79
2021-03-26 21:15:00+00:00,1,0.32638489142739485,0.28935650341723296,wick,4.861135190400448,44
2021-03-27 22:00:00+00:00,1,0.6975051460745448,0.6506741768463721,wick,3.8436103921529527,144
2021-03-28 22:15:00+00:00,1,0.27386450585518785,0.2276802094930056,wick,3.897428653852829,37
2021-03-30 07:30:00+00:00,1,0.358101366540373,0.3090812745025432,wick,3.671963729914877,14
2021-03-31 12:30:00+00:00,1,0.299592953977314,0.2601873218478544,wick,4.567874952713481,35
2021-04-01 14:30:00+00:00,1,0.36676185195803546,0.3178649332844545,wick,3.6812135587033223,51
2021-04-03 00:15:00+00:00,1,-1.0,-1.0632474983139024,stop,2.8459623668693634,87
2021-04-04 00:45:00+00:00,1,0.2397057988457953,0.1934921110637992,wick,3.894949930183332,47
2021-04-05 07:15:00+00:00,1,0.33676395879693427,0.27523829967170305,wick,2.925608641325118,21
2021-04-06 16:30:00+00:00,1,-1.0,-1.0561013954850194,stop,3.208476339025563,76
2021-04-07 18:15:00+00:00,1,0.528243468774679,0.4878509540384597,wick,4.456271197163098,82
2021-04-08 18:45:00+00:00,1,0.37414253855013874,0.3231492061143119,wick,3.5298732481648107,68
2021-04-09 23:45:00+00:00,1,1.8159124045903319,1.7494984493037034,wick,2.7102737553148053,25
2021-04-11 19:15:00+00:00,1,0.4439504984454537,0.38680780804204873,wick,3.1500091915391213,48
2021-04-12 19:30:00+00:00,1,0.3579512954280035,0.3044138394071213,wick,3.3621321104572317,29
2021-04-13 20:15:00+00:00,1,0.24829838432968193,0.2031560894498939,wick,3.9873914358880556,52
2021-04-14 20:30:00+00:00,1,-0.4055092357905697,-0.4368787464825075,timeout,5.738055711728431,289
2021-04-16 02:30:00+00:00,1,-1.0,-1.0520148158838751,stop,3.4605524780065724,27
2021-04-17 05:30:00+00:00,1,-1.0,-1.0518045423905393,stop,3.474598784080224,43
2021-04-18 06:30:00+00:00,1,-0.09108215353535445,-0.11040288569848969,timeout,9.316417125405192,289
2021-04-19 07:30:00+00:00,1,-1.0,-1.030285304635775,stop,5.943476618933265,76
2021-04-20 10:30:00+00:00,1,0.3248393769622421,0.2977503654481495,wick,6.644760732829183,41
2021-04-21 15:00:00+00:00,1,-1.0,-1.0327318275312067,stop,5.4992346464121855,45
2021-04-22 19:45:00+00:00,1,-1.0,-1.0283682547709707,stop,6.3451206799014965,25
2021-04-23 20:30:00+00:00,1,-1.0,-1.0218274990192726,stop,8.246478437180015,197
2021-04-25 14:45:00+00:00,1,-1.0,-1.0374007688207625,stop,4.812735290619898,25
2021-04-26 16:45:00+00:00,1,0.18597997145970285,0.151858359481002,wick,5.275249015561114,23
2021-04-28 00:15:00+00:00,1,-1.0,-1.0454393694520039,stop,3.961322574912222,164
2021-04-29 04:00:00+00:00,1,0.6570397202460062,0.6170178958772312,wick,4.497546097384706,137
2021-04-30 04:30:00+00:00,1,0.7954322605768794,0.7496657138562182,wick,3.9330037526895,39
2021-05-01 05:30:00+00:00,1,0.2085184413837593,0.16458673045961558,wick,4.097268151263299,205
2021-05-03 00:30:00+00:00,1,0.41294122543045964,0.35690183788501606,wick,3.212026538549053,7
2021-05-04 07:00:00+00:00,1,-1.0,-1.0348252101607145,stop,5.1686694543785885,68
2021-05-05 14:00:00+00:00,1,0.2317367621572812,0.19905311414719823,wick,5.507341161686409,6
2021-05-06 15:45:00+00:00,1,0.29871868624663284,0.26009486574340096,wick,4.660336488073169,108
2021-05-07 23:15:00+00:00,1,0.5620346718779794,0.5247720633844388,wick,4.830579695761303,55
2021-05-09 02:00:00+00:00,1,-1.0,-1.0407932074921251,stop,4.412499312164848,44
2021-05-10 03:15:00+00:00,1,-1.0,-1.0456827893285798,stop,3.940214742697188,47
2021-05-11 04:00:00+00:00,1,0.7000382933813842,0.6734452479532755,wick,6.768686966921857,96
2021-05-12 07:15:00+00:00,1,-1.0,-1.0413423141438656,stop,4.353892705996693,38
2021-05-13 11:30:00+00:00,1,0.2923346088670618,0.27377561186554145,wick,9.698799993623282,118
2021-05-14 13:30:00+00:00,1,-1.0,-1.026335880546879,stop,6.834781912060743,121
2021-05-15 14:15:00+00:00,1,-1.0,-1.0290409458779044,stop,6.198145224221239,113
2021-05-16 17:00:00+00:00,1,-1.0,-1.0272913684534573,stop,6.595491915583966,15
2021-05-17 20:00:00+00:00,1,-1.0,-1.016577639751043,stop,10.857999250989462,131
2021-05-18 22:45:00+00:00,1,-1.0,-1.020974053957098,stop,8.58203189370007,23
2021-05-20 04:00:00+00:00,1,0.38260575081591214,0.3748796335159632,wick,23.2976012415951,37
2021-05-21 09:15:00+00:00,1,-1.0,-1.0137421810664373,stop,13.098357468132555,48
2021-05-23 00:30:00+00:00,1,-1.0,-1.0160632510615843,stop,11.205701716912953,50
2021-05-24 01:00:00+00:00,1,0.33962972237579403,0.32744480751941457,wick,14.772364199636586,41
2021-05-25 03:30:00+00:00,1,0.3289096907462424,0.3125233749514732,wick,10.984775483056364,124
2021-05-26 04:45:00+00:00,1,-1.0,-1.0213478114380425,stop,8.43177767999361,209
2021-05-27 06:45:00+00:00,1,0.23954402906112118,0.216579244053994,wick,7.83808774800794,8
2021-05-28 17:45:00+00:00,1,0.22582293463851735,0.20625531821723106,wick,9.198872061095296,264
2021-05-29 20:45:00+00:00,1,0.38700689335833705,0.36876134801678645,wick,9.865421758048845,42
2021-05-31 07:15:00+00:00,1,0.6663405006672243,0.6384217236404099,wick,6.447273812428119,15
2021-06-01 09:45:00+00:00,1,0.24380727573741456,0.217541206491996,wick,6.852947744794216,20
2021-06-02 16:00:00+00:00,1,0.4029587855240128,0.3694178506163164,wick,5.366576706801824,59
2021-06-03 23:30:00+00:00,1,-1.0,-1.0424560299965635,stop,4.239680441496041,11
2021-06-05 10:15:00+00:00,1,-1.0,-1.027342017882522,stop,6.583274167012425,235
2021-06-06 15:15:00+00:00,1,-1.0,-1.0329342797248753,stop,5.465429986739509,119
2021-06-07 22:15:00+00:00,1,-1.0,-1.0282005602599633,stop,6.382851912894388,36
2021-06-09 07:00:00+00:00,1,0.2711161556430384,0.24721444733475847,wick,7.53084246859648,27
2021-06-10 10:00:00+00:00,1,0.23216487409965128,0.20545140456305638,wick,6.738173779838566,5
2021-06-11 10:15:00+00:00,1,-1.0,-1.0269717917737846,stop,6.673638945075666,96
2021-06-13 06:30:00+00:00,1,0.47798760526776835,0.4439645444582646,wick,5.2905292974029035,18
2021-06-14 08:30:00+00:00,1,0.378678102775247,0.3453881733336934,wick,5.407040598149122,108
2021-06-15 16:15:00+00:00,1,-1.0,-1.0370319625630962,stop,4.860665963714752,125
2021-06-17 06:45:00+00:00,1,-1.0,-1.038990612806824,stop,4.616495793277106,54
2021-06-18 10:30:00+00:00,1,-1.0,-1.0382613263215068,stop,4.704489292594696,32
2021-06-19 14:45:00+00:00,1,-1.0,-1.0326648257471964,stop,5.510514624908096,78
2021-06-20 15:00:00+00:00,1,0.2950900954715282,0.26408488125076374,wick,5.805475128098049,17
2021-06-21 17:00:00+00:00,1,-1.0,-1.0182566909614994,stop,9.859398966636032,84
2021-06-23 06:30:00+00:00,1,0.20245812762020896,0.18465608083963117,wick,10.11119688756137,143
2021-06-24 09:00:00+00:00,1,0.24109962541010402,0.21650716132210693,wick,7.319315354326495,30
2021-06-25 18:45:00+00:00,1,0.3053078903447656,0.2826312115478936,wick,7.937670309323662,134
2021-06-26 21:45:00+00:00,1,0.6736939160437655,0.6530884029674003,wick,8.735526231883174,26
2021-06-27 22:45:00+00:00,1,0.19656444426631048,0.16683948334222654,wick,6.055516791416847,8
2021-06-29 07:00:00+00:00,1,0.22836588169028726,0.19668045192152991,wick,5.680844517926807,24
2021-06-30 07:45:00+00:00,1,-1.0,-1.0353823429283098,stop,5.087283235163594,93
2021-07-02 05:00:00+00:00,1,1.5610363618928789,1.5272791752994832,wick,5.332197915901428,260
2021-07-05 04:30:00+00:00,1,0.5617139346741407,0.5135450687412079,wick,3.736853598559295,114
2021-07-06 12:30:00+00:00,1,0.39016849335545306,0.353788365053333,wick,4.947756052567586,79
2021-07-07 22:30:00+00:00,1,-1.0,-1.0492091357005675,stop,3.6578573762254525,30
2021-07-09 05:15:00+00:00,1,0.5106835393780375,0.4708806190048248,wick,4.522281237462669,67
2021-07-12 01:45:00+00:00,1,-1.0,-1.0573233426914523,stop,3.1400820599186807,60
2021-07-13 07:15:00+00:00,1,-1.0,-1.053685123995098,stop,3.352884125152361,81
2021-07-16 12:00:00+00:00,1,0.5991199353060291,0.5506781428115685,wick,3.7157997409072565,5
2021-07-18 01:30:00+00:00,1,-1.0,-1.0544717010808053,stop,3.3044681261740156,53
2021-07-21 16:45:00+00:00,1,1.1489276601634022,1.1025524800869537,wick,3.881386545632247,267
2021-07-23 17:30:00+00:00,1,1.6003486639236468,1.5427122139239076,wick,3.1230237115716624,72
2021-07-24 23:45:00+00:00,1,3.2906358297507254,3.2386471179750713,wick,3.4622900597489443,102
2021-07-26 02:30:00+00:00,1,0.29018841630549636,0.275940316197159,wick,12.633263286427313,66
2021-07-27 06:00:00+00:00,1,0.24503096694095083,0.22493161337354456,wick,8.955511897252935,57
2021-07-28 10:45:00+00:00,1,0.6206343043921346,0.5940576585943299,wick,6.77286371536277,250
2021-07-30 02:00:00+00:00,1,0.9192609967642389,0.8809335301246042,wick,4.696370926166577,93
2021-07-31 17:45:00+00:00,1,0.3182220264638298,0.27790893245201453,wick,4.465050485761378,48
2021-08-01 18:00:00+00:00,1,-1.0,-1.0451257484341872,stop,3.9888535092668382,22
2021-08-03 16:00:00+00:00,1,0.9255351006111414,0.888791006825083,wick,4.898746477407929,122
2021-08-05 07:00:00+00:00,1,-1.0,-1.0512955285817043,stop,3.5090777885891753,23
2021-08-07 02:00:00+00:00,1,0.2428100498056922,0.20944359031557677,wick,5.3946388903900235,34
2021-08-08 21:45:00+00:00,1,0.721056842530531,0.6891179605982253,wick,5.63576396886743,66
2021-08-09 23:00:00+00:00,1,-0.7212580780709933,-0.7524675812046993,timeout,5.7674740680379974,289
2021-08-11 09:30:00+00:00,1,-1.0,-1.043232852401647,stop,4.1635004400760485,108
2021-08-12 17:00:00+00:00,1,1.8687591424440702,1.827322500824382,wick,4.343981388551411,110
2021-08-14 22:30:00+00:00,1,-1.0,-1.0454416276353855,stop,3.9611257203259496,279
2021-08-16 00:00:00+00:00,1,-1.0,-1.0457915264729576,stop,3.93085825837887,177
2021-08-17 01:30:00+00:00,1,0.2826660571131103,0.23799504388688023,wick,4.029458635478339,35
2021-08-18 04:15:00+00:00,1,0.32972747446134504,0.2912380950974783,wick,4.676614769449395,51
2021-08-19 04:30:00+00:00,1,0.09359469073260872,0.05239179713525378,wick,4.36862521741811,15
2021-08-20 04:45:00+00:00,1,0.9458931569583333,0.8989607602735918,wick,3.8353038138902695,81
2021-08-21 08:15:00+00:00,1,0.48182953039594495,0.42767954160251875,wick,3.3241004109284704,167
2021-08-22 08:45:00+00:00,1,0.49422258136476876,0.4363938287247761,wick,3.1126384675902083,69
2021-08-24 01:00:00+00:00,1,-1.0,-1.0584438336947628,stop,3.079880093768213,62
2021-08-25 02:00:00+00:00,1,0.4434826437860167,0.3951479088285081,wick,3.7240299374402124,69
2021-08-26 06:15:00+00:00,1,0.796103517160716,0.7563561932972408,wick,4.528606771572013,154
2021-08-27 09:45:00+00:00,1,0.9387409365643541,0.8942228821803876,wick,4.04330338535253,44
2021-08-28 17:15:00+00:00,1,-1.0,-1.0665273100509476,stop,2.7056557654616316,150
2021-08-30 06:00:00+00:00,1,0.45694415039954867,0.4037878031933142,wick,3.3862371938696456,240
2021-08-31 21:45:00+00:00,1,0.8904648108599389,0.8418691486357096,wick,3.7040343059725567,81
2021-09-02 01:45:00+00:00,1,0.2034454646902703,0.1521750687761741,wick,3.5107979330136407,246
2021-09-03 03:15:00+00:00,1,0.38057738199429003,0.33128800930256486,wick,3.651902837672325,78
2021-09-04 03:45:00+00:00,1,0.3047409615626512,0.2573754614702438,wick,3.8002343403707415,164
2021-09-05 08:45:00+00:00,1,0.5889119620672958,0.5271598320969237,wick,2.9148792128524446,48
2021-09-06 22:00:00+00:00,1,0.440751562272374,0.3687864217109921,wick,2.5012109834826335,22
2021-09-08 02:00:00+00:00,1,-0.44651296510322697,-0.46795697316041923,timeout,8.393953197552001,289
2021-09-09 04:15:00+00:00,1,0.27756761414294207,0.24652617583015377,wick,5.798700375486288,36
2021-09-10 08:15:00+00:00,1,-1.0,-1.0477152038989967,stop,3.772382496384643,55
2021-09-11 09:00:00+00:00,1,0.4377704931124623,0.3955179639829176,wick,4.2601000155073985,95
2021-09-12 12:00:00+00:00,1,-1.0,-1.0563838999207529,stop,3.1924006720533473,64
2021-09-13 15:30:00+00:00,1,0.5589412227174181,0.532998884447131,wick,6.938464764610752,69
2021-09-14 23:00:00+00:00,1,0.46122388043345125,0.412283213176564,wick,3.677922882726312,78
2021-09-16 00:00:00+00:00,1,0.09374995067224814,0.03205436497412644,timeout,2.917550712311011,289
2021-09-17 02:00:00+00:00,1,-0.49791612909163496,-0.5495954799152014,timeout,3.483015887999847,289
2021-09-18 04:30:00+00:00,1,-1.0,-1.0545017404186248,stop,3.3026468259073973,185
2021-09-19 06:45:00+00:00,1,-1.0,-1.0684217958521671,stop,2.6307406544679135,80
2021-09-21 08:00:00+00:00,1,-1.0,-1.0242315364727455,stop,7.428336218070878,54
2021-09-22 11:00:00+00:00,1,0.5802542414757372,0.5547340581067768,wick,7.053240856369773,76
2021-09-23 14:30:00+00:00,1,0.3016270731211475,0.2665074341127116,wick,5.125337420375052,34
2021-09-24 17:00:00+00:00,1,0.2449612427644134,0.21983880439405606,wick,7.164909605764502,17
2021-09-26 03:30:00+00:00,1,0.8130452550515253,0.7695798742215119,wick,4.141226800794709,75
2021-09-27 05:15:00+00:00,1,-1.0,-1.0394288063064283,stop,4.5651901962513595,74
2021-09-28 12:30:00+00:00,1,0.40770615687205336,0.3681275379095841,wick,4.547910076667561,148
2021-09-29 15:00:00+00:00,1,0.3956094753948384,0.35091676252904425,wick,4.02750221362741,42
2021-09-30 15:15:00+00:00,1,0.39018896897179167,0.34864560084149665,wick,4.3328215332819155,15
2021-10-01 16:00:00+00:00,1,0.2235618469653745,0.18942117759206395,wick,5.272304360286352,19
2021-10-02 20:00:00+00:00,1,0.4006420700233561,0.34018783254992785,wick,2.977458777461484,89
2021-10-03 22:30:00+00:00,1,0.42510399517881564,0.3729970610808612,wick,3.454434675846077,77
2021-10-04 23:30:00+00:00,1,0.18926902726217545,0.1500262320095591,wick,4.586829221549891,40
2021-10-06 01:45:00+00:00,1,1.742221113576301,1.6969374470990248,wick,3.974943152854594,46
2021-10-07 03:00:00+00:00,1,0.2275592189873751,0.19220601046435104,wick,5.091475640259739,119
2021-10-08 06:30:00+00:00,1,0.7185173513407277,0.673089616635312,wick,3.9623371309892983,9
2021-10-09 12:30:00+00:00,1,0.35272559972274925,0.3047588773401447,wick,3.7526016175180255,67
2021-10-10 13:30:00+00:00,1,0.262247109932618,0.2139370190763092,wick,3.725929651744668,55
2021-10-11 20:30:00+00:00,1,-1.0,-1.0474863711461302,stop,3.7905612843332372,94
2021-10-12 22:15:00+00:00,1,0.3046299488651205,0.26848659246338114,wick,4.980168360659984,75
2021-10-14 01:45:00+00:00,1,0.5086081897491797,0.46811540056764,wick,4.445235896026163,111
2021-10-15 03:30:00+00:00,1,0.2202768420442277,0.18127539532051135,wick,4.6152134118282335,8
2021-10-16 05:30:00+00:00,1,-1.0,-1.0374217027681374,stop,4.810043014751865,155
2021-10-17 09:45:00+00:00,1,-1.0,-1.0529174829309942,stop,3.4015223330770463,42
2021-10-18 16:15:00+00:00,1,0.13460685997544178,0.09949042619798779,wick,5.125805232408494,86
2021-10-19 17:15:00+00:00,1,1.230651507051974,1.1892816660767829,wick,4.350995695341039,87
2021-10-20 21:15:00+00:00,1,-1.0,-1.0480355311900744,stop,3.7472261790495924,69
2021-10-22 05:00:00+00:00,1,-1.0,-1.034380148976674,stop,5.235579407236568,121
2021-10-23 05:45:00+00:00,1,0.30492575739395356,0.26345706096983196,wick,4.34062354309496,194
2021-10-24 06:15:00+00:00,1,0.4551299905889229,0.39873610863227743,wick,3.1918355990882232,96
2021-10-25 06:45:00+00:00,1,0.3312261749303693,0.2792759453991285,wick,3.4648547585676197,4
2021-10-26 15:15:00+00:00,1,-1.0,-1.0609113333045566,stop,2.9551150867113765,28
2021-10-28 03:15:00+00:00,1,0.6981419122903072,0.6563262610905597,wick,4.304608318549562,34
2021-10-29 06:15:00+00:00,1,0.49175746243248386,0.4576174875452038,wick,5.272411611148101,41
2021-10-30 09:00:00+00:00,1,0.2353762899000143,0.1830006723007332,wick,3.436713651324478,9
2021-10-31 13:45:00+00:00,1,0.2752667293098849,0.22122468094054354,wick,3.3307397745144693,29
2021-11-01 19:30:00+00:00,1,0.9316877634366604,0.8843522100747441,wick,3.802638550008345,75
2021-11-02 21:30:00+00:00,1,-1.0,-1.048195565661455,stop,3.7347834293385507,83
2021-11-03 21:45:00+00:00,1,-1.0,-1.040982372608256,stop,4.392132239892275,246
2021-11-05 01:45:00+00:00,1,0.2157500327075645,0.1670249988255029,wick,3.6941995861036867,197
2021-11-06 03:00:00+00:00,1,0.44880840482392004,0.38771649377627615,wick,2.946380247617774,93
2021-11-07 03:15:00+00:00,1,0.4118943929712047,0.34405983261138073,wick,2.6535146545536925,71
2021-11-08 03:45:00+00:00,1,0.27295851138326177,0.21614479475895362,wick,3.1682489844888218,19
2021-11-09 05:45:00+00:00,1,-1.0,-1.0507685406448484,stop,3.545502740746303,157
2021-11-10 14:15:00+00:00,1,-1.0,-1.0476566967425542,stop,3.7770137735809937,27
2021-11-11 15:15:00+00:00,1,-0.3814961414800673,-0.42036169873649387,timeout,4.631350036033158,289
2021-11-12 15:45:00+00:00,1,0.21799283733646757,0.17449213005452746,wick,4.137863755487242,10
2021-11-13 19:00:00+00:00,1,0.4055929695208577,0.3443186295766979,wick,2.9376081433767647,25
2021-11-14 19:30:00+00:00,1,1.0190957067365811,0.957691402783166,wick,2.931390609631509,20
2021-11-15 19:45:00+00:00,1,-1.0,-1.0600666944277801,stop,2.9966689812841127,22
2021-11-17 05:00:00+00:00,1,0.36028867757621724,0.32921629131865904,wick,5.792924898267695,83
2021-11-18 10:00:00+00:00,1,-1.0,-1.043686141737661,stop,4.12029977563401,29
2021-11-19 13:30:00+00:00,1,0.5017041938972464,0.465970137912062,wick,5.037211562959136,52
2021-11-20 18:30:00+00:00,1,0.15253639481619685,0.09450073756286054,wick,3.1015415094597256,91
2021-11-21 23:00:00+00:00,1,-1.0,-1.058794535991089,stop,3.0615089815026475,15
2021-11-23 00:30:00+00:00,1,0.41414911222302153,0.3797678462729175,wick,5.235409314515225,195
2021-11-24 21:00:00+00:00,1,0.24838364691132392,0.2007032113151377,wick,3.7751332962737747,17
2021-11-26 00:15:00+00:00,1,-1.0,-1.0579285748255345,stop,3.107274786961574,30
2021-11-27 01:30:00+00:00,1,0.2788354681030484,0.24092848502244485,wick,4.74846546392935,48
2021-11-28 04:00:00+00:00,1,0.26732423275386963,0.2219466298994502,wick,3.9667146053853144,28
2021-11-29 12:45:00+00:00,1,0.7563742201189515,0.7089551485617211,wick,3.795941044158929,23
2021-11-30 17:45:00+00:00,1,-0.7128934711487055,-0.7463980317136883,timeout,5.372402949469701,289
2021-12-01 19:30:00+00:00,1,-1.0,-1.0384795295790439,stop,4.677811864364087,183
2021-12-02 20:45:00+00:00,1,-1.0,-1.041780237056583,stop,4.308257029662747,82
2021-12-04 03:00:00+00:00,1,-1.0,-1.0303473919421406,stop,5.9313169429248465,8
2021-12-05 03:30:00+00:00,1,0.42718635377474856,0.4036796559515469,wick,7.6573920060492755,184
2021-12-06 04:00:00+00:00,1,0.620597854041353,0.5886768599644947,wick,5.638922132769482,86
2021-12-07 04:30:00+00:00,1,-1.0,-1.032713185036403,stop,5.502368534268264,235
2021-12-08 12:00:00+00:00,1,0.7730334710867548,0.72987834595475,wick,4.170999376074291,14
2021-12-09 12:15:00+00:00,1,-1.0,-1.0389543180885876,stop,4.62079709855668,143
2021-12-10 13:15:00+00:00,1,-1.0,-1.0381404467225999,stop,4.719399363860674,45
2021-12-12 03:15:00+00:00,1,-1.0,-1.0428611092402968,stop,4.1996113304218765,147
2021-12-13 06:00:00+00:00,1,-1.0,-1.0450473946858156,stop,3.995791571419733,40
2021-12-14 08:15:00+00:00,1,0.27246889416539166,0.23601363745082898,wick,4.937559524250885,17
2021-12-15 12:15:00+00:00,1,0.41384528581313157,0.3667238391751506,wick,3.819916680039189,58
2021-12-16 12:30:00+00:00,1,-1.0,-1.046451258201958,stop,3.8750295894549693,75
2021-12-17 13:30:00+00:00,1,-1.0,-1.0500252498038074,stop,3.5981829317382155,8
2021-12-18 15:30:00+00:00,1,0.3070063379190254,0.26834919518420125,wick,4.656319305199132,49
2021-12-19 17:15:00+00:00,1,0.7481371354373287,0.7060043596512511,wick,4.272208432549538,156
2021-12-20 18:15:00+00:00,1,0.4166361293490791,0.3747645732434065,wick,4.2988610106996745,11
2021-12-21 23:00:00+00:00,1,0.8689295916174147,0.8179322106005101,wick,3.529593018518614,178
2021-12-23 00:45:00+00:00,1,0.34722189243693147,0.29106552132221175,wick,3.2053353239703606,62
2021-12-24 01:45:00+00:00,1,-1.0,-1.0535834103831914,stop,3.3592486688093324,233
2021-12-25 02:30:00+00:00,1,-1.0,-1.056111203538835,stop,3.2079155079149415,134
2021-12-26 08:30:00+00:00,1,0.5736842469949734,0.504602592883893,wick,2.6056121891720694,54
2021-12-27 13:30:00+00:00,1,0.36074425202963406,0.29240129674087273,wick,2.6337754818981334,18
2021-12-28 13:45:00+00:00,1,-1.0,-1.05250007321656,stop,3.4285666470884655,22
2021-12-29 20:00:00+00:00,1,0.4551097453154862,0.4093991607737959,wick,3.937818818217717,162
2021-12-30 23:15:00+00:00,1,0.4899996310907082,0.4431441839185623,wick,3.841602436077154,53
2022-01-01 07:45:00+00:00,1,0.24159851360904377,0.19696470087639226,wick,4.032817027713217,134
2022-01-02 08:30:00+00:00,1,0.2629777617072337,0.20518412068156278,wick,3.1145295019576142,35
2022-01-03 10:15:00+00:00,1,-1.0,-1.066478641090639,stop,2.7076365738972092,41
2022-01-04 15:00:00+00:00,1,-1.0,-1.057416123587595,stop,3.135007881982653,16
2022-01-05 20:45:00+00:00,1,-1.0,-1.0353495585929733,stop,5.092001347812591,124
2022-01-06 21:30:00+00:00,1,-1.0,-1.041572076386887,stop,4.329829434662964,28
2022-01-08 09:15:00+00:00,1,-1.0,-1.0438417890695533,stop,4.105671867414842,213
2022-01-09 17:30:00+00:00,1,-1.0,-1.0469886826911456,stop,3.83070964519545,84
2022-01-11 03:30:00+00:00,1,0.37889150030283264,0.3439114014735046,wick,5.145783060197767,66
2022-01-12 13:00:00+00:00,1,0.4179139198757477,0.3667712491196672,wick,3.5195658994519605,4
2022-01-14 12:45:00+00:00,1,0.6420843909498178,0.5871985348672966,wick,3.2795334326090977,15
2022-01-16 00:30:00+00:00,1,-1.0,-1.0632005393572308,stop,2.8480769599540783,168
2022-01-17 18:45:00+00:00,1,0.7032437162118662,0.6350858150894018,timeout,2.640926393501766,289
2022-01-19 12:15:00+00:00,1,0.6019107385266884,0.549669181990319,wick,3.445532865673477,124
2022-01-20 13:15:00+00:00,1,0.844890710235327,0.7745929690313846,wick,2.5605374641810736,24
2022-01-22 15:15:00+00:00,1,0.25417795134301496,0.23400519629837344,wick,8.922925976232152,74
2022-01-23 20:45:00+00:00,1,0.3582944345359332,0.32695582925884603,wick,5.743714450866286,18
2022-01-25 02:00:00+00:00,1,0.21679057173028857,0.1957684919790217,wick,8.562425893620382,51
2022-01-26 03:30:00+00:00,1,0.3037164297769081,0.2704614450564053,wick,5.412722378700239,24
2022-01-27 07:00:00+00:00,1,0.3791920222609838,0.35048501829177975,wick,6.270246807820776,31
2022-01-28 16:00:00+00:00,1,0.3083488834582923,0.27452913485354724,wick,5.322334062966547,24
2022-01-29 20:45:00+00:00,1,-1.0,-1.0511686075069953,stop,3.517781873884138,112
2022-01-31 06:30:00+00:00,1,1.425012774264243,1.3732785928541815,wick,3.479324405913807,128
2022-02-02 16:30:00+00:00,1,0.49688898789081093,0.4485210050312676,wick,3.7214700584621294,153
2022-02-04 02:00:00+00:00,1,0.5293494884047972,0.48298057014847956,wick,3.8819107015824215,19
2022-02-07 19:15:00+00:00,1,0.40623057832150383,0.3651412196116879,wick,4.38069625936993,276
2022-02-08 21:45:00+00:00,1,0.2809927829192281,0.24783182502703846,wick,5.428069978714196,170
2022-02-10 01:45:00+00:00,1,0.4223191592728478,0.37897029425210044,wick,4.15235785098063,58
2022-02-11 02:00:00+00:00,1,-0.5263388236846337,-0.5551923790725205,timeout,6.2383993092084165,289
2022-02-12 07:15:00+00:00,1,0.8188092534036671,0.7763871945485791,timeout,4.243075533294422,289
2022-02-13 17:30:00+00:00,1,1.3844068033028338,1.3243132800444524,wick,2.9953311145705626,157
2022-02-14 20:15:00+00:00,1,1.237862999257183,1.1857416155921006,wick,3.453477005841398,50
2022-02-15 20:30:00+00:00,1,-1.0,-1.0632952953513222,stop,2.8438132565920684,164
2022-02-16 21:30:00+00:00,1,-1.0,-1.059508482401228,stop,3.0247788674289176,64
2022-02-18 12:15:00+00:00,1,-1.0,-1.0487847271794644,stop,3.689679340377038,168
2022-02-19 17:45:00+00:00,1,-1.0,-1.0548492311503963,stop,3.281723302673855,52
2022-02-20 21:45:00+00:00,1,0.5152132413213595,0.4549185792418954,wick,2.9853388972107133,6
2022-02-22 00:45:00+00:00,1,0.2437900568557799,0.218914161899021,wick,7.235920569406212,75
2022-02-23 02:15:00+00:00,1,0.3025698889398891,0.2669951255214352,wick,5.059766607095054,39
2022-02-24 11:00:00+00:00,1,0.16156452921388384,0.13636857867817748,wick,7.144005134670888,18
2022-02-25 15:45:00+00:00,1,0.211563369319484,0.18331778045919594,wick,6.372676487303526,36
2022-02-26 17:00:00+00:00,1,-1.0,-1.038935375197462,stop,4.623045214978002,110
2022-02-27 17:30:00+00:00,1,-1.0,-1.03701269023423,stop,4.863196888983018,15
2022-02-28 23:15:00+00:00,1,0.22053147108192286,0.1953861743146582,wick,7.158396326200156,88
2022-03-01 23:30:00+00:00,1,-1.0,-1.0328288880099252,stop,5.48297584571187,198
2022-03-03 10:45:00+00:00,1,0.36003311673855526,0.31842482062898436,wick,4.32606034926279,14
2022-03-04 23:45:00+00:00,1,-0.5418855679824673,-0.5730572138081393,timeout,5.774478543951553,289
2022-03-06 09:15:00+00:00,1,-1.0,-1.0573072214957282,stop,3.140965401950561,69
2022-03-07 10:45:00+00:00,1,0.4727335946897111,0.4314839239980181,wick,4.363671199834549,13
2022-03-08 18:15:00+00:00,1,1.1297758648822858,1.0987298934238932,wick,5.79785368421256,56
2022-03-09 23:45:00+00:00,1,-1.0,-1.0392988668625627,stop,4.580284735168125,20
2022-03-11 07:30:00+00:00,1,0.35597098860797927,0.31957449004773175,wick,4.945530672464109,18
2022-03-12 08:00:00+00:00,1,-1.0,-1.0466442174814146,stop,3.8589992440482286,156
2022-03-13 08:45:00+00:00,1,-1.0,-1.0703174754537088,stop,2.55981886207643,57
2022-03-14 09:00:00+00:00,1,0.17476899094091064,0.12594995005760196,wick,3.6870859554625603,56
2022-03-15 16:30:00+00:00,1,1.174362815715061,1.1285196661960182,wick,3.9264317981736867,41
2022-03-16 22:00:00+00:00,1,0.31023868461980064,0.28307726758111484,wick,6.627047467502428,185
2022-03-18 16:30:00+00:00,1,0.46572673303246254,0.4094380145813182,wick,3.1977988654374934,15
2022-03-19 20:00:00+00:00,1,-1.0,-1.0753697169283216,stop,2.3882270935312704,87
2022-03-21 08:00:00+00:00,1,1.5076471296174763,1.4484605727652313,wick,3.041231143912586,83
2022-03-22 08:15:00+00:00,1,0.2648702187772883,0.22117988191071364,wick,4.119904146074673,16
2022-03-23 08:30:00+00:00,1,0.4705927314514515,0.41586590814054997,wick,3.2890635544004647,62
2022-03-24 08:45:00+00:00,1,0.5676386177683947,0.5143100768475841,wick,3.3753032971085415,30
2022-03-25 09:45:00+00:00,1,0.6051670221168965,0.5396003436193769,wick,2.7452969118575905,16
2022-03-27 21:30:00+00:00,1,0.24498576125899427,0.18463424801119976,wick,2.982526705849882,4
2022-03-29 00:15:00+00:00,1,0.35159782043269694,0.30165839424531815,wick,3.6043666045464393,47
2022-03-30 02:30:00+00:00,1,-1.0,-1.0551047490834524,stop,3.2665061177830976,165
2022-03-31 04:15:00+00:00,1,-1.0,-1.0668383440431057,stop,2.6930649251859626,50
2022-04-01 08:15:00+00:00,1,1.2082125283704788,1.1539742408892157,wick,3.3186888517116695,67
2022-04-02 19:45:00+00:00,1,-0.09281644986213858,-0.14837588190686934,timeout,3.2397739389251208,289
2022-04-04 03:15:00+00:00,1,-1.0,-1.0532007734220459,stop,3.3834094585814696,181
2022-04-05 17:45:00+00:00,1,-1.0,-1.059402036374715,stop,3.0301991477958556,27
2022-04-07 01:30:00+00:00,1,0.2556307548814544,0.2165458635485668,wick,4.605360124118872,126
2022-04-10 17:45:00+00:00,1,-1.0,-1.0995897369570797,stop,1.8074151564189258,19
2022-04-12 06:00:00+00:00,1,0.26179872505383545,0.22186050744683766,wick,4.506961271312749,130
2022-04-13 07:30:00+00:00,1,0.27190089941558354,0.2238645863362887,wick,3.7471651852811676,28
2022-04-14 09:45:00+00:00,1,-1.0,-1.0633373759374902,stop,2.8419238614755393,24
2022-04-15 10:00:00+00:00,1,-1.0,-1.0626897975113976,stop,2.8712806093730716,266
2022-04-16 16:15:00+00:00,1,-1.0,-1.0895646164857176,stop,2.0097222213719155,145
2022-04-17 18:45:00+00:00,1,-1.0,-1.0910762913740122,stop,1.9763650592755821,39
2022-04-20 13:00:00+00:00,1,-1.0,-1.069199080717221,stop,2.6011906247073213,23
2022-04-22 14:00:00+00:00,1,-1.0,-1.0541660862180307,stop,3.3231125334671554,204
2022-04-25 02:00:00+00:00,1,0.6678472207427261,0.6088294997437881,wick,3.0499313926954112,68
2022-04-26 15:15:00+00:00,1,-1.0,-1.0476483904389273,stop,3.777672201345652,18
2022-04-27 16:30:00+00:00,1,-0.4270865030915215,-0.4668945026410589,timeout,4.521704231231376,289
2022-04-28 18:00:00+00:00,1,-1.0,-1.0405309720180171,stop,4.441048191984752,91
2022-05-01 04:00:00+00:00,1,0.8124725861896828,0.753700495401892,wick,3.062678179170593,101
2022-05-02 07:45:00+00:00,1,-1.0,-1.0581024881974888,stop,3.0979740383610532,138
2022-05-04 03:30:00+00:00,1,0.8114360231559428,0.7454082761497871,wick,2.726126638596632,21
2022-05-06 12:45:00+00:00,1,-1.0,-1.039071560266003,stop,4.606931455374246,151
2022-05-07 13:00:00+00:00,1,-1.0,-1.0655231893866894,stop,2.7471190228198172,34
2022-05-09 00:15:00+00:00,1,-1.0,-1.040879688371356,stop,4.4031646808277625,58
2022-05-10 05:00:00+00:00,1,0.19569837880264404,0.17643515676676405,wick,9.344231181301295,37
2022-05-12 12:45:00+00:00,1,0.2932563040193642,0.28088594654635324,wick,14.550913374388367,17
2022-05-13 22:15:00+00:00,1,0.37836728778299755,0.3553004337595766,wick,7.803404825696501,185
2022-05-14 23:45:00+00:00,1,0.4427990860549756,0.41382384929899907,wick,6.212201181164558,83
2022-05-16 21:45:00+00:00,1,0.06871257468778438,0.039536925140528346,timeout,6.169528452432654,289
2022-05-18 06:15:00+00:00,1,-1.0,-1.0384916381471165,stop,4.676340334283327,70
2022-05-19 10:15:00+00:00,1,0.8664171761073723,0.8272885125973488,timeout,4.60020823235861,289
2022-05-20 19:45:00+00:00,1,0.5313180019764052,0.4950277477806048,wick,4.96000934655426,171
2022-05-22 12:30:00+00:00,1,-1.0,-1.0614522610779469,stop,2.929102962894818,124
2022-05-23 18:15:00+00:00,1,-1.0,-1.0508030427489234,stop,3.5430948671635223,8
2022-05-25 02:45:00+00:00,1,-1.0,-1.0502123255286226,stop,3.5847772056961174,121
2022-05-26 09:30:00+00:00,1,-0.09560531685747116,-0.14104305371239106,timeout,3.961464906906119,289
2022-05-27 09:45:00+00:00,1,1.2090645264565907,1.1688066331499984,wick,4.4711728611622235,275
2022-05-28 13:30:00+00:00,1,1.6224565015410168,1.5654412368399242,wick,3.1570492734474787,164
2022-05-31 16:45:00+00:00,1,-1.0,-1.0445627234298434,stop,4.0392504350273954,88
2022-06-01 17:45:00+00:00,1,-0.3435412126450901,-0.3862446058418751,timeout,4.215121715750486,289
2022-06-05 17:45:00+00:00,1,1.284927751354485,1.2067480639857966,wick,2.302388332037398,36
2022-06-07 20:15:00+00:00,1,-1.0,-1.0407746458658749,stop,4.414507990874934,30
2022-06-09 14:00:00+00:00,1,-1.0,-1.0531283528179272,stop,3.3880214697577093,106
2022-06-10 19:00:00+00:00,1,-1.0,-1.043337153781415,stop,4.153479965663854,126
2022-06-12 16:15:00+00:00,1,-1.0,-1.0354454534050135,stop,5.078225349334661,30
2022-06-14 14:00:00+00:00,1,-0.6304563885994545,-0.6449361576135977,timeout,12.431137528795146,289
2022-06-15 22:00:00+00:00,1,-1.0,-1.0134844209951872,stop,13.348737781492112,228
2022-06-17 07:45:00+00:00,1,-1.0,-1.022094835839374,stop,8.146700039256785,93
2022-06-18 09:30:00+00:00,1,-1.0,-1.0226290023990676,stop,7.954393959824636,43
2022-06-19 19:45:00+00:00,1,0.23264499453531,0.21520511554327046,wick,10.321172531194808,56
2022-06-20 20:15:00+00:00,1,0.4007124718178244,0.3805359735302242,wick,8.921270551224554,38
2022-06-22 16:30:00+00:00,1,0.5996942237515405,0.5742942218761514,wick,7.086613649993799,122
2022-06-23 22:45:00+00:00,1,0.05608641140984668,0.02300094137041983,timeout,5.440454670448991,289
2022-06-25 12:45:00+00:00,1,-0.2523538012579511,-0.29768021023608604,timeout,3.9711948080164547,289
2022-06-26 23:00:00+00:00,1,-1.0,-1.0517722003391399,stop,3.476769363111656,173
2022-06-28 10:30:00+00:00,1,-1.0,-1.0522582649977774,stop,3.4444312303069347,31
2022-06-29 11:00:00+00:00,1,-1.0,-1.0438330185115214,stop,4.106493372175292,86
2022-06-30 11:30:00+00:00,1,0.012367861092020259,-0.027337619630346588,timeout,4.533379189100274,289
2022-07-02 09:45:00+00:00,1,0.9364490643275526,0.8969580839603581,wick,4.558002823083319,214
2022-07-03 10:00:00+00:00,1,1.152034879701032,1.104968793519214,wick,3.824409773624552,117
2022-07-04 23:00:00+00:00,1,-1.0,-1.0437736827879414,stop,4.112059770524637,57
2022-07-06 14:00:00+00:00,1,0.6552546390772143,0.6188001451945799,wick,4.937662845615474,101
2022-07-08 03:45:00+00:00,1,-1.0,-1.034843546076259,stop,5.165949516333642,232
2022-07-10 14:00:00+00:00,1,-1.0,-1.0576057108482544,stop,3.124690197368768,59
2022-07-12 05:15:00+00:00,1,-1.0,-1.0501535395336574,stop,3.5889789967705856,58
2022-07-14 07:00:00+00:00,1,0.7867136259018169,0.7528817289120147,wick,5.320422914927177,104
2022-07-17 19:45:00+00:00,1,0.9765891471530738,0.9347406949843432,wick,4.301234350896664,91
2022-07-19 03:15:00+00:00,1,0.43453761809222674,0.4082909014205343,wick,6.858000650196885,50
2022-07-20 15:00:00+00:00,1,-1.0,-1.0311136291397973,stop,5.785246047358819,48
2022-07-21 20:00:00+00:00,1,-0.39236321822886217,-0.42411999259235117,timeout,5.668081963857997,289
2022-07-23 17:30:00+00:00,1,-1.0,-1.0443711141415155,stop,4.056693267289047,218
2022-07-25 09:00:00+00:00,1,-1.0,-1.047593907873093,stop,3.7819966471331146,61
2022-07-26 12:15:00+00:00,1,0.9728314436706642,0.926232572658169,wick,3.862754527931253,120
2022-07-28 05:30:00+00:00,1,0.59115726664491,0.5534363138452113,wick,4.771883704948146,42
2022-07-29 06:45:00+00:00,1,-1.0,-1.040153028271921,stop,4.482849930546196,287
2022-08-01 11:30:00+00:00,1,-0.287675991269468,-0.34196127275342025,timeout,3.315815909570468,289
2022-08-02 16:30:00+00:00,1,-1.0,-1.0474670431362052,stop,3.7921047553667036,199
2022-08-04 01:15:00+00:00,1,-0.20146635130530546,-0.2509088388316522,timeout,3.6405935260454325,289
2022-08-05 03:15:00+00:00,1,0.3077346803386561,0.2557523888362009,timeout,3.4627176832229165,289
2022-08-07 00:45:00+00:00,1,1.9291613021840524,1.8448156359043106,wick,2.1340752636064315,128
2022-08-08 09:00:00+00:00,1,-1.0,-1.0780819332107565,stop,2.3052707918251585,99
2022-08-09 14:45:00+00:00,1,1.2834962983761313,1.2233185458029963,wick,2.9911386235510005,90
2022-08-11 01:15:00+00:00,1,0.5434450545008428,0.4973474946976029,wick,3.904762004069228,46
2022-08-12 16:15:00+00:00,1,1.0237959893830715,0.9704196621357479,wick,3.37228148287452,244
2022-08-15 07:30:00+00:00,1,-0.6808466260652873,-0.7263013576414268,timeout,3.9599837851531308,289
2022-08-16 09:15:00+00:00,1,-1.0,-1.054270687565199,stop,3.3167075649033166,140
2022-08-19 22:15:00+00:00,1,-0.10391667991644378,-0.14206968396614222,timeout,4.717846064376227,289
2022-08-22 09:00:00+00:00,1,0.7199450230547823,0.6636723072734719,timeout,3.198708246097888,289
2022-08-27 06:00:00+00:00,1,0.3331584371570163,0.28704205026835494,timeout,3.90316787901388,289
2022-08-28 06:15:00+00:00,1,0.38350827822895606,0.3196385477681613,timeout,2.8182364118553735,289
2022-08-31 01:45:00+00:00,1,-0.30162069465008395,-0.3491432661693603,timeout,3.7876738199444313,289
2022-09-01 04:30:00+00:00,1,-0.3444627818392607,-0.39151133719634745,timeout,3.825834792032297,289
2022-09-02 11:45:00+00:00,1,-0.615172066344162,-0.6788328458672424,timeout,2.8274865835524436,289
2022-09-06 01:00:00+00:00,1,-1.0,-1.0842908673793659,stop,2.1354626615701826,53
2022-09-07 19:00:00+00:00,1,3.0093972935192808,2.9487596521566726,wick,2.968453191040447,152
2022-09-09 11:00:00+00:00,1,1.1774175829066884,1.134238636686129,timeout,4.168698306821915,289
2022-09-12 07:45:00+00:00,1,-1.0,-1.0440449853910474,stop,4.086730836709199,121
2022-09-13 22:00:00+00:00,1,-0.32971700391898295,-0.35881149264769174,timeout,6.186738721494915,289
2022-09-15 04:00:00+00:00,1,-0.058018048233026774,-0.0991658870702172,timeout,4.3744703266727,289
2022-09-17 16:45:00+00:00,1,-1.0,-1.0766531609132917,stop,2.3482397575699716,94
2022-09-19 14:15:00+00:00,1,-1.0,-1.0387595370189155,stop,4.644018320243506,225
2022-09-20 16:00:00+00:00,1,-1.0,-1.0412285739528808,stop,4.365904098592337,105
2022-09-22 17:00:00+00:00,1,-0.09257881884565701,-0.1250374833791946,timeout,5.5455146595454305,289
2022-09-23 22:15:00+00:00,1,0.16523473297448266,0.12457964225520754,timeout,4.427489812847954,289
2022-09-25 03:45:00+00:00,1,-1.0,-1.067980481687324,stop,2.6478188375879608,283
2022-09-26 08:30:00+00:00,1,-1.0,-1.05925127489444,stop,3.037909316224526,168
2022-09-27 20:00:00+00:00,1,0.39070259069555907,0.35887928057654245,timeout,5.656231213120649,289
2022-09-30 15:15:00+00:00,1,-1.0,-1.040779902020669,stop,4.4139390013435715,81
2022-10-03 00:30:00+00:00,1,1.8197263161281487,1.7451238726871559,wick,2.412789604436642,129
2022-10-04 13:45:00+00:00,1,-1.0,-1.0637058253787706,stop,2.825487291464928,285
2022-10-05 21:15:00+00:00,1,-0.825026880155043,-0.8760507037001067,timeout,3.5277638462555765,289
2022-10-07 00:30:00+00:00,1,-1.0,-1.0619185647974414,stop,2.907044124631224,64
2022-10-11 00:45:00+00:00,1,-1.0,-1.0742253713941465,stop,2.4250468083773726,232
2022-10-12 02:30:00+00:00,1,-1.0,-1.083785639987458,stop,2.148339500980651,129
2022-10-13 02:45:00+00:00,1,-1.0,-1.1096417772172422,stop,1.641709981071826,31
2022-10-15 23:30:00+00:00,1,0.7795293769951886,0.6598661191602859,timeout,1.5042211223126045,289
2022-10-20 01:45:00+00:00,1,0.359795006234901,0.28413403060416287,timeout,2.379033557252636,289
2022-10-21 05:45:00+00:00,1,-1.0,-1.0912127926416657,stop,1.9734074002880222,26
2022-10-25 18:00:00+00:00,1,2.0476150409445975,1.9546578380938302,wick,1.936374960517803,89
2022-11-03 13:00:00+00:00,1,1.7565603498569786,1.6808693777371781,wick,2.378090741325181,120
2022-11-04 20:00:00+00:00,1,-0.30442610022772776,-0.35383024116406947,timeout,3.6434192881105645,289
2022-11-06 22:30:00+00:00,1,-1.0,-1.1235168347037323,stop,1.4572912302339063,12
2022-11-09 03:30:00+00:00,1,-1.0,-1.0182945232491873,stop,9.839010153379913,61
2022-11-11 04:00:00+00:00,1,-0.548842550411123,-0.5662099203821901,timeout,10.364263575882127,289
2022-11-14 03:00:00+00:00,1,1.2105819746585254,1.1675645428284727,wick,4.184350212051689,139
2022-11-15 17:30:00+00:00,1,-0.5510845167598628,-0.5883286453508837,timeout,4.832976547164968,289
2022-11-21 04:00:00+00:00,1,-1.0,-1.06192488197865,stop,2.906747566544566,63
2022-11-22 13:30:00+00:00,1,0.704321597612588,0.6560332353742201,timeout,3.7276062317346454,289
2022-11-28 16:30:00+00:00,1,2.7410799168596025,2.6522402161522525,timeout,2.0261211886895523,289
2022-11-30 19:30:00+00:00,1,-0.3805401268052143,-0.45103992487507666,timeout,2.553198802379939,289
2022-12-02 12:15:00+00:00,1,0.8501058948442063,0.7449947110640983,timeout,1.7124723890138944,289
2022-12-04 05:15:00+00:00,1,-0.27901251379389325,-0.4147319827857227,timeout,1.3262651359978155,289
2022-12-05 15:45:00+00:00,1,-1.0,-1.09500943207576,stop,1.8945487418182763,158
2022-12-06 23:30:00+00:00,1,-1.0,-1.1223593428090393,stop,1.4710768778884171,31
2022-12-08 18:45:00+00:00,1,0.12398425672082637,-0.005014975329435636,timeout,1.3953571439081631,289
2022-12-12 15:00:00+00:00,1,4.640660227791267,4.476496041054118,wick,1.0964632638676943,91
2022-12-14 15:00:00+00:00,1,-1.0,-1.0969736737315914,stop,1.8561738776465582,19
2022-12-16 10:00:00+00:00,1,-1.0,-1.0746210599948387,stop,2.412187658717929,53
2023-01-08 23:30:00+00:00,1,6.966741135429616,6.71672037915,timeout,0.7199402268773772,289
2023-01-12 15:15:00+00:00,1,1.2128809569520467,1.1579952371358326,wick,3.279541574798211,12
2023-01-14 23:15:00+00:00,1,0.1817686057728439,0.14349013907583383,timeout,4.702382711010202,289
2023-01-16 17:15:00+00:00,1,-0.15829092113836415,-0.20916976538456294,timeout,3.5378162115671095,289
2023-01-19 19:30:00+00:00,1,3.0573116320199913,2.991332248364385,wick,2.728124908525195,153
2023-01-21 10:15:00+00:00,1,-1.0,-1.055930912701319,stop,3.218256082485764,136
2023-01-22 15:15:00+00:00,1,-1.0,-1.0604908623194844,stop,2.975656042880069,23
2023-01-23 18:15:00+00:00,1,-0.06234549440828819,-0.1126430844959808,timeout,3.5787002853650525,289
2023-01-24 18:45:00+00:00,1,-1.0,-1.0625298179301792,stop,2.878626644987005,27
2023-01-25 21:45:00+00:00,1,-1.0,-1.0637912728531507,stop,2.8217025926785477,112
2023-01-26 23:45:00+00:00,1,0.9805254915172379,0.9249241384051451,timeout,3.237331286472801,289
2023-01-28 00:30:00+00:00,1,-0.5081044422807687,-0.5675092325891976,timeout,3.0300586714546482,289
2023-01-29 00:45:00+00:00,1,-1.0,-1.1174145040387706,stop,1.5330303651460602,170
2023-01-30 13:00:00+00:00,1,1.2683764799553727,1.2078636454613694,wick,2.9745755839257146,245
2023-01-31 14:00:00+00:00,1,1.5040853739871671,1.4289939162032943,wick,2.397076915433891,145
2023-02-01 14:45:00+00:00,1,1.7096416739524491,1.6237002712064006,wick,2.0944503376549344,46
2023-02-02 18:30:00+00:00,1,-1.0,-1.0609431559474336,stop,2.9535720164419828,77
2023-02-05 16:30:00+00:00,1,-1.0,-1.104250936018923,stop,1.7266032025585614,52
2023-02-06 17:45:00+00:00,1,-1.0,-1.0735701685562682,stop,2.4466438439967964,230
2023-02-07 18:00:00+00:00,1,-1.0,-1.0992026820954603,stop,1.8144670708276869,2
2023-02-12 17:15:00+00:00,1,-1.0,-1.111493683473338,stop,1.6144412346287247,20
2023-02-14 17:15:00+00:00,1,1.243101908799701,1.1902739811036342,wick,3.4072886794952186,103
2023-02-15 21:00:00+00:00,1,0.9963238190504466,0.9371938575276054,wick,3.044142011329874,79
2023-02-17 15:45:00+00:00,1,0.7962730266027943,0.7508374807177584,wick,3.961655934660672,19
2023-02-20 01:45:00+00:00,1,0.9672987777737768,0.9115507614589419,wick,3.2288144385883863,37
2023-02-21 07:00:00+00:00,1,-1.0,-1.064925935992366,stop,2.7723897584035573,38
2023-02-22 08:00:00+00:00,1,-1.0,-1.0478753082403935,stop,3.7597669156755416,225
2023-02-24 01:45:00+00:00,1,-1.0,-1.0528822396110729,stop,3.403789274505505,58
2023-02-25 03:15:00+00:00,1,0.4999675711059263,0.4456089305107748,timeout,3.3113410863342114,289
2023-02-28 22:00:00+00:00,1,1.2093085262277279,1.1408823091714286,wick,2.6305706751536584,44
2023-03-07 15:30:00+00:00,1,-1.0,-1.1268327466277868,stop,1.4191918474196725,57
2023-03-08 19:30:00+00:00,1,-1.0,-1.0738878152572848,stop,2.4361256233280404,86
2023-03-10 02:00:00+00:00,1,2.025581349830613,1.9867188025533604,wick,4.631708743017934,280
2023-03-11 10:00:00+00:00,1,1.8093817519000934,1.775061722422255,wick,5.244750739979166,152
2023-03-12 20:45:00+00:00,1,0.9318888381839314,0.8865857923941362,wick,3.9732427889108024,13
2023-03-14 00:00:00+00:00,1,1.2475577663923296,1.2176978815124027,wick,6.02815451981207,55
2023-03-17 01:30:00+00:00,1,0.4504393355922759,0.4087959635001289,wick,4.322416532496515,20
2023-03-18 16:00:00+00:00,1,0.5697004732491289,0.5295971451164029,wick,4.488405535926394,100
2023-03-19 22:45:00+00:00,1,-1.0,-1.0381412853292489,stop,4.719295599143479,277
2023-03-21 12:00:00+00:00,1,-1.0,-1.041029875416212,stop,4.387047198512276,128
2023-03-22 23:00:00+00:00,1,0.48430770218743213,0.4538889519854735,wick,5.917402878321091,142
2023-03-24 09:30:00+00:00,1,-1.0,-1.046601040649322,stop,3.8625746870015165,48
2023-03-26 14:00:00+00:00,1,-1.0,-1.0732294561786857,stop,2.458027266524906,98
2023-03-27 17:45:00+00:00,1,0.7997436031340611,0.7522240559805858,timeout,3.787914885187117,289
2023-03-28 19:00:00+00:00,1,0.7311788155124064,0.6748113905232057,wick,3.193333739025439,196
2023-03-30 16:30:00+00:00,1,-0.16405400266505754,-0.21619502557041168,timeout,3.4521762322679055,289
2023-04-02 17:00:00+00:00,1,-1.0,-1.1001265543549534,stop,1.7977249008478955,35
2023-04-03 18:45:00+00:00,1,-1.0,-1.0608344088285304,stop,2.9588517989441265,10
2023-04-05 15:45:00+00:00,1,-0.040923094266880296,-0.10078923977280393,timeout,3.006707688942314,289
2023-04-06 17:30:00+00:00,1,-0.2881125986766256,-0.3602713917680671,timeout,2.49449848436211,289
2023-04-08 04:00:00+00:00,1,4.628216655281208,4.497113446084168,wick,1.372964102880741,275
2023-04-09 04:30:00+00:00,1,5.732792700894207,5.569286722334217,wick,1.1008771763899676,177
2023-04-10 17:15:00+00:00,1,0.9649417409539028,0.8879474079559374,wick,2.337834396263377,30
2023-04-11 17:30:00+00:00,1,0.7597939435501495,0.7004311606893945,wick,3.032202860540065,245
2023-04-12 17:45:00+00:00,1,0.926895012996937,0.8658231540067004,wick,2.9473476487554815,148
2023-04-18 11:45:00+00:00,1,-1.0,-1.0896682234879977,stop,2.0074000911158136,82
2023-04-20 19:45:00+00:00,1,-1.0,-1.0493484402264006,stop,3.647531698554133,108
2023-04-25 21:15:00+00:00,1,1.0029126295818582,0.9405124617258783,wick,2.8846076250218022,55
2023-04-27 05:00:00+00:00,1,0.07521796236727353,0.048380101102652104,timeout,6.706942785984293,289
2023-04-28 14:15:00+00:00,1,-0.6327157919226152,-0.6814226546018695,timeout,3.695577791272268,289
2023-05-01 23:15:00+00:00,1,0.7340742688136067,0.6838718080761755,wick,3.585481614963774,185
2023-05-03 22:30:00+00:00,1,-0.31717807085136945,-0.36604303818586037,timeout,3.6836205940313507,289
2023-05-05 08:00:00+00:00,1,-1.0,-1.0702614457609116,stop,2.5618601788029114,263
2023-05-06 13:00:00+00:00,1,-1.0,-1.0808056095054104,stop,2.2275681243137946,9
2023-05-07 15:00:00+00:00,1,-1.0,-1.091379547116425,stop,1.9698062168185795,36
2023-05-10 13:00:00+00:00,1,-1.0,-1.09668186018454,stop,1.8617763420814157,18
2023-05-11 14:15:00+00:00,1,-1.0,-1.0564840002234481,stop,3.1867431358956235,63
2023-05-14 15:45:00+00:00,1,-1.0,-1.1140529964975832,stop,1.5782136859842533,271
2023-05-16 02:15:00+00:00,1,-1.0,-1.0705165576794702,stop,2.5525919858167474,255
2023-05-17 03:15:00+00:00,1,-1.0,-1.085890509051135,stop,2.0956913864934354,155
2023-05-18 15:00:00+00:00,1,-1.0,-1.0876787254981122,stop,2.0529495493621863,11
2023-05-20 18:00:00+00:00,1,-1.0,-1.1695517019200397,stop,1.0616230799316169,69
2023-05-23 01:45:00+00:00,1,-1.0,-1.1044084043219147,stop,1.7239991470899159,145
2023-05-25 02:00:00+00:00,1,1.493244325536816,1.4213531449608423,timeout,2.503784171547699,289
2023-05-28 22:30:00+00:00,1,-1.0,-1.0805126440529897,stop,2.2356736897316694,218
2023-05-31 06:30:00+00:00,1,0.07645434759709116,0.0038087354563661052,timeout,2.477782135709917,289
2023-06-02 04:45:00+00:00,1,-0.38044070080291154,-0.45545548108336426,timeout,2.399527124215336,289
2023-06-03 21:30:00+00:00,1,-1.0,-1.1286123757735536,stop,1.3995542724202856,167
2023-06-05 00:30:00+00:00,1,-1.0,-1.1210088874464064,stop,1.4874940493913738,35
2023-06-06 16:00:00+00:00,1,1.1939529971711287,1.1308903310573326,wick,2.854303680646667,20
2023-06-11 19:30:00+00:00,1,-0.32327680158165967,-0.4081537955593024,timeout,2.120716009893251,289
2023-06-13 02:45:00+00:00,1,-1.0,-1.0823862093349412,stop,2.1848316781781985,166
2023-06-14 03:00:00+00:00,1,-1.0,-1.0867212498068064,stop,2.0756158427259273,69
2023-06-15 04:45:00+00:00,1,1.3494712965021338,1.285600832805682,wick,2.818204058380739,146
2023-06-16 17:30:00+00:00,1,0.6281414367042668,0.5618651326772036,timeout,2.7159028048169223,289
2023-06-20 16:15:00+00:00,1,1.2959350513785861,1.2241962414587144,wick,2.509102119216224,9
2023-06-21 18:15:00+00:00,1,0.2787344170452082,0.24189927801768213,wick,4.886638268569858,181
2023-06-22 19:00:00+00:00,1,0.4199785011261774,0.3756546615004922,wick,4.0610200181234255,82
2023-06-26 18:15:00+00:00,1,0.7321861548921386,0.6710567588995181,wick,2.944573508001449,80
2023-06-28 13:15:00+00:00,1,1.088152488155633,1.009385046887004,wick,2.2852081659746575,188
2023-06-30 15:00:00+00:00,1,0.6739281834440572,0.6294800542378535,timeout,4.049664253920426,289
2023-07-03 16:00:00+00:00,1,-1.0,-1.1326645780596745,stop,1.3568052801482047,110
2023-07-06 09:00:00+00:00,1,-1.0,-1.1012810056180786,stop,1.7772335385251143,12
2023-07-07 09:15:00+00:00,1,0.10151825019777752,0.037309854485069016,timeout,2.8033717086685184,289
2023-07-08 20:15:00+00:00,1,1.9733520469537116,1.8351463966603767,wick,1.3024069538253948,192
2023-07-10 01:30:00+00:00,1,1.8713975166645387,1.74381886075118,wick,1.410894312307551,75
2023-07-14 13:45:00+00:00,1,-1.0,-1.076879361556841,stop,2.341330577607833,19
2023-07-17 12:45:00+00:00,1,-1.0,-1.133131745588889,stop,1.3520441665043599,25
2023-07-19 01:00:00+00:00,1,-0.1424164882306179,-0.22567581542709936,timeout,2.161919944118967,289
2023-07-20 02:15:00+00:00,1,-0.25197593272750957,-0.348099519359365,timeout,1.8725893020345108,289
2023-07-23 18:00:00+00:00,1,-1.0,-1.2175835130194668,stop,0.8272685623193138,31
2023-07-24 18:30:00+00:00,1,0.12006348707018406,0.041178789561251206,timeout,2.2818113738677503,289
2023-08-01 18:30:00+00:00,1,1.5099149589104883,1.409733785022312,wick,1.7967447676438555,29
2023-08-02 18:45:00+00:00,1,-0.05445104085392522,-0.1277820632748008,timeout,2.4546228057057387,289
2023-08-04 19:15:00+00:00,1,-0.014464819479467565,-0.14053440013471508,timeout,1.4277829676631648,289
2023-08-06 01:45:00+00:00,1,-1.0,-1.2653842293528323,stop,0.6782618561734024,152
2023-08-07 07:15:00+00:00,1,-1.0,-1.1876329675020012,stop,0.9593196888392237,35
2023-08-08 21:15:00+00:00,1,-1.0,-1.0919168882018293,stop,1.9582908377485497,91
2023-08-16 12:45:00+00:00,1,-1.0,-1.1911548561863468,stop,0.9416449238649084,32
2023-08-18 15:15:00+00:00,1,-0.27982407167631324,-0.3218776117541686,timeout,4.280257967979835,289
2023-08-19 15:45:00+00:00,1,-0.2184991694389527,-0.29854463313815177,timeout,2.248722059708688,289
2023-08-20 16:00:00+00:00,1,-1.0,-1.1300641682594192,stop,1.3839322728838066,199
2023-08-21 17:30:00+00:00,1,-1.0,-1.0989590698094585,stop,1.818933831396985,112
2023-08-23 00:00:00+00:00,1,-0.001205723268606579,-0.07186125752442493,timeout,2.5475711406877846,289
2023-08-24 15:45:00+00:00,1,0.044388263357878065,-0.03670785023472093,timeout,2.2195884861297124,289
2023-08-25 19:00:00+00:00,1,0.12457500741598407,0.04291300617000754,timeout,2.204207553741142,289
2023-08-26 19:15:00+00:00,1,7.817413791893424,7.623169352062475,wick,0.926667451365167,277
2023-08-27 22:45:00+00:00,1,8.33087837901481,8.118494497188216,wick,0.8475219421168905,167
2023-08-28 23:00:00+00:00,1,5.278586358128569,5.145104233718421,wick,1.3484951696372265,70
2023-08-30 15:15:00+00:00,1,-1.0,-1.0627393962784104,stop,2.8690107122044566,103
2023-08-31 23:00:00+00:00,1,-0.11072747147397047,-0.15969517061910418,timeout,3.6758925402335954,289
2023-09-03 21:00:00+00:00,1,-1.0,-1.1355891719866311,stop,1.327539635818027,98
2023-09-07 21:15:00+00:00,1,-1.0,-1.1065527901881986,stop,1.6893034868638843,52
2023-09-11 20:00:00+00:00,1,1.363111739668818,1.2906419772802808,wick,2.4837945381268667,33
2023-09-13 09:45:00+00:00,1,0.6180179679474787,0.5484030948393643,timeout,2.5856543575171624,289
2023-09-18 10:45:00+00:00,1,-1.0,-1.1164144948624357,stop,1.546199210095804,28
2023-09-19 21:45:00+00:00,1,-0.6924762268532682,-0.7570625982364911,timeout,2.7869656731753922,289
2023-09-20 22:30:00+00:00,1,-1.0,-1.0688545469031707,stop,2.614206440906967,62
2023-09-25 06:30:00+00:00,1,0.6683201839704255,0.562140346082312,timeout,1.695237095668522,289
2023-09-28 16:15:00+00:00,1,0.0754657744482985,-0.006413615991824731,timeout,2.198355398500804,289
2023-09-30 15:15:00+00:00,1,2.88860100985394,2.7235684793830646,wick,1.0906940558108102,125
2023-10-01 20:15:00+00:00,1,2.5839095816598086,2.413962485422769,wick,1.0591531363909772,9
2023-10-06 21:45:00+00:00,1,-1.0,-1.0656538923508312,stop,2.741650091941903,267
2023-10-08 02:30:00+00:00,1,-1.0,-1.1535434890364435,stop,1.1723063031170087,43
2023-10-11 03:30:00+00:00,1,-1.0,-1.0965787615256433,stop,1.8637638043454,51
2023-10-13 21:45:00+00:00,1,1.6211407192694973,1.5170877636657667,wick,1.729888391498477,223
2023-10-15 18:45:00+00:00,1,3.3199611351784957,3.0975492456383122,wick,0.8093092521813184,43
2023-10-20 03:30:00+00:00,1,0.7432557872675607,0.670897427487116,wick,2.4876185771232224,28
2023-10-21 18:00:00+00:00,1,1.2169010884598106,1.12672088667483,wick,1.996003517814026,145
2023-10-23 01:00:00+00:00,1,1.2819865321576105,1.1902220682620464,wick,1.961543634198695,21
2023-10-24 04:15:00+00:00,1,-0.10907865163952374,-0.13070526331192972,timeout,8.323079117829044,289
2023-10-25 06:15:00+00:00,1,0.39842285337778277,0.3647330730113796,wick,5.342866532294266,38
2023-10-26 12:00:00+00:00,1,0.17550738416433262,0.12187901938333814,timeout,3.356432752239926,289
2023-10-28 03:15:00+00:00,1,0.27636137527038973,0.19853775845170185,timeout,2.3129225723260967,289
2023-10-29 03:30:00+00:00,1,0.8736609237886355,0.749862078811631,timeout,1.4539715619595237,289
2023-10-30 17:30:00+00:00,1,0.571255143182833,0.4998854929723928,wick,2.5220804567383044,176
2023-11-01 21:00:00+00:00,1,0.20071827437618295,0.1359510490139518,wick,2.7791834371982618,24
2023-11-04 23:00:00+00:00,1,-1.0,-1.1210101763733833,stop,1.4874782055072828,92
2023-11-05 23:15:00+00:00,1,0.7264334683849133,0.6534268356500464,wick,2.4655294081798504,285
2023-11-06 23:45:00+00:00,1,1.0661379024702384,0.9811076795674704,wick,2.116894368321599,187
2023-11-09 02:30:00+00:00,1,0.34551391063868203,0.2869201014026097,wick,3.0719968943269524,32
2023-11-10 12:00:00+00:00,1,-0.25957833054288953,-0.3113219930759035,timeout,3.478686880449459,289
2023-11-11 12:15:00+00:00,1,-0.8403792626058264,-0.9218120864625318,timeout,2.210410881940432,289
2023-11-12 12:45:00+00:00,1,-1.0,-1.1058278458634647,stop,1.7008755921596426,130
2023-11-15 14:00:00+00:00,1,1.7543097783169885,1.6899771030129997,wick,2.7979560798529297,40
2023-11-16 22:15:00+00:00,1,0.19430956958215537,0.14900452603271586,wick,3.973067585810254,76
2023-11-19 22:00:00+00:00,1,-1.0,-1.110537575384468,stop,1.6284055387856138,165
2023-11-21 17:00:00+00:00,1,-1.0,-1.0591121460380835,stop,3.045059468557162,27
2023-11-27 07:45:00+00:00,1,1.0027453831096131,0.9037181478186436,wick,1.817681766749419,153
2023-11-28 08:00:00+00:00,1,1.0823190993482148,0.9967931372004585,wick,2.1046240869997868,56
2023-11-29 11:30:00+00:00,1,0.6723387525135304,0.6030637983545468,wick,2.598341668865003,213
2023-12-01 03:45:00+00:00,1,0.9874191116334523,0.8933608634967131,wick,1.9137077668969664,52
2023-12-03 23:00:00+00:00,1,2.55908385521359,2.4566298679686205,wick,1.7568862358632875,47
2023-12-05 14:45:00+00:00,1,1.6817963300821377,1.6092081711467547,wick,2.479743289263385,29
2023-12-06 15:15:00+00:00,1,-0.08727790916155673,-0.13665418876453794,timeout,3.6454751440838007,289
2023-12-08 20:30:00+00:00,1,-1.0,-1.077736389546792,stop,2.315517881000276,215
2023-12-09 21:00:00+00:00,1,-1.0,-1.0946716965493302,stop,1.9013074293667935,117
2023-12-10 21:15:00+00:00,1,-1.0,-1.1183001402397434,stop,1.5215535639705724,16
2023-12-11 21:30:00+00:00,1,0.41695124361663816,0.3754614159733414,wick,4.338412816450478,42
2023-12-13 01:45:00+00:00,1,0.41803780387621287,0.366340462130188,wick,3.4818037817938796,55
2023-12-14 11:45:00+00:00,1,-1.0,-1.0686293358379244,stop,2.6227851078886903,7
2023-12-15 15:00:00+00:00,1,-1.0,-1.066560467782185,stop,2.704307917261621,235
2023-12-17 02:15:00+00:00,1,-1.0,-1.087614567230641,stop,2.054452880263151,86
2023-12-18 03:30:00+00:00,1,0.7737420940132671,0.711864489034876,wick,2.9089684395971647,70
2023-12-19 04:00:00+00:00,1,0.37264089934341693,0.3233492573205283,wick,3.6517347082172047,137
2023-12-20 13:15:00+00:00,1,0.42174294592307526,0.3546401481194269,wick,2.6824514907218004,4
2023-12-21 13:45:00+00:00,1,-0.30720381916339207,-0.3716315344005452,timeout,2.793828701474743,289
2023-12-24 23:30:00+00:00,1,-1.0,-1.0890705278789452,stop,2.0208704751883384,138
2023-12-26 18:15:00+00:00,1,0.6670653033958681,0.6069591569059073,wick,2.994702048151838,81
2023-12-27 18:45:00+00:00,1,-1.0,-1.068775713147573,stop,2.6172029596228463,183
2023-12-29 19:30:00+00:00,1,0.4813166223596929,0.4252377712214509,wick,3.20976618362376,154
2023-12-31 03:00:00+00:00,1,0.6845531502981851,0.606285032722044,wick,2.299787008738161,28
2024-01-01 18:45:00+00:00,1,1.8649333098725884,1.7680607175066367,wick,1.858110695747886,23
2024-01-02 20:15:00+00:00,1,-1.0,-1.0474315290567238,stop,3.794944071584457,64
2024-01-04 03:00:00+00:00,1,0.3248843804489534,0.290063884932818,wick,5.169369284724566,54
2024-01-05 09:45:00+00:00,1,-0.18001962474119013,-0.2219094624657598,timeout,4.296984896038987,289
2024-01-06 18:45:00+00:00,1,0.8972561170089778,0.8224861951463884,wick,2.4073851559026678,180
2024-01-07 19:30:00+00:00,1,0.8212854284904757,0.7437128769887167,wick,2.320408398528935,81
2024-01-08 23:00:00+00:00,1,-1.0,-1.0398643991035543,stop,4.515306991895722,90
2024-01-10 00:00:00+00:00,1,0.8702602836551904,0.8409437364758053,wick,6.1398772133224915,156
2024-01-11 07:30:00+00:00,1,0.9306238689469051,0.8989940535743466,wick,5.690833091493958,30
2024-01-12 11:00:00+00:00,1,-1.0,-1.039601679685543,stop,4.545261752261244,22
2024-01-13 16:00:00+00:00,1,-0.022318554582370535,-0.06918017217846181,timeout,3.841096599597829,289
2024-01-14 18:15:00+00:00,1,-1.0,-1.088351159497805,stop,2.0373247054496413,8
2024-01-15 19:30:00+00:00,1,-1.0,-1.0594068058430592,stop,3.029955868617539,278
2024-01-16 19:45:00+00:00,1,-1.0,-1.0563407470759618,stop,3.194845814829433,181
2024-01-19 04:00:00+00:00,1,0.6362453091735376,0.5825909644502764,wick,3.3548075356880243,67
2024-01-22 04:00:00+00:00,1,-1.0,-1.1088423256693636,stop,1.6537684112593862,24
2024-01-23 04:15:00+00:00,1,0.04443628792166062,-0.0012897553331953568,timeout,3.9364875503608,289
2024-01-24 08:15:00+00:00,1,1.3749503323717402,1.3218503102368038,wick,3.389829095411454,232
2024-01-25 09:00:00+00:00,1,1.8020768929299158,1.7319983617731687,wick,2.5685469862002037,133
2024-01-26 10:15:00+00:00,1,2.0753600568624875,1.9928166808309506,wick,2.1806716499120253,32
2024-01-27 21:00:00+00:00,1,2.0911607606057143,1.984712141105749,timeout,1.69095664035416,289
2024-01-29 01:15:00+00:00,1,0.7812608476804805,0.7062198514104878,wick,2.398688836064641,192
2024-01-31 06:30:00+00:00,1,-1.0,-1.0735182323655799,stop,2.4483722500960625,76
2024-02-01 13:30:00+00:00,1,0.6578044893158483,0.5913004554460166,wick,2.706602735592156,18
2024-02-02 15:45:00+00:00,1,-0.5353108069125303,-0.6091304330371796,timeout,2.4383759367198397,289
2024-02-03 19:00:00+00:00,1,-1.0,-1.1194150307315809,stop,1.5073479351573498,111
2024-02-05 08:00:00+00:00,1,1.8790219213185149,1.7843735099230826,timeout,1.9017751840332202,289
2024-02-06 09:00:00+00:00,1,3.307364624198355,3.2179889792041494,wick,2.0139714797210124,273
2024-02-07 09:45:00+00:00,1,3.6579588857160954,3.555438107723766,wick,1.755741650862884,174
2024-02-08 15:00:00+00:00,1,0.9163336814155691,0.8307018712860158,wick,2.102022598000392,57
2024-02-09 15:45:00+00:00,1,0.30262490488697935,0.25102028622633327,wick,3.4880598805251664,10
2024-02-11 03:45:00+00:00,1,1.4934594437844704,1.4140719641431376,wick,2.2673600524065995,152
2024-02-12 04:30:00+00:00,1,1.4951850200064676,1.4241133117625377,wick,2.5326533503628497,53
2024-02-13 06:00:00+00:00,1,-1.0,-1.0596649609767332,stop,3.0168460190595323,34
2024-02-14 09:30:00+00:00,1,0.31291265326976886,0.2558320433546111,wick,3.1534351203945543,21
2024-02-15 19:00:00+00:00,1,-0.10545593963510165,-0.15511085547248835,timeout,3.625018731065345,289
2024-02-16 23:00:00+00:00,1,-0.01662983819619395,-0.08122231026011972,timeout,2.78670244764526,289
2024-02-19 02:00:00+00:00,1,-1.0,-1.0834320328496743,stop,2.1574447349775023,158
2024-02-20 06:15:00+00:00,1,-1.0,-1.0816578138259128,stop,2.2043205857034582,45
2024-02-21 10:30:00+00:00,1,0.41810959063311215,0.35265379329271884,wick,2.749947404413032,54
2024-02-22 14:00:00+00:00,1,0.5289453147891431,0.4628196586631477,wick,2.7220901923003877,27
2024-02-23 14:30:00+00:00,1,0.5448909128121635,0.46556057779039217,wick,2.2689933170028964,144
2024-02-26 10:15:00+00:00,1,4.24658811003734,4.132508085106819,wick,1.5778397673880844,40
2024-02-27 14:00:00+00:00,1,1.3898645475243792,1.3454413748530563,wick,4.0519393185124315,94
2024-02-28 16:15:00+00:00,1,0.21526041000194387,0.1777081495251721,wick,4.793319968350251,33
2024-02-29 18:15:00+00:00,1,0.3108591318830445,0.28417613281370363,wick,6.745868391039394,284
2024-03-01 18:30:00+00:00,1,1.518539373593523,1.4780293388520673,timeout,4.4433435110288375,289
2024-03-02 18:45:00+00:00,1,0.477921405413381,0.40566178596979807,wick,2.491017824146387,90
2024-03-04 00:00:00+00:00,1,3.180122514463221,3.103394957603199,wick,2.3459628765240588,113
2024-03-05 01:15:00+00:00,1,-1.0,-1.0376217843721685,stop,4.784462061112639,16
2024-03-06 02:15:00+00:00,1,0.42153047925720394,0.40212331445683297,wick,9.274925103771936,46
2024-03-07 02:45:00+00:00,1,0.26285310121452926,0.2341452906327826,wick,6.270070630689258,48
2024-03-08 03:00:00+00:00,1,0.24917309132703172,0.2019349590142945,wick,3.810480880326106,45
2024-03-09 10:45:00+00:00,1,0.3871001757543078,0.32796658518837385,wick,3.043955191581004,59
2024-03-10 15:00:00+00:00,1,-1.0,-1.0714459000034795,stop,2.519388796155324,40
2024-03-11 15:15:00+00:00,1,-1.0,-1.0441099950157304,stop,4.0807077837077275,105
2024-03-12 18:45:00+00:00,1,0.4615795575874719,0.4283448027293568,wick,5.416017081168532,52
2024-03-13 19:00:00+00:00,1,-1.0,-1.0467451878883989,stop,3.8506637395433785,85
2024-03-14 20:00:00+00:00,1,0.41145783537400366,0.37562763110355324,wick,5.023694496446059,3
2024-03-15 21:45:00+00:00,1,0.3441026010355451,0.32057512979179065,wick,7.650630963911283,11
2024-03-16 22:30:00+00:00,1,0.4249994909827576,0.3880789349554765,wick,4.8753328597488,71
2024-03-18 03:45:00+00:00,1,0.22446937314733373,0.1863669278560326,wick,4.724106251550589,8
2024-03-19 04:30:00+00:00,1,-1.0,-1.035584357362985,stop,5.058402436887539,75
2024-03-20 10:00:00+00:00,1,0.5891835998329035,0.5630017743094141,wick,6.8749980721745665,40
2024-03-21 11:15:00+00:00,1,-1.0,-1.0352796995556646,stop,5.102084265655224,106
2024-03-22 12:15:00+00:00,1,0.39028754315775294,0.3500724143851707,wick,4.4759274803745015,118
2024-03-23 16:15:00+00:00,1,0.18958133679503267,0.1450501496102553,wick,4.042110964908917,6
2024-03-24 17:30:00+00:00,1,0.351832240393725,0.29823735612785673,wick,3.358529502686741,5
2024-03-25 22:15:00+00:00,1,0.14725653799122573,0.10299084562729632,timeout,4.0663545600989135,289
2024-03-26 23:00:00+00:00,1,0.19876380324760193,0.15193233489951483,wick,3.8435694277638923,157
2024-03-28 03:00:00+00:00,1,0.5215128414690061,0.47565462373559775,wick,3.9251416408376345,24
2024-03-29 06:15:00+00:00,1,0.3498626105310961,0.2787711905196373,wick,2.5319511126797987,243
2024-03-30 06:30:00+00:00,1,0.5299057242407623,0.45015138761860984,wick,2.2569305648265328,146
2024-03-31 19:30:00+00:00,1,-1.0,-1.1073740314644005,stop,1.6763829907949248,42
2024-04-02 10:30:00+00:00,1,0.5832933871960183,0.5404302779166744,wick,4.199415372014176,216
2024-04-03 11:00:00+00:00,1,0.6952379893802931,0.6461720251316426,wick,3.668530778032157,118
2024-04-04 13:30:00+00:00,1,0.33683310750015794,0.27304621869518464,wick,2.8218965272055385,12
2024-04-06 05:45:00+00:00,1,0.9020688401527578,0.8440312171389402,wick,3.1014364588492143,139
2024-04-07 16:45:00+00:00,1,0.37182733862242534,0.28617186421626284,wick,2.1014418663595635,61
2024-04-08 18:45:00+00:00,1,-1.0,-1.0569742062595529,stop,3.1593243998869993,54
2024-04-09 20:00:00+00:00,1,0.21801786405717635,0.1714909352268113,wick,3.8687273053476487,86
2024-04-10 22:15:00+00:00,1,0.1775337801750831,0.12682864678506078,wick,3.5499364258732085,1
2024-04-11 23:45:00+00:00,1,0.39918093812552635,0.3431953457388126,wick,3.2151128947010457,25
2024-04-13 00:30:00+00:00,1,-1.0,-1.0400814749210572,stop,4.490852703263055,78
2024-04-14 04:00:00+00:00,1,0.29856822527440785,0.2757958808170146,wick,7.90432449047034,101
2024-04-15 05:45:00+00:00,1,-1.0,-1.036151678954555,stop,4.9790218657969065,93
2024-04-16 07:00:00+00:00,1,0.2378722696404563,0.20427588873631358,wick,5.3577199435134535,60
2024-04-17 17:15:00+00:00,1,0.45101535936947074,0.42012018139559715,wick,5.826151904747614,41
2024-04-18 19:15:00+00:00,1,-1.0,-1.0351676726853423,stop,5.118336991205646,29
2024-04-19 20:00:00+00:00,1,0.38171707079625633,0.34947474678341633,wick,5.582724121509287,224
2024-04-21 02:30:00+00:00,1,0.20578214056726818,0.14371030302096405,wick,2.8998658186286854,102
2024-04-22 03:30:00+00:00,1,0.22636193875688387,0.16191132925775137,wick,2.792836272594486,2
2024-04-23 08:30:00+00:00,1,0.32469521269018475,0.2570196320758777,wick,2.6597481449896385,24
2024-04-24 21:15:00+00:00,1,0.2366161863292346,0.18212030075504215,wick,3.3030016505547435,85
2024-04-26 01:00:00+00:00,1,-0.5416560022367719,-0.5975081885434789,timeout,3.2227923722009213,289
2024-04-27 03:30:00+00:00,1,0.375826769033059,0.32382838888186755,wick,3.4616462950697424,107
2024-04-29 00:15:00+00:00,1,-1.0,-1.082238789592164,stop,2.1887481672900426,27
2024-04-30 13:15:00+00:00,1,-1.0,-1.0478986227936082,stop,3.757936857091003,72
2024-05-01 16:30:00+00:00,1,0.536532896297136,0.501144917850371,wick,5.086473087768442,10
2024-05-02 17:15:00+00:00,1,0.25074701351363976,0.2096295321637644,wick,4.377700046078956,41
2024-05-03 20:15:00+00:00,1,0.30747460850254305,0.2615582990259799,wick,3.9201756859809573,3
2024-05-05 02:00:00+00:00,1,0.33453579250953314,0.2794417955742686,wick,3.267143609339146,46
2024-05-06 02:15:00+00:00,1,-1.0,-1.073528496279224,stop,2.448030479454536,180
2024-05-07 11:00:00+00:00,1,-1.0,-1.0563832792322823,stop,3.192435815207803,85
2024-05-08 13:00:00+00:00,1,0.361154357916139,0.30074276175126086,wick,2.9795604060640213,139
2024-05-09 16:15:00+00:00,1,0.2547670069154121,0.19761273530466814,wick,3.149370903121847,66
2024-05-11 16:00:00+00:00,1,1.147497497953532,1.0669201123676513,wick,2.233877392412452,162
2024-05-12 21:45:00+00:00,1,1.3218693301456708,1.2250212085554653,wick,1.8585801876636883,43
2024-05-14 07:00:00+00:00,1,0.45303684947808387,0.37704764104809374,wick,2.3687574027809006,111
2024-05-15 07:45:00+00:00,1,0.4235672689810853,0.3406368182655483,wick,2.170493448991675,12
2024-05-16 08:15:00+00:00,1,0.3501615263019195,0.28501003993427576,wick,2.7627919182730043,133
2024-05-17 09:00:00+00:00,1,0.42918603972820024,0.36227970289704015,wick,2.690328129220924,34
2024-05-18 09:45:00+00:00,1,0.3235950271146686,0.23613801014436658,wick,2.058153893599218,218
2024-05-19 10:00:00+00:00,1,-1.0,-1.1225352301309506,stop,1.4689652911055702,37
2024-05-20 10:30:00+00:00,1,0.24094245006482276,0.16087787030048337,wick,2.248185159152882,23
2024-05-21 10:45:00+00:00,1,-1.0,-1.0584301015027648,stop,3.0806039245282317,138
2024-05-22 12:30:00+00:00,1,-1.0,-1.0692564770233561,stop,2.599034887946962,102
2024-05-23 16:45:00+00:00,1,0.33372482037546986,0.2798393567521317,wick,3.3404185080081716,107
2024-05-24 20:00:00+00:00,1,0.316415422372455,0.2584397208726143,wick,3.1047489783369757,270
2024-05-25 20:45:00+00:00,1,0.5677557179318825,0.4645717638992502,wick,1.7444572820215272,171
2024-05-27 02:15:00+00:00,1,0.5445127898044151,0.4406364228668826,wick,1.7328291824861903,53
2024-05-28 08:45:00+00:00,1,0.28843086634841003,0.22516224476549412,wick,2.8450121955652734,7
2024-05-29 10:30:00+00:00,1,-0.18642488647454647,-0.25680249293937474,timeout,2.557631738867907,289
2024-05-30 11:15:00+00:00,1,-0.20388205173780194,-0.27655940106114035,timeout,2.476700122884061,289
2024-05-31 17:00:00+00:00,1,0.2789140718982203,0.20825986041814915,wick,2.54761883586757,12
2024-06-02 13:30:00+00:00,1,1.7178209635662522,1.5955311834513775,wick,1.471913677748985,98
2024-06-03 17:30:00+00:00,1,0.2793945165933965,0.221512094850953,wick,3.109752401185579,84
2024-06-05 01:45:00+00:00,1,-1.0,-1.0715861478640338,stop,2.5144529405588463,258
2024-06-06 04:30:00+00:00,1,-1.0,-1.0808952591366456,stop,2.225099491874422,151
2024-06-07 16:00:00+00:00,1,-1.0,-1.0794160860353725,stop,2.266543328763728,9
2024-06-10 16:00:00+00:00,1,-1.0,-1.1407339034089152,stop,1.279009504035381,40
2024-06-11 18:45:00+00:00,1,1.2230255235145797,1.1650185494240899,wick,3.103075152984249,80
2024-06-12 21:15:00+00:00,1,-1.0,-1.0468515460520118,stop,3.8419223092483334,172
2024-06-14 07:15:00+00:00,1,-1.0,-1.0725200195641476,stop,2.4820732410418245,37
2024-06-15 08:15:00+00:00,1,0.41100789770412227,0.32680532515220334,wick,2.137701907967394,152
2024-06-17 07:30:00+00:00,1,-1.0,-1.1189278001746368,stop,1.5135233287396483,26
2024-06-18 11:45:00+00:00,1,0.3335867864997144,0.26970480804756836,wick,2.8176960758164045,176
2024-06-19 12:00:00+00:00,1,0.3773996648777552,0.3090144958879308,wick,2.632149670154118,79
2024-06-20 18:30:00+00:00,1,-1.0,-1.074000913526411,stop,2.4324024045427173,58
2024-06-21 19:00:00+00:00,1,-1.0,-1.0625279320236072,stop,2.8787134673195593,235
2024-06-23 16:15:00+00:00,1,-1.0,-1.2261084650631766,stop,0.7960781121118418,18
2024-06-24 22:30:00+00:00,1,0.3042888887949391,0.26563355944756856,wick,4.6565377410823725,31
2024-06-26 02:00:00+00:00,1,-1.0,-1.057396885634208,stop,3.1360586556410963,264
2024-06-27 03:00:00+00:00,1,0.5580936777268412,0.4814797829801777,wick,2.349443277817944,60
2024-06-28 20:15:00+00:00,1,0.3929812949437362,0.3268417190805742,wick,2.7215173011149485,24
2024-06-29 20:30:00+00:00,1,2.0747459023213684,1.9470573734206014,wick,1.409680270808717,107
2024-06-30 22:15:00+00:00,1,0.7312879346412141,0.6217472536962017,wick,1.6432251328650844,4
2024-07-02 03:15:00+00:00,1,-1.0,-1.087944039117959,stop,2.046756116791119,91
2024-07-03 06:00:00+00:00,1,-1.0,-1.0741630537743785,stop,2.4270845230780584,19
2024-07-04 09:30:00+00:00,1,-1.0,-1.0407459502741265,stop,4.417616935892134,71
2024-07-05 11:15:00+00:00,1,0.3816137373480409,0.3517876138715602,wick,6.034978033331704,26
2024-07-06 15:30:00+00:00,1,0.33862348771268214,0.2826266261228603,wick,3.2144658627210903,6
2024-07-07 19:15:00+00:00,1,-1.0,-1.064542625326234,stop,2.7888546381585946,20
2024-07-09 04:00:00+00:00,1,0.2663927700282332,0.2297878409307705,wick,4.917370541020306,60
2024-07-10 05:00:00+00:00,1,-1.0,-1.0527192010270987,stop,3.4143157804587507,62
2024-07-11 07:30:00+00:00,1,0.3229497999916081,0.2686674230574552,wick,3.3159933327597026,22
2024-07-12 08:15:00+00:00,1,0.3393114678420617,0.28519894516865363,wick,3.3264019326242864,64
2024-07-13 09:30:00+00:00,1,0.4915981772852172,0.4119307899965227,wick,2.2593937886744726,27
2024-07-14 10:30:00+00:00,1,0.5355700970477443,0.4697238991829388,wick,2.7336430323520506,57
2024-07-15 15:00:00+00:00,1,0.7869756122973003,0.7258882136366082,wick,2.946597890013356,37
2024-07-16 15:30:00+00:00,1,0.5531575559698189,0.5079977637605095,wick,3.985846506239997,40
2024-07-17 17:30:00+00:00,1,0.11873355972631494,0.07007033238543009,wick,3.6988915416378756,35
2024-07-18 22:45:00+00:00,1,1.5228814313852943,1.460332830515834,wick,2.8777622120702966,87
2024-07-20 17:30:00+00:00,1,-1.0,-1.0943227416609007,stop,1.9083414755597046,99
2024-07-21 22:00:00+00:00,1,-1.0,-1.0531682702443168,stop,3.3854778267728287,172
2024-07-23 09:45:00+00:00,1,-1.0,-1.0638294465915323,stop,2.820015049666419,144
2024-07-24 16:15:00+00:00,1,-1.0,-1.0645823941950499,stop,2.787137303339499,36
2024-07-25 18:15:00+00:00,1,0.37633267697554057,0.31945391359004094,wick,3.164625763398512,15
2024-07-27 07:00:00+00:00,1,0.46320774528417163,0.3826756668332264,wick,2.235134165941637,34
2024-07-28 18:30:00+00:00,1,0.2159633916156921,0.13877670525377672,wick,2.3320083875088287,23
2024-07-29 21:30:00+00:00,1,-1.0,-1.0548896163880932,stop,3.279308762650521,186
2024-07-30 21:45:00+00:00,1,-1.0,-1.054321290490184,stop,3.313617890438863,114
2024-08-01 02:45:00+00:00,1,0.30964351639030085,0.2584553115890868,wick,3.5164350986524715,74
2024-08-02 08:30:00+00:00,1,-1.0,-1.0481107429505072,stop,3.7413681219841295,51
2024-08-03 14:45:00+00:00,1,-1.0,-1.0556120574072532,stop,3.2367081599200773,16
2024-08-04 18:30:00+00:00,1,-1.0,-1.042942610299545,stop,4.191640860777106,26
2024-08-06 00:15:00+00:00,1,0.33537594556515254,0.31761535576191374,wick,10.13479856210493,73
2024-08-07 04:45:00+00:00,1,0.1848184617241255,0.15450350745780045,wick,5.93766358407311,131
2024-08-08 06:45:00+00:00,1,0.20736956213477878,0.17377269471868417,wick,5.357642359054313,27
2024-08-09 07:30:00+00:00,1,0.10398411658578584,0.067391267162917,wick,4.91899381542855,200
2024-08-10 19:45:00+00:00,1,0.18979077312744005,0.12617516332192086,wick,2.829494216125292,55
2024-08-12 14:30:00+00:00,1,0.49422263371442565,0.45613607042403936,wick,4.72607619195285,113
2024-08-13 14:45:00+00:00,1,0.6157989093536029,0.5709029041869496,wick,4.009265397485644,16
2024-08-14 17:15:00+00:00,1,-1.0,-1.0407034952167593,stop,4.4222246527341715,111
2024-08-16 03:00:00+00:00,1,0.2233474549383905,0.18230643111229525,wick,4.385855498213717,59
2024-08-17 04:00:00+00:00,1,0.3569742098985718,0.3043376949915278,wick,3.4196792914173684,120
2024-08-18 10:30:00+00:00,1,-1.0,-1.0803464305510069,stop,2.2402986512976386,54
2024-08-19 11:00:00+00:00,1,0.49962836823448403,0.427182268715196,wick,2.4846058130717834,10
2024-08-20 18:15:00+00:00,1,0.3428069674386899,0.28779000932142584,wick,3.2717185057077334,95
2024-08-21 18:30:00+00:00,1,0.27397914302611376,0.2179967716023783,wick,3.2152978772114564,54
2024-08-23 08:00:00+00:00,1,1.2455109861638103,1.17382005233947,wick,2.51077772875776,41
2024-08-24 11:15:00+00:00,1,0.31965483537488365,0.25486590058221004,wick,2.778252190377955,145
2024-08-25 14:00:00+00:00,1,0.6035789694975962,0.4999072673088477,wick,1.7362500682422042,38
2024-08-26 15:30:00+00:00,1,-1.0,-1.0752396493104663,stop,2.3923556482467676,91
2024-08-27 19:15:00+00:00,1,-1.0,-1.0714373650681275,stop,2.519689798585652,11
2024-08-28 21:00:00+00:00,1,0.5611293612927948,0.5234552122332674,wick,4.7778119610767975,73
2024-08-29 22:30:00+00:00,1,0.2262002756759848,0.1769589910527774,wick,3.6554692140417075,57
2024-08-30 22:45:00+00:00,1,0.08202070995922468,0.032804233806580686,timeout,3.6573118205727146,289
2024-09-01 00:15:00+00:00,1,-1.0,-1.1086208532773871,stop,1.657140360887522,21
2024-09-02 10:00:00+00:00,1,0.3297992919021398,0.27157561271071984,wick,3.0915256902302617,44
2024-09-03 11:00:00+00:00,1,-1.0,-1.0752314233415743,stop,2.3926172336623717,16
2024-09-04 15:00:00+00:00,1,0.2369827146401093,0.17242873548622556,wick,2.7883641312166993,12
2024-09-05 16:15:00+00:00,1,0.3471272161022338,0.2956323405948754,wick,3.4954934491351244,85
2024-09-06 17:15:00+00:00,1,0.24643242379798874,0.20937474683412652,wick,4.857293137277108,220
2024-09-07 18:15:00+00:00,1,0.501783713109114,0.4400265827686396,wick,2.914643200026274,120
2024-09-09 01:15:00+00:00,1,1.1416461607288175,1.0773511240350802,wick,2.799594016213274,74
2024-09-10 07:45:00+00:00,1,0.44539383127769316,0.38598827267015,wick,3.0300194833475405,49
2024-09-12 08:00:00+00:00,1,0.7646860079053105,0.7094635229958219,wick,3.259541838709827,136
2024-09-13 09:30:00+00:00,1,1.0578517272089654,0.982619169007589,wick,2.39258114177363,34
2024-09-14 22:45:00+00:00,1,-1.0,-1.0983089284922116,stop,1.8309628917810863,98
2024-09-16 14:00:00+00:00,1,0.19540428691810205,0.11513032960489337,wick,2.242321246200502,77
2024-09-17 15:00:00+00:00,1,0.41965477205068097,0.3487895095430162,wick,2.5400315137551517,13
2024-09-18 23:45:00+00:00,1,0.27660318391973654,0.22889276965407135,wick,3.7727612046650574,19
2024-09-20 02:00:00+00:00,1,0.4849529308742713,0.42381694458859565,wick,2.944256090985392,9
2024-09-21 06:30:00+00:00,1,0.5388212026957616,0.45691838826082964,wick,2.1977266744966593,173
2024-09-22 17:45:00+00:00,1,0.806344155834532,0.6913847997367424,wick,1.5657707742107037,32
2024-09-24 03:00:00+00:00,1,0.46340560633637506,0.39065029835957066,wick,2.474046293053793,24
2024-09-25 18:00:00+00:00,1,1.0609744547699238,0.9822162788711857,wick,2.285477005351567,82
2024-09-26 18:15:00+00:00,1,0.2627153212095686,0.20045672196115455,wick,2.8911668777158566,61
2024-09-28 02:45:00+00:00,1,-1.0,-1.0818203346249486,stop,2.199942114941125,190
2024-09-30 00:45:00+00:00,1,-1.0,-1.1374613286472535,stop,1.3094591895143635,6
2024-10-01 07:45:00+00:00,1,-1.0,-1.0791548123983548,stop,2.274024718726281,24
2024-10-02 11:30:00+00:00,1,0.25507816183623144,0.19831949894361506,wick,3.171322064801773,22
2024-10-03 14:00:00+00:00,1,0.2147057613012691,0.16018886686684722,wick,3.3017287919164438,35
2024-10-04 15:00:00+00:00,1,0.4739165910105971,0.4079853914714553,wick,2.730118688241647,46
2024-10-05 15:30:00+00:00,1,0.5803469677753925,0.4689999523471553,wick,1.6165678020890413,132
2024-10-07 09:45:00+00:00,1,-1.0,-1.091671559926303,stop,1.9635315483308744,87
2024-10-08 16:30:00+00:00,1,-1.0,-1.05652308394981,stop,3.184539614997513,114
2024-10-09 20:45:00+00:00,1,-1.0,-1.070853956433863,stop,2.540436823284763,85
2024-10-10 22:30:00+00:00,1,0.38561472394032875,0.3266934260096315,wick,3.054922520744785,44
2024-10-12 11:15:00+00:00,1,1.487954459094926,1.3901627500673457,wick,1.8406468379567258,189
2024-10-13 15:45:00+00:00,1,0.7958525236178328,0.6789812354111076,wick,1.5401558651566405,24
2024-10-14 22:30:00+00:00,1,0.7277990719070203,0.6581482440213543,wick,2.584319604864934,63
2024-10-16 00:00:00+00:00,1,0.2568930797938496,0.21356442660718583,wick,4.15429483174895,53
2024-10-17 07:15:00+00:00,1,0.44847974722390854,0.3777687462731344,wick,2.5455727903683343,78
2024-10-18 07:30:00+00:00,1,0.35297098583623776,0.28495602819578714,wick,2.646476690488276,246
2024-10-19 12:15:00+00:00,1,0.5894507177105683,0.46929660942316537,wick,1.4980761171265857,131
2024-10-20 22:45:00+00:00,1,-1.0,-1.1518303410293802,stop,1.1855337923871812,41
2024-10-22 01:00:00+00:00,1,-1.0,-1.077239331848521,stop,2.330418916013016,165
2024-10-23 02:45:00+00:00,1,-1.0,-1.0784453317884763,stop,2.2945916078901956,62
2024-10-24 07:15:00+00:00,1,0.37419372172133747,0.30035863670190577,wick,2.4378654125288555,45
2024-10-25 11:45:00+00:00,1,-1.0,-1.084542172801153,stop,2.1291149024921334,26
2024-10-26 12:45:00+00:00,1,0.48560695731210535,0.41053299275552346,wick,2.3976354660787536,116
2024-10-27 22:15:00+00:00,1,0.7129218392393049,0.5902231846038424,wick,1.4670087502978726,58
2024-10-29 02:00:00+00:00,1,0.4043528869507684,0.32484203884123275,wick,2.2638420326246376,15
2024-10-30 12:30:00+00:00,1,-1.0,-1.0750566860813593,stop,2.3981874153740947,120
2024-10-31 12:45:00+00:00,1,-1.0,-1.081488698843965,stop,2.2088952523915655,13
2024-11-01 14:15:00+00:00,1,-1.0,-1.0631201728251993,stop,2.851703218533313,7
2024-11-02 15:00:00+00:00,1,-1.0,-1.0875637253165769,stop,2.055645752270478,94
2024-11-03 16:15:00+00:00,1,0.20240888642131016,0.12586779827892133,wick,2.351678090402207,18
2024-11-04 22:15:00+00:00,1,0.5576813601109825,0.5009780289114785,wick,3.1744166734524133,40
2024-11-06 01:15:00+00:00,1,1.1221768012937186,1.0794587605637986,wick,4.213676398176357,14
2024-11-07 03:30:00+00:00,1,0.33869861054663736,0.29423166509360277,wick,4.047950633130706,68
2024-11-08 05:45:00+00:00,1,0.35783063857867625,0.2957948785545696,wick,2.9015522648558383,52
2024-11-09 17:00:00+00:00,1,0.6507418372123016,0.5412974515995116,wick,1.6446709348511765,32
2024-11-10 21:30:00+00:00,1,0.7378546310179847,0.6862398014557022,wick,3.4873698417002066,26
2024-11-11 23:00:00+00:00,1,0.36662721845918317,0.32888375327003116,wick,4.769037477028861,32
2024-11-13 00:45:00+00:00,1,0.8184499824858245,0.7896980271669278,wick,6.260443785598778,73
2024-11-14 01:15:00+00:00,1,0.0830947769744864,0.05517889076892013,timeout,6.44794145793978,289
2024-11-15 02:00:00+00:00,1,0.33441453959747247,0.30255757653901805,wick,5.65025610475542,44
2024-11-16 04:00:00+00:00,1,0.021042959210255625,-0.023804041096293922,timeout,4.013646370317268,289
2024-11-17 09:15:00+00:00,1,-1.0,-1.0715814917598847,stop,2.514616496171916,52
2024-11-18 10:45:00+00:00,1,0.28845967532112343,0.22646689930792663,wick,2.9035641178849976,124
2024-11-19 12:30:00+00:00,1,0.41980919597697897,0.36337648383989823,wick,3.1896393631190705,26
2024-11-20 13:30:00+00:00,1,0.46358469863331947,0.40300756145204375,wick,2.97141806918597,57
2024-11-21 13:45:00+00:00,1,0.3623586574874681,0.30842455590236395,wick,3.3374061068945937,55
2024-11-22 15:30:00+00:00,1,-1.0,-1.058283526775626,stop,3.0883512024408732,287
2024-11-23 17:45:00+00:00,1,-1.0,-1.092239591860488,stop,1.9514396840810997,89
2024-11-24 18:15:00+00:00,1,0.6106307297879559,0.540510054092503,wick,2.5670032157387257,17
2024-11-25 19:00:00+00:00,1,-1.0,-1.0521861967080657,stop,3.449187933869492,66
2024-11-26 20:45:00+00:00,1,0.2942307688838975,0.2573956707344917,wick,4.886643691565781,36
2024-11-28 00:45:00+00:00,1,0.05078593041000737,-0.005541778933844908,timeout,3.1955853006766297,289
2024-11-29 02:15:00+00:00,1,0.4965575835599712,0.4240368472549777,wick,2.4820487100819166,276
2024-11-30 06:00:00+00:00,1,0.2587033916997548,0.1748450828878755,wick,2.1464778213426277,165
2024-12-01 09:00:00+00:00,1,0.38044491404681546,0.2684829161394445,wick,1.607688352872362,57
2024-12-02 09:15:00+00:00,1,0.5263257486759508,0.45658087898273875,wick,2.580834988892645,25
2024-12-03 17:15:00+00:00,1,0.4503903512042191,0.3974688030423501,wick,3.4012610411441733,63
2024-12-04 17:45:00+00:00,1,1.0751065449373616,1.0121844340029458,wick,2.860679613683265,11
2024-12-05 18:00:00+00:00,1,-1.0,-1.0382727907874254,stop,4.703080081088307,18
2024-12-06 19:00:00+00:00,1,-0.8336585878202184,-0.8715151959506773,timeout,4.754784141772458,289
2024-12-07 19:30:00+00:00,1,-1.0,-1.0728720575365718,stop,2.470082581511642,177
2024-12-08 20:00:00+00:00,1,-1.0,-1.0803300970530656,stop,2.2407541706453205,79
2024-12-09 21:15:00+00:00,1,0.3488387034822086,0.30290833583044313,wick,3.9189758149711054,15
2024-12-11 01:45:00+00:00,1,0.40620157407346547,0.36640968033915666,wick,4.523534396273354,31
2024-12-12 03:30:00+00:00,1,0.08878253131082361,0.03432131058221883,timeout,3.305104028001675,289
2024-12-13 05:15:00+00:00,1,0.3153166885224623,0.2526293985171788,wick,2.871395461262226,47
2024-12-14 13:45:00+00:00,1,0.2622361460223332,0.17120265113647318,wick,1.9772941841427523,53
2024-12-15 16:30:00+00:00,1,0.2595810776585924,0.16581205630908522,wick,1.9196105217850397,27
2024-12-16 18:30:00+00:00,1,-1.0,-1.058637762691478,stop,3.069694199403002,135
2024-12-17 18:45:00+00:00,1,-1.0,-1.056424694251464,stop,3.1900926072865654,39
2024-12-18 19:00:00+00:00,1,-1.0,-1.0547564999361254,stop,3.2872809659122373,5
2024-12-20 02:15:00+00:00,1,-0.5011671697022669,-0.5332070049201161,timeout,5.618006421572462,289
2024-12-21 06:00:00+00:00,1,-1.0,-1.0455228390176963,stop,3.954059190597218,152
2024-12-22 06:15:00+00:00,1,-1.0,-1.057167692618914,stop,3.1486315391439654,133
2024-12-23 06:30:00+00:00,1,0.8987264205419936,0.8522791121681595,wick,3.8753591177180553,140
2024-12-24 07:30:00+00:00,1,1.3396419065292013,1.2898551066002757,wick,3.615416139558346,40
2024-12-25 08:00:00+00:00,1,0.2802096999768987,0.21933561199877066,wick,2.9569231503669293,10
2024-12-27 03:15:00+00:00,1,-1.0,-1.0631343314540709,stop,2.8510636899821544,57
2024-12-28 17:30:00+00:00,1,-1.0,-1.087607179690378,stop,2.0546261235227234,114
2024-12-29 23:30:00+00:00,1,0.14665618303095299,0.05854616438379601,wick,2.0429004869562357,9
2024-12-31 01:45:00+00:00,1,0.4489364650594042,0.399802923425448,wick,3.6634851470914906,31
2025-01-01 03:00:00+00:00,1,0.2804094618855962,0.2262419935275076,wick,3.323027740747669,74
2025-01-02 03:30:00+00:00,1,0.2795514466601621,0.2049300245195414,wick,2.4121759521119586,6
2025-01-03 04:00:00+00:00,1,0.34167189530846725,0.27104256339485466,wick,2.5485162484640194,53
2025-01-04 05:15:00+00:00,1,0.4522695600257523,0.3559182845268722,wick,1.8681641635568398,182
2025-01-05 15:45:00+00:00,1,0.582312497794622,0.4549541288096236,wick,1.413334682553938,44
2025-01-06 16:15:00+00:00,1,-1.0,-1.0617306462190568,stop,2.915893661006778,92
2025-01-07 23:00:00+00:00,1,-1.0,-1.0564815750843246,stop,3.186879964506433,73
2025-01-09 01:00:00+00:00,1,-1.0,-1.0478297332691786,stop,3.7633494417998654,77
2025-01-10 02:15:00+00:00,1,0.4530852607064031,0.4078543415872657,wick,3.979578648974243,31
2025-01-11 02:45:00+00:00,1,0.3706898806036339,0.3210158558356656,wick,3.623624235016101,184
2025-01-12 09:15:00+00:00,1,0.4314231956192408,0.305807564138289,wick,1.4329426829916065,21
2025-01-13 14:45:00+00:00,1,0.32717751283513113,0.27218023259112184,wick,3.2728891174506205,3
2025-01-14 15:15:00+00:00,1,0.621494729964254,0.5711309103382386,wick,3.573994215224715,92
2025-01-15 15:30:00+00:00,1,0.7243935501827139,0.6641748553408678,wick,2.9891049693577507,140
2025-01-16 16:15:00+00:00,1,0.7419938809496927,0.6879425354062136,wick,3.3301668661552104,41
2025-01-17 18:15:00+00:00,1,0.17816767384907836,0.12135989414066986,wick,3.1685800945562566,165
2025-01-18 18:45:00+00:00,1,0.19807677783059954,0.14696289634112975,wick,3.5215482517617582,67
2025-01-19 19:15:00+00:00,1,-1.0,-1.0615739370372952,stop,2.9233147766882985,15
2025-01-20 22:45:00+00:00,1,0.208133380497266,0.1853104681167264,wick,7.886811157084426,72
2025-01-22 09:00:00+00:00,1,0.3296806614458408,0.2833249177158021,wick,3.8830139593544986,229
2025-01-23 09:15:00+00:00,1,0.8177066988542593,0.7630818110993495,wick,3.295201279087681,23
2025-01-24 10:15:00+00:00,1,0.3121711359544977,0.2705800937100966,wick,4.327854996810795,32
2025-01-25 19:15:00+00:00,1,-1.0,-1.0884940207927465,stop,2.034035727922916,113
2025-01-26 19:45:00+00:00,1,-1.0,-1.148489725372854,stop,1.212205083873813,14
2025-01-27 21:00:00+00:00,1,0.3626423270941591,0.3210267692837435,wick,4.325305473977075,33
2025-01-28 21:15:00+00:00,1,0.4081876851683607,0.35803626860344656,wick,3.5891309224937786,44
2025-01-29 23:30:00+00:00,1,0.22911229936927668,0.17569347746259323,wick,3.3695988338050444,35
2025-01-31 03:45:00+00:00,1,0.2570501220703577,0.18767456634894955,wick,2.5945738110239738,38
2025-02-01 04:30:00+00:00,1,-1.0,-1.0719925144308244,stop,2.5002599426216294,92
2025-02-02 06:00:00+00:00,1,-1.0,-1.0683160755694308,stop,2.634811770138391,47
2025-02-03 07:30:00+00:00,1,0.70212593482479,0.6747439248329301,wick,6.573659130703343,38
2025-02-04 08:30:00+00:00,1,-0.3232383778740779,-0.3610696621229955,timeout,4.7579669465001,289
2025-02-05 12:00:00+00:00,1,0.3921611079647536,0.34494382560900116,wick,3.812163492252972,202
2025-02-06 16:00:00+00:00,1,0.8163423596132429,0.7553424926576948,wick,2.950826108049873,90
2025-02-07 23:30:00+00:00,1,0.4591751374204212,0.41021053871137125,wick,3.6761252975760867,241
2025-02-09 04:00:00+00:00,1,-1.0,-1.1012701859779168,stop,1.7774234169891947,71
2025-02-10 05:45:00+00:00,1,0.2591006221753444,0.19972476233036213,wick,3.0315350458914043,79
2025-02-11 06:00:00+00:00,1,-1.0,-1.081719654285291,stop,2.2026524900803337,45
2025-02-12 08:15:00+00:00,1,0.23140269521048948,0.1551992439203948,wick,2.3620977390481697,42
2025-02-13 09:30:00+00:00,1,0.2725805923445538,0.20868095533252662,wick,2.816917410127392,76
2025-02-14 09:45:00+00:00,1,0.4456535499764285,0.3603080511826301,wick,2.1090743219498256,43
2025-02-16 09:30:00+00:00,1,-1.0,-1.1681328593555556,stop,1.0705819236640033,56
2025-02-17 09:45:00+00:00,1,-1.0,-1.1143796402228157,stop,1.5737066461247249,124
2025-02-18 12:45:00+00:00,1,-1.0,-1.0961726871436426,stop,1.8716332603991166,20
2025-02-19 13:15:00+00:00,1,0.2105229031954602,0.12167841875802074,wick,2.0260120945014704,40
2025-02-20 15:30:00+00:00,1,0.43822253873168,0.33990650460418226,wick,1.8308305618448084,8
2025-02-21 16:45:00+00:00,1,-1.0,-1.076360563531523,stop,2.357237711134659,11
2025-02-23 06:15:00+00:00,1,-1.0,-1.1573756222038383,stop,1.1437603707571544,90
2025-02-24 16:15:00+00:00,1,-1.0,-1.0801769308744131,stop,2.2450348003710308,27
2025-02-25 16:45:00+00:00,1,0.20636579707301134,0.173369450240561,wick,5.4551493507450495,16
2025-02-26 21:00:00+00:00,1,0.32846939885076826,0.2977737940206636,wick,5.864031707349373,47
2025-02-27 22:00:00+00:00,1,-1.0,-1.0364891181248574,stop,4.932977535496501,19
2025-02-28 23:30:00+00:00,1,0.37824211672853686,0.3468673185152832,wick,5.737088690628214,91
2025-03-02 00:45:00+00:00,1,0.08158245606959913,0.02322240096387118,wick,3.084301405711546,59
2025-03-03 03:00:00+00:00,1,-1.0,-1.0360035117676292,stop,4.999512302070442,62
2025-03-04 06:00:00+00:00,1,0.5783038947636161,0.5530859961348368,wick,7.137787436205316,54
2025-03-05 06:30:00+00:00,1,0.5389059171958173,0.5077072777193502,wick,5.769482356298671,22
2025-03-06 08:15:00+00:00,1,-1.0,-1.0398337485057656,stop,4.518781353804705,65
2025-03-07 08:45:00+00:00,1,0.4179876547274314,0.3889520862818838,wick,6.199293130340002,25
2025-03-08 09:15:00+00:00,1,-1.0,-1.0367456368501387,stop,4.898540763740262,145
2025-03-09 14:30:00+00:00,1,-1.0,-1.0642404078556473,stop,2.8019747384616953,33
2025-03-10 18:15:00+00:00,1,0.5297100951745362,0.5011421572795015,wick,6.300769788192703,77
2025-03-11 18:30:00+00:00,1,0.21891961622311287,0.1886608548963551,wick,5.948690300181793,73
2025-03-12 21:15:00+00:00,1,0.31460550098292134,0.2762577880554562,wick,4.693891402088846,172
2025-03-13 22:45:00+00:00,1,0.2614752487951084,0.2178609980397436,wick,4.127091418115418,19
2025-03-14 23:30:00+00:00,1,-0.038177331728706534,-0.09398719361209304,wick,3.225236435383161,163
2025-03-16 01:30:00+00:00,1,-1.0,-1.1185662540543748,stop,1.5181385414896504,40
2025-03-17 01:45:00+00:00,1,0.07396466493251004,0.013646476649276172,wick,2.9841745105934003,42
2025-03-18 02:00:00+00:00,1,0.32981692279614067,0.2660240541968821,wick,2.8216320092257456,142
2025-03-19 05:45:00+00:00,1,0.3649809204405694,0.2957153386186614,wick,2.598693250896332,31
2025-03-20 09:00:00+00:00,1,-1.0,-1.061357591645977,stop,2.933622314229182,32
2025-03-21 09:45:00+00:00,1,0.29347913953046434,0.2236461285369577,wick,2.5775775301560047,208
2025-03-22 13:45:00+00:00,1,0.5482880857780115,0.4316411361994393,wick,1.5431179353623288,96
2025-03-23 15:30:00+00:00,1,0.7820301824908641,0.6312998614964488,wick,1.1941857405496348,46
2025-03-24 16:00:00+00:00,1,-1.0,-1.0791372788636031,stop,2.2745285481730853,49
2025-03-25 20:00:00+00:00,1,-1.0,-1.0721634370261608,stop,2.494337955864634,93
2025-03-26 21:00:00+00:00,1,-1.0,-1.0688681089827905,stop,2.613691629676961,146
2025-03-28 00:00:00+00:00,1,-1.0,-1.0786942271327424,stop,2.2873342373179906,31
2025-03-29 03:45:00+00:00,1,-1.0,-1.0795271479941149,stop,2.263378035552344,32
2025-03-30 04:15:00+00:00,1,-1.0,-1.081941272555202,stop,2.1966951987319736,82
2025-03-31 06:00:00+00:00,1,0.27262485793237357,0.20567288450778423,wick,2.688494316044936,28
2025-04-01 06:30:00+00:00,1,0.3831133421407829,0.31568647578307174,wick,2.669559030744051,9
2025-04-02 06:45:00+00:00,1,0.33372266986480914,0.26114595545230024,wick,2.480134316592544,12
2025-04-03 07:15:00+00:00,1,0.26839358579515193,0.22331732023306383,wick,3.9932323087427863,143
2025-04-04 08:15:00+00:00,1,-1.0,-1.0599221787571844,stop,3.0038961154832675,13
2025-04-05 13:00:00+00:00,1,-1.0,-1.070206450448713,stop,2.563866978739983,115
2025-04-06 20:00:00+00:00,1,-1.0,-1.059474214026276,stop,3.026521711080952,14
2025-04-07 20:15:00+00:00,1,0.31158072216279176,0.2860910758058206,wick,7.0616907539312335,11
2025-04-08 22:00:00+00:00,1,0.06767041487300549,0.031366399152270096,wick,4.958129188369408,65
2025-04-09 22:15:00+00:00,1,0.3240538963673494,0.29305600736816795,wick,5.806847040608261,258
2025-04-11 01:15:00+00:00,1,0.4747516875562566,0.43114410150690646,wick,4.127722176510677,21
2025-04-12 01:45:00+00:00,1,0.5145324122589756,0.4645172791149837,wick,3.5989107433101473,52
2025-04-13 03:00:00+00:00,1,0.12031546066755747,0.0560088459123496,wick,2.7990899643091964,236
2025-04-14 12:45:00+00:00,1,0.24745062196647635,0.1925223497296542,wick,3.2770009445032904,79
2025-04-15 15:15:00+00:00,1,-0.36543513019067864,-0.42931650664803905,timeout,2.817722628756231,289
2025-04-16 17:15:00+00:00,1,-0.053657343893849026,-0.1201055835502898,timeout,2.708875373232746,289
2025-04-17 17:45:00+00:00,1,-0.22587722759203083,-0.2994005678804331,timeout,2.4482021531384848,289
2025-04-19 04:30:00+00:00,1,-1.0,-1.157512291916476,stop,1.1427679567728508,122
2025-04-20 06:15:00+00:00,1,-1.0,-1.1734162839778413,stop,1.0379648085585775,18
2025-04-21 12:15:00+00:00,1,0.1484961820957695,0.059001480513514074,wick,2.0112922532577002,18
2025-04-22 13:15:00+00:00,1,0.5188834707147657,0.44263495991588386,wick,2.360701843407539,7
2025-04-23 15:45:00+00:00,1,0.4085130860019802,0.35645983864529013,wick,3.4579975148633193,11
2025-04-24 18:15:00+00:00,1,0.6517674357895402,0.5786253796408298,wick,2.4609644502477335,72
2025-04-25 19:45:00+00:00,1,-0.12111678418736438,-0.18271513214104132,timeout,2.9221562911940953,289
2025-04-26 21:15:00+00:00,1,-1.0,-1.116685891498165,stop,1.5426029461567838,114
2025-04-27 21:30:00+00:00,1,-1.0,-1.1312183320935438,stop,1.3717595485947824,16
2025-04-28 23:30:00+00:00,1,0.8020142623932229,0.7251607267489872,wick,2.3421173598732246,270
2025-04-30 00:00:00+00:00,1,0.3660279099726408,0.2841604013326388,wick,2.198674455717451,17
2025-05-01 00:15:00+00:00,1,0.194146827361652,0.1193788474545305,wick,2.407447683133878,12
2025-05-02 03:15:00+00:00,1,-1.0,-1.0854543632977722,stop,2.106387468744881,268
2025-05-03 07:15:00+00:00,1,-1.0,-1.1132129128035368,stop,1.5899246432459657,158
2025-05-04 22:30:00+00:00,1,-1.0,-1.1574559637439221,stop,1.1431767696823614,13
2025-05-06 02:45:00+00:00,1,1.3917353698882904,1.305522875496568,wick,2.0878644246405473,95
2025-05-07 14:15:00+00:00,1,0.36935777507284245,0.2724125030538957,wick,1.8567176743268226,44
2025-05-08 14:30:00+00:00,1,0.6853320515322143,0.5959344204262794,wick,2.013476171272396,8
2025-05-09 17:45:00+00:00,1,0.21633902525609722,0.15650259171377073,wick,3.0082006788167517,54
2025-05-10 18:15:00+00:00,1,0.7483116204432594,0.6452228337990735,wick,1.7460676942612157,24
2025-05-11 21:30:00+00:00,1,0.26893070443812045,0.18129061081803916,wick,2.0538544924460918,15
2025-05-12 23:30:00+00:00,1,0.2388800841626506,0.17930849122053164,wick,3.02157439662377,72
2025-05-13 23:45:00+00:00,1,-1.0,-1.0754485669764353,stop,2.385731196938691,136
2025-05-15 02:15:00+00:00,1,0.3079809977565781,0.21795891441749626,wick,1.9995093795152759,81
2025-05-16 02:30:00+00:00,1,0.8201152363765565,0.7522759490660689,wick,2.653329761207159,279
2025-05-17 02:45:00+00:00,1,0.31719988016520295,0.2262265432218431,wick,1.9786017095543975,118
2025-05-18 03:45:00+00:00,1,0.43382918400756554,0.3024925749603715,wick,1.3705241920424442,18
2025-05-19 04:15:00+00:00,1,0.37790953482587547,0.3209528088989902,wick,3.1602940139337377,61
2025-05-20 05:15:00+00:00,1,0.18578219261025497,0.1227618560981207,wick,2.8562208639641553,63
2025-05-21 09:30:00+00:00,1,0.7827091411151343,0.7222807047899181,wick,2.978730063959766,23
2025-05-22 12:45:00+00:00,1,-1.0,-1.0533590744346375,stop,3.3733718567493547,95
2025-05-23 15:30:00+00:00,1,0.1684564559290328,0.10987527098781588,wick,3.0726589122534875,289
2025-05-24 17:15:00+00:00,1,-1.0,-1.0792271328050054,stop,2.2719489350071274,90
2025-05-25 17:30:00+00:00,1,0.9986666981180216,0.912782269594712,wick,2.0958397592544595,34
2025-05-26 18:15:00+00:00,1,0.2710922872726417,0.19019477752411723,wick,2.2250375884195015,98
2025-05-27 23:15:00+00:00,1,-1.0,-1.0740433017675706,stop,2.4310099050558027,170
2025-05-29 02:00:00+00:00,1,-1.0,-1.083983646186288,stop,2.1432744132200905,68
2025-05-30 02:45:00+00:00,1,-1.0,-1.0651432226571336,stop,2.763142390842236,97
2025-05-31 03:15:00+00:00,1,0.29000431192335746,0.22504644400068463,wick,2.771026909538897,42
2025-06-01 03:30:00+00:00,1,0.5600227785964679,0.4486762273599517,wick,1.6165745413852468,56
2025-06-02 06:45:00+00:00,1,0.5446057340623213,0.428487837886227,wick,1.5501486500153923,80
2025-06-03 09:00:00+00:00,1,0.47325505339315493,0.37771877381259755,wick,1.8841010011094455,34
2025-06-04 12:15:00+00:00,1,0.3689906947191532,0.2630423276631921,wick,1.6989407671089953,100
2025-06-05 12:30:00+00:00,1,0.2689581722668362,0.14455642405182278,wick,1.4469250037297843,3
2025-06-06 14:15:00+00:00,1,0.18592379281762594,0.10536213784834146,wick,2.234313583411712,11
2025-06-08 10:30:00+00:00,1,0.446404819485235,0.2836850732300194,wick,1.1061964152628496,14
2025-06-09 10:45:00+00:00,1,0.4551812239698041,0.33099067573717955,wick,1.4493856622875785,24
2025-06-10 11:15:00+00:00,1,0.2768481736288058,0.1762262792932869,wick,1.7888750871634218,34
2025-06-11 12:15:00+00:00,1,0.17624352780902444,0.06296177431789102,wick,1.5889584549385407,12
2025-06-12 12:45:00+00:00,1,-1.0,-1.0996974806018862,stop,1.805461872389525,46
2025-06-13 14:45:00+00:00,1,0.39685916263153365,0.33071620301553195,wick,2.7213780732674295,7
2025-06-14 22:00:00+00:00,1,0.999690954601155,0.8935463615383759,wick,1.695799991371574,137
2025-06-15 22:30:00+00:00,1,1.2208390455605624,1.1012897325097144,wick,1.505654824828984,39
2025-06-17 00:30:00+00:00,1,-1.0,-1.0759009266792985,stop,2.371512547673467,60
2025-06-18 03:45:00+00:00,1,0.30527992656396546,0.2292127774687901,wick,2.3663303034373437,213
2025-06-19 04:00:00+00:00,1,0.3190254232640751,0.24852519658842315,wick,2.553183280220076,116
2025-06-20 07:45:00+00:00,1,0.3113357049584691,0.19150569916187804,wick,1.5021279420243565,5
2025-06-21 18:15:00+00:00,1,-1.0,-1.1280850053237923,stop,1.4053167234132458,13
2025-06-22 19:45:00+00:00,1,0.8424684241338491,0.7877253675599529,wick,3.2880882300940337,43
2025-06-23 22:30:00+00:00,1,0.5349382031500945,0.48160006528956534,wick,3.374695990900009,158
2025-06-25 00:15:00+00:00,1,0.6035008238446086,0.5250624845247404,wick,2.294796161682716,55
2025-06-26 01:30:00+00:00,1,0.2550791367730884,0.16181581653496957,wick,1.9300192137747838,7
2025-06-27 01:45:00+00:00,1,0.41433199526347997,0.31656482725122925,wick,1.8411088677279173,225
2025-06-28 02:00:00+00:00,1,0.4512247093044262,0.3464844876495095,wick,1.7185375126762534,128
2025-06-29 02:30:00+00:00,1,0.7524275397238455,0.5383052866921791,wick,0.8406412572792238,30
2025-06-30 06:00:00+00:00,1,-1.0,-1.149275882934623,stop,1.2058210372725309,36
2025-07-01 08:00:00+00:00,1,-1.0,-1.1307644154517804,stop,1.3765212758999812,28
2025-07-02 08:15:00+00:00,1,0.22126683318630053,0.11128603705513752,wick,1.6366493636337398,23
2025-07-03 13:15:00+00:00,1,0.2787392732505849,0.1825138777580943,wick,1.8706080559995946,5
2025-07-04 22:30:00+00:00,1,0.3949847849513047,0.2747378422871236,wick,1.4969195558068689,158
2025-07-05 22:45:00+00:00,1,0.62334817457512,0.4185287618330067,wick,0.878822947445107,61
2025-07-06 23:45:00+00:00,1,-1.0,-1.1383606198870033,stop,1.3009482043879448,75
2025-07-08 00:00:00+00:00,1,0.39969126802146326,0.27721380233146803,wick,1.4696581039291017,47
2025-07-09 01:15:00+00:00,1,1.3866990953366265,1.2496710822077761,wick,1.3136000142594348,130
2025-07-10 01:30:00+00:00,1,2.0557802091994293,1.9703669890469862,wick,2.107402105654617,84
2025-07-11 02:30:00+00:00,1,0.5093490334829603,0.4418204668254243,wick,2.6655385847718476,14
2025-07-12 09:45:00+00:00,1,0.3558946081235548,0.24910046492971355,wick,1.6854856887917853,122
2025-07-13 11:30:00+00:00,1,0.5371838827082973,0.37314613219661724,wick,1.0973083905291872,19
2025-07-14 13:45:00+00:00,1,-1.0,-1.077689190385923,stop,2.3169246468632965,47
2025-07-15 14:15:00+00:00,1,0.32752201530234676,0.2645037803048248,wick,2.8563161124248873,115
2025-07-16 14:30:00+00:00,1,0.3842032236061353,0.30445271172446026,wick,2.257038804554183,18
2025-07-17 20:45:00+00:00,1,0.4011001427932626,0.32926274568656194,wick,2.5056587132833408,38
2025-07-18 21:00:00+00:00,1,0.3844133258555207,0.31845047197297305,wick,2.728808555198431,173
2025-07-20 04:30:00+00:00,1,0.3493509108190765,0.21741631010941295,wick,1.3643123110374178,47
2025-07-21 07:00:00+00:00,1,-1.0,-1.1032156526731245,stop,1.7439215403699015,48
2025-07-22 07:30:00+00:00,1,0.40588183172793874,0.33593882286940346,wick,2.573523829437519,46
2025-07-23 09:45:00+00:00,1,0.3846667406579909,0.2962671784238089,wick,2.036209178538197,127
2025-07-24 10:45:00+00:00,1,0.3324792114939586,0.25181913247793797,wick,2.2315872014487934,27
2025-07-25 12:45:00+00:00,1,0.4735788222411073,0.4012293018159982,wick,2.487922503734115,93
2025-07-26 13:45:00+00:00,1,0.45049077544954225,0.32842989823228963,wick,1.4746739832094047,120
2025-07-27 14:00:00+00:00,1,0.7386211670981586,0.5416479853989973,wick,0.9138299866370405,23
2025-07-28 14:45:00+00:00,1,0.30002642067631113,0.1785126372526018,wick,1.4813134356318547,61
2025-07-29 16:45:00+00:00,1,0.2756806084830648,0.17716545558788416,wick,1.8271300882161612,54
2025-07-30 19:30:00+00:00,1,0.23992660772416832,0.15521645539831536,wick,2.124892885419417,5
2025-07-31 23:15:00+00:00,1,-1.0,-1.0912845243701206,stop,1.9718566892036942,60
2025-08-02 00:15:00+00:00,1,0.41267913121538674,0.35153720872914657,wick,2.943970236469233,198
2025-08-03 00:45:00+00:00,1,0.5043087250389008,0.42061098768886546,wick,2.150595771152277,45
2025-08-04 05:45:00+00:00,1,0.2857253564252061,0.1602275268549771,wick,1.4342877531541005,40
2025-08-05 07:15:00+00:00,1,0.4477174977702795,0.3169079566007652,wick,1.3760464136690187,14
2025-08-06 07:30:00+00:00,1,0.3757866884965206,0.2726031203585306,wick,1.7444638060905342,54
2025-08-07 08:30:00+00:00,1,1.0090130243177569,0.8842943558621126,wick,1.443248250072653,69
2025-08-08 16:00:00+00:00,1,0.2899550429002537,0.17846696632799974,wick,1.6145224272780807,9
2025-08-10 03:00:00+00:00,1,0.5368627962759019,0.3746880694790834,wick,1.109914001739087,13
2025-08-11 05:15:00+00:00,1,-1.0,-1.0870816316358125,stop,2.0670260377387626,30
2025-08-12 07:30:00+00:00,1,0.22461922492107322,0.1368432244778376,wick,2.0506744336842417,33
2025-08-13 09:15:00+00:00,1,0.6552853249141313,0.5616819569676825,wick,1.9230077287708216,22
2025-08-14 13:15:00+00:00,1,-0.2934483481968482,-0.3516871300523737,timeout,3.0907239860636313,289
2025-08-15 16:45:00+00:00,1,0.3080179201799907,0.2276106219816154,wick,2.238602764091346,149
2025-08-17 01:15:00+00:00,1,0.6010268250764871,0.4276021950865887,wick,1.0379148567910141,19
2025-08-18 04:00:00+00:00,1,0.38318607148686024,0.2721960413222738,wick,1.6217672860623529,50
2025-08-19 04:45:00+00:00,1,-1.0,-1.0839872795538705,stop,2.1431816931818317,59
2025-08-20 12:00:00+00:00,1,0.18644642464316477,0.082709317873042,wick,1.735155390432015,30
2025-08-21 12:15:00+00:00,1,1.2266879538739888,1.13141409457533,wick,1.8892905286406698,107
2025-08-22 13:30:00+00:00,1,1.568263691398069,1.477793146394295,wick,1.9895978297963306,6
2025-08-23 17:15:00+00:00,1,-1.0,-1.1073004087990201,stop,1.6775332173910966,106
2025-08-24 20:30:00+00:00,1,-1.0,-1.0789648887657641,stop,2.279494124710783,95
2025-08-25 22:30:00+00:00,1,0.3141025744060487,0.2577904281987366,wick,3.196468473024156,158
2025-08-27 02:00:00+00:00,1,0.18815745385932942,0.1140457413062917,wick,2.4287658967694723,52
2025-08-28 04:15:00+00:00,1,0.29426156940769804,0.21559061214088232,wick,2.2880108016166973,4
2025-08-29 06:00:00+00:00,1,-1.0,-1.0928143403577444,stop,1.9393554843594891,32
2025-08-30 07:30:00+00:00,1,0.3206808177537017,0.2392895446496348,wick,2.211539310484208,103
2025-08-31 09:15:00+00:00,1,-1.0,-1.1427721940599165,stop,1.2607496941908747,61
2025-09-01 13:00:00+00:00,1,0.3598258999782529,0.2727100525331443,wick,2.066214188106444,91
2025-09-02 13:30:00+00:00,1,0.6314197802729334,0.5561917311283368,wick,2.392724549509718,3
2025-09-03 13:45:00+00:00,1,-1.0,-1.0927616972127012,stop,1.9404560870340994,102
2025-09-04 14:45:00+00:00,1,0.3093314897404154,0.21431866810286448,wick,1.8944811542030922,32
2025-09-05 18:45:00+00:00,1,0.22048355218706314,0.14902766439622195,wick,2.519036647153258,251
2025-09-06 19:00:00+00:00,1,0.36019299502551605,0.2265493717138349,wick,1.3468656082468475,52
2025-09-07 19:15:00+00:00,1,0.6936014889188974,0.5133688669635693,wick,0.9987093238016272,57
2025-09-08 21:15:00+00:00,1,0.5352997739629567,0.41000944988193977,wick,1.436663216575336,40
2025-09-10 00:45:00+00:00,1,1.4628475007387427,1.354837390075101,wick,1.6665106525123805,53
2025-09-11 03:30:00+00:00,1,0.9851172027027256,0.8674227107539774,wick,1.5293833808160164,86
2025-09-12 03:45:00+00:00,1,0.3765109601262769,0.27568651825908275,wick,1.7852813927509346,82
2025-09-13 10:15:00+00:00,1,-1.0,-1.1475199439185568,stop,1.22017399965509,187
2025-09-14 11:15:00+00:00,1,-1.0,-1.1984726334633131,stop,0.9069260424423816,52
2025-09-15 19:00:00+00:00,1,0.27193982472678147,0.1659359948374179,wick,1.698051855181708,49
2025-09-17 05:00:00+00:00,1,0.43166091497595943,0.30880419539824405,wick,1.4651213268488545,6
2025-09-18 06:00:00+00:00,1,-0.5987606157915072,-0.683669772256106,timeout,2.119912710180407,289
2025-09-19 08:30:00+00:00,1,-1.0,-1.1321101026736817,stop,1.362499887269096,27
2025-09-20 15:30:00+00:00,1,-1.0,-1.2260633425225758,stop,0.7962370103504254,132
2025-09-21 22:30:00+00:00,1,-1.0,-1.247054927889175,stop,0.7285829169161329,10
2025-09-23 02:15:00+00:00,1,0.26520187147670254,0.1606352813114375,wick,1.7213911223031588,18
2025-09-24 02:30:00+00:00,1,0.4035585659307354,0.2964832207271897,wick,1.681059254656873,44
2025-09-25 03:45:00+00:00,1,-1.0,-1.103470213608539,stop,1.7396310853382189,54
2025-09-26 06:15:00+00:00,1,0.3465438302100453,0.26754444655271237,wick,2.278498789063551,241
2025-09-27 09:45:00+00:00,1,0.5476880037815335,0.4206830894467166,wick,1.4172679926815643,131
2025-09-28 13:00:00+00:00,1,0.9746886427931917,0.7396156860919787,wick,0.7657197260201525,22
2025-09-29 13:15:00+00:00,1,1.365285838305769,1.220255337414411,wick,1.2411182399131158,7
2025-09-30 13:30:00+00:00,1,0.3767477071416165,0.25278163465313197,wick,1.4520101862283377,38
2025-10-01 14:45:00+00:00,1,0.25270537245346836,0.15886505521487593,wick,1.9181520832068735,8
2025-10-02 15:30:00+00:00,1,0.5641974029609621,0.4699529372130834,wick,1.9099264723037763,17
2025-10-03 16:30:00+00:00,1,0.6148634379511222,0.5258285635179191,wick,2.02167971983879,146
2025-10-04 20:30:00+00:00,1,0.9456878052530584,0.8175904815555932,wick,1.4051815822875136,25
2025-10-05 22:30:00+00:00,1,0.22792615780737024,0.1364700376917867,wick,1.9681569672156816,8
2025-10-07 03:45:00+00:00,1,0.24645361192572263,0.1603032457324156,wick,2.089370108957054,37
2025-10-08 04:00:00+00:00,1,0.48617871454504025,0.4118377308150273,wick,2.421275465680047,41
2025-10-09 04:30:00+00:00,1,0.26788354873150516,0.1911543675030808,wick,2.3459132121341977,32
2025-10-10 05:00:00+00:00,1,-1.0,-1.0773285619889617,stop,2.32772982414563,48
2025-10-11 06:00:00+00:00,1,0.32560455241596653,0.29954268613152385,wick,6.906642756718037,156
2025-10-12 09:30:00+00:00,1,0.23858018480911541,0.187071015929093,wick,3.494523478320229,22
2025-10-13 09:45:00+00:00,1,-1.0,-1.0614725639562843,stop,2.9281355521140355,85
2025-10-14 10:45:00+00:00,1,0.19690424775490387,0.13583779800855206,wick,2.947608723737104,13
2025-10-15 17:30:00+00:00,1,0.31724795927463084,0.2617518617667401,wick,3.2434713084898723,75
2025-10-16 21:45:00+00:00,1,-1.0,-1.0456477961399073,stop,3.943235275769124,51
2025-10-17 22:00:00+00:00,1,0.4143898016762958,0.36886101494757256,wick,3.953542647040088,174
2025-10-18 22:30:00+00:00,1,0.08237907829677933,-0.010723555358055761,wick,1.9333502494389647,46
2025-10-19 22:45:00+00:00,1,0.7993013719837528,0.7103723343714965,wick,2.0240857748267373,31
2025-10-21 00:30:00+00:00,1,-1.0,-1.0741481167292528,stop,2.42757345621142,18
2025-10-22 01:15:00+00:00,1,0.29481987618564404,0.2532192260518189,wick,4.3268554558873,125
2025-10-23 01:45:00+00:00,1,0.42665777499935537,0.37274786962512285,wick,3.3389040242321615,27
2025-10-24 04:45:00+00:00,1,0.15067873190115566,0.07996034310028058,wick,2.5453068579776894,32
2025-10-25 05:30:00+00:00,1,1.5596735534946002,1.4651289191530892,wick,1.9038626703003565,167
2025-10-26 10:45:00+00:00,1,1.4906781038047563,1.3441476049082397,wick,1.2284132065033126,50
2025-10-27 12:30:00+00:00,1,0.2822787270322983,0.19171912682704412,wick,1.9876412836632267,104
2025-10-28 12:45:00+00:00,1,0.7849553996411924,0.6809198801999627,wick,1.7301783176243302,7
2025-10-29 13:00:00+00:00,1,-1.0,-1.0861166203368564,stop,2.0901888543222746,23
2025-10-30 16:30:00+00:00,1,0.43685693880481136,0.3867983045879645,wick,3.595783281267035,36
2025-10-31 17:45:00+00:00,1,0.38748771224868683,0.3371403538284797,wick,3.57516274235663,154
2025-11-01 18:15:00+00:00,1,0.2938022619557804,0.1851739840119144,wick,1.6570270965081075,56
2025-11-02 18:30:00+00:00,1,-1.0,-1.1103347421939005,stop,1.6313991080313643,35
2025-11-03 19:45:00+00:00,1,-1.0,-1.0543951718920297,stop,3.30911722013282,54
2025-11-04 20:45:00+00:00,1,0.3589253036996339,0.31815223357096406,wick,4.414678596239238,63
2025-11-06 06:15:00+00:00,1,-1.0,-1.0572552506853599,stop,3.1438164682776604,117
2025-11-07 12:00:00+00:00,1,0.7987273440656072,0.7394366364579232,wick,3.035888881458925,30
2025-11-08 19:00:00+00:00,1,0.6662690805506639,0.5912288704008726,wick,2.3987139646956384,84
2025-11-09 19:30:00+00:00,1,0.38611454701997916,0.3120889645872373,wick,2.4315918103521073,26
2025-11-10 20:45:00+00:00,1,0.1893284704119266,0.12338530206992254,wick,2.7296231668223427,19
2025-11-11 23:30:00+00:00,1,0.5851084118779533,0.5192693105253444,wick,2.7339376799204675,40
2025-11-13 01:45:00+00:00,1,0.5253416368134867,0.46119421681153544,wick,2.806036470282434,23
2025-11-14 02:00:00+00:00,1,-1.0,-1.0434811165521387,stop,4.139728099763946,43
2025-11-15 03:00:00+00:00,1,-1.0,-1.0371000934839092,stop,4.851739796237118,259
2025-11-16 08:00:00+00:00,1,-1.0,-1.0770633116162402,stop,2.3357418235069356,39
2025-11-17 14:30:00+00:00,1,0.32731208350947066,0.2717292350482815,wick,3.238409059328535,1
2025-11-18 15:15:00+00:00,1,0.23864332084718698,0.1924098253504269,wick,3.8932812253534657,152
2025-11-19 18:00:00+00:00,1,0.9377628371334437,0.8931736513591263,wick,4.036853261036155,45
2025-11-20 18:15:00+00:00,1,-1.0,-1.0386304432080644,stop,4.659537531850632,54
2025-11-21 18:45:00+00:00,1,0.3714225508207399,0.3466810941636201,wick,7.275238580110109,174
2025-11-23 01:15:00+00:00,1,0.1927792134800691,0.13843316735560857,wick,3.312108475891202,3
2025-11-24 02:15:00+00:00,1,0.28731325113444206,0.23388784186287295,wick,3.369183361516874,78
2025-11-25 04:45:00+00:00,1,0.5911371710912164,0.5337532691742246,wick,3.136768222216355,155
2025-11-26 12:00:00+00:00,1,0.21194805433667183,0.1492880594722094,wick,2.872646261611599,19
2025-11-27 16:45:00+00:00,1,0.24712990569749843,0.17242099320186619,timeout,2.4093510932918947,289
2025-11-28 19:45:00+00:00,1,-1.0,-1.057722516814695,stop,3.1183671456642896,212
2025-11-30 08:30:00+00:00,1,-1.0,-1.1289331938196212,stop,1.3960718312137814,63
2025-12-01 14:15:00+00:00,1,0.20649562030460025,0.14768973842555466,wick,3.060918300149491,44
2025-12-02 17:30:00+00:00,1,0.29274703162052723,0.24459467452082517,wick,3.7381347631082797,39
2025-12-03 18:15:00+00:00,1,-1.0,-1.0518444020281519,stop,3.4719274011928682,178
2025-12-04 18:30:00+00:00,1,-1.0,-1.0552469807607938,stop,3.2580965967960633,87
2025-12-05 19:30:00+00:00,1,0.4330043819669715,0.3840995734647507,wick,3.6806196673242484,185
2025-12-06 23:45:00+00:00,1,1.1169736970296984,1.0154024064545066,wick,1.7721543064055927,72
2025-12-08 00:00:00+00:00,1,0.4411063417689531,0.38461439657965174,wick,3.1862949557999842,31
2025-12-09 02:00:00+00:00,1,0.20335393371555435,0.14347770379430422,wick,3.0062012961861155,53
2025-12-10 11:00:00+00:00,1,0.1331749860003923,0.05972313214039547,wick,2.450584846273447,31
2025-12-11 12:30:00+00:00,1,1.0918639852895462,1.0243044147257028,wick,2.664315336787121,39
2025-12-12 13:00:00+00:00,1,-1.0,-1.0683012807807066,stop,2.6353824985789376,12
2025-12-13 14:45:00+00:00,1,-1.0,-1.1179857625990108,stop,1.5256078024579305,84
2025-12-14 15:45:00+00:00,1,-1.0,-1.106537656977081,stop,1.6895434450817957,32
2025-12-15 17:00:00+00:00,1,0.2288683664553378,0.16661573827233672,wick,2.891444188843924,72
2025-12-16 18:15:00+00:00,1,0.44129234776121395,0.3904208524307085,wick,3.538327285851607,175
2025-12-17 22:30:00+00:00,1,0.7105371893311075,0.6679740423946369,wick,4.229010610250835,62
2025-12-19 01:45:00+00:00,1,0.4503193184573004,0.40592344855382434,wick,4.054431198022466,9
2025-12-20 02:00:00+00:00,1,0.28876045479498785,0.23372235090000554,wick,3.270461503242487,128
2025-12-21 03:30:00+00:00,1,0.6958748324161922,0.5645320428585653,wick,1.3704597001956063,26
2025-12-22 07:45:00+00:00,1,0.4012564535955064,0.31203115936542997,wick,2.0173651603305656,16
2025-12-23 15:30:00+00:00,1,0.22339768286089265,0.1494399869087201,wick,2.433823791866144,3
2025-12-24 16:15:00+00:00,1,0.3708577656050087,0.2939253759078715,wick,2.3397167397062946,43
2025-12-25 17:30:00+00:00,1,0.6481619034277241,0.535593447119203,wick,1.599026991244034,46
2025-12-26 19:00:00+00:00,1,0.2632299704041193,0.19398558255372625,wick,2.5994886457643562,116
2025-12-29 00:45:00+00:00,1,1.9197529856760596,1.7486370904306758,wick,1.0519186411167483,23
2025-12-30 01:00:00+00:00,1,0.29731218589546327,0.21473915130315005,wick,2.17988839684422,30
2025-12-31 14:15:00+00:00,1,-1.0,-1.1170779508278827,stop,1.5374372264562384,6
2026-01-01 17:15:00+00:00,1,0.9915615294741861,0.8195744765650413,wick,1.046590408727384,42
2026-01-02 22:00:00+00:00,1,1.1841580031338252,1.1157905496818847,wick,2.6328317190654533,209
2026-01-04 00:45:00+00:00,1,1.340511802304715,1.2104284545355524,wick,1.3837282256866297,102
2026-01-05 01:00:00+00:00,1,0.366066363635237,0.2319476501551426,wick,1.3420945916448506,5
2026-01-06 14:30:00+00:00,1,-1.0,-1.1060101081934408,stop,1.6979512903764507,9
2026-01-07 15:45:00+00:00,1,-0.05668309987111275,-0.1306936065670551,wick,2.4320871189207605,192
2026-01-08 18:30:00+00:00,1,-0.0032070167742257434,-0.06985363992736204,wick,2.700812006429908,85
2026-01-09 21:15:00+00:00,1,0.26699856761195867,0.20404274494987962,wick,2.859147770432069,176
2026-01-11 15:00:00+00:00,1,-1.0,-1.2360556080283134,stop,0.7625321910522466,21
2026-01-12 22:15:00+00:00,1,0.22460774712349474,0.1539562202793476,wick,2.54771564098068,31
2026-01-13 22:45:00+00:00,1,0.5763931704420092,0.502859417299088,wick,2.447855471896688,77
2026-01-15 03:00:00+00:00,1,0.2496557392804499,0.18753390812634876,wick,2.8975321019350995,28
2026-01-16 05:00:00+00:00,1,-1.0,-1.0771374722604052,stop,2.3334962207776995,269
2026-01-17 07:30:00+00:00,1,-1.0,-1.129185342159973,stop,1.3933469307771953,162
2026-01-18 08:15:00+00:00,1,-1.0,-1.2116171793337946,stop,0.8505925679884279,63
2026-01-19 09:00:00+00:00,1,-1.0,-1.1085034578680877,stop,1.6589333053222497,81
2026-01-20 10:00:00+00:00,1,-1.0,-1.0881404957469847,stop,2.0421940956255376,51
2026-01-21 10:15:00+00:00,1,0.16488526413514684,0.09435216826646067,wick,2.5519934689257373,18
2026-01-22 10:45:00+00:00,1,0.32798013185433555,0.2597520954537225,wick,2.6382116428369415,124
2026-01-23 11:15:00+00:00,1,0.29159143785410446,0.20283787100039663,wick,2.0280875054485796,20
2026-01-24 14:15:00+00:00,1,-1.0,-1.1356113965001176,stop,1.3273220735533378,74
2026-01-25 19:00:00+00:00,1,-1.0,-1.119514490824824,stop,1.5060935185159374,17
2026-01-26 19:45:00+00:00,1,0.22888250823904263,0.16435015202130474,wick,2.789298431823317,34
2026-01-27 21:00:00+00:00,1,-1.0,-1.0693575678925515,stop,2.5952467116329014,168
2026-01-28 21:45:00+00:00,1,-1.0,-1.0611576098381432,stop,2.943215087646156,70
2026-01-30 02:45:00+00:00,1,0.2647932154069641,0.22240649316811878,wick,4.246612865833703,8
2026-01-31 03:15:00+00:00,1,-1.0,-1.051442433279922,stop,3.4990568782105784,45
2026-02-01 07:30:00+00:00,1,-1.0,-1.0409166104927619,stop,4.3991913756356205,81
2026-02-02 14:45:00+00:00,1,-1.0,-1.0361497145133267,stop,4.979292434899946,111
2026-02-03 15:30:00+00:00,1,-1.0,-1.048202250404603,stop,3.7342654853062998,11
2026-02-04 17:00:00+00:00,1,-1.0,-1.036883685444583,stop,4.880206460670697,74
2026-02-06 01:45:00+00:00,1,0.316313577588139,0.29965701556923763,wick,10.806551783960057,47
2026-02-07 08:30:00+00:00,1,0.17722816308255898,0.15332054429130074,wick,7.5289806806613635,16
2026-02-08 08:45:00+00:00,1,0.22992173833626803,0.18438104247397313,wick,3.9525087746634497,13
2026-02-09 13:00:00+00:00,1,0.25118728946393926,0.21069083949815573,wick,4.444834057110847,17
2026-02-10 14:30:00+00:00,1,-1.0,-1.0469626003107553,stop,3.832837168489943,66
2026-02-11 15:45:00+00:00,1,0.35422543604802287,0.3151839293261729,wick,4.610477799496944,40
2026-02-12 18:45:00+00:00,1,0.4577869480215089,0.4197257652529192,wick,4.729227704099273,60
2026-02-13 19:15:00+00:00,1,0.24703914662744403,0.2012649743540123,wick,3.9323485507235647,100
2026-02-14 21:15:00+00:00,1,0.2969574705116107,0.2256318773659009,wick,2.523638319169406,42
2026-02-15 22:45:00+00:00,1,0.3065831393588687,0.24567313135138832,wick,2.9551793849361188,58
2026-02-17 06:00:00+00:00,1,-1.0,-1.0559596439497831,stop,3.216603739679394,151
2026-02-18 08:00:00+00:00,1,-1.0,-1.0622128891063078,stop,2.8932911264162664,46
2026-02-19 09:30:00+00:00,1,0.41394212350586274,0.34508340709811025,wick,2.6140481465572973,92
2026-02-20 10:00:00+00:00,1,-1.0,-1.0733674652309626,stop,2.4534035547412674,15
2026-02-21 13:00:00+00:00,1,-1.0,-1.0876324420546746,stop,2.0540338233150734,144
2026-02-23 01:45:00+00:00,1,0.5575748778689971,0.4650016596704364,wick,1.944406854409201,55
2026-02-24 02:15:00+00:00,1,0.7024745908383785,0.6549054347528442,wick,3.7839645436707223,93
2026-02-25 04:15:00+00:00,1,0.5522423649509469,0.5059889866500062,wick,3.8916076319627324,44
2026-02-26 05:30:00+00:00,1,-1.0,-1.0422531719188428,stop,4.260035207433253,143
2026-02-27 12:00:00+00:00,1,-1.0,-1.052899279745684,stop,3.4026928318373937,75
2026-02-28 14:00:00+00:00,1,0.33254276756335266,0.28406846152087045,wick,3.713307413668812,20
2026-03-01 15:45:00+00:00,1,0.58981980368934,0.5455825500846279,wick,4.068968693409724,111
2026-03-02 16:45:00+00:00,1,-1.0,-1.0347161445186739,stop,5.184907555134099,89
2026-03-03 18:00:00+00:00,1,0.9729198481374027,0.937935466439526,wick,5.145153101588888,82
2026-03-04 18:30:00+00:00,1,-1.0,-1.0351816944787617,stop,5.1162970592181605,174
2026-03-05 19:15:00+00:00,1,-1.0,-1.0404568673416925,stop,4.4491828415617825,79
2026-03-06 21:00:00+00:00,1,0.2732660284391243,0.2270016216703659,wick,3.890679954023556,261
2026-03-08 01:45:00+00:00,1,-1.0,-1.0822906366184664,stop,2.1873691515421716,82
2026-03-09 02:45:00+00:00,1,0.5868317892610427,0.5341108230746344,wick,3.4142014651925074,13
2026-03-10 05:15:00+00:00,1,0.25620397794217536,0.2127598014869246,wick,4.1432480642234575,14
2026-03-11 14:15:00+00:00,1,0.47216444561410803,0.42597065958656377,wick,3.8966279986808265,138
2026-03-12 15:45:00+00:00,1,0.4715276545502841,0.41930065748170625,wick,3.4464933866223784,36
2026-03-13 19:15:00+00:00,1,0.5100076909212609,0.46725001289766127,wick,4.209770228885002,207
2026-03-14 23:45:00+00:00,1,0.5421417130869428,0.4385886995097107,wick,1.7382400934739777,39
2026-03-16 06:00:00+00:00,1,0.3227630942955116,0.2678164615114016,wick,3.275905926887922,75
2026-03-17 06:30:00+00:00,1,-1.0,-1.0476170335967891,stop,3.780159879848914,130
2026-03-18 08:45:00+00:00,1,-1.0,-1.064939470188399,stop,2.771811957778425,21
2026-03-19 09:15:00+00:00,1,0.3692077610583831,0.31141302384875746,wick,3.1144704291521776,91
2026-03-20 20:15:00+00:00,1,0.3258367379276134,0.2699758307122495,wick,3.2222892354045602,74
2026-03-21 23:45:00+00:00,1,-1.0,-1.1118601176904874,stop,1.6091526069912871,1
2026-03-23 03:45:00+00:00,1,1.2179295763701632,1.1572693278406216,wick,2.967346892954782,32
2026-03-24 05:30:00+00:00,1,0.30379693775428623,0.2520010940294104,wick,3.475182313007711,8
2026-03-25 05:45:00+00:00,1,0.28030112690240844,0.22028237883597704,wick,2.999062889495264,24
2026-03-26 07:00:00+00:00,1,-1.0,-1.0644658276946892,stop,2.7921769786697146,103
2026-03-27 14:15:00+00:00,1,0.2956358006450727,0.2432111151611116,wick,3.4334969936075135,101
2026-03-28 15:45:00+00:00,1,-1.0,-1.0839785311175534,stop,2.1434049584415247,125
2026-03-29 23:00:00+00:00,1,0.1258145493547094,0.027294722239137495,wick,1.8270434010084597,2
2026-03-31 01:00:00+00:00,1,0.3985875421835204,0.3317265280059672,wick,2.692151804966641,3
2026-04-01 04:00:00+00:00,1,0.3180083518018304,0.26446507080924536,wick,3.3617663442202446,15
2026-04-02 11:30:00+00:00,1,0.27485381311156637,0.2125870021119825,wick,2.8907855904360185,34
2026-04-03 12:30:00+00:00,1,1.1359243207431826,1.054512505345823,wick,2.2109812822800436,236
2026-04-04 13:00:00+00:00,1,2.2067901841757394,2.051027830782035,wick,1.1556065768025001,138
2026-04-05 15:30:00+00:00,1,1.6380309758359999,1.4842660115972017,wick,1.170617772982789,32
2026-04-07 09:15:00+00:00,1,0.5066478525951409,0.4295018840526174,wick,2.333239226892103,51
2026-04-08 13:15:00+00:00,1,-1.0,-1.0663647065813573,stop,2.7122850272732797,48
2026-04-09 16:00:00+00:00,1,0.2623984098182633,0.1920454989252346,wick,2.5585295294133497,26
2026-04-10 19:15:00+00:00,1,-1.0,-1.0647215422369907,stop,2.781145099121625,167
2026-04-11 23:30:00+00:00,1,-1.0,-1.0958208425397469,stop,1.8785057115870714,9
2026-04-13 00:45:00+00:00,1,0.6025284398302534,0.5150454982988163,wick,2.0575439834212337,59
2026-04-14 01:15:00+00:00,1,0.29491504160602866,0.23556772908018386,wick,3.0329932787034437,183
2026-04-15 08:45:00+00:00,1,0.45405036941471827,0.38458919783235634,wick,2.5913758132710067,57
2026-04-16 15:15:00+00:00,1,0.16888887621266988,0.1051089081184193,wick,2.8222027288255425,4
2026-04-17 18:30:00+00:00,1,-1.0,-1.0548592693693102,stop,3.2811228087681616,190
2026-04-19 07:45:00+00:00,1,0.6325791862593071,0.5303552363229402,wick,1.760839804292906,29
2026-04-20 09:45:00+00:00,1,0.4781015394342785,0.4063344964939598,wick,2.508115043135992,50
2026-04-21 14:45:00+00:00,1,0.7523043040147889,0.6839568667639517,wick,2.6336027690313313,63
2026-04-22 15:45:00+00:00,1,-1.0,-1.0706699829112059,stop,2.5470502833736774,74
2026-04-23 18:00:00+00:00,1,0.16264314940445393,0.0972835070128759,timeout,2.753993036277598,289
2026-04-26 08:00:00+00:00,1,0.3239357753291944,0.1762510169043136,wick,1.2188122993853574,56
2026-04-27 23:00:00+00:00,1,-1.0,-1.0846850884939923,stop,2.125521779584248,173
2026-04-29 04:45:00+00:00,1,-1.0,-1.099044981688132,stop,1.8173560833882023,45
2026-04-30 08:00:00+00:00,1,0.4657719264377754,0.3927689453917647,wick,2.46565273665405,93
2026-05-01 08:15:00+00:00,1,0.5048167788304534,0.40318141131935836,wick,1.771037035708561,18
2026-05-02 12:30:00+00:00,1,0.47652605562828654,0.35652128001927286,wick,1.499940307262905,37
2026-05-03 22:45:00+00:00,1,0.6286041649324656,0.49257141967165796,wick,1.3232108170345054,14
2026-05-05 01:00:00+00:00,1,0.34019304833298647,0.27458540660816,wick,2.7435828398612685,11
2026-05-06 01:15:00+00:00,1,0.4825484075120062,0.4026214431863883,wick,2.2520560053637246,36
2026-05-07 01:30:00+00:00,1,-1.0,-1.0823547035302532,stop,2.1856675124071865,100
2026-05-08 11:00:00+00:00,1,0.4105889694788979,0.31483212275753836,wick,1.8797611467279989,123
2026-05-10 15:15:00+00:00,1,-1.0,-1.187755639673192,stop,0.9586929069790312,23
2026-05-11 15:30:00+00:00,1,0.3485746071769301,0.2624062577126433,wick,2.0889340589563283,10
2026-05-12 17:15:00+00:00,1,0.48983954684412717,0.3993563205478129,wick,1.9893189861570182,35
2026-05-13 17:30:00+00:00,1,0.2673738243768021,0.186842521070991,wick,2.235155679977816,50
2026-05-15 00:15:00+00:00,1,-1.0,-1.0779214108954511,stop,2.310019774173621,54
2026-05-16 01:15:00+00:00,1,-1.0,-1.0939330124990034,stop,1.9162592065479613,186
2026-05-17 04:15:00+00:00,1,-1.0,-1.130926621468384,stop,1.3748158929119407,78
2026-05-18 08:00:00+00:00,1,0.5646754110148706,0.4688201528579545,wick,1.8778312578882004,263
2026-05-19 08:45:00+00:00,1,0.44714112116374133,0.3597999119178167,wick,2.060882847330154,164
2026-05-20 14:00:00+00:00,1,0.5275401031498486,0.4199602098094219,wick,1.6731751111744138,47
2026-05-21 15:30:00+00:00,1,0.39535412243247287,0.3038300842005328,wick,1.9666964381952237,10
2026-05-23 07:45:00+00:00,1,0.5223815986860322,0.4085136749188913,wick,1.5807788009562618,44
2026-05-24 10:30:00+00:00,1,0.3523139442919737,0.24756815938843713,wick,1.718446237867874,115
2026-05-25 23:15:00+00:00,1,-1.0,-1.117071374123144,stop,1.5375235948854866,73
2026-05-27 01:00:00+00:00,1,-1.0,-1.0791155035134874,stop,2.2751545778801,84
2026-05-28 02:45:00+00:00,1,-1.0,-1.0786441259580513,stop,2.2887914107661644,143
2026-05-29 15:15:00+00:00,1,0.08164262575790683,-0.0026026906670212763,wick,2.1366172938575154,2
2026-05-30 18:45:00+00:00,1,-1.0,-1.1336320096356418,stop,1.346982661495432,144
2026-06-01 07:00:00+00:00,1,-1.0,-1.098073516920421,stop,1.8353578585955692,25
2026-06-02 16:00:00+00:00,1,0.2784272932101595,0.21885900363037775,wick,3.021741958175919,2
2026-06-03 21:15:00+00:00,1,-1.0,-1.0465762102380325,stop,3.864633878112704,17
2026-06-05 19:30:00+00:00,1,0.4104847351638241,0.3850601928415979,wick,7.079773461355245,14
2026-06-07 06:45:00+00:00,1,0.3718831496715544,0.3198053705494889,wick,3.456368590106281,63
2026-06-08 07:30:00+00:00,1,0.31461611076785595,0.26885919858786494,wick,3.933831882972035,30
2026-06-09 07:45:00+00:00,1,-1.0,-1.0569539539045494,stop,3.1604478295162246,29
2026-06-10 12:00:00+00:00,1,0.48648175917807274,0.42744936695134217,wick,3.049173398033051,13
2026-06-11 12:15:00+00:00,1,0.29685017085950394,0.23296794662459078,wick,2.8176852349111803,30
2026-06-12 14:00:00+00:00,1,0.3747169859523484,0.30563902991748915,wick,2.605751680162125,11
2026-06-13 14:15:00+00:00,1,1.6647366447742389,1.5563464842026897,wick,1.6606673433349217,151
2026-06-14 15:15:00+00:00,1,1.894345372887993,1.7744757168476164,wick,1.5016310711642424,51
2026-06-15 22:45:00+00:00,1,-1.0,-1.0787633935092409,stop,2.285325605973052,145
2026-06-17 13:15:00+00:00,1,0.5274878571977276,0.4480171108888184,wick,2.2649843918707577,16
2026-06-18 20:15:00+00:00,1,0.40296286324673924,0.34724395278500997,wick,3.2305010724076086,177
2026-06-19 20:30:00+00:00,1,0.5958872166828509,0.5215885186249873,wick,2.4226534879496335,80
2026-06-20 22:15:00+00:00,1,0.6296026691571809,0.5354558821159557,wick,1.9119080497264476,162
2026-06-22 03:30:00+00:00,1,0.40925976127452096,0.33352432384091,wick,2.3766945316422907,45
2026-06-23 04:00:00+00:00,1,-1.0,-1.074444349296922,stop,2.417913538099017,18
2026-06-24 18:00:00+00:00,1,0.7194438796363744,0.6702559586895913,wick,3.6594350103706113,12
2026-06-26 03:45:00+00:00,1,0.47795142748450364,0.43835787501081047,wick,4.546194740156142,144
2026-06-27 06:30:00+00:00,1,0.2961031547040495,0.2411246861621441,wick,3.274008985223029,37
2026-06-28 07:15:00+00:00,1,-1.0,-1.0875748018017597,stop,2.0553857536264855,76
2026-06-29 07:30:00+00:00,1,-1.0,-1.0579039460583006,stop,3.1085964300043827,121
2026-07-01 01:30:00+00:00,1,0.3989215102377497,0.32882448352382754,wick,2.567869258344017,9
2026-07-02 01:45:00+00:00,1,0.7292335848057155,0.6766210358091796,wick,3.421237013470899,47
2026-07-03 12:15:00+00:00,1,0.4285772624677965,0.34877454922966183,wick,2.255562407544621,36
2026-07-04 17:45:00+00:00,1,0.385147368747168,0.27293931213269573,wick,1.6041628866138316,116
2026-07-05 22:00:00+00:00,1,0.5039625642992811,0.3836150318472695,wick,1.4956683891443703,3
2026-07-07 00:30:00+00:00,1,-1.0,-1.061913300629379,stop,2.9072912955731884,128
2026-07-08 03:15:00+00:00,1,0.385227627882272,0.32686993170859713,wick,3.084426079198068,189
2026-07-09 04:30:00+00:00,1,0.5409056529869847,0.47023114811745387,wick,2.546887315762457,11
2026-07-10 05:45:00+00:00,1,-1.0,-1.074235562030689,stop,2.4247139117177863,284
2026-07-11 06:15:00+00:00,1,-1.0,-1.1060950429613459,stop,1.6965919893691943,180
2026-07-12 12:15:00+00:00,1,-1.0,-1.1261698889271714,stop,1.4266478438758146,60
2026-07-13 14:30:00+00:00,1,0.1976306439163345,0.11240549540982084,wick,2.1120526412018257,4
2026-07-15 00:00:00+00:00,1,-1.0,-1.0737606894164629,stop,2.4403242624766626,201
2026-07-16 09:45:00+00:00,1,-1.0,-1.0803756950442165,stop,2.2394829668468565,92
2026-07-17 10:15:00+00:00,1,0.7048248330554001,0.6182550489254341,wick,2.079247416509306,29
2026-07-18 12:00:00+00:00,1,1.0199471227655341,0.8690952549576995,wick,1.1932235418476633,59
2026-07-20 05:45:00+00:00,1,1.3651735780869918,1.2631634814561783,wick,1.764531217448416,97
2026-07-21 07:45:00+00:00,1,-0.3693288102473683,-0.44981007555604485,timeout,2.236545353873735,289
2026-07-22 11:00:00+00:00,1,-1.0,-1.1020802424391556,stop,1.7633186961452236,108
2026-07-23 13:00:00+00:00,1,-1.0,-1.1088855548772594,stop,1.6531118402519411,100
2026-07-24 15:45:00+00:00,1,0.47771035680713525,0.3937004099278768,wick,2.1426034259812274,196
2026-07-27 02:00:00+00:00,1,-1.0,-1.1428864973490023,stop,1.2597411465713753,83
2026-07-28 03:00:00+00:00,1,0.5106686510277326,0.43340795746253147,wick,2.3297745812765194,52
2026-07-29 06:00:00+00:00,1,0.5556364965332165,0.4719487110608434,wick,2.15085151296567,123
2026-07-30 06:30:00+00:00,1,0.47077631402204745,0.3989680473849851,wick,2.506675184206393,25
2026-07-31 17:45:00+00:00,1,0.5495022363308474,0.46720606582082647,wick,2.1872220649450766,287
2026-08-02 02:15:00+00:00,1,-1.0,-1.1564615051818283,stop,1.1504427225777794,114
2026-08-03 02:45:00+00:00,1,0.6747977042988463,0.5539902121748714,wick,1.48997381565773,59
2026-08-04 15:00:00+00:00,1,0.6332390099445966,0.5372926974463594,wick,1.87604917076211,154
2026-08-07 12:15:00+00:00,1,-0.17193171329949625,-0.29778463342133377,timeout,1.4302409497192676,289
2026-08-08 14:15:00+00:00,1,-1.0,-1.2267330731897665,stop,0.7938850625878788,191
2026-08-09 20:30:00+00:00,1,-1.0,-1.3218541712045488,stop,0.5592594911115945,69
2026-08-10 20:45:00+00:00,1,-1.0,-1.110033292277889,stop,1.635868529184877,272
2026-08-12 09:45:00+00:00,1,-1.0,-1.1457137780811857,stop,1.2352984211260483,124
2026-08-13 17:30:00+00:00,1,-0.057874601150687585,-0.15435770514149244,timeout,1.8656116206331275,289
2026-08-14 18:30:00+00:00,1,0.8418622408848034,0.7280549498440775,wick,1.5816209871438458,275
2026-08-15 19:00:00+00:00,1,1.687601674879728,1.4530917275565391,wick,0.7675580590700224,177
2026-08-16 20:15:00+00:00,1,-1.0,-1.3272198336258012,stop,0.5500889050809878,6
2026-08-18 03:30:00+00:00,1,0.995233612925982,0.8683198381541377,wick,1.4182857638864654,138
2026-08-19 14:15:00+00:00,1,3.4339715476354784,3.2957139175781123,wick,1.3019172968993753,5
2026-08-20 15:30:00+00:00,1,0.4678400680973487,0.42029351117100316,wick,3.7857630843562107,37
2026-08-21 19:30:00+00:00,1,-0.19018149089305877,-0.2258150476418786,timeout,5.051418281616292,151
2026-08-22 21:30:00+00:00,1,-0.2912822460714615,-0.3543980754088617,timeout,2.851899466261762,47
