,btc_net,eth_net
2020-03-06,0.0007783800000000001,-0.0007999999999999999
2020-03-07,0.00104276,0.00033739
2020-03-08,0.00147353,0.0011610000000000001
2020-03-09,0.00030000000000000003,0.0003762
2020-03-10,0.00030000000000000003,0.0006042700000000001
2020-03-11,0.00042898000000000003,0.0006355099999999999
2020-03-12,5.423e-05,0.00100917
2020-03-13,-0.00381451,-0.0029976900000000003
2020-03-14,-0.00131692,0.00030000000000000003
2020-03-15,-0.00150891,0.00030000000000000003
2020-03-16,-0.00155513,-2.9319999999999997e-05
2020-03-17,-0.00038084,0.00030000000000000003
2020-03-18,-0.0008360799999999999,0.00030000000000000003
2020-03-19,-0.00064135,0.00030000000000000003
2020-03-20,-6.639999999999999e-05,0.00030000000000000003
2020-03-21,-4.145000000000002e-05,0.00030000000000000003
2020-03-22,7.382000000000001e-05,0.00030000000000000003
2020-03-23,-0.00023091000000000002,0.00030000000000000003
2020-03-24,0.00030000000000000003,0.00030000000000000003
2020-03-25,0.00029771,0.00030000000000000003
2020-03-26,9.979e-05,0.00030000000000000003
2020-03-27,0.00013209000000000002,0.00030000000000000003
2020-03-28,-0.00075116,0.00017285
2020-03-29,-0.00078015,0.00030000000000000003
2020-03-30,-0.00105109,0.00010090000000000001
2020-03-31,-0.00036856,0.00030000000000000003
2020-04-01,-0.001,0.00012632000000000002
2020-04-02,0.0,0.0001483
2020-04-03,0.0,0.00030000000000000003
2020-04-04,0.0,0.00024881
2020-04-05,0.0,0.00023554
2020-04-06,0.0,0.00022567
2020-04-07,0.0,-0.00014175
2020-04-08,0.0,0.00030000000000000003
2020-04-09,-0.00108859,0.00030000000000000003
2020-04-10,-0.001,0.00030000000000000003
2020-04-11,-0.0007,0.00018577
2020-04-12,-0.001,0.00021985
2020-04-13,-0.00115199,0.00030000000000000003
2020-04-14,-0.001,0.00030000000000000003
2020-04-15,-0.00114508,0.00030000000000000003
2020-04-16,-0.00046654,0.00017474
2020-04-17,2.4999999999999998e-05,0.00030000000000000003
2020-04-18,-0.00039919,0.00029454000000000004
2020-04-19,-0.00016594,0.00030000000000000003
2020-04-20,-8.946e-05,0.00030000000000000003
2020-04-21,-6.718999999999999e-05,0.00030000000000000003
2020-04-22,-0.00045308999999999996,0.00030000000000000003
2020-04-23,-0.00027831,0.00030000000000000003
2020-04-24,0.00030000000000000003,0.00030000000000000003
2020-04-25,0.00030000000000000003,0.00030000000000000003
2020-04-26,0.00027493,0.00030000000000000003
2020-04-27,0.00030000000000000003,0.00030000000000000003
2020-04-28,0.00030000000000000003,0.00030000000000000003
2020-04-29,0.00030000000000000003,0.00030000000000000003
2020-04-30,0.00120725,0.00060543
2020-05-01,0.00052485,0.00063171
2020-05-02,0.00030144000000000004,0.0011457799999999999
2020-05-03,0.00044971999999999997,0.00084527
2020-05-04,0.00031925,0.00048612
2020-05-05,0.00030000000000000003,0.00064747
2020-05-06,0.00055981,0.0009129699999999999
2020-05-07,0.00030000000000000003,0.00030111
2020-05-08,0.001033,0.00117681
2020-05-09,0.0017587100000000001,0.00079581
2020-05-10,0.00062326,0.00035215
2020-05-11,0.00030000000000000003,0.00030000000000000003
2020-05-12,0.00030000000000000003,0.00030000000000000003
2020-05-13,0.00030000000000000003,0.00030000000000000003
2020-05-14,0.00030000000000000003,0.00030000000000000003
2020-05-15,0.00024400000000000002,0.00010529
2020-05-16,0.00030000000000000003,0.0001453
2020-05-17,0.00013014,0.00015943
2020-05-18,0.0001336,0.00030000000000000003
2020-05-19,0.00027892,0.00030000000000000003
2020-05-20,0.00030000000000000003,0.00030000000000000003
2020-05-21,7.782e-05,0.00030000000000000003
2020-05-22,-6.789999999999994e-06,0.00023518
2020-05-23,3.85e-05,0.00030000000000000003
2020-05-24,0.00024641,0.00030000000000000003
2020-05-25,-1.7279999999999997e-05,0.00030000000000000003
2020-05-26,0.00014564,0.00030000000000000003
2020-05-27,-1.9209999999999987e-05,0.00030000000000000003
2020-05-28,-0.00019415,0.00030000000000000003
2020-05-29,3.8910000000000005e-05,0.00030000000000000003
2020-05-30,0.00030000000000000003,0.00030000000000000003
2020-05-31,0.00030000000000000003,0.00030000000000000003
2020-06-01,8.027e-05,0.00030000000000000003
2020-06-02,0.0012278999999999999,0.00062986
2020-06-03,0.00028646,0.00030000000000000003
2020-06-04,0.00030000000000000003,0.00030000000000000003
2020-06-05,0.00030000000000000003,0.00030000000000000003
2020-06-06,0.00030000000000000003,0.00030000000000000003
2020-06-07,0.00030000000000000003,0.00030000000000000003
2020-06-08,0.00030000000000000003,0.00054751
2020-06-09,0.00030000000000000003,0.00043902
2020-06-10,0.00030000000000000003,0.00030000000000000003
2020-06-11,0.00030000000000000003,0.00043457
2020-06-12,0.00015898,0.00030000000000000003
2020-06-13,0.00015275,0.00030000000000000003
2020-06-14,0.00027102,0.00030000000000000003
2020-06-15,-0.00012361999999999999,0.00030000000000000003
2020-06-16,4.785e-05,0.00030000000000000003
2020-06-17,6.953999999999999e-05,0.00030000000000000003
2020-06-18,-0.0001397,0.00030000000000000003
2020-06-19,0.00011783,0.00030000000000000003
2020-06-20,0.00021186000000000002,0.00030000000000000003
2020-06-21,5.653e-05,0.00030000000000000003
2020-06-22,0.00026784,0.00030000000000000003
2020-06-23,0.00032215,0.00030000000000000003
2020-06-24,0.00031286,0.00030000000000000003
2020-06-25,0.00030000000000000003,0.00030000000000000003
2020-06-26,0.00029401000000000004,0.00030000000000000003
2020-06-27,0.00030000000000000003,0.00030000000000000003
2020-06-28,0.00024867,0.00030000000000000003
2020-06-29,0.00030000000000000003,0.00030000000000000003
2020-06-30,0.00030000000000000003,0.00030000000000000003
2020-07-01,0.00030000000000000003,0.00030000000000000003
2020-07-02,0.00030000000000000003,0.00030000000000000003
2020-07-03,0.00030000000000000003,0.00030000000000000003
2020-07-04,0.00030000000000000003,0.00030000000000000003
2020-07-05,0.00030000000000000003,0.00030000000000000003
2020-07-06,0.00030000000000000003,0.00030000000000000003
2020-07-07,0.00030000000000000003,0.00030000000000000003
2020-07-08,0.00030000000000000003,0.00030000000000000003
2020-07-09,0.00030000000000000003,0.00032967
2020-07-10,0.00030000000000000003,0.00030000000000000003
2020-07-11,0.00030000000000000003,0.00030000000000000003
2020-07-12,0.00030000000000000003,0.00030000000000000003
2020-07-13,0.00030000000000000003,0.00032899000000000003
2020-07-14,0.00030000000000000003,0.00030000000000000003
2020-07-15,0.00030000000000000003,0.00030000000000000003
2020-07-16,0.00030000000000000003,0.00030000000000000003
2020-07-17,0.00030000000000000003,0.00030000000000000003
2020-07-18,0.00030000000000000003,0.00030000000000000003
2020-07-19,0.00030000000000000003,0.00030000000000000003
2020-07-20,0.00030000000000000003,0.00030000000000000003
2020-07-21,0.00030000000000000003,0.00030000000000000003
2020-07-22,0.00030000000000000003,0.00030000000000000003
2020-07-23,0.00030000000000000003,0.00182207
2020-07-24,0.00030000000000000003,0.00195398
2020-07-25,0.00030000000000000003,0.00075224
2020-07-26,0.00085437,0.00222894
2020-07-27,0.0018601899999999998,0.00237815
2020-07-28,0.0035911199999999997,0.00348618
2020-07-29,0.00213685,0.00253636
2020-07-30,0.00203262,0.00191808
2020-07-31,0.00159718,0.00240164
2020-08-01,0.00107691,0.00133107
2020-08-02,0.00162749,0.00291508
2020-08-03,0.0011551,0.00134192
2020-08-04,0.00100377,0.00154413
2020-08-05,0.0005255500000000001,0.0020407
2020-08-06,0.00113662,0.0018881599999999998
2020-08-07,0.00076842,0.00128654
2020-08-08,0.00030000000000000003,0.00074833
2020-08-09,0.0004564,0.00113777
2020-08-10,0.00172116,0.00194433
2020-08-11,0.00095924,0.0015258899999999998
2020-08-12,0.00030000000000000003,0.0009275900000000001
2020-08-13,0.00030000000000000003,0.0014393000000000001
2020-08-14,0.00089069,0.00407901
2020-08-15,0.00068554,0.00239176
2020-08-16,0.00095941,0.00225259
2020-08-17,0.00151908,0.00239648
2020-08-18,0.0029826699999999998,0.0027387699999999997
2020-08-19,0.00156268,0.0009612900000000001
2020-08-20,0.0005406,0.0007235900000000001
2020-08-21,0.00030000000000000003,0.00041092
2020-08-22,0.00030000000000000003,0.00030000000000000003
2020-08-23,0.00030000000000000003,0.00061373
2020-08-24,0.00030000000000000003,0.00086038
2020-08-25,0.0006258,0.00045396
2020-08-26,0.00046354,0.00045925
2020-08-27,0.00030000000000000003,0.00031281
2020-08-28,0.00030000000000000003,0.00032226
2020-08-29,0.00030000000000000003,0.00030000000000000003
2020-08-30,0.00030000000000000003,0.00030000000000000003
2020-08-31,0.00035461,0.00030000000000000003
2020-09-01,0.0007982099999999999,0.0009218
2020-09-02,0.00113007,0.0011591
2020-09-03,0.00062931,0.00034859
2020-09-04,0.00030000000000000003,0.00042741000000000003
2020-09-05,0.00030000000000000003,0.00030000000000000003
2020-09-06,0.00030000000000000003,0.00030000000000000003
2020-09-07,0.00030000000000000003,0.00026480000000000004
2020-09-08,0.00030000000000000003,0.00030000000000000003
2020-09-09,0.00030000000000000003,0.00030000000000000003
2020-09-10,0.00030000000000000003,0.00026538
2020-09-11,0.00030000000000000003,0.00019972
2020-09-12,0.00030000000000000003,0.00023731000000000002
2020-09-13,0.00030000000000000003,0.00030000000000000003
2020-09-14,0.00020868000000000001,0.00030000000000000003
2020-09-15,-0.00030221999999999996,0.00030000000000000003
2020-09-16,-0.00015867,0.00030000000000000003
2020-09-17,2.4920000000000002e-05,0.00030000000000000003
2020-09-18,0.00019971,0.00030000000000000003
2020-09-19,-0.00028279,0.00030000000000000003
2020-09-20,-0.00024299,0.00019920000000000002
2020-09-21,-9.577e-05,0.00013594
2020-09-22,0.00030000000000000003,-0.0002165
2020-09-23,-3.789e-05,0.00021632000000000002
2020-09-24,0.0001199,7.083e-05
2020-09-25,-0.00010677000000000001,0.00025361000000000003
2020-09-26,0.00030000000000000003,0.00030000000000000003
2020-09-27,0.00030000000000000003,0.00030000000000000003
2020-09-28,0.00030000000000000003,0.00030000000000000003
2020-09-29,0.00030000000000000003,0.00015862
2020-09-30,0.00030000000000000003,0.00019720000000000002
2020-10-01,0.00027412,0.00029937000000000003
2020-10-02,8.085e-05,0.00010859000000000002
2020-10-03,0.00029749,-9.27e-05
2020-10-04,2.1389999999999997e-05,2.9460000000000006e-05
2020-10-05,-0.00019436,8.863000000000001e-05
2020-10-06,-1.5020000000000002e-05,5.059e-05
2020-10-07,1.206e-05,2.7130000000000006e-05
2020-10-08,0.00014797,0.00030000000000000003
2020-10-09,0.00026128,0.00030000000000000003
2020-10-10,0.00030000000000000003,0.00055247
2020-10-11,0.00030000000000000003,0.00035122
2020-10-12,0.00030000000000000003,0.00030000000000000003
2020-10-13,0.00030000000000000003,0.00041910000000000005
2020-10-14,0.00030000000000000003,0.00030000000000000003
2020-10-15,0.00030000000000000003,0.00030000000000000003
2020-10-16,0.00030000000000000003,0.00030000000000000003
2020-10-17,0.00030000000000000003,0.00030000000000000003
2020-10-18,0.00030000000000000003,0.00030000000000000003
2020-10-19,0.00030000000000000003,0.00030000000000000003
2020-10-20,0.00023742000000000001,0.0005927
2020-10-21,0.00019778,0.0009271
2020-10-22,0.00030000000000000003,0.0021057000000000003
2020-10-23,0.00030000000000000003,0.00111033
2020-10-24,0.00030000000000000003,0.0012826
2020-10-25,0.00030000000000000003,0.00059795
2020-10-26,0.00030000000000000003,0.0004133
2020-10-27,0.00025401,0.00038409
2020-10-28,0.00023725,0.00035253
2020-10-29,-0.00037247,0.00030000000000000003
2020-10-30,-0.0002965,0.00030000000000000003
2020-10-31,-0.00032355000000000003,0.00030000000000000003
2020-11-01,-0.00015525,0.00030000000000000003
2020-11-02,0.00013323,0.00050095
2020-11-03,-0.00026112,0.00030000000000000003
2020-11-04,-0.00034255,0.00030000000000000003
2020-11-05,0.00030000000000000003,0.00219072
2020-11-06,0.00067605,0.00184851
2020-11-07,0.00098752,0.00210006
2020-11-08,0.00030000000000000003,0.0011459499999999997
2020-11-09,0.00030000000000000003,0.00104491
2020-11-10,0.00030000000000000003,0.00086826
2020-11-11,0.00030000000000000003,0.00102657
2020-11-12,0.00030000000000000003,0.00059191
2020-11-13,0.00030000000000000003,0.00071032
2020-11-14,0.00024277,0.0008063800000000001
2020-11-15,0.00030000000000000003,0.00030000000000000003
2020-11-16,0.00030000000000000003,0.00030000000000000003
2020-11-17,0.00030000000000000003,0.0007206199999999999
2020-11-18,0.00100196,0.00137637
2020-11-19,0.0008722199999999999,0.0006309
2020-11-20,0.00114914,0.00174577
2020-11-21,0.00079438,0.00099054
2020-11-22,0.00233885,0.0023936499999999998
2020-11-23,0.00285749,0.0035807
2020-11-24,0.00192343,0.00272945
2020-11-25,0.00197606,0.00243656
2020-11-26,0.0007734,0.00072112
2020-11-27,0.00030773,0.0004475
2020-11-28,0.00030000000000000003,0.00030000000000000003
2020-11-29,0.00030000000000000003,0.00030000000000000003
2020-11-30,0.00049481,0.00137081
2020-12-01,0.00100762,0.0013021299999999999
2020-12-02,0.00030000000000000003,0.00075234
2020-12-03,0.00045454999999999996,0.00097331
2020-12-04,0.00032703,0.0006225800000000001
2020-12-05,0.00030000000000000003,0.00053855
2020-12-06,0.00030000000000000003,0.00030000000000000003
2020-12-07,0.00030000000000000003,0.00030000000000000003
2020-12-08,0.00030000000000000003,0.0005711000000000001
2020-12-09,0.00030000000000000003,0.00033842
2020-12-10,0.00030000000000000003,0.00030000000000000003
2020-12-11,0.00030000000000000003,0.00039782
2020-12-12,0.00012179,0.00030000000000000003
2020-12-13,0.00030000000000000003,0.00030000000000000003
2020-12-14,0.00030000000000000003,0.00030000000000000003
2020-12-15,0.00030000000000000003,0.00030000000000000003
2020-12-16,0.00066054,0.0012246000000000002
2020-12-17,0.00085973,0.00257168
2020-12-18,0.00127112,0.00138872
2020-12-19,0.0011857600000000001,0.00204796
2020-12-20,0.0015461,0.00162126
2020-12-21,0.00095785,0.00078672
2020-12-22,0.00039956,0.00035699
2020-12-23,0.00031524,0.00062856
2020-12-24,0.00047216,0.00030000000000000003
2020-12-25,0.00063433,0.00030889000000000003
2020-12-26,0.00036965,0.00030000000000000003
2020-12-27,0.0011657199999999999,0.00154923
2020-12-28,0.00150874,0.00241656
2020-12-29,0.00126537,0.0020363300000000003
2020-12-30,0.00188695,0.00221517
2020-12-31,0.00150381,0.00152031
2021-01-01,0.00083546,0.0015243499999999998
2021-01-02,0.00145622,0.0018399100000000002
2021-01-03,0.00393808,0.00307906
2021-01-04,0.004567450000000001,0.00755981
2021-01-05,0.00198408,0.00248387
2021-01-06,0.00486454,0.00657956
2021-01-07,0.0034290099999999997,0.0045707
2021-01-08,0.00437453,0.0038655300000000003
2021-01-09,0.00276814,0.0029321
2021-01-10,0.0031922400000000003,0.0066949
2021-01-11,0.00221483,0.00283478
2021-01-12,0.00139326,0.0011314300000000001
2021-01-13,0.00107888,0.00089675
2021-01-14,0.00219461,0.00178744
2021-01-15,0.00238296,0.00170524
2021-01-16,0.00111069,0.00221535
2021-01-17,0.00073385,0.00207653
2021-01-18,0.00208246,0.00246957
2021-01-19,0.0036022700000000003,0.005190480000000001
2021-01-20,0.00122627,0.0027514
2021-01-21,0.00117024,0.00138237
2021-01-22,0.00030000000000000003,0.00046988
2021-01-23,0.00032182,0.00064409
2021-01-24,0.00065756,0.00246076
2021-01-25,0.00104667,0.0024974100000000003
2021-01-26,0.00033506,0.00075988
2021-01-27,0.00030000000000000003,0.00056342
2021-01-28,0.00042262,0.00081678
2021-01-29,0.0024159200000000002,0.00415624
2021-01-30,0.00124836,0.0020471
2021-01-31,0.00145295,0.00300844
2021-02-01,0.00118341,0.00142137
2021-02-02,0.00203246,0.00336949
2021-02-03,0.00233389,0.0047538
2021-02-04,0.00165285,0.0042663
2021-02-05,0.00230627,0.00445631
2021-02-06,0.0020698,0.0036809300000000002
2021-02-07,0.00326873,0.00287981
2021-02-08,0.00366147,0.00334285
2021-02-09,0.00478857,0.00564097
2021-02-10,0.0041206,0.00460005
2021-02-11,0.00333922,0.00318406
2021-02-12,0.00359935,0.0029648499999999998
2021-02-13,0.0035755400000000003,0.0049604
2021-02-14,0.00380722,0.00411867
2021-02-15,0.0022661,0.00174433
2021-02-16,0.00364964,0.00331863
2021-02-17,0.00344614,0.004311260000000001
2021-02-18,0.0041239399999999996,0.00516012
2021-02-19,0.00304572,0.00390847
2021-02-20,0.00395318,0.00571985
2021-02-21,0.0032519899999999997,0.00202299
2021-02-22,0.00286695,0.00159548
2021-02-23,0.00067848,0.00046167999999999996
2021-02-24,0.0009908,0.0008152400000000001
2021-02-25,0.00070006,0.00072948
2021-02-26,0.00030000000000000003,0.00062588
2021-02-27,0.0008477199999999999,0.0009014100000000001
2021-02-28,0.00057706,0.00030000000000000003
2021-03-01,0.00036921,0.0009254599999999999
2021-03-02,0.00030000000000000003,0.00124405
2021-03-03,0.00065078,0.00107091
2021-03-04,0.00030000000000000003,0.0009654
2021-03-05,0.00030000000000000003,0.00057446
2021-03-06,0.00030000000000000003,0.00121879
2021-03-07,0.00037606,0.00146686
2021-03-08,0.00044757,0.0011230300000000001
2021-03-09,0.00171433,0.00201731
2021-03-10,0.00129845,0.0021563100000000003
2021-03-11,0.0028067500000000002,0.00194291
2021-03-12,0.00220348,0.00239347
2021-03-13,0.0016551500000000002,0.0022552099999999997
2021-03-14,0.0028149,0.0033087900000000003
2021-03-15,0.00202996,0.00171886
2021-03-16,0.00099108,0.00095321
2021-03-17,0.00079176,0.00131004
2021-03-18,0.00092071,0.0020534
2021-03-19,0.00078153,0.00057762
2021-03-20,0.00142668,0.00215557
2021-03-21,0.00083741,0.00097328
2021-03-22,0.00146458,0.00141372
2021-03-23,0.00093074,0.0006298899999999999
2021-03-24,0.0009644300000000001,0.00102953
2021-03-25,0.00031828,0.0005593800000000001
2021-03-26,0.00036,0.00062431
2021-03-27,0.00030000000000000003,0.0005998900000000001
2021-03-28,0.00030000000000000003,0.0008671600000000001
2021-03-29,0.00038171,0.00150071
2021-03-30,0.00142785,0.0016731
2021-03-31,0.00210057,0.0022219
2021-04-01,0.00256456,0.00330758
2021-04-02,0.00279249,0.00288819
2021-04-03,0.0027242300000000002,0.00312506
2021-04-04,0.00127106,0.00204783
2021-04-05,0.0012009,0.00232702
2021-04-06,0.00238701,0.00287097
2021-04-07,0.00165018,0.00151648
2021-04-08,0.0009195200000000001,0.00079998
2021-04-09,0.00067697,0.00146258
2021-04-10,0.00281235,0.0033992
2021-04-11,0.0029216,0.0023334899999999997
2021-04-12,0.00294494,0.00332031
2021-04-13,0.0029667,0.00332562
2021-04-14,0.0030386099999999997,0.00452007
2021-04-15,0.00268741,0.00328521
2021-04-16,0.00345188,0.00390636
2021-04-17,0.0019648499999999998,0.0023856800000000003
2021-04-18,0.0015007199999999999,0.0011875499999999999
2021-04-19,0.00030000000000000003,0.0007192
2021-04-20,0.00030000000000000003,0.00041279
2021-04-21,0.00030000000000000003,0.00030000000000000003
2021-04-22,0.00030000000000000003,0.00044466
2021-04-23,0.00067618,0.00090243
2021-04-24,0.00054432,0.00050391
2021-04-25,0.00070258,0.00030000000000000003
2021-04-26,0.00030000000000000003,0.00030000000000000003
2021-04-27,0.00030000000000000003,0.00060663
2021-04-28,0.00030000000000000003,0.00063355
2021-04-29,0.00030000000000000003,0.00030000000000000003
2021-04-30,0.00030000000000000003,0.0007749
2021-05-01,0.0005370500000000001,0.0005741699999999999
2021-05-02,0.00106387,0.00073173
2021-05-03,0.00143808,0.00081627
2021-05-04,0.0012957099999999998,0.0017403100000000001
2021-05-05,0.00098893,0.00204659
2021-05-06,0.0022960899999999998,0.00245773
2021-05-07,0.00115102,0.00113204
2021-05-08,0.00152075,0.00147484
2021-05-09,0.00156651,0.00154661
2021-05-10,0.00222442,0.00210916
2021-05-11,0.0011605600000000002,0.00114022
2021-05-12,0.00090156,0.0011184300000000001
2021-05-13,0.00044501,0.0006567000000000001
2021-05-14,0.00090328,0.00030000000000000003
2021-05-15,0.00040276,0.00136942
2021-05-16,0.0009312599999999999,0.0006266500000000001
2021-05-17,0.0013328300000000001,0.00119118
2021-05-18,0.00091175,0.00089919
2021-05-19,-0.00043883999999999997,-0.00293021
2021-05-20,0.00030000000000000003,0.00031828
2021-05-21,0.00016545,0.00030000000000000003
2021-05-22,-4.447999999999998e-05,0.00030000000000000003
2021-05-23,-1.374e-05,0.00030000000000000003
2021-05-24,-0.0001635,0.00030000000000000003
2021-05-25,0.00030000000000000003,0.00030000000000000003
2021-05-26,0.00030000000000000003,0.00030000000000000003
2021-05-27,0.00030000000000000003,0.00030000000000000003
2021-05-28,0.00030000000000000003,0.00030000000000000003
2021-05-29,0.00030375,0.00030000000000000003
2021-05-30,0.00030000000000000003,0.00030000000000000003
2021-05-31,0.00030000000000000003,0.00030000000000000003
2021-06-01,0.00030000000000000003,0.00030000000000000003
2021-06-02,0.00030000000000000003,0.00030000000000000003
2021-06-03,0.00030000000000000003,0.00030000000000000003
2021-06-04,0.00040566,0.00030000000000000003
2021-06-05,0.00030000000000000003,0.00030000000000000003
2021-06-06,0.00030000000000000003,0.00030000000000000003
2021-06-07,0.00030000000000000003,0.00030000000000000003
2021-06-08,0.00021015,0.00030000000000000003
2021-06-09,-0.00010238999999999999,0.00030000000000000003
2021-06-10,-7.659999999999991e-06,0.00030000000000000003
2021-06-11,0.00017388,0.00028683
2021-06-12,1.4060000000000011e-05,0.00030000000000000003
2021-06-13,5.933e-05,0.00030000000000000003
2021-06-14,0.00016856,0.00023785
2021-06-15,0.00028002,0.00030000000000000003
2021-06-16,0.00030000000000000003,0.00030000000000000003
2021-06-17,0.00030000000000000003,0.00030000000000000003
2021-06-18,0.00015687,0.00018971
2021-06-19,-7.170999999999999e-05,-8.379e-05
2021-06-20,1.563000000000001e-05,-0.00019034000000000002
2021-06-21,-0.00011471,-0.00010245999999999999
2021-06-22,-0.00014859000000000004,0.00013675
2021-06-23,-0.00033521,-0.00011752
2021-06-24,-0.00016648,0.00015568
2021-06-25,0.00022372,0.00027207
2021-06-26,-0.00034521,-0.00016521
2021-06-27,-0.00102585,-0.0004709
2021-06-28,0.00010398,3.3310000000000005e-05
2021-06-29,0.00022229000000000001,2.7339999999999992e-05
2021-06-30,0.00030000000000000003,0.00030000000000000003
2021-07-01,0.00030000000000000003,0.00024853
2021-07-02,6.117000000000001e-05,-0.00017226999999999998
2021-07-03,-0.00014886,6.121e-05
2021-07-04,-7.607e-05,0.00030000000000000003
2021-07-05,9.56e-05,0.00019822
2021-07-06,-0.00020034,8.549e-05
2021-07-07,6.638e-05,0.00023042
2021-07-08,-0.00033100999999999996,0.00017564000000000002
2021-07-09,-0.00047094,0.00022471
2021-07-10,7.838e-05,0.00030000000000000003
2021-07-11,0.00014412,0.00030000000000000003
2021-07-12,0.00022314,0.00030000000000000003
2021-07-13,0.00020052,0.00018564
2021-07-14,-4.359999999999992e-06,0.0001845
2021-07-15,6.693000000000001e-05,0.00025655000000000003
2021-07-16,-4.3509999999999995e-05,0.00026785000000000003
2021-07-17,8.022e-05,0.00025313
2021-07-18,0.00015566,0.00030000000000000003
2021-07-19,-5.557e-05,1.1989999999999999e-05
2021-07-20,-0.00047195,-0.00048893
2021-07-21,-0.00094322,-0.0005418199999999999
2021-07-22,-0.00013524999999999998,0.00030000000000000003
2021-07-23,-0.00017631,0.00028643
2021-07-24,-0.00031228,0.00017386000000000002
2021-07-25,-0.00052591,0.00013448
2021-07-26,-0.00034841000000000006,0.00030000000000000003
2021-07-27,0.00017752000000000002,0.00030000000000000003
2021-07-28,0.00017963,0.00025618
2021-07-29,0.00019768999999999999,0.00025723
2021-07-30,0.00017623,0.00030000000000000003
2021-07-31,0.00030000000000000003,0.00030000000000000003
2021-08-01,0.00030000000000000003,0.00030000000000000003
2021-08-02,0.00030000000000000003,0.00030000000000000003
2021-08-03,0.00030000000000000003,0.00020759
2021-08-04,0.00021272,0.00019663
2021-08-05,0.00030000000000000003,0.00030000000000000003
2021-08-06,0.00030000000000000003,0.00030000000000000003
2021-08-07,0.00030000000000000003,0.00038202
2021-08-08,0.00030000000000000003,0.00033627
2021-08-09,0.00030000000000000003,0.00045395
2021-08-10,0.00030000000000000003,0.00065734
2021-08-11,0.00030000000000000003,0.0007886
2021-08-12,0.00030000000000000003,0.00042186999999999997
2021-08-13,0.00030000000000000003,0.00062196
2021-08-14,0.00030000000000000003,0.00086691
2021-08-15,0.00030000000000000003,0.00062763
2021-08-16,0.00033924,0.00045793000000000006
2021-08-17,0.00030000000000000003,0.00030000000000000003
2021-08-18,0.00030000000000000003,0.00030000000000000003
2021-08-19,0.00030000000000000003,0.00030000000000000003
2021-08-20,0.00035761,0.0007505
2021-08-21,0.00046707,0.00056746
2021-08-22,0.00034813,0.00050666
2021-08-23,0.00073163,0.00158683
2021-08-24,0.00080648,0.00118924
2021-08-25,0.00039568000000000003,0.00046461
2021-08-26,0.00041865,0.00030000000000000003
2021-08-27,0.00030000000000000003,0.00030000000000000003
2021-08-28,0.0006537699999999999,0.00035499
2021-08-29,0.00030000000000000003,0.00036779
2021-08-30,0.0004255,0.00030000000000000003
2021-08-31,0.00087311,0.00040707000000000004
2021-09-01,0.00105841,0.00030000000000000003
2021-09-02,0.00146615,0.0013444
2021-09-03,0.00105606,0.00130504
2021-09-04,0.00074946,0.00223973
2021-09-05,0.00030000000000000003,0.00209457
2021-09-06,0.00046783,0.0017132
2021-09-07,0.00042977,0.0013461599999999999
2021-09-08,0.00030000000000000003,0.00030000000000000003
2021-09-09,0.00030000000000000003,0.00030000000000000003
2021-09-10,0.00031115,0.00030000000000000003
2021-09-11,0.00030000000000000003,0.00030000000000000003
2021-09-12,0.00030000000000000003,0.00030000000000000003
2021-09-13,0.00030000000000000003,0.00030000000000000003
2021-09-14,0.00030000000000000003,0.00030000000000000003
2021-09-15,0.00030000000000000003,0.00030000000000000003
2021-09-16,0.00030000000000000003,0.00030000000000000003
2021-09-17,0.00030000000000000003,0.00030000000000000003
2021-09-18,0.00030000000000000003,0.00030000000000000003
2021-09-19,0.00030000000000000003,0.00030000000000000003
2021-09-20,0.00030000000000000003,0.00030000000000000003
2021-09-21,0.00030000000000000003,0.00030000000000000003
2021-09-22,0.00030000000000000003,0.00030000000000000003
2021-09-23,0.00022579,0.00030000000000000003
2021-09-24,-0.00012414,-0.00010290000000000001
2021-09-25,0.00025629,7.429999999999998e-06
2021-09-26,0.00010771000000000001,0.00015461
2021-09-27,0.00030000000000000003,0.00030000000000000003
2021-09-28,0.00015623,3.4739999999999996e-05
2021-09-29,0.00013866,-6.129999999999997e-06
2021-09-30,0.00029235000000000003,7.049000000000001e-05
2021-10-01,9.509e-05,0.00016671
2021-10-02,0.00014733999999999998,0.00030000000000000003
2021-10-03,0.00030000000000000003,0.00030000000000000003
2021-10-04,0.00030000000000000003,0.00030000000000000003
2021-10-05,7.734e-05,0.00030000000000000003
2021-10-06,0.00030000000000000003,0.00034323000000000003
2021-10-07,0.00071849,0.0007624
2021-10-08,0.00070151,0.00055305
2021-10-09,0.00035716999999999997,0.00030000000000000003
2021-10-10,0.00040906,0.00030000000000000003
2021-10-11,0.00030000000000000003,0.0005307
2021-10-12,0.00030000000000000003,0.00030000000000000003
2021-10-13,0.00030000000000000003,0.00030000000000000003
2021-10-14,0.00050079,0.00079431
2021-10-15,0.00056685,0.00103552
2021-10-16,0.00119263,0.00108005
2021-10-17,0.0011566200000000001,0.00124516
2021-10-18,0.00070642,0.00081874
2021-10-19,0.00034974,0.0009287099999999999
2021-10-20,0.00083237,0.00125327
2021-10-21,0.00188234,0.00182558
2021-10-22,0.0009121800000000001,0.00101814
2021-10-23,0.00058427,0.0006364599999999999
2021-10-24,0.00100435,0.00104658
2021-10-25,0.00086666,0.00115648
2021-10-26,0.00157625,0.00119986
2021-10-27,0.00086501,0.00102908
2021-10-28,0.00039356,0.00039556
2021-10-29,0.0006561,0.00103684
2021-10-30,0.00078636,0.00083954
2021-10-31,0.00111877,0.00045461
2021-11-01,0.00120803,0.00064573
2021-11-02,0.00096537,0.0011798199999999998
2021-11-03,0.00157434,0.00080178
2021-11-04,0.0014310500000000001,0.00107448
2021-11-05,0.00078107,0.0007012
2021-11-06,0.00136168,0.00093391
2021-11-07,0.00090959,0.00073944
2021-11-08,0.00123949,0.0007271900000000001
2021-11-09,0.00145773,0.00030000000000000003
2021-11-10,0.00163426,0.0006941
2021-11-11,0.0005502300000000001,0.00042974
2021-11-12,0.00090418,0.00030000000000000003
2021-11-13,0.00069016,0.00030000000000000003
2021-11-14,0.00037021,0.00030000000000000003
2021-11-15,0.0007786,0.00057533
2021-11-16,0.00055998,0.00035753
2021-11-17,0.00033155,0.00030000000000000003
2021-11-18,0.00031235,0.00030000000000000003
2021-11-19,0.00030000000000000003,0.00030000000000000003
2021-11-20,0.00030000000000000003,0.00030000000000000003
2021-11-21,0.00030000000000000003,0.00030000000000000003
2021-11-22,0.00030000000000000003,0.00030000000000000003
2021-11-23,0.00032897,0.00030000000000000003
2021-11-24,0.00032010000000000003,0.00030000000000000003
2021-11-25,0.00043212000000000003,0.00055137
2021-11-26,0.00057604,0.00063245
2021-11-27,0.00030824,0.00030000000000000003
2021-11-28,0.00030000000000000003,0.00030000000000000003
2021-11-29,0.00040774,0.00030000000000000003
2021-11-30,0.00047809999999999997,0.00039202
2021-12-01,0.00051835,0.0003625
2021-12-02,0.00035951,0.00030000000000000003
2021-12-03,0.00048884,0.00032562
2021-12-04,0.00019178,0.00026583
2021-12-05,0.00027273,0.00030000000000000003
2021-12-06,0.00030000000000000003,0.00030000000000000003
2021-12-07,0.00023977000000000002,0.0002706
2021-12-08,0.00030000000000000003,0.00030000000000000003
2021-12-09,0.00030000000000000003,0.00030000000000000003
2021-12-10,0.00030000000000000003,0.00018963
2021-12-11,0.00030000000000000003,0.00028719
2021-12-12,0.00030000000000000003,0.00030000000000000003
2021-12-13,0.00030000000000000003,8.189e-05
2021-12-14,0.00018345000000000001,0.00014733000000000001
2021-12-15,0.00030000000000000003,0.00030000000000000003
2021-12-16,0.00030000000000000003,0.00023234000000000002
2021-12-17,0.00024678,0.00030000000000000003
2021-12-18,0.00026742,0.00025422
2021-12-19,0.0002708,0.00024353
2021-12-20,0.00030000000000000003,0.00030000000000000003
2021-12-21,0.00029184,0.00030000000000000003
2021-12-22,0.00030000000000000003,0.00030000000000000003
2021-12-23,0.00023738,0.00023383
2021-12-24,0.00030000000000000003,0.00030000000000000003
2021-12-25,0.00030000000000000003,0.00030000000000000003
2021-12-26,0.00030000000000000003,0.00030000000000000003
2021-12-27,0.00030000000000000003,0.00030000000000000003
2021-12-28,0.00030000000000000003,0.0001648
2021-12-29,0.00030000000000000003,0.00024923
2021-12-30,0.00030000000000000003,0.00018468
2021-12-31,0.00016898,0.00017821
2022-01-01,0.00030000000000000003,0.00030000000000000003
2022-01-02,0.00030000000000000003,0.00012853
2022-01-03,0.00030000000000000003,0.00019451
2022-01-04,0.00030000000000000003,0.00030000000000000003
2022-01-05,0.00030000000000000003,0.00030000000000000003
2022-01-06,0.00030000000000000003,0.00019708
2022-01-07,0.00030000000000000003,0.00021935
2022-01-08,0.00030000000000000003,0.00030000000000000003
2022-01-09,0.00030000000000000003,8.236e-05
2022-01-10,0.00024522,-0.00019355000000000002
2022-01-11,0.00027394,0.00018916
2022-01-12,-4.890000000000002e-06,-0.00018654
2022-01-13,-3.587e-05,6.241000000000001e-05
2022-01-14,-0.00015233,0.00018706000000000001
2022-01-15,0.00014943,0.00029632
2022-01-16,0.0001036,0.00020594
2022-01-17,0.00018398,9.890000000000002e-06
2022-01-18,0.00029998000000000004,0.00021175
2022-01-19,0.00024973,0.0001828
2022-01-20,0.00030000000000000003,0.00030000000000000003
2022-01-21,0.00022749,1.7270000000000002e-05
2022-01-22,0.00013071,0.00026472
2022-01-23,7.171e-05,-8.528000000000001e-05
2022-01-24,0.00014094,8.225000000000001e-05
2022-01-25,8.118e-05,-3.54000000000001e-06
2022-01-26,-5.359e-05,-0.00032058
2022-01-27,-0.00022609,-0.00020173
2022-01-28,9.552e-05,-0.00016807999999999998
2022-01-29,1.117e-05,8.153e-05
2022-01-30,0.00025176,-6.989999999999999e-06
2022-01-31,-4.089999999999999e-05,-6.699e-05
2022-02-01,-4.1429999999999995e-05,-0.00021073
2022-02-02,9.648e-05,-5.866e-05
2022-02-03,-8.081000000000001e-05,-0.00051765
2022-02-04,2.8910000000000006e-05,0.00028786
2022-02-05,0.00027457,0.00021807
2022-02-06,0.00030000000000000003,0.00030000000000000003
2022-02-07,-2.8760000000000002e-05,8.916000000000001e-05
2022-02-08,0.00030000000000000003,0.00019338
2022-02-09,0.00019161999999999998,0.00016954
2022-02-10,0.00018201000000000003,-4.128e-05
2022-02-11,-8.986000000000001e-05,-6.11e-05
2022-02-12,0.00030000000000000003,0.00030000000000000003
2022-02-13,0.00022797999999999997,5.0249999999999995e-05
2022-02-14,0.00019029,0.00025513
2022-02-15,7.702e-05,6.852e-05
2022-02-16,0.00030000000000000003,0.00030000000000000003
2022-02-17,0.00030000000000000003,0.00016382000000000001
2022-02-18,-4.2970000000000004e-05,-9.544e-05
2022-02-19,0.00018671,0.00021922
2022-02-20,2.0869999999999995e-05,5.329e-05
2022-02-21,-1.4710000000000007e-05,1.5999999999999847e-07
2022-02-22,-5.965e-05,3.197e-05
2022-02-23,-0.00018558000000000002,1.6179999999999998e-05
2022-02-24,-0.0001878,-0.00010813
2022-02-25,0.00017218,0.00030000000000000003
2022-02-26,0.00026946,0.00030000000000000003
2022-02-27,6.748999999999999e-05,0.00020507000000000001
2022-02-28,-0.00035539,-0.00018511
2022-03-01,0.00024369000000000002,0.00030000000000000003
2022-03-02,0.00019493,0.00030000000000000003
2022-03-03,0.00030000000000000003,0.00030000000000000003
2022-03-04,0.00030000000000000003,0.00030000000000000003
2022-03-05,0.00021656,9.776e-05
2022-03-06,5.112e-05,4.293999999999999e-05
2022-03-07,-0.00011842,0.00011578
2022-03-08,0.00023378,9.976000000000001e-05
2022-03-09,0.00026776,0.00026224
2022-03-10,9.360999999999999e-05,0.00011609000000000001
2022-03-11,-0.00013272,4.8429999999999995e-05
2022-03-12,-7.039999999999997e-06,0.00021280000000000002
2022-03-13,-0.00010983,9.418e-05
2022-03-14,-0.00011999999999999999,9.648000000000001e-05
2022-03-15,0.00019263,4.8230000000000004e-05
2022-03-16,0.00025871,0.00024447
2022-03-17,0.00030000000000000003,0.00030000000000000003
2022-03-18,0.00021662,0.00020626
2022-03-19,0.00030000000000000003,0.00030000000000000003
2022-03-20,0.00030000000000000003,0.00030000000000000003
2022-03-21,8.953e-05,0.00030000000000000003
2022-03-22,0.00030000000000000003,0.00030000000000000003
2022-03-23,0.00027014,0.00014922
2022-03-24,1.5570000000000002e-05,0.00018187
2022-03-25,0.00015429000000000002,0.00030000000000000003
2022-03-26,0.00012628,0.00024979
2022-03-27,3.053000000000001e-05,6.595e-05
2022-03-28,0.00030000000000000003,0.00030000000000000003
2022-03-29,0.00029594,0.00028269
2022-03-30,0.00030000000000000003,0.00030000000000000003
2022-03-31,0.00030000000000000003,0.00030000000000000003
2022-04-01,0.00026819,0.00030000000000000003
2022-04-02,0.00030000000000000003,0.00030000000000000003
2022-04-03,0.00030000000000000003,0.00030000000000000003
2022-04-04,0.00030000000000000003,0.00022896
2022-04-05,0.00030000000000000003,0.00027974
2022-04-06,0.00029898,1.0270000000000008e-05
2022-04-07,0.00022421000000000002,3.494e-05
2022-04-08,0.00024306000000000002,-3.177e-05
2022-04-09,0.00029279,0.00030000000000000003
2022-04-10,0.00018952000000000002,0.0002598
2022-04-11,0.00020243000000000003,0.00024676
2022-04-12,-0.00023808,-0.00023406000000000002
2022-04-13,-2.4240000000000002e-05,-0.00015916
2022-04-14,0.00012974,3.420000000000001e-06
2022-04-15,-0.00012341,-0.00016232
2022-04-16,0.00013597000000000001,-0.00018537
2022-04-17,0.00020558000000000002,-1.0409999999999997e-05
2022-04-18,-0.00025864,-0.00022836000000000002
2022-04-19,0.00011223,0.00014705
2022-04-20,0.00022707,0.0001649
2022-04-21,2.9099999999999975e-06,-0.00023524000000000003
2022-04-22,-0.00014372999999999998,-0.00031721
2022-04-23,-0.00028468,-0.00014911
2022-04-24,-0.00037203,-0.00014402
2022-04-25,-9.528999999999999e-05,-0.00033263
2022-04-26,0.00030000000000000003,0.00024991
2022-04-27,-0.00021706,-0.00037341
2022-04-28,-1.2599999999999995e-05,2.549e-05
2022-04-29,0.00022628,0.00024578
2022-04-30,1.0910000000000002e-05,-0.00019834
2022-05-01,0.00012498,-0.00027798
2022-05-02,0.00029,-3.0199999999999992e-05
2022-05-03,0.00030000000000000003,0.00023933
2022-05-04,0.00022504000000000003,0.00029221
2022-05-05,0.00030000000000000003,0.00030000000000000003
2022-05-06,-0.00014997,-9.918000000000001e-05
2022-05-07,1.4380000000000001e-05,0.00023118
2022-05-08,0.00017341,0.00029867
2022-05-09,0.00030000000000000003,0.00029193000000000003
2022-05-10,0.00030000000000000003,0.00025931
2022-05-11,0.00011007,0.00025237
2022-05-12,-0.00075446,-0.00126929
2022-05-13,-1.687e-05,-0.00027857
2022-05-14,0.00030000000000000003,0.00021037
2022-05-15,0.00027343,0.00024304
2022-05-16,0.00023823,0.00019666
2022-05-17,0.00013995000000000001,-7.465e-05
2022-05-18,-9.816000000000001e-05,-1.6480000000000005e-05
2022-05-19,0.00012748,-1.1260000000000004e-05
2022-05-20,0.00030000000000000003,0.00026647
2022-05-21,2.0099999999999994e-06,6.962e-05
2022-05-22,9.347e-05,0.00019604
2022-05-23,0.00030000000000000003,0.00030000000000000003
2022-05-24,-0.00010155999999999998,-0.00016771
2022-05-25,0.00023679000000000001,0.00017652
2022-05-26,0.00018237,-1.0560000000000007e-05
2022-05-27,0.00030000000000000003,0.00015197
2022-05-28,0.00028712000000000003,0.00019508
2022-05-29,0.00030000000000000003,0.00013594
2022-05-30,0.00030000000000000003,0.00018114
2022-05-31,0.00030000000000000003,0.00027761
2022-06-01,0.00030000000000000003,0.00030000000000000003
2022-06-02,2.92e-05,-2.779999999999997e-06
2022-06-03,2.1029999999999993e-05,0.00017999
2022-06-04,0.00010570999999999999,0.00023
2022-06-05,0.00011939000000000001,0.00014518000000000002
2022-06-06,0.00025692,0.00029597
2022-06-07,-3.9389999999999994e-05,8.085e-05
2022-06-08,0.00030000000000000003,0.00027041
2022-06-09,0.00029106,0.00025421
2022-06-10,0.00022792,9.154000000000001e-05
2022-06-11,8.747e-05,-0.0004139
2022-06-12,0.00011002000000000001,-0.00022766
2022-06-13,1.8540000000000002e-05,-3.7840000000000004e-05
2022-06-14,-0.00011135,-0.00012126
2022-06-15,-9.983e-05,-0.00022752000000000002
2022-06-16,-4.9160000000000004e-05,-5.2520000000000005e-05
2022-06-17,-6.616e-05,-0.00033022
2022-06-18,0.00017158,-0.00044047
2022-06-19,6.923e-05,-0.00026412
2022-06-20,6.413e-05,0.00016268
2022-06-21,0.00016995,0.00016043
2022-06-22,-4.444e-05,-0.00016120000000000002
2022-06-23,-5.1049999999999994e-05,-0.00021055
2022-06-24,0.00026006,0.00022049
2022-06-25,0.00022621000000000002,-1.2999999999999935e-06
2022-06-26,0.00020669000000000001,4.3150000000000005e-05
2022-06-27,0.00017455000000000001,-0.00018181
2022-06-28,-5.764e-05,4.817e-05
2022-06-29,0.00017842,6.047e-05
2022-06-30,-0.00020713999999999997,-0.00024991
2022-07-01,-0.00013741,-0.00018238
2022-07-02,4.425e-05,-9.255e-05
2022-07-03,0.000156,8.09999999999998e-06
2022-07-04,0.0001467,5.999999999999997e-06
2022-07-05,0.00015411,6.865e-05
2022-07-06,0.00028373,0.00024373
2022-07-07,0.00025274,0.00026891
2022-07-08,0.00020212000000000002,0.00025505
2022-07-09,0.00026143,0.00011009
2022-07-10,0.00029962,0.00021148
2022-07-11,0.00020279,0.00011187
2022-07-12,0.00017103000000000002,-6.177e-05
2022-07-13,-1.8049999999999998e-05,-0.00050349
2022-07-14,0.00013508000000000001,-0.00016674
2022-07-15,0.00012259,0.00014214
2022-07-16,0.00014851,0.00016149000000000003
2022-07-17,0.00026747,9.369e-05
2022-07-18,0.00030000000000000003,4.368e-05
2022-07-19,0.00030000000000000003,0.00024242
2022-07-20,0.00028118,4.1290000000000006e-05
2022-07-21,0.00030000000000000003,0.00030000000000000003
2022-07-22,0.00025172,0.00029317000000000004
2022-07-23,0.00020064,0.00022004000000000001
2022-07-24,0.00022062999999999998,0.00030000000000000003
2022-07-25,0.00013557,0.000163
2022-07-26,0.00022312999999999999,0.00023841
2022-07-27,0.00012627,0.0001227
2022-07-28,0.00029229,0.00030000000000000003
2022-07-29,0.00030000000000000003,0.00030000000000000003
2022-07-30,0.00030000000000000003,0.00025049
2022-07-31,0.00026281000000000004,0.00019959
2022-08-01,0.00026449000000000004,0.00026108
2022-08-02,0.00025618,0.0001321
2022-08-03,7.499999999999999e-06,4.209e-05
2022-08-04,3.023e-05,0.00016004000000000002
2022-08-05,0.00010580999999999999,0.00027649
2022-08-06,0.00025477000000000003,0.00030000000000000003
2022-08-07,0.00011664000000000001,0.00010523000000000001
2022-08-08,0.0002279,0.00011475000000000001
2022-08-09,0.0002792,-8.677e-05
2022-08-10,8.707e-05,-3.6129999999999995e-05
2022-08-11,0.00022117,0.00016175
2022-08-12,7.052e-05,0.00016118
2022-08-13,7.049999999999999e-05,0.00014457
2022-08-14,3.302e-05,0.00011655
2022-08-15,-4.028e-05,-7.620000000000001e-05
2022-08-16,6.269e-05,2.3000000000000085e-06
2022-08-17,0.00010092,0.00016586999999999998
2022-08-18,0.00025562,0.00015225999999999998
2022-08-19,5.362000000000002e-05,0.00016710000000000002
2022-08-20,-0.00010219,1.8049999999999998e-05
2022-08-21,-8.779999999999999e-05,-5.355e-05
2022-08-22,-7.286e-05,8.762e-05
2022-08-23,-6.53e-05,-4.5560000000000004e-05
2022-08-24,-5.3819999999999996e-05,-0.00010653999999999999
2022-08-25,6.156e-05,-8.46e-05
2022-08-26,4.099e-05,0.00016005000000000001
2022-08-27,-0.00013494,-0.00055704
2022-08-28,-0.00012597,-0.00050357
2022-08-29,-0.00029872,-0.00048507000000000004
2022-08-30,-8.136e-05,-0.00021949
2022-08-31,8.64e-05,-4.0709999999999995e-05
2022-09-01,0.00015286,-8.353000000000001e-05
2022-09-02,0.00011846,6.92e-05
2022-09-03,0.00010358,-0.00032181
2022-09-04,8.17e-05,-0.00011872
2022-09-05,0.00012267000000000002,-0.00014419
2022-09-06,3.571e-05,-0.00032211
2022-09-07,-9.352e-05,-0.00062633
2022-09-08,9.614e-05,-6.064e-05
2022-09-09,0.00021312000000000002,-0.00024585
2022-09-10,0.00029764,-0.0004167
2022-09-11,0.00023827,-0.00059858
2022-09-12,0.00028246,-0.00100954
2022-09-13,0.00029965,-0.001
2022-09-14,-2.222e-05,0.0
2022-09-15,0.00011137000000000001,0.0
2022-09-16,0.00015323,0.0
2022-09-17,8.827e-05,0.0
2022-09-18,0.00017812,0.0
2022-09-19,-5.1080000000000006e-05,0.0
2022-09-20,0.00015389,0.0
2022-09-21,9.395000000000001e-05,0.0
2022-09-22,-0.00010947,0.0
2022-09-23,5.2119999999999996e-05,0.0
2022-09-24,9.968e-05,0.0
2022-09-25,7.245e-05,0.0
2022-09-26,7.533e-05,0.0
2022-09-27,0.00020782,0.0
2022-09-28,5.4019999999999994e-05,0.0
2022-09-29,0.00020007,0.0
2022-09-30,0.00030000000000000003,-0.0008165400000000001
2022-10-01,0.00020203000000000002,-0.001
2022-10-02,0.00015462,-0.0009654900000000001
2022-10-03,0.00022312,-0.001
2022-10-04,0.00030000000000000003,-0.00078567
2022-10-05,0.00030000000000000003,-0.001
2022-10-06,0.00030000000000000003,-0.0009354400000000001
2022-10-07,0.00027513,-0.001
2022-10-08,0.00015344,-0.00078164
2022-10-09,6.973e-05,-0.001
2022-10-10,0.0002231,-0.0009011500000000001
2022-10-11,0.00030000000000000003,-0.001
2022-10-12,0.00030000000000000003,-0.0009203
2022-10-13,0.00021402,-0.001
2022-10-14,0.0002163,-0.000798
2022-10-15,0.00012652,4.601e-05
2022-10-16,6.59e-05,-4.000000000000002e-06
2022-10-17,0.00011628999999999999,9.955000000000001e-05
2022-10-18,0.00030000000000000003,0.00020448
2022-10-19,0.00027598,0.00020796
2022-10-20,0.00018116,1.9529999999999998e-05
2022-10-21,8.301e-05,0.00014534000000000001
2022-10-22,0.00011762,-1.954e-05
2022-10-23,0.00010497,0.00013377000000000002
2022-10-24,0.00022328000000000002,0.00016589
2022-10-25,0.0001318,-1.3299999999999991e-06
2022-10-26,0.0001403,0.00017548
2022-10-27,-8.869999999999998e-06,9.934000000000001e-05
2022-10-28,-3.159999999999997e-06,8.184e-05
2022-10-29,0.00011444,0.0002441
2022-10-30,5.832e-05,0.00027031
2022-10-31,4.912e-05,0.0001602
2022-11-01,9.360000000000002e-06,-3.584999999999999e-05
2022-11-02,0.00012035999999999999,0.00016404
2022-11-03,0.0001006,-0.00016369
2022-11-04,0.00012476,0.00020691
2022-11-05,0.0001895,0.0001649
2022-11-06,0.00023088999999999998,0.0002204
2022-11-07,0.00027813,0.00012322
2022-11-08,0.00015172999999999999,-9.384e-05
2022-11-09,-0.00039555,-0.00105347
2022-11-10,-0.00254958,-0.00129913
2022-11-11,-0.00032531,-0.00027549000000000003
2022-11-12,9.415e-05,0.00024832
2022-11-13,-4.2080000000000004e-05,-0.00011125
2022-11-14,-0.00012586000000000002,0.00010301
2022-11-15,-0.00026314,-7.890000000000001e-05
2022-11-16,-0.00018712,-0.00013574
2022-11-17,-0.00012381,-0.00017685
2022-11-18,5.170000000000001e-06,-0.00020738
2022-11-19,0.00012284,0.00016884
2022-11-20,1.794e-05,4.099e-05
2022-11-21,8.982e-05,-0.00017962999999999999
2022-11-22,2.429e-05,-3.076e-05
2022-11-23,0.00019016,-7.405000000000001e-05
2022-11-24,0.00013704,2.621e-05
2022-11-25,3.848e-05,7.997000000000001e-05
2022-11-26,4.927e-05,-0.00016692
2022-11-27,1.7809999999999994e-05,-0.0001233
2022-11-28,2.86e-05,-0.00014532
2022-11-29,8.546e-05,0.00016778
2022-11-30,0.00016953,0.00029218
2022-12-01,6.0280000000000006e-05,0.00011656000000000001
2022-12-02,7.274999999999999e-05,0.00014626
2022-12-03,0.00018425,-5.511e-05
2022-12-04,0.00017192,-1.547e-05
2022-12-05,4.389999999999997e-06,8.685e-05
2022-12-06,8.629e-05,9.934000000000001e-05
2022-12-07,7.052999999999999e-05,8.391e-05
2022-12-08,3.502e-05,1.7149999999999997e-05
2022-12-09,8.383e-05,0.00021755
2022-12-10,-6.450000000000001e-06,0.00011574
2022-12-11,2.4940000000000002e-05,1.017e-05
2022-12-12,3.374e-05,-1.2079999999999996e-05
2022-12-13,0.00014973999999999999,0.00028949
2022-12-14,0.00030000000000000003,0.00030000000000000003
2022-12-15,0.0002518,0.00030000000000000003
2022-12-16,8.561e-05,0.0001622
2022-12-17,0.0001953,5.681000000000001e-05
2022-12-18,0.00012455,0.0001796
2022-12-19,0.00014457,-3.426e-05
2022-12-20,9e-05,0.00022422
2022-12-21,0.00019102000000000002,0.00019766
2022-12-22,0.00018282999999999998,0.00026623
2022-12-23,0.00028903,0.0001674
2022-12-24,0.0002097,0.00017294
2022-12-25,5.436e-05,1e-05
2022-12-26,1.1259999999999997e-05,0.00010579
2022-12-27,0.00011708000000000001,0.00019772
2022-12-28,0.00016126999999999998,0.00013901
2022-12-29,0.00028517,0.00025835
2022-12-30,0.00027132,0.00030000000000000003
2022-12-31,0.00030000000000000003,0.00030000000000000003
2023-01-01,0.00020691,0.00030000000000000003
2023-01-02,-3.1740000000000004e-05,0.00026342
2023-01-03,0.00022299,9.066e-05
2023-01-04,0.00014808,0.00027609
2023-01-05,0.00017117,0.00030000000000000003
2023-01-06,0.00020836,0.00030000000000000003
2023-01-07,0.00013179,0.00016833
2023-01-08,0.00023109,0.00019614
2023-01-09,6.035e-05,0.00021929000000000002
2023-01-10,0.00015231,0.00030000000000000003
2023-01-11,5.027e-05,0.00022778000000000002
2023-01-12,0.00027549,0.00030000000000000003
2023-01-13,0.0002716,0.00030000000000000003
2023-01-14,0.0006459300000000001,0.0011759399999999999
2023-01-15,0.00046038,0.0006171600000000001
2023-01-16,0.00030000000000000003,0.00034183
2023-01-17,0.00030000000000000003,0.00030000000000000003
2023-01-18,0.00030000000000000003,0.00030000000000000003
2023-01-19,0.00030000000000000003,0.00030000000000000003
2023-01-20,0.00030000000000000003,0.00030000000000000003
2023-01-21,0.00030000000000000003,0.00030000000000000003
2023-01-22,0.00030000000000000003,0.00030000000000000003
2023-01-23,0.00030000000000000003,0.00030356000000000003
2023-01-24,0.00030000000000000003,0.00030000000000000003
2023-01-25,0.00030000000000000003,0.00030000000000000003
2023-01-26,0.00030000000000000003,0.00030000000000000003
2023-01-27,0.00029541,0.00030000000000000003
2023-01-28,0.00030000000000000003,0.00030000000000000003
2023-01-29,0.00030000000000000003,0.00030000000000000003
2023-01-30,0.00030000000000000003,0.00030000000000000003
2023-01-31,0.00030000000000000003,0.00030000000000000003
2023-02-01,0.00030000000000000003,0.00030000000000000003
2023-02-02,0.00030000000000000003,0.00030000000000000003
2023-02-03,0.00030000000000000003,0.00030000000000000003
2023-02-04,0.00030000000000000003,0.00030000000000000003
2023-02-05,0.00030000000000000003,0.00030000000000000003
2023-02-06,0.00030000000000000003,0.00030000000000000003
2023-02-07,0.00030000000000000003,0.00030000000000000003
2023-02-08,0.00030000000000000003,0.00030000000000000003
2023-02-09,0.00030000000000000003,0.00030000000000000003
2023-02-10,0.00030000000000000003,0.00026828
2023-02-11,0.00018497,7.324e-05
2023-02-12,0.00017613,0.00016673
2023-02-13,0.00018397,0.00018549000000000001
2023-02-14,0.00028887,9.261999999999999e-05
2023-02-15,0.00014078000000000002,0.00011435
2023-02-16,0.00043170999999999997,0.00034101
2023-02-17,0.00030000000000000003,0.00030000000000000003
2023-02-18,0.00030000000000000003,0.00030000000000000003
2023-02-19,0.00030000000000000003,0.00030000000000000003
2023-02-20,0.00030000000000000003,0.00030000000000000003
2023-02-21,0.00030000000000000003,0.00030000000000000003
2023-02-22,0.00030000000000000003,0.00030000000000000003
2023-02-23,0.00017137,0.00021275
2023-02-24,0.00015367,0.00018598000000000003
2023-02-25,1.745e-05,0.0002306
2023-02-26,0.00016713,7.048e-05
2023-02-27,0.00016166,0.00024658
2023-02-28,0.00011349,0.00015746
2023-03-01,0.00020185,0.00020342
2023-03-02,0.0002571,0.00027746
2023-03-03,5.571e-05,5.334e-05
2023-03-04,6.446e-05,0.00010737999999999999
2023-03-05,6.124e-05,0.00013768
2023-03-06,0.00014928,0.00015308999999999999
2023-03-07,8.179e-05,0.0001387
2023-03-08,0.00016733,0.00023659
2023-03-09,0.00030000000000000003,0.00020326
2023-03-10,-0.00010015999999999999,-8.915e-05
2023-03-11,-2.273e-05,1.707e-05
2023-03-12,5.3960000000000005e-05,3.318000000000001e-05
2023-03-13,0.00026011000000000003,0.00030000000000000003
2023-03-14,0.00054853,0.00030000000000000003
2023-03-15,0.00056253,0.00060094
2023-03-16,0.00030000000000000003,0.00030000000000000003
2023-03-17,0.00023311000000000002,0.00021905
2023-03-18,0.00030000000000000003,0.00030000000000000003
2023-03-19,0.00030000000000000003,0.00030000000000000003
2023-03-20,0.00029081,0.00028194
2023-03-21,9.664000000000001e-05,0.00020707
2023-03-22,5.608e-05,0.00011952999999999999
2023-03-23,9.158e-05,0.00017983000000000002
2023-03-24,0.00030000000000000003,0.00030000000000000003
2023-03-25,4.07e-06,2.6569999999999998e-05
2023-03-26,3.690000000000007e-06,6.209e-05
2023-03-27,4.918e-05,1.079e-05
2023-03-28,7.225999999999999e-05,8.573e-05
2023-03-29,0.00023173,0.00027584
2023-03-30,0.00013748,0.00011067
2023-03-31,0.00013646,0.00024185
2023-04-01,0.0002884,0.00026306
2023-04-02,0.00015934,0.00012508000000000002
2023-04-03,6.207e-05,-5.3689999999999996e-05
2023-04-04,-8.642e-05,0.00019598
2023-04-05,0.00016542,0.00026853
2023-04-06,2.0649999999999997e-05,0.00011478999999999999
2023-04-07,5.8600000000000015e-06,0.00012819
2023-04-08,3.926e-05,6.981e-05
2023-04-09,-8.069999999999999e-06,1.98e-05
2023-04-10,0.00026167,4.520000000000001e-06
2023-04-11,0.00030000000000000003,0.00018012
2023-04-12,0.00019524,5.955e-05
2023-04-13,0.00021092,0.00030000000000000003
2023-04-14,0.00013307,0.00030000000000000003
2023-04-15,0.0001348,0.00030000000000000003
2023-04-16,0.00027144,0.00030000000000000003
2023-04-17,0.00027376,0.00030000000000000003
2023-04-18,0.00010944999999999999,0.00030000000000000003
2023-04-19,0.00016150000000000002,0.00018985
2023-04-20,0.00018145,8.719999999999999e-05
2023-04-21,0.00026297,0.00024010999999999998
2023-04-22,0.00018948,7.753e-05
2023-04-23,7.513e-05,-9.899999999999997e-06
2023-04-24,0.00011003,0.00015391
2023-04-25,0.00020213000000000002,0.00023337
2023-04-26,0.00016032,0.00013793
2023-04-27,0.00011552,7.055e-05
2023-04-28,0.00024476,0.0002517
2023-04-29,0.00014614,0.00016551
2023-04-30,0.00012711,0.00014381
2023-05-01,-3.369000000000001e-05,5.549999999999999e-06
2023-05-02,8.307e-05,0.00020617999999999998
2023-05-03,0.00019704,0.00026072
2023-05-04,0.00024306000000000002,0.000299
2023-05-05,0.00022188,0.00019234999999999999
2023-05-06,0.00030000000000000003,0.00020694000000000002
2023-05-07,0.00014414,8.5e-05
2023-05-08,5.029e-05,0.00010290000000000001
2023-05-09,0.00012329,0.00024845
2023-05-10,0.00012329,0.00013449
2023-05-11,0.00013729,7.227999999999999e-05
2023-05-12,0.00010359,1.367e-05
2023-05-13,9.868999999999999e-05,6.081e-05
2023-05-14,8.291e-05,8.804e-05
2023-05-15,2.6410000000000003e-05,-4.1320000000000004e-05
2023-05-16,0.00017625,5.704e-05
2023-05-17,0.00019882,0.00011214
2023-05-18,0.00028342,0.00019569999999999999
2023-05-19,0.00011005,0.00017578
2023-05-20,6.919e-05,8.545e-05
2023-05-21,0.00017109,6.558e-05
2023-05-22,7.999e-05,0.00016949
2023-05-23,0.00030000000000000003,0.00020169
2023-05-24,0.00016429,0.00015001
2023-05-25,0.0002582,8.202e-05
2023-05-26,0.00024536,0.00020368
2023-05-27,0.00023072000000000001,7.76e-05
2023-05-28,0.0002988,1.2750000000000002e-05
2023-05-29,0.00030000000000000003,0.00030000000000000003
2023-05-30,0.00019084,0.00024386
2023-05-31,0.00015073000000000002,0.00013359
2023-06-01,0.00021737,0.00025856
2023-06-02,0.00023982,0.00022922
2023-06-03,0.00022986,0.00018807
2023-06-04,0.0002485,0.00015705
2023-06-05,0.00027393999999999997,0.00010106999999999999
2023-06-06,-5.9159999999999996e-05,3.8839999999999994e-05
2023-06-07,0.00024005,0.00022658000000000002
2023-06-08,0.00012605,0.00018296000000000002
2023-06-09,0.00018908,0.00015641
2023-06-10,0.00014973,0.00013209999999999999
2023-06-11,0.00013571999999999998,0.00010465999999999999
2023-06-12,0.00015349,0.00020058
2023-06-13,0.00022683000000000002,0.00017829
2023-06-14,8.815e-05,0.00013449
2023-06-15,9.615e-05,-0.00012674
2023-06-16,4.988e-05,-0.00014498
2023-06-17,0.00027411,0.00016566
2023-06-18,0.00018644,3.712e-05
2023-06-19,0.00017127,0.00011995
2023-06-20,1.3049999999999999e-05,3.5419999999999996e-05
2023-06-21,0.00018846,0.00010782000000000001
2023-06-22,0.00029236,0.00030000000000000003
2023-06-23,0.00030000000000000003,0.00024288
2023-06-24,0.00030000000000000003,0.00023414
2023-06-25,0.00030000000000000003,0.00030000000000000003
2023-06-26,0.00030000000000000003,0.00024191000000000002
2023-06-27,0.00030000000000000003,0.00011897999999999999
2023-06-28,0.000239,0.00016075
2023-06-29,0.00025874000000000003,0.00012685000000000002
2023-06-30,0.00030000000000000003,0.00023965
2023-07-01,0.00030000000000000003,0.00030000000000000003
2023-07-02,0.00030000000000000003,0.00030000000000000003
2023-07-03,0.00030000000000000003,0.00030000000000000003
2023-07-04,0.00030000000000000003,0.00030000000000000003
2023-07-05,0.00030000000000000003,0.00030000000000000003
2023-07-06,0.00019212,0.00022778000000000002
2023-07-07,4.2609999999999994e-05,0.00013396
2023-07-08,8.074e-05,4.7180000000000006e-05
2023-07-09,0.00018680999999999998,9.284e-05
2023-07-10,5.663e-05,0.00014429
2023-07-11,0.00020229,0.00019729
2023-07-12,0.0001817,0.0002561
2023-07-13,5.514e-05,2.1899999999999977e-06
2023-07-14,0.00030000000000000003,0.00030000000000000003
2023-07-15,-1.3220000000000002e-05,0.00016771
2023-07-16,0.00014348,0.00014354
2023-07-17,0.00015324000000000002,9.085e-05
2023-07-18,0.00018258,0.00022396
2023-07-19,0.00022914000000000002,0.00025699
2023-07-20,0.00017856,0.00018976
2023-07-21,7.371e-05,9.647e-05
2023-07-22,3.316e-05,7.003e-05
2023-07-23,0.0002228,0.00010392999999999999
2023-07-24,0.00024338000000000002,0.00017087
2023-07-25,0.0002408,0.00025879
2023-07-26,0.00025219,0.00025697999999999997
2023-07-27,9.842e-05,0.00022112
2023-07-28,0.00021048,0.00019717999999999998
2023-07-29,0.00022097000000000002,0.00021485
2023-07-30,0.00018068,0.00015635
2023-07-31,0.0001797,4.4399999999999995e-05
2023-08-01,0.00023068,0.00021038000000000003
2023-08-02,0.00030000000000000003,0.00030000000000000003
2023-08-03,0.00030000000000000003,0.00030000000000000003
2023-08-04,0.00028116,0.0002483
2023-08-05,0.00024181000000000002,0.00026081
2023-08-06,0.00030000000000000003,0.00021885
2023-08-07,0.00027669,0.00029331
2023-08-08,0.0002508,0.00021637000000000002
2023-08-09,0.00026514,0.00018274
2023-08-10,0.00028277,0.00027595
2023-08-11,0.00027123,8.57e-05
2023-08-12,0.00029305,0.00017558
2023-08-13,0.00024637,0.00018191
2023-08-14,0.00030000000000000003,0.00029882
2023-08-15,0.00030000000000000003,0.00026382
2023-08-16,0.00030000000000000003,0.00026773
2023-08-17,0.00030000000000000003,0.00024572
2023-08-18,0.0001512,-5.945e-05
2023-08-19,-5.8819999999999996e-05,-0.0002079
2023-08-20,-7.626e-05,-0.00022162
2023-08-21,-3.6e-05,-7.782999999999999e-05
2023-08-22,8.12e-06,-6.664e-05
2023-08-23,2.9659999999999997e-05,-1.885e-05
2023-08-24,4.5839999999999995e-05,-1.95e-06
2023-08-25,7.361e-05,-3.723e-05
2023-08-26,0.0001125,-2.798e-05
2023-08-27,5.3070000000000005e-05,4.63e-05
2023-08-28,8.553e-05,7.130000000000001e-06
2023-08-29,-6.340999999999999e-05,-8.446000000000001e-05
2023-08-30,0.00014543,0.00019381000000000002
2023-08-31,0.00017873000000000002,0.00011957999999999999
2023-09-01,0.00014805,4.177e-05
2023-09-02,4.917e-05,-2.11e-06
2023-09-03,7.964e-05,-1.7059999999999996e-05
2023-09-04,3.1e-05,-6.847000000000001e-05
2023-09-05,5.394e-05,4.393e-05
2023-09-06,1.109e-05,5.4369999999999996e-05
2023-09-07,0.00014637,0.00016687
2023-09-08,-2.704e-05,0.00010778
2023-09-09,-4.011e-05,0.00012469
2023-09-10,5.8299999999999994e-05,6.249e-05
2023-09-11,3.361e-05,9.96e-05
2023-09-12,4.653e-05,-7.806000000000001e-05
2023-09-13,6.701e-05,2.614e-05
2023-09-14,-8.590000000000004e-06,-1.0279999999999996e-05
2023-09-15,4.159e-05,2.130000000000001e-05
2023-09-16,-8.862e-05,0.00011154
2023-09-17,2.688e-05,5.513e-05
2023-09-18,-6.703e-05,4.963e-05
2023-09-19,-1.2600000000000001e-05,-1.393e-05
2023-09-20,-7.382000000000001e-05,9.91e-05
2023-09-21,0.00011703,0.00010821000000000001
2023-09-22,3.1079999999999994e-05,8.629e-05
2023-09-23,8.441e-05,8.101e-05
2023-09-24,6.215999999999999e-05,7.104e-05
2023-09-25,0.00012097,0.00012292
2023-09-26,5.009999999999994e-06,0.00013702
2023-09-27,0.00015396,0.00015649000000000001
2023-09-28,-5.639e-05,7.357e-05
2023-09-29,-5.9850000000000005e-05,4.048e-05
2023-09-30,4.032e-05,-3.3800000000000015e-06
2023-10-01,-2.5869999999999998e-05,3.145e-05
2023-10-02,5.0820000000000005e-05,0.0002268
2023-10-03,8.339e-05,8.854e-05
2023-10-04,9.374000000000001e-05,7.976e-05
2023-10-05,-0.00010376999999999999,6.822e-05
2023-10-06,-2.819e-05,0.00024378
2023-10-07,7.056e-05,0.00015819
2023-10-08,6.451e-05,0.00028085
2023-10-09,0.00015345000000000002,0.00020507000000000001
2023-10-10,0.00012791000000000001,0.00020636
2023-10-11,0.00020567,0.00012374
2023-10-12,0.00019965,0.00013828
2023-10-13,6.659e-05,9.859e-05
2023-10-14,4.772e-05,0.00010826
2023-10-15,5.007e-05,0.00014398
2023-10-16,0.00010183,0.00017985
2023-10-17,-6.140000000000002e-06,0.00011256
2023-10-18,-2.9149999999999997e-05,0.00013827000000000002
2023-10-19,-0.00012658,0.00013081
2023-10-20,-4.647000000000001e-05,0.00016852000000000002
2023-10-21,8.616e-05,0.00010408
2023-10-22,8.261e-05,0.00010805999999999999
2023-10-23,0.00018488,0.00012738000000000002
2023-10-24,0.00030000000000000003,0.00030000000000000003
2023-10-25,0.00030000000000000003,0.00030000000000000003
2023-10-26,0.00030000000000000003,0.00030000000000000003
2023-10-27,0.00030000000000000003,0.00030000000000000003
2023-10-28,0.00030000000000000003,0.00030000000000000003
2023-10-29,0.00030000000000000003,0.00030000000000000003
2023-10-30,0.00030000000000000003,0.00030000000000000003
2023-10-31,0.00030000000000000003,0.00030000000000000003
2023-11-01,0.00030000000000000003,0.00030000000000000003
2023-11-02,0.00030000000000000003,0.0005734199999999999
2023-11-03,0.00030000000000000003,0.00030000000000000003
2023-11-04,0.00030000000000000003,0.00030000000000000003
2023-11-05,0.00030000000000000003,0.00030000000000000003
2023-11-06,0.00030000000000000003,0.00030000000000000003
2023-11-07,0.00030000000000000003,0.00030000000000000003
2023-11-08,0.00030000000000000003,0.00030000000000000003
2023-11-09,0.00040027,0.00091131
2023-11-10,0.00031682,0.00081613
2023-11-11,0.00041254999999999997,0.00054424
2023-11-12,0.00066138,0.00050624
2023-11-13,0.0006385200000000001,0.0007861
2023-11-14,0.00048228,0.00042451
2023-11-15,0.00030000000000000003,0.00030000000000000003
2023-11-16,0.00037213000000000003,0.00030000000000000003
2023-11-17,0.00030000000000000003,0.00030000000000000003
2023-11-18,0.00030000000000000003,0.00030000000000000003
2023-11-19,0.00030000000000000003,0.00030000000000000003
2023-11-20,0.00030000000000000003,0.00030000000000000003
2023-11-21,0.00030000000000000003,0.00030000000000000003
2023-11-22,0.00030000000000000003,0.00030000000000000003
2023-11-23,0.00030000000000000003,0.00030000000000000003
2023-11-24,0.00030000000000000003,0.00030000000000000003
2023-11-25,0.00030000000000000003,0.00030000000000000003
2023-11-26,0.00030000000000000003,0.00030000000000000003
2023-11-27,0.00030000000000000003,0.00030000000000000003
2023-11-28,0.00030000000000000003,0.00030000000000000003
2023-11-29,0.00030000000000000003,0.00030000000000000003
2023-11-30,0.00030000000000000003,0.00030000000000000003
2023-12-01,0.00030000000000000003,0.00030000000000000003
2023-12-02,0.00025464,0.00030000000000000003
2023-12-03,0.00030000000000000003,0.00030000000000000003
2023-12-04,0.00030000000000000003,0.00030000000000000003
2023-12-05,0.00030000000000000003,0.00030000000000000003
2023-12-06,0.00030000000000000003,0.00030000000000000003
2023-12-07,0.00030000000000000003,0.00030000000000000003
2023-12-08,0.0005353000000000001,0.00045509
2023-12-09,0.00058855,0.0008730599999999999
2023-12-10,0.0006503,0.00055444
2023-12-11,0.00034730000000000004,0.00044112000000000003
2023-12-12,0.00030000000000000003,0.00030000000000000003
2023-12-13,0.00034672,0.00038452
2023-12-14,0.00030000000000000003,0.00030000000000000003
2023-12-15,0.00030000000000000003,0.00030419
2023-12-16,0.00030000000000000003,0.00030000000000000003
2023-12-17,0.00030000000000000003,0.00031402000000000003
2023-12-18,0.00038966,0.00035083
2023-12-19,0.00030000000000000003,0.00030000000000000003
2023-12-20,0.00044143,0.00043154
2023-12-21,0.00085307,0.00094787
2023-12-22,0.00078427,0.00138634
2023-12-23,0.00041351,0.00049071
2023-12-24,0.00050519,0.00054944
2023-12-25,0.00057908,0.0007918599999999999
2023-12-26,0.00096707,0.0011644
2023-12-27,0.00097867,0.00121557
2023-12-28,0.00101052,0.0013426
2023-12-29,0.00152164,0.0014112999999999999
2023-12-30,0.00114455,0.0008521099999999999
2023-12-31,0.00096025,0.0008115900000000001
2024-01-01,0.00098223,0.00101965
2024-01-02,0.00154755,0.0016854600000000002
2024-01-03,0.00048282,0.00062922
2024-01-04,0.00030000000000000003,0.00030000000000000003
2024-01-05,0.00030000000000000003,0.00030000000000000003
2024-01-06,0.00030000000000000003,0.00030000000000000003
2024-01-07,0.00030000000000000003,0.00030000000000000003
2024-01-08,0.00030000000000000003,0.00030000000000000003
2024-01-09,0.00030000000000000003,0.00030000000000000003
2024-01-10,0.00030000000000000003,0.00030000000000000003
2024-01-11,0.00030000000000000003,0.00030000000000000003
2024-01-12,0.00030000000000000003,0.00030000000000000003
2024-01-13,0.00030000000000000003,0.00030000000000000003
2024-01-14,0.00030000000000000003,0.00030000000000000003
2024-01-15,0.00030000000000000003,0.00030000000000000003
2024-01-16,0.00030000000000000003,0.00030000000000000003
2024-01-17,0.00030000000000000003,0.00030000000000000003
2024-01-18,0.00030000000000000003,0.00030000000000000003
2024-01-19,0.00030000000000000003,0.00030000000000000003
2024-01-20,0.00030000000000000003,0.00030000000000000003
2024-01-21,0.00030000000000000003,0.00030000000000000003
2024-01-22,0.00030000000000000003,0.00030000000000000003
2024-01-23,0.00030000000000000003,0.00030000000000000003
2024-01-24,0.00030000000000000003,0.00030000000000000003
2024-01-25,0.00030000000000000003,0.00030000000000000003
2024-01-26,0.00030000000000000003,0.00030000000000000003
2024-01-27,0.00027266,0.00026877
2024-01-28,0.00024725,0.00020958
2024-01-29,0.00029142,0.00030000000000000003
2024-01-30,0.00024641,0.00026195
2024-01-31,0.00022154,0.00030000000000000003
2024-02-01,0.00030000000000000003,0.00023398
2024-02-02,0.00030000000000000003,0.00023678000000000002
2024-02-03,0.00024697,0.00022626
2024-02-04,0.00027153,0.00022274
2024-02-05,0.00030000000000000003,0.00030000000000000003
2024-02-06,0.00026723000000000003,0.00025691
2024-02-07,0.00021206,0.00016851
2024-02-08,0.00019125000000000001,0.00027325
2024-02-09,0.00022961000000000002,0.00027752
2024-02-10,0.00028041000000000003,0.00027448
2024-02-11,0.00030000000000000003,0.00024792
2024-02-12,0.00030000000000000003,0.00025047000000000003
2024-02-13,0.00030000000000000003,0.00030000000000000003
2024-02-14,0.00032282999999999997,0.00033082
2024-02-15,0.00030000000000000003,0.00037548
2024-02-16,0.00030000000000000003,0.00032722000000000003
2024-02-17,0.00036041000000000003,0.00033519
2024-02-18,0.0004964,0.0003114
2024-02-19,0.00055985,0.00030000000000000003
2024-02-20,0.00041631999999999997,0.00061931
2024-02-21,0.00031242,0.00042121
2024-02-22,0.00036037,0.00030000000000000003
2024-02-23,0.00032991,0.00030000000000000003
2024-02-24,0.00030000000000000003,0.00030000000000000003
2024-02-25,0.00041512,0.00056966
2024-02-26,0.00075555,0.00097926
2024-02-27,0.0012874800000000001,0.0012497799999999998
2024-02-28,0.0010394900000000001,0.0010914800000000001
2024-02-29,0.0020245899999999997,0.00211682
2024-03-01,0.00164156,0.00144582
2024-03-02,0.0014699600000000002,0.00161688
2024-03-03,0.00133854,0.00114794
2024-03-04,0.00165524,0.00120964
2024-03-05,0.00220077,0.00222909
2024-03-06,0.0011951,0.00099453
2024-03-07,0.00125512,0.00119086
2024-03-08,0.00141229,0.00149739
2024-03-09,0.00076822,0.00105229
2024-03-10,0.0014894,0.00113881
2024-03-11,0.00180313,0.00160899
2024-03-12,0.00137705,0.00153954
2024-03-13,0.00143046,0.0015134600000000001
2024-03-14,0.00101404,0.00126577
2024-03-15,0.00068149,0.00096999
2024-03-16,0.00054015,0.0007526
2024-03-17,0.00055689,0.00055596
2024-03-18,0.00077973,0.0007330500000000001
2024-03-19,0.00080006,0.00064928
2024-03-20,0.00044235,0.00036096
2024-03-21,0.00049217,0.00051021
2024-03-22,0.00038264,0.00062184
2024-03-23,0.00030806000000000003,0.00036917
2024-03-24,0.00040851,0.00047845
2024-03-25,0.00070688,0.0005420900000000001
2024-03-26,0.00067075,0.0008327
2024-03-27,0.00101939,0.00081634
2024-03-28,0.00083524,0.00111503
2024-03-29,0.00073876,0.00101776
2024-03-30,0.0008625099999999999,0.00094246
2024-03-31,0.0011254099999999999,0.00150119
2024-04-01,0.00131121,0.00116069
2024-04-02,0.00037382,0.00037676
2024-04-03,0.00030000000000000003,0.00030000000000000003
2024-04-04,0.00030000000000000003,0.00030000000000000003
2024-04-05,0.00030000000000000003,0.00030000000000000003
2024-04-06,0.00030000000000000003,0.00036732
2024-04-07,0.00030000000000000003,0.00030000000000000003
2024-04-08,0.00055189,0.0005189600000000001
2024-04-09,0.0006057899999999999,0.00050229
2024-04-10,0.00034386000000000003,0.00047349
2024-04-11,0.00053895,0.00035483
2024-04-12,0.00049102,0.00030000000000000003
2024-04-13,0.00030000000000000003,0.00030000000000000003
2024-04-14,0.00030000000000000003,0.00030000000000000003
2024-04-15,0.00021759,0.00024293
2024-04-16,0.00018991,0.00022221
2024-04-17,0.00016483,0.00010808
2024-04-18,9.585e-05,0.00012108
2024-04-19,9.401e-05,0.00017893
2024-04-20,0.00013438,0.000175
2024-04-21,9.364e-05,9.327e-05
2024-04-22,7.804e-05,6.351e-05
2024-04-23,2.9210000000000003e-05,8.8e-05
2024-04-24,0.00013761999999999997,0.00011454
2024-04-25,0.00012229,0.00012172000000000001
2024-04-26,7.956e-05,0.0001006
2024-04-27,0.00020304,0.00019381
2024-04-28,1.7070000000000004e-05,0.00025894
2024-04-29,0.00014844,0.00024797
2024-04-30,0.00028894,0.00018794
2024-05-01,0.00028848000000000003,0.00014102
2024-05-02,0.0001268,0.00017250000000000002
2024-05-03,2.7779999999999995e-05,9.658e-05
2024-05-04,0.00016423000000000002,0.00019756
2024-05-05,0.00011446000000000001,0.0002382
2024-05-06,7.316999999999999e-05,0.00024594
2024-05-07,0.00016673,0.00018348
2024-05-08,0.00019736,0.00025
2024-05-09,0.00016216,0.00030000000000000003
2024-05-10,0.00014613,0.00024177
2024-05-11,0.00017719,0.00022784999999999998
2024-05-12,0.00015434,0.00021543
2024-05-13,0.0002762,0.00025829
2024-05-14,0.00024258,0.00027264
2024-05-15,0.00011988,0.00027333
2024-05-16,0.00010794,0.00021854
2024-05-17,5.164e-05,0.00018188
2024-05-18,7.848e-05,0.00018759
2024-05-19,0.00013328,0.00019664000000000001
2024-05-20,0.00010638,0.00016230999999999998
2024-05-21,0.00030517,0.00039404
2024-05-22,0.00035758999999999997,0.00037641000000000004
2024-05-23,0.00030000000000000003,0.00030000000000000003
2024-05-24,0.00030000000000000003,0.00030000000000000003
2024-05-25,0.00030000000000000003,0.00030000000000000003
2024-05-26,0.00030000000000000003,0.00030000000000000003
2024-05-27,0.00030000000000000003,0.00030000000000000003
2024-05-28,0.00030000000000000003,0.0003219
2024-05-29,0.00032558,0.00045185
2024-05-30,0.00030000000000000003,0.00058265
2024-05-31,0.00036867000000000003,0.00033112
2024-06-01,0.00030250000000000003,0.00041697
2024-06-02,0.00030000000000000003,0.00035695
2024-06-03,0.00034135,0.00041319999999999996
2024-06-04,0.00032008000000000004,0.000308
2024-06-05,0.00039612999999999996,0.00037628
2024-06-06,0.00032208,0.00054778
2024-06-07,0.00030166000000000004,0.00046362
2024-06-08,0.00030000000000000003,0.00030000000000000003
2024-06-09,0.00030000000000000003,0.00030000000000000003
2024-06-10,0.00030000000000000003,0.00030000000000000003
2024-06-11,0.00030000000000000003,0.00030000000000000003
2024-06-12,0.00030000000000000003,0.00030000000000000003
2024-06-13,0.00030000000000000003,0.00030000000000000003
2024-06-14,0.00030000000000000003,0.00030000000000000003
2024-06-15,0.00030000000000000003,0.00030000000000000003
2024-06-16,0.00030000000000000003,0.00030000000000000003
2024-06-17,0.00030000000000000003,0.00029137
2024-06-18,0.00028236,0.00020696
2024-06-19,0.00017094,0.00026122
2024-06-20,0.00016766,0.00019557
2024-06-21,0.00020672000000000003,0.00012849
2024-06-22,0.00024146,0.00014314999999999998
2024-06-23,0.00016983,0.00014895000000000002
2024-06-24,0.00027022,0.00025082
2024-06-25,0.00021148,0.00030000000000000003
2024-06-26,0.00030000000000000003,0.00030000000000000003
2024-06-27,0.00030000000000000003,0.00030000000000000003
2024-06-28,0.00030000000000000003,0.00030000000000000003
2024-06-29,0.00030000000000000003,0.00030000000000000003
2024-06-30,0.00030000000000000003,0.00030000000000000003
2024-07-01,0.00030000000000000003,0.00030000000000000003
2024-07-02,0.00030000000000000003,0.00030000000000000003
2024-07-03,0.00030000000000000003,0.00030000000000000003
2024-07-04,0.00030000000000000003,0.00030000000000000003
2024-07-05,0.00021762000000000002,0.00024473
2024-07-06,0.00016491,0.00021451
2024-07-07,0.00028164,0.00018268
2024-07-08,0.00026126999999999997,0.0002278
2024-07-09,0.00020861000000000002,0.00014513
2024-07-10,0.0002471,0.00015459
2024-07-11,0.00030000000000000003,0.00018541
2024-07-12,0.00013441,0.00021883999999999999
2024-07-13,0.00025184000000000003,0.00027584
2024-07-14,0.00020789,0.00019546
2024-07-15,7.278e-05,0.00018386
2024-07-16,6.469e-05,0.00018837
2024-07-17,4.989999999999998e-06,0.00020001
2024-07-18,5.362e-05,0.00019964
2024-07-19,0.0001349,0.0002254
2024-07-20,4.890000000000002e-06,0.00016312
2024-07-21,-2.4730000000000002e-05,0.00018245000000000002
2024-07-22,0.00017858000000000001,0.00020436
2024-07-23,0.00013661,0.00026805000000000004
2024-07-24,0.00030000000000000003,0.00022967000000000002
2024-07-25,0.00030000000000000003,0.00013384
2024-07-26,0.0002334,0.00012099999999999999
2024-07-27,0.00023678,0.00012251999999999999
2024-07-28,0.00020161,0.00030000000000000003
2024-07-29,0.00023984,0.00028174
2024-07-30,0.00014649,0.00030000000000000003
2024-07-31,0.00014067,0.00030000000000000003
2024-08-01,0.00028208,0.00025973
2024-08-02,0.00030000000000000003,0.00019197
2024-08-03,0.00024035000000000001,0.00016233
2024-08-04,0.00025343,0.00012631
2024-08-05,0.00020396,-7.924000000000001e-05
2024-08-06,5.206e-05,-0.00014053
2024-08-07,-4.3480000000000004e-05,-9.344e-05
2024-08-08,6.87e-05,-8.897e-05
2024-08-09,0.00012024,2.5980000000000002e-05
2024-08-10,-7.27e-05,8.690000000000003e-06
2024-08-11,3.395e-05,4.37e-06
2024-08-12,7.658e-05,0.00014237
2024-08-13,2.759e-05,-2.676e-05
2024-08-14,-7.989e-05,2.5900000000000006e-06
2024-08-15,-8.33e-05,0.00013481
2024-08-16,-0.00019178999999999998,4.286e-05
2024-08-17,5.937e-05,-3.5079999999999996e-05
2024-08-18,-5.059999999999996e-06,-4.0659999999999994e-05
2024-08-19,-0.00012323,-4.3310000000000004e-05
2024-08-20,1.1199999999999994e-06,2.1999999999999993e-06
2024-08-21,-6.951e-05,7.774999999999999e-05
2024-08-22,-8.151999999999999e-05,4.608e-05
2024-08-23,-5.2550000000000003e-05,0.000125
2024-08-24,4.9e-05,4.700000000000006e-07
2024-08-25,-3.229e-05,2.5009999999999996e-05
2024-08-26,9.676e-05,0.00014161
2024-08-27,0.00012299,0.0002196
2024-08-28,-3.227e-05,-5.4010000000000006e-05
2024-08-29,-2.061e-05,9.630000000000001e-06
2024-08-30,7.441e-05,0.00010004999999999999
2024-08-31,5.6290000000000005e-05,0.00023024
2024-09-01,2.9900000000000044e-06,0.00013954
2024-09-02,-3.501e-05,8.562e-05
2024-09-03,0.00015966,0.00015769
2024-09-04,1.789e-05,0.00012778
2024-09-05,0.00013531,0.00010114999999999999
2024-09-06,3.7069999999999996e-05,0.0001254
2024-09-07,-0.00015427000000000003,2.3559999999999998e-05
2024-09-08,-7.499e-05,0.00010279
2024-09-09,-0.00018568,2.696e-05
2024-09-10,-0.00010084,-2.1430000000000003e-05
2024-09-11,-0.00016412000000000002,2.492e-05
2024-09-12,-5.447e-05,6.222e-05
2024-09-13,-3.381e-05,0.00014366999999999998
2024-09-14,-5.5140000000000004e-05,5.65e-06
2024-09-15,-8.8e-07,3.219e-05
2024-09-16,0.00012728000000000001,-4.8629999999999993e-05
2024-09-17,0.00015767,0.00015895
2024-09-18,7.67e-05,0.00010195
2024-09-19,0.00010533000000000001,0.00018384
2024-09-20,0.00013105000000000001,0.00029734
2024-09-21,0.00022872000000000002,0.00017869
2024-09-22,0.00021076,0.00020094
2024-09-23,0.00013214,0.00015845
2024-09-24,5.037e-05,0.0001338
2024-09-25,3.7e-05,0.00011705
2024-09-26,0.00017895999999999998,0.00025612
2024-09-27,0.00018997,0.00023595000000000002
2024-09-28,0.00015169,0.00023393
2024-09-29,0.00011106,0.00018953999999999998
2024-09-30,0.00021016,0.00024781
2024-10-01,0.00030000000000000003,0.00028397000000000003
2024-10-02,0.00023232,0.00026859000000000003
2024-10-03,0.00013117,0.00011163
2024-10-04,9.459e-05,0.00012777
2024-10-05,3.53e-06,0.00023367
2024-10-06,8.04e-05,0.00017599
2024-10-07,5.798e-05,0.00015230000000000002
2024-10-08,0.00013516,0.00024969
2024-10-09,0.00023077,0.0002364
2024-10-10,0.00013622,0.00026663
2024-10-11,4.770000000000002e-06,0.00025451
2024-10-12,0.00010733,0.00021795
2024-10-13,6.269e-05,0.00013649
2024-10-14,0.00025429,0.00026559
2024-10-15,0.00030000000000000003,0.00030000000000000003
2024-10-16,0.00026825000000000004,0.00030000000000000003
2024-10-17,0.00030000000000000003,0.00030000000000000003
2024-10-18,0.00030000000000000003,0.00030000000000000003
2024-10-19,0.00030000000000000003,0.00030000000000000003
2024-10-20,0.00030000000000000003,0.00030000000000000003
2024-10-21,0.00030000000000000003,0.00030000000000000003
2024-10-22,0.00030000000000000003,0.00030000000000000003
2024-10-23,0.00030000000000000003,0.00030000000000000003
2024-10-24,0.00030000000000000003,0.00030000000000000003
2024-10-25,0.00030000000000000003,0.00030000000000000003
2024-10-26,0.00022323999999999998,0.00030000000000000003
2024-10-27,0.00029724,0.00030000000000000003
2024-10-28,0.00028371,0.00030000000000000003
2024-10-29,0.00030000000000000003,0.00030000000000000003
2024-10-30,0.00030000000000000003,0.00030000000000000003
2024-10-31,0.00030000000000000003,0.00030000000000000003
2024-11-01,0.00030000000000000003,0.00030000000000000003
2024-11-02,0.00030000000000000003,0.00030000000000000003
2024-11-03,0.00030000000000000003,0.00030000000000000003
2024-11-04,0.00030000000000000003,0.00030000000000000003
2024-11-05,0.00030000000000000003,0.00030000000000000003
2024-11-06,0.00030000000000000003,0.00029511
2024-11-07,0.00030000000000000003,0.00034885
2024-11-08,0.00030000000000000003,0.00030000000000000003
2024-11-09,0.00030000000000000003,0.00030000000000000003
2024-11-10,0.00049716,0.00046708000000000003
2024-11-11,0.00056878,0.00065084
2024-11-12,0.00131624,0.00121308
2024-11-13,0.00044957,0.0006005699999999999
2024-11-14,0.00030000000000000003,0.0003058
2024-11-15,0.00030977,0.00036241
2024-11-16,0.00033231000000000005,0.00039566000000000004
2024-11-17,0.00036342000000000004,0.00039685
2024-11-18,0.00067768,0.00071278
2024-11-19,0.00069781,0.00077045
2024-11-20,0.00030000000000000003,0.00050493
2024-11-21,0.00030000000000000003,0.00040146
2024-11-22,0.00030000000000000003,0.00085504
2024-11-23,0.00030000000000000003,0.0008466700000000001
2024-11-24,0.00049376,0.00077996
2024-11-25,0.00056268,0.00072991
2024-11-26,0.0006943699999999999,0.0005494
2024-11-27,0.00058,0.00057669
2024-11-28,0.00036185,0.00042418
2024-11-29,0.00054287,0.00035354
2024-11-30,0.00037972,0.00054262
2024-12-01,0.00045482000000000004,0.00040664
2024-12-02,0.00063669,0.00093824
2024-12-03,0.00049657,0.0007545
2024-12-04,0.00076122,0.00054473
2024-12-05,0.0014713,0.00104311
2024-12-06,0.00034634,0.00066184
2024-12-07,0.00058436,0.00077988
2024-12-08,0.00051137,0.00063379
2024-12-09,0.0006256,0.00043693000000000003
2024-12-10,0.00030000000000000003,0.00030000000000000003
2024-12-11,0.00030000000000000003,0.00030000000000000003
2024-12-12,0.00030000000000000003,0.00030000000000000003
2024-12-13,0.00030000000000000003,0.00030000000000000003
2024-12-14,0.0002675,0.00030000000000000003
2024-12-15,0.00028194,0.00029404
2024-12-16,0.00029181,0.00028662
2024-12-17,0.00027866,0.00030000000000000003
2024-12-18,0.00029159,0.00028046
2024-12-19,0.00030000000000000003,0.00020915000000000002
2024-12-20,0.00030000000000000003,0.00030000000000000003
2024-12-21,0.00021206000000000003,0.00026352
2024-12-22,0.00029629,0.0002537
2024-12-23,0.00028981,0.00019758
2024-12-24,0.00030000000000000003,0.00020878000000000002
2024-12-25,0.00030000000000000003,0.00012258
2024-12-26,0.00025865,0.00026305
2024-12-27,0.00030000000000000003,0.00023777
2024-12-28,0.00022812,0.00029336
2024-12-29,0.00028013,0.00020572
2024-12-30,0.00018749,0.00030000000000000003
2024-12-31,0.00030000000000000003,0.00028514
2025-01-01,0.00030000000000000003,0.00030000000000000003
2025-01-02,0.00030000000000000003,0.00030000000000000003
2025-01-03,0.00025242,0.00030000000000000003
2025-01-04,0.00018497,0.00030000000000000003
2025-01-05,0.0002832,0.00030000000000000003
2025-01-06,0.00030000000000000003,0.00030000000000000003
2025-01-07,0.00027182,0.00030000000000000003
2025-01-08,0.00030000000000000003,0.00029658
2025-01-09,0.0001929,0.00026609
2025-01-10,0.00010983999999999999,0.00023735
2025-01-11,0.00012343,0.00022224
2025-01-12,0.00014866,0.00028134000000000004
2025-01-13,0.00013136,0.00022745
2025-01-14,0.00029496000000000004,0.00020527000000000002
2025-01-15,0.00019628,0.0001587
2025-01-16,0.00012894,0.00023586
2025-01-17,0.00017414999999999998,0.00030000000000000003
2025-01-18,0.00026707,0.00030000000000000003
2025-01-19,0.00030000000000000003,0.00030000000000000003
2025-01-20,0.00030000000000000003,0.00030000000000000003
2025-01-21,0.00030000000000000003,0.00030000000000000003
2025-01-22,0.00030000000000000003,0.00030000000000000003
2025-01-23,0.0002727,0.00030000000000000003
2025-01-24,0.00017411,0.00030000000000000003
2025-01-25,0.00021978999999999998,0.00022379
2025-01-26,0.00026806,0.00023237
2025-01-27,0.00012894,6.715e-05
2025-01-28,0.00023562000000000002,0.0001995
2025-01-29,0.00029949,0.00025253
2025-01-30,0.00027089,0.00019342
2025-01-31,0.00021225,0.00027384
2025-02-01,0.00019435,0.00021747
2025-02-02,8.343e-05,0.00020209
2025-02-03,0.00024845,-0.00038541
2025-02-04,0.0001355,-0.00017759999999999998
2025-02-05,5.923e-05,-4.9789999999999996e-05
2025-02-06,7.851e-05,-3.3430000000000003e-05
2025-02-07,0.00020139,4.147e-05
2025-02-08,-2.639e-05,0.00014568
2025-02-09,0.00016312,0.00010135
2025-02-10,0.00018435,0.00013381
2025-02-11,8.862e-05,2.452e-05
2025-02-12,0.00011156999999999999,0.00017908
2025-02-13,0.00014922,0.00020567
2025-02-14,0.00016703,0.00016314999999999998
2025-02-15,7.087e-05,9.051e-05
2025-02-16,7.371e-05,0.00013579
2025-02-17,0.00014645,0.00019259
2025-02-18,0.00029488,8.588000000000001e-05
2025-02-19,0.00023746,0.00015422
2025-02-20,0.00013035,0.00011826999999999999
2025-02-21,2.3120000000000002e-05,0.00014426
2025-02-22,0.00018784,5.237e-05
2025-02-23,8.73e-05,0.00013735
2025-02-24,5.9609999999999993e-05,0.00011133
2025-02-25,0.0001663,-2.0499999999999956e-06
2025-02-26,0.00019526,0.00011396
2025-02-27,0.00018121,0.00023542
2025-02-28,0.00018592,6.564e-05
2025-03-01,-6.98e-05,2.8630000000000002e-05
2025-03-02,-6.746000000000001e-05,0.00015496
2025-03-03,5.449999999999997e-06,2.898e-05
2025-03-04,-4.899999999999999e-06,-7.866000000000001e-05
2025-03-05,0.00011863,0.00016102
2025-03-06,0.00016769000000000002,2.773e-05
2025-03-07,-1.23e-06,6.028e-05
2025-03-08,6.909e-05,0.00013721
2025-03-09,0.00010439000000000001,0.00010495
2025-03-10,9.333e-05,1.7589999999999996e-05
2025-03-11,0.00016711,5.681000000000001e-05
2025-03-12,0.00010403999999999999,-6.34e-06
2025-03-13,5.6890000000000006e-05,7.144e-05
2025-03-14,0.00011074,0.00015962
2025-03-15,-8.745e-05,9.619e-05
2025-03-16,5.915e-05,-8.365e-05
2025-03-17,0.00010398,0.00011423
2025-03-18,6.276e-05,0.00010883
2025-03-19,0.00011185000000000001,0.00021645
2025-03-20,6.82e-05,-1.008e-05
2025-03-21,9.457e-05,0.00014597000000000001
2025-03-22,6.158e-05,-1.4319999999999995e-05
2025-03-23,5.9350000000000006e-05,7.269999999999999e-05
2025-03-24,4.129e-05,0.00011235
2025-03-25,-2.8729999999999998e-05,7.717000000000001e-05
2025-03-26,-4.413e-05,1.815e-05
2025-03-27,4.888e-05,0.00015096
2025-03-28,9.245000000000001e-05,2.546e-05
2025-03-29,0.00016108,8.323e-05
2025-03-30,5.356e-05,-1.88e-05
2025-03-31,0.00010508,4.346e-05
2025-04-01,0.00010423,5.5389999999999997e-05
2025-04-02,1.657e-05,7.893e-05
2025-04-03,0.00017384,5.1359999999999996e-05
2025-04-04,0.00017057,8.387999999999999e-05
2025-04-05,0.00016403999999999998,7.337999999999999e-05
2025-04-06,4.981e-05,5.427000000000001e-05
2025-04-07,0.00016801,-8.2e-05
2025-04-08,0.00010783,-7.120000000000001e-06
2025-04-09,0.00014172,-9.825e-05
2025-04-10,0.00014594,0.00012964
2025-04-11,1.0610000000000002e-05,-7.236e-05
2025-04-12,0.00014682,4.327e-05
2025-04-13,0.00023128,0.00018178
2025-04-14,0.00017668,0.00018684
2025-04-15,6.416000000000001e-05,4.7069999999999995e-05
2025-04-16,0.00011323000000000001,-1.1800000000000002e-05
2025-04-17,0.00010507999999999999,7.872e-05
2025-04-18,0.00011854,-1.87e-05
2025-04-19,7.001e-05,0.00013647000000000003
2025-04-20,-3.634e-05,8.130999999999999e-05
2025-04-21,0.00012188,0.00017893
2025-04-22,-3.9999999999999617e-07,4.5270000000000005e-05
2025-04-23,4.572e-05,0.00026295
2025-04-24,3.739999999999998e-06,0.00017849
2025-04-25,-1.4740000000000001e-05,0.00012785999999999999
2025-04-26,-0.00010004,-1.4410000000000001e-05
2025-04-27,-2.5810000000000002e-05,-4.954e-05
2025-04-28,-5.202e-05,-0.00013252
2025-04-29,9.45e-06,0.00012675
2025-04-30,-6.0389999999999996e-05,-0.00012536
2025-05-01,1.246e-05,0.00010653
2025-05-02,-0.00030303000000000003,-6.976000000000001e-05
2025-05-03,-4.238e-05,8.558e-05
2025-05-04,7.344e-05,7.327000000000001e-05
2025-05-05,-1.0150000000000003e-05,3.373e-05
2025-05-06,7.175000000000001e-05,1.4740000000000005e-05
2025-05-07,2.513e-05,0.00011172999999999999
2025-05-08,0.00012654000000000002,0.00023281000000000002
2025-05-09,0.00024378,0.00030000000000000003
2025-05-10,0.00023914000000000002,0.00028813
2025-05-11,0.00024150000000000002,0.00019801
2025-05-12,0.00016755,0.00022805000000000001
2025-05-13,0.00024103,0.00026233
2025-05-14,0.00020637999999999999,0.00020217
2025-05-15,9.753e-05,0.00025698
2025-05-16,0.00016807,0.00024003000000000002
2025-05-17,6.758e-05,2.999e-05
2025-05-18,0.00022645,0.00010405
2025-05-19,0.0001414,0.00010787000000000001
2025-05-20,0.00016751,0.00015994
2025-05-21,0.00021033,0.00013648000000000002
2025-05-22,0.00030000000000000003,0.00021141
2025-05-23,0.00025195999999999997,0.00019274
2025-05-24,0.00015951,0.00016147
2025-05-25,0.00018558,0.00018278
2025-05-26,0.00027113,0.00013142999999999998
2025-05-27,0.00017392,0.00024026
2025-05-28,0.00010792,0.00030000000000000003
2025-05-29,0.00014377,0.00028321
2025-05-30,0.00013863,0.00023176000000000002
2025-05-31,0.00020745,0.00014182
2025-06-01,5.87e-05,0.00014836
2025-06-02,9.418e-05,0.00015552
2025-06-03,0.00015527,0.00014727
2025-06-04,3.562e-05,0.00019910000000000001
2025-06-05,8.101e-05,0.00017263
2025-06-06,-9.516e-05,4.18e-05
2025-06-07,-5.7539999999999995e-05,0.00020908
2025-06-08,6.819000000000001e-05,0.00024217
2025-06-09,4.9170000000000005e-05,0.00012799
2025-06-10,0.00024539,0.00030000000000000003
2025-06-11,0.00022208,0.00030000000000000003
2025-06-12,0.00010301,0.00021369
2025-06-13,1.786e-05,-3.580000000000003e-06
2025-06-14,6.951e-05,6.974e-05
2025-06-15,5.167e-05,0.00017385000000000002
2025-06-16,8.799e-05,0.00017593
2025-06-17,9.834000000000001e-05,0.00014652
2025-06-18,8.635e-05,0.0001495
2025-06-19,3.8570000000000005e-05,0.00015078999999999998
2025-06-20,0.00013827000000000002,0.00019698
2025-06-21,0.0001335,-1.3580000000000002e-05
2025-06-22,0.00017028,2.1550000000000002e-05
2025-06-23,1.0190000000000002e-05,1.0179999999999999e-05
2025-06-24,2.91e-05,3.774e-05
2025-06-25,5.350000000000001e-06,3.3900000000000014e-06
2025-06-26,4.6280000000000004e-05,0.00011719999999999999
2025-06-27,6.333e-05,6.431e-05
2025-06-28,9.326e-05,0.00013105000000000001
2025-06-29,0.0001661,0.00014995
2025-06-30,8.966e-05,0.00014615
2025-07-01,6.496e-05,8.303e-05
2025-07-02,9.34e-05,0.00012052
2025-07-03,0.00013461000000000001,0.00024218000000000002
2025-07-04,0.00012035999999999999,0.00010663
2025-07-05,8.125999999999999e-05,0.00010905999999999999
2025-07-06,4.634e-05,0.00018641
2025-07-07,0.00010069000000000001,0.00016989000000000001
2025-07-08,9.237000000000001e-05,0.00016842
2025-07-09,0.00010742,0.00017942
2025-07-10,0.00020431,0.00015995
2025-07-11,0.00030000000000000003,0.00030000000000000003
2025-07-12,0.00030000000000000003,0.00021822
2025-07-13,0.00030000000000000003,0.00015763000000000002
2025-07-14,0.00028051,0.00020998000000000002
2025-07-15,0.00030000000000000003,0.00026134
2025-07-16,0.00030000000000000003,0.00030000000000000003
2025-07-17,0.00030000000000000003,0.00030000000000000003
2025-07-18,0.00030000000000000003,0.00030000000000000003
2025-07-19,0.00030000000000000003,0.00030000000000000003
2025-07-20,0.00030000000000000003,0.00030000000000000003
2025-07-21,0.00030000000000000003,0.00030000000000000003
2025-07-22,0.00030000000000000003,0.00030000000000000003
2025-07-23,0.00030000000000000003,0.00030000000000000003
2025-07-24,0.00030000000000000003,0.00030000000000000003
2025-07-25,0.00030000000000000003,0.00030000000000000003
2025-07-26,0.00030000000000000003,0.00030000000000000003
2025-07-27,0.00030000000000000003,0.00028201
2025-07-28,0.00030000000000000003,0.00030000000000000003
2025-07-29,0.00030000000000000003,0.00024494
2025-07-30,0.00030000000000000003,9.111e-05
2025-07-31,0.00025694,0.00013982
2025-08-01,5.8219999999999995e-05,2.223e-05
2025-08-02,0.00010140999999999999,0.00014417
2025-08-03,0.0001767,0.00016251999999999998
2025-08-04,0.00013819,6.443e-05
2025-08-05,0.00020474000000000002,4.633e-05
2025-08-06,0.00022735000000000002,0.00016858999999999998
2025-08-07,0.00018691999999999998,0.00020512
2025-08-08,0.00012104999999999999,0.00024260000000000002
2025-08-09,0.00023073,0.00030000000000000003
2025-08-10,0.00029849,0.00029916000000000003
2025-08-11,0.00030000000000000003,0.00028227
2025-08-12,0.00026531,0.00023659
2025-08-13,0.00027123,0.00030000000000000003
2025-08-14,0.00030000000000000003,0.00030000000000000003
2025-08-15,0.00013651,0.00026239
2025-08-16,0.00026141,0.00016925000000000002
2025-08-17,0.00014748,9.335e-05
2025-08-18,7.46e-05,0.00018782
2025-08-19,0.00016565999999999998,0.00030000000000000003
2025-08-20,0.00010842999999999999,0.00019388
2025-08-21,0.00016314,0.00014755
2025-08-22,0.00023163,0.0001905
2025-08-23,0.00029711,0.00030000000000000003
2025-08-24,0.00030000000000000003,0.00030000000000000003
2025-08-25,0.00028344000000000004,0.00011231
2025-08-26,0.00018422,1.37e-05
2025-08-27,0.00010800999999999999,5.266e-05
2025-08-28,0.00022501999999999998,0.00010783
2025-08-29,0.00010761000000000001,8.205e-05
2025-08-30,0.00023544,7.110999999999999e-05
2025-08-31,0.00013517,2.9990000000000003e-05
2025-09-01,0.00019622999999999998,-3.292e-05
2025-09-02,0.00022107,8.945e-05
2025-09-03,8.238000000000001e-05,4.874999999999999e-05
2025-09-04,0.00014134,-2.228e-05
2025-09-05,0.00025404000000000003,-6.13e-05
2025-09-06,0.00012067,5.912e-05
2025-09-07,0.00012550000000000001,0.00018219
2025-09-08,0.00023397,0.00013701000000000002
2025-09-09,0.00023799000000000002,0.00021351
2025-09-10,0.00020831000000000002,0.00024976
2025-09-11,0.00013452,0.00019842
2025-09-12,0.00016796,0.00024858
2025-09-13,3.834e-05,0.00029815
2025-09-14,0.00016077,0.00014235
2025-09-15,0.00022655,0.00017532
2025-09-16,0.0001446,0.00011103
2025-09-17,0.00021716,0.00012182999999999999
2025-09-18,0.00018077,0.00011412999999999999
2025-09-19,7.141999999999999e-05,5.17e-06
2025-09-20,2.724e-05,-7.739999999999997e-06
2025-09-21,9.829999999999996e-06,5.4949999999999994e-05
2025-09-22,0.00013246,-2.061e-05
2025-09-23,0.00021622999999999998,3.212e-05
2025-09-24,0.00016947000000000002,-1.924e-05
2025-09-25,0.00011070000000000001,-6.712000000000001e-05
2025-09-26,0.00015219000000000002,0.00016952999999999998
2025-09-27,0.00011235999999999999,0.00012779
2025-09-28,0.00013550999999999998,0.00020404
2025-09-29,3.6479999999999996e-05,3.864e-05
2025-09-30,0.0001083,8.099999999999999e-07
2025-10-01,0.00016812,2.530000000000001e-06
2025-10-02,0.00027327,8.253e-05
2025-10-03,0.00029926,0.00014837999999999999
2025-10-04,0.00028312,0.00011095
2025-10-05,0.00028214,0.00025469
2025-10-06,0.00023211,0.00027894
2025-10-07,0.00024802,0.00030000000000000003
2025-10-08,0.00017938,8.553e-05
2025-10-09,8.149e-05,9.139e-05
2025-10-10,5.677e-05,-7.099999999999983e-07
2025-10-11,0.00020467,-3.2669999999999984e-05
2025-10-12,-0.00011104999999999999,-0.00010689
2025-10-13,-3.7279999999999995e-05,7.866e-05
2025-10-14,-7.827e-05,8.647e-05
2025-10-15,-1.2269999999999996e-05,8.178e-05
2025-10-16,-7.975e-05,8.84e-06
2025-10-17,-1.21e-05,0.00011946999999999999
2025-10-18,-0.00014876,9.019e-05
2025-10-19,2.8879999999999998e-05,0.00011854
2025-10-20,-2.8800000000000002e-05,0.00013893
2025-10-21,-5.851e-05,0.00011301
2025-10-22,3.9349999999999994e-05,2.093e-05
2025-10-23,0.00015517,9.887000000000001e-05
2025-10-24,8.398e-05,0.0001338
2025-10-25,0.00012074,9.240999999999999e-05
2025-10-26,9.342000000000001e-05,0.00022079
2025-10-27,0.00027304,0.00027827
2025-10-28,0.00016857,0.00010347
2025-10-29,8.559e-05,-2.2519999999999994e-05
2025-10-30,8.108e-05,-0.00012026
2025-10-31,0.00020213000000000002,9.713e-05
2025-11-01,0.00029782,0.00023779999999999998
2025-11-02,0.00021985,0.00019214999999999998
2025-11-03,0.0001828,0.00011834000000000001
2025-11-04,0.00022147,0.00021748999999999998
2025-11-05,0.00012779,6.167e-05
2025-11-06,0.00016395,9.976000000000001e-05
2025-11-07,0.00017563,0.0002064
2025-11-08,0.00014563,0.00022623
2025-11-09,0.00011495,0.0001249
2025-11-10,0.00021204,0.00020590999999999999
2025-11-11,5.8660000000000004e-05,3.232e-05
2025-11-12,8.935e-05,6.718e-05
2025-11-13,0.00017877000000000002,0.00019288
2025-11-14,0.00026773,0.00011153
2025-11-15,0.00024430000000000003,0.00014055
2025-11-16,0.00024805,0.00027779
2025-11-17,0.00026776,0.00025992
2025-11-18,0.00023725,0.00024984
2025-11-19,0.00016488,0.00019931000000000001
2025-11-20,0.00023258,0.00021723
2025-11-21,0.00011438,0.00010722
2025-11-22,0.00013165,0.00013711
2025-11-23,3.0720000000000004e-05,3.501999999999999e-05
2025-11-24,4.904e-05,0.00012535999999999998
2025-11-25,-6.313e-05,8.2e-05
2025-11-26,9.007e-05,5.673e-05
2025-11-27,4.433e-05,5.101e-05
2025-11-28,6.075e-05,1.59e-05
2025-11-29,2.431e-05,2.932e-05
2025-11-30,0.00013518,0.00015642
2025-12-01,8.237e-05,0.00010596
2025-12-02,5.633e-05,0.00016648
2025-12-03,1.589e-05,0.0001082
2025-12-04,0.00010968,0.00025933
2025-12-05,0.00010172,0.0001706
2025-12-06,3.79e-05,8.124e-05
2025-12-07,0.00011070000000000001,4.19e-05
2025-12-08,9.401e-05,0.00014186
2025-12-09,0.00012674,0.0001537
2025-12-10,7.978e-05,0.00020891
2025-12-11,7.113e-05,9.674e-05
2025-12-12,0.00014995,2.7329999999999998e-05
2025-12-13,0.00012182,2.0450000000000002e-05
2025-12-14,0.00016671,0.00021396999999999999
2025-12-15,2.378e-05,0.0001162
2025-12-16,0.00012906000000000001,-2.3000000000000017e-06
2025-12-17,0.00021125,4.156e-05
2025-12-18,0.00013717999999999998,8.710000000000003e-06
2025-12-19,0.00025491,0.00022264
2025-12-20,0.00018405,4.8089999999999995e-05
2025-12-21,0.00022532,6.371e-05
2025-12-22,0.00015567,-2.325e-05
2025-12-23,9.659e-05,0.00013241999999999998
2025-12-24,0.00024382,0.00014398999999999998
2025-12-25,0.00022228,0.00018185
2025-12-26,0.00019805000000000002,0.00014952
2025-12-27,0.00010447000000000001,0.00011652
2025-12-28,0.00017382999999999998,0.00017877
2025-12-29,0.00024826000000000004,0.0001953
2025-12-30,0.00022958,0.00012384
2025-12-31,8.125e-05,9.889e-05
2026-01-01,0.00021711,0.00018239000000000002
2026-01-02,0.0001464,0.00018143
2026-01-03,0.00011103,0.00011839000000000001
2026-01-04,0.00019737,0.00015041000000000002
2026-01-05,0.00021846000000000002,0.00013977
2026-01-06,4.131e-05,0.00019161
2026-01-07,0.00019467,0.00018828
2026-01-08,0.00025129,0.00014751
2026-01-09,4.663e-05,0.00015985
2026-01-10,0.00019535,0.00024236
2026-01-11,0.00015081,0.00022272999999999998
2026-01-12,9.365e-05,0.00020135000000000002
2026-01-13,0.00015528,0.0001654
2026-01-14,6.702e-05,0.00028331
2026-01-15,2.908e-05,0.00015738
2026-01-16,0.00017172,9.609e-05
2026-01-17,5.805e-05,0.00022467
2026-01-18,0.00019690000000000002,7.589000000000001e-05
2026-01-19,7.91e-05,5.509e-05
2026-01-20,0.00022097,0.00015944
2026-01-21,0.00018465000000000002,2.1949999999999998e-05
2026-01-22,0.00020884,6.867e-05
2026-01-23,0.00015448,9.587e-05
2026-01-24,0.00014341,6.138e-05
2026-01-25,0.00014303999999999999,0.00014883
2026-01-26,0.0001252,-5.763000000000001e-05
2026-01-27,0.00017798,0.00025437
2026-01-28,0.00016241,0.00022757999999999999
2026-01-29,0.00017089,7.642e-05
2026-01-30,6.502e-05,1.0899999999999993e-06
2026-01-31,0.00019826,-0.00014057000000000002
2026-02-01,1.8760000000000003e-05,-0.0002232
2026-02-02,-8.688e-05,-0.00034431
2026-02-03,-4.230000000000001e-06,-0.00018375
2026-02-04,8.287999999999999e-05,-6.515e-05
2026-02-05,4.5140000000000005e-05,-2.798e-05
2026-02-06,-0.00028763,-0.00034287
2026-02-07,-0.00026410999999999996,0.00011453
2026-02-08,-0.00011813000000000001,-5.779e-05
2026-02-09,-5.513000000000001e-05,-9.232e-05
2026-02-10,-0.00022443,-0.00030378
2026-02-11,-8.186e-05,-0.0003373
2026-02-12,3.900000000000003e-06,-4.413e-05
2026-02-13,5.276e-05,-9.266e-05
2026-02-14,1.3709999999999996e-05,-7.470000000000001e-06
2026-02-15,1.225e-05,-7.713000000000002e-05
2026-02-16,-4.73e-05,-0.00014738000000000002
2026-02-17,0.00013632,1.4079999999999994e-05
2026-02-18,6.678000000000001e-05,-3.528e-05
2026-02-19,-4.3799999999999994e-05,-0.00021435
2026-02-20,5.996e-05,-0.00014987
2026-02-21,0.00010176,0.0001427
2026-02-22,5.744e-05,1.0499999999999998e-05
2026-02-23,-1.200000000000002e-06,-0.00038215
2026-02-24,4.331e-05,-4.81e-05
2026-02-25,1.4400000000000001e-05,7.856000000000001e-05
2026-02-26,8.810000000000005e-06,9.122e-05
2026-02-27,-9.770000000000002e-05,-9.290999999999999e-05
2026-02-28,-3.991e-05,-0.00025463
2026-03-01,6.823e-05,6.871e-05
2026-03-02,-3.3379999999999996e-05,-0.00018667
2026-03-03,2.7320000000000003e-05,-7.411000000000001e-05
2026-03-04,1.8129999999999994e-05,-8.840000000000003e-06
2026-03-05,8.706e-05,-3.6309999999999996e-05
2026-03-06,-3.548e-05,-7.864999999999999e-05
2026-03-07,-7.299999999999947e-07,-8.171e-05
2026-03-08,-8.479e-05,-0.00021063
2026-03-09,-0.0001378,-0.00014506
2026-03-10,5.739999999999999e-06,0.00012007000000000001
2026-03-11,-0.00022128,2.5240000000000002e-05
2026-03-12,-0.00020575,-7.422e-05
2026-03-13,8.359999999999998e-06,4.3e-05
2026-03-14,-9.218e-05,-3.7879999999999996e-05
2026-03-15,-5.685000000000001e-05,1.6799999999999975e-06
2026-03-16,0.00011667,0.00024684
2026-03-17,-3.524e-05,6.062e-05
2026-03-18,-8.964e-05,1.4060000000000001e-05
2026-03-19,-2.781e-05,-1.185e-05
2026-03-20,1.155e-05,-0.00012367
2026-03-21,-1.138e-05,5.558e-05
2026-03-22,-0.00010455999999999999,-7.329999999999999e-05
2026-03-23,-4.782e-05,-1.3500000000000057e-06
2026-03-24,0.00010960000000000001,2.3199999999999998e-05
2026-03-25,8.104999999999999e-05,-1.0100000000000005e-06
2026-03-26,1.7239999999999998e-05,-3.0440000000000007e-05
2026-03-27,-9.214e-05,-0.00023475999999999998
2026-03-28,-0.00015865,-0.00013033
2026-03-29,-1.015e-05,-8.559e-05
2026-03-30,1.55e-05,2.7040000000000002e-05
2026-03-31,-4.568e-05,1.043e-05
2026-04-01,-3.3329999999999994e-05,8.953e-05
2026-04-02,-3.0320000000000008e-05,-0.00029611
2026-04-03,-1.079e-05,-3.3089999999999997e-05
2026-04-04,9.527e-05,5.6200000000000004e-05
2026-04-05,8.108e-05,-1.2749999999999998e-05
2026-04-06,0.0001304,0.0001059
2026-04-07,0.00010781000000000001,-5.877e-05
2026-04-08,0.00011631,0.00022545
2026-04-09,3.1060000000000004e-05,3.744e-05
2026-04-10,6.819999999999999e-06,1.085e-05
2026-04-11,-0.00020062999999999998,-0.00017522
2026-04-12,-0.00012133,-7.820000000000003e-06
2026-04-13,-5.826e-05,5.0560000000000004e-05
2026-04-14,-8.355999999999999e-05,0.00023490000000000002
2026-04-15,-0.00021548999999999998,3.711e-05
2026-04-16,-8.484000000000001e-05,-0.0001065
2026-04-17,-4.711e-05,3.502e-05
2026-04-18,-0.00019766,-0.00018466
2026-04-19,-0.0002789,-0.00044791
2026-04-20,-0.00012137999999999999,-1.525e-05
2026-04-21,-0.00018003,-0.00011778
2026-04-22,5.739999999999997e-06,0.00015669000000000002
2026-04-23,-0.00018119,1.9910000000000004e-05
2026-04-24,-0.00014846,-0.0002277
2026-04-25,-0.00013011,-0.00010959
2026-04-26,5.8899999999999995e-06,-5.904e-05
2026-04-27,-0.00014088,-0.00022093999999999998
2026-04-28,-1.9129999999999995e-05,-0.00027757
2026-04-29,2.036e-05,0.0001229
2026-04-30,-8.961e-05,-0.00018445
2026-05-01,-8.699e-05,-8.008e-05
2026-05-02,-8.465e-05,-4.6439999999999996e-05
2026-05-03,1.595e-05,0.00010639
2026-05-04,9.859999999999997e-06,0.00012744
2026-05-05,-0.00013249,-0.00010887
2026-05-06,-0.00019059,-0.00016602
2026-05-07,-0.00013438,-0.00022897
2026-05-08,-6.533e-05,-7.175000000000001e-05
2026-05-09,1.6939999999999997e-05,0.00019273
2026-05-10,0.0001048,0.00024982
2026-05-11,0.00012945,0.00012813
2026-05-12,9.584e-05,8.61e-05
2026-05-13,0.00012553,6.914e-05
2026-05-14,0.00010949999999999999,0.00015413999999999998
2026-05-15,-4.5839999999999995e-05,1.092e-05
2026-05-16,8.683000000000001e-05,0.00018069
2026-05-17,5.261e-05,0.00017357
2026-05-18,0.00011825,7.736e-05
2026-05-19,0.00015536,0.00019275
2026-05-20,0.00018094999999999998,0.00013864
2026-05-21,0.00012058,0.00012236000000000001
2026-05-22,5.635e-05,0.00013962
2026-05-23,0.00010249,0.00016546
2026-05-24,0.00021599,0.00020254
2026-05-25,0.00011501999999999999,0.00014116
2026-05-26,0.00017686,0.00010659
2026-05-27,0.00028862,0.0001652
2026-05-28,0.00025011,7.947999999999999e-05
2026-05-29,0.00022093000000000001,0.00022188
2026-05-30,0.0001441,0.00017087
2026-05-31,0.00016083,0.00018313999999999998
2026-06-01,0.00020141,0.00021356
2026-06-02,0.00024335,0.00025699
2026-06-03,0.00022394,0.00019244
2026-06-04,3.147e-05,0.00016079
2026-06-05,-9.790000000000001e-06,-5.846e-05
2026-06-06,9.299999999999999e-06,-0.00014539000000000002
2026-06-07,3.209999999999998e-06,-0.00016341
2026-06-08,7.109e-05,-0.00019349
2026-06-09,2.0819999999999997e-05,-9.652e-05
2026-06-10,-4.780000000000002e-06,-0.00011788
2026-06-11,4.45e-05,-5.3620000000000005e-05
2026-06-12,1.9829999999999998e-05,-0.00010474
2026-06-13,6.355e-05,5.5950000000000005e-05
2026-06-14,-0.00012432,-3.643e-05
2026-06-15,-2.65e-05,9.042e-05
2026-06-16,-1.292e-05,4.059e-05
2026-06-17,-7.309999999999999e-05,4.64e-05
2026-06-18,5.404e-05,4.626e-05
2026-06-19,0.00010846,4.457e-05
2026-06-20,0.00012432,8.884e-05
2026-06-21,8.001e-05,6.251e-05
2026-06-22,0.00012899,6.610000000000001e-05
2026-06-23,3.807e-05,-1.149e-05
2026-06-24,4.315e-05,6.834e-05
2026-06-25,-1.6459999999999995e-05,-3.311e-05
2026-06-26,0.0001851,-3.1110000000000005e-05
2026-06-27,0.00013281,2.979e-05
2026-06-28,0.00010043,-6.412e-05
2026-06-29,0.00019214,2.175e-05
2026-06-30,0.00017851,0.00012114999999999999
2026-07-01,0.00014458,0.00013558
2026-07-02,0.000185,0.00014301
2026-07-03,0.00023740000000000002,0.00023078
2026-07-04,0.0002948,0.00022557
2026-07-05,0.00027014,0.00018728
2026-07-06,0.0002382,0.00019973999999999998
2026-07-07,0.00022617,0.00014979
2026-07-08,0.00012741,9.04e-05
2026-07-09,0.00017687,0.00015279
2026-07-10,0.00025813,0.000106
2026-07-11,0.00015098,0.00013537
2026-07-12,0.00018543999999999999,4.658e-05
2026-07-13,0.00016376999999999999,4.759e-05
2026-07-14,0.00017334999999999999,0.0001069
2026-07-15,0.00024457,0.00017576
2026-07-16,0.00016112,0.00013955
2026-07-17,0.00015204,0.00014108
2026-07-18,0.00013355,9.533e-05
2026-07-19,0.00012545999999999998,0.00010441000000000001
2026-07-20,0.00016686,7.497e-05
2026-07-21,0.00016219999999999999,0.00010309
2026-07-22,0.00010818999999999999,8.938e-05
2026-07-23,8.386e-05,-6.151e-05
2026-07-24,0.00018626,2.353e-05
2026-07-25,0.00012228,0.00011124
2026-07-26,0.00015581,2.417e-05
2026-07-27,0.00017639,0.00019767
2026-07-28,0.00011022000000000001,6.150000000000004e-06
2026-07-29,0.00023665,0.00014751
2026-07-30,0.00024769,0.00010505
2026-07-31,0.00025069000000000003,4.892e-05
2026-08-01,0.00010831,0.00014829
2026-08-02,0.0002118,9.816e-05
2026-08-03,0.00018838,0.00012795
2026-08-04,0.00017013,0.00018047
2026-08-05,5.365e-05,7.134e-05
2026-08-06,0.00015166,2.368e-05
2026-08-07,0.00011681,8.165e-05
2026-08-08,0.00016774999999999998,9.944e-05
2026-08-09,0.00018144,0.00015358
2026-08-10,0.00020461999999999998,9.688e-05
2026-08-11,0.00012544999999999999,0.00012801
2026-08-12,0.00025169,0.00023016
2026-08-13,0.00021635,0.00019664
2026-08-14,0.00015173,2.708e-05
2026-08-15,0.00018635,0.00015444
2026-08-16,7.805e-05,5.496e-05
2026-08-17,0.00020151000000000001,0.00015925
2026-08-18,0.00013834,0.00011282
2026-08-19,0.00015432,0.00016235000000000002
2026-08-20,0.00029077,0.00030000000000000003
2026-08-21,0.00020778000000000002,0.00029031
2026-08-22,0.00030000000000000003,0.00030000000000000003
2026-08-23,0.00030000000000000003,0.00030000000000000003
2026-08-24,0.00030000000000000003,0.00030000000000000003
2026-08-25,0.00025818,0.00023436000000000003
2026-08-26,0.00020752,0.00020595
2026-08-27,0.00020926,0.00017308000000000002
2026-08-28,0.00022490999999999999,7.56e-05
2026-08-29,0.00030000000000000003,0.0001047
2026-08-30,0.00025341000000000003,0.00010099
2026-08-31,0.00027271,0.00013588
2026-09-01,0.00022326,0.00015385
2026-09-02,0.00019812,0.00010371999999999999
2026-09-03,0.00022046000000000001,0.00026157999999999997
2026-09-04,0.00019511000000000002,0.00016130999999999999
2026-09-05,2.787e-05,9.965e-05
2026-09-06,8.696999999999999e-05,0.0001601
2026-09-07,8.09e-05,0.00010577
2026-09-08,0.00021751000000000002,8.967e-05
2026-09-09,0.00018703,0.00016822
2026-09-10,0.00018629999999999997,-6.884999999999999e-05
2026-09-11,0.00012721,0.0001174
2026-09-12,0.00015596000000000002,5.855e-05
2026-09-13,0.00016628,5.765e-05
2026-09-14,0.00019414,0.00016617
2026-09-15,0.00019563000000000002,-0.00011742
2026-09-16,0.00011997,-2.2130000000000003e-05
2026-09-17,0.00021166,0.00011563
2026-09-18,-0.00077475,-0.0007854299999999999
