index,filename,source_hint,kind,timestamp,author,width,height,bytes,duplicate_of,message_id,message_link,original_name,is_pinned,embed_title,embed_url,source_url,content
1,001_2026-05-06_234741_Screenshot_20260507-014653.png,phone screenshot,attachment,2026-05-06T23:47:41.204+03:00,Paladin [Will not DM],864,1207,219840,,1501686917828448277,https://discord.com/channels/1042855255089623100/1501271173588193290/1501686917828448277,Screenshot_20260507-014653.png,False,,,https://cdn.discordapp.com/attachments/1501271173588193290/1501686917392109578/Screenshot_20260507-014653.png?ex=6a89622d&is=6a8810ad&hm=94c4c769ac9c70cbff709c59d5f83ccac1fba79b1dbaae33ed8d06b65225b4a1&,"I have been trading for the past month in journals and here's my progress so far

**25** trades
**22** Wins
**3** BE 
**0** loss

Can track it all in the journal -> https://discord.com/channels/1042855255089623100/1496387902140321885/1501536396127633418

@Paladin Notify"
2,002_2026-05-08_134841_Screenshot_20260508-1547142.png,phone screenshot,attachment,2026-05-08T13:48:41.639+03:00,Paladin [Will not DM],250,86,15993,,1502260952098279615,https://discord.com/channels/1042855255089623100/1501271173588193290/1502260952098279615,Screenshot_20260508-1547142.png,False,,,https://cdn.discordapp.com/attachments/1501271173588193290/1502260952173772830/Screenshot_20260508-1547142.png?ex=6a897e89&is=6a882d09&hm=320074d4eb1c3bbb389503061ff5870fc2cea325b19e2ba91915d2f872b65a0d&,"BTC started moving, you can take 20% @ 80.5k if you want, I'll update whenever I close!"
3,003_2026-05-08_184420_Screenshot_20260508-203512.png,phone screenshot,attachment,2026-05-08T18:44:20.823+03:00,Paladin [Will not DM],386,212,25578,,1502335355628687451,https://discord.com/channels/1042855255089623100/1501271173588193290/1502335355628687451,Screenshot_20260508-203512.png,False,,,https://cdn.discordapp.com/attachments/1501271173588193290/1502335355024703628/Screenshot_20260508-203512.png?ex=6a89c3d4&is=6a887254&hm=4b1f5aaf84f67281e147dcf5430e856552990bb40607f25460ec84ebbe362acb&,"Okay let's treat as our first win 

Closing 50% UNI for 0.7 R move, I'll take personally  fully TP @ 3.7
You can hold till 4

SL @ BE 3.46

@Paladin Notify"
4,004_2026-05-08_194113_Screenshot_20260508-213947.png,phone screenshot,attachment,2026-05-08T19:41:13.533+03:00,Paladin [Will not DM],864,1240,199825,,1502349669571891250,https://discord.com/channels/1042855255089623100/1501271173588193290/1502349669571891250,Screenshot_20260508-213947.png,False,,,https://cdn.discordapp.com/attachments/1501271173588193290/1502349669311709425/Screenshot_20260508-213947.png?ex=6a89d129&is=6a887fa9&hm=6b49c1a0fd9015784e2b5a89f8ce9aae3a36dde2385411349ee01c8de9e39e81&,"Well UNI blew up, I'm fully out here @ 3.7 for around 1.4 R

Think we see 4$ by coming weekend/week

@Paladin Notify"
5,005_2026-05-09_020121_Screenshot_20260509-035346.png,phone screenshot,attachment,2026-05-09T02:01:21.318+03:00,Paladin [Will not DM],864,1171,200716,,1502445332355878943,https://discord.com/channels/1042855255089623100/1501271173588193290/1502445332355878943,Screenshot_20260509-035346.png,False,,,https://cdn.discordapp.com/attachments/1501271173588193290/1502445330833342474/Screenshot_20260509-035346.png?ex=6a898180&is=6a883000&hm=1a344757c19388f66876758c20882fd7b4a1d03f6ac6f4d0b6fa7cd02b40c45c&,"Look at them go, every ALT I mentioned here just popping off even ASTER started moving 🤣

Usually I'm already in too many trades and have to limit myself for giving positions because I feel like people don't care about risk management and jump in all in.

But if I ever mention a coin and you can do some analysis, check them out!"
6,006_2026-05-09_020121_Screenshot_20260509-035429.png,phone screenshot,attachment,2026-05-09T02:01:21.318+03:00,Paladin [Will not DM],863,1177,208450,,1502445332355878943,https://discord.com/channels/1042855255089623100/1501271173588193290/1502445332355878943,Screenshot_20260509-035429.png,False,,,https://cdn.discordapp.com/attachments/1501271173588193290/1502445331261165658/Screenshot_20260509-035429.png?ex=6a898181&is=6a883001&hm=8d18dd993f79e16b2d00820d0ec3f4af901dd77e31e3ab22a9fecf5287cf7260&,"Look at them go, every ALT I mentioned here just popping off even ASTER started moving 🤣

Usually I'm already in too many trades and have to limit myself for giving positions because I feel like people don't care about risk management and jump in all in.

But if I ever mention a coin and you can do some analysis, check them out!"
7,007_2026-05-09_020121_Screenshot_20260509-035449.png,phone screenshot,attachment,2026-05-09T02:01:21.318+03:00,Paladin [Will not DM],864,1150,207579,,1502445332355878943,https://discord.com/channels/1042855255089623100/1501271173588193290/1502445332355878943,Screenshot_20260509-035449.png,False,,,https://cdn.discordapp.com/attachments/1501271173588193290/1502445331609161789/Screenshot_20260509-035449.png?ex=6a898181&is=6a883001&hm=2642be8b6b8703da9920b3975fcb501be682296cc0a62c51621f882266c9c67c&,"Look at them go, every ALT I mentioned here just popping off even ASTER started moving 🤣

Usually I'm already in too many trades and have to limit myself for giving positions because I feel like people don't care about risk management and jump in all in.

But if I ever mention a coin and you can do some analysis, check them out!"
8,008_2026-05-09_020121_Screenshot_20260509-035511.png,phone screenshot,attachment,2026-05-09T02:01:21.318+03:00,Paladin [Will not DM],864,1179,208132,,1502445332355878943,https://discord.com/channels/1042855255089623100/1501271173588193290/1502445332355878943,Screenshot_20260509-035511.png,False,,,https://cdn.discordapp.com/attachments/1501271173588193290/1502445331911147582/Screenshot_20260509-035511.png?ex=6a898181&is=6a883001&hm=5b5546dc7972c4345df639885851fdd50ab68f23e9ec8d05a05ecd09fb8898ab&,"Look at them go, every ALT I mentioned here just popping off even ASTER started moving 🤣

Usually I'm already in too many trades and have to limit myself for giving positions because I feel like people don't care about risk management and jump in all in.

But if I ever mention a coin and you can do some analysis, check them out!"
9,009_2026-05-09_044542_Screenshot_20260509-064308.png,phone screenshot,attachment,2026-05-09T04:45:42.281+03:00,Paladin [Will not DM],609,544,172761,,1502486692232298586,https://discord.com/channels/1042855255089623100/1501271173588193290/1502486692232298586,Screenshot_20260509-064308.png,False,,,https://cdn.discordapp.com/attachments/1501271173588193290/1502486691733049495/Screenshot_20260509-064308.png?ex=6a89a806&is=6a885686&hm=50a87643da2263df4c21d0252cf864d8cf95433b8cd4cd72ee4aa3c607357a82&,"KERNEL TP1 here, next TP @ 0.0673

@Paladin Notify"
10,010_2026-05-09_044832_Screenshot_20260509-064308.png,phone screenshot,attachment,2026-05-09T04:48:32.851+03:00,Paladin [Will not DM],609,544,172761,009_2026-05-09_044542_Screenshot_20260509-064308.png,1502487407654862971,https://discord.com/channels/1042855255089623100/1501271173588193290/1502487407654862971,Screenshot_20260509-064308.png,False,,,https://cdn.discordapp.com/attachments/1501271173588193290/1502487399480037396/Screenshot_20260509-064308.png?ex=6a89a8ae&is=6a88572e&hm=0edb93456f54df50efafac24367dfd367b6e7f71b22e2563646d94c6648d2792&,"All trades running in good profits, take TP whenever you want, don't let them round trip. 

I'll update when I close."
11,011_2026-05-09_044832_Screenshot_20260509-064552.png,phone screenshot,attachment,2026-05-09T04:48:32.851+03:00,Paladin [Will not DM],599,528,170765,,1502487407654862971,https://discord.com/channels/1042855255089623100/1501271173588193290/1502487407654862971,Screenshot_20260509-064552.png,False,,,https://cdn.discordapp.com/attachments/1501271173588193290/1502487400192934048/Screenshot_20260509-064552.png?ex=6a89a8af&is=6a88572f&hm=7f8432d282eee01c049e3c9f7aad66516bc095e0d5583732c680c2150928489e&,"All trades running in good profits, take TP whenever you want, don't let them round trip. 

I'll update when I close."
12,012_2026-05-09_044832_Screenshot_20260509-064638.png,phone screenshot,attachment,2026-05-09T04:48:32.851+03:00,Paladin [Will not DM],594,549,168643,,1502487407654862971,https://discord.com/channels/1042855255089623100/1501271173588193290/1502487407654862971,Screenshot_20260509-064638.png,False,,,https://cdn.discordapp.com/attachments/1501271173588193290/1502487400440402100/Screenshot_20260509-064638.png?ex=6a89a8af&is=6a88572f&hm=c7cb9fd5c7e50f21f05226ce652587eda0bfe9e1bdd85df77020c8aa1f68071d&,"All trades running in good profits, take TP whenever you want, don't let them round trip. 

I'll update when I close."
13,013_2026-05-09_044832_Screenshot_20260509-064657.png,phone screenshot,attachment,2026-05-09T04:48:32.851+03:00,Paladin [Will not DM],612,532,166936,,1502487407654862971,https://discord.com/channels/1042855255089623100/1501271173588193290/1502487407654862971,Screenshot_20260509-064657.png,False,,,https://cdn.discordapp.com/attachments/1501271173588193290/1502487400780267540/Screenshot_20260509-064657.png?ex=6a89a8af&is=6a88572f&hm=d666cff0f074bec9c4ca29a04e3c8634342dea73c2016521edd59842e75c11f5&,"All trades running in good profits, take TP whenever you want, don't let them round trip. 

I'll update when I close."
14,014_2026-05-09_044832_Screenshot_20260509-064717.png,phone screenshot,attachment,2026-05-09T04:48:32.851+03:00,Paladin [Will not DM],612,539,173108,,1502487407654862971,https://discord.com/channels/1042855255089623100/1501271173588193290/1502487407654862971,Screenshot_20260509-064717.png,False,,,https://cdn.discordapp.com/attachments/1501271173588193290/1502487401468264540/Screenshot_20260509-064717.png?ex=6a89a8af&is=6a88572f&hm=d4a9173928f6c77bfd7aed58729d3582a7f96241d3ad0c970c3e1a6957d0ab6d&,"All trades running in good profits, take TP whenever you want, don't let them round trip. 

I'll update when I close."
15,015_2026-05-09_044832_Screenshot_20260509-063448.png,phone screenshot,attachment,2026-05-09T04:48:32.851+03:00,Paladin [Will not DM],608,545,162195,,1502487407654862971,https://discord.com/channels/1042855255089623100/1501271173588193290/1502487407654862971,Screenshot_20260509-063448.png,False,,,https://cdn.discordapp.com/attachments/1501271173588193290/1502487402013392977/Screenshot_20260509-063448.png?ex=6a89a8af&is=6a88572f&hm=1f1e24cba0a3ec79c07057057fd72acfe9904ec0cadfdea2a1ac265d226b60ff&,"All trades running in good profits, take TP whenever you want, don't let them round trip. 

I'll update when I close."
16,016_2026-05-09_045210_Screenshot_20260509-063054.png,phone screenshot,attachment,2026-05-09T04:52:10.882+03:00,Paladin [Will not DM],605,519,154839,,1502488322143162518,https://discord.com/channels/1042855255089623100/1501271173588193290/1502488322143162518,Screenshot_20260509-063054.png,False,,,https://cdn.discordapp.com/attachments/1501271173588193290/1502488321870528542/Screenshot_20260509-063054.png?ex=6a89a98a&is=6a88580a&hm=951c1adf273f9893d8b193764d9be367456b338112e71812713444f18c25e5f1&,"Also closing this trade from Journals, 100% this is gonna blow up but I have been holding for 10 days, its getting annoying. 

https://discord.com/channels/1042855255089623100/1496387902140321885/1497875763314298912

@Paladin Notify"
17,017_2026-05-09_060656_Screenshot_20260509-080604.png,phone screenshot,attachment,2026-05-09T06:06:56.774+03:00,Paladin [Will not DM],616,546,167158,,1502507137337786561,https://discord.com/channels/1042855255089623100/1501271173588193290/1502507137337786561,Screenshot_20260509-080604.png,False,,,https://cdn.discordapp.com/attachments/1501271173588193290/1502507137023082670/Screenshot_20260509-080604.png?ex=6a89bb10&is=6a886990&hm=bd04ef8dd2bedd551d6855a62bff10ed1ef4ee05c81a50615e61c408dba98b45&,"Closing BTC @ 80.4k

@Paladin Notify"
18,018_2026-05-10_184544_Screenshot_20260510-204502.png,phone screenshot,attachment,2026-05-10T18:45:44.212+03:00,Paladin [Will not DM],608,539,165264,,1503060481118568578,https://discord.com/channels/1042855255089623100/1501271173588193290/1503060481118568578,Screenshot_20260510-204502.png,False,,,https://cdn.discordapp.com/attachments/1501271173588193290/1503060480741347470/Screenshot_20260510-204502.png?ex=6a89c428&is=6a8872a8&hm=51169e8a9fa1c3c849abd5431d5f5d8e2a3bd435ac428b9bcc3a8c61959a653a&,"Alright guys good enough for a weekend scalp, closing it here!

@Paladin Notify"
19,019_2026-05-10_210123_Screenshot_20260510-224944.png,phone screenshot,attachment,2026-05-10T21:01:23.161+03:00,Paladin [Will not DM],608,527,174399,,1503094618345181387,https://discord.com/channels/1042855255089623100/1501271173588193290/1503094618345181387,Screenshot_20260510-224944.png,False,,,https://cdn.discordapp.com/attachments/1501271173588193290/1503094617804111882/Screenshot_20260510-224944.png?ex=6a89e3f3&is=6a889273&hm=fd55607295563181dc00b492c523f81de7d386e848c4db88835b88fced26d26c&,"AVNT TP1 here, fully close @ 0.1746

@Paladin Notify"
20,020_2026-05-10_221030_Screenshot_20260511-000006.png,phone screenshot,attachment,2026-05-10T22:10:30.676+03:00,Paladin [Will not DM],609,534,169171,,1503112014283673735,https://discord.com/channels/1042855255089623100/1501271173588193290/1503112014283673735,Screenshot_20260511-000006.png,False,,,https://cdn.discordapp.com/attachments/1501271173588193290/1503112014300581969/Screenshot_20260511-000006.png?ex=6a89f426&is=6a88a2a6&hm=292984923a389471195ec601d2dc58408282af53903caddd479d58933c7ebda3&,"25% here, fully exit around 1.55+ 
Will update if I see weakness

@Paladin Notify"
21,021_2026-05-10_233331_Screenshot_20260511-013234.png,phone screenshot,attachment,2026-05-10T23:33:31.407+03:00,Paladin [Will not DM],597,528,171156,,1503132904983756810,https://discord.com/channels/1042855255089623100/1501271173588193290/1503132904983756810,Screenshot_20260511-013234.png,False,,,https://cdn.discordapp.com/attachments/1501271173588193290/1503132904711262338/Screenshot_20260511-013234.png?ex=6a895edb&is=6a880d5b&hm=632375aa99dccf9f70d511afda6878e0856cd253cf636d795053569f7ab89c8d&,"Closing SNX in some profits, we're gonna have a pullback will open again after Monday 

@Paladin Notify"
22,022_2026-05-11_035837_Screenshot_20260511-055757.png,phone screenshot,attachment,2026-05-11T03:58:37.677+03:00,Paladin [Will not DM],600,531,174635,,1503199620715642910,https://discord.com/channels/1042855255089623100/1501271173588193290/1503199620715642910,Screenshot_20260511-055757.png,False,,,https://cdn.discordapp.com/attachments/1501271173588193290/1503199620434493480/Screenshot_20260511-055757.png?ex=6a899cfd&is=6a884b7d&hm=f8e84b8b459ce563e7d3d75ea0b675069bec0f88859494eb62980d18170ca8db&,"TPed, fast top short, closed.

@Paladin Notify"
23,023_2026-05-11_091224_17784798553272.jpg,other image (e.g. exchange share card),attachment,2026-05-11T09:12:24.48+03:00,Paladin [Will not DM],960,764,96946,,1503278586050777149,https://discord.com/channels/1042855255089623100/1501271173588193290/1503278586050777149,17784798553272.jpg,False,,,https://cdn.discordapp.com/attachments/1501271173588193290/1503278585798983791/17784798553272.jpg?ex=6a89e688&is=6a889508&hm=826181fe56243ed8c57b3ea860566130c8949d2e7215c8d9a65d9b63026737ff&,"And the streak continues, 20% here not moving SL to entry.

@Paladin Notify"
24,024_2026-05-11_091329_Screenshot_20260511-111236.png,phone screenshot,attachment,2026-05-11T09:13:29.89+03:00,Paladin [Will not DM],436,276,66209,,1503278860400332892,https://discord.com/channels/1042855255089623100/1501271173588193290/1503278860400332892,Screenshot_20260511-111236.png,False,,,https://cdn.discordapp.com/attachments/1501271173588193290/1503278860051939358/Screenshot_20260511-111236.png?ex=6a89e6c9&is=6a889549&hm=58a13276a1f0485c10ab72330ab8f45bafb31a8fcadb6630f6f0fc33bd2c67fb&,"I have started to scale in BTC long as well will give out once I'm confident enough 

For an idea I'm long since 80.6k SL @ 79.5k"
25,025_2026-05-11_123258_17784899060412.jpg,other image (e.g. exchange share card),attachment,2026-05-11T12:32:58.06+03:00,Paladin [Will not DM],960,793,97960,,1503329058543370330,https://discord.com/channels/1042855255089623100/1501271173588193290/1503329058543370330,17784899060412.jpg,False,,,https://cdn.discordapp.com/attachments/1501271173588193290/1503329058321076437/17784899060412.jpg?ex=6a896cca&is=6a881b4a&hm=241c97e6fe5dd67a64a9996ed2bdc1ba2c3a8ff6f56f711692936db05ebfe892&,"ZRO TP hit 

@Paladin Notify"
26,026_2026-05-11_193350_Screenshot_20260511-213326.png,phone screenshot,attachment,2026-05-11T19:33:50.297+03:00,Paladin [Will not DM],617,528,173061,,1503434974102163536,https://discord.com/channels/1042855255089623100/1501271173588193290/1503434974102163536,Screenshot_20260511-213326.png,False,,,https://cdn.discordapp.com/attachments/1501271173588193290/1503434973674209430/Screenshot_20260511-213326.png?ex=6a89cf6e&is=6a887dee&hm=0b20c2181e13f441c83e33c922d2dcf1c2056ceb733443b2f7830b3b0877f747&,
27,027_2026-05-12_061925_Screenshot_20260512-081814.png,phone screenshot,attachment,2026-05-12T06:19:25.585+03:00,Paladin [Will not DM],611,535,171992,,1503597441675558924,https://discord.com/channels/1042855255089623100/1501271173588193290/1503597441675558924,Screenshot_20260512-081814.png,False,,,https://cdn.discordapp.com/attachments/1501271173588193290/1503597441725759638/Screenshot_20260512-081814.png?ex=6a89bdfd&is=6a886c7d&hm=149081c56ec54dfd9803059a0c468a9bf48a766afa076245ee62bbd46a0f6f94&,TP1 @ 0.03737
28,028_2026-05-12_064952_Screenshot_20260512-084847.png,phone screenshot,attachment,2026-05-12T06:49:52.425+03:00,Paladin [Will not DM],596,531,175235,,1503605103997882428,https://discord.com/channels/1042855255089623100/1501271173588193290/1503605103997882428,Screenshot_20260512-084847.png,False,,,https://cdn.discordapp.com/attachments/1501271173588193290/1503605103704150047/Screenshot_20260512-084847.png?ex=6a89c520&is=6a8873a0&hm=2100f51aa95661d15ed2fa9938efebc162575c842a82e413887e6a41befe1672&,"I accidentally closed 100% here but 0.04 TP is valid, take at least 50% as this is resistance.

@Paladin Notify"
29,029_2026-05-12_065154_Screenshot_20260512-0843132.png,phone screenshot,attachment,2026-05-12T06:51:54.783+03:00,Paladin [Will not DM],864,1163,333419,,1503605617204531412,https://discord.com/channels/1042855255089623100/1501271173588193290/1503605617204531412,Screenshot_20260512-0843132.png,False,,,https://cdn.discordapp.com/attachments/1501271173588193290/1503605616965320854/Screenshot_20260512-0843132.png?ex=6a89c59a&is=6a88741a&hm=8f515b3a9982f3adb715fbfe3cb65b95bf3e392087f3f057dd2fe1b0de181c8b&,What a pump caught!
30,030_2026-05-12_151123_Screenshot_20260512-170605.png,phone screenshot,attachment,2026-05-12T15:11:23.2+03:00,Paladin [Will not DM],864,1353,238101,,1503731313855692950,https://discord.com/channels/1042855255089623100/1501271173588193290/1503731313855692950,Screenshot_20260512-170605.png,False,,,https://cdn.discordapp.com/attachments/1501271173588193290/1503731312564113562/Screenshot_20260512-170605.png?ex=6a8991ea&is=6a88406a&hm=789f3debac7944bd4a138425c2566c02d10a9efef74a15b9c5b739bf4139be5c&,"Guys I would like to clarify something since I shared this screenshot it says DEMO, I got like 5 DMs saying I'm trading on DEMO 

It is CFT funded account so it shows demo, I trade on other exchanges with real money.

Even if it's demo are the trades hitting TPs or not? Just wanted to clarify it once."
31,031_2026-05-12_151123_Screenshot_20260512-170852.png,phone screenshot,attachment,2026-05-12T15:11:23.2+03:00,Paladin [Will not DM],750,562,192589,,1503731313855692950,https://discord.com/channels/1042855255089623100/1501271173588193290/1503731313855692950,Screenshot_20260512-170852.png,False,,,https://cdn.discordapp.com/attachments/1501271173588193290/1503731313415553155/Screenshot_20260512-170852.png?ex=6a8991eb&is=6a88406b&hm=aacea7a7223b77514dfb58c7ead7ba965a32f452c6f2e7d8fcd45b4989448f76&,"Guys I would like to clarify something since I shared this screenshot it says DEMO, I got like 5 DMs saying I'm trading on DEMO 

It is CFT funded account so it shows demo, I trade on other exchanges with real money.

Even if it's demo are the trades hitting TPs or not? Just wanted to clarify it once."
32,032_2026-05-13_061316_Screenshot_20260513-081109.png,phone screenshot,attachment,2026-05-13T06:13:16.384+03:00,Paladin [Will not DM],759,216,45260,,1503958280999796848,https://discord.com/channels/1042855255089623100/1501271173588193290/1503958280999796848,Screenshot_20260513-081109.png,False,,,https://cdn.discordapp.com/attachments/1501271173588193290/1503958281452785674/Screenshot_20260513-081109.png?ex=6a89bc8c&is=6a886b0c&hm=0db37d031385ba1e66f7f7d57434c379341b998999a3f3579dd079a3b5343d0a&,"STABLE hit full TP of 0.04, 20% unleveraged move!

@Paladin Notify"
33,033_2026-05-13_121115_Screenshot_20260513-140807.png,phone screenshot,attachment,2026-05-13T12:11:15.836+03:00,Paladin [Will not DM],613,544,169818,,1504048372351504406,https://discord.com/channels/1042855255089623100/1501271173588193290/1504048372351504406,Screenshot_20260513-140807.png,False,,,https://cdn.discordapp.com/attachments/1501271173588193290/1504048373030715503/Screenshot_20260513-140807.png?ex=6a8967b3&is=6a881633&hm=576a12709221924a18b47b78a1b9d1f9a16d53f86d27cd92f783f3abdd197a82&,"Closing SOL here personally, I want to be on the safe side and keep my streak.

We already have 3 longs and they are running good enough, expect TPs soon InshaAllah!

@Paladin Notify"
34,034_2026-05-14_173030_Screenshot_20260514-192753.png,phone screenshot,attachment,2026-05-14T17:30:30.106+03:00,Paladin [Will not DM],591,532,166253,,1504491099048251594,https://discord.com/channels/1042855255089623100/1501271173588193290/1504491099048251594,Screenshot_20260514-192753.png,False,,,https://cdn.discordapp.com/attachments/1501271173588193290/1504491099396374758/Screenshot_20260514-192753.png?ex=6a89b286&is=6a886106&hm=b8b66e2b16c566801026169af6cb2de87c4e6e9155a1b0ddc9eb2c83818cf0b8&,"Closing SOL and XRP in minor profits 

BTC avg 79.2k with a DCA running in heavy profits 

@Paladin Notify"
35,035_2026-05-14_173030_Screenshot_20260514-192733.png,phone screenshot,attachment,2026-05-14T17:30:30.106+03:00,Paladin [Will not DM],609,545,166101,,1504491099048251594,https://discord.com/channels/1042855255089623100/1501271173588193290/1504491099048251594,Screenshot_20260514-192733.png,False,,,https://cdn.discordapp.com/attachments/1501271173588193290/1504491100239564940/Screenshot_20260514-192733.png?ex=6a89b286&is=6a886106&hm=30f179516c8cb4c27e542d93dc9daa5dc4741725165d23e7c07748ff894f733f&,"Closing SOL and XRP in minor profits 

BTC avg 79.2k with a DCA running in heavy profits 

@Paladin Notify"
36,036_2026-05-14_173818_Screenshot_20260514-193711.png,phone screenshot,attachment,2026-05-14T17:38:18.813+03:00,Paladin [Will not DM],612,527,176305,,1504493064947761242,https://discord.com/channels/1042855255089623100/1501271173588193290/1504493064947761242,Screenshot_20260514-193711.png,False,,,https://cdn.discordapp.com/attachments/1501271173588193290/1504493065023520859/Screenshot_20260514-193711.png?ex=6a89b45a&is=6a8862da&hm=b032f86ea27ec4534bf0b6c776874983233ef6a0d4d506e20109727896ce96cd&,"Holding onto these 🤘🏻
Let's pray we enjoy some fat profits on these!"
37,037_2026-05-14_173818_Screenshot_20260514-193728.png,phone screenshot,attachment,2026-05-14T17:38:18.813+03:00,Paladin [Will not DM],607,524,162327,,1504493064947761242,https://discord.com/channels/1042855255089623100/1501271173588193290/1504493064947761242,Screenshot_20260514-193728.png,False,,,https://cdn.discordapp.com/attachments/1501271173588193290/1504493065409138908/Screenshot_20260514-193728.png?ex=6a89b45a&is=6a8862da&hm=294dfb65de6f803de3900f33d5b84c6b36c92ab389005e3d2c5a92e4870244a4&,"Holding onto these 🤘🏻
Let's pray we enjoy some fat profits on these!"
38,038_2026-05-14_174729_Screenshot_20260514-194541.png,phone screenshot,attachment,2026-05-14T17:47:29.454+03:00,Paladin [Will not DM],863,1061,169154,,1504495374503776269,https://discord.com/channels/1042855255089623100/1501271173588193290/1504495374503776269,Screenshot_20260514-194541.png,False,,,https://cdn.discordapp.com/attachments/1501271173588193290/1504495374801567845/Screenshot_20260514-194541.png?ex=6a89b681&is=6a886501&hm=7cb91e32445556fc25ebd3e7733661d810146a23dbe6e9d5b39810541f7c5f44&,"As soon as I close XRP it booms, I'm pretty sure this will hit our target I exited early because it invalidated my setup, it almost touched my SL so better to be disciplined and get out around BE, much better than SL at least?"
39,039_2026-05-14_175031_Screenshot_20260514-195004.png,phone screenshot,attachment,2026-05-14T17:50:31.322+03:00,Paladin [Will not DM],863,264,84047,,1504496137313189919,https://discord.com/channels/1042855255089623100/1501271173588193290/1504496137313189919,Screenshot_20260514-195004.png,False,,,https://cdn.discordapp.com/attachments/1501271173588193290/1504496137850196008/Screenshot_20260514-195004.png?ex=6a89b737&is=6a8865b7&hm=e4fd61cea5e6bb59305b6023e1d47cadd6eaa4f29f474352028e16d3208eccef&,"Moving exactly like that isn't it? Higher

@Paladin Notify"
40,040_2026-05-14_180251_Screenshot_20260514-200201.png,phone screenshot,attachment,2026-05-14T18:02:51.374+03:00,Paladin [Will not DM],596,536,175054,,1504499241316253918,https://discord.com/channels/1042855255089623100/1501271173588193290/1504499241316253918,Screenshot_20260514-200201.png,False,,,https://cdn.discordapp.com/attachments/1501271173588193290/1504499241446281286/Screenshot_20260514-200201.png?ex=6a89ba1b&is=6a88689b&hm=f1a8651852859461f6d8ce0aa53206801eb2f76311c7bcc17df78bd955179e73&,"BTC closed at 81k guys, FATASS PROFITS!

Made profits back from both SLs 

@Paladin Notify"
41,041_2026-05-14_180336_Screenshot_20260514-200301.png,phone screenshot,attachment,2026-05-14T18:03:36.963+03:00,Paladin [Will not DM],602,519,165380,,1504499432530509967,https://discord.com/channels/1042855255089623100/1501271173588193290/1504499432530509967,Screenshot_20260514-200301.png,False,,,https://cdn.discordapp.com/attachments/1501271173588193290/1504499433474232380/Screenshot_20260514-200301.png?ex=6a89ba49&is=6a8868c9&hm=34d0c1ffcfb5cd05f92b86e5cb71564105702003ac6395f42a6d2eb645eb31ca&,"Took 50% from this too, you can close completely 

@Paladin Notify"
42,042_2026-05-14_181338_Screenshot_20260514-201004.png,phone screenshot,attachment,2026-05-14T18:13:38.478+03:00,Paladin [Will not DM],864,960,214331,,1504501955467153569,https://discord.com/channels/1042855255089623100/1501271173588193290/1504501955467153569,Screenshot_20260514-201004.png,False,,,https://cdn.discordapp.com/attachments/1501271173588193290/1504501955626799144/Screenshot_20260514-201004.png?ex=6a89bca2&is=6a886b22&hm=ac831da3e538cdfd893e17971027e0441cf11ea689b33d6586bc7ae117e9e7e3&,Man I'm happy not did I survived the dump but mentioned the plan on point!
43,043_2026-05-14_181342_Screenshot_20260514-200907.png,phone screenshot,attachment,2026-05-14T18:13:42.801+03:00,Paladin [Will not DM],759,212,44573,,1504501973599387790,https://discord.com/channels/1042855255089623100/1501271173588193290/1504501973599387790,Screenshot_20260514-200907.png,False,,,https://cdn.discordapp.com/attachments/1501271173588193290/1504501973834006698/Screenshot_20260514-200907.png?ex=6a89bca6&is=6a886b26&hm=35b66b45eb0f85affd025ee77a61bbdef95f05383b5066a0a900c6b278b99d77&,
44,044_2026-05-14_190351_screen-20260514-210325-1778774593947.mp4,screen recording (mp4),attachment,2026-05-14T19:03:51.715+03:00,Paladin [Will not DM],,,12443610,,1504514593899413596,https://discord.com/channels/1042855255089623100/1501271173588193290/1504514593899413596,screen-20260514-210325-1778774593947.mp4,False,,,https://cdn.discordapp.com/attachments/1501271173588193290/1504514594603929671/screen-20260514-210325-1778774593947.mp4?ex=6a89c867&is=6a8876e7&hm=84836c5f3cbed025e93714751fff2acf24306249f735a4891bf5e310aec13973&,Thankyou guys!
45,045_2026-05-14_191952_Screenshot_20260514-211824.png,phone screenshot,attachment,2026-05-14T19:19:52.109+03:00,Paladin [Will not DM],596,550,163495,,1504518622083551303,https://discord.com/channels/1042855255089623100/1501271173588193290/1504518622083551303,Screenshot_20260514-211824.png,False,,,https://cdn.discordapp.com/attachments/1501271173588193290/1504518622196924468/Screenshot_20260514-211824.png?ex=6a89cc28&is=6a887aa8&hm=fa409b0b5e5cc68b54ba6f39a0dc2aa42034d449d23fa476a0d34521678b6a79&,Completely out here after taking 50% earlier around 7.2
46,046_2026-05-14_201239_Screenshot_20260514-2205022.png,phone screenshot,attachment,2026-05-14T20:12:39.595+03:00,Paladin [Will not DM],381,211,36085,,1504531907482882189,https://discord.com/channels/1042855255089623100/1501271173588193290/1504531907482882189,Screenshot_20260514-2205022.png,False,,,https://cdn.discordapp.com/attachments/1501271173588193290/1504531907734409248/Screenshot_20260514-2205022.png?ex=6a89d887&is=6a888707&hm=afd53e80e378f09bd9a44c6c9a7c97d8698f5583076a1623402468a54a8b1ed4&,"Exactly as I mentioned, bounced around 78.5 and clarity act helped us push to 82k, told you at 79k, 82k is coming!"
47,047_2026-05-14_215401_Screenshot_20260514-235326.png,phone screenshot,attachment,2026-05-14T21:54:01.026+03:00,Paladin [Will not DM],863,1152,145789,,1504557414853115985,https://discord.com/channels/1042855255089623100/1501271173588193290/1504557414853115985,Screenshot_20260514-235326.png,False,,,https://cdn.discordapp.com/attachments/1501271173588193290/1504557414932942940/Screenshot_20260514-235326.png?ex=6a89f049&is=6a889ec9&hm=b057647498c3a78385876215cd59eb8133a5eb76d8bfb2816726d122c42c4561&,"Fumbled XRP, hit full TP, was a great setup closed early but at least the idea was right!"
48,048_2026-05-15_032030_Screenshot_20260515-051356.png,phone screenshot,attachment,2026-05-15T03:20:30.974+03:00,Paladin [Will not DM],616,543,169764,,1504639581050638448,https://discord.com/channels/1042855255089623100/1501271173588193290/1504639581050638448,Screenshot_20260515-051356.png,False,,,https://cdn.discordapp.com/attachments/1501271173588193290/1504639581142646794/Screenshot_20260515-051356.png?ex=6a89940e&is=6a88428e&hm=6b53827f26408e7a999673b2fe69a87ce575ee63e91265dfa3ad2de9e53f79a9&,"Totally forgot about this one, closing early for decent profits

HBAR and BTC holding now.

@Paladin Notify"
49,049_2026-05-16_100503_Screenshot_20260516-120450.png,phone screenshot,attachment,2026-05-16T10:05:03.26+03:00,Paladin [Will not DM],863,310,70500,,1505103774262493225,https://discord.com/channels/1042855255089623100/1501271173588193290/1505103774262493225,Screenshot_20260516-120450.png,False,,,https://cdn.discordapp.com/attachments/1501271173588193290/1505103774308372510/Screenshot_20260516-120450.png?ex=6a89f2df&is=6a88a15f&hm=10a1f633df74a942a56c2e94863ddf37fa50ba04188331e0471712b570784486&,
50,050_2026-05-17_133436_Screenshot_20260517-153149.png,phone screenshot,attachment,2026-05-17T13:34:36.402+03:00,Paladin [Will not DM],604,530,167720,,1505518897707876503,https://discord.com/channels/1042855255089623100/1501271173588193290/1505518897707876503,Screenshot_20260517-153149.png,False,,,https://cdn.discordapp.com/attachments/1501271173588193290/1505518898597068850/Screenshot_20260517-153149.png?ex=6a897b3c&is=6a8829bc&hm=5ff1ff508259cbb1b51af705cc7235038c958e47b06ff97292d5b208b548cd8f&,"ETH over 1R, you can take 25-50% here

@Paladin Notify"
51,051_2026-05-17_133715_blofin_1779014226326.png,Blofin PnL share card,attachment,2026-05-17T13:37:15.008+03:00,Paladin [Will not DM],787,484,322664,,1505519562949394503,https://discord.com/channels/1042855255089623100/1501271173588193290/1505519562949394503,blofin_1779014226326.png,False,,,https://cdn.discordapp.com/attachments/1501271173588193290/1505519563159244821/blofin_1779014226326.png?ex=6a897bdb&is=6a882a5b&hm=6c10357d9314cb947a901424174764a7a0f27fc383861de29cc6d82a76378460&,BTC moving too if anyone took that idea
52,052_2026-05-19_040219_Screenshot_20260519-055828.png,phone screenshot,attachment,2026-05-19T04:02:19.615+03:00,Paladin [Will not DM],600,545,179806,,1506099654516019330,https://discord.com/channels/1042855255089623100/1501271173588193290/1506099654516019330,Screenshot_20260519-055828.png,False,,,https://cdn.discordapp.com/attachments/1501271173588193290/1506099654691917844/Screenshot_20260519-055828.png?ex=6a899ddb&is=6a884c5b&hm=73cc255ee6afa3b7453f4d5c4f8fba64bd28971954b4311453402a23dcbbb25d&,"Take 25% SL to entry, if you have a small account close entirely here or just SL to entry and exit at first TP.

Hopefully we print big on ZEC!

@Paladin Notify"
53,053_2026-05-19_042618_blofin_1779153685809.png,Blofin PnL share card,attachment,2026-05-19T04:26:18.346+03:00,Paladin [Will not DM],787,484,323662,,1506105688991207505,https://discord.com/channels/1042855255089623100/1501271173588193290/1506105688991207505,blofin_1779153685809.png,False,,,https://cdn.discordapp.com/attachments/1501271173588193290/1506105689129357472/blofin_1779153685809.png?ex=6a89a37a&is=6a8851fa&hm=3d76f810bcb15565728ff49fec8640f28c054dd8e643cccbcf76c2435b6917e8&,"ZEC going hard, took 20% SL to entry, saving majority for TPs 

@Paladin Notify"
54,054_2026-05-19_103037_Screenshot_20260519-122717.png,phone screenshot,attachment,2026-05-19T10:30:37.799+03:00,Paladin [Will not DM],597,528,178579,,1506197374182228020,https://discord.com/channels/1042855255089623100/1501271173588193290/1506197374182228020,Screenshot_20260519-122717.png,False,,,https://cdn.discordapp.com/attachments/1501271173588193290/1506197374350131250/Screenshot_20260519-122717.png?ex=6a89501d&is=6a87fe9d&hm=ffac9b8612b51c7e7b9492ea71fe2aa032baa9855dc8cd766851a64c6c09657e&,"Well BOME exploded, TP.

@Paladin Notify"
55,055_2026-05-19_210420_blofin_1779213774283.png,Blofin PnL share card,attachment,2026-05-19T21:04:20.8+03:00,Paladin [Will not DM],787,484,323167,,1506356854207545494,https://discord.com/channels/1042855255089623100/1501271173588193290/1506356854207545494,blofin_1779213774283.png,False,,,https://cdn.discordapp.com/attachments/1501271173588193290/1506356854400221244/blofin_1779213774283.png?ex=6a89e4a4&is=6a889324&hm=ca7c6e06aa21ec7d82ec0e288a443d703ac04d31de6df57cfc725d17d9d237c6&,"ZEC TP hit, around 1R, booked majority here, I'll full TP @ 592

Decent day for a shit market

@Paladin Notify"
56,056_2026-05-20_041621_blofin_1779239695170.png,Blofin PnL share card,attachment,2026-05-20T04:16:21.722+03:00,Paladin [Will not DM],787,484,322727,,1506465574434246768,https://discord.com/channels/1042855255089623100/1501271173588193290/1506465574434246768,blofin_1779239695170.png,False,,,https://cdn.discordapp.com/attachments/1501271173588193290/1506465574681575577/blofin_1779239695170.png?ex=6a89a125&is=6a884fa5&hm=ec11fc98ab13521c361076440fbc557f96beb72282fa2afd1cb118ace39b4f12&,"Still holding this BTC trade, DCA filled trade, expecting 78k+ today so should give some good good profits!"
57,057_2026-05-20_092054_blofin_1779257847868.png,Blofin PnL share card,attachment,2026-05-20T09:20:54.358+03:00,Paladin [Will not DM],787,484,322800,,1506542215424376922,https://discord.com/channels/1042855255089623100/1501271173588193290/1506542215424376922,blofin_1779257847868.png,False,,,https://cdn.discordapp.com/attachments/1501271173588193290/1506542215495946270/blofin_1779257847868.png?ex=6a89e886&is=6a889706&hm=0e4c564c642ba6af7a98742376c07c0fdf046a77ceb17297ecda942788676902&,
58,058_2026-05-20_162321_blofin_1779282839848.png,Blofin PnL share card,attachment,2026-05-20T16:23:21.095+03:00,Paladin [Will not DM],787,484,323110,,1506648527345025034,https://discord.com/channels/1042855255089623100/1501271173588193290/1506648527345025034,blofin_1779282839848.png,False,,,https://cdn.discordapp.com/attachments/1501271173588193290/1506648527592357898/blofin_1779282839848.png?ex=6a89a2c9&is=6a885149&hm=c056c54b53b111d04922dd42bb68869d0655cb7f43920e8f05e526b8c49d2d28&,"Guys BTC already have moved around 1R, I'm trying for around 78.5k around but don't wait for me you can take partials as you like. I personally avoid partials especially on BTC 

@Paladin Notify"
59,059_2026-05-21_043048_blofin_1779326995023.png,Blofin PnL share card,attachment,2026-05-21T04:30:48.709+03:00,Paladin [Will not DM],787,484,324121,,1506831598707019827,https://discord.com/channels/1042855255089623100/1501271173588193290/1506831598707019827,blofin_1779326995023.png,False,,,https://cdn.discordapp.com/attachments/1501271173588193290/1506831599046496356/blofin_1779326995023.png?ex=6a89a488&is=6a885308&hm=d5c3713bf9851a7de221168b23388e22d1a4b155a3d4c5f1acf36b3a909173aa&,"BTC closed here, over 1R + with a DCA great profits for me

@Paladin Notify"
60,060_2026-05-21_050346_Screenshot_20260521-065728.png,phone screenshot,attachment,2026-05-21T05:03:46.308+03:00,Paladin [Will not DM],606,543,167831,,1506839893358284901,https://discord.com/channels/1042855255089623100/1501271173588193290/1506839893358284901,Screenshot_20260521-065728.png,False,,,https://cdn.discordapp.com/attachments/1501271173588193290/1506839893828042784/Screenshot_20260521-065728.png?ex=6a89ac42&is=6a885ac2&hm=c0f1b9a38ddef23578c1d695824820a73989c0eefd2a3165ec39f5bb9008ddb0&,"SUI running really well too, I'll TP @ 1.14
TP2 @ 1.23 if someone likes to hold longer"
61,061_2026-05-21_055724_Screenshot_20260521-075544.png,phone screenshot,attachment,2026-05-21T05:57:24.556+03:00,Paladin [Will not DM],607,531,169453,,1506853391668613170,https://discord.com/channels/1042855255089623100/1501271173588193290/1506853391668613170,Screenshot_20260521-075544.png,False,,,https://cdn.discordapp.com/attachments/1501271173588193290/1506853391840837652/Screenshot_20260521-075544.png?ex=6a89b8d4&is=6a886754&hm=fd8878a3bd906b18f956d7a60e439ad9a148c2353e84b8110fe21728aa87f1e8&,"SUI TP got hit immediately after this message.

Good start of the day!

@Paladin Notify"
62,062_2026-05-21_055739_blofin_1779332116390.png,Blofin PnL share card,attachment,2026-05-21T05:57:39.877+03:00,Paladin [Will not DM],787,484,321204,,1506853455929544744,https://discord.com/channels/1042855255089623100/1501271173588193290/1506853455929544744,blofin_1779332116390.png,False,,,https://cdn.discordapp.com/attachments/1501271173588193290/1506853456017883176/blofin_1779332116390.png?ex=6a89b8e3&is=6a886763&hm=296c273057745a59c719ccad12f5a6e8c711ca10bc97ac2513149bf3c345d97d&,Entry from my DCA 👇🏻
63,063_2026-05-21_061408_Screenshot_20260521-081221.png,phone screenshot,attachment,2026-05-21T06:14:08.195+03:00,Paladin [Will not DM],864,1451,390260,,1506857601235816518,https://discord.com/channels/1042855255089623100/1501271173588193290/1506857601235816518,Screenshot_20260521-081221.png,False,,,https://cdn.discordapp.com/attachments/1501271173588193290/1506857601336606780/Screenshot_20260521-081221.png?ex=6a89bcc0&is=6a886b40&hm=a4f73645ee6c90c1682b8eb9ec85ba97ab3c1f4d70535378ea07e47ae6b3edf6&,"Someone asked this in my DMs why I don't like taking partials so putting it here is my point of view, of course you don't have to agree just my style.

@Paladin Notify"
64,064_2026-05-21_202134_blofin_1779384057207.png,Blofin PnL share card,attachment,2026-05-21T20:21:34.189+03:00,Paladin [Will not DM],787,484,355596,,1507070864791703704,https://discord.com/channels/1042855255089623100/1501271173588193290/1507070864791703704,blofin_1779384057207.png,False,,,https://cdn.discordapp.com/attachments/1501271173588193290/1507070865513119754/blofin_1779384057207.png?ex=6a89da9e&is=6a88891e&hm=d50118d22eea735a134aa96024dff5970d34bc23a3d49e2f977a35647ca03cdf&,"I saw some in chat saying I'm getting rekt because everyone else is shorting 😐

@Paladin Notify"
65,065_2026-05-22_115959_Screenshot_20260522-135719.png,phone screenshot,attachment,2026-05-22T11:59:59.047+03:00,Paladin [Will not DM],863,940,216907,,1507307024482959431,https://discord.com/channels/1042855255089623100/1501271173588193290/1507307024482959431,Screenshot_20260522-135719.png,False,,,https://cdn.discordapp.com/attachments/1501271173588193290/1507307024604725309/Screenshot_20260522-135719.png?ex=6a89650f&is=6a88138f&hm=efff82778d7a0d45d5c60e2456b916ed1ea50863ecbf6149a5e51886ba9bdffa&,"Also a couple of DMs regarding not getting my notifications , or how to get them, you go and take it from #🐐｜get-notifications 

Just press 🔮 for my notifications 

Also you can choose others at a single time too for their notifications as everyone's doing their best here!

@Paladin Notify"
66,066_2026-05-22_160249_blofin_1779454878921.png,Blofin PnL share card,attachment,2026-05-22T16:02:49.857+03:00,Paladin [Will not DM],787,484,326320,,1507368138889494681,https://discord.com/channels/1042855255089623100/1501271173588193290/1507368138889494681,blofin_1779454878921.png,False,,,https://cdn.discordapp.com/attachments/1501271173588193290/1507368139351130223/blofin_1779454878921.png?ex=6a899df9&is=6a884c79&hm=7abac53a27e645df70f51d0b0d1185622e7967616e6cc8f565d4665474b25f23&,"BONK TP1, taking 20-25% only saving majority 

@Paladin Notify"
67,067_2026-05-22_164148_Screenshot_20260522-183856.png,phone screenshot,attachment,2026-05-22T16:41:48.978+03:00,Paladin [Will not DM],742,569,188114,,1507377949874192516,https://discord.com/channels/1042855255089623100/1501271173588193290/1507377949874192516,Screenshot_20260522-183856.png,False,,,https://cdn.discordapp.com/attachments/1501271173588193290/1507377950436364298/Screenshot_20260522-183856.png?ex=6a89a71d&is=6a88559d&hm=bdc3392effda80e2aa10de2d742b872efe0326e895d236e28cb70d362b6e7e0a&,"WLD missed TP by 0.002, almost missed TP, moved up 1.5 R from limit, up 0.9 from CMP 

Take 25-50% SL to entry 

@Paladin Notify"
68,068_2026-05-22_183551_Screenshot_20260522-203419.png,phone screenshot,attachment,2026-05-22T18:35:51.342+03:00,Paladin [Will not DM],756,212,46874,,1507406648829022390,https://discord.com/channels/1042855255089623100/1501271173588193290/1507406648829022390,Screenshot_20260522-203419.png,False,,,https://cdn.discordapp.com/attachments/1501271173588193290/1507406648988139680/Screenshot_20260522-203419.png?ex=6a89c1d7&is=6a887057&hm=463da6a1b2980a2fc3f9043cb3a2b0ccd90c76b72782cdb26c542bb6e5b34397&,"TP hit 1.5R from limit, 1R from CMP 

I'm out at first TP but confident weekend might give us ful TP 

@Paladin Notify"
69,069_2026-05-23_092138_Screenshot_20260523-112019.png,phone screenshot,attachment,2026-05-23T09:21:38.222+03:00,Paladin [Will not DM],373,470,47564,,1507629563000258671,https://discord.com/channels/1042855255089623100/1501271173588193290/1507629563000258671,Screenshot_20260523-112019.png,False,,,https://cdn.discordapp.com/attachments/1501271173588193290/1507629563201454150/Screenshot_20260523-112019.png?ex=6a89e8b2&is=6a889732&hm=a3bad83e343de6d951e5c05409cfcf8312925a3cba043f18f043f785d60431e7&,"Up 1.5R, took 60% to recover 1SL

@Paladin Notify"
70,070_2026-05-23_105247_Screenshot_20260523-125146.png,phone screenshot,attachment,2026-05-23T10:52:47.687+03:00,Paladin [Will not DM],353,578,47789,,1507652503599059055,https://discord.com/channels/1042855255089623100/1501271173588193290/1507652503599059055,Screenshot_20260523-125146.png,False,,,https://cdn.discordapp.com/attachments/1501271173588193290/1507652503670624359/Screenshot_20260523-125146.png?ex=6a89554f&is=6a8803cf&hm=3e534ef8d9711a31eaaf57a156493c1791cd3ec923d91043dd3a9d96623928ad&,"JCT dumped nearly 0.5 R, taking 10% only, SL to entry.

BTC may bounce so securinh my shorts, take 10-20% MAX!

@Paladin Notify"
71,071_2026-05-23_105700_Screenshot_20260523-125632.png,phone screenshot,attachment,2026-05-23T10:57:00.75+03:00,Paladin [Will not DM],389,484,39353,,1507653565022212139,https://discord.com/channels/1042855255089623100/1501271173588193290/1507653565022212139,Screenshot_20260523-125632.png,False,,,https://cdn.discordapp.com/attachments/1501271173588193290/1507653565454221372/Screenshot_20260523-125632.png?ex=6a89564c&is=6a8804cc&hm=efb691d33e98f705e9d507fe00382392b2db2045eace4484a0f29b6bbb6cfbbe&,And HYPE 0.5 R up :KEKLaugh:
72,072_2026-05-23_115021_Screenshot_20260523-134519.png,phone screenshot,attachment,2026-05-23T11:50:21.384+03:00,Paladin [Will not DM],769,212,45219,,1507666989454200832,https://discord.com/channels/1042855255089623100/1501271173588193290/1507666989454200832,Screenshot_20260523-134519.png,False,,,https://cdn.discordapp.com/attachments/1501271173588193290/1507666989634687006/Screenshot_20260523-134519.png?ex=6a8962cd&is=6a88114d&hm=11a1ee22e8bb6d727a803b77dc86ea03f4fe27cf22f8da66675c79fd87e117c9&,"HYPE up 1.2R, I'm out here, but 58 next TP for those holding 

@Paladin Notify"
73,073_2026-05-23_161556_blofin_1779542139382.png,Blofin PnL share card,attachment,2026-05-23T16:15:56.84+03:00,Paladin [Will not DM],787,484,355248,,1507733827601301525,https://discord.com/channels/1042855255089623100/1501271173588193290/1507733827601301525,blofin_1779542139382.png,False,,,https://cdn.discordapp.com/attachments/1501271173588193290/1507733827676672090/blofin_1779542139382.png?ex=6a89a10c&is=6a884f8c&hm=7495f09aa4581f719eb4ec4d1e4495c3a8f3c368f6df48cc6eebfc820164eb50&,1R soon!
74,074_2026-05-23_163655_Screenshot_20260523-183520.png,phone screenshot,attachment,2026-05-23T16:36:55.996+03:00,Paladin [Will not DM],863,1344,318719,,1507739108884348969,https://discord.com/channels/1042855255089623100/1501271173588193290/1507739108884348969,Screenshot_20260523-183520.png,False,,,https://cdn.discordapp.com/attachments/1501271173588193290/1507739109362368533/Screenshot_20260523-183520.png?ex=6a89a5f8&is=6a885478&hm=b33772ff6fe336515d73dc8f9eefff85c75bca03ec7cf77b342e0b3225d7473b&,"For those who don't know what is R, I tried explaining in the simplest way!

Also guys, I risk 1-2% on ALTs and 3-5% on BTC trades

@Paladin Notify"
75,075_2026-05-23_163814_EMBED_og-position-size-calculator.jpg,embedded link image (X/Twitter or web),embed_thumbnail,2026-05-23T16:38:14.029+03:00,Paladin [Will not DM],3748,1720,376038,,1507739436178341980,https://discord.com/channels/1042855255089623100/1501271173588193290/1507739436178341980,og-position-size-calculator.jpg,False,"Position Size Calculator - Stocks, Forex & Crypto",https://infinityalgo.com/tools/calculators/position-size-calculator,https://images-ext-1.discordapp.net/external/_rkqJdsMTRjFSK0B2M-ov6jtgj-Bpi2Lwav1j-DIKcg/https/infinityalgo.com/og-position-size-calculator.jpg,"Also guys I take my trade using risk calculators such as 

https://infinityalgo.com/tools/calculators/position-size-calculator

Learn to use risk calculator and I PROMISE YOU, YOU'LL END MONTHLY PROFITABLE WITH ME AND NEVER EVER GET LIQUIDATED.

1-2% ALTs 
3% BTC"
76,076_2026-05-23_164142_Screenshot_20260523-184000.png,phone screenshot,attachment,2026-05-23T16:41:42.606+03:00,Paladin [Will not DM],864,1431,146709,,1507740311013818418,https://discord.com/channels/1042855255089623100/1501271173588193290/1507740311013818418,Screenshot_20260523-184000.png,False,,,https://cdn.discordapp.com/attachments/1501271173588193290/1507740311097708664/Screenshot_20260523-184000.png?ex=6a89a716&is=6a885596&hm=3d42cbeafe6ebf197aa46f2d660a1b4a2210e98a62a500c01aaf37844089cb5a&,"How to use it?

Step1: Write your wallet
Step2: Write your risk %
Step3: Write your Entry SL 
Step4: It gives you a position size, how much coins or margin to long
Step5: Go to your exchange manually write down the coins or margin"
77,077_2026-05-23_164248_Screenshot_20260523-184152.png,phone screenshot,attachment,2026-05-23T16:42:48.779+03:00,Paladin [Will not DM],864,1872,226178,,1507740588563370145,https://discord.com/channels/1042855255089623100/1501271173588193290/1507740588563370145,Screenshot_20260523-184152.png,False,,,https://cdn.discordapp.com/attachments/1501271173588193290/1507740588643057724/Screenshot_20260523-184152.png?ex=6a89a758&is=6a8855d8&hm=b3baa565ce134c3d9579761a17a16ba6b1cd56f2223dd4763eb42a553cfb5e36&,Go to your exchanges and set by amount I'm doing this on blofin but every exchange has it the same.
78,078_2026-05-23_165427_Screenshot_20260523-185155.png,phone screenshot,attachment,2026-05-23T16:54:27.864+03:00,Paladin [Will not DM],863,211,24726,,1507743520738381854,https://discord.com/channels/1042855255089623100/1501271173588193290/1507743520738381854,Screenshot_20260523-185155.png,False,,,https://cdn.discordapp.com/attachments/1501271173588193290/1507743520776126464/Screenshot_20260523-185155.png?ex=6a89aa13&is=6a885893&hm=830fa6dc0daac3d406ae2b67fc25219c225d4d34fdccd4429bcb438bedda0286&,"I found this today in some account, for fun I'll do BTC scalp trades only on this and let's see if we can double it by BTC scalps only, alot of you have requested a 2x or funded challenge.

Nothing serious just for fun, don't follow it on main account I'll try to risk 10-20% which isn't healthy for your main wallet.

BTC trades only and we will try for 2x 😤"
79,079_2026-05-23_171647_Screenshot_20260523-191624.png,phone screenshot,attachment,2026-05-23T17:16:47.322+03:00,Paladin [Will not DM],863,569,100563,,1507749138832298015,https://discord.com/channels/1042855255089623100/1501271173588193290/1507749138832298015,Screenshot_20260523-191624.png,False,,,https://cdn.discordapp.com/attachments/1501271173588193290/1507749139033886731/Screenshot_20260523-191624.png?ex=6a89af4f&is=6a885dcf&hm=317e1b2bebfe711bfe21281d468835d67a454dfd304e8a8cf230e025f455e7f1&,First scalp trade.
80,080_2026-05-23_201747_Screenshot_20260523-221619.png,phone screenshot,attachment,2026-05-23T20:17:47.614+03:00,Paladin [Will not DM],864,1049,149770,,1507794690198736996,https://discord.com/channels/1042855255089623100/1501271173588193290/1507794690198736996,Screenshot_20260523-221619.png,False,,,https://cdn.discordapp.com/attachments/1501271173588193290/1507794690324430979/Screenshot_20260523-221619.png?ex=6a89d9bb&is=6a88883b&hm=5ec9f527500a3611e62fabbc4a769fe5d7bcb1c53ed8a1dbc00e0d44b8b5db25&,"HYPE TP hit, 3RR without partials, 2 RR with partials if you took it how I mentioned

This is when taking 100% TP hurts, I exited at 1.1 R but anyhow I usually always take 100% on first TP 

@Paladin Notify"
81,081_2026-05-23_211848_blofin_1779560270446.png,Blofin PnL share card,attachment,2026-05-23T21:18:48.951+03:00,Paladin [Will not DM],787,484,355735,,1507810046959161707,https://discord.com/channels/1042855255089623100/1501271173588193290/1507810046959161707,blofin_1779560270446.png,False,,,https://cdn.discordapp.com/attachments/1501271173588193290/1507810047395364934/blofin_1779560270446.png?ex=6a89e809&is=6a889689&hm=4b0f1824d4a92e947eff9a3a13df38f41d603d99bc11db293126e87f779bf8a5&,"Alright boys took some here

@Paladin Notify"
82,082_2026-05-23_234234_blofin_1779568888498.png,Blofin PnL share card,attachment,2026-05-23T23:42:34.278+03:00,Paladin [Will not DM],787,484,352160,,1507846224202694776,https://discord.com/channels/1042855255089623100/1501271173588193290/1507846224202694776,blofin_1779568888498.png,False,,,https://cdn.discordapp.com/attachments/1501271173588193290/1507846224324333608/blofin_1779568888498.png?ex=6a8960fa&is=6a880f7a&hm=54d1eae5993f56699e2bd72270dfb06368bb34ef4167f4b22c34ff00b1c29987&,"FIL TP

@Paladin Notify"
83,083_2026-05-23_234251_blofin_1779568879556.png,Blofin PnL share card,attachment,2026-05-23T23:42:51.332+03:00,Paladin [Will not DM],787,484,356189,,1507846295732228228,https://discord.com/channels/1042855255089623100/1501271173588193290/1507846295732228228,blofin_1779568879556.png,False,,,https://cdn.discordapp.com/attachments/1501271173588193290/1507846296093065216/blofin_1779568879556.png?ex=6a89610b&is=6a880f8b&hm=9e85ea3edd432156f2f28318c6a69ffab32a942bd596bcfb2e1b6f6e2eb45483&,"BTC feel free to trim wherever you want.

@Paladin Notify"
84,084_2026-05-23_234325_blofin_1779568979638.png,Blofin PnL share card,attachment,2026-05-23T23:43:25.996+03:00,Paladin [Will not DM],787,484,354573,,1507846441123709070,https://discord.com/channels/1042855255089623100/1501271173588193290/1507846441123709070,blofin_1779568979638.png,False,,,https://cdn.discordapp.com/attachments/1501271173588193290/1507846441262125117/blofin_1779568979638.png?ex=6a89612e&is=6a880fae&hm=26575c6337563ff7c491000c096bad5e1e3601905147d28461adc0874c22aa20&,"SUI nearly full TP, still holding majority, Target 1.1+ 

@Paladin Notify"
85,085_2026-05-23_235000_Screenshot_20260524-014858.png,phone screenshot,attachment,2026-05-23T23:50:00.884+03:00,Paladin [Will not DM],863,337,119796,,1507848097404027102,https://discord.com/channels/1042855255089623100/1501271173588193290/1507848097404027102,Screenshot_20260524-014858.png,False,,,https://cdn.discordapp.com/attachments/1501271173588193290/1507848097554890962/Screenshot_20260524-014858.png?ex=6a8962b8&is=6a881138&hm=07dfb76c0593f78e0da5e41f126b970b7d6ba79caf9ff55abfcd4b775245938a&,"Mentioned this in the VIPs, expecting good news, trump just announced it, ceasefire continuation on the request of gulf stayed that's why we pumped"
86,086_2026-05-23_235710_Screenshot_20260524-015655.png,phone screenshot,attachment,2026-05-23T23:57:10.821+03:00,Paladin [Will not DM],863,624,106814,,1507849900690247901,https://discord.com/channels/1042855255089623100/1501271173588193290/1507849900690247901,Screenshot_20260524-015655.png,False,,,https://cdn.discordapp.com/attachments/1501271173588193290/1507849901147553853/Screenshot_20260524-015655.png?ex=6a896466&is=6a8812e6&hm=9ded6f7660f39b4c98ebf603bd2fb4e95149440e0117a8a4b78d9941417dcd85&,Making 20% of this :KEKLaugh:
87,087_2026-05-24_000123_blofin_1779570016366.png,Blofin PnL share card,attachment,2026-05-24T00:01:23.556+03:00,Paladin [Will not DM],787,484,356043,,1507850960737927168,https://discord.com/channels/1042855255089623100/1501271173588193290/1507850960737927168,blofin_1779570016366.png,False,,,https://cdn.discordapp.com/attachments/1501271173588193290/1507850960846848010/blofin_1779570016366.png?ex=6a896563&is=6a8813e3&hm=70635ffec905cd081aff4284c320c900e889a4f84e2243cbc5a3d2c6da166d4b&,Bullish weekend
88,088_2026-05-24_000916_Screenshot_20260524-020832.png,phone screenshot,attachment,2026-05-24T00:09:16.477+03:00,Paladin [Will not DM],394,524,60637,,1507852944312373341,https://discord.com/channels/1042855255089623100/1501271173588193290/1507852944312373341,Screenshot_20260524-020832.png,False,,,https://cdn.discordapp.com/attachments/1501271173588193290/1507852944400191488/Screenshot_20260524-020832.png?ex=6a89673c&is=6a8815bc&hm=7ed96b51bf6bb2a547815d01bec6d66133a53003debc321a7ce1b2b28cf83a7c&,"Sorry for the spam but SUI hit full TP 2R since we barely took anything at TP1 

@Paladin Notify"
89,089_2026-05-24_000923_blofin_1779570355350.png,Blofin PnL share card,attachment,2026-05-24T00:09:23.188+03:00,Paladin [Will not DM],787,484,355086,,1507852972460216501,https://discord.com/channels/1042855255089623100/1501271173588193290/1507852972460216501,blofin_1779570355350.png,False,,,https://cdn.discordapp.com/attachments/1501271173588193290/1507852972766269672/blofin_1779570355350.png?ex=6a896743&is=6a8815c3&hm=734d9b2f911485ebca6f18d7be6123ff3379327e4e7eed169b9e461f41286574&,
90,090_2026-05-24_001210_blofin_1779570679706.png,Blofin PnL share card,attachment,2026-05-24T00:12:10.652+03:00,Paladin [Will not DM],787,484,356389,,1507853674855137532,https://discord.com/channels/1042855255089623100/1501271173588193290/1507853674855137532,blofin_1779570679706.png,False,,,https://cdn.discordapp.com/attachments/1501271173588193290/1507853675781951599/blofin_1779570679706.png?ex=6a8967ea&is=6a88166a&hm=65d73015592bd8d7db56229a11183cbde8016cd7a5b4f25029bc37d5f78e5a40&,"C'mon guys at least post PNLs #💲｜profit-showcase today I gave you like 5R today

@Paladin Notify"
91,091_2026-05-24_001210_blofin_1779570675950.png,Blofin PnL share card,attachment,2026-05-24T00:12:10.652+03:00,Paladin [Will not DM],787,484,356361,,1507853674855137532,https://discord.com/channels/1042855255089623100/1501271173588193290/1507853674855137532,blofin_1779570675950.png,False,,,https://cdn.discordapp.com/attachments/1501271173588193290/1507853676214095892/blofin_1779570675950.png?ex=6a8967ea&is=6a88166a&hm=9b739135b4f044327efa274883552daa6f33336f97c9429e1cecd7cbae780a5e&,"C'mon guys at least post PNLs #💲｜profit-showcase today I gave you like 5R today

@Paladin Notify"
92,092_2026-05-24_001210_blofin_1779570654702.png,Blofin PnL share card,attachment,2026-05-24T00:12:10.652+03:00,Paladin [Will not DM],787,484,354852,,1507853674855137532,https://discord.com/channels/1042855255089623100/1501271173588193290/1507853674855137532,blofin_1779570654702.png,False,,,https://cdn.discordapp.com/attachments/1501271173588193290/1507853676545314957/blofin_1779570654702.png?ex=6a8967eb&is=6a88166b&hm=cb497dd68d144150ea088fa8483e3789fe06bbf69e9afec1e302e24c70d37120&,"C'mon guys at least post PNLs #💲｜profit-showcase today I gave you like 5R today

@Paladin Notify"
93,093_2026-05-24_001210_blofin_1779570656635.png,Blofin PnL share card,attachment,2026-05-24T00:12:10.652+03:00,Paladin [Will not DM],787,484,352531,,1507853674855137532,https://discord.com/channels/1042855255089623100/1501271173588193290/1507853674855137532,blofin_1779570656635.png,False,,,https://cdn.discordapp.com/attachments/1501271173588193290/1507853676952158218/blofin_1779570656635.png?ex=6a8967eb&is=6a88166b&hm=347e63a25566fbe8b382d46da8cb4c32692adbc1132f8d54474ed0212ac56107&,"C'mon guys at least post PNLs #💲｜profit-showcase today I gave you like 5R today

@Paladin Notify"
94,094_2026-05-24_001316_Screenshot_20260524-021241.png,phone screenshot,attachment,2026-05-24T00:13:16.633+03:00,Paladin [Will not DM],758,211,46827,,1507853951599644892,https://discord.com/channels/1042855255089623100/1501271173588193290/1507853951599644892,Screenshot_20260524-021241.png,False,,,https://cdn.discordapp.com/attachments/1501271173588193290/1507853951675138089/Screenshot_20260524-021241.png?ex=6a89682c&is=6a8816ac&hm=383d1f1193fc619a9515a703ffc09270bc7b0ebf72307eae80e78b8cf36b2f02&,"Actually 8R, gave 3R on HYPE too 🤘🏻"
95,095_2026-05-24_004901_screen-20260524-024824-1779572891354.mp4,screen recording (mp4),attachment,2026-05-24T00:49:01.904+03:00,Paladin [Will not DM],,,32839273,,1507862949518381066,https://discord.com/channels/1042855255089623100/1501271173588193290/1507862949518381066,screen-20260524-024824-1779572891354.mp4,False,,,https://cdn.discordapp.com/attachments/1501271173588193290/1507862951191904318/screen-20260524-024824-1779572891354.mp4?ex=6a89708e&is=6a881f0e&hm=6e28dfb84be70c59473169ef12f059a01cb9c73556d6bfa09b83fddbf93c2e9c&,"Thank you for your trust guys, lovely to see this 🙏🏻🖤"
96,096_2026-05-24_023355_blofin_1779579009839.png,Blofin PnL share card,attachment,2026-05-24T02:33:55.746+03:00,Paladin [Will not DM],787,484,356882,,1507889347804790936,https://discord.com/channels/1042855255089623100/1501271173588193290/1507889347804790936,blofin_1779579009839.png,False,,,https://cdn.discordapp.com/attachments/1501271173588193290/1507889348001927198/blofin_1779579009839.png?ex=6a898923&is=6a8837a3&hm=5f99e0770bdcbca20d9bdc7dbe92d9556ff74ed16b547f18c084d7af11c8f2a1&,"Out of BTC completely here, took 25% earlier at 77k

@Paladin Notify"
97,097_2026-05-24_023456_Screenshot_20260524-042828.png,phone screenshot,attachment,2026-05-24T02:34:56.497+03:00,Paladin [Will not DM],863,692,123526,,1507889602613088368,https://discord.com/channels/1042855255089623100/1501271173588193290/1507889602613088368,Screenshot_20260524-042828.png,False,,,https://cdn.discordapp.com/attachments/1501271173588193290/1507889602738786376/Screenshot_20260524-042828.png?ex=6a898960&is=6a8837e0&hm=2a730aba32754da410f0ba8c7c7c1a399aa6d98132fbefdf6f51b3b098b3c237&,"Made 13$ on the 90$ account, 15% 
Let's see if we can double it!"
98,098_2026-05-24_075603_Screenshot_20260524-095437.png,phone screenshot,attachment,2026-05-24T07:56:03.021+03:00,Paladin [Will not DM],863,692,114796,,1507970412271763466,https://discord.com/channels/1042855255089623100/1501271173588193290/1507970412271763466,Screenshot_20260524-095437.png,False,,,https://cdn.discordapp.com/attachments/1501271173588193290/1507970412359975123/Screenshot_20260524-095437.png?ex=6a89d4a3&is=6a888323&hm=d38537a50fb96e4ac431377563f5f248d377cf1559913c5082f6027d40eab336&,"Long BTC 

@Paladin Notify"
99,099_2026-05-24_155806_blofin_1779627475232.png,Blofin PnL share card,attachment,2026-05-24T15:58:06.602+03:00,Paladin [Will not DM],787,484,355958,,1508091726563115028,https://discord.com/channels/1042855255089623100/1501271173588193290/1508091726563115028,blofin_1779627475232.png,False,,,https://cdn.discordapp.com/attachments/1501271173588193290/1508091726638616737/blofin_1779627475232.png?ex=6a899cde&is=6a884b5e&hm=32646b05c3e2be5d53e9bae2925b20f8db2f006f45ff2947789dd41d9c0d71ee&,In profits rn so you can adjust
100,100_2026-05-25_120818_blofin_1779700045029.png,Blofin PnL share card,attachment,2026-05-25T12:08:18.369+03:00,Paladin [Will not DM],787,484,355892,,1508396282388156586,https://discord.com/channels/1042855255089623100/1501271173588193290/1508396282388156586,blofin_1779700045029.png,False,,,https://cdn.discordapp.com/attachments/1501271173588193290/1508396282480164954/blofin_1779700045029.png?ex=6a896702&is=6a881582&hm=a5220614f71a6c7fa088fb94feea278494a646f6e885d12a5d8b8596ccc19c0f&,"Hello guys, had a really shitty day yesterday ran into some personal problems so was away 

Still holding onto this, expecting higher. Just need a closing 4h above ema 200 and we can speed up."
101,101_2026-05-25_204952_blofin_1779731360245.png,Blofin PnL share card,attachment,2026-05-25T20:49:52.06+03:00,Paladin [Will not DM],787,484,355328,,1508527537641492510,https://discord.com/channels/1042855255089623100/1501271173588193290/1508527537641492510,blofin_1779731360245.png,False,,,https://cdn.discordapp.com/attachments/1501271173588193290/1508527537897209866/blofin_1779731360245.png?ex=6a89e140&is=6a888fc0&hm=0b82bc9ccd15aaefa7116425c944f0b6a7178b75a7a9174cf3123d22e3f78efc&,"Took 30% here, let it run to 0.32-0.33

Tbh entry isn't the best so if you want to take more like 50% go for it.

@Paladin Notify"
102,102_2026-05-25_213521_blofin_1779734041963.png,Blofin PnL share card,attachment,2026-05-25T21:35:21.52+03:00,Paladin [Will not DM],787,484,356181,,1508538985826353285,https://discord.com/channels/1042855255089623100/1501271173588193290/1508538985826353285,blofin_1779734041963.png,False,,,https://cdn.discordapp.com/attachments/1501271173588193290/1508538986183000234/blofin_1779734041963.png?ex=6a89ebe9&is=6a889a69&hm=e7b1434f38aaa879adc94c8c230f8e15e310856f15b23a48ba07591e86ee0134&,"Alright guys I'm fully out at 0.32 almost 1R, you can take 50-70% here and leave runners for 0.33-0.34 I'm pretty sure this blows up soon but I like to scalp

@Paladin Notify"
103,103_2026-05-25_221451_Screenshot_20260526-001202.png,phone screenshot,attachment,2026-05-25T22:14:51.601+03:00,Paladin [Will not DM],864,1872,202579,,1508548926666440937,https://discord.com/channels/1042855255089623100/1501271173588193290/1508548926666440937,Screenshot_20260526-001202.png,False,,,https://cdn.discordapp.com/attachments/1501271173588193290/1508548926783885392/Screenshot_20260526-001202.png?ex=6a89f52b&is=6a88a3ab&hm=1a3239dc30b286542cfde9725b7a4786cc0f404e4ce35de7ffe617008f328e01&,"As I said show blows up and goes to 0.33 easily, almost 1.5R 

@Paladin Notify"
104,104_2026-05-26_134937_blofin_1779792494703.png,Blofin PnL share card,attachment,2026-05-26T13:49:37.617+03:00,Paladin [Will not DM],787,484,356525,,1508784168467828776,https://discord.com/channels/1042855255089623100/1501271173588193290/1508784168467828776,blofin_1779792494703.png,False,,,https://cdn.discordapp.com/attachments/1501271173588193290/1508784168568361010/blofin_1779792494703.png?ex=6a897ec1&is=6a882d41&hm=9a6d129af8f43eef0001426667f2c65a8aa9681f3494ebccb881f4f563e04aa6&,"50% out here

@Paladin Notify"
105,105_2026-05-26_173251_blofin_1779805777371.png,Blofin PnL share card,attachment,2026-05-26T17:32:51.858+03:00,Paladin [Will not DM],787,484,357107,,1508840347986432150,https://discord.com/channels/1042855255089623100/1501271173588193290/1508840347986432150,blofin_1779805777371.png,False,,,https://cdn.discordapp.com/attachments/1501271173588193290/1508840348116324573/blofin_1779805777371.png?ex=6a89b313&is=6a886193&hm=24d283f4351ce3149df1d7f5ec607be5b1a60c13f070980028e1c9face8cb7ec&,@Paladin Notify
106,106_2026-05-26_173408_Screenshot_20260526-193325.png,phone screenshot,attachment,2026-05-26T17:34:08.348+03:00,Paladin [Will not DM],440,211,41483,,1508840668808613990,https://discord.com/channels/1042855255089623100/1501271173588193290/1508840668808613990,Screenshot_20260526-193325.png,False,,,https://cdn.discordapp.com/attachments/1501271173588193290/1508840668951478292/Screenshot_20260526-193325.png?ex=6a89b360&is=6a8861e0&hm=ed15c164aed5f4310e4e2017aec8fb068febcd7efe0a0765edb91daf97efced3&,"TP set was 78k, dk why BLOFIN closed later, anyhow I told you we are going up no need to short, glad I held my place!"
107,107_2026-05-26_173637_Screenshot_20260526-193441.png,phone screenshot,attachment,2026-05-26T17:36:37.561+03:00,Paladin [Will not DM],863,211,21989,,1508841294653292624,https://discord.com/channels/1042855255089623100/1501271173588193290/1508841294653292624,Screenshot_20260526-193441.png,False,,,https://cdn.discordapp.com/attachments/1501271173588193290/1508841294741377166/Screenshot_20260526-193441.png?ex=6a89b3f5&is=6a886275&hm=54f61471baa70f06557d4e3f97faadd476ceaaa55187539a9ace20980f59c81a&,"89$ account update
+11.5$ from this"
108,108_2026-05-26_174539_Screenshot_20260526-192820.png,phone screenshot,attachment,2026-05-26T17:45:39.494+03:00,Paladin [Will not DM],863,592,109502,,1508843567685304464,https://discord.com/channels/1042855255089623100/1501271173588193290/1508843567685304464,Screenshot_20260526-192820.png,False,,,https://cdn.discordapp.com/attachments/1501271173588193290/1508843568284827748/Screenshot_20260526-192820.png?ex=6a89b613&is=6a886493&hm=47db2f36ee794b57d37949a0617589abf421e479a6e0b16bfc18116103abefe1&,
109,109_2026-05-26_174605_Screenshot_20260526-194401.png,phone screenshot,attachment,2026-05-26T17:46:05.195+03:00,Paladin [Will not DM],863,1344,205359,,1508843675482849353,https://discord.com/channels/1042855255089623100/1501271173588193290/1508843675482849353,Screenshot_20260526-194401.png,False,,,https://cdn.discordapp.com/attachments/1501271173588193290/1508843676183564412/Screenshot_20260526-194401.png?ex=6a89b62d&is=6a8864ad&hm=620be7bb1d55d7e599562f24166ada09cfc619a9ec37aa9fc8211631b2dc4b3f&,"What an EXIT boys!
Gotta love this memecoin :KEKLaugh: 

@Paladin Notify"
110,110_2026-05-27_095156_blofin_1779864708031.png,Blofin PnL share card,attachment,2026-05-27T09:51:56.953+03:00,Paladin [Will not DM],787,484,354609,,1509086742773502174,https://discord.com/channels/1042855255089623100/1501271173588193290/1509086742773502174,blofin_1779864708031.png,False,,,https://cdn.discordapp.com/attachments/1501271173588193290/1509086742467186759/blofin_1779864708031.png?ex=6a89efcc&is=6a889e4c&hm=41d532abeab1fb04ef830c4ebd4140062c40620244c80297441d18744f41e563&,"DCA filled, good bounce for now, will trim soon around 280+"
111,111_2026-05-27_184139_blofin_1779896439347.png,Blofin PnL share card,attachment,2026-05-27T18:41:39.851+03:00,Paladin [Will not DM],787,484,355752,,1509220049909715076,https://discord.com/channels/1042855255089623100/1501271173588193290/1509220049909715076,blofin_1779896439347.png,False,,,https://cdn.discordapp.com/attachments/1501271173588193290/1509220049607458957/blofin_1779896439347.png?ex=6a89c333&is=6a8871b3&hm=aa0cf9573602667a2c11ffba3d9b1e12e316efd94abd3450ad7dec612b636d9e&,"Guys closed just 10% here nothing serious just offloading since after DCA position is heavy, if it's not at 280 don't take anything 

Not moving SL to entry, will close soon around 282-286 so far it's strong!"
112,112_2026-05-28_204903_Screenshot_20260528-224821.png,phone screenshot,attachment,2026-05-28T20:49:03.798+03:00,Paladin [Will not DM],331,505,42991,,1509614498812788784,https://discord.com/channels/1042855255089623100/1501271173588193290/1509614498812788784,Screenshot_20260528-224821.png,False,,,https://cdn.discordapp.com/attachments/1501271173588193290/1509614498305282198/Screenshot_20260528-224821.png?ex=6a89e10f&is=6a888f8f&hm=bb051a0cf8f1bbceb6d82d006e29c5f59722c5a68091afd7b8de0560a2841d3d&,I hope you guys were laughing on ETH as an asset because it's a joke 🤣
113,113_2026-05-29_124035_1780046970024.jpg,other image (e.g. exchange share card),attachment,2026-05-29T12:40:35.711+03:00,Paladin [Will not DM],566,714,41025,,1509853959651590154,https://discord.com/channels/1042855255089623100/1501271173588193290/1509853959651590154,1780046970024.jpg,False,,,https://cdn.discordapp.com/attachments/1501271173588193290/1509853959458783253/1780046970024.jpg?ex=6a896e93&is=6a881d13&hm=dabc00efb2c9114d203793aa70433a4619d962b19f1bff1f026457d13944bfac&,"20% SL to entry, will exit fully around 2020-2030.

@Paladin Notify"
114,114_2026-05-29_183556_blofin_1780068899521.png,Blofin PnL share card,attachment,2026-05-29T18:35:56.986+03:00,Paladin [Will not DM],787,484,356192,,1509943387560869949,https://discord.com/channels/1042855255089623100/1501271173588193290/1509943387560869949,blofin_1780068899521.png,False,,,https://cdn.discordapp.com/attachments/1501271173588193290/1509943386927267993/blofin_1780068899521.png?ex=6a89c1dc&is=6a88705c&hm=f71ab5025e945650cedda1b74751d4bff55d8e66be47f266149b1d9aa15bcfd7&,"BTC 1R up if anyone likes partials, were getting 75-76k this weekend and I'm gonna TP that 😤

Ideal first TP would be 74.2k 

@Paladin Notify"
115,115_2026-05-29_191127_Screenshot_20260529-211056.png,phone screenshot,attachment,2026-05-29T19:11:27.808+03:00,Paladin [Will not DM],317,211,14585,,1509952324875976704,https://discord.com/channels/1042855255089623100/1501271173588193290/1509952324875976704,Screenshot_20260529-211056.png,False,,,https://cdn.discordapp.com/attachments/1501271173588193290/1509952324573855774/Screenshot_20260529-211056.png?ex=6a89ca2f&is=6a8878af&hm=e935787eff50a4b0dc70b6b4a524727185b03a972c74381aa58d168ea4652185&,"Sorry guys pumped too fast, you can skip this one, apologies 🙏🏻"
116,116_2026-05-30_083255_blofin_1780119030209.png,Blofin PnL share card,attachment,2026-05-30T08:32:55.23+03:00,Paladin [Will not DM],787,484,355181,,1510154018142556161,https://discord.com/channels/1042855255089623100/1501271173588193290/1510154018142556161,blofin_1780119030209.png,False,,,https://cdn.discordapp.com/attachments/1501271173588193290/1510154018025111742/blofin_1780119030209.png?ex=6a89dd47&is=6a888bc7&hm=167f035b439903258162a747a0a404c846c7c09f192b4d9f0e9ebfe8136fb0f1&,"ADA TP 

@Paladin Notify"
117,117_2026-06-01_211212_blofin_1780337435742.png,Blofin PnL share card,attachment,2026-06-01T21:12:12.634+03:00,Paladin [Will not DM],787,484,355016,,1511069875475583046,https://discord.com/channels/1042855255089623100/1501271173588193290/1511069875475583046,blofin_1780337435742.png,False,,,https://cdn.discordapp.com/attachments/1501271173588193290/1511069874992976022/blofin_1780337435742.png?ex=6a89e67c&is=6a8894fc&hm=4b9c621b9cbf946763ed5af63a804a28fb85496c0c9a1ec37c770a40de4931f1&,"Closing BTC here, will long again after daily closing better play safe too many trades running.

@Paladin Notify"
118,118_2026-06-01_211851_blofin_1780337845869.png,Blofin PnL share card,attachment,2026-06-01T21:18:51.885+03:00,Paladin [Will not DM],787,484,355570,,1511071550055514112,https://discord.com/channels/1042855255089623100/1501271173588193290/1511071550055514112,blofin_1780337845869.png,False,,,https://cdn.discordapp.com/attachments/1501271173588193290/1511071549728489532/blofin_1780337845869.png?ex=6a89e80b&is=6a88968b&hm=f9638b433a5ab3408ca73883c832e6fbdb21cd215d537b4384550a0d922b5894&,"Taking TP here, TP1 missed by 0.0001 🫩



@Paladin Notify"
119,119_2026-06-01_222147_blofin_1780341649462.png,Blofin PnL share card,attachment,2026-06-01T22:21:47.49+03:00,Paladin [Will not DM],787,484,356784,,1511087386090799164,https://discord.com/channels/1042855255089623100/1501271173588193290/1511087386090799164,blofin_1780341649462.png,False,,,https://cdn.discordapp.com/attachments/1501271173588193290/1511087385826299974/blofin_1780341649462.png?ex=6a894e0b&is=6a87fc8b&hm=ee0156170c8b3958c92cb73006613949d591f17b4d406fd1a1f2ac19a8798aae&,"BNB nearly 1R up, take TP whenever happy I'm trying for 700+"
120,120_2026-06-01_232424_blofin_1780345373438.png,Blofin PnL share card,attachment,2026-06-01T23:24:24.207+03:00,Paladin [Will not DM],787,484,356148,,1511103142903676929,https://discord.com/channels/1042855255089623100/1501271173588193290/1511103142903676929,blofin_1780345373438.png,False,,,https://cdn.discordapp.com/attachments/1501271173588193290/1511103142597755040/blofin_1780345373438.png?ex=6a895cb8&is=6a880b38&hm=209fd8996f6ba29264aafd7b312b9b4863806e4403d4c1a01f1d38e3a34ee066&,"Up 1.2R take 10-20% only, save MAJORITY!

@Paladin Notify"
121,121_2026-06-02_070626_blofin_1780373072392.png,Blofin PnL share card,attachment,2026-06-02T07:06:26.06+03:00,Paladin [Will not DM],787,484,356151,,1511219416782737429,https://discord.com/channels/1042855255089623100/1501271173588193290/1511219416782737429,blofin_1780373072392.png,False,,,https://cdn.discordapp.com/attachments/1501271173588193290/1511219416434741348/blofin_1780373072392.png?ex=6a89c901&is=6a887781&hm=f994c9b641597b0d537b8c3a1cb4ff56caea7a1857473ed45a873a3754d8dbfe&,"Finally TP hit, 0.8 R, XPL looks very pumpy now but I'm done with this coin.

@Paladin Notify"
122,122_2026-06-03_091121_blofin_1780466878597.png,Blofin PnL share card,attachment,2026-06-03T09:11:21.547+03:00,Paladin [Will not DM],787,484,354393,,1511613242999308458,https://discord.com/channels/1042855255089623100/1501271173588193290/1511613242999308458,blofin_1780466878597.png,False,,,https://cdn.discordapp.com/attachments/1501271173588193290/1511613242743717958/blofin_1780466878597.png?ex=6a89e649&is=6a8894c9&hm=608aa1abd6d39b55df77340d089fab8be7275557b7e430b10b4d30ced539cb17&,"NEAR 1R up if anyone tried a long on it, take 50% here, I close full around 3

@Paladin Notify"
123,123_2026-06-03_135538_blofin_1780484078843.png,Blofin PnL share card,attachment,2026-06-03T13:55:38.967+03:00,Paladin [Will not DM],787,484,355098,,1511684787004248166,https://discord.com/channels/1042855255089623100/1501271173588193290/1511684787004248166,blofin_1780484078843.png,False,,,https://cdn.discordapp.com/attachments/1501271173588193290/1511684786710904852/blofin_1780484078843.png?ex=6a89802a&is=6a882eaa&hm=9d45ce9b763d4980b5d694469a761f747690691ea34909bb753064001cad11ce&,"TP hit, Fully exiting NEAR if someone took and held, pumped exactly 10% as mentioned!

@Paladin Notify"
124,124_2026-06-03_181149_blofin_1780499470532.png,Blofin PnL share card,attachment,2026-06-03T18:11:49.927+03:00,Paladin [Will not DM],787,484,350890,,1511749257483386990,https://discord.com/channels/1042855255089623100/1501271173588193290/1511749257483386990,blofin_1780499470532.png,False,,,https://cdn.discordapp.com/attachments/1501271173588193290/1511749257126740189/blofin_1780499470532.png?ex=6a89bc35&is=6a886ab5&hm=38f3cacd04feda13a8a825a16ab2807723a22126c83c4f446b8e8ce4bc1abfc4&,Up 1.1R if you wanna trim some but take maximum 25%-30% keep majority!
125,125_2026-06-03_190617_blofin_1780502702701.png,Blofin PnL share card,attachment,2026-06-03T19:06:17.582+03:00,Paladin [Will not DM],787,484,355635,,1511762963021824001,https://discord.com/channels/1042855255089623100/1501271173588193290/1511762963021824001,blofin_1780502702701.png,False,,,https://cdn.discordapp.com/attachments/1501271173588193290/1511762962761912471/blofin_1780502702701.png?ex=6a89c8f9&is=6a887779&hm=f754dfda4c287ef5a0a29c6e8ddb0f45aa84725602ceb3aa5a5766e34bb76111&,"Up 1.6R, I'm removing my TP @ 18 and will close manually, trying for a 3R or around 17.5 on this

Also move BTC SL to 65k

Gold moved 1R as well.

@Paladin Notify"
126,126_2026-06-03_194724_blofin_1780505144817.png,Blofin PnL share card,attachment,2026-06-03T19:47:24.549+03:00,Paladin [Will not DM],787,484,357262,,1511773310231384267,https://discord.com/channels/1042855255089623100/1501271173588193290/1511773310231384267,blofin_1780505144817.png,False,,,https://cdn.discordapp.com/attachments/1501271173588193290/1511773309694640268/blofin_1780505144817.png?ex=6a89d29c&is=6a88811c&hm=2e62236a54123303bdfda5f80189171430d11506644689a7d27bdbd38d3c2f5d&,"Closed DEXE fully here for +1.6 R, no partials full R

@Paladin Notify"
127,127_2026-06-03_204129_Screenshot_20260603-224008.png,phone screenshot,attachment,2026-06-03T20:41:29.017+03:00,Paladin [Will not DM],864,1201,165041,,1511786918516363305,https://discord.com/channels/1042855255089623100/1501271173588193290/1511786918516363305,Screenshot_20260603-224008.png,False,,,https://cdn.discordapp.com/attachments/1501271173588193290/1511786918579535912/Screenshot_20260603-224008.png?ex=6a89df49&is=6a888dc9&hm=c7148dfbe7a16290627576bf3b713f20e55c520c7d95ef0fd48e58a314d16af3&,"Shit just hit my extended TP, should have held, anyhow on to next.

If you guys don't worry about win rate a bit too much I can share even higher RR trades but I'll try to keep it at least 70% above!"
128,128_2026-06-04_085237_Screenshot_20260604-105055.png,phone screenshot,attachment,2026-06-04T08:52:37.168+03:00,Paladin [Will not DM],374,544,61384,,1511970914877833256,https://discord.com/channels/1042855255089623100/1501271173588193290/1511970914877833256,Screenshot_20260604-105055.png,False,,,https://cdn.discordapp.com/attachments/1501271173588193290/1511970914294562866/Screenshot_20260604-105055.png?ex=6a89e1e5&is=6a889065&hm=4aaf9c2144d2aa4e29198e44b3929f17e88b4130cdc57d6cf966ed4880040432&,"Closing here for 0.5R, I went heavy

@Paladin Notify"
129,129_2026-06-04_153344_Screenshot_20260604-173148.png,phone screenshot,attachment,2026-06-04T15:33:44.9+03:00,Paladin [Will not DM],756,218,43413,,1512071862262300896,https://discord.com/channels/1042855255089623100/1501271173588193290/1512071862262300896,Screenshot_20260604-173148.png,False,,,https://cdn.discordapp.com/attachments/1501271173588193290/1512071861687554259/Screenshot_20260604-173148.png?ex=6a899728&is=6a8845a8&hm=a7882951439e23e65a1c66f73d1422fee726c62accf2d1a0f41549c335c320b1&,"Closing BTC @ 63.6k with a DCA in, good gains for a scalp!
@Paladin Notify"
130,130_2026-06-04_155449_Screenshot_20260604-175436.png,phone screenshot,attachment,2026-06-04T15:54:49.419+03:00,Paladin [Will not DM],863,508,277981,,1512077166039273542,https://discord.com/channels/1042855255089623100/1501271173588193290/1512077166039273542,Screenshot_20260604-175436.png,False,,,https://cdn.discordapp.com/attachments/1501271173588193290/1512077165615644744/Screenshot_20260604-175436.png?ex=6a899c19&is=6a884a99&hm=07932bd7560216e0d4b787c2530236a901c1111b04167ad06a87347c876ec055&,
131,131_2026-06-08_012214_Screenshot_20260608-032115.png,phone screenshot,attachment,2026-06-08T01:22:14.2+03:00,Paladin [Will not DM],353,328,34354,,1513307123797196841,https://discord.com/channels/1042855255089623100/1501271173588193290/1513307123797196841,Screenshot_20260608-032115.png,False,,,https://cdn.discordapp.com/attachments/1501271173588193290/1513307123910578206/Screenshot_20260608-032115.png?ex=6a897856&is=6a8826d6&hm=80a99bff3b7c5c3f102b7144325dcac657dbcea24c1f303fdc3c0f1d3b3e0755&,"Guys patience fkin paid off, I took 100% at  64.1k 

@Paladin Notify"
132,132_2026-06-08_012415_Screenshot_20260608-032322.png,phone screenshot,attachment,2026-06-08T01:24:15.82+03:00,Paladin [Will not DM],863,1390,231046,,1513307633908580482,https://discord.com/channels/1042855255089623100/1501271173588193290/1513307633908580482,Screenshot_20260608-032322.png,False,,,https://cdn.discordapp.com/attachments/1501271173588193290/1513307633640280155/Screenshot_20260608-032322.png?ex=6a8978cf&is=6a88274f&hm=ee0475cf45ced42542a70beb993247d26863b4dbc45cad798fdbb53c151f7644&,"Caught a 2k move without any partials, 3rd win on BTC in a row 🎯 

Just to show I didn't take partials, straight away booked at top @ 64!"
133,133_2026-06-08_053915_Screenshot_20260608-073844.png,phone screenshot,attachment,2026-06-08T05:39:15.29+03:00,Paladin [Will not DM],864,1310,205137,,1513371804536799262,https://discord.com/channels/1042855255089623100/1501271173588193290/1513371804536799262,Screenshot_20260608-073844.png,False,,,https://cdn.discordapp.com/attachments/1501271173588193290/1513371804213842080/Screenshot_20260608-073844.png?ex=6a89b493&is=6a886313&hm=b105fc3b60837334bfa3af7c09f30d1b878f7cec709fc3667c1ce9418b25cd0f&,"Damn what a scam wick, should dump now!"
134,134_2026-06-09_111410_blofin_1780992787707.png,Blofin PnL share card,attachment,2026-06-09T11:14:10.169+03:00,Paladin [Will not DM],787,484,356278,,1513818476433641482,https://discord.com/channels/1042855255089623100/1501271173588193290/1513818476433641482,blofin_1780992787707.png,False,,,https://cdn.discordapp.com/attachments/1501271173588193290/1513818476022861914/blofin_1780992787707.png?ex=6a895a52&is=6a8808d2&hm=368ad4d34bda7ec16bf6504df18f79ee19e1f46ce0c8f898a07ba01c705340d6&,"Moved 2.5R, rn at 1.8R, I was asleep, take profits where happy I'll update where I close

@Paladin Notify"
135,135_2026-06-09_135422_Screenshot_20260609-155306.png,phone screenshot,attachment,2026-06-09T13:54:22.957+03:00,Paladin [Will not DM],332,314,31298,,1513858795388796938,https://discord.com/channels/1042855255089623100/1501271173588193290/1513858795388796938,Screenshot_20260609-155306.png,False,,,https://cdn.discordapp.com/attachments/1501271173588193290/1513858795103719464/Screenshot_20260609-155306.png?ex=6a897fde&is=6a882e5e&hm=af564cea343e6079162185d91e25e959d6c87a7d34245302e7b059cbb7792b89&,"Closing BTC in small profits @ 62.6k, keeps missing DCA and keeps coming back to entry.

4th win a row on BTC though 

@Paladin Notify"
136,136_2026-06-09_165029_Screenshot_20260609-184919.png,phone screenshot,attachment,2026-06-09T16:50:29.123+03:00,Paladin [Will not DM],864,1126,203435,,1513903113101119708,https://discord.com/channels/1042855255089623100/1501271173588193290/1513903113101119708,Screenshot_20260609-184919.png,False,,,https://cdn.discordapp.com/attachments/1501271173588193290/1513903112656654506/Screenshot_20260609-184919.png?ex=6a89a925&is=6a8857a5&hm=ddca473dec5cfaa8bdc7e1247f8bdd4c955e50119d7e47e047792547584a6da3&,"Hit my SL exactly to go 4R up, not my day :' )"
137,137_2026-06-10_153411_Screenshot_20260610-173325.png,phone screenshot,attachment,2026-06-10T15:34:11.492+03:00,Paladin [Will not DM],423,287,29336,,1514246300990705724,https://discord.com/channels/1042855255089623100/1501271173588193290/1514246300990705724,Screenshot_20260610-173325.png,False,,,https://cdn.discordapp.com/attachments/1501271173588193290/1514246300512813156/Screenshot_20260610-173325.png?ex=6a899743&is=6a8845c3&hm=9f34527633ca69138f2a99e0df2124cb0c128129d942cee61fd7674268f0619a&,"Pump it boys, first TP @ 62460"
138,138_2026-06-10_165044_Screenshot_20260610-185007.png,phone screenshot,attachment,2026-06-10T16:50:44.63+03:00,Paladin [Will not DM],393,237,29655,,1514265566007787582,https://discord.com/channels/1042855255089623100/1501271173588193290/1514265566007787582,Screenshot_20260610-185007.png,False,,,https://cdn.discordapp.com/attachments/1501271173588193290/1514265565756260464/Screenshot_20260610-185007.png?ex=6a89a934&is=6a8857b4&hm=fbfacb3384109988485ed5d988569f930393e5137618f794e155a62d09f23e3e&,"TP1 hit on BTC, saving majority for 63k+

@Paladin Notify"
139,139_2026-06-10_190348_Screenshot_20260610-2102042.png,phone screenshot,attachment,2026-06-10T19:03:48.947+03:00,Paladin [Will not DM],349,42,12843,,1514299054660780142,https://discord.com/channels/1042855255089623100/1501271173588193290/1514299054660780142,Screenshot_20260610-2102042.png,False,,,https://cdn.discordapp.com/attachments/1501271173588193290/1514299054434156705/Screenshot_20260610-2102042.png?ex=6a89c864&is=6a8876e4&hm=61bf1ac10ef3907663479f6256f89465d442b2e4ada9b9b887bf58a4d8b9063d&,"Took 25% at 62460 75% remaining 62700, long was from 61.1k

Will look to short around 63.2-64k now"
140,140_2026-06-11_031220_Screenshot_20260611-051129.png,phone screenshot,attachment,2026-06-11T03:12:20.825+03:00,Paladin [Will not DM],422,304,27609,,1514421997587922964,https://discord.com/channels/1042855255089623100/1501271173588193290/1514421997587922964,Screenshot_20260611-051129.png,False,,,https://cdn.discordapp.com/attachments/1501271173588193290/1514421997319491675/Screenshot_20260611-051129.png?ex=6a899224&is=6a8840a4&hm=83cec0d42dc1c6af61ae65a9f8a47b68ca3c46993540d548d6cf7cdc544156ef&,"Holding this, moved 1.5R for me, probably 3-6 RR for the ones with better entry, let's hope it drops to 0.33-0.36 at least"
141,141_2026-06-11_070121_Screenshot_20260611-090010.png,phone screenshot,attachment,2026-06-11T07:01:21.503+03:00,Paladin [Will not DM],237,216,34387,,1514479630168490055,https://discord.com/channels/1042855255089623100/1501271173588193290/1514479630168490055,Screenshot_20260611-090010.png,False,,,https://cdn.discordapp.com/attachments/1501271173588193290/1514479629765709946/Screenshot_20260611-090010.png?ex=6a89c7d1&is=6a887651&hm=3f4b32c1a7b66688549006a941b23ea0fc3716022d8e57da6595e32cacf0fe36&,"INJ moved 1R after filling but was too quick TP TP, I took 25% at 5.3 but didn't move any SL yet

@Paladin Notify"
142,142_2026-06-11_113706_Screenshot_20260611-090010.png,phone screenshot,attachment,2026-06-11T11:37:06.361+03:00,Paladin [Will not DM],237,216,34387,141_2026-06-11_070121_Screenshot_20260611-090010.png,1514549024332578850,https://discord.com/channels/1042855255089623100/1501271173588193290/1514549024332578850,Screenshot_20260611-090010.png,False,,,https://cdn.discordapp.com/attachments/1501271173588193290/1514549024282116216/Screenshot_20260611-090010.png?ex=6a895fb2&is=6a880e32&hm=f6930a17666e8f8f38e5e25a79fef681800b8deaec5a623d60a67806b4046837&,"Closing INJ fully here @ 5.28, it's lagging now + DCA is filled so I'm happy with profits 

@Paladin Notify"
143,143_2026-06-11_114004_Screenshot_20260611-133813.png,phone screenshot,attachment,2026-06-11T11:40:04.682+03:00,Paladin [Will not DM],756,212,42320,,1514549772264935495,https://discord.com/channels/1042855255089623100/1501271173588193290/1514549772264935495,Screenshot_20260611-133813.png,False,,,https://cdn.discordapp.com/attachments/1501271173588193290/1514549771879186483/Screenshot_20260611-133813.png?ex=6a896064&is=6a880ee4&hm=0728ec0ad6e758dedb855200853d2307ca78fd0a24b9f5b85a55630dc0b244fe&,"And I TPed on BTC almost @ 63k (62946), DCA missed by 50$ so I'm just taking it here.

7/7 wins on BTC 

@Paladin Notify"
144,144_2026-06-11_114133_Screenshot_20260611-134111.png,phone screenshot,attachment,2026-06-11T11:41:33.614+03:00,Paladin [Will not DM],405,238,27615,,1514550145273040969,https://discord.com/channels/1042855255089623100/1501271173588193290/1514550145273040969,Screenshot_20260611-134111.png,False,,,https://cdn.discordapp.com/attachments/1501271173588193290/1514550145205801000/Screenshot_20260611-134111.png?ex=6a8960bd&is=6a880f3d&hm=9e934eff8dbc25bde557bc8607417fc1e54ac3572ea2742119fa5c4311153335&,
145,145_2026-06-11_115551_Screenshot_20260611-135528.png,phone screenshot,attachment,2026-06-11T11:55:51.809+03:00,Paladin [Will not DM],356,284,25809,,1514553744803496068,https://discord.com/channels/1042855255089623100/1501271173588193290/1514553744803496068,Screenshot_20260611-135528.png,False,,,https://cdn.discordapp.com/attachments/1501271173588193290/1514553744551972975/Screenshot_20260611-135528.png?ex=6a896417&is=6a881297&hm=3daf4717e4353861c32ac094557fa8146f1162a4ec0d5aa61894409541871373&,"I hope someone's still holding ALLO with me, 2R+ full or a SL."
146,146_2026-06-11_205433_blofin_1781200278181.png,Blofin PnL share card,attachment,2026-06-11T20:54:33.834+03:00,Paladin [Will not DM],787,484,356106,,1514689313202241567,https://discord.com/channels/1042855255089623100/1501271173588193290/1514689313202241567,blofin_1781200278181.png,False,,,https://cdn.discordapp.com/attachments/1501271173588193290/1514689312917033161/blofin_1781200278181.png?ex=6a89e259&is=6a8890d9&hm=fa6e2474163b985d13776400ce2cf1b017cf2b6ee91b0203f729f42ad8716de5&,"SOL up 1.5R, can take a small TP, already SL at entry, will fully exit at 68

@Paladin Notify"
147,147_2026-06-11_223819_Screenshot_20260612-003632.png,phone screenshot,attachment,2026-06-11T22:38:19.326+03:00,Paladin [Will not DM],335,262,29132,,1514715424808501520,https://discord.com/channels/1042855255089623100/1501271173588193290/1514715424808501520,Screenshot_20260612-003632.png,False,,,https://cdn.discordapp.com/attachments/1501271173588193290/1514715424795791492/Screenshot_20260612-003632.png?ex=6a8951eb&is=6a88006b&hm=95cb45df3a43eff2b8f7f684ba6b013ef6b2f83fc5fc998f5fdf467c380daac7&,"Fully closed BTC here at 63.8k, going to sleep, if you want to keep it, 25% here and remaining 50% @ 64-64.2k

@Paladin Notify"
148,148_2026-06-11_224256_Screenshot_20260612-003632.png,phone screenshot,attachment,2026-06-11T22:42:56.283+03:00,Paladin [Will not DM],335,262,29132,147_2026-06-11_223819_Screenshot_20260612-003632.png,1514716586450358364,https://discord.com/channels/1042855255089623100/1501271173588193290/1514716586450358364,Screenshot_20260612-003632.png,False,,,https://cdn.discordapp.com/attachments/1501271173588193290/1514716585485664256/Screenshot_20260612-003632.png?ex=6a895300&is=6a880180&hm=b2598cef1b9c8815f1f4c4518892cd65a5b973be6c48faf33fbe10bb9ccbe4ea&,"All from today, GG's!
Made 3.2R today, that's realized without any partials, I don't take partials!"
149,149_2026-06-11_224256_blofin_1781201795709.png,Blofin PnL share card,attachment,2026-06-11T22:42:56.283+03:00,Paladin [Will not DM],787,484,355421,,1514716586450358364,https://discord.com/channels/1042855255089623100/1501271173588193290/1514716586450358364,blofin_1781201795709.png,False,,,https://cdn.discordapp.com/attachments/1501271173588193290/1514716585816752229/blofin_1781201795709.png?ex=6a895300&is=6a880180&hm=b5a9997d527d5dd09609728dde1d645650f0e7fbb004ab65e6e52c2ba29d084a&,"All from today, GG's!
Made 3.2R today, that's realized without any partials, I don't take partials!"
150,150_2026-06-11_224256_Screenshot_20260611-135528.png,phone screenshot,attachment,2026-06-11T22:42:56.283+03:00,Paladin [Will not DM],356,284,25809,145_2026-06-11_115551_Screenshot_20260611-135528.png,1514716586450358364,https://discord.com/channels/1042855255089623100/1501271173588193290/1514716586450358364,Screenshot_20260611-135528.png,False,,,https://cdn.discordapp.com/attachments/1501271173588193290/1514716586185986138/Screenshot_20260611-135528.png?ex=6a895300&is=6a880180&hm=6b8f424fcf2454b04c48722d01b9e653a0dc5a1066fb3947b7ecdc36c0cc7110&,"All from today, GG's!
Made 3.2R today, that's realized without any partials, I don't take partials!"
151,151_2026-06-11_224256_Screenshot_20260611-0900102.png,phone screenshot,attachment,2026-06-11T22:42:56.283+03:00,Paladin [Will not DM],225,216,28671,,1514716586450358364,https://discord.com/channels/1042855255089623100/1501271173588193290/1514716586450358364,Screenshot_20260611-0900102.png,False,,,https://cdn.discordapp.com/attachments/1501271173588193290/1514716586500423792/Screenshot_20260611-0900102.png?ex=6a895300&is=6a880180&hm=33b8b29938f93542232d2df6e2b8e12bbdceb2b74f48bb5dd715e7a7a59e7468&,"All from today, GG's!
Made 3.2R today, that's realized without any partials, I don't take partials!"
152,152_2026-06-12_183003_Screenshot_20260612-202753.png,phone screenshot,attachment,2026-06-12T18:30:03.276+03:00,Paladin [Will not DM],363,243,37580,,1515015334112006316,https://discord.com/channels/1042855255089623100/1501271173588193290/1515015334112006316,Screenshot_20260612-202753.png,False,,,https://cdn.discordapp.com/attachments/1501271173588193290/1515015333793235004/Screenshot_20260612-202753.png?ex=6a89c07b&is=6a886efb&hm=c6a723201c9482999149ef04ad94d6053a97dc67b3a6af9a558d3b58b76620c6&,Remaining at 64900 if you're holding!
153,153_2026-06-12_210629_Screenshot_20260612-230534.png,phone screenshot,attachment,2026-06-12T21:06:29.97+03:00,Paladin [Will not DM],587,398,28943,,1515054704759935096,https://discord.com/channels/1042855255089623100/1501271173588193290/1515054704759935096,Screenshot_20260612-230534.png,False,,,https://cdn.discordapp.com/attachments/1501271173588193290/1515054701362548897/Screenshot_20260612-230534.png?ex=6a89e525&is=6a8893a5&hm=7e7aee3de1426eccf8689b3ffa6bb60605eb4f916a5b2104feb22fdbec2b3dd7&,"And for your information, we have a 10 win streak on BTC scalps :Meme1HappySunglass: 

@Paladin Notify"
154,154_2026-06-12_210629_Screenshot_20260612-230519.png,phone screenshot,attachment,2026-06-12T21:06:29.97+03:00,Paladin [Will not DM],587,420,30138,,1515054704759935096,https://discord.com/channels/1042855255089623100/1501271173588193290/1515054704759935096,Screenshot_20260612-230519.png,False,,,https://cdn.discordapp.com/attachments/1501271173588193290/1515054701635440851/Screenshot_20260612-230519.png?ex=6a89e525&is=6a8893a5&hm=f5bd3e84e38a97d71c849b3331293f036e2d23bf08a5908e0346a429581d31f4&,"And for your information, we have a 10 win streak on BTC scalps :Meme1HappySunglass: 

@Paladin Notify"
155,155_2026-06-12_210629_Screenshot_20260612-230459.png,phone screenshot,attachment,2026-06-12T21:06:29.97+03:00,Paladin [Will not DM],592,430,29251,,1515054704759935096,https://discord.com/channels/1042855255089623100/1501271173588193290/1515054704759935096,Screenshot_20260612-230459.png,False,,,https://cdn.discordapp.com/attachments/1501271173588193290/1515054701912129766/Screenshot_20260612-230459.png?ex=6a89e525&is=6a8893a5&hm=62aaa6bafe484defde287a10fd41f0d66f75cd69b647ff0636bcaf9b0cdb886d&,"And for your information, we have a 10 win streak on BTC scalps :Meme1HappySunglass: 

@Paladin Notify"
156,156_2026-06-12_210629_Screenshot_20260612-230322.png,phone screenshot,attachment,2026-06-12T21:06:29.97+03:00,Paladin [Will not DM],756,571,67903,,1515054704759935096,https://discord.com/channels/1042855255089623100/1501271173588193290/1515054704759935096,Screenshot_20260612-230322.png,False,,,https://cdn.discordapp.com/attachments/1501271173588193290/1515054702201667675/Screenshot_20260612-230322.png?ex=6a89e525&is=6a8893a5&hm=7f6114c17e572409b5b96b517a37d6e530b9a8d516a5f93de254b0c10d02eeea&,"And for your information, we have a 10 win streak on BTC scalps :Meme1HappySunglass: 

@Paladin Notify"
157,157_2026-06-12_210629_Screenshot_20260612-230302.png,phone screenshot,attachment,2026-06-12T21:06:29.97+03:00,Paladin [Will not DM],752,546,71663,,1515054704759935096,https://discord.com/channels/1042855255089623100/1501271173588193290/1515054704759935096,Screenshot_20260612-230302.png,False,,,https://cdn.discordapp.com/attachments/1501271173588193290/1515054702620971169/Screenshot_20260612-230302.png?ex=6a89e525&is=6a8893a5&hm=8ec93ca61436af18db785769d3bcde449c30da395596aa856a1add075eca8922&,"And for your information, we have a 10 win streak on BTC scalps :Meme1HappySunglass: 

@Paladin Notify"
158,158_2026-06-12_210629_Screenshot_20260612-230231.png,phone screenshot,attachment,2026-06-12T21:06:29.97+03:00,Paladin [Will not DM],760,600,87336,,1515054704759935096,https://discord.com/channels/1042855255089623100/1501271173588193290/1515054704759935096,Screenshot_20260612-230231.png,False,,,https://cdn.discordapp.com/attachments/1501271173588193290/1515054702994133224/Screenshot_20260612-230231.png?ex=6a89e525&is=6a8893a5&hm=947ccce2d9d685e5bce6804486318b56a1782ebd384f6cd027cc4efd5709d129&,"And for your information, we have a 10 win streak on BTC scalps :Meme1HappySunglass: 

@Paladin Notify"
159,159_2026-06-12_210629_Screenshot_20260612-230213.png,phone screenshot,attachment,2026-06-12T21:06:29.97+03:00,Paladin [Will not DM],755,563,87565,,1515054704759935096,https://discord.com/channels/1042855255089623100/1501271173588193290/1515054704759935096,Screenshot_20260612-230213.png,False,,,https://cdn.discordapp.com/attachments/1501271173588193290/1515054703317221598/Screenshot_20260612-230213.png?ex=6a89e525&is=6a8893a5&hm=fbc17556751f2f5415bfc1f7bee8951e1558c773439848e73cbdcc83921fe886&,"And for your information, we have a 10 win streak on BTC scalps :Meme1HappySunglass: 

@Paladin Notify"
160,160_2026-06-12_210629_Screenshot_20260612-230155.png,phone screenshot,attachment,2026-06-12T21:06:29.97+03:00,Paladin [Will not DM],754,579,74888,,1515054704759935096,https://discord.com/channels/1042855255089623100/1501271173588193290/1515054704759935096,Screenshot_20260612-230155.png,False,,,https://cdn.discordapp.com/attachments/1501271173588193290/1515054703812284577/Screenshot_20260612-230155.png?ex=6a89e525&is=6a8893a5&hm=74d84e18fe3615b0297419838cc576d0f0ed7a8aca46bb7d10c0aeda9e6e666e&,"And for your information, we have a 10 win streak on BTC scalps :Meme1HappySunglass: 

@Paladin Notify"
161,161_2026-06-12_210629_Screenshot_20260612-230127.png,phone screenshot,attachment,2026-06-12T21:06:29.97+03:00,Paladin [Will not DM],750,571,69123,,1515054704759935096,https://discord.com/channels/1042855255089623100/1501271173588193290/1515054704759935096,Screenshot_20260612-230127.png,False,,,https://cdn.discordapp.com/attachments/1501271173588193290/1515054704122532011/Screenshot_20260612-230127.png?ex=6a89e525&is=6a8893a5&hm=d3f9e454821e35687264ff670b8ae8c29e4061a1cb3240a00157993b5fdbfcfa&,"And for your information, we have a 10 win streak on BTC scalps :Meme1HappySunglass: 

@Paladin Notify"
162,162_2026-06-12_210629_Screenshot_20260612-230036.png,phone screenshot,attachment,2026-06-12T21:06:29.97+03:00,Paladin [Will not DM],758,566,69664,,1515054704759935096,https://discord.com/channels/1042855255089623100/1501271173588193290/1515054704759935096,Screenshot_20260612-230036.png,False,,,https://cdn.discordapp.com/attachments/1501271173588193290/1515054704411934790/Screenshot_20260612-230036.png?ex=6a89e525&is=6a8893a5&hm=2386cb7f6727bd71b881ffa93f726c05b4762c79bb1a7689e474a441d612a1c5&,"And for your information, we have a 10 win streak on BTC scalps :Meme1HappySunglass: 

@Paladin Notify"
163,163_2026-06-13_161438_Screenshot_20260613-181331.png,phone screenshot,attachment,2026-06-13T16:14:38.193+03:00,Paladin [Will not DM],333,233,28870,,1515343642909347971,https://discord.com/channels/1042855255089623100/1501271173588193290/1515343642909347971,Screenshot_20260613-181331.png,False,,,https://cdn.discordapp.com/attachments/1501271173588193290/1515343642498175056/Screenshot_20260613-181331.png?ex=6a89a0be&is=6a884f3e&hm=0f23d0285af209041d78ada507b94340edf797ea6b7fdcd83d98e3a55f8cb697&,"BTC almost at TP 40% closed here (64.2k) remaining @ 64.5k

@Paladin Notify"
164,164_2026-06-15_002925_Screenshot_20260615-022855.png,phone screenshot,attachment,2026-06-15T00:29:25.846+03:00,Paladin [Will not DM],745,507,58613,,1515830549816807464,https://discord.com/channels/1042855255089623100/1501271173588193290/1515830549816807464,Screenshot_20260615-022855.png,False,,,https://cdn.discordapp.com/attachments/1501271173588193290/1515830549544042547/Screenshot_20260615-022855.png?ex=6a896bf5&is=6a881a75&hm=7224b5bf1ea8d265927512bc85cbb20a5f580d205b9875ecc145323ef8106465&,
165,165_2026-06-15_002937_Screenshot_20260615-022623.png,phone screenshot,attachment,2026-06-15T00:29:37.944+03:00,Paladin [Will not DM],426,295,33225,,1515830600559493281,https://discord.com/channels/1042855255089623100/1501271173588193290/1515830600559493281,Screenshot_20260615-022623.png,False,,,https://cdn.discordapp.com/attachments/1501271173588193290/1515830600324350053/Screenshot_20260615-022623.png?ex=6a896c01&is=6a881a81&hm=c6d026aba8ebde138e0b9cf655eeee4a0fc1fa97f1a02320533a53de2ee8bcfc&,
166,166_2026-06-15_004747_Screenshot_20260615-024457.png,phone screenshot,attachment,2026-06-15T00:47:47.812+03:00,Paladin [Will not DM],863,1248,781200,,1515835171797209199,https://discord.com/channels/1042855255089623100/1501271173588193290/1515835171797209199,Screenshot_20260615-024457.png,False,,,https://cdn.discordapp.com/attachments/1501271173588193290/1515835171532963880/Screenshot_20260615-024457.png?ex=6a897043&is=6a881ec3&hm=deaa1aee2aa18faf08b709c19b9754219b5f662211fdfdc45822e166e63cec97&,
167,167_2026-06-15_004817_Screenshot_20260615-024522.png,phone screenshot,attachment,2026-06-15T00:48:17.017+03:00,Paladin [Will not DM],863,729,202723,,1515835294291722241,https://discord.com/channels/1042855255089623100/1501271173588193290/1515835294291722241,Screenshot_20260615-024522.png,False,,,https://cdn.discordapp.com/attachments/1501271173588193290/1515835294220292167/Screenshot_20260615-024522.png?ex=6a897061&is=6a881ee1&hm=a21e7e37b9efe62635ef50be31d854001ba31bdc07c33d5ee1d3eb256582cb08&,"Yesterday @Allan asked if he should long LTC, I mentioned go for it, we are gonna get a news and break it's resistance"
168,168_2026-06-15_143632_blofin_1781523356757.png,Blofin PnL share card,attachment,2026-06-15T14:36:32.555+03:00,Paladin [Will not DM],787,484,356470,,1516043732485669025,https://discord.com/channels/1042855255089623100/1501271173588193290/1516043732485669025,blofin_1781523356757.png,False,,,https://cdn.discordapp.com/attachments/1501271173588193290/1516043732053397605/blofin_1781523356757.png?ex=6a8989c0&is=6a883840&hm=6fdb964700d67b3dd47ff41fb0e7caac3e06bcac577c2e0cef032f178c81b3ad&,Closed PYTH publicly just to see it flying 🤡
169,169_2026-06-15_143829_Screenshot_20260615-163740.png,phone screenshot,attachment,2026-06-15T14:38:29.233+03:00,Paladin [Will not DM],863,364,119358,,1516044221868544122,https://discord.com/channels/1042855255089623100/1501271173588193290/1516044221868544122,Screenshot_20260615-163740.png,False,,,https://cdn.discordapp.com/attachments/1501271173588193290/1516044221348319312/Screenshot_20260615-163740.png?ex=6a898a35&is=6a8838b5&hm=97797a1ba1a84c0d2f3ce956df074aae257a162ac8df63eacf65fc75866f95f5&,"Weekend pump came, ALTs flying, a mini alt season is in the make.

@Paladin Notify"
170,170_2026-06-16_001239_blofin_1781557851066.png,Blofin PnL share card,attachment,2026-06-16T00:12:39.901+03:00,Paladin [Will not DM],787,484,355429,,1516188718443004045,https://discord.com/channels/1042855255089623100/1501271173588193290/1516188718443004045,blofin_1781557851066.png,False,,,https://cdn.discordapp.com/attachments/1501271173588193290/1516188718048743557/blofin_1781557851066.png?ex=6a896807&is=6a881687&hm=2e2250da1ef51a89fda0d13a1d53be6f1bad45c6282e28c9781bd0f6ec45ec86&,"Guys I close RENDER, we went at 1R but really thought this could pump but AI coins lagged today, sorry for the round trip but better than hitting BE

XMR is doing great will TP around 390-400$

I added a bit more margin to BTC, I think we can get at least 65k region"
171,171_2026-06-16_173635_Screenshot_20260616-193547.png,phone screenshot,attachment,2026-06-16T17:36:35.96+03:00,Paladin [Will not DM],402,238,28757,,1516451433116078161,https://discord.com/channels/1042855255089623100/1501271173588193290/1516451433116078161,Screenshot_20260616-193547.png,False,,,https://cdn.discordapp.com/attachments/1501271173588193290/1516451432767819948/Screenshot_20260616-193547.png?ex=6a89b3f3&is=6a886273&hm=ddb83ca471918fa14ada3f114f5e112d216e7af4920b1c5ab9a9296d8979a514&,"Guys TP hit, 0.5R, added earlier so avg was 66.2k

@Paladin Notify"
172,172_2026-06-16_175403_blofin_1781620833425.png,Blofin PnL share card,attachment,2026-06-16T17:54:03.486+03:00,Paladin [Will not DM],1365,840,894274,,1516455826758303744,https://discord.com/channels/1042855255089623100/1501271173588193290/1516455826758303744,blofin_1781620833425.png,False,,,https://cdn.discordapp.com/attachments/1501271173588193290/1516455826309648634/blofin_1781620833425.png?ex=6a89b80b&is=6a88668b&hm=0a8ad67ef1a39ff130858e7ba6ec8d631b353c24f8a9c557a425f96a39edd0b4&,"Had a sniper entry on my other exchange but nonetheless we exit with decent profits

12/12 BTC wins this month."
173,173_2026-06-16_175914_Screenshot_20260616-195846.png,phone screenshot,attachment,2026-06-16T17:59:14.387+03:00,Paladin [Will not DM],863,517,154121,,1516457130771615744,https://discord.com/channels/1042855255089623100/1501271173588193290/1516457130771615744,Screenshot_20260616-195846.png,False,,,https://cdn.discordapp.com/attachments/1501271173588193290/1516457130327150854/Screenshot_20260616-195846.png?ex=6a89b942&is=6a8867c2&hm=cc19f8e2e3bb1e9c86815dba26114822b3000f841dc52ac8304f277ceee94e16&,Let's see if this prediction holds
174,174_2026-06-16_181038_Screenshot_20260616-200836.png,phone screenshot,attachment,2026-06-16T18:10:38.354+03:00,Paladin [Will not DM],863,765,173511,,1516459999537139743,https://discord.com/channels/1042855255089623100/1501271173588193290/1516459999537139743,Screenshot_20260616-200836.png,False,,,https://cdn.discordapp.com/attachments/1501271173588193290/1516459999294128244/Screenshot_20260616-200836.png?ex=6a89bbee&is=6a886a6e&hm=e81288db64675200f5563bea827711e6927864ebefd171b33b5c1901d0452e47&,"Apart from this one coin I recommend buying in spot is HYPE, I'm holding since 60, just add some on every 10$ drop

Some people asked in my DMs about spot recommendations I mentioned, especially to @Sal Trades  one of the guys I advised to get HYPE when it was 60

Really thinks this goes 90-100 very soon and next short term target would be 83-84

@Paladin Notify"
175,175_2026-06-16_225459_blofin_1781639630846.png,Blofin PnL share card,attachment,2026-06-16T22:54:59.585+03:00,Paladin [Will not DM],1365,840,893159,,1516531559526568116,https://discord.com/channels/1042855255089623100/1501271173588193290/1516531559526568116,blofin_1781639630846.png,False,,,https://cdn.discordapp.com/attachments/1501271173588193290/1516531559061262437/blofin_1781639630846.png?ex=6a8955d3&is=6a880453&hm=fe4ac8b47e3ebb650c79106ab09ab0f3d49a75843bc886a4b6020552e398c469&,"0.8R up, 50% here, SL to BE

@Paladin Notify"
176,176_2026-06-17_044049_blofin_1781660427127.png,Blofin PnL share card,attachment,2026-06-17T04:40:49.596+03:00,Paladin [Will not DM],1365,840,892909,,1516618591380836454,https://discord.com/channels/1042855255089623100/1501271173588193290/1516618591380836454,blofin_1781660427127.png,False,,,https://cdn.discordapp.com/attachments/1501271173588193290/1516618591124848740/blofin_1781660427127.png?ex=6a89a6e1&is=6a885561&hm=1de158b93e168840c6e63ce605964033246ad5a4875fa72f520f86c02d230e02&,"Up 0.6R, send it higher!"
177,177_2026-06-17_161629_blofin_1781702159751.png,Blofin PnL share card,attachment,2026-06-17T16:16:29.461+03:00,Paladin [Will not DM],1365,840,895930,,1516793661063696404,https://discord.com/channels/1042855255089623100/1501271173588193290/1516793661063696404,blofin_1781702159751.png,False,,,https://cdn.discordapp.com/attachments/1501271173588193290/1516793660585279608/blofin_1781702159751.png?ex=6a89a12d&is=6a884fad&hm=0a711412325e0e5987327638328e79063b2f892dca052b8cce01430cd3dc3a56&,"Wanted to post this but it went so fast couldn't, sniped it though."
178,178_2026-06-17_165316_IMG_20260617_185227_825.webp,other image (e.g. exchange share card),attachment,2026-06-17T16:53:16.884+03:00,Paladin [Will not DM],1080,1920,136546,,1516802919666815006,https://discord.com/channels/1042855255089623100/1501271173588193290/1516802919666815006,IMG_20260617_185227_825.webp,False,,,https://cdn.discordapp.com/attachments/1501271173588193290/1516802919347916942/IMG_20260617_185227_825.webp?ex=6a89a9cc&is=6a88584c&hm=9044ec958734f015a77ba82f94ba785c2994cb867799f6f2f3cb8bef656581b8&,"Might have sniped it for now, everyone was dumping it aye? 

Though there is a chance we visit, 64s once more before higher!"
179,179_2026-06-17_192807_Screenshot_20260617-212705.png,phone screenshot,attachment,2026-06-17T19:28:07.267+03:00,Paladin [Will not DM],864,1196,202696,,1516841886357262448,https://discord.com/channels/1042855255089623100/1501271173588193290/1516841886357262448,Screenshot_20260617-212705.png,False,,,https://cdn.discordapp.com/attachments/1501271173588193290/1516841886328033391/Screenshot_20260617-212705.png?ex=6a89ce17&is=6a887c97&hm=4b0c2180cbfe2f252034d3fa7fd28553fdb8295d09c7424a7bc280d5d3ecfe4b&,"Sniped it, also it came back to entry exactly once as I said once back to entry than higher

@Paladin Notify"
180,180_2026-06-17_192948_Screenshot_20260617-212847.png,phone screenshot,attachment,2026-06-17T19:29:48.342+03:00,Paladin [Will not DM],711,399,61833,,1516842310296404090,https://discord.com/channels/1042855255089623100/1501271173588193290/1516842310296404090,Screenshot_20260617-212847.png,False,,,https://cdn.discordapp.com/attachments/1501271173588193290/1516842310304927865/Screenshot_20260617-212847.png?ex=6a89ce7c&is=6a887cfc&hm=48d608bbb54f62929be051a6ea8db1a818c148275a3929cd31740bc402619c79&,"Up almost 1R you can take 20-25%

@Paladin Notify"
181,181_2026-06-18_121248_Screenshot_20260618-141035.png,phone screenshot,attachment,2026-06-18T12:12:48.464+03:00,Paladin [Will not DM],863,263,97188,,1517094724022964314,https://discord.com/channels/1042855255089623100/1501271173588193290/1517094724022964314,Screenshot_20260618-141035.png,False,,,https://cdn.discordapp.com/attachments/1501271173588193290/1517094723213332490/Screenshot_20260618-141035.png?ex=6a896810&is=6a881690&hm=2e02cc3711d167d7d00fe01c27a5a6735a9c6bad9c03c8e46b6ba157a13bc158&,"Since alot of you trying to short LAB, mentioned in chat that LAB seems bullish for now, it'll probably go 20-22$ again try to short from there if you want

For now try longing it instead of shorting, SL 12.8-13"
182,182_2026-06-18_212432_Screenshot_20260618-232249.png,phone screenshot,attachment,2026-06-18T21:24:32.282+03:00,Paladin [Will not DM],606,211,24287,,1517233571499343993,https://discord.com/channels/1042855255089623100/1501271173588193290/1517233571499343993,Screenshot_20260618-232249.png,False,,,https://cdn.discordapp.com/attachments/1501271173588193290/1517233571230646385/Screenshot_20260618-232249.png?ex=6a89e960&is=6a8897e0&hm=bd11a8a68f16b3e8172c20b881d06050052a991bc9cf1be96cebc915fe9c1f93&,Started mentioning a long LAB in chat when we were around 14.8 😅
183,183_2026-06-19_031439_Screenshot_20260619-051350.png,phone screenshot,attachment,2026-06-19T03:14:39.61+03:00,Paladin [Will not DM],635,211,25627,,1517321682618945648,https://discord.com/channels/1042855255089623100/1501271173588193290/1517321682618945648,Screenshot_20260619-051350.png,False,,,https://cdn.discordapp.com/attachments/1501271173588193290/1517321682254037032/Screenshot_20260619-051350.png?ex=6a8992af&is=6a88412f&hm=589f010d9ce2a12d270ffbc92721394d17a7764353ee80fb458e24aba6778bbe&,Out.
184,184_2026-06-20_161138_Screenshot_20260620-180139.png,phone screenshot,attachment,2026-06-20T16:11:38.1+03:00,Paladin [Will not DM],863,434,71826,,1517879602603884615,https://discord.com/channels/1042855255089623100/1501271173588193290/1517879602603884615,Screenshot_20260620-180139.png,False,,,https://cdn.discordapp.com/attachments/1501271173588193290/1517879602322604173/Screenshot_20260620-180139.png?ex=6a89a00a&is=6a884e8a&hm=1e290c2b8cae77e74bdc373049df6533c6f0a3dfad4ead6a9bed16dac703006d&,"Nearly a 50% move down, exactly a 43% move (0.75 avg)

Out 50%, remaining 50% I exit at 2x+

@Paladin Notify"
185,185_2026-06-20_175347_blofin_1781967116545.png,Blofin PnL share card,attachment,2026-06-20T17:53:47.292+03:00,Paladin [Will not DM],1365,840,896547,,1517905310298275972,https://discord.com/channels/1042855255089623100/1501271173588193290/1517905310298275972,blofin_1781967116545.png,False,,,https://cdn.discordapp.com/attachments/1501271173588193290/1517905309975183410/blofin_1781967116545.png?ex=6a89b7fb&is=6a88667b&hm=4cfe29143566bba63cda2c9233a0ddf5eb345c7fa285c463d92bcfb99bfe02de&,BTC older trade back in green
186,186_2026-06-20_175421_Screenshot_20260620-195122.png,phone screenshot,attachment,2026-06-20T17:54:21.915+03:00,Paladin [Will not DM],415,229,66940,,1517905455517794335,https://discord.com/channels/1042855255089623100/1501271173588193290/1517905455517794335,Screenshot_20260620-195122.png,False,,,https://cdn.discordapp.com/attachments/1501271173588193290/1517905455274397697/Screenshot_20260620-195122.png?ex=6a89b81d&is=6a88669d&hm=378b3c75995565e3a9948e82d7e681661008c2f2cbc1428783bb5cf78e06265c&,"New running from 62.8k can do SL to entry

@Paladin Notify"
187,187_2026-06-20_183804_blofin_1781967116545.png,Blofin PnL share card,attachment,2026-06-20T18:38:04.59+03:00,Paladin [Will not DM],1365,840,896547,185_2026-06-20_175347_blofin_1781967116545.png,1517916455813779637,https://discord.com/channels/1042855255089623100/1501271173588193290/1517916455813779637,blofin_1781967116545.png,False,,,https://cdn.discordapp.com/attachments/1501271173588193290/1517916455562379395/blofin_1781967116545.png?ex=6a89c25c&is=6a8870dc&hm=714d8e1f4c90b26801e2820b37db8cee755bd28e0219fbe6d5212b8470ff185d&,"Closes fully

@Paladin Notify"
188,188_2026-06-20_183855_Screenshot_20260620-203821.png,phone screenshot,attachment,2026-06-20T18:38:55.79+03:00,Paladin [Will not DM],481,264,52126,,1517916670562275388,https://discord.com/channels/1042855255089623100/1501271173588193290/1517916670562275388,Screenshot_20260620-203821.png,False,,,https://cdn.discordapp.com/attachments/1501271173588193290/1517916670079926493/Screenshot_20260620-203821.png?ex=6a89c28f&is=6a88710f&hm=8f5a73d3efc8c8864fd35e40028b85e8027900e90fa3155c2adb794d49b68024&,"50% from 62.8k position, 50% at 65-66k

@Paladin Notify"
189,189_2026-06-22_053005_Screenshot_20260622-065014.png,phone screenshot,attachment,2026-06-22T05:30:05.239+03:00,Paladin [Will not DM],511,583,95316,,1518442927573962883,https://discord.com/channels/1042855255089623100/1501271173588193290/1518442927573962883,Screenshot_20260622-065014.png,False,,,https://cdn.discordapp.com/attachments/1501271173588193290/1518442927297396916/Screenshot_20260622-065014.png?ex=6a89b26d&is=6a8860ed&hm=8c3b27308c24f3a6201fcce207015b80c9b3428e460eff2dfd791c124be7316b&,"Glad we added at a good time, BTC doing good, 65k TP missed by 200$ but still hopeful we will get it!"
190,190_2026-06-22_155709_Screenshot_20260622-175503.png,phone screenshot,attachment,2026-06-22T15:57:09.545+03:00,Paladin [Will not DM],382,428,124853,,1518600735351242923,https://discord.com/channels/1042855255089623100/1501271173588193290/1518600735351242923,Screenshot_20260622-175503.png,False,,,https://cdn.discordapp.com/attachments/1501271173588193290/1518600734982017044/Screenshot_20260622-175503.png?ex=6a899ca5&is=6a884b25&hm=1e6c7afdfa845bcb728835de9619df6cc65ea9dbe5d23757ecfce1622d4df9a4&,"TP hit @ 65k guys, we took TP before then added again to get another TP

@Paladin Notify"
191,191_2026-06-24_231048_Screenshot_20260625-010924.png,phone screenshot,attachment,2026-06-24T23:10:48.914+03:00,Paladin [Will not DM],559,345,54564,,1519434644225790105,https://discord.com/channels/1042855255089623100/1501271173588193290/1519434644225790105,Screenshot_20260625-010924.png,False,,,https://cdn.discordapp.com/attachments/1501271173588193290/1519434644209008800/Screenshot_20260625-010924.png?ex=6a895988&is=6a880808&hm=221b62979c480468aa7fd0f6d5bf512f3141d5ef10892798bc6b23b8a71840bc&,"May this be the bottom, spam AMEN bros 😭🙏🏻"
192,192_2026-06-24_231106_blofin_1782331859704.png,Blofin PnL share card,attachment,2026-06-24T23:11:06.79+03:00,Paladin [Will not DM],945,1260,261411,,1519434719203168276,https://discord.com/channels/1042855255089623100/1501271173588193290/1519434719203168276,blofin_1782331859704.png,False,,,https://cdn.discordapp.com/attachments/1501271173588193290/1519434718855299112/blofin_1782331859704.png?ex=6a89599a&is=6a88081a&hm=af3638b58df5046a629008ec3f42aef941479b6f64c7e4ccbd04dd628171d911&,
193,193_2026-06-24_235435_blofin_1782334391807.png,Blofin PnL share card,attachment,2026-06-24T23:54:35.77+03:00,Paladin [Will not DM],945,1260,165331,,1519445662058680482,https://discord.com/channels/1042855255089623100/1501271173588193290/1519445662058680482,blofin_1782334391807.png,False,,,https://cdn.discordapp.com/attachments/1501271173588193290/1519445661978984518/blofin_1782334391807.png?ex=6a8963cb&is=6a88124b&hm=3520d38643575756cee8cd73269f087b606d736e2c34f5954eccf24fa6139446&,"1.1R from 59.2, 1R from 59.5 done boys, as I said they'll make a new daily low then bounce it, you can take 25-30% I close around 62 (or until I see a rejection)

@Paladin Notify"
194,194_2026-06-24_235514_Screenshot_20260625-015448.png,phone screenshot,attachment,2026-06-24T23:55:14.037+03:00,Paladin [Will not DM],558,279,33163,,1519445822561976340,https://discord.com/channels/1042855255089623100/1501271173588193290/1519445822561976340,Screenshot_20260625-015448.png,False,,,https://cdn.discordapp.com/attachments/1501271173588193290/1519445822087888957/Screenshot_20260625-015448.png?ex=6a8963f1&is=6a881271&hm=1c308170d47c6aa076bd920140c094f969826eb3c36059379dfc353dfc9be4d2&,Actual entry when I uploaded :Meme1HappySunglass:
195,195_2026-06-25_025921_blofin_1782334391807.png,Blofin PnL share card,attachment,2026-06-25T02:59:21.166+03:00,Paladin [Will not DM],945,1260,165331,193_2026-06-24_235435_blofin_1782334391807.png,1519492157579198464,https://discord.com/channels/1042855255089623100/1501271173588193290/1519492157579198464,blofin_1782334391807.png,False,,,https://cdn.discordapp.com/attachments/1501271173588193290/1519492157235527700/blofin_1782334391807.png?ex=6a898f19&is=6a883d99&hm=af7cc25bcfea8405ddfd6242629a078d6270209b7b933741adbb3708ce8575ff&,"Fully closing here for now as our Target 1 is achieved but 62k is very reachable, you can take 50% here fully TP at 61.8-62k

@Paladin Notify"
196,196_2026-06-25_030447_Screenshot_20260625-050317.png,phone screenshot,attachment,2026-06-25T03:04:47.797+03:00,Paladin [Will not DM],562,235,33221,,1519493527569043536,https://discord.com/channels/1042855255089623100/1501271173588193290/1519493527569043536,Screenshot_20260625-050317.png,False,,,https://cdn.discordapp.com/attachments/1501271173588193290/1519493527191683183/Screenshot_20260625-050317.png?ex=6a89905f&is=6a883edf&hm=53d0df6bb5ee93f8a0447b29b671ddef0688939f3d079409fd7f0aa0264b5a0e&,"Majority of you should have this entry, when posted was around 59.3k"
197,197_2026-06-25_160226_blofin_1782392429455.png,Blofin PnL share card,attachment,2026-06-25T16:02:26.368+03:00,Paladin [Will not DM],1365,840,194408,,1519689227799888014,https://discord.com/channels/1042855255089623100/1501271173588193290/1519689227799888014,blofin_1782392429455.png,False,,,https://cdn.discordapp.com/attachments/1501271173588193290/1519689227388977273/blofin_1782392429455.png?ex=6a899de2&is=6a884c62&hm=8357d54d66659f49d7fa81280df22afcf7e8ba7b5036f2ddef70188999ac04a3&,"Closed at BE for now, will look to long from lower or short from 62+
 :KEKLaugh: 

@Paladin Notify"
198,198_2026-06-25_171034_blofin_1782396615498.png,Blofin PnL share card,attachment,2026-06-25T17:10:34.02+03:00,Paladin [Will not DM],1365,840,197804,,1519706372655284456,https://discord.com/channels/1042855255089623100/1501271173588193290/1519706372655284456,blofin_1782396615498.png,False,,,https://cdn.discordapp.com/attachments/1501271173588193290/1519706372265218098/blofin_1782396615498.png?ex=6a89add9&is=6a885c59&hm=80fb016d8d951a4ff4f88811823430b6d65b1174b4ca96e7e58e7b28b0c24a45&,"70% here, remaining at 60k

@Paladin Notify"
199,199_2026-06-25_173758_Screenshot_20260625-193712.png,phone screenshot,attachment,2026-06-25T17:37:58.927+03:00,Paladin [Will not DM],863,211,30266,,1519713271895293992,https://discord.com/channels/1042855255089623100/1501271173588193290/1519713271895293992,Screenshot_20260625-193712.png,False,,,https://cdn.discordapp.com/attachments/1501271173588193290/1519713271173746900/Screenshot_20260625-193712.png?ex=6a89b446&is=6a8862c6&hm=1476e3aed4cdecee12c20809aca10528e7776f78881974a84fef79e3356007dd&,"60k hit, caught both yesterday's + today's bottom bounce 

@Paladin Notify"
200,200_2026-06-26_165612_Screenshot_20260626-185445.png,phone screenshot,attachment,2026-06-26T16:56:12.741+03:00,Paladin [Will not DM],863,425,166262,,1520065148054671480,https://discord.com/channels/1042855255089623100/1501271173588193290/1520065148054671480,Screenshot_20260626-185445.png,False,,,https://cdn.discordapp.com/attachments/1501271173588193290/1520065147631304754/Screenshot_20260626-185445.png?ex=6a89aa7c&is=6a8858fc&hm=4d41b1cb80372b968438bb524df9a940020fc1433d8b1d59b7a5e6764c7a418a&,"I mentioned a few days ago in chat that I have long sol with a 10x and forgot, SOL is the strongest don't miss out, you'll see it 75-85 easily in July"
201,201_2026-06-26_165614_blofin_1782482112111.png,Blofin PnL share card,attachment,2026-06-26T16:56:14.944+03:00,Paladin [Will not DM],1365,840,191276,,1520065157294854234,https://discord.com/channels/1042855255089623100/1501271173588193290/1520065157294854234,blofin_1782482112111.png,False,,,https://cdn.discordapp.com/attachments/1501271173588193290/1520065156996923472/blofin_1782482112111.png?ex=6a89aa7e&is=6a8858fe&hm=100b2f1f9b3a8c5b3783dfc903dd736eea51aa03a9a6a998314f5fe95ee81c52&,
202,202_2026-06-26_171543_Screenshot_20260626-1914032.png,phone screenshot,attachment,2026-06-26T17:15:43.396+03:00,Paladin [Will not DM],863,122,66744,,1520070058137747557,https://discord.com/channels/1042855255089623100/1501271173588193290/1520070058137747557,Screenshot_20260626-1914032.png,False,,,https://cdn.discordapp.com/attachments/1501271173588193290/1520070057923711007/Screenshot_20260626-1914032.png?ex=6a89af0f&is=6a885d8f&hm=91a7ece241f410bb8e488f2866dae97df4bf70436b23adf0c917dd99270b0e55&,"Really bought yesterday's bottom, regret not giving a long here."
203,203_2026-06-28_162441_Screenshot_20260628-182154.png,phone screenshot,attachment,2026-06-28T16:24:41.593+03:00,Paladin [Will not DM],864,1208,174801,,1520781991736250500,https://discord.com/channels/1042855255089623100/1501271173588193290/1520781991736250500,Screenshot_20260628-182154.png,False,,,https://cdn.discordapp.com/attachments/1501271173588193290/1520781991438450698/Screenshot_20260628-182154.png?ex=6a89a319&is=6a885199&hm=b7c92c1820935a26c748b53f7e0d176fcfa91262a47d22fc04e8ef89fef9c4c2&,"TOSHI up 25% in spot move + 1.5R move 

@Paladin Notify"
204,204_2026-06-28_162444_blofin_1782652865086.png,Blofin PnL share card,attachment,2026-06-28T16:24:44.407+03:00,Paladin [Will not DM],1365,840,194460,,1520782003539279924,https://discord.com/channels/1042855255089623100/1501271173588193290/1520782003539279924,blofin_1782652865086.png,False,,,https://cdn.discordapp.com/attachments/1501271173588193290/1520782003094425660/blofin_1782652865086.png?ex=6a89a31c&is=6a88519c&hm=4dd7770592c2fe151b12e03e62148fdc41d42a8014880cab752fedcc008ef3ea&,
205,205_2026-06-29_061213_blofin_1782702687929.png,Blofin PnL share card,attachment,2026-06-29T06:12:13.177+03:00,Paladin [Will not DM],1365,840,196637,,1520990245573623900,https://discord.com/channels/1042855255089623100/1501271173588193290/1520990245573623900,blofin_1782702687929.png,False,,,https://cdn.discordapp.com/attachments/1501271173588193290/1520990245489999892/blofin_1782702687929.png?ex=6a89bc4d&is=6a886acd&hm=eb6c79483c0b5e13e932dec24d5d677ab59d636ca37a0ff9b54e1ed679aca8d2&,"Price went way up fast, was writing and it was 500$ up, this will pump good I just hope it fills DCA"
206,206_2026-06-29_202236_Screenshot_20260629-221628.png,phone screenshot,attachment,2026-06-29T20:22:36.728+03:00,Paladin [Will not DM],380,306,26491,,1521204253857681418,https://discord.com/channels/1042855255089623100/1501271173588193290/1521204253857681418,Screenshot_20260629-221628.png,False,,,https://cdn.discordapp.com/attachments/1501271173588193290/1521204253534847147/Screenshot_20260629-221628.png?ex=6a89dadc&is=6a88895c&hm=e4c9717c83fde58bdcafdcc69b259b08eeafbe24b4b0b240671df68a98b06824&,"Kept telling everyone to get SOL it's gonna run the hardest, HYPE and SOL don't miss on these!

80+ by this weekend in my opinion"
207,207_2026-06-30_172210_Screenshot_20260630-191916.png,phone screenshot,attachment,2026-06-30T17:22:10.323+03:00,Paladin [Will not DM],354,211,13940,,1521521232489611396,https://discord.com/channels/1042855255089623100/1501271173588193290/1521521232489611396,Screenshot_20260630-191916.png,False,,,https://cdn.discordapp.com/attachments/1501271173588193290/1521521232229437521/Screenshot_20260630-191916.png?ex=6a89b092&is=6a885f12&hm=e972e1c3694f458fe95f86a7ed0bcf3db498a47655bc7f67dfec43ad8bf3937f&,"Long Scalp TP got hit instantly, out 50%, remaining around 59.5k

Moving SL to 57k, will add 25% back at 58.2k if we go back 

@Paladin Notify"
208,208_2026-07-01_044843_blofin_1782870345836.png,Blofin PnL share card,attachment,2026-07-01T04:48:43.684+03:00,Paladin [Will not DM],1365,840,195350,,1521694009968295996,https://discord.com/channels/1042855255089623100/1501271173588193290/1521694009968295996,blofin_1782870345836.png,False,,,https://cdn.discordapp.com/attachments/1501271173588193290/1521694009720836228/blofin_1782870345836.png?ex=6a89a8bb&is=6a88573b&hm=c7a5732c71db64fe9b8c423796a7706c25a944e0bf05d3d5da8e447b51c30627&,"Closed this after re-longing

@Paladin Notify"
209,209_2026-07-01_045600_blofin_17828283292632.png,Blofin PnL share card,attachment,2026-07-01T04:56:00.884+03:00,Paladin [Will not DM],1365,838,314901,,1521695843718008913,https://discord.com/channels/1042855255089623100/1501271173588193290/1521695843718008913,blofin_17828283292632.png,False,,,https://cdn.discordapp.com/attachments/1501271173588193290/1521695843126743201/blofin_17828283292632.png?ex=6a89aa70&is=6a8858f0&hm=a93f87161912797fe36afe2a902b0f05a1249ea3ae363940cc90c48074327a6f&,"Caught 2 long scalps of around 0.5Rs, and short in profit almost touched our TP, almost!"
210,210_2026-07-01_045600_blofin_1782870345836.png,Blofin PnL share card,attachment,2026-07-01T04:56:00.884+03:00,Paladin [Will not DM],1365,840,195350,208_2026-07-01_044843_blofin_1782870345836.png,1521695843718008913,https://discord.com/channels/1042855255089623100/1501271173588193290/1521695843718008913,blofin_1782870345836.png,False,,,https://cdn.discordapp.com/attachments/1501271173588193290/1521695843386785933/blofin_1782870345836.png?ex=6a89aa70&is=6a8858f0&hm=f97bb0a5a558204b0beeb34b1ced5475fd6c046e4622b2257f1c56502927c66c&,"Caught 2 long scalps of around 0.5Rs, and short in profit almost touched our TP, almost!"
211,211_2026-07-01_045625_blofin_1782870935875.png,Blofin PnL share card,attachment,2026-07-01T04:56:25.048+03:00,Paladin [Will not DM],1365,840,195465,,1521695945069170769,https://discord.com/channels/1042855255089623100/1501271173588193290/1521695945069170769,blofin_1782870935875.png,False,,,https://cdn.discordapp.com/attachments/1501271173588193290/1521695944179974236/blofin_1782870935875.png?ex=6a89aa88&is=6a885908&hm=ca0f500a109c38fe7a11440705c2f9890f296ef5f7a3520b3cfdbf37910ec380&,Short bounced near TP but in profit!
212,212_2026-07-01_171749_Screenshot_20260701-191725.png,phone screenshot,attachment,2026-07-01T17:17:49.356+03:00,Paladin [Will not DM],361,449,50442,,1521882525780148336,https://discord.com/channels/1042855255089623100/1501271173588193290/1521882525780148336,Screenshot_20260701-191725.png,False,,,https://cdn.discordapp.com/attachments/1501271173588193290/1521882525474099350/Screenshot_20260701-191725.png?ex=6a89af8d&is=6a885e0d&hm=4e17822ec80287c1852d28d5beb08c73cda2fbd000ee46c4e698c40f13e4840f&,"Personally longing BTC I think BTC has given it's move down and we will see 62k this week.

Short TP missed by 200$ annoying, but a  DCA full will be nice"
213,213_2026-07-01_235358_blofin_1782939201384.png,Blofin PnL share card,attachment,2026-07-01T23:53:58.08+03:00,Paladin [Will not DM],1365,840,193292,,1521982219034427674,https://discord.com/channels/1042855255089623100/1501271173588193290/1521982219034427674,blofin_1782939201384.png,False,,,https://cdn.discordapp.com/attachments/1501271173588193290/1521982218795483187/blofin_1782939201384.png?ex=6a8963a6&is=6a881226&hm=1251cd57f14593596df958e94ffe1c6d660231544f0baffc336e856eeba95f06&,"Well 75 was done at weekend, 78 now, 80-82 by this weekend"
214,214_2026-07-02_141348_blofin_1782990745835.png,Blofin PnL share card,attachment,2026-07-02T14:13:48.796+03:00,Paladin [Will not DM],1365,840,193769,,1522198606180778106,https://discord.com/channels/1042855255089623100/1501271173588193290/1522198606180778106,blofin_1782990745835.png,False,,,https://cdn.discordapp.com/attachments/1501271173588193290/1522198605908410498/blofin_1782990745835.png?ex=6a89846c&is=6a8832ec&hm=f8dcf60e5f50adb2c6e9a34c802cc152b96b0f86774413264f6560823bf01480&,Kept mentioning to buy SOL @ 66-67 right before pump
215,215_2026-07-03_025422_blofin_1783036417109.png,Blofin PnL share card,attachment,2026-07-03T02:54:22.539+03:00,Paladin [Will not DM],1365,840,193271,,1522390007971713084,https://discord.com/channels/1042855255089623100/1501271173588193290/1522390007971713084,blofin_1783036417109.png,False,,,https://cdn.discordapp.com/attachments/1501271173588193290/1522390007711531019/blofin_1783036417109.png?ex=6a898dee&is=6a883c6e&hm=1c02b763b94428fec59f979b07f088d4d7350319fee46577136133e5763ec5b1&,"Closed ETH around break even, not feeling very confident, already had a SL playing safe.

Can try a swing short with 1780 as SL but I'm out

@Paladin Notify"
216,216_2026-07-03_092545_blofin_1783059559921.png,Blofin PnL share card,attachment,2026-07-03T09:25:45.351+03:00,Paladin [Will not DM],1365,840,196470,,1522488502024147024,https://discord.com/channels/1042855255089623100/1501271173588193290/1522488502024147024,blofin_1783059559921.png,False,,,https://cdn.discordapp.com/attachments/1501271173588193290/1522488500836896920/blofin_1783059559921.png?ex=6a89e9a9&is=6a889829&hm=9878d542c8ea00c145940a84d67e2240463cbe71059cb32f3ea45f5da92292f6&,"TP @ 1.1269 
For those who want to hold TP2 @ 1.16"
217,217_2026-07-03_214702_blofin_1783104382450.png,Blofin PnL share card,attachment,2026-07-03T21:47:02.764+03:00,Paladin [Will not DM],1365,840,196074,,1522675053815267370,https://discord.com/channels/1042855255089623100/1501271173588193290/1522675053815267370,blofin_1783104382450.png,False,,,https://cdn.discordapp.com/attachments/1501271173588193290/1522675053693501542/blofin_1783104382450.png?ex=6a89eea6&is=6a889d26&hm=595c348d57197922836ff1233b4a61a88012aa0bf617a942b20c9765135e38ff&,"XRP TP hit!

@Paladin Notify"
218,218_2026-07-03_235323_Screenshot_20260704-015254.png,phone screenshot,attachment,2026-07-03T23:53:23.317+03:00,Paladin [Will not DM],864,1414,404600,,1522706848959037440,https://discord.com/channels/1042855255089623100/1501271173588193290/1522706848959037440,Screenshot_20260704-015254.png,False,,,https://cdn.discordapp.com/attachments/1501271173588193290/1522706848694669563/Screenshot_20260704-015254.png?ex=6a896383&is=6a881203&hm=7c925edf436f39f7026bae4995b9761b9ff31938de5ade2fd66d0b954c3e10da&,"64k this weekend, 66k by next week most probably.

It's a pumpy relief month."
219,219_2026-07-04_181303_Screenshot_20260704-201122.png,phone screenshot,attachment,2026-07-04T18:13:03.057+03:00,Paladin [Will not DM],863,211,25016,,1522983588046307388,https://discord.com/channels/1042855255089623100/1501271173588193290/1522983588046307388,Screenshot_20260704-201122.png,False,,,https://cdn.discordapp.com/attachments/1501271173588193290/1522983587765424149/Screenshot_20260704-201122.png?ex=6a89bc7e&is=6a886afe&hm=261c3d8532f47ad0f8258e41e841e3b166056d8753f528e64c4d390745206990&,"XRP full TP if someone held

@Paladin Notify"
220,220_2026-07-04_181533_blofin_1783178015202.png,Blofin PnL share card,attachment,2026-07-04T18:15:33.524+03:00,Paladin [Will not DM],1365,840,192180,,1522984219150647457,https://discord.com/channels/1042855255089623100/1501271173588193290/1522984219150647457,blofin_1783178015202.png,False,,,https://cdn.discordapp.com/attachments/1501271173588193290/1522984219071086772/blofin_1783178015202.png?ex=6a89bd15&is=6a886b95&hm=9d127aaea1fde29cb42712078c7906e6ce449cd5754660a9a913efb5c5ca63b0&,"TAO TP1 @ 219.4 (I fully exit here personally)
TP2 @ 223"
221,221_2026-07-04_203659_blofin_1783186587275.png,Blofin PnL share card,attachment,2026-07-04T20:36:59.806+03:00,Paladin [Will not DM],1365,840,196263,,1523019813197316169,https://discord.com/channels/1042855255089623100/1501271173588193290/1523019813197316169,blofin_1783186587275.png,False,,,https://cdn.discordapp.com/attachments/1501271173588193290/1523019813138469016/blofin_1783186587275.png?ex=6a89de3b&is=6a888cbb&hm=bd7ddd76672f6d95372cfd72371d2f781742c8b6b8e4080b6c1f1704f374e462&,"TPed on TAO, almost rejected from TP, decent win!

@Paladin Notify"
222,222_2026-07-05_022044_blofin_1783206965735.png,Blofin PnL share card,attachment,2026-07-05T02:20:44.333+03:00,Paladin [Will not DM],1365,840,194808,,1523106318733541466,https://discord.com/channels/1042855255089623100/1501271173588193290/1523106318733541466,blofin_1783206965735.png,False,,,https://cdn.discordapp.com/attachments/1501271173588193290/1523106318456459404/blofin_1783206965735.png?ex=6a89860c&is=6a88348c&hm=a85dc5088036a4ad128521b399081b912244b2bfbad1ac4d500d528084edbb14&,"Move SL to entry, setting TP @ 453.23 
Can take 10% to get your fee in case it stops BE

@Paladin Notify"
223,223_2026-07-05_052345_blofin_1783218039029.png,Blofin PnL share card,attachment,2026-07-05T05:23:45.985+03:00,Paladin [Will not DM],1365,840,195416,,1523152379120193729,https://discord.com/channels/1042855255089623100/1501271173588193290/1523152379120193729,blofin_1783218039029.png,False,,,https://cdn.discordapp.com/attachments/1501271173588193290/1523152378897891338/blofin_1783218039029.png?ex=6a89b0f1&is=6a885f71&hm=d222b1f69dabc2c49683db05414c9ef16494d5e07effc647f0b88eb689e41061&,"ZEC TP hit
Some good back to back wins on

XRP, TAO, ZEC

@Paladin Notify"
224,224_2026-07-05_063805_blofin_1783222292674.png,Blofin PnL share card,attachment,2026-07-05T06:38:05.703+03:00,Paladin [Will not DM],1365,840,191329,,1523171084533497857,https://discord.com/channels/1042855255089623100/1501271173588193290/1523171084533497857,blofin_1783222292674.png,False,,,https://cdn.discordapp.com/attachments/1501271173588193290/1523171084382376067/blofin_1783222292674.png?ex=6a89c25d&is=6a8870dd&hm=d8e9d6d040ccdd0d6086546e597abe0a664b0c673655f077b135049ab385689c&,"Closed this short, not going anywhere"
225,225_2026-07-05_125148_blofin_1783244954096.png,Blofin PnL share card,attachment,2026-07-05T12:51:48.203+03:00,Paladin [Will not DM],1365,840,192477,,1523265131314810913,https://discord.com/channels/1042855255089623100/1501271173588193290/1523265131314810913,blofin_1783244954096.png,False,,,https://cdn.discordapp.com/attachments/1501271173588193290/1523265131323064472/blofin_1783244954096.png?ex=6a897134&is=6a881fb4&hm=b7021a5778e4dfe9df2887b206f64723d593fa2a04ef465ddc4ff509eaa22ce4&,"Back in profits that's why I asked not to take SL yet, you can safely close now.

Personally I'll hold

@Paladin Notify"
226,226_2026-07-06_003437_blofin_1783287215393.png,Blofin PnL share card,attachment,2026-07-06T00:34:37.363+03:00,Paladin [Will not DM],1365,840,194690,,1523442001591140454,https://discord.com/channels/1042855255089623100/1501271173588193290/1523442001591140454,blofin_1783287215393.png,False,,,https://cdn.discordapp.com/attachments/1501271173588193290/1523442001494806671/blofin_1783287215393.png?ex=6a896d2d&is=6a881bad&hm=b18d76947ffb523cf304cd5e22bdf4edac09ba0bd2ad67a9d9786aee82c2812c&,"HYPE TP done, hot streak on a weekend.

JUP, XRP. TAO, ZEC and now HYPE!

@Paladin Notify"
227,227_2026-07-06_161045_blofin_1783343373417.png,Blofin PnL share card,attachment,2026-07-06T16:10:45.886+03:00,Paladin [Will not DM],1365,840,196649,,1523677589452095658,https://discord.com/channels/1042855255089623100/1501271173588193290/1523677589452095658,blofin_1783343373417.png,False,,,https://cdn.discordapp.com/attachments/1501271173588193290/1523677589137526856/blofin_1783343373417.png?ex=6a899fd5&is=6a884e55&hm=482e18830d62735bb38928ea7c7ef32e0269114711d80d543955dc9fff6f4297&,"TP hit on OP, I slept couldn't update timely but still around 0.5+ R

@Paladin Notify"
228,228_2026-07-06_161202_blofin_1783343499688.png,Blofin PnL share card,attachment,2026-07-06T16:12:02.273+03:00,Paladin [Will not DM],1365,840,195958,,1523677909842268388,https://discord.com/channels/1042855255089623100/1501271173588193290/1523677909842268388,blofin_1783343499688.png,False,,,https://cdn.discordapp.com/attachments/1501271173588193290/1523677909917761718/blofin_1783343499688.png?ex=6a89a022&is=6a884ea2&hm=e49c89410b8b3cede5a891f59e724e1feda0efaa42c770196899602ebec50840&,Oh by the way
229,229_2026-07-06_163145_Screenshot_20260706-182839.png,phone screenshot,attachment,2026-07-06T16:31:45.301+03:00,Paladin [Will not DM],863,348,71527,,1523682871821340743,https://discord.com/channels/1042855255089623100/1501271173588193290/1523682871821340743,Screenshot_20260706-182839.png,False,,,https://cdn.discordapp.com/attachments/1501271173588193290/1523682871389196460/Screenshot_20260706-182839.png?ex=6a89a4c1&is=6a885341&hm=4d5da1f342b6818bdcbc89fba5100b9a82e463827dcee0a7f23236e62d94d283&,"What a start to July, 100% WR past week.

@Paladin Notify"
230,230_2026-07-06_163215_Screenshot_20260706-183042.png,phone screenshot,attachment,2026-07-06T16:32:15.414+03:00,Paladin [Will not DM],863,780,86853,,1523682998124417115,https://discord.com/channels/1042855255089623100/1501271173588193290/1523682998124417115,Screenshot_20260706-183042.png,False,,,https://cdn.discordapp.com/attachments/1501271173588193290/1523682997663039558/Screenshot_20260706-183042.png?ex=6a89a4df&is=6a88535f&hm=2df46cac9b9a282648577c03d324850486d34de170421e78e2f1b5fd8bd6e61a&,This is where I risk only 3-5% per trade 🚀
231,231_2026-07-07_014058_IMG_20260707_033852_5892.jpg,other image (e.g. exchange share card),attachment,2026-07-07T01:40:58.548+03:00,Paladin [Will not DM],1067,603,49083,,1523821087757041878,https://discord.com/channels/1042855255089623100/1501271173588193290/1523821087757041878,IMG_20260707_033852_5892.jpg,False,,,https://cdn.discordapp.com/attachments/1501271173588193290/1523821087455055992/IMG_20260707_033852_5892.jpg?ex=6a897cba&is=6a882b3a&hm=14a72a6edfb33fa13b71e555fe975d0fb2400bb7841b655a6b43511fc95ad390&,"It can't get any more accurate than this

Mentioned on Sunday, we go 64k -> dump to 60-61k on Monday -> back to 64-65k

@Paladin Notify"
232,232_2026-07-07_014143_Screenshot_20260707-033402.png,phone screenshot,attachment,2026-07-07T01:41:43.071+03:00,Paladin [Will not DM],863,414,115684,,1523821274499911942,https://discord.com/channels/1042855255089623100/1501271173588193290/1523821274499911942,Screenshot_20260707-033402.png,False,,,https://cdn.discordapp.com/attachments/1501271173588193290/1523821274328072262/Screenshot_20260707-033402.png?ex=6a897ce7&is=6a882b67&hm=77779e142722de1f448d15f7e5ee2ba532b62a1c2f555db3b8fa769572c89982&,Someone asked me earlier why am I not shorting and I said I'm confident BTC will pump around 65k
233,233_2026-07-07_143311_blofin_1783423966085.png,Blofin PnL share card,attachment,2026-07-07T14:33:11.369+03:00,Paladin [Will not DM],1365,840,195887,,1524015421693628467,https://discord.com/channels/1042855255089623100/1501271173588193290/1524015421693628467,blofin_1783423966085.png,False,,,https://cdn.discordapp.com/attachments/1501271173588193290/1524015421374595173/blofin_1783423966085.png?ex=6a8988f7&is=6a883777&hm=396854d7cdcd4c22628c78b6674f0c86b8e6ca6bf9e79c7a71a305926ae7bfe0&,"And the streak continues, XLM TP hit
@Paladin Notify"
234,234_2026-07-10_055330_blofin_1783651944695.png,Blofin PnL share card,attachment,2026-07-10T05:53:30.571+03:00,Paladin [Will not DM],1365,840,194319,,1524971803544649870,https://discord.com/channels/1042855255089623100/1501271173588193290/1524971803544649870,blofin_1783651944695.png,False,,,https://cdn.discordapp.com/attachments/1501271173588193290/1524971803137806396/blofin_1783651944695.png?ex=6a89b7ea&is=6a88666a&hm=a6dee376f0d21d3a7644e01f60c6bcd2678ba45bd20f48cdd95a3806202e7b32&,"BTC TP hit 

@Paladin Notify"
235,235_2026-07-14_062447_blofin_1783999452056.png,Blofin PnL share card,attachment,2026-07-14T06:24:47.435+03:00,Paladin [Will not DM],1365,840,196207,,1526429227144974448,https://discord.com/channels/1042855255089623100/1501271173588193290/1526429227144974448,blofin_1783999452056.png,False,,,https://cdn.discordapp.com/attachments/1501271173588193290/1526429226448850955/blofin_1783999452056.png?ex=6a89bf3f&is=6a886dbf&hm=4cae34bddb188f402424a0ae6120d4b6155669985c1fcd8416a09b2c089978df&,"20% spot move, good enough for a scalp, I closed!"
236,236_2026-07-14_161222_blofin_1784034711420.png,Blofin PnL share card,attachment,2026-07-14T16:12:22.385+03:00,Paladin [Will not DM],1365,840,194192,,1526577097122775241,https://discord.com/channels/1042855255089623100/1501271173588193290/1526577097122775241,blofin_1784034711420.png,False,,,https://cdn.discordapp.com/attachments/1501271173588193290/1526577096636498011/blofin_1784034711420.png?ex=6a89a036&is=6a884eb6&hm=9dc0dc017f341224e714a7dbf60643612dd54e1783a4fa440ef5331627f5e53e&,"TP taken on BTC, 64k was almost hit

@Paladin Notify"
237,237_2026-07-15_060513_Screenshot_20260715-080217.png,phone screenshot,attachment,2026-07-15T06:05:13.402+03:00,Paladin [Will not DM],863,494,163592,,1526786690759266395,https://discord.com/channels/1042855255089623100/1501271173588193290/1526786690759266395,Screenshot_20260715-080217.png,False,,,https://cdn.discordapp.com/attachments/1501271173588193290/1526786690512060472/Screenshot_20260715-080217.png?ex=6a89baa9&is=6a886929&hm=51162209de28b9889f25d7f471d9e695f8c8e54cc562ed16750d5a37d8b908c4&,"BTW it happened as mentioned 2 days ago, a pullback for longing opportunity then 65k in the coming week (current week)"
238,238_2026-07-15_060515_Screenshot_20260715-0803542.png,phone screenshot,attachment,2026-07-15T06:05:15.609+03:00,Paladin [Will not DM],863,168,100535,,1526786700016095243,https://discord.com/channels/1042855255089623100/1501271173588193290/1526786700016095243,Screenshot_20260715-0803542.png,False,,,https://cdn.discordapp.com/attachments/1501271173588193290/1526786699856974015/Screenshot_20260715-0803542.png?ex=6a89baab&is=6a88692b&hm=dc515f21e44785a55339a2f7c0c0248aa1808c30700988784f2e693b7f3c8590&,
239,239_2026-07-16_090124_Screenshot_20260716-105748.png,phone screenshot,attachment,2026-07-16T09:01:24.476+03:00,Paladin [Will not DM],713,397,61262,,1527193416922828830,https://discord.com/channels/1042855255089623100/1501271173588193290/1527193416922828830,Screenshot_20260716-105748.png,False,,,https://cdn.discordapp.com/attachments/1501271173588193290/1527193416616640634/Screenshot_20260716-105748.png?ex=6a89e3f4&is=6a889274&hm=203ef1222e94dc4942f3a8b094acb76ebf7ac9e0514dc9e1464d4888897f52f1&,"Closed for a very small profit, I have a feeling BTC wants 66k today better close here than in red

@Paladin Notify"
240,240_2026-07-16_103447_images_-_2026-07-16T123439.135.jpeg,other image (e.g. exchange share card),attachment,2026-07-16T10:34:47.881+03:00,Paladin [Will not DM],600,402,22864,,1527216919307096144,https://discord.com/channels/1042855255089623100/1501271173588193290/1527216919307096144,images_-_2026-07-16T123439.135.jpeg,False,,,https://cdn.discordapp.com/attachments/1501271173588193290/1527216918849650778/images_-_2026-07-16T123439.135.jpeg?ex=6a895117&is=6a87ff97&hm=bf9d9bd21d84395e274e1822c111bded08d547b3a06d7c0ac0012074ee6feea7&,
241,241_2026-07-16_113025_Screenshot_20260716-132931.png,phone screenshot,attachment,2026-07-16T11:30:25.912+03:00,Paladin [Will not DM],863,211,68158,,1527230920023609345,https://discord.com/channels/1042855255089623100/1501271173588193290/1527230920023609345,Screenshot_20260716-132931.png,False,,,https://cdn.discordapp.com/attachments/1501271173588193290/1527230919696715816/Screenshot_20260716-132931.png?ex=6a895e21&is=6a880ca1&hm=8e08ac9af47de6d10b284a48c1429c116d62d9a5fee81d073217e5a22f0a5d55&,"Mentioned it last week, will go 65k then to 63k then higher, MOVED EXACTLY like that but chickened out from BTC short at the lost moment, feels awful 🥲"
242,242_2026-07-17_213023_Screenshot_20260717-232954.png,phone screenshot,attachment,2026-07-17T21:30:23.24+03:00,Paladin [Will not DM],415,439,25110,,1527744291626291353,https://discord.com/channels/1042855255089623100/1501271173588193290/1527744291626291353,Screenshot_20260717-232954.png,False,,,https://cdn.discordapp.com/attachments/1501271173588193290/1527744291420639372/Screenshot_20260717-232954.png?ex=6a89eabf&is=6a88993f&hm=5c4ac7f54ad9538763d7b5a35881170241b41dfa9652055b7eb731d42c54cdda&,"BTC TP hit with a DCA filled so good gains! 

Avg was 63.1k

@Paladin Notify"
243,243_2026-07-18_175637_Screenshot_20260718-195620.png,phone screenshot,attachment,2026-07-18T17:56:37.372+03:00,Paladin [Will not DM],356,236,15606,,1528052883902173194,https://discord.com/channels/1042855255089623100/1501271173588193290/1528052883902173194,Screenshot_20260718-195620.png,False,,,https://cdn.discordapp.com/attachments/1501271173588193290/1528052883600441374/Screenshot_20260718-195620.png?ex=6a89b8a5&is=6a886725&hm=3373c8669ef4e6d32bdfb570fdfddfe2d3307488a4f275556c57efe69fc192c8&,
244,244_2026-07-20_032314_Screenshot_20260720-052045.png,phone screenshot,attachment,2026-07-20T03:23:14.747+03:00,Paladin [Will not DM],826,1162,607111,,1528557867093856386,https://discord.com/channels/1042855255089623100/1501271173588193290/1528557867093856386,Screenshot_20260720-052045.png,False,,,https://cdn.discordapp.com/attachments/1501271173588193290/1528557866837872761/Screenshot_20260720-052045.png?ex=6a8994b2&is=6a884332&hm=448413b23e9094fcb2b71b695f1deb3bfc1fd9c459b115c66d09b615792ab7b6&,"BTC swing first TP officially hit.

@Paladin Notify"
245,245_2026-07-20_032834_Screenshot_20260716-132931.png,phone screenshot,attachment,2026-07-20T03:28:34.78+03:00,Paladin [Will not DM],863,211,68158,241_2026-07-16_113025_Screenshot_20260716-132931.png,1528559209409417396,https://discord.com/channels/1042855255089623100/1501271173588193290/1528559209409417396,Screenshot_20260716-132931.png,False,,,https://cdn.discordapp.com/attachments/1501271173588193290/1528559209136783440/Screenshot_20260716-132931.png?ex=6a8995f2&is=6a884472&hm=0680d48a47e91561b8303c290f9ff77d4d31f977e3b91b2195e87db16cd79e7e&,"Gave BTC prediction a week ago, no messy charts, no long explanation, just one line.

Now tell me didn't BTC move exactly as I mentioned?

@Paladin Notify"
246,246_2026-07-20_032837_Screenshot_20260720-052715.png,phone screenshot,attachment,2026-07-20T03:28:37.346+03:00,Paladin [Will not DM],863,1152,323057,,1528559220172001350,https://discord.com/channels/1042855255089623100/1501271173588193290/1528559220172001350,Screenshot_20260720-052715.png,False,,,https://cdn.discordapp.com/attachments/1501271173588193290/1528559219861753867/Screenshot_20260720-052715.png?ex=6a8995f5&is=6a884475&hm=4f754be73aa0b8010e45ac55cf642daaef52fa3357c50c5ca380b63373f34d70&,
247,247_2026-07-20_190104_Screenshot_20260720-205732.png,phone screenshot,attachment,2026-07-20T19:01:04.443+03:00,Paladin [Will not DM],436,212,38338,,1528793879304732755,https://discord.com/channels/1042855255089623100/1501271173588193290/1528793879304732755,Screenshot_20260720-205732.png,False,,,https://cdn.discordapp.com/attachments/1501271173588193290/1528793879116255382/Screenshot_20260720-205732.png?ex=6a89c7c0&is=6a887640&hm=b9105be9a764c02286b455c38de1ec1dbfe5dcdb50e1d546eec31b7a8d78fbcd&,"Hello darlings, took another 20% from the swing, full exit @ 66.2k

@Paladin Notify"
248,248_2026-07-21_035723_blofin_1784595366981.png,Blofin PnL share card,attachment,2026-07-21T03:57:23.599+03:00,Paladin [Will not DM],1365,840,889312,,1528928848467460147,https://discord.com/channels/1042855255089623100/1501271173588193290/1528928848467460147,blofin_1784595366981.png,False,,,https://cdn.discordapp.com/attachments/1501271173588193290/1528928847993634836/blofin_1784595366981.png?ex=6a899cb3&is=6a884b33&hm=42ee4ad09e89af8cbf06b284b6382a06a16c5823b9236025414e3fa96f0b0b93&,"Guys closing SOL around BE for now, almost hit SL twice but we survived, sorry for this messy trade 

@Paladin Notify"
249,249_2026-07-22_120200_blofin_1784709836358.png,Blofin PnL share card,attachment,2026-07-22T12:02:00.454+03:00,Paladin [Will not DM],1365,840,963024,,1529413193502298242,https://discord.com/channels/1042855255089623100/1501271173588193290/1529413193502298242,blofin_1784709836358.png,False,,,https://cdn.discordapp.com/attachments/1501271173588193290/1529413192990851072/blofin_1784709836358.png?ex=6a896588&is=6a881408&hm=42eb226e5487d9691a4f2c42924b1c93b7114dc4f2f58c2c36184d984b0cbb93&,"ZEC TP hit

@Paladin Notify"
250,250_2026-07-23_080433_blofin_1784783009924.png,Blofin PnL share card,attachment,2026-07-23T08:04:33.033+03:00,Paladin [Will not DM],1365,840,964764,,1529715823353008201,https://discord.com/channels/1042855255089623100/1501271173588193290/1529715823353008201,blofin_1784783009924.png,False,,,https://cdn.discordapp.com/attachments/1501271173588193290/1529715823042625596/blofin_1784783009924.png?ex=6a89d6a0&is=6a888520&hm=1b6f26dec5961573e222bd7dc38d3f235454babdbd0542bdf59e1071679b9d77&,"Targeting 65120 for this, can take 2nd TP at 64840"
251,251_2026-07-23_101800_blofin_1784791030548.png,Blofin PnL share card,attachment,2026-07-23T10:18:00.171+03:00,Paladin [Will not DM],1365,840,963318,,1529749407724212285,https://discord.com/channels/1042855255089623100/1501271173588193290/1529749407724212285,blofin_1784791030548.png,False,,,https://cdn.discordapp.com/attachments/1501271173588193290/1529749407371886642/blofin_1784791030548.png?ex=6a89f5e8&is=6a88a468&hm=e39ae6132d434a4a8972be0a3cc26e9f8da668216f65a38eb05c854bb271533e&,"Took 70% fully at 65120, SL to BE 

@Paladin Notify"
252,252_2026-07-24_101644_blofin_1784877205495.png,Blofin PnL share card,attachment,2026-07-24T10:16:44.589+03:00,Paladin [Will not DM],1365,840,963177,,1530111478575927336,https://discord.com/channels/1042855255089623100/1501271173588193290/1530111478575927336,blofin_1784877205495.png,False,,,https://cdn.discordapp.com/attachments/1501271173588193290/1530111478294642729/blofin_1784877205495.png?ex=6a89f59c&is=6a88a41c&hm=1a71402b49ab6d0add2543f1cca0395948f89dad1f3afd8718e65b6ec09b5270&,"TPed at 65.7k, you can extend TP to 66.1k but do take something 

@Paladin Notify"
253,253_2026-07-24_181925_blofin_1784906356954.png,Blofin PnL share card,attachment,2026-07-24T18:19:25.726+03:00,Paladin [Will not DM],1365,840,965432,,1530232950388428921,https://discord.com/channels/1042855255089623100/1501271173588193290/1530232950388428921,blofin_1784906356954.png,False,,,https://cdn.discordapp.com/attachments/1501271173588193290/1530232950145155235/blofin_1784906356954.png?ex=6a89bdfd&is=6a886c7d&hm=848187ae11ff5262fcf35847e1cc7d428f3f53045a5c3847e3cc4b94e255dee8&,"Almost 1R done on Gold, can move SL to entry.

@Paladin Notify"
254,254_2026-07-25_093419_blofin_1784960714090.png,Blofin PnL share card,attachment,2026-07-25T09:34:19.353+03:00,Paladin [Will not DM],1365,840,962831,,1530463190947987577,https://discord.com/channels/1042855255089623100/1501271173588193290/1530463190947987577,blofin_1784960714090.png,False,,,https://cdn.discordapp.com/attachments/1501271173588193290/1530463190629089310/blofin_1784960714090.png?ex=6a89ebab&is=6a889a2b&hm=ad21c35a62db98d5159e3fd7d8c5090acb259e1262dc1816f92e43a030b69d58&,"Too many trades running it's getting messy so closing this now 

@Paladin Notify"
255,255_2026-07-25_093902_Screenshot_20260725-1125522.png,phone screenshot,attachment,2026-07-25T09:39:02.143+03:00,Paladin [Will not DM],402,548,67955,,1530464377055219742,https://discord.com/channels/1042855255089623100/1501271173588193290/1530464377055219742,Screenshot_20260725-1125522.png,False,,,https://cdn.discordapp.com/attachments/1501271173588193290/1530464376857825351/Screenshot_20260725-1125522.png?ex=6a89ecc6&is=6a889b46&hm=32afd197cc056e10e8d88772939df01ae7e072f927b0ec088aa646cd338504ba&,"Same goes for GENIUS, started moving but holding for too long.

If not closing then move SL to entry and exit at 0.4-0.44 

@Paladin Notify"
256,256_2026-07-25_151503_blofin_1784981621951.png,Blofin PnL share card,attachment,2026-07-25T15:15:03.449+03:00,Paladin [Will not DM],1365,840,961848,,1530548939701358704,https://discord.com/channels/1042855255089623100/1501271173588193290/1530548939701358704,blofin_1784981621951.png,False,,,https://cdn.discordapp.com/attachments/1501271173588193290/1530548939101835414/blofin_1784981621951.png?ex=6a8992c7&is=6a884147&hm=0b17a8f03ffc2fe26c9209d379dbdbe4219a7dd68384d9421d27f55f4d019832&,"Almost at 1R I'm out

@Paladin Notify"
257,257_2026-07-26_130519_blofin_1785044853876.png,Blofin PnL share card,attachment,2026-07-26T13:05:19.742+03:00,Paladin [Will not DM],1365,840,960900,,1530878680333684797,https://discord.com/channels/1042855255089623100/1501271173588193290/1530878680333684797,blofin_1785044853876.png,False,,,https://cdn.discordapp.com/attachments/1501271173588193290/1530878680191209593/blofin_1785044853876.png?ex=6a89745f&is=6a8822df&hm=ec1aecf0fad04759b23d3b9cf879f9c2174816eed691c20d7d4c4f79dbd2d82a&,"Moving SL to BE on this one, de risking."
258,258_2026-07-26_194153_blofin_1785084020114.png,Blofin PnL share card,attachment,2026-07-26T19:41:53.389+03:00,Paladin [Will not DM],1365,840,964872,,1530978478122336388,https://discord.com/channels/1042855255089623100/1501271173588193290/1530978478122336388,blofin_1785084020114.png,False,,,https://cdn.discordapp.com/attachments/1501271173588193290/1530978477317033994/blofin_1785084020114.png?ex=6a89d151&is=6a887fd1&hm=fb1a0788785c2dd531a5569f7534e234f77ef21917a1a80213806dd2bef1d695&,"Used same setup for both, won 6 out of 6 BTC trades last week!"
259,259_2026-07-26_194153_blofin_1784877205495.png,Blofin PnL share card,attachment,2026-07-26T19:41:53.389+03:00,Paladin [Will not DM],1365,840,963177,252_2026-07-24_101644_blofin_1784877205495.png,1530978478122336388,https://discord.com/channels/1042855255089623100/1501271173588193290/1530978478122336388,blofin_1784877205495.png,False,,,https://cdn.discordapp.com/attachments/1501271173588193290/1530978477854167210/blofin_1784877205495.png?ex=6a89d151&is=6a887fd1&hm=ce9500ae59bd1ad316f4022fff14bd7aaef78a0e495a74fdf496e05a866a5d57&,"Used same setup for both, won 6 out of 6 BTC trades last week!"
260,260_2026-07-27_054000_Screenshot_20260727-055156.png,phone screenshot,attachment,2026-07-27T05:40:00.372+03:00,Paladin [Will not DM],407,219,27208,,1531128999038681261,https://discord.com/channels/1042855255089623100/1501271173588193290/1531128999038681261,Screenshot_20260727-055156.png,False,,,https://cdn.discordapp.com/attachments/1501271173588193290/1531128999068303481/Screenshot_20260727-055156.png?ex=6a89b4c0&is=6a886340&hm=078fc57469fe85c7ca44b8cfbf68723f66118272d0d533b5179ccca2015d6562&,"Went EXACTLY there, looks good for higher in my opinion"
261,261_2026-07-27_091752_Screenshot_20260727-1116452.png,phone screenshot,attachment,2026-07-27T09:17:52.119+03:00,Paladin [Will not DM],608,130,20390,,1531183825919676416,https://discord.com/channels/1042855255089623100/1501271173588193290/1531183825919676416,Screenshot_20260727-1116452.png,False,,,https://cdn.discordapp.com/attachments/1501271173588193290/1531183825462493184/Screenshot_20260727-1116452.png?ex=6a89e7d0&is=6a889650&hm=66540cc43729d327530585122b700d9f43c5383acae8a51433b1f9e02a79980b&,"TPed on BNB @ 577.3

@Paladin Notify"
262,262_2026-07-27_091819_blofin_1785133089858.png,Blofin PnL share card,attachment,2026-07-27T09:18:19.664+03:00,Paladin [Will not DM],1365,840,961921,,1531183941451649094,https://discord.com/channels/1042855255089623100/1501271173588193290/1531183941451649094,blofin_1785133089858.png,False,,,https://cdn.discordapp.com/attachments/1501271173588193290/1531183941137207306/blofin_1785133089858.png?ex=6a89e7eb&is=6a88966b&hm=7d8eb9f69f3e3bb64f46192f225793f3b506e9b8c6d90fa770705c11462025c3&,
263,263_2026-07-27_130244_Screenshot_20260727-150011.png,phone screenshot,attachment,2026-07-27T13:02:44.38+03:00,Paladin [Will not DM],501,211,29700,,1531240416563826728,https://discord.com/channels/1042855255089623100/1501271173588193290/1531240416563826728,Screenshot_20260727-150011.png,False,,,https://cdn.discordapp.com/attachments/1501271173588193290/1531240416077418669/Screenshot_20260727-150011.png?ex=6a8973c4&is=6a882244&hm=e02c06e7c448d2a23167218184576ab57017a2701d7becdef12cac4f3759fb1d&,"Closing XRP in very small profits rn, slow mover and we have new trades

Will look to long @ 1.08

@Paladin Notify"
264,264_2026-07-27_184422_blofin_1785167048611.png,Blofin PnL share card,attachment,2026-07-27T18:44:22.954+03:00,Paladin [Will not DM],1365,840,963604,,1531326393814745300,https://discord.com/channels/1042855255089623100/1501271173588193290/1531326393814745300,blofin_1785167048611.png,False,,,https://cdn.discordapp.com/attachments/1501271173588193290/1531326393349046312/blofin_1785167048611.png?ex=6a89c3d6&is=6a887256&hm=8b0052f3c1c0f39b42ab7a40a33b7b534f9efc06936b099b8e3065a2cc50e9c0&,
265,265_2026-07-27_184426_blofin_1785167052518.png,Blofin PnL share card,attachment,2026-07-27T18:44:26.261+03:00,Paladin [Will not DM],1365,840,962353,,1531326407685443824,https://discord.com/channels/1042855255089623100/1501271173588193290/1531326407685443824,blofin_1785167052518.png,False,,,https://cdn.discordapp.com/attachments/1501271173588193290/1531326407148306502/blofin_1785167052518.png?ex=6a89c3da&is=6a88725a&hm=0ced253e07f9275ae35cc94f6eb1aa8ea5e63505812c616730e9f301e56132cc&,
266,266_2026-07-28_191404_blofin_1785255215403.png,Blofin PnL share card,attachment,2026-07-28T19:14:04.937+03:00,Paladin [Will not DM],1365,840,962990,,1531696255858638968,https://discord.com/channels/1042855255089623100/1501271173588193290/1531696255858638968,blofin_1785255215403.png,False,,,https://cdn.discordapp.com/attachments/1501271173588193290/1531696255565299842/blofin_1785255215403.png?ex=6a89cacc&is=6a88794c&hm=80bb537290b9b7c7cc0e5c52691c1901e9cefa767f55b7293a543d9b84c517e1&,"Set SL to BE

@Paladin Notify"
267,267_2026-07-28_200658_blofin_1785258313582.png,Blofin PnL share card,attachment,2026-07-28T20:06:58.462+03:00,Paladin [Will not DM],1365,840,966206,,1531709566587375908,https://discord.com/channels/1042855255089623100/1501271173588193290/1531709566587375908,blofin_1785258313582.png,False,,,https://cdn.discordapp.com/attachments/1501271173588193290/1531709565668954406/blofin_1785258313582.png?ex=6a89d732&is=6a8885b2&hm=d3d84972d6973479c29331628cd0317ee71a2d4cd9180a0734da85ba8497a0da&,"TPed 70% on BTC @ 64k, leaving some for 65k

You can either 50% here and not move SL to entry and fully exit at 65k
Or
Just fully exit and enter again at 63.1k with same setup and TP at 65k

@Paladin Notify"
268,268_2026-07-29_131216_Screenshot_20260729-1511022.png,phone screenshot,attachment,2026-07-29T13:12:16.99+03:00,Paladin [Will not DM],382,169,14559,,1531967593995567274,https://discord.com/channels/1042855255089623100/1501271173588193290/1531967593995567274,Screenshot_20260729-1511022.png,False,,,https://cdn.discordapp.com/attachments/1501271173588193290/1531967593739452446/Screenshot_20260729-1511022.png?ex=6a897600&is=6a882480&hm=ba75452315a4d92fe811c605bf6815e77cadaec9ea326c901ca098e4ccee5aba&,"Exiting my last BTC position fully here, you can hold till 64.9k if you want

Cancel the BTC order given a while ago

@Paladin Notify"
269,269_2026-07-30_124020_blofin_1785404389699.png,Blofin PnL share card,attachment,2026-07-30T12:40:20.26+03:00,Paladin [Will not DM],1365,840,895797,,1532321942512730284,https://discord.com/channels/1042855255089623100/1501271173588193290/1532321942512730284,blofin_1785404389699.png,False,,,https://cdn.discordapp.com/attachments/1501271173588193290/1532321942240104518/blofin_1785404389699.png?ex=6a896e84&is=6a881d04&hm=838f79a2d17cf6034e89a1a753a0df531b041339a7fd92cc7ccb35e2e54cb183&,"Close 50% here, gamble was a GO!

@Paladin Notify"
270,270_2026-07-30_145643_blofin_1785412576787.png,Blofin PnL share card,attachment,2026-07-30T14:56:43.933+03:00,Paladin [Will not DM],1365,840,895652,,1532356267325001952,https://discord.com/channels/1042855255089623100/1501271173588193290/1532356267325001952,blofin_1785412576787.png,False,,,https://cdn.discordapp.com/attachments/1501271173588193290/1532356266649714719/blofin_1785412576787.png?ex=6a898e7b&is=6a883cfb&hm=6a5fefbba60b362813df42235b7cc3be5135164267d34235a08cfbcc4ce8a647&,"Fully TPed, told ya 65k is coming

@Paladin Notify"
271,271_2026-07-31_081701_1785475003385.png,other image (e.g. exchange share card),attachment,2026-07-31T08:17:01.177+03:00,Paladin [Will not DM],949,1310,602121,,1532618064221180016,https://discord.com/channels/1042855255089623100/1501271173588193290/1532618064221180016,1785475003385.png,False,,,https://cdn.discordapp.com/attachments/1501271173588193290/1532618063831367721/1785475003385.png?ex=6a89d98d&is=6a88880d&hm=2cfd25e1c1faaebd00f4fdd777b2e22c681c1cfe05387df9e638c3a2170ab313&,"The given TP on BTC was hit @ 64.2k

@Paladin Notify"
272,272_2026-07-31_183800_Screenshot_20260731-203641.png,phone screenshot,attachment,2026-07-31T18:38:00.598+03:00,Paladin [Will not DM],294,211,18312,,1532774341559976006,https://discord.com/channels/1042855255089623100/1501271173588193290/1532774341559976006,Screenshot_20260731-203641.png,False,,,https://cdn.discordapp.com/attachments/1501271173588193290/1532774341262184478/Screenshot_20260731-203641.png?ex=6a89c258&is=6a8870d8&hm=daced6d9cccea17e4c2c77f50aafeb948ac4a45367cdae59547ea23611ee9bc3&,"ARKM moved 0.5R from 0.096, I TPed just wanted to scalp, you can move SL to entry and set TP @ 0.1 looks good"
273,273_2026-08-01_093500_blofin_1785565917107.png,Blofin PnL share card,attachment,2026-08-01T09:35:00.898+03:00,Paladin [Will not DM],1365,840,890873,,1533000080259289209,https://discord.com/channels/1042855255089623100/1501271173588193290/1533000080259289209,blofin_1785565917107.png,False,,,https://cdn.discordapp.com/attachments/1501271173588193290/1533000079760298034/blofin_1785565917107.png?ex=6a89ebd4&is=6a889a54&hm=3c55f9d20ecb8f9dc806e239065985ae380c1f31b8ce46b8ea0b1ff004938bdd&,"GM guys both are long and short are running in decent profits

I have TPed UNI here, you can do 50% and TP fully @ 3.99 

@Paladin Notify"
274,274_2026-08-02_101006_1785654586182.png,other image (e.g. exchange share card),attachment,2026-08-02T10:10:06.445+03:00,Paladin [Will not DM],949,1310,601306,,1533371299429093397,https://discord.com/channels/1042855255089623100/1501271173588193290/1533371299429093397,1785654586182.png,False,,,https://cdn.discordapp.com/attachments/1501271173588193290/1533371299186085908/1785654586182.png?ex=6a89f40e&is=6a88a28e&hm=e8f45783910b8885f61a5e1629911edd6ffc1845e9a334488ca169a423275ebf&,"If you longed with 62k SL you're up 2R,
If you longed with 61.4k SL you're up 1R almost 

Took 50 % here @ 63.5k, fully exit by 64k

Entry was 62.5k

@Paladin Notify"
275,275_2026-08-02_233635_1785702895952.png,other image (e.g. exchange share card),attachment,2026-08-02T23:36:35.81+03:00,Paladin [Will not DM],949,1310,603293,,1533574259136401581,https://discord.com/channels/1042855255089623100/1501271173588193290/1533574259136401581,1785702895952.png,False,,,https://cdn.discordapp.com/attachments/1501271173588193290/1533574258687606956/1785702895952.png?ex=6a895f93&is=6a880e13&hm=3f2ed5584adbec4cf64e9bc8d4390e4b4a5a0802a2dcc993c75f2e2ac71e659f&,"ZEC TP taken at 490

@Paladin Notify"
276,276_2026-08-03_004938_1785706999581.png,other image (e.g. exchange share card),attachment,2026-08-03T00:49:38.048+03:00,Paladin [Will not DM],949,1310,601066,,1533592639574773810,https://discord.com/channels/1042855255089623100/1501271173588193290/1533592639574773810,1785706999581.png,False,,,https://cdn.discordapp.com/attachments/1501271173588193290/1533592639197155469/1785706999581.png?ex=6a8970b1&is=6a881f31&hm=bb792edd69f786433c96f62b4888532978ed3df6366c4eb97ae8f6c1f01486cb&,"Here you go guys ETH TP hit as well

@Paladin Notify"
277,277_2026-08-03_165657_Screenshot_20260803-185621.png,phone screenshot,attachment,2026-08-03T16:56:57.023+03:00,Paladin [Will not DM],735,559,61444,,1533836072679768215,https://discord.com/channels/1042855255089623100/1501271173588193290/1533836072679768215,Screenshot_20260803-185621.png,False,,,https://cdn.discordapp.com/attachments/1501271173588193290/1533836072407142400/Screenshot_20260803-185621.png?ex=6a89aaa8&is=6a885928&hm=ebf684e55e53fa7684fae3c156792f5fb19721101da202d3e6292e744772369b&,Should have given BTC long too but honestly was expecting 61.8k
278,278_2026-08-03_170615_1785765919699.png,other image (e.g. exchange share card),attachment,2026-08-03T17:06:15.773+03:00,Paladin [Will not DM],949,1310,602834,,1533838416246997053,https://discord.com/channels/1042855255089623100/1501271173588193290/1533838416246997053,1785765919699.png,False,,,https://cdn.discordapp.com/attachments/1501271173588193290/1533838416305848532/1785765919699.png?ex=6a89acd7&is=6a885b57&hm=b942d9bc5cbd6f19aab2d46b4abcce01f210bf85ca680227fe7437a8b9c3e0ac&,"Took TP on HYPE @ 53.5 
Moving slower than expected

I still believe it goes 54-55 so you can take small TP here and bigger at 54-55

@Paladin Notify"
279,279_2026-08-03_170652_1785765993579.png,other image (e.g. exchange share card),attachment,2026-08-03T17:06:52.593+03:00,Paladin [Will not DM],949,1310,600935,,1533838570681536705,https://discord.com/channels/1042855255089623100/1501271173588193290/1533838570681536705,1785765993579.png,False,,,https://cdn.discordapp.com/attachments/1501271173588193290/1533838570303914054/1785765993579.png?ex=6a89acfc&is=6a885b7c&hm=2404d33d47d84d8d3b908b5cacde96e05932f25ca244dd6783073be65ae3aa8a&,"ZEC missed TP by 1$ moving SL to Entry 

@Paladin Notify"
280,280_2026-08-03_174914_1785768313844.png,other image (e.g. exchange share card),attachment,2026-08-03T17:49:14.135+03:00,Paladin [Will not DM],949,1310,614306,,1533849230681309194,https://discord.com/channels/1042855255089623100/1501271173588193290/1533849230681309194,1785768313844.png,False,,,https://cdn.discordapp.com/attachments/1501271173588193290/1533849228353208510/1785768313844.png?ex=6a89b6e9&is=6a886569&hm=f08f407016e918fac4f369b0d0d99c90b8032029c2f76ad9f823e4feccbe9af7&,"Haven't even been a week and start counting the TPs 

And August is supposed to be a hard month right?

@Paladin Notify"
281,281_2026-08-03_174914_1785765993579.png,other image (e.g. exchange share card),attachment,2026-08-03T17:49:14.135+03:00,Paladin [Will not DM],949,1310,600935,279_2026-08-03_170652_1785765993579.png,1533849230681309194,https://discord.com/channels/1042855255089623100/1501271173588193290/1533849230681309194,1785765993579.png,False,,,https://cdn.discordapp.com/attachments/1501271173588193290/1533849228785487882/1785765993579.png?ex=6a89b6e9&is=6a886569&hm=0aed941c74bad7dc0382c920b7f57864123ccddd57d150ce7441936f236db5a5&,"Haven't even been a week and start counting the TPs 

And August is supposed to be a hard month right?

@Paladin Notify"
282,282_2026-08-03_174914_1785765919699.png,other image (e.g. exchange share card),attachment,2026-08-03T17:49:14.135+03:00,Paladin [Will not DM],949,1310,602834,278_2026-08-03_170615_1785765919699.png,1533849230681309194,https://discord.com/channels/1042855255089623100/1501271173588193290/1533849230681309194,1785765919699.png,False,,,https://cdn.discordapp.com/attachments/1501271173588193290/1533849229204783305/1785765919699.png?ex=6a89b6e9&is=6a886569&hm=98bf4c25ba515cc4e13ca22f1a23a82eab358082c97c5c61e085ea3f909d507d&,"Haven't even been a week and start counting the TPs 

And August is supposed to be a hard month right?

@Paladin Notify"
283,283_2026-08-03_174914_1785706999581.png,other image (e.g. exchange share card),attachment,2026-08-03T17:49:14.135+03:00,Paladin [Will not DM],949,1310,601066,276_2026-08-03_004938_1785706999581.png,1533849230681309194,https://discord.com/channels/1042855255089623100/1501271173588193290/1533849230681309194,1785706999581.png,False,,,https://cdn.discordapp.com/attachments/1501271173588193290/1533849229502447887/1785706999581.png?ex=6a89b6e9&is=6a886569&hm=3ca1981c339ab545054ec053b7ab511e085fa8b504f4aa65434f20f5ea8de739&,"Haven't even been a week and start counting the TPs 

And August is supposed to be a hard month right?

@Paladin Notify"
284,284_2026-08-03_174914_1785702895952.png,other image (e.g. exchange share card),attachment,2026-08-03T17:49:14.135+03:00,Paladin [Will not DM],949,1310,603293,275_2026-08-02_233635_1785702895952.png,1533849230681309194,https://discord.com/channels/1042855255089623100/1501271173588193290/1533849230681309194,1785702895952.png,False,,,https://cdn.discordapp.com/attachments/1501271173588193290/1533849229896978442/1785702895952.png?ex=6a89b6e9&is=6a886569&hm=174561116bd86ed0e048ad9a5d6e9e06fbe163e89fd7844a6d22f3dc1d9c06e1&,"Haven't even been a week and start counting the TPs 

And August is supposed to be a hard month right?

@Paladin Notify"
285,285_2026-08-03_174914_1785654470541.png,other image (e.g. exchange share card),attachment,2026-08-03T17:49:14.135+03:00,Paladin [Will not DM],949,1310,601947,,1533849230681309194,https://discord.com/channels/1042855255089623100/1501271173588193290/1533849230681309194,1785654470541.png,False,,,https://cdn.discordapp.com/attachments/1501271173588193290/1533849230387577005/1785654470541.png?ex=6a89b6ea&is=6a88656a&hm=f9a6f295cedc02c8eecbb0532c8a0e2323a548bdafe0bab4823ff2e89bd0ad13&,"Haven't even been a week and start counting the TPs 

And August is supposed to be a hard month right?

@Paladin Notify"
286,286_2026-08-03_235551_EMBED_HO022blXcAAPmiZ.jpg,embedded link image (X/Twitter or web),embed_image,2026-08-03T23:55:51.959+03:00,Paladin [Will not DM],949,1310,124633,,1533941496242372833,https://discord.com/channels/1042855255089623100/1501271173588193290/1533941496242372833,HO022blXcAAPmiZ.jpg,False,,https://twitter.com/i/status/2084382519739465968,https://images-ext-1.discordapp.net/external/VaD2R6xfVJqNwzwNN0lsyaf3yUTQ1UgnB2aabHLu8mA/https/pbs.twimg.com/media/HO022blXcAAPmiZ.jpg%3Alarge,"If anyone took my SPCX call from my X I have taken TP here

https://x.com/i/status/2084382519739465968

@Paladin Notify"
287,287_2026-08-04_192353_1785860557784.png,other image (e.g. exchange share card),attachment,2026-08-04T19:23:53.902+03:00,Paladin [Will not DM],949,1310,613805,,1534235441216229496,https://discord.com/channels/1042855255089623100/1501271173588193290/1534235441216229496,1785860557784.png,False,,,https://cdn.discordapp.com/attachments/1501271173588193290/1534235440662577333/1785860557784.png?ex=6a89cd19&is=6a887b99&hm=676b7e75b06320a3b204aec1e31c4c2854424620927085ff776f27addbbe200a&,"SPCX up 15% from the X call!
Excited for the earnings I just hope they don't kick me out at BE"
288,288_2026-08-04_221933_EMBED_HO5qMFabAAEgKty.jpg,embedded link image (X/Twitter or web),embed_image,2026-08-04T22:19:33.958+03:00,Paladin [Will not DM],949,1310,125096,,1534279649415397508,https://discord.com/channels/1042855255089623100/1501271173588193290/1534279649415397508,HO5qMFabAAEgKty.jpg,False,,https://twitter.com/i/status/2084720442309271664,https://images-ext-1.discordapp.net/external/AfU7D0YqML1Nyyd4MoK6RAaWUmX4_-MFYR0TghhwIhE/https/pbs.twimg.com/media/HO5qMFabAAEgKty.jpg%3Alarge,"Took more 20% after a 20% pump

https://x.com/i/status/2084720442309271664"
289,289_2026-08-05_153319_1785933110483.png,other image (e.g. exchange share card),attachment,2026-08-05T15:33:19.199+03:00,Paladin [Will not DM],949,1310,599048,,1534539802131697687,https://discord.com/channels/1042855255089623100/1501271173588193290/1534539802131697687,1785933110483.png,False,,,https://cdn.discordapp.com/attachments/1501271173588193290/1534539802018320404/1785933110483.png?ex=6a89970f&is=6a88458f&hm=a306647d19a1baa23a9d85cbe103252941659e90339e7228fe2317a93dc0135f&,"I have closed ETH in small profits @ 1882, move SL to entry and TP @ 1892 if you want to hold 

@Paladin Notify"
290,290_2026-08-05_153828_1785867756758.jpg,other image (e.g. exchange share card),attachment,2026-08-05T15:38:28.172+03:00,Paladin [Will not DM],1080,582,32632,,1534541098058383451,https://discord.com/channels/1042855255089623100/1501271173588193290/1534541098058383451,1785867756758.jpg,False,,,https://cdn.discordapp.com/attachments/1501271173588193290/1534541096087195818/1785867756758.jpg?ex=6a899843&is=6a8846c3&hm=ad71e4d9f5c37b16fa3900e3b142268496e9d6b45aa178faa26c692b3e125bdb&,BTC target hit as well @64.5 some of you longed with ETH
291,291_2026-08-05_160408_Screenshot_20260804-001735.png,phone screenshot,attachment,2026-08-05T16:04:08.632+03:00,Paladin [Will not DM],565,211,24931,,1534547559215923331,https://discord.com/channels/1042855255089623100/1501271173588193290/1534547559215923331,Screenshot_20260804-001735.png,False,,,https://cdn.discordapp.com/attachments/1501271173588193290/1534547558892966069/Screenshot_20260804-001735.png?ex=6a899e48&is=6a884cc8&hm=764bc1d2ff01c991fd9f7033bafb9d77d168374bd04c5f6a585196d4bba76edc&,"ZEC missed TP by 0.5$ cents, hit BE and hit both TPs"
292,292_2026-08-05_160517_Screenshot_20260805-180310.png,phone screenshot,attachment,2026-08-05T16:05:17.143+03:00,Paladin [Will not DM],863,211,55539,,1534547846572015678,https://discord.com/channels/1042855255089623100/1501271173588193290/1534547846572015678,Screenshot_20260805-180310.png,False,,,https://cdn.discordapp.com/attachments/1501271173588193290/1534547845950996782/Screenshot_20260805-180310.png?ex=6a899e8c&is=6a884d0c&hm=5b8972f2cc12d224a454f74122b4257267eff2d6f61ca4a94c1f529aaaf7e9c5&,"Likewise closed BNB too soon, never hit SL and hit went TP 

Not to worry we still got 9 TPs and it hasn't even 9 days but some hard luck"
293,293_2026-08-05_192258_1785946967096.png,other image (e.g. exchange share card),attachment,2026-08-05T19:22:58.85+03:00,Paladin [Will not DM],949,1310,612268,,1534597598177005659,https://discord.com/channels/1042855255089623100/1501271173588193290/1534597598177005659,1785946967096.png,False,,,https://cdn.discordapp.com/attachments/1501271173588193290/1534597598084862115/1785946967096.png?ex=6a89cce2&is=6a887b62&hm=68ffafabb8d74aeeb3dbf99338dc7cc8847b302c60bee88ad6684b9e3bfaeb66&,"Closing ETH here

@Paladin Notify"
294,294_2026-08-06_122731_1786008385332.png,other image (e.g. exchange share card),attachment,2026-08-06T12:27:31.961+03:00,Paladin [Will not DM],949,1310,613050,,1534855435092230227,https://discord.com/channels/1042855255089623100/1501271173588193290/1534855435092230227,1786008385332.png,False,,,https://cdn.discordapp.com/attachments/1501271173588193290/1534855434610147398/1786008385332.png?ex=6a896b83&is=6a881a03&hm=4692d13eb67860fa96986f9acc42c272c26309bf0d290a3957296c249b926bf0&,"Hey guys still in ETH, went nearly 1R didn't book, I also shorted BTC last night with ETH 

SL can be 66k, will keep some for DCA 

@Paladin Notify"
295,295_2026-08-06_162506_Screenshot_20260806-182417.png,phone screenshot,attachment,2026-08-06T16:25:06.878+03:00,Paladin [Will not DM],753,601,239548,,1534915224547889192,https://discord.com/channels/1042855255089623100/1501271173588193290/1534915224547889192,Screenshot_20260806-182417.png,False,,,https://cdn.discordapp.com/attachments/1501271173588193290/1534915224090706061/Screenshot_20260806-182417.png?ex=6a89a332&is=6a8851b2&hm=770f5a246499b8557a9adbc92df61902e3b311e33adde1d794585936e0737ecf&,"Closed ETH @ 1892, 1R done
You can keep 50% and let it run to 1885

@Paladin Notify"
296,296_2026-08-07_171018_Screenshot_20260807-183048.png,phone screenshot,attachment,2026-08-07T17:10:18.948+03:00,Paladin [Will not DM],863,285,66585,,1535288987659280535,https://discord.com/channels/1042855255089623100/1501271173588193290/1535288987659280535,Screenshot_20260807-183048.png,False,,,https://cdn.discordapp.com/attachments/1501271173588193290/1535288987332120667/Screenshot_20260807-183048.png?ex=6a89adca&is=6a885c4a&hm=118e7902bb115f4441cc9dafe06f6cd4603fcc9dad11a864e4f3d10753ae98ce&,"If anyone entered from 65.3k you sniped!

SL to entry it book 50%"
297,297_2026-08-10_160939_Screenshot_20260810-180913.png,phone screenshot,attachment,2026-08-10T16:09:39.355+03:00,Paladin [Will not DM],387,444,46096,,1536360885696856125,https://discord.com/channels/1042855255089623100/1501271173588193290/1536360885696856125,Screenshot_20260810-180913.png,False,,,https://cdn.discordapp.com/attachments/1501271173588193290/1536360885486878865/Screenshot_20260810-180913.png?ex=6a899f93&is=6a884e13&hm=86eec68ea421e93f2ec49cafa67f923743ca14e24fd50b7972a53271c696fe9f&,"Closed ETH finally

@Paladin Notify"
298,298_2026-08-10_165901_blofin_1786370256254.png,Blofin PnL share card,attachment,2026-08-10T16:59:01.767+03:00,Paladin [Will not DM],1365,840,896130,,1536373310953365534,https://discord.com/channels/1042855255089623100/1501271173588193290/1536373310953365534,blofin_1786370256254.png,False,,,https://cdn.discordapp.com/attachments/1501271173588193290/1536373310659633263/blofin_1786370256254.png?ex=6a89ab25&is=6a8859a5&hm=98090d77d11bb274c551c897b2be45c9bbdb849fb42ee348a9e03413fd1bebe7&,"Target reached that I mentioned earlier 75% closed here, 25% leaving for 64k 

@Paladin Notify"
299,299_2026-08-10_180251_1786374134448.png,other image (e.g. exchange share card),attachment,2026-08-10T18:02:51.934+03:00,Paladin [Will not DM],949,1310,610469,,1536389375838130306,https://discord.com/channels/1042855255089623100/1501271173588193290/1536389375838130306,1786374134448.png,False,,,https://cdn.discordapp.com/attachments/1501271173588193290/1536389375510843554/1786374134448.png?ex=6a89ba1b&is=6a88689b&hm=278f5dcca9bcf4eeb450dbcae03800ba54ef66d39d6714023f13b4e339fdc4f4&,"TP taken for a 0.7R, 1R with soft SL 

@Paladin Notify"
300,300_2026-08-11_140541_1786446300323.png,other image (e.g. exchange share card),attachment,2026-08-11T14:05:41.375+03:00,Paladin [Will not DM],949,1310,610036,,1536692076413194301,https://discord.com/channels/1042855255089623100/1501271173588193290/1536692076413194301,1786446300323.png,False,,,https://cdn.discordapp.com/attachments/1501271173588193290/1536692076035575828/1786446300323.png?ex=6a898285&is=6a883105&hm=75d6cd9a7ef3be7f6286adb40044d1d2fe6c011b0dba6c8f2954dbbd2bd0f0a5&,"ETH TP hit 

@Paladin Notify"
301,301_2026-08-11_180719_EMBED_HPczaFOaAAEpO1M.jpg,embedded link image (X/Twitter or web),embed_image,2026-08-11T18:07:19.324+03:00,Paladin [Will not DM],754,616,22746,,1536752885218541688,https://discord.com/channels/1042855255089623100/1501271173588193290/1536752885218541688,HPczaFOaAAEpO1M.jpg,False,,https://twitter.com/i/status/2087193481961963834,https://images-ext-1.discordapp.net/external/PkFzux11jAMTLWHpUzxrxGXWVFagcsbm7g0r8DL28RA/https/pbs.twimg.com/media/HPczaFOaAAEpO1M.jpg%3Alarge,https://x.com/i/status/2087193481961963834
302,302_2026-08-11_232428_EMBED_HPdVJrLa0AAXt0j.jpg,embedded link image (X/Twitter or web),embed_image,2026-08-11T23:24:28.375+03:00,Paladin [Will not DM],756,619,19728,,1536832698843271221,https://discord.com/channels/1042855255089623100/1501271173588193290/1536832698843271221,HPdVJrLa0AAXt0j.jpg,False,,https://twitter.com/i/status/2087230603582390494,https://images-ext-1.discordapp.net/external/R0Zg8JNRr-njsq0hOjycCb2e0QHKeEx6fa_bxowdB2M/https/pbs.twimg.com/media/HPdVJrLa0AAXt0j.jpg%3Alarge,"A lot of people ask me when to buy BTC for the bull run, IDK when but I personally believe the bottom is near or sooner than Oct - Nov for that I have started a public accumulation plan on my X.

If anyone's interested in spot buying and don't know when to, they can use this as a guide, no I'm not trying to buy bottom just  accumulating for the next run and yeah as they say NFA

@Paladin Notify 

https://x.com/i/status/2087230603582390494"
303,303_2026-08-12_151555_1786536770895.png,other image (e.g. exchange share card),attachment,2026-08-12T15:15:55.752+03:00,Paladin [Will not DM],949,1310,599508,,1537072140657102968,https://discord.com/channels/1042855255089623100/1501271173588193290/1537072140657102968,1786536770895.png,False,,,https://cdn.discordapp.com/attachments/1501271173588193290/1537072140350922762/1786536770895.png?ex=6a8992fb&is=6a88417b&hm=1e7f07d29e68389870cbf91ad27902777b15c9cf82cd0f55b3f6fc590733ed96&,"BTC DCA filled entry is around 63.8k
Even if you didn't DCA 63.9k

I'm targeting 64.5-64.6k for now can pump upto 65, will exit when I see rejection 

If anyone wants to exit before CPI they can safely

@Paladin Notify"
304,304_2026-08-14_114000_1786696764450.png,other image (e.g. exchange share card),attachment,2026-08-14T11:40:00.246+03:00,Paladin [Will not DM],949,1310,597389,,1537742577057538099,https://discord.com/channels/1042855255089623100/1501271173588193290/1537742577057538099,1786696764450.png,False,,,https://cdn.discordapp.com/attachments/1501271173588193290/1537742577011269672/1786696764450.png?ex=6a896060&is=6a880ee0&hm=b293d4bc23463af6de603e533c3d152f292a379eb91d7ae9dfadeb06b1bf0eb0&,"TP hit for HYPE
@Paladin Notify"
305,305_2026-08-15_044238_1786757982911.png,other image (e.g. exchange share card),attachment,2026-08-15T04:42:38.539+03:00,Paladin [Will not DM],949,1310,582106,,1537999932391432213,https://discord.com/channels/1042855255089623100/1501271173588193290/1537999932391432213,1786757982911.png,False,,,https://cdn.discordapp.com/attachments/1501271173588193290/1537999931992834118/1786757982911.png?ex=6a89a74e&is=6a8855ce&hm=e7ce0af24a2bceca0ebfa20b9dceb6d4dec204085a11d2c11aeeebbfa4fb9123&,"ZEC TP hit

@Paladin Notify"
306,306_2026-08-15_150840_Screenshot_20260815-170636.png,phone screenshot,attachment,2026-08-15T15:08:40.794+03:00,Paladin [Will not DM],864,1872,208784,,1538157479907557397,https://discord.com/channels/1042855255089623100/1501271173588193290/1538157479907557397,Screenshot_20260815-170636.png,False,,,https://cdn.discordapp.com/attachments/1501271173588193290/1538157479685398549/Screenshot_20260815-170636.png?ex=6a899148&is=6a883fc8&hm=06ab2a00f5eb2357f7e87d40b60a3d8c40ceebf56edc5a68ab0dc0cb07e5859d&,"Great exit on ZEC, looks ready for a round 2 with same setup I'm not taking but looks valid"
307,307_2026-08-15_174918_Screenshot_20260815-194113.png,phone screenshot,attachment,2026-08-15T17:49:18.354+03:00,Paladin [Will not DM],863,699,182595,,1538197902764281976,https://discord.com/channels/1042855255089623100/1501271173588193290/1538197902764281976,Screenshot_20260815-194113.png,False,,,https://cdn.discordapp.com/attachments/1501271173588193290/1538197902449713242/Screenshot_20260815-194113.png?ex=6a89b6ee&is=6a88656e&hm=21323bf19b46d7083b6bb518b58b9f95557f5cd8ddd90629297892299cdc42af&,
308,308_2026-08-17_133607_1786962852833.png,other image (e.g. exchange share card),attachment,2026-08-17T13:36:07.539+03:00,Paladin [Will not DM],949,1310,582895,,1538858963599237141,https://discord.com/channels/1042855255089623100/1501271173588193290/1538858963599237141,1786962852833.png,False,,,https://cdn.discordapp.com/attachments/1501271173588193290/1538858963268018247/1786962852833.png?ex=6a897b97&is=6a882a17&hm=9d32ba6f6fc895f43e25a2e77e7b5c6d8420d57ec851e4a0ce9a245afd42eb62&,"SOL DCA filled and in some profits, closing here @ 75.6 for now

@Paladin Notify"
309,309_2026-08-17_184932_1786981767602.png,other image (e.g. exchange share card),attachment,2026-08-17T18:49:32.584+03:00,Paladin [Will not DM],949,1310,595826,,1538937837674565754,https://discord.com/channels/1042855255089623100/1501271173588193290/1538937837674565754,1786981767602.png,False,,,https://cdn.discordapp.com/attachments/1501271173588193290/1538937837141893252/1786981767602.png?ex=6a89c50c&is=6a88738c&hm=1b6d074984252f1a98c377507e47b0a2f2b8b53cc1eedf6d6f75c14c1e57ff73&,
310,310_2026-08-17_225229_1786996299550.png,other image (e.g. exchange share card),attachment,2026-08-17T22:52:29.627+03:00,Paladin [Will not DM],949,1310,596470,,1538998978224463882,https://discord.com/channels/1042855255089623100/1501271173588193290/1538998978224463882,1786996299550.png,False,,,https://cdn.discordapp.com/attachments/1501271173588193290/1538998977662550016/1786996299550.png?ex=6a89553d&is=6a8803bd&hm=727bf8d24961ee911857a48d3cbfe7555f79d1f283f48aefb61bea12368aacce&,"Closing WLD for some profits as I mentioned not planning to hold, just scalping and winning

@Paladin Notify"
311,311_2026-08-18_175014_Screenshot_20260818-192521.png,phone screenshot,attachment,2026-08-18T17:50:14.898+03:00,Paladin [Will not DM],864,1538,257630,,1539285303523545188,https://discord.com/channels/1042855255089623100/1501271173588193290/1539285303523545188,Screenshot_20260818-192521.png,False,,,https://cdn.discordapp.com/attachments/1501271173588193290/1539285303133732945/Screenshot_20260818-192521.png?ex=6a89b726&is=6a8865a6&hm=beae0e7d2b655fd69c6bd34dc0a4b66b01ae376de7ff541e5bdbf5cc84780b94&,"From an educational point of view this is how EMA 200 acts, if it's reclaims, it's very hard to breakdown, you can expect at least 2 bounce from EMA 200 on any time frame"
312,312_2026-08-19_183843_EMBED_HQGHi1KW0AATD0S.jpg,embedded link image (X/Twitter or web),embed_image,2026-08-19T18:38:43.69+03:00,Paladin [Will not DM],760,425,18387,,1539659891747192934,https://discord.com/channels/1042855255089623100/1501271173588193290/1539659891747192934,HQGHi1KW0AATD0S.jpg,False,,https://twitter.com/Paladinccore/status/2090100741633692063,https://images-ext-1.discordapp.net/external/vn7PnI2eJNbXRrvi55H5JUbVLqMwxGndapdRJpJFrx4/https/pbs.twimg.com/media/HQGHi1KW0AATD0S.jpg%3Alarge,"Sorry I meant public accumulation almost 10% up, bought right before the pump!

https://x.com/Paladinccore/status/2090100741633692063"
313,313_2026-08-19_185639_Screenshot_20260819-204740.png,phone screenshot,attachment,2026-08-19T18:56:39.314+03:00,Paladin [Will not DM],863,530,154527,,1539664403241238568,https://discord.com/channels/1042855255089623100/1501271173588193290/1539664403241238568,Screenshot_20260819-204740.png,False,,,https://cdn.discordapp.com/attachments/1501271173588193290/1539664402939125820/Screenshot_20260819-204740.png?ex=6a89c6b7&is=6a887537&hm=80a3faccab64599886c7982ab5557a436d9d04a0faa70a8ecc1a7ab91c37604e&,"I know we had SLs and it must be hurting rn but we win alot, 3 SLs after a whole month of almost winning we will win again and alot, I promise.

Meanwhile look HOW ACCURATE THIS WAS, everyone else said August is bearish, not me, that's why I bought big at 63k"
314,314_2026-08-19_223703_Picsart_26-08-20_00-36-21-428.png,other image (e.g. exchange share card),attachment,2026-08-19T22:37:03.908+03:00,Paladin [Will not DM],1376,1080,235398,,1539719871208751124,https://discord.com/channels/1042855255089623100/1501271173588193290/1539719871208751124,Picsart_26-08-20_00-36-21-428.png,False,,,https://cdn.discordapp.com/attachments/1501271173588193290/1539719870826938388/Picsart_26-08-20_00-36-21-428.png?ex=6a89fa5f&is=6a88a8df&hm=ab8c7764e7bbf6d93e818b6fb59fc540ff64e81d1b5e022dddc957d7116937f6&,"Been telling you guys to buy HYPE and SOL for a month now, up nearly 30% if you want to take something.

I'll TP around new ATH or so

@Paladin Notify"
315,315_2026-08-20_101339_blofin_1787209981050.png,Blofin PnL share card,attachment,2026-08-20T10:13:39.069+03:00,Paladin [Will not DM],1365,840,894979,,1539895172819853352,https://discord.com/channels/1042855255089623100/1501271173588193290/1539895172819853352,blofin_1787209981050.png,False,,,https://cdn.discordapp.com/attachments/1501271173588193290/1539895171968401469/blofin_1787209981050.png?ex=6a89f4e2&is=6a88a362&hm=41f9db91441d3553f898fbc49d9b91eceda9181ac644dd6bb9a0c32e75d0c87d&,"Closed my long scalp, snipe entry if you entered from 68.9k

@Paladin Notify"
316,316_2026-08-20_111835_Screenshot_20260820-1316552.png,phone screenshot,attachment,2026-08-20T11:18:35.046+03:00,Paladin [Will not DM],430,117,27180,,1539911513731760148,https://discord.com/channels/1042855255089623100/1501271173588193290/1539911513731760148,Screenshot_20260820-1316552.png,False,,,https://cdn.discordapp.com/attachments/1501271173588193290/1539911512997494884/Screenshot_20260820-1316552.png?ex=6a895b5a&is=6a8809da&hm=cf4e5bc10dc715376739c8e3c039c938a49e75d172000de5582358488b788bde&,"Closing BTC extended TP setup as well @ 71k

@Paladin Notify"
317,317_2026-08-20_200756_Screenshot_20260819-203352.png,phone screenshot,attachment,2026-08-20T20:07:56.714+03:00,Paladin [Will not DM],863,443,54945,,1540044731822641243,https://discord.com/channels/1042855255089623100/1501271173588193290/1540044731822641243,Screenshot_20260819-203352.png,False,,,https://cdn.discordapp.com/attachments/1501271173588193290/1540044731420246116/Screenshot_20260819-203352.png?ex=6a89d76c&is=6a8885ec&hm=5e72b8c5d5bd19cf2ddfc35069c5fd7144f79dea0e3235d3fdd28e52e86d70ce&,"My holdings for bull run, I have been accumulating this since last 6 months"
318,318_2026-08-21_044722_Screenshot_20260821-064543.png,phone screenshot,attachment,2026-08-21T04:47:22.632+03:00,Paladin [Will not DM],864,1524,681540,,1540175451157176320,https://discord.com/channels/1042855255089623100/1501271173588193290/1540175451157176320,Screenshot_20260821-064543.png,False,,,https://cdn.discordapp.com/attachments/1501271173588193290/1540175450712576082/Screenshot_20260821-064543.png?ex=6a89a86a&is=6a8856ea&hm=ada6f6ae81f924eb51b616d81e8ff9b0aefb9e9cd9533dbb23b97162d50ed4e3&,"Check time when I posted this when BTC was 69k, rn it's 75k

@Paladin Notify"
319,319_2026-08-21_045615_EMBED_HQNepSnWcAA7Ybm.jpg,embedded link image (X/Twitter or web),embed_image,2026-08-21T04:56:15.954+03:00,Paladin [Will not DM],758,490,18946,,1540177688071770203,https://discord.com/channels/1042855255089623100/1501271173588193290/1540177688071770203,HQNepSnWcAA7Ybm.jpg,False,,https://twitter.com/Paladinccore/status/2090618721853460776,https://images-ext-1.discordapp.net/external/wKdqW9xJFGKvvLv582hFlUVMSGG2XQeJ7yZwh7ObRoI/https/pbs.twimg.com/media/HQNepSnWcAA7Ybm.jpg%3Alarge,"But to prove my thesis, I told to buy BTC 2 days ago, right on the day of pump and it's up 20% from 63k!

https://x.com/Paladinccore/status/2090618721853460776"
320,320_2026-08-21_133236_Screenshot_20260821-143727.png,phone screenshot,attachment,2026-08-21T13:32:36.564+03:00,Paladin [Will not DM],863,631,175301,,1540307630168215632,https://discord.com/channels/1042855255089623100/1501271173588193290/1540307630168215632,Screenshot_20260821-143727.png,False,,,https://cdn.discordapp.com/attachments/1501271173588193290/1540307629866360934/Screenshot_20260821-143727.png?ex=6a897ac4&is=6a882944&hm=1d5ab4bb9ff5b8eb911c1a0fcb49e5eff2e79f6d9da49e5a0ea5dc0267f692a3&,"Well guys they are speed running my predictions, mentioned at 73k, 80k is next!

Up 30-50% on BTC and HYPE
SUI, AVAX, LINK, SOL moving as well!"
