date,btc_bh,r4_btc,r4_eth,r4_btc_v2,r4_eth_v2,adx,carry,chento_btc,chento_eth,eth_daily,ema_1w_btc,gold,cash,aux_btc_30d,aux_mode,aux_gated,aux_r4_lev,aux_ema_dir,aux_adx_dir,aux_chento_btc_dir,aux_chento_eth_dir,aux_gold_proxy
2020-01-01,0.0007810730164,0,0,-0.005068337276,0.02408964365,0,0,0,0,0,0,0,0.0001095890411,-0.02647313111,bear,0,2.5,0,0,0,0,1
2020-01-02,-0.03265447829,0,0,0,0,0,0,0,0,0,-0,0.003290556104,0.0001095890411,-0.01280866652,bear,0,2.5,0,0,0,0,1
2020-01-03,0.0544452755,0,0,0.1389527175,0.1266779297,0,0,0,0,0,0,0.01620200142,0.0001095890411,-0.04483929842,bear,0,2.5,0,0,0,0,1
2020-01-04,0.001245752189,0,0,0,0,0,0,0,0,0,0,0,0.0001095890411,0.02093874056,uncertain,0,2.5,0,0,0,0,1
2020-01-05,0.0006309397058,0,0,0,0,0,0,0,0,0,0,0,0.0001095890411,-0.004721883881,bear,0,2.5,0,0,0,0,1
2020-01-06,0.05425513844,0.004756076717,0,0,0,0,0,0,0,0,0,0.01097340597,0.0001095890411,-0.02241390534,bear,0,2.5,0,0,0,0,1
2020-01-07,0.0499200825,0,0,0,0,0,-0.0007,0,0,0,0,0.003575595601,0.0001095890411,0.03602863702,uncertain,0,2.5,0,0,0,0,1
2020-01-08,-0.01096340457,0,-0.09628439486,0.02174594354,-0.02952141276,0,0.00032514,0,0,0,-0,-0.009161486173,0.0001095890411,0.08457532579,uncertain,0,2.5,0,0,0,0,1
2020-01-09,-0.02957057987,0,0,0,0,0,0.0003,0,0,0,-0,-0.003659993035,0.0001095890411,0.09774835664,uncertain,0,2.5,0,0,0,0,1
2020-01-10,0.04851261742,0,0,0.01299976529,0.02855162786,0,0.0003,0,0,0,0,0.003737867507,0.0001095890411,0.08217321671,uncertain,0,2.5,0,0,0,0,1
2020-01-11,-0.0215944331,0,0,0,0,0,0.00037846,0,0,0,-0,0,0.0001095890411,0.1368959778,uncertain,0,2.5,0,0,0,0,1
2020-01-12,0.02056979979,0,0,0,0,0,0.0003,0,0,0,0,0,0.0001095890411,0.1141873944,uncertain,0,2.5,0,0,0,0,1
2020-01-13,-0.009119142625,-0.003135516469,0,0,0,-0.009119142625,0.0003,0,0,0,-0,-0.005842680954,0.0001095890411,0.1276438042,uncertain,0,2.5,0,1,0,0,1
2020-01-14,0.08626888638,0,0,0,0,0.08626888638,0.000459,0,0,0,0,-0.003874967648,0.0001095890411,0.14811475,uncertain,0,2.5,0,1,0,0,1
2020-01-15,0.00129398264,0,0,0,0,0.00129398264,0.00078889,0,0,0,0,0.006288868658,0.0001095890411,0.2376060428,uncertain,0,2.5,0,1,0,0,1
2020-01-16,-0.01149476104,0,0,0,0,-0.01149476104,0.00082657,0,0,0,-0,-0.001997278291,0.0001095890411,0.2800012189,uncertain,0,2.5,0,1,0,0,1
2020-01-17,0.02216396541,0,0,0,0,0.02216396541,0.00081776,0,0,0,0,0.006326693885,0.0001095890411,0.3164624039,uncertain,0,2.5,0,1,0,0,1
2020-01-18,0.0003006749479,0,0,0,0,0.0003006749479,0.00071263,0,0,0,0,0,0.0001095890411,0.2247167081,uncertain,0,2.5,0,1,0,0,1
2020-01-19,-0.0240310634,0,0,0,0,-0.0240310634,0.00151837,0,0,0,-0,0,0.0001095890411,0.2469350936,uncertain,0,2.5,0,1,0,0,1
2020-01-20,-0.006820506338,0,0,0,0,-0.006820506338,0.00050484,0,0,0,-0,0,0.0001095890411,0.2106157213,uncertain,0,2.5,0,1,0,0,1
2020-01-21,0.01083964431,0,0,0,0,0.01083964431,0.00043222,0,0,0,0,-0.001539661495,0.0001095890411,0.2116434755,uncertain,0,2.5,0,1,0,0,1
2020-01-22,-0.006143522859,0,0,0,0,-0.006143522859,0.00041392,0,0,0,-0,-0.0007067434905,0.0001095890411,0.1645804006,uncertain,0,2.5,0,1,0,0,1
2020-01-23,-0.03200051599,0,0,0,0,-0.03200051599,0.00072304,0,0,0,-0,0.005979506504,0.0001095890411,0.1865864709,uncertain,0,2.5,0,1,0,0,1
2020-01-24,0.00410255434,0,0,0,0,0.00410255434,0.00114791,0,0,0,0,0.004154416529,0.0001095890411,0.1583222732,uncertain,0,2.5,0,1,0,0,1
2020-01-25,-0.01166251926,0,0,0,0,-0.01166251926,0.0003,0,0,0,-0,0,0.0001095890411,0.171330103,uncertain,0,2.5,0,1,0,0,1
2020-01-26,0.0329017886,0,0,0,0,0.0329017886,0.0003,0,0,0,0,0,0.0001095890411,0.1580921966,uncertain,0,2.5,0,1,0,0,1
2020-01-27,0.03396053395,0,0,0,0,0.03396053395,0.0003,0,0,0,0,0.00362807799,0.0001095890411,0.1874994831,uncertain,0,2.5,0,1,0,0,1
2020-01-28,0.05238690238,0,0,0,0,0.05238690238,0.00133083,0,0,0,0,-0.004819950165,0.0001095890411,0.2175231748,uncertain,0,2.5,0,1,0,0,1
2020-01-29,-0.007753186669,0,0,0,0,-0.007753186669,0.00224211,0,0,0,-0,0.0003824226835,0.0001095890411,0.2688015008,uncertain,0,2.5,0,1,0,0,1
2020-01-30,0.02275754634,0,0,0,0,0.02275754634,0.00083329,0,0,0,0,0.008727195022,0.0001095890411,0.2836778913,uncertain,0,2.5,0,1,0,0,1
2020-01-31,-0.01685235583,0,0,0,0,-0.01685235583,0.00170563,0,0,0,-0,-0.0003788920656,0.0001095890411,0.3221550944,uncertain,0,2.5,0,1,0,0,1
2020-02-01,0.003391465098,0,0,0,0,0.003391465098,0.0018971,0,0,0,0,0,0.0001095890411,0.2988591625,uncertain,0,2.5,0,1,0,0,1
2020-02-02,-0.005658199968,0,0,0,0,-0.005658199968,0.00128703,0,0,0,-0,0,0.0001095890411,0.347258212,uncertain,0,2.5,0,1,0,0,1
2020-02-03,-0.004208322126,-0.03258224489,0,0,0,-0.004208322126,0.00106539,0,0,0,-0,-0.003601031748,0.0001095890411,0.2704643728,uncertain,0,2.5,0,1,0,0,1
2020-02-04,-0.01024726008,0,0,0,0,-0.01024726008,0.00191924,0,0,0,-0,-0.01699209205,0.0001095890411,0.2635437871,uncertain,0,2.5,0,1,0,0,1
2020-02-05,0.0451254863,0,0.1838198398,0.05298657539,0.0972507901,0.0451254863,0.00072631,0,0,0,0,0.004772977488,0.0001095890411,0.2498073722,uncertain,0,2.5,0,1,0,0,1
2020-02-06,0.01664162862,0,0,0,0,0.01664162862,0.00297988,0,0,0,0,0.004686048613,0.0001095890411,0.2389842743,uncertain,0,2.5,0,1,0,0,1
2020-02-07,0.004270364306,0,0,-0.003172277393,0.03411832413,0.004270364306,0.0008996,0,0,0,0,0.002236278867,0.0001095890411,0.1997132081,uncertain,0,2.5,0,1,0,0,1
2020-02-08,0.008286349838,0,0,0,0,0.008286349838,0.00202088,0,0,0,0,0,0.0001095890411,0.2181919518,uncertain,0,2.5,0,1,0,0,1
2020-02-09,0.02594226406,0,0,0,0,0.02594226406,0.00238271,0,0,0,0,0,0.0001095890411,0.2657142199,uncertain,0,2.5,0,1,0,0,1
2020-02-10,-0.02954367474,-0.001027776592,0,0,0,-0.02954367474,0.00329673,0,0,-0.02750873124,-0,0.003888802551,0.0001095890411,0.2384683702,strong_bull,0,2.5,0,1,0,0,1
2020-02-11,0.03768335426,0,0,0,0,0.03768335426,0.00158906,0,0,0,0,-0.005778863192,0.0001095890411,0.228406199,uncertain,0,2.5,0,1,0,0,1
2020-02-12,0.01011241231,0,0.2817153116,0.02231450356,0.119202498,0.01011241231,0.00511939,0,0,0.1212343783,0,0.001149750164,0.0001095890411,0.2490048846,strong_bull,0,2.5,0,1,0,0,1
2020-02-13,-0.0093768823,0,0,0,0,-0.0093768823,0.0024837,0,0,0.009708737864,-0,0.004912562876,0.0001095890411,0.2732462511,strong_bull,0,2.5,0,1,0,0,1
2020-02-14,0.01121545941,0,0,-0.005163434451,0.03028465347,0.01121545941,0.00193725,0,0,0.0627236136,0,0.004825075045,0.0001095890411,0.161137161,strong_bull,0,2.5,0,1,0,0,1
2020-02-15,-0.04250045435,0,0,0,0,-0.04250045435,0.00243342,0,0,-0.07258539365,-0,0,0.0001095890411,0.1726424687,strong_bull,0,2.5,0,1,0,0,1
2020-02-16,0.001267072668,0,0,0,0,0.001267072668,0.00149022,0,0,0,0,0,0.0001095890411,0.1358610827,uncertain,0,2.5,0,1,0,0,1
2020-02-17,-0.02130324172,0,0,0,0,-0.02130324172,0.00195215,0,0,0,-0,0,0.0001095890411,0.1126397914,uncertain,0,2.5,0,1,0,0,1
2020-02-18,0.04726045745,0,0,0,0,0.04726045745,0.00070581,0,0,0,0,0.01093071925,0.0001095890411,0.08860963934,uncertain,0,2.5,0,1,0,0,1
2020-02-19,-0.0561668754,0,0,0,0,-0.0561668754,0.0012564,0,0,-0.08848883621,-0,0.0046875,0.0001095890411,0.1681292161,mild_bull,0,2.5,0,1,0,0,1
2020-02-20,0.0002741356648,0,0,0,0,0.0002741356648,0.0003,0,0,0,0,0.005660949043,0.0001095890411,0.1100904268,uncertain,0,2.5,0,1,0,0,1
2020-02-21,0.008402091613,0,0,0,0,0.008402091613,0.0003,0,0,0,0,0.01732030213,0.0001095890411,0.09848752809,uncertain,0,2.5,0,1,0,0,1
2020-02-22,-0.002706403294,0,0,0,0,-0.002706403294,0.00032243,0,0,0,-0,0,0.0001095890411,0.1145644733,uncertain,0,2.5,0,1,0,0,1
2020-02-23,0.02958700054,0,0,0,0,0.02958700054,0.00133981,0,0,0,0,0,0.0001095890411,0.1482940132,uncertain,0,2.5,0,1,0,0,1
2020-02-24,-0.02820639266,0,0,0,0,-0.02820639266,0.00073361,0,0,0,-0,0.01690383634,0.0001095890411,0.1774380851,uncertain,0,2.5,0,1,0,0,1
2020-02-25,-0.03524082629,0,0,0,0,-0.03524082629,0.00106701,0,0,0,-0,-0.01524754821,0.0001095890411,0.157728839,uncertain,0,2.5,0,1,0,0,1
2020-02-26,-0.05695567979,0,0,0,0,-0.03857683805,0.0012546,0,0,0,-0,-0.004189704482,0.0001095890411,0.08135113175,uncertain,0,2.5,0,1,0,0,1
2020-02-27,0.004320878746,0,0,0,0,0,0.00037363,0,0,0,0,0,0.0001095890411,-0.01373214019,bear,0,2.5,0,0,0,0,1
2020-02-28,-0.01476786793,0,0,0,0,0,0.00045263,0,0,0,-0,-0.04628050269,0.0001095890411,-0.05877828638,bear,0,2.5,0,0,0,0,1
2020-02-29,-0.01947564164,0,0,0,0,0,0.00184047,0,0,0,-0,0,0.0001095890411,-0.06543224609,bear,0,2.5,0,0,0,0,1
2020-03-01,0.000970246175,0,0,0,0,0,0.00108283,0,0,0,0,0,0.0001095890411,-0.1040237733,bear,0,2.5,0,0,0,0,1
2020-03-02,0.04493265259,0.05698284823,0,0,0,0,0.0003872,0,0,0,0,0.01802958486,0.0001095890411,-0.08778142371,bear,0,2.5,0,0,0,0,1
2020-03-03,-0.0174050278,0,0,0,0,0,0.0003,0,0,0,-0,0.03127546645,0.0001095890411,-0.05001486476,bear,0,2.5,0,0,0,0,1
2020-03-04,-0.001050219918,0,-0.01671958855,-0.01334309138,-0.0215573707,0,0.00044328,0,0,0,-0,-0.0006089763199,0.0001095890411,-0.0612376775,bear,0,2.5,0,0,0,0,1
2020-03-05,0.03471769093,0,0,0,0,0,0.00053002,0,0,0,0,0.01541651892,0.0001095890411,-0.05826044097,bear,0,2.5,0,0,0,0,1
2020-03-06,0.008525977726,0,0,0.003799600989,0.07612081006,0,0.00077838,0,0,0,0,0.00264043708,0.0001095890411,-0.01547675225,bear,0,2.5,0,0,0,0,1
2020-03-07,-0.0268531781,0,0,0,0,0,0.00104276,0,0,0,-0,0,0.0001095890411,-0.049954016,uncertain,0,2.5,0,0,0,0,1
2020-03-08,-0.09602595351,0,0,0,0,0,0.00147353,0,0,0,-0,0,0.0001095890411,-0.09059967253,bear,0,2.5,0,0,0,0,1
2020-03-09,-0.01287638595,-0.02642419992,0,0,0,0,0.0003,0,0,0,-0,0.002214478731,0.0001095890411,-0.1814213352,bear,1,1,0,0,0,0,1
2020-03-10,-0.00445278422,0,0,0,0,0,0.0003,0,0,0,-0,-0.009196789737,0.0001095890411,-0.1986023315,bear,1,1,0,0,0,0,1
2020-03-11,0.005061713382,0,-0.06195614209,-0.01111919448,-0.02672424302,0,0.00042898,0,0,0,0,-0.01066840542,0.0001095890411,-0.2223449159,bear,1,1,0,0,0,0,1
2020-03-12,-0.3950484717,0,0,0,0,0,5.423e-05,0,0,0,-0,-0.03174118119,0.0001095890411,-0.1946146046,bear,0,2.5,0,0,0,0,1
2020-03-13,0.1622083333,0,0,0.08379472099,0.06115603608,0,-0.00381451,0,0,0,0,-0.04630975612,0.0001095890411,-0.5304741819,bear,1,1,0,0,0,0,1
2020-03-14,-0.07287491485,0,0,0,0,0,-0.00131692,0,0,0,-0,0,0.0001095890411,-0.4597761479,bear,1,1,0,0,0,0,1
2020-03-15,0.03658890268,0,0,0,0,0,-0.00250891,0,0,0,-0.03808890268,0,0.0001095890411,-0.4944040009,bear,1,1,-1,0,0,0,1
2020-03-16,-0.06198683155,0,0,0,0,0,0,0,0,0,0.06198683155,-0.01966083507,0.0001095890411,-0.4817175736,bear,1,1,-1,0,0,0,1
2020-03-17,0.05640717682,0,0,0,0,0,0,0,0,0,-0.05640717682,0.02624671873,0.0001095890411,-0.4922653038,bear,1,1,-1,0,0,0,1
2020-03-18,0.01513371883,0,0,0,0,0,0,0,0,0,-0.01513371883,-0.03121514514,0.0001095890411,-0.4643041886,bear,1,1,-1,0,0,0,1
2020-03-19,0.1426523816,0,0,0,0,0,0,0,0,0,-0.1426523816,0.0008799341467,0.0001095890411,-0.4443601896,bear,1,1,-1,0,0,0,1
2020-03-20,0.00746303776,0,0,0,0,0,0,0,0,0,-0.00746303776,0.003652119913,0.0001095890411,-0.3937485673,bear,1,1,-1,0,0,0,1
2020-03-21,-0.003443743597,0,0,0,0,0,0,0,0,0,0.003443743597,0,0.0001095890411,-0.3528772258,bear,1,1,-1,0,0,0,1
2020-03-22,-0.05993069317,0,0,0,0,0,0,0,0,0,0.05993069317,0,0.0001095890411,-0.3552824908,bear,1,1,-1,0,0,0,1
2020-03-23,0.1119495752,0,0,0,0,0,0,0,0,0,-0.1119495752,0.05592991914,0.0001095890411,-0.3989707607,bear,1,1,-1,0,0,0,1
2020-03-24,0.0428941863,0,0,0,0,0,0,0,0,0,-0.0428941863,0.05947667592,0.0001095890411,-0.3298721565,bear,1,1,-1,0,0,0,1
2020-03-25,-0.00997669288,0,0,0,0,0,0,0,0,0,0.00997669288,-0.01680514586,0.0001095890411,-0.3212109013,bear,1,1,-1,0,0,0,1
2020-03-26,0.008975009847,0,0,0,0,0,0,0,0,0,-0.008975009847,0.01090481298,0.0001095890411,-0.3084776199,bear,1,1,-1,0,0,0,1
2020-03-27,-0.05614216845,0,0,0,0,0,-0.00086791,0,0,0,0.05614216845,-0.01587779623,0.0001095890411,-0.2767844875,bear,1,1,-1,0,0,0,1
2020-03-28,-0.01925741181,0,0,0,0,0,-0.00075116,0,0,0,0.01925741181,0,0.0001095890411,-0.2761606101,bear,1,1,-1,0,0,0,1
2020-03-29,-0.05695846328,0,0,0,0,0,-0.00078015,0,0,0,0.05695846328,0,0.0001095890411,-0.2931540788,bear,1,1,-1,0,0,0,1
2020-03-30,0.08721703262,0,0,0,0,0,-0.00205109,0,0,0,-0.08721703262,-0.001170037801,0.0001095890411,-0.3234233416,bear,1,1,-1,0,0,0,1
2020-03-31,0.002511580482,0,0,0,0,0,0,0,0,0,-0.002511580482,-0.02379776547,0.0001095890411,-0.2498037803,bear,1,1,-1,0,0,0,1
2020-04-01,0.03626584135,0,-0.02648874381,-0.02698251757,-0.01745544517,0,0,0,0,0,-0.03626584135,-0.003284118455,0.0001095890411,-0.248648598,bear,1,1,-1,0,0,0,1
2020-04-02,0.02275655886,0,0,0,0,0,0,0,0,0,-0.02275655886,0.03009758045,0.0001095890411,-0.254880407,bear,1,1,-1,0,0,0,1
2020-04-03,-0.0088297329,0,0,0.007484967062,0.01086312257,0,0,0,0,0,0.0088297329,0.004920957274,0.0001095890411,-0.2244251473,bear,1,1,-1,0,0,0,1
2020-04-04,0.01824891225,0,0,0,0,0,0,0,0,0,-0.01824891225,0,0.0001095890411,-0.2304650852,bear,1,1,-1,0,0,0,1
2020-04-05,-0.01228089876,0,0,0,0,0,0,0,0,0,0.01228089876,0,0.0001095890411,-0.2427131605,bear,1,1,-1,0,0,0,1
2020-04-06,0.08225868846,0.02866517287,0,0,0,0,0,0,0,0,-0.08225868846,0.02650428483,0.0001095890411,-0.258336728,bear,1,1,-1,0,0,0,1
2020-04-07,-0.01808755918,0,0,0,0,0,0,0,0,0,0.01808755918,-0.007274866531,0.0001095890411,-0.1751794262,uncertain,1,1,-1,0,0,0,1
2020-04-08,0.02278070171,0,0.005892512863,-0.01945357528,-0.03245238095,0,0,0,0,0,-0.02278070171,0.0003603889767,0.0001095890411,-0.1040654475,bear,1,1,-1,0,0,0,1
2020-04-09,-0.01056066336,0,0,0,0,0,-0.00108859,0,0,0,0.01056066336,0.04251226475,0.0001095890411,-0.07170231038,uncertain,1,1,-1,0,0,0,1
2020-04-10,-0.05829857459,0,0,-0.04063302805,-0.03473743649,0,0.00014997,0,0,0,0.05829857459,0,0.0001095890411,-0.07739760037,uncertain,1,1,-1,0,0,0,1
2020-04-11,0.002611198264,0,0,0,0,0,0.0003,0,0,0,-0.002611198264,0,0.0001095890411,-0.135559555,bear,1,1,-1,0,0,0,1
2020-04-12,0.003920411003,0,0,0,0,0,0.00028453,0,0,0,-0.003920411003,0,0.0001095890411,0.4326729167,uncertain,1,1,-1,0,0,0,1
2020-04-13,-0.00954258458,0.007570575984,0,0,0,0,-0.00015199,0,0,0,0.00954258458,0.004953402775,0.0001095890411,0.2375488474,uncertain,1,1,-1,0,0,0,1
2020-04-14,0.004502837855,0,0,0,0,0,-0.00015818,0,0,0,-0.004502837855,0.006820209772,0.0001095890411,0.322086364,uncertain,1,1,-1,0,0,0,1
2020-04-15,-0.03602719583,0,0,0,0,0,-0.00114508,0,0,0,0.03602719583,-0.0167928507,0.0001095890411,0.2811631507,uncertain,1,1,-1,0,0,0,1
2020-04-16,0.07259969432,0,0,0,0,0,0,0,0,0,-0.07259969432,-0.00393696558,0.0001095890411,0.3166195066,uncertain,1,1,-1,0,0,0,1
2020-04-17,-0.01047460271,0,0,0,0,0,0,0,0,0,0.01047460271,-0.01813535968,0.0001095890411,0.3368005361,uncertain,1,1,-1,0,0,0,1
2020-04-18,0.03145477442,0,0,0,0,0,0,0,0,0,-0.03145477442,0,0.0001095890411,0.3030776705,uncertain,1,1,-1,0,0,0,1
2020-04-19,-0.01763926827,0,0,0,0,0,0,0,0,0,0.01763926827,0,0.0001095890411,0.1762682215,uncertain,1,1,-1,0,0,0,1
2020-04-20,-0.04127520454,0,0,0,0,0,0,0,0,0,0.04127520454,0.007340767684,0.0001095890411,0.1469599057,uncertain,1,1,-1,0,0,0,1
2020-04-21,0.002129831855,0,0,0,0,0,0,0,0,0,-0.002129831855,-0.01375177759,0.0001095890411,0.1034187924,uncertain,1,1,-1,0,0,0,1
2020-04-22,0.04147853427,0,0,0,0,0,0,0,0,0,-0.04147853427,0.03009176586,0.0001095890411,0.1762631551,uncertain,1,1,-1,0,0,0,1
2020-04-23,0.05013936568,0,0,0,0,0,0,0,0,0,-0.05013936568,0.002661015669,0.0001095890411,0.1017161695,uncertain,0,2.5,-1,0,0,0,1
2020-04-24,0.003021761763,0,0,0,0,0,0,0,0,0,-0.003021761763,-0.005653982895,0.0001095890411,0.1093699961,uncertain,0,2.5,-1,0,0,0,1
2020-04-25,0.004486342438,0,0,0,0,0,0,0,0,0,-0.004486342438,0,0.0001095890411,0.1239354063,uncertain,0,2.5,-1,0,0,0,1
2020-04-26,0.02048504577,0,0,0,0,0,0,0,0,0,-0.02048504577,0,0.0001095890411,0.11893531,uncertain,0,2.5,-1,0,0,0,1
2020-04-27,0.01059650856,0,0,0,0,0,0,0,0,0,-0.01059650856,-0.006730476116,0.0001095890411,0.2097762108,uncertain,0,2.5,-1,0,0,0,1
2020-04-28,-0.004584146878,0,0,0,0,0,-0.0007,0,0,0,0.004584146878,-0.000817819028,0.0001095890411,0.2466019417,uncertain,0,2.5,-1,0,0,0,1
2020-04-29,0.1343316561,0,0,0,0,0,0.0003,0,0,0,-0.1343316561,-0.004150818817,0.0001095890411,0.3158352915,uncertain,0,2.5,-1,0,0,0,1
2020-04-30,-0.01806330644,0,0,0,0,0,0.00120725,0,0,0,0.01806330644,-0.01127161733,0.0001095890411,0.3728571026,uncertain,0,2.5,-1,0,0,0,1
2020-05-01,0.02400928074,0,0,0.02992299302,0.01790900823,0,0.00052485,0,0,0,-0.02400928074,0.006115692392,0.0001095890411,0.3446814883,uncertain,0,2.5,-1,0,0,0,1
2020-05-02,0.01643714257,0,0,0,0,0.01643714257,0.00030144,0,0,0,-0.01643714257,0,0.0001095890411,0.328777104,uncertain,0,2.5,-1,1,0,0,1
2020-05-03,-0.00868140503,0,0,0,0,-0.00868140503,0.00044972,0,0,0,0.00868140503,0,0.0001095890411,0.3205668456,uncertain,0,2.5,-1,1,0,0,1
2020-05-04,-0.00249601986,0.05243973032,0,0,0,-0.00249601986,0.00031925,0,0,0,0.00249601986,0.007317807267,0.0001095890411,0.3207644674,uncertain,0,2.5,-1,1,0,0,1
2020-05-05,0.01689254686,0,0,0,0,0.01689254686,0.0003,0,0,0,-0.01689254686,-0.001464643485,0.0001095890411,0.2938563422,uncertain,0,2.5,-1,1,0,0,1
2020-05-06,0.01342188891,0,0.0004125857003,0.06503825978,0.007976305609,0.01342188891,0.00055981,0,0,0,-0.01342188891,-0.01185172081,0.0001095890411,0.3320719114,uncertain,0,2.5,-1,1,0,0,1
2020-05-07,0.09225499075,0,0,0,0,0.09225499075,0.0003,0,0,0,-0.09225499075,0.02232519816,0.0001095890411,0.2473458028,uncertain,0,2.5,-1,1,0,0,1
2020-05-08,-0.01866438356,0,0,-0.0157406069,-0.03064055895,-0.01866438356,0.001033,0,0,0,0.01866438356,-0.006911385804,0.0001095890411,0.3875164645,uncertain,0,2.5,-1,1,0,0,1
2020-05-09,-0.02659283001,0,0,0,0,-0.02659283001,0.00175871,0,0,0,0.02659283001,0,0.0001095890411,0.3312915689,uncertain,0,2.5,-1,1,0,0,1
2020-05-10,-0.08560601296,0,0,0,0,-0.08560601296,0.00062326,0,0,0,-0.08710601296,0,0.0001095890411,0.3097202734,uncertain,0,2.5,1,1,0,0,1
2020-05-11,-0.01848610017,-0.02250293926,0,0,0,-0.01848610017,0.0003,0,0,0,-0.01848610017,-0.008538496624,0.0001095890411,0.2717410321,uncertain,1,1,1,1,0,0,1
2020-05-12,0.02911515712,0,0,0,0,0.02911515712,0.0003,0,0,0,0.02911515712,0.005367766958,0.0001095890411,0.2449806088,uncertain,1,1,1,1,0,0,1
2020-05-13,0.05658743427,0,0.03680528149,0.01733599878,0.01836060892,0.05658743427,0.0003,0,0,0,0.05658743427,0.005573808885,0.0001095890411,0.276225088,uncertain,1,1,1,1,0,0,1
2020-05-14,0.05184131687,0,0,0,0,0.05184131687,0.0003,0,0,0,0.05184131687,0.01411981494,0.0001095890411,0.3614349999,uncertain,1,1,1,1,0,0,1
2020-05-15,-0.04856627567,0,0,0,0,-0.04856627567,0.000244,0,0,0,-0.04856627567,0.008802743825,0.0001095890411,0.4255943628,uncertain,1,1,1,1,0,0,1
2020-05-16,0.006960828301,0,0,0,0,0.006960828301,0.0003,0,0,0,0.006960828301,0,0.0001095890411,0.4070506431,uncertain,1,1,1,1,0,0,1
2020-05-17,0.03184750039,0,0,0,0,0.03184750039,0.00013014,0,0,0,0.03184750039,0,0.0001095890411,0.3209446996,uncertain,1,1,1,1,0,0,1
2020-05-18,0.005567125756,0,0,0,0,0.005567125756,0.0001336,0,0,0,0.005567125756,-0.01231890914,0.0001095890411,0.3774416404,uncertain,1,1,1,1,0,0,1
2020-05-19,0.004273710618,0,0,0,0,0.004273710618,0.00027892,0,0,0,0.004273710618,0.007160123567,0.0001095890411,0.3428703474,uncertain,1,1,1,1,0,0,1
2020-05-20,-0.02701643798,0,0,0,0,-0.02701643798,0.0003,0,0,0,-0.02701643798,0.003669318079,0.0001095890411,0.3728250154,uncertain,1,1,1,1,0,0,1
2020-05-21,-0.04655241115,0,0,0,0,-0.04655241115,7.782e-05,0,0,0,-0.04655241115,-0.01719409117,0.0001095890411,0.3932425445,uncertain,1,1,1,1,0,0,1
2020-05-22,0.0111758641,0,0,0,0,0.0111758641,-6.79e-06,0,0,0,0.0111758641,0.008195277876,0.0001095890411,0.3255605237,uncertain,1,1,1,1,0,0,1
2020-05-23,0.0009978189749,0,0,0,0,0.0009978189749,3.85e-05,0,0,0,0.0009978189749,0,0.0001095890411,0.2869922556,uncertain,1,1,1,1,0,0,1
2020-05-24,-0.04998393097,0,0,0,0,-0.04998393097,0.00024641,0,0,0,-0.04998393097,0,0.0001095890411,0.2267671159,uncertain,1,1,1,1,0,0,1
2020-05-25,0.02064254375,0,0,0,0,0.02064254375,-1.728e-05,0,0,0,0.02064254375,0,0.0001095890411,0.1619373751,uncertain,1,1,1,1,0,0,1
2020-05-26,-0.006648053166,0,0,0,0,-0.006648053166,0.00014564,0,0,0,-0.006648053166,-0.01717971127,0.0001095890411,0.1806260255,uncertain,1,1,1,1,0,0,1
2020-05-27,0.04104542606,0,0,0,0,0.04104542606,-1.921e-05,0,0,0,0.04104542606,0.003226184797,0.0001095890411,0.1492350288,uncertain,1,1,1,1,0,0,1
2020-05-28,0.04039734596,0,0,0,0,0.04039734596,-0.00019415,0,0,0,0.04039734596,0.001754078182,0.0001095890411,0.1838610762,uncertain,1,1,1,1,0,0,1
2020-05-29,-0.01554111419,0,0,0,0,-0.01554111419,3.891e-05,0,0,0,-0.01554111419,0.01377457241,0.0001095890411,0.2373581531,uncertain,1,1,1,1,0,0,1
2020-05-30,0.02870987486,0,0,0,0,0.02870987486,0.0003,0,0,0,0.02870987486,0,0.0001095890411,0.07387307956,uncertain,0,2.5,1,1,0,0,1
2020-05-31,-0.02572254097,0,0,0,0,-0.02572254097,0.0003,0,0,0,-0.02572254097,0,0.0001095890411,0.125025522,uncertain,0,2.5,1,1,0,0,1
2020-06-01,0.07964421,0.00631880657,0,0,0,0.07964421,8.027e-05,0,0,0,0.07964421,0.0005181785949,0.0001095890411,0.07038776657,uncertain,0,2.5,1,1,0,0,1
2020-06-02,-0.06692926122,0,0,0,0,-0.06692926122,0.0012279,0,0,-0.04538005076,-0.06692926122,-0.00725060266,0.0001095890411,0.1369497495,strong_bull,0,2.5,1,1,0,0,1
2020-06-03,0.01557043257,0,0.01810037253,0.008277717844,0.01316909738,0.01557043257,0.00028646,0,0,0,0.01557043257,-0.0158821604,0.0001095890411,0.07014490407,uncertain,1,1,1,1,0,0,1
2020-06-04,0.01270607806,0,0,0,0,0.01270607806,0.0003,0,0,0,0.01270607806,0.01242783307,0.0001095890411,0.08952700418,uncertain,1,1,1,1,0,0,1
2020-06-05,-0.01715180007,0,0,-0.01009788967,-0.001129766753,-0.01715180007,0.0003,0,0,0,-0.01715180007,-0.02484151064,0.0001095890411,0.08504150488,uncertain,1,1,1,1,0,0,1
2020-06-06,0.004691741952,0,0,0,0,0.004691741952,0.0003,0,0,0,0.004691741952,0,0.0001095890411,0.05230714039,uncertain,1,1,1,1,0,0,1
2020-06-07,0.008347558011,0,0,0,0,0.008347558011,0.0003,0,0,0,0.008347558011,0,0.0001095890411,-0.03205359289,uncertain,0,2.5,1,1,0,0,1
2020-06-08,0.003592904066,-0.01161290901,0,0,0,0.003592904066,0.0003,0,0,0,0.003592904066,0.01318464282,0.0001095890411,-0.005410198561,uncertain,0,2.5,1,1,0,0,1
2020-06-09,-0.000979348825,0,0,0,0,-0.000979348825,0.0003,0,0,0,-0.000979348825,0.009656657759,0.0001095890411,0.02543241713,uncertain,0,2.5,1,1,0,0,1
2020-06-10,0.01151914109,0,0.03274109823,-0.004903313855,-0.006623209375,0.01151914109,0.0003,0,0,0,0.01151914109,-0.0008164124241,0.0001095890411,0.1203356273,uncertain,0,2.5,1,1,0,0,1
2020-06-11,-0.06116337886,0,0,0,0,-0.06116337886,0.0003,0,0,0,-0.06116337886,0.01091458042,0.0001095890411,0.1545846999,uncertain,0,2.5,1,1,0,0,1
2020-06-12,0.01990539201,0,0,0.04397551541,0.05426258723,0.01990539201,0.00015898,0,0,0,0.01990539201,-0.001558863263,0.0001095890411,0.05329942037,uncertain,0,2.5,1,1,0,0,1
2020-06-13,0.00086739432,0,0,0,0,0.00086739432,0.00015275,0,0,0,0.00086739432,0,0.0001095890411,0.01673152963,uncertain,0,2.5,1,1,0,0,1
2020-06-14,-0.01385361446,0,0,0,0,-0.01485361446,0.00027102,0,0,0,-0.01385361446,0,0.0001095890411,-0.03254091614,uncertain,0,2.5,1,1,0,0,1
2020-06-15,0.008982990976,0,0,0,0,0,-0.00012362,0,0,0,0.008982990976,-0.005204417826,0.0001095890411,0.002756423605,uncertain,0,2.5,1,0,0,0,1
2020-06-16,0.01056331304,0,0,0,0,0,4.785e-05,0,0,0,0.01056331304,0.005405991103,0.0001095890411,0.004770143062,uncertain,0,2.5,1,0,0,0,1
2020-06-17,-0.006346063603,0,0,0,0,0,6.954e-05,0,0,0,-0.006346063603,-0.0002312814638,0.0001095890411,-0.01595551258,uncertain,0,2.5,1,0,0,0,1
2020-06-18,-0.008327399278,0,0,0,0,0,-0.0001397,0,0,0,-0.008327399278,-0.002544472859,0.0001095890411,-0.0276137182,uncertain,0,2.5,1,0,0,0,1
2020-06-19,-0.008106478364,0,0,0,0,0,0.00011783,0,0,0,-0.008106478364,0.01223328791,0.0001095890411,-0.03981472104,uncertain,0,2.5,1,0,0,0,1
2020-06-20,0.005232953429,0,0,0,0,0,0.00021186,0,0,0,0.005232953429,0,0.0001095890411,-0.02115349637,uncertain,0,2.5,1,0,0,0,1
2020-06-21,-0.006866154857,0,0,0,0,0,5.653e-05,0,0,0,-0.006866154857,0,0.0001095890411,0.03201137986,uncertain,0,2.5,1,0,0,0,1
2020-06-22,0.04206702967,0,0,0,0,0,0.00026784,0,0,0,0.04206702967,0.006185879264,0.0001095890411,0.01359760087,uncertain,0,2.5,1,0,0,0,1
2020-06-23,-0.006277301875,0,0,0,0,0,0.00032215,0,0,0,-0.006277301875,0.008766451211,0.0001095890411,0.05518375884,uncertain,0,2.5,1,0,0,0,1
2020-06-24,-0.03411987046,0,0,0,0,0,0.00031286,0,0,0,-0.03411987046,-0.003555062832,0.0001095890411,0.1037287537,uncertain,0,2.5,1,0,0,0,1
2020-06-25,-0.005055671549,0,0,0,0,0,0.0003,0,0,0,-0.005055671549,-0.002095408959,0.0001095890411,0.04450836203,uncertain,0,2.5,1,0,0,0,1
2020-06-26,-0.009436195942,0,0,0,0,0,0.00029401,0,0,0,-0.009436195942,0.005902062629,0.0001095890411,0.04618274936,uncertain,0,2.5,1,0,0,0,1
2020-06-27,-0.01639451617,0,0,0,0,0,0.0003,0,0,0,-0.01639451617,0,0.0001095890411,-0.00454798801,bear,0,2.5,1,0,0,0,1
2020-06-28,0.01157900577,0,0,0,0,0,0.00024867,0,0,0,0.01157900577,0,0.0001095890411,-0.05888643249,bear,0,2.5,1,0,0,0,1
2020-06-29,0.008359705365,0,0,0,0,0,0.0003,0,0,0,0.008359705365,0.001297629804,0.0001095890411,-0.03296040021,bear,0,2.5,1,0,0,0,1
2020-06-30,-0.005875403587,0,0,0,0,0,0.0003,0,0,0,-0.005875403587,0.01025464879,0.0001095890411,-0.05209059449,bear,0,2.5,1,0,0,0,1
2020-07-01,0.01022591111,0,0.06516951979,0.01632147711,0.0294059104,0,0.0003,0,0,0,0.01022591111,-0.01104297202,0.0001095890411,-0.03278060428,bear,0,2.5,1,0,0,0,1
2020-07-02,-0.01575606586,0,0,0,0,0,0.0003,0,0,0,-0.01575606586,0.006090711214,0.0001095890411,-0.09497028166,uncertain,0,2.5,1,0,0,0,1
2020-07-03,-0.003112295769,0,0,-0.005014731371,0.005198694154,0,0.0003,0,0,0,-0.003112295769,0,0.0001095890411,-0.04533496392,bear,0,2.5,1,0,0,0,1
2020-07-04,0.008522608095,0,0,0,0,0,0.0003,0,0,0,0.008522608095,0,0.0001095890411,-0.06289725891,bear,0,2.5,1,0,0,0,1
2020-07-05,-0.007230068327,0,0,0,0,0,0.0003,0,0,0,-0.007230068327,0,0.0001095890411,-0.0667684129,bear,0,2.5,1,0,0,0,1
2020-07-06,0.03029855305,0.05087245285,0,0,0,0,0.0003,0,0,0,0.03029855305,0.002522421525,0.0001095890411,-0.05734755476,bear,0,2.5,1,0,0,0,1
2020-07-07,-0.009290254917,0,0,0,0,0,0.0003,0,0,0,-0.009290254917,0.008778278542,0.0001095890411,-0.03332195359,uncertain,0,2.5,1,0,0,0,1
2020-07-08,0.01930025634,0,0.107813997,0.03028417164,0.04192814476,0,0.0003,0,0,0,0.01930025634,0.006263190962,0.0001095890411,-0.05023089179,uncertain,0,2.5,1,0,0,0,1
2020-07-09,-0.02157998148,0,0,0,0,0,0.0003,0,0,0,-0.02157998148,-0.008978269803,0.0001095890411,-0.03536594217,uncertain,0,2.5,1,0,0,0,1
2020-07-10,0.006055827122,0,0,-0.01386905407,-0.01663820521,0,0.0003,0,0,0,0.006055827122,-0.000555802594,0.0001095890411,-0.05525749481,uncertain,0,2.5,1,0,0,0,1
2020-07-11,-0.005847115846,0,0,0,0,0,0.0003,0,0,0,-0.005847115846,0,0.0001095890411,-0.06036014163,uncertain,0,2.5,1,0,0,0,1
2020-07-12,0.007442037767,0,0,0,0,0,0.0003,0,0,0,0.007442037767,0,0.0001095890411,-0.004996551873,uncertain,0,2.5,1,0,0,0,1
2020-07-13,-0.006463680095,0.004685676152,0,0,0,0,0.0003,0,0,0,-0.006463680095,0.007118256688,0.0001095890411,-0.01715560167,uncertain,0,2.5,1,0,0,0,1
2020-07-14,0.001431412305,0,0,0,0,0,0.0003,0,0,0,0.001431412305,-0.0002208859271,0.0001095890411,-0.02435466266,uncertain,0,2.5,1,0,0,0,1
2020-07-15,-0.006293317199,0,0,0,0,0,0.0003,0,0,0,-0.006293317199,0.000441869457,0.0001095890411,-0.009232399568,uncertain,0,2.5,1,0,0,0,1
2020-07-16,-0.006945290076,0,0,0,0,0,0.0003,0,0,0,-0.006945290076,-0.007011191935,0.0001095890411,-0.02423292121,bear,0,2.5,1,0,0,0,1
2020-07-17,0.002255378969,0,0,0,0,0,0.0003,0,0,0,0.002255378969,0.005337242407,0.0001095890411,-0.04113865913,bear,0,2.5,1,0,0,0,1
2020-07-18,0.001743439163,0,0,0,0,0,0.0003,0,0,0,0.001743439163,0,0.0001095890411,-0.03283839436,bear,0,2.5,1,0,0,0,1
2020-07-19,0.004221245153,0,0,0,0,0,0.0003,0,0,0,0.004221245153,0,0.0001095890411,-0.02301647504,bear,0,2.5,1,0,0,0,1
2020-07-20,-0.005235101786,0,0,0,0,0,0.0003,0,0,0,-0.005235101786,0.004202828834,0.0001095890411,-0.01087406004,bear,0,2.5,1,0,0,0,1
2020-07-21,0.02502188678,0,0,0,0,0,0.0003,0,0,0,0.02502188678,0.01459331441,0.0001095890411,-0.02117438388,bear,0,2.5,1,0,0,0,1
2020-07-22,0.0136485623,0,0,0,0,0,0.0003,0,0,0,0.0136485623,0.01177808884,0.0001095890411,0.01025424194,uncertain,0,2.5,1,0,0,0,1
2020-07-23,0.008941854308,0,0,0,0,0,0.0003,0,0,0,0.008941854308,0.01341129785,0.0001095890411,-0.01729665104,uncertain,0,2.5,1,0,0,0,1
2020-07-24,-0.006817469466,0,0,0,0,0,0.0003,0,0,0,-0.006817469466,0.004340730162,0.0001095890411,-0.002246259438,uncertain,0,2.5,1,0,0,0,1
2020-07-25,0.01705005347,0,0,0,0,0,0.0003,0,0,0,0.01705005347,0,0.0001095890411,0.02595710854,uncertain,0,2.5,1,0,0,0,1
2020-07-26,0.02382577249,0,0,0,0,0,0.00085437,0,0,0,0.02382577249,0,0.0001095890411,0.04875187713,uncertain,0,2.5,1,0,0,0,1
2020-07-27,0.1105991619,0,0,0,0,0,0.00186019,0,0,0,0.1105991619,0.01776205677,0.0001095890411,0.08396773268,uncertain,0,2.5,1,0,0,0,1
2020-07-28,-0.01121400259,0,0,0,0,0,0.00359112,0,0,-0.01752832914,-0.01121400259,0.007094744263,0.0001095890411,0.2239192188,strong_bull,0,2.5,1,0,0,0,1
2020-07-29,0.01781177249,0,0,0,0,0.01781177249,0.00213685,0,0,0.002967452726,0.01781177249,0.004525144778,0.0001095890411,0.1963417376,strong_bull,0,2.5,1,1,0,0,1
2020-07-30,-8.28789256e-05,0,0,0,0,-8.28789256e-05,0.00203262,0,0,0.05401151994,-8.28789256e-05,-0.005733274211,0.0001095890411,0.207555893,strong_bull,0,2.5,1,1,0,0,1
2020-07-31,0.02124849432,0,0,0,0,0.02124849432,0.00159718,0,0,0.03422223549,0.02124849432,0.01055449698,0.0001095890411,0.2145920305,strong_bull,0,2.5,1,1,0,0,1
2020-08-01,0.04108434947,0,0,0,0,0.04108434947,0.00107691,0,0,0.1174313516,0.04108434947,0,0.0001095890411,0.2278444541,strong_bull,0,2.5,1,1,0,0,1
2020-08-02,-0.06184302065,0,0,0,0,-0.06184302065,0.00162749,0,0,-0.0391744186,-0.06184302065,0,0.0001095890411,0.2987528806,strong_bull,0,2.5,1,1,0,0,1
2020-08-03,0.01340938549,0.044703125,0,0,0,0.01340938549,0.0011551,0,0,0,0.01340938549,0.00163029911,0.0001095890411,0.2222380457,uncertain,0,2.5,1,1,0,0,1
2020-08-04,-0.002481325441,0,0,0,0,-0.002481325441,0.00100377,0,0,0.006509250143,-0.002481325441,0.01790434953,0.0001095890411,0.2281603773,strong_bull,0,2.5,1,1,0,0,1
2020-08-05,0.04940506452,0,0.07352425571,0.0784145007,0.05769225584,0.04940506452,0.00052555,0,0,0,0.04940506452,0.01494104794,0.0001095890411,0.2340350695,uncertain,0,2.5,1,1,0,0,1
2020-08-06,0.001494264324,0,0,0,0,0.001494264324,0.00113662,0,0,-0.01634827311,0.001494264324,0.01004383076,0.0001095890411,0.2569198005,strong_bull,0,2.5,1,1,0,0,1
2020-08-07,-0.01430228031,0,0,-0.022147463,-0.01310642938,-0.01430228031,0.00076842,0,0,-0.03908605011,-0.01430228031,-0.02018036774,0.0001095890411,0.2706021892,strong_bull,0,2.5,1,1,0,0,1
2020-08-08,0.0144192413,0,0,0,0,0.0144192413,0.0003,0,0,0.04663362683,0.0144192413,0,0.0001095890411,0.2287151629,strong_bull,0,2.5,1,1,0,0,1
2020-08-09,-0.006778949123,0,0,0,0,-0.006778949123,0.0004564,0,0,-0.01735385235,-0.006778949123,0,0.0001095890411,0.2739235499,mild_bull,0,2.5,1,1,0,0,1
2020-08-10,0.01808301546,-0.02000300327,0,0,0,0.01808301546,0.00172116,0,0,0.01358486697,0.01808301546,0.007114098304,0.0001095890411,0.2576714461,strong_bull,0,2.5,1,1,0,0,1
2020-08-11,-0.0421124501,0,0,0,0,-0.0421124501,0.00095924,0,0,-0.04157394295,-0.0421124501,-0.04534679299,0.0001095890411,0.2879447002,strong_bull,0,2.5,1,1,0,0,1
2020-08-12,0.01512015365,0,0.03855941056,0.03541872933,0.05560976256,0.01512015365,0.0003,0,0,0.02158311346,0.01512015365,0.001190131873,0.0001095890411,0.224592728,strong_bull,0,2.5,1,1,0,0,1
2020-08-13,0.01864958887,0,0,0,0,0.01864958887,0.0003,0,0,0.09649258743,0.01864958887,0.01126669414,0.0001095890411,0.2511960894,mild_bull,0,2.5,1,1,0,0,1
2020-08-14,-0.001651952462,0,0,-0.005714049157,0.0242177925,-0.001651952462,0.00089069,0,0,0.0319640081,-0.001651952462,-0.01006794688,0.0001095890411,0.2727086113,strong_bull,0,2.5,1,1,0,0,1
2020-08-15,0.007810865828,0,0,0,0,0.007810865828,0.00068554,0,0,-0.01321585903,0.007810865828,0,0.0001095890411,0.2786531269,strong_bull,0,2.5,1,1,0,0,1
2020-08-16,0.004944146333,0,0,0,0,0.004944146333,0.00095941,0,0,0.003007031828,0.004944146333,0,0.0001095890411,0.2976530921,strong_bull,0,2.5,1,1,0,0,1
2020-08-17,0.03107463689,0,0,0,0,0.03107463689,0.00151908,0,0,-0.006295835063,0.03107463689,0.02478058854,0.0001095890411,0.3011343278,strong_bull,0,2.5,1,1,0,0,1
2020-08-18,-0.02736881704,0,0,0,0,-0.02736881704,0.00298267,0,0,-0.02074775465,-0.02736881704,0.00725442036,0.0001095890411,0.3392317356,strong_bull,0,2.5,1,1,0,0,1
2020-08-19,-0.01594138473,0,0,0,0,-0.01594138473,0.00156268,0,0,-0.03434056168,-0.01594138473,-0.02035614322,0.0001095890411,0.2971031568,strong_bull,0,2.5,1,1,0,0,1
2020-08-20,0.008418838939,0,0,0,0,0.008418838939,0.0005406,0,0,0.02081185883,0.008418838939,-0.01271246386,0.0001095890411,0.2831429201,strong_bull,0,2.5,1,1,0,0,1
2020-08-21,-0.027182574,0,0,0,0,-0.027182574,0.0003,0,0,-0.06874527576,-0.027182574,0.0004136553613,0.0001095890411,0.2623588924,strong_bull,0,2.5,1,1,0,0,1
2020-08-22,0.01141411146,0,0,0,0,0.01141411146,0.0003,0,0,0,0.01141411146,0,0.0001095890411,0.2115093674,uncertain,0,2.5,1,1,0,0,1
2020-08-23,-0.001271546846,0,0,0,0,-0.001271546846,0.0003,0,0,0,-0.001271546846,0,0.0001095890411,0.2144779851,uncertain,0,2.5,1,1,0,0,1
2020-08-24,0.008591078568,0,0,0,0,0.008591078568,0.0003,0,0,0,0.008591078568,-0.003566641425,0.0001095890411,0.2212596196,uncertain,0,2.5,1,1,0,0,1
2020-08-25,-0.03658262542,0,0,0,0,-0.03658262542,0.0006258,0,0,-0.06370937991,-0.03658262542,-0.008248120945,0.0001095890411,0.2111021997,mild_bull,0,2.5,1,1,0,0,1
2020-08-26,0.01263515579,0,0,0,0,0.01263515579,0.00046354,0,0,0,0.01263515579,0.01511659253,0.0001095890411,0.1396440028,uncertain,0,2.5,1,1,0,0,1
2020-08-27,-0.01143400082,0,0,0,0,-0.01143400082,0.0003,0,0,0,-0.01143400082,-0.009841797324,0.0001095890411,0.03911800224,uncertain,0,2.5,1,1,0,0,1
2020-08-28,0.01734540236,0,0,0,0,0.01734540236,0.0003,0,0,0,0.01734540236,0.02237718596,0.0001095890411,0.03888680548,uncertain,0,2.5,1,1,0,0,1
2020-08-29,-0.005298037375,0,0,0,0,-0.005298037375,0.0003,0,0,0,-0.005298037375,-0.006900944899,0.0001095890411,0.03841077858,uncertain,0,2.5,1,1,0,0,0
2020-08-30,0.02139572853,0,0,0,0,0.02139572853,0.0003,0,0,0,0.02139572853,0.009041204679,0.0001095890411,0.03299485297,uncertain,0,2.5,1,1,0,0,0
2020-08-31,-0.005264209523,0,0,0,0,-0.005264209523,0.00035461,0,0,0.008306942696,-0.005264209523,-0.005357953685,0.0001095890411,0.03314378067,strong_bull,0,2.5,1,1,0,0,0
2020-09-01,0.02338810817,0,0,0,0,0.02338810817,0.00079821,0,0,0,0.02338810817,0.004955667823,0.0001095890411,-0.01285126814,uncertain,0,2.5,1,1,0,0,0
2020-09-02,-0.04474344425,0,-0.2139139689,-0.1086210563,-0.1553957097,-0.04474344425,0.00113007,0,0,-0.07851535549,-0.04474344425,-0.01191671924,0.0001095890411,0.0768307388,strong_bull,0,2.5,1,1,0,0,0
2020-09-03,-0.1095566245,0,0,0,0,-0.08532367662,0.00062931,0,0,0,-0.1095566245,-0.01667313704,0.0001095890411,0.01503857908,uncertain,0,2.5,1,1,0,0,0
2020-09-04,0.03011581869,0,0,0.02241307954,0.04843525766,0,0.0003,0,0,0,0.03011581869,0.002664935065,0.0001095890411,-0.09391733538,bear,0,2.5,1,0,0,0,0
2020-09-05,-0.02676175661,0,0,0,0,0,0.0003,0,0,0,-0.02676175661,0.004077445561,0.0001095890411,-0.1105721542,bear,0,2.5,1,0,0,0,0
2020-09-06,0.008804242089,0,0,0,0,0,0.0003,0,0,0,0.008804242089,-0.00257997936,0.0001095890411,-0.1356663487,bear,0,2.5,1,0,0,0,0
2020-09-07,0.01143113434,0.0106286361,0,0,0,0,0.0003,0,0,0,0.01143113434,0.003336782204,0.0001095890411,-0.1154048177,bear,0,2.5,1,0,0,0,0
2020-09-08,-0.02379056514,0,0,0,0,0,0.0003,0,0,0,-0.02379056514,-0.002335713733,0.0001095890411,-0.1180105106,bear,0,2.5,1,0,0,0,0
2020-09-09,0.009139251381,0,0.1567037845,0.0428606428,0.09476184238,0,0.0003,0,0,0,0.009139251381,0.00990221818,0.0001095890411,-0.1331169832,bear,0,2.5,1,0,0,0,0
2020-09-10,0.01151459997,0,0,0,0,0,0.0003,0,0,0,0.01151459997,0.0007215671825,0.0001095890411,-0.1407324694,bear,0,2.5,1,0,0,0,0
2020-09-11,0.004935730061,0,0,0.006437598574,0.05156748032,0,0.0003,0,0,0,0.004935730061,-0.003988770078,0.0001095890411,-0.09262663184,bear,0,2.5,1,0,0,0,0
2020-09-12,0.005104982821,0,0,0,0,0,0.0003,0,0,0,0.005104982821,0.001186020363,0.0001095890411,-0.1017300613,bear,0,2.5,1,0,0,0,0
2020-09-13,-0.01035253598,0,0,0,0,0,0.0003,0,0,0,-0.01035253598,-0.0009230769231,0.0001095890411,-0.1136740238,bear,0,2.5,1,0,0,0,0
2020-09-14,0.03280224295,0.07991665861,0,0,0,0,0.00020868,0,0,0,0.03280224295,0.008217842111,0.0001095890411,-0.1213983372,bear,0,2.5,1,0,0,0,0
2020-09-15,0.01063928477,0,0,0,0,0,-0.00030222,0,0,0,0.01063928477,-0.002026259921,0.0001095890411,-0.09961104924,bear,0,2.5,1,0,0,0,0
2020-09-16,0.01564164591,0,0,0,0,0,-0.00015867,0,0,0,0.01564164591,0.004458660463,0.0001095890411,-0.09450843758,bear,0,2.5,1,0,0,0,0
2020-09-17,-0.001279896586,0,0,0,0,0,2.492e-05,0,0,0,-0.001279896586,-0.002864441815,0.0001095890411,-0.1080617174,uncertain,0,2.5,1,0,0,0,0
2020-09-18,-0.0006032912279,0,0,0,0,0,0.00019971,0,0,0,-0.0006032912279,-0.002144316034,0.0001095890411,-0.0841372255,uncertain,0,2.5,1,0,0,0,0
2020-09-19,0.01346883263,0,0,0,0,0,-0.00028279,0,0,0,0.01346883263,0.003246355507,0.0001095890411,-0.0698620709,uncertain,0,2.5,1,0,0,0,0
2020-09-20,-0.01447297767,0,0,0,0,0,-0.00024299,0,0,0,-0.01447297767,-0.001770559863,0.0001095890411,-0.06520409498,uncertain,0,2.5,1,0,0,0,0
2020-09-21,-0.04606658437,0,0,0,0,0,-0.00109577,0,0,0,-0.04606658437,-0.02126401631,0.0001095890411,-0.05299123953,uncertain,0,2.5,1,0,0,0,0
2020-09-22,0.0107888669,0,0,0,0,0,0,0,0,0,0.0107888669,-0.007483283688,0.0001095890411,-0.1068116499,bear,0,2.5,1,0,0,0,0
2020-09-23,-0.02736568591,0,0,0,0,0,0,0,0,0,-0.02736568591,-0.01846886789,0.0001095890411,-0.096025714,bear,0,2.5,1,0,0,0,0
2020-09-24,0.0483192826,0,0,0,0,0,0,0,0,0,0.0483192826,0.009349391408,0.0001095890411,-0.1282528387,bear,0,2.5,1,0,0,0,0
2020-09-25,-0.004624489583,0,0,0,0,0,0,0,0,0,-0.004624489583,-0.007520389789,0.0001095890411,-0.0514294398,bear,0,2.5,1,0,0,0,0
2020-09-26,0.003923579562,0,0,0,0,0,0,0,0,0,0.003923579562,-0.001611526147,0.0001095890411,-0.06759714974,bear,0,2.5,1,0,0,0,0
2020-09-27,0.004254982011,0,0,0,0,0,-0.0007,0,0,0,0.004254982011,-0.0004649969535,0.0001095890411,-0.05311207568,bear,0,2.5,1,0,0,0,0
2020-09-28,-0.007251548832,0,0,0,0,0,0.0003,0,0,0,-0.007251548832,0.01359813059,0.0001095890411,-0.06529590324,bear,0,2.5,1,0,0,0,0
2020-09-29,0.01349648284,0,0,0,0,0,0.0003,0,0,0,0.01349648284,0.009274402017,0.0001095890411,-0.0671315839,bear,0,2.5,1,0,0,0,0
2020-09-30,-0.005893650466,0,0,0,0,0,0.0003,0,0,0,-0.005893650466,-0.006157480973,0.0001095890411,-0.0743461792,uncertain,0,2.5,1,0,0,0,0
2020-10-01,-0.01461130098,0,0,0,0,0,0.00027412,0,0,0,-0.01461130098,0.006127257618,0.0001095890411,-0.07493190701,bear,0,2.5,1,0,0,0,0
2020-10-02,-0.004588888167,0,0,-0.03149423282,-0.08209838491,0,8.085e-05,0,0,0,-0.004588888167,0.001008891839,0.0001095890411,-0.1092805971,bear,0,2.5,1,0,0,0,0
2020-10-03,-0.002681071672,0,0,0,0,0,0.00029749,0,0,0,-0.002681071672,-0.00382783615,0.0001095890411,-0.07183888365,bear,0,2.5,1,0,0,0,0
2020-10-04,0.0118164761,0,0,0,0,0,2.139e-05,0,0,0,0.0118164761,0.005216005536,0.0001095890411,0.03956374466,uncertain,0,2.5,1,0,0,0,0
2020-10-05,0.01177316547,0.0008112020594,0,0,0,0,-0.00019436,0,0,0,0.01177316547,0.00182004026,0.0001095890411,0.02109656575,uncertain,0,2.5,1,0,0,0,0
2020-10-06,-0.01784157276,0,0,0,0,0,-1.502e-05,0,0,0,-0.01784157276,-0.01770924973,0.0001095890411,0.06152641617,uncertain,0,2.5,1,0,0,0,0
2020-10-07,0.00629548495,0,0.0008040016453,0.004526196609,0.02764379546,0,1.206e-05,0,0,0,0.00629548495,0.004477983688,0.0001095890411,0.0334880365,uncertain,0,2.5,1,0,0,0,0
2020-10-08,0.02429875525,0,0,0,0,0,0.00014797,0,0,0,0.02429875525,0.005254661138,0.0001095890411,0.02824039084,uncertain,0,2.5,1,0,0,0,0
2020-10-09,0.01144745766,0,0,0.03945444486,0.06690496942,0,0.00026128,0,0,0,0.01144745766,0.0176286593,0.0001095890411,0.0788928224,uncertain,0,2.5,1,0,0,0,0
2020-10-10,0.02195166977,0,0,0,0,0,0.0003,0,0,0,0.02195166977,-0.001784415759,0.0001095890411,0.08136057617,uncertain,0,2.5,1,0,0,0,0
2020-10-11,0.006711991797,0,0,0,0,0,0.0003,0,0,0,0.006711991797,0.002629743484,0.0001095890411,0.09251833485,uncertain,0,2.5,1,0,0,0,0
2020-10-12,0.0140056047,0.03059526232,0,0,0,0,0.0003,0,0,0,0.0140056047,-0.004884986396,0.0001095890411,0.09444940214,uncertain,0,2.5,1,0,0,0,0
2020-10-13,-0.009341400473,0,0,0,0,0,0.0003,0,0,0,-0.009341400473,-0.01070858966,0.0001095890411,0.1041412059,uncertain,0,2.5,1,0,0,0,0
2020-10-14,-0.000233788886,0,-0.02457396806,0.02719381036,0.02961392239,0,0.0003,0,0,0,-0.000233788886,0.0007851430007,0.0001095890411,0.1052693212,uncertain,0,2.5,1,0,0,0,0
2020-10-15,0.007639765316,0,0,0,0,0,0.0003,0,0,0,0.007639765316,0.005700896453,0.0001095890411,0.0699152999,uncertain,0,2.5,1,0,0,0,0
2020-10-16,-0.01614933178,0,0,0,0,0,0.0003,0,0,0,-0.01614933178,-0.003863995673,0.0001095890411,0.06673985263,uncertain,0,2.5,1,0,0,0,0
2020-10-17,0.003611524367,0,0,0,0,0,0.0003,0,0,0,0.003611524367,0.0002610352659,0.0001095890411,0.03334943094,uncertain,0,2.5,1,0,0,0,0
2020-10-18,0.01258252496,0,0,0,0,0.01258252496,0.0003,0,0,0,0.01258252496,-0.003105509016,0.0001095890411,0.03841045559,uncertain,0,2.5,1,1,0,0,0
2020-10-19,0.02158801858,0,0,0,0,0.02158801858,0.0003,0,0,0,0.02158801858,-0.002089005236,0.0001095890411,0.0521110104,uncertain,0,2.5,1,1,0,0,0
2020-10-20,0.01348937622,0,0,0,0,0.01348937622,0.00023742,0,0,-0.02992077511,0.01348937622,0.007250748947,0.0001095890411,0.06053976978,strong_bull,0,2.5,1,1,0,0,0
2020-10-21,0.07312936451,0,0,0,0,0.07312936451,0.00019778,0,0,0.0593183545,0.07312936451,0.005813014694,0.0001095890411,0.09063046002,strong_bull,0,2.5,1,1,0,0,0
2020-10-22,0.01467495399,0,0,0,0,0.01467495399,0.0003,0,0,0.0604539167,0.01467495399,-0.0113879409,0.0001095890411,0.2269069867,strong_bull,0,2.5,1,1,0,0,0
2020-10-23,-0.003504640468,0,0,0,0,-0.003504640468,0.0003,0,0,-0.01176385333,-0.003504640468,-0.002378208486,0.0001095890411,0.2316239633,strong_bull,0,2.5,1,1,0,0,0
2020-10-24,0.0145986983,0,0,0,0,0.0145986983,0.0003,0,0,0.007406321038,0.0145986983,0.006059460424,0.0001095890411,0.2618386441,strong_bull,0,2.5,1,1,0,0,0
2020-10-25,-0.006322582909,0,0,0,0,-0.006322582909,0.0003,0,0,-0.01523754064,-0.006322582909,-0.003449895616,0.0001095890411,0.2212499255,strong_bull,0,2.5,1,1,0,0,0
2020-10-26,0.001792946872,0,0,0,0,0.001792946872,0.0003,0,0,-0.03286847681,0.001792946872,-0.001016031298,0.0001095890411,0.2191664943,strong_bull,0,2.5,1,1,0,0,0
2020-10-27,0.04474191687,0,0,0,0,0.04474191687,0.00025401,0,0,0.02784571487,0.04474191687,0.004393299955,0.0001095890411,0.2165790504,strong_bull,0,2.5,1,1,0,0,0
2020-10-28,-0.02711685173,0,0,0,0,-0.02711685173,0.00023725,0,0,-0.03772462511,-0.02711685173,-0.01000610701,0.0001095890411,0.2656259136,strong_bull,0,2.5,1,1,0,0,0
2020-10-29,0.01426913104,0,0,0,0,0.01426913104,-0.00037247,0,0,-0.00283337197,0.01426913104,-0.01167842418,0.0001095890411,0.240300221,strong_bull,0,2.5,1,1,0,0,0
2020-10-30,0.007758793671,0,0,0,0,0.007758793671,-0.0002965,0,0,-0.0119856379,0.007758793671,0.01088284405,0.0001095890411,0.2412457751,strong_bull,0,2.5,1,1,0,0,0
2020-10-31,0.01702789802,0,0,0,0,0.01702789802,-0.00132355,0,0,0.01037935632,0.01702789802,0.0003377469115,0.0001095890411,0.2582922798,strong_bull,0,2.5,1,1,0,0,0
2020-11-01,-0.002139076209,0,0,0,0,-0.002139076209,0,0,0,0.02641929307,-0.002139076209,-0.003450185962,0.0001095890411,0.2986939608,strong_bull,0,2.5,1,1,0,0,0
2020-11-02,-0.01541474403,-0.03557640145,0,0,0,-0.01541474403,0,0,0,-0.03441147553,-0.01541474403,0.01195335123,0.0001095890411,0.3018901839,strong_bull,0,2.5,1,1,0,0,0
2020-11-03,0.03499498501,0,0,0,0,0.03499498501,0,0,0,0.01268863245,0.03499498501,0.007417908652,0.0001095890411,0.285267775,strong_bull,0,2.5,1,1,0,0,0
2020-11-04,0.008591274807,0,0.1216837673,-0.01497143463,-0.02453477078,0.008591274807,0,0,0,0.03766628854,0.008591274807,-0.004419011616,0.0001095890411,0.3147104568,strong_bull,0,2.5,1,1,0,0,0
2020-11-05,0.1022347976,0,0,0,0,0.1022347976,0,0,0,0.03528037964,0.1022347976,0.02162461012,0.0001095890411,0.3105758691,strong_bull,0,2.5,1,1,0,0,0
2020-11-06,-0.0006478503555,0,0,0.03749304623,0.1052284152,-0.0006478503555,0,0,0,0.09412272913,-0.0006478503555,-0.002266786473,0.0001095890411,0.4708037805,strong_bull,0,2.5,1,1,0,0,0
2020-11-07,-0.04888471828,0,0,0,0,-0.04888471828,-1.248e-05,0,0,-0.0454036981,-0.04888471828,0.003546063,0.0001095890411,0.4606553857,strong_bull,0,2.5,1,1,0,0,0
2020-11-08,0.04432357288,0,0,0,0,0.04432357288,0.0003,0,0,0.0438638818,0.04432357288,0.003528433977,0.0001095890411,0.3562953695,strong_bull,0,2.5,1,1,0,0,0
2020-11-09,-0.009479098681,-0.04266504707,0,0,0,-0.009479098681,0.0003,0,0,-0.02196786265,-0.009479098681,-0.04504783729,0.0001095890411,0.4003804305,strong_bull,0,2.5,1,1,0,0,0
2020-11-10,-0.002035436161,0,0,0,0,-0.002035436161,0.0003,0,0,0.01354879366,-0.002035436161,0.007730902861,0.0001095890411,0.3573108467,strong_bull,0,2.5,1,1,0,0,0
2020-11-11,0.02530069209,0,0.1101830908,0.02156343536,-0.02442498704,0.02530069209,0.0003,0,0,0.02831194209,0.02530069209,-0.007761351637,0.0001095890411,0.3455170279,strong_bull,0,2.5,1,1,0,0,0
2020-11-12,0.03874079968,0,0,0,0,0.03874079968,0.0003,0,0,-0.001511585221,0.03874079968,0.007774171234,0.0001095890411,0.3605048468,strong_bull,0,2.5,1,1,0,0,0
2020-11-13,0.001770209172,0,0,-0.03454476103,0.03574693939,0.001770209172,0.0003,0,0,0.03036397846,0.001770209172,0.00479959449,0.0001095890411,0.426537753,strong_bull,0,2.5,1,1,0,0,0
2020-11-14,-0.0153332884,0,0,0,0,-0.0153332884,0.00024277,0,0,-0.03261759335,-0.0153332884,-0.001376773516,0.0001095890411,0.4293972004,strong_bull,0,2.5,1,1,0,0,0
2020-11-15,-0.007059540959,0,0,0,0,-0.007059540959,0.0003,0,0,-0.02779405064,-0.007059540959,-0.0001631252697,0.0001095890411,0.3968085513,strong_bull,0,2.5,1,1,0,0,0
2020-11-16,0.04741304757,0,0,0,0,0.04741304757,0.0003,0,0,0.02782985181,0.04741304757,0.00277884499,0.0001095890411,0.4097136577,strong_bull,0,2.5,1,1,0,0,0
2020-11-17,0.05658934626,0,0,0,0,0.05658934626,0.0003,0,0,0.04690044512,0.05658934626,-0.002262051592,0.0001095890411,0.4712390627,strong_bull,0,2.5,1,1,0,0,0
2020-11-18,0.00661065111,0,0,0,0,0.00661065111,0.00100196,0,0,-0.00775692212,0.00661065111,-0.01015759795,0.0001095890411,0.5351790902,strong_bull,0,2.5,1,1,0,0,0
2020-11-19,0.001502015063,0,0,0,0,0.001502015063,0.00087222,0,0,-0.01496624234,0.001502015063,-0.006084826197,0.0001095890411,0.5126720317,strong_bull,0,2.5,1,1,0,0,0
2020-11-20,0.04790533185,0,0,0,0,0.04790533185,0.00114914,0,0,0.08248275862,0.04790533185,0.00698291165,0.0001095890411,0.4947804322,strong_bull,0,2.5,1,1,0,0,0
2020-11-21,0.002579912702,0,0,0,0,0.002579912702,0.00079438,0,0,0.08278444288,0.002579912702,0.0002761052173,0.0001095890411,0.4596454413,strong_bull,0,2.5,1,1,0,0,0
2020-11-22,-0.01547118767,0,0,0,0,-0.01547118767,0.00233885,0,0,0.01390422739,-0.01547118767,-0.001974669031,0.0001095890411,0.442246301,strong_bull,0,2.5,1,1,0,0,0
2020-11-23,-0.002521392191,0,0,0,0,-0.002521392191,0.00285749,0,0,0.08669178437,-0.002521392191,-0.01361068857,0.0001095890411,0.4249268943,strong_bull,0,2.5,1,1,0,0,0
2020-11-24,0.04311901132,0,0,0,0,0.04311901132,0.00192343,0,0,-0.005931841336,0.04311901132,-0.01590143161,0.0001095890411,0.4008830261,strong_bull,0,2.5,1,1,0,0,0
2020-11-25,-0.02301147024,0,0,0,0,-0.02301147024,0.00197606,0,0,-0.0586310065,-0.02301147024,-0.001128730014,0.0001095890411,0.4705856167,strong_bull,0,2.5,1,1,0,0,0
2020-11-26,-0.08385227716,0,0,0,0,-0.08385227716,0.0007734,0,0,-0.08871685689,-0.08385227716,0.001574328031,0.0001095890411,0.4341738819,strong_bull,0,2.5,1,1,0,0,0
2020-11-27,-0.0005801928573,0,0,0,0,-0.0005801928573,0.00030773,0,0,0,-0.0005801928573,-0.01408643551,0.0001095890411,0.2576456586,uncertain,1,1,1,1,0,0,0
2020-11-28,0.03385917459,0,0,0,0,0.03385917459,0.0003,0,0,0,0.03385917459,-0.001694303253,0.0001095890411,0.2919495869,uncertain,1,1,1,1,0,0,0
2020-11-29,0.02624965787,0,0,0,0,0.02624965787,0.0003,0,0,0,0.02624965787,0.001457904402,0.0001095890411,0.3169028739,uncertain,1,1,1,1,0,0,0
2020-11-30,0.08308390601,0,0,0,0,0.08308390601,0.00049481,0,0,0,0.08308390601,-0.001166848176,0.0001095890411,0.3410660688,uncertain,1,1,1,1,0,0,0
2020-12-01,-0.04726422341,0,0,0,0,-0.04726422341,0.00100762,0,0,-0.0524194694,-0.04726422341,0.0231973387,0.0001095890411,0.4281683707,strong_bull,1,1,1,1,0,0,0
2020-12-02,0.02340159531,0,-0.006504086671,0.02569159964,0.01132270182,0.02340159531,0.0003,0,0,0.0198715101,0.02340159531,0.002381314834,0.0001095890411,0.3635839116,mild_bull,1,1,1,1,0,0,0
2020-12-03,0.01134185478,0,0,0,0,0.01134185478,0.00045455,0,0,0.03176464675,0.01134185478,0.007213754949,0.0001095890411,0.4173419133,strong_bull,1,1,1,1,0,0,0
2020-12-04,-0.03971702048,0,0,-0.009707645927,-0.0208013028,-0.03971702048,0.00032703,0,0,-0.08043155801,-0.03971702048,-0.007522886376,0.0001095890411,0.3849508647,strong_bull,1,1,1,1,0,0,0
2020-12-05,0.02665555706,0,0,0,0,0.02665555706,0.0003,0,0,0,0.02665555706,0.003987998025,0.0001095890411,0.3186161492,uncertain,1,1,1,1,0,0,0
2020-12-06,0.01105827031,0,0,0,0,0.01105827031,0.0003,0,0,0.006442359249,0.01105827031,-0.005182719225,0.0001095890411,0.2281998355,strong_bull,1,1,1,1,0,0,0
2020-12-07,-0.009943489984,-0.01495347538,0,0,0,-0.009943489984,0.0003,0,0,-0.01705622236,-0.009943489984,0.02086060876,0.0001095890411,0.2425866115,strong_bull,0,2.5,1,1,0,0,0
2020-12-08,-0.04397111687,0,0,0,0,-0.04397111687,0.0003,0,0,-0.06295988364,-0.04397111687,-0.001442110697,0.0001095890411,0.2934614632,mild_bull,0,2.5,1,1,0,0,0
2020-12-09,0.0118515988,0,-0.01377504071,0.02131692619,0.08758143758,0.0118515988,0.0003,0,0,0,0.0118515988,-0.01527327763,0.0001095890411,0.1841028491,uncertain,0,2.5,1,1,0,0,0
2020-12-10,-0.01546009768,0,0,0,0,-0.01546009768,0.0003,0,0,0,-0.01546009768,-0.0003896483424,0.0001095890411,0.2096023006,uncertain,0,2.5,1,1,0,0,0
2020-12-11,-0.01194765383,0,0,-0.006372161895,0.006573028576,-0.01194765383,0.0003,0,0,0,-0.01194765383,-0.0004926641763,0.0001095890411,0.1933306793,uncertain,0,2.5,1,1,0,0,0
2020-12-12,0.04281089544,0,0,0,0,0.04281089544,0.00012179,0,0,0,0.04281089544,0.0023778701,0.0001095890411,0.1499779396,uncertain,0,2.5,1,1,0,0,0
2020-12-13,0.01947504053,0,0,0,0,0.01947504053,0.0003,0,0,0.03839155693,0.01947504053,2.701855634e-05,0.0001095890411,0.1544838956,mild_bull,0,2.5,1,1,0,0,0
2020-12-14,0.005118646737,0.00378974346,0,0,0,0.005118646737,0.0003,0,0,-0.007465718639,0.005118646737,-0.004933455094,0.0001095890411,0.1748877193,mild_bull,0,2.5,1,1,0,0,0
2020-12-15,0.007953556089,0,0,0,0,0.007953556089,0.0003,0,0,0.0040082553,0.007953556089,0.01112679881,0.0001095890411,0.1992906235,strong_bull,0,2.5,1,1,0,0,0
2020-12-16,0.09827281698,0,0,0,0,0.09827281698,0.00066054,0,0,0.08246126665,0.09827281698,0.00397961321,0.0001095890411,0.2174237012,strong_bull,0,2.5,1,1,0,0,0
2020-12-17,0.068507353,0,0,0,0,0.068507353,0.00085973,0,0,0.008663172102,0.068507353,0.01744944902,0.0001095890411,0.2765387646,strong_bull,1,1,1,1,0,0,0
2020-12-18,0.01360827401,0,0,0,0,0.01360827401,0.00127112,0,0,0.01734868523,0.01360827401,-0.002960010936,0.0001095890411,0.2909377339,strong_bull,1,1,1,1,0,0,0
2020-12-19,0.0309087266,0,0,0,0,0.0309087266,0.00118576,0,0,0.006392903571,0.0309087266,-0.002314924673,0.0001095890411,0.2999119043,strong_bull,1,1,1,1,0,0,0
2020-12-20,-0.01536797891,0,0,0,0,-0.01536797891,0.0015461,0,0,-0.03016579791,-0.01536797891,0.004423890063,0.0001095890411,0.3380807086,strong_bull,1,1,1,1,0,0,0
2020-12-21,-0.03137044073,0,0,0,0,-0.03137044073,0.00095785,0,0,-0.04794885456,-0.03137044073,-0.0009261354368,0.0001095890411,0.2572863907,strong_bull,1,1,1,1,0,0,0
2020-12-22,0.0480235003,0,0,0,0,0.0480235003,0.00039956,0,0,0.04751637644,0.0480235003,-0.008406149762,0.0001095890411,0.2147109144,strong_bull,1,1,1,1,0,0,0
2020-12-23,-0.024275969,0,0,0,0,-0.024275969,0.00031524,0,0,-0.0799591484,-0.024275969,0.0009454757921,0.0001095890411,0.293050613,strong_bull,1,1,1,1,0,0,0
2020-12-24,0.02136810263,0,0,0,0,0.02136810263,0.00047216,0,0,0.04568276522,0.02136810263,0.00394814347,0.0001095890411,0.2648497387,strong_bull,1,1,1,1,0,0,0
2020-12-25,0.04143713231,0,0,0,0,0.04143713231,0.00063433,0,0,0.02369714687,0.04143713231,0.00687679386,0.0001095890411,0.2384753453,strong_bull,1,1,1,1,0,0,0
2020-12-26,0.07206564135,0,0,0,0,0.07206564135,0.00036965,0,0,0.01694266297,0.07206564135,0.005338918987,0.0001095890411,0.3201733416,strong_bull,1,1,1,1,0,0,0
2020-12-27,-0.007991804748,0,0,0,0,-0.007991804748,0.00116572,0,0,0.07478350904,-0.007991804748,0.009206025952,0.0001095890411,0.5448518234,strong_bull,0,2.5,1,1,0,0,0
2020-12-28,0.03035386654,0,0,0,0,0.03035386654,0.00150874,0,0,0.06612076893,0.03035386654,-0.007523231989,0.0001095890411,0.5333953343,strong_bull,0,2.5,1,1,0,0,0
2020-12-29,0.01128495783,0,0,0,0,0.01128495783,0.00126537,0,0,0.002176859572,0.01128495783,-0.0004222840877,0.0001095890411,0.5281963448,strong_bull,0,2.5,1,1,0,0,0
2020-12-30,0.05442906701,0,0,0,0,0.05442906701,0.00188695,0,0,0.02755464481,0.05442906701,0.002070587744,0.0001095890411,0.5059122936,strong_bull,0,2.5,1,1,0,0,0
2020-12-31,0.0016654234,0,0,0,0,0.0016654234,0.00150381,0,0,-0.02093941529,0.0016654234,0.006079217197,0.0001095890411,0.4660708057,strong_bull,0,2.5,1,1,0,0,0
2021-01-01,0.01410818767,0,0,0.01216531641,-0.01982663082,0.01410818767,0.00083546,0,0,-0.01019798485,0.01410818767,0.004733623731,0.0001095890411,0.5413637972,strong_bull,0,2.5,1,1,0,0,0
2021-01-02,0.09704998246,0,0,0,0,0.09704998246,0.00145622,0,0,0.06262775926,0.09704998246,0.0130063384,0.0001095890411,0.5273668265,strong_bull,0,2.5,1,1,0,0,0
2021-01-03,0.02553644021,0,0,0,0,0.02553644021,0.00393808,0,0,0.2630138401,0.02553644021,-0.00197723888,0.0001095890411,0.6568064916,strong_bull,0,2.5,1,1,0,0,0
2021-01-04,-0.03064662023,-0.1400404531,0,0,0,-0.03064662023,0.00456745,0,0,0.06455207098,-0.03064662023,0.02328495034,0.0001095890411,0.7693903441,strong_bull,0,2.5,1,1,0,0,0
2021-01-05,0.06129725144,0,0,0,0,0.06129725144,0.00198408,0,0,0.05581748173,0.06129725144,0.009162759678,0.0001095890411,0.6706328606,strong_bull,0,2.5,1,1,0,0,0
2021-01-06,0.08305947093,0,0.1431451804,0.02793526851,0.1345590498,0.08305947093,0.00486454,0,0,0.09900323766,0.08305947093,-0.03299418533,0.0001095890411,0.7536457741,strong_bull,0,2.5,1,1,0,0,0
2021-01-07,0.07242225592,0,0,0,0,0.07242225592,0.00342901,0,0,0.01361281674,0.07242225592,-0.002718375299,0.0001095890411,0.9183780371,strong_bull,1,1,1,1,0,0,0
2021-01-08,0.02917736433,0,0,0.1894901668,0.21340503,0.02917736433,0.00437453,0,0,-0.006482320573,0.02917736433,-0.0428556817,0.0001095890411,1.151934255,strong_bull,0,2.5,1,1,0,0,0
2021-01-09,-0.01218717974,0,0,0,0,-0.01218717974,0.00276814,0,0,0.04854017897,-0.01218717974,-0.0008281684121,0.0001095890411,1.188781465,strong_bull,0,2.5,1,1,0,0,0
2021-01-10,-0.04834836768,0,0,0,0,-0.04834836768,0.00319224,0,0,-0.01854545455,-0.04834836768,0.005069383172,0.0001095890411,1.196057658,strong_bull,0,2.5,1,1,0,0,0
2021-01-11,-0.07196719687,-0.06065702542,0,0,0,-0.07196719687,0.00221483,0,0,0,-0.07196719687,-0.009757758589,0.0001095890411,1.11515297,uncertain,1,1,1,1,0,0,0
2021-01-12,-0.03822200982,0,0,0,0,-0.03822200982,0.00139326,0,0,0,-0.03822200982,0.002584368066,0.0001095890411,0.8823464048,uncertain,1,1,1,1,0,0,0
2021-01-13,0.09750423186,0,0.01628787543,0.020884198,0.01806588199,0.09750423186,0.00107888,0,0,0,0.09750423186,-0.004694533762,0.0001095890411,0.7758152677,uncertain,1,1,1,1,0,0,0
2021-01-14,0.04744593322,0,0,0,0,0.04744593322,0.00219461,0,0,0,0.04744593322,0.006364282484,0.0001095890411,0.939039513,uncertain,1,1,1,1,0,0,0
2021-01-15,-0.06136954106,0,0,0,0,-0.06136954106,0.00238296,0,0,-0.05422521557,-0.06136954106,-0.01588499032,0.0001095890411,1.015012537,mild_bull,1,1,1,1,0,0,0
2021-01-16,-0.02033736666,0,0,0,0,-0.02033736666,0.00111069,0,0,0,-0.02033736666,0.005779152645,0.0001095890411,0.7221150457,uncertain,1,1,1,1,0,0,0
2021-01-17,-0.004622033406,0,0,0,0,-0.004622033406,0.00073385,0,0,0,-0.004622033406,-0.006816216216,0.0001095890411,0.578923866,uncertain,1,1,1,1,0,0,0
2021-01-18,0.02240276695,0,0,0,0,0.02240276695,0.00208246,0,0,0,0.02240276695,0.008381454128,0.0001095890411,0.5505260438,uncertain,1,1,1,1,0,0,0
2021-01-19,-0.020195314,0,0,0,0,-0.020195314,0.00360227,0,0,0,-0.020195314,-0.0004263839939,0.0001095890411,0.5377327561,uncertain,1,1,1,1,0,0,0
2021-01-20,-0.01179276759,0,0,0,0,-0.01179276759,0.00122627,0,0,0,-0.01179276759,0.01726241901,0.0001095890411,0.5301937454,uncertain,1,1,1,1,0,0,0
2021-01-21,-0.1302038472,0,0,0,0,-0.1502894597,0.00117024,0,0,0,-0.1302038472,-0.0009766609872,0.0001095890411,0.5611215988,uncertain,1,1,1,1,0,0,0
2021-01-22,0.06791024868,0,0,0,0,0,0.0003,0,0,0,0.06791024868,-0.009765531605,0.0001095890411,0.295636558,uncertain,1,1,1,0,0,0,0
2021-01-23,-0.02632161255,0,0,0,0,0,0.00032182,0,0,0,-0.02632161255,0.002071093226,0.0001095890411,0.4180480494,uncertain,1,1,1,0,0,0,0
2021-01-24,0.005670553027,0,0,0,0,0,0.00065756,0,0,0,0.005670553027,-0.004615524655,0.0001095890411,0.3518365558,uncertain,1,1,1,0,0,0,0
2021-01-25,-0.0001766899463,0,0,0,0,0,0.00104667,0,0,0,-0.0001766899463,0.0004626167973,0.0001095890411,0.3054097789,uncertain,1,1,1,0,0,0,0
2021-01-26,0.006621463251,0,0,0,0,0,0.00033506,0,0,0,0.006621463251,0.002758286959,0.0001095890411,0.2174432943,uncertain,1,1,1,0,0,0,0
2021-01-27,-0.06472942244,0,0,0,0,0,0.0003,0,0,0,-0.06472942244,-0.009286962863,0.0001095890411,0.2353774457,uncertain,1,1,1,0,0,0,0
2021-01-28,0.09875173507,0,0,0,0,0,0.00042262,0,0,0,0.09875173507,0.003339358973,0.0001095890411,0.1213741363,uncertain,1,1,1,0,0,0,0
2021-01-29,0.02659504641,0,0,0,0,0,0.00241592,-0.01370085605,0,0,0.02659504641,0.007751519827,0.0001095890411,0.2183626073,uncertain,1,1,1,0,1,0,0
2021-01-30,0.0003118047892,0,0,0,0,0,0.00124836,-0.02740171211,0,0,0.0003118047892,-0.001332833744,0.0001095890411,0.1862011931,uncertain,1,1,1,0,1,0,0
2021-01-31,-0.03414482379,0,0,0,0,0,0.00145295,-0.02740171211,0,0,-0.03414482379,0.006651623243,0.0001095890411,0.1845981988,uncertain,1,1,1,0,1,0,0
2021-02-01,0.01309613096,0.005103684151,0,0,0,0,0.00118341,-0.01370085605,0,0,0.01309613096,-0.005367069197,0.0001095890411,0.1282329794,uncertain,1,1,1,0,1,0,0
2021-02-02,0.05786102104,0,0,0,0,0,0.00203246,0,0,0,0.05786102104,-0.009432346202,0.0001095890411,0.04189278934,uncertain,1,1,1,0,0,0,0
2021-02-03,0.06069518505,0,0.06432513899,0.00217959428,0.005624718291,0,0.00233389,0,0,0,0.06069518505,-0.001334832092,0.0001095890411,0.07473291707,uncertain,1,1,1,0,0,0,0
2021-02-04,-0.01813478183,0,0,0,0,0,0.00165285,0,0,0,-0.01813478183,-0.02075272599,0.0001095890411,0.1760045966,uncertain,1,1,1,0,0,0,0
2021-02-05,0.03664597719,0,0,0.02275465704,0.04519540668,0,0.00230627,0,0,0,0.03664597719,0.01247236958,0.0001095890411,0.0879873742,uncertain,1,1,1,0,0,0,0
2021-02-06,0.02341850038,0,0,0,0,0,0.0020698,0,0,0,0.02341850038,0.001337212158,0.0001095890411,0.04136269981,uncertain,1,1,1,0,0,0,0
2021-02-07,-0.009984193714,0,0,0,0,0,0.00326873,0,0,-0.04011365467,-0.009984193714,0.0007849036858,0.0001095890411,-0.006221806094,mild_bull,1,1,1,0,0,0,0
2021-02-08,0.1953613919,0.1123026867,0,0,0,0,0.00366147,0,0,0.08595698738,0.1953613919,0.005479123776,0.0001095890411,-0.04403637895,mild_bull,1,1,1,0,0,0,0
2021-02-09,0.000982212996,0,0,0,0,0,0.00478857,0,0,0.01084478473,0.000982212996,0.00328256018,0.0001095890411,0.1568203826,strong_bull,1,1,1,0,0,0,0
2021-02-10,-0.03474419232,0,-0.01833440899,-0.01436750826,-0.03696381497,-0.03474419232,0.0041206,0,0,-0.01602482576,-0.03474419232,0.00159271777,0.0001095890411,0.2167862559,strong_bull,1,1,1,1,0,0,0
2021-02-11,0.07056685498,0,0,0,0,0.07056685498,0.00333922,0,0,0.025758568,0.07056685498,-0.01076474425,0.0001095890411,0.2655910398,strong_bull,1,1,1,1,0,0,0
2021-02-12,-0.01421548813,0,0,0.004469868858,0.01345556966,-0.01421548813,0.00359935,0,0,0.03060001568,-0.01421548813,0.002986115652,0.0001095890411,0.4087448798,strong_bull,1,1,1,1,0,0,0
2021-02-13,-0.002831820604,0,0,0,0,-0.002831820604,0.00357554,0,0,-0.01374805734,-0.002831820604,0.002613221488,0.0001095890411,0.2653426232,strong_bull,1,1,1,1,0,0,0
2021-02-14,0.03020124194,0,0,0,0,0.03020124194,0.00380722,0,0,-0.008011195839,0.03020124194,-0.003337939256,0.0001095890411,0.2046057556,strong_bull,1,1,1,1,0,0,0
2021-02-15,-0.01372417313,0,0,0,0,-0.01372417313,0.0022661,0,0,-0.01175836749,-0.01372417313,-0.003300186485,0.0001095890411,0.3221245205,strong_bull,1,1,1,1,0,0,0
2021-02-16,0.02551287697,0,0,0,0,0.02551287697,0.00364964,0,0,0.001539974708,0.02551287697,-0.01015699152,0.0001095890411,0.3310494963,strong_bull,1,1,1,1,0,0,0
2021-02-17,0.0607785531,0,0,0,0,0.0607785531,0.00344614,0,0,0.03809785689,0.0607785531,-0.01020610603,0.0001095890411,0.3713468092,strong_bull,1,1,1,1,0,0,0
2021-02-18,-0.01088091242,0,0,0,0,-0.01088091242,0.00412394,0,0,0.04850584903,-0.01088091242,-0.006959600909,0.0001095890411,0.4228201752,strong_bull,1,1,1,1,0,0,0
2021-02-19,0.08444578935,0,0,0,0,0.08444578935,0.00304572,0,0,0.007934584788,0.08444578935,0.01317014095,0.0001095890411,0.4363460531,strong_bull,1,1,1,1,0,0,0
2021-02-20,-0.001159267342,0,0,0,0,-0.001159267342,0.00395318,0,0,-0.02148337596,-0.001159267342,0.00372979464,0.0001095890411,0.576227514,strong_bull,1,1,1,1,0,0,0
2021-02-21,0.02806852791,0,0,0,0,0.02806852791,0.00325199,0,0,0.01073183481,0.02806852791,0.005088735865,0.0001095890411,0.8100795685,strong_bull,1,1,1,1,0,0,0
2021-02-22,-0.05784676399,0,0,0,0,-0.05784676399,0.00286695,0,0,-0.08215558848,-0.05784676399,0.0004168860804,0.0001095890411,0.7425489078,strong_bull,1,1,1,1,0,0,0
2021-02-23,-0.09607864417,0,0,0,0,-0.09607864417,0.00067848,0,0,0,-0.09607864417,-0.001875205615,0.0001095890411,0.6861297462,uncertain,1,1,1,1,0,0,0
2021-02-24,0.01606021558,0,0,0,0,0.01606021558,0.0009908,0,0,0,0.01606021558,-0.004762741845,0.0001095890411,0.5155347661,uncertain,1,1,1,1,0,0,0
2021-02-25,-0.05238866902,0,0,0,0,-0.05238866902,0.00070006,0,0,0,-0.05238866902,-0.02018534975,0.0001095890411,0.5401467096,uncertain,1,1,1,1,0,0,0
2021-02-26,-0.01692791287,0,0,0,0,-0.01692791287,0.0003,0,0,0,-0.01692791287,-0.01491149994,0.0001095890411,0.4498602768,uncertain,1,1,1,1,0,0,0
2021-02-27,-0.003683049437,0,0,0,0,-0.003683049437,0.00084772,0,0,0,-0.003683049437,0.0008978252043,0.0001095890411,0.5239623726,uncertain,1,1,1,1,0,0,0
2021-02-28,-0.02105498083,0,0,0,0,-0.04944230238,0.00057706,0,0,0,-0.02105498083,-0.003216701709,0.0001095890411,0.3818859123,uncertain,1,1,1,1,0,0,0
2021-03-01,0.09862202081,0.04967978237,0,0,0,0,0.00036921,0,0,0,0.09862202081,-0.009962111876,0.0001095890411,0.3177448456,uncertain,1,1,1,0,0,0,0
2021-03-02,-0.02311854531,0,0,0,0,0,0.0003,0,0,0,-0.02311854531,0.01319453692,0.0001095890411,0.447252245,uncertain,1,1,1,0,0,0,0
2021-03-03,0.03940326977,0,0.08373449115,0.0571133796,0.05776392939,0,0.00065078,0,0,0,0.03940326977,-0.01866835808,0.0001095890411,0.4637741902,uncertain,1,1,1,0,0,0,0
2021-03-04,-0.039231474,0,0,0,0,0,0.0003,0,0,0,-0.039231474,-0.006678894809,0.0001095890411,0.501784118,uncertain,1,1,1,0,0,0,0
2021-03-05,0.007806245037,0,0,0.01470581686,0.003845824924,0,0.0003,0,0,0,0.007806245037,0.00153000211,0.0001095890411,0.3639475174,uncertain,1,1,1,0,0,0,0
2021-03-06,0.002676624061,0,0,0,0,0,0.0003,0,0,0,0.002676624061,0.003213363848,0.0001095890411,0.2959376504,uncertain,1,1,1,0,0,0,0
2021-03-07,0.04274664397,0,0,0,0,0,0.00037606,0,0,0,0.04274664397,0.001878668363,0.0001095890411,0.3234060687,uncertain,1,1,1,0,0,0,0
2021-03-08,0.0275332905,-0.0006476540196,0,0,0,0,0.00044757,0,0,0,0.0275332905,-0.006539715816,0.0001095890411,0.33119432,uncertain,1,1,1,0,0,0,0
2021-03-09,0.04791067981,0,0,0,0,0,0.00171433,0,0,0,0.04791067981,0.01361688658,0.0001095890411,0.3365465637,uncertain,1,1,1,0,0,0,0
2021-03-10,0.01762045751,0,0.004446226854,0.05076996435,0.0360579459,0,0.00129845,0,0,-0.04180451588,0.01762045751,0.005991209808,0.0001095890411,0.4147061181,strong_bull,1,1,1,0,0,0,0
2021-03-11,0.03440492921,0,0,0,0,0,0.00280675,0,0,0.01707963813,0.03440492921,0.001977511555,0.0001095890411,0.2043503303,strong_bull,0,2.5,1,0,0,0,0
2021-03-12,-0.009544916705,0,0,-0.06566229117,-0.1023207448,0,0.00220348,0,0,-0.03268739936,-0.009544916705,-0.002203098107,0.0001095890411,0.2445634917,strong_bull,0,2.5,1,0,0,0,0
2021-03-13,0.06932105501,0,0,0,0,0,0.00165515,0,0,0.08847177397,0.06932105501,0.003375192622,0.0001095890411,0.2770544627,strong_bull,0,2.5,1,0,0,0,0
2021-03-14,-0.03628270004,0,0,0,0,-0.03628270004,0.0028149,0,0,-0.0386246001,-0.03628270004,-0.005787866111,0.0001095890411,0.2755683767,strong_bull,0,2.5,1,1,0,0,0
2021-03-15,-0.05703249762,0,0,0,0,-0.06711617325,0.00202996,0,0,-0.03105467778,-0.05703249762,-0.0001210423475,0.0001095890411,0.2470142278,strong_bull,0,2.5,1,1,0,0,0
2021-03-16,0.02329907994,0,0,0,0,0,0.00099108,0,0,0,0.02329907994,0.0062257886,0.0001095890411,0.1792332689,uncertain,1,1,1,0,0,0,0
2021-03-17,0.0353636815,0,0,0,0,0,0.00079176,0,0,0,0.0353636815,0.00751065585,0.0001095890411,0.1713326193,uncertain,1,1,1,0,0,0,0
2021-03-18,-0.02146912641,0,0,0,0,0,0.00092071,0,0,-0.02904766448,-0.02146912641,-0.009700732957,0.0001095890411,0.2296309206,strong_bull,1,1,1,0,0,0,0
2021-03-19,0.006623802043,0,0,0,0,0,0.00078153,0,0,0,0.006623802043,0.009330661415,0.0001095890411,0.1732976211,uncertain,1,1,1,0,0,0,0
2021-03-20,0.001245390101,0,0,0,0,0,0.00142668,0,0,0,0.001245390101,-0.001797681219,0.0001095890411,0.1133985588,uncertain,1,1,1,0,0,0,0
2021-03-21,-0.01292066335,0,0,0,0,0,0.00083741,0,0,0,-0.01292066335,-0.004604880718,0.0001095890411,0.1270484903,uncertain,1,1,1,0,0,0,0
2021-03-22,-0.05698729032,0,0,0,0,0,0.00146458,0,0,0,-0.05698729032,-0.003355128308,0.0001095890411,0.02585697421,uncertain,0,2.5,1,0,0,0,0
2021-03-23,0.00476376697,0,0,0,0,0,0.00093074,0,0,0,0.00476376697,-0.0004136219495,0.0001095890411,-0.03148106263,uncertain,0,2.5,1,0,0,0,0
2021-03-24,-0.03749000062,0,0,0,0,0,0.00096443,0,0,0,-0.03749000062,-0.001275862069,0.0001095890411,-0.05343592429,uncertain,0,2.5,1,0,0,0,0
2021-03-25,-0.01930783033,0,0,0,0,0,0.00031828,0,0,0,-0.01930783033,-0.005863803243,0.0001095890411,-0.0329838575,uncertain,0,2.5,1,0,0,0,0
2021-03-26,0.07275365551,0,0,0,0,0,0.00036,0,0,0,0.07275365551,0.007513356757,0.0001095890411,0.04914565053,uncertain,0,2.5,1,0,0,0,0
2021-03-27,0.01438512518,0,0,0,0,0,0.0003,0,0,0,0.01438512518,-0.004475545367,0.0001095890411,0.1076851692,uncertain,0,2.5,1,0,0,0,0
2021-03-28,-0.0007078470878,0,0,0,0,0,0.0003,0,0,0,-0.0007078470878,0.007958309768,0.0001095890411,0.1857386275,uncertain,0,2.5,1,0,0,0,0
2021-03-29,0.03330797669,0,0,0,0,0,0.00038171,0,0,0,0.03330797669,-0.01252741087,0.0001095890411,0.2053025626,uncertain,0,2.5,1,0,0,0,0
2021-03-30,0.01927805915,0,0,0,0,0,0.00142785,0,0,0,0.01927805915,-0.01365462779,0.0001095890411,0.2500527584,uncertain,0,2.5,1,0,0,0,0
2021-03-31,-0.0001024740678,0,0,0,0,0,0.00210057,0,0,0.04137515078,-0.0001024740678,0.007295107986,0.0001095890411,0.3015555771,strong_bull,0,2.5,1,0,0,0,0
2021-04-01,-0.0003423529402,0,0,0,0,0,0.00256456,0,0,0.02536248873,-0.0003423529402,0.01636952525,0.0001095890411,0.1845950443,strong_bull,0,2.5,1,0,0,0,0
2021-04-02,0.00390954155,0,0,-0.03151024436,0.009722701502,0,0.00279249,0,0,0.08416452834,0.00390954155,-0.001573265962,0.0001095890411,0.2122141218,strong_bull,0,2.5,1,0,0,0,0
2021-04-03,-0.03219795891,0,0,0,0,0,0.00272423,0,0,-0.06016362967,-0.03219795891,-0.002639660467,0.0001095890411,0.1708192178,strong_bull,0,2.5,1,0,0,0,0
2021-04-04,0.02015829786,0,0,0,0,0,0.00127106,0,0,0,0.02015829786,0.007841916195,0.0001095890411,0.1793904547,uncertain,0,2.5,1,0,0,0,0
2021-04-05,0.01594412289,0.0866384972,0,0,0,0,0.0012009,0,0,0.01376721235,0.01594412289,-0.002385760955,0.0001095890411,0.1938455082,strong_bull,0,2.5,1,0,0,0,0
2021-04-06,-0.01925993899,0,0,0,0,0,0.00238701,0,0,0.0007919454489,-0.01925993899,0.007289097895,0.0001095890411,0.2096425693,strong_bull,0,2.5,1,0,0,0,0
2021-04-07,-0.03513812021,0,-0.1575131763,-0.05407953373,-0.1255645113,0,0.00165018,0,0,0,-0.03513812021,-0.0008198541343,0.0001095890411,0.1377115755,uncertain,0,2.5,1,0,0,0,0
2021-04-08,0.03796137682,0,0,0,0,0,0.00091952,0,0,0,0.03796137682,0.008347721044,0.0001095890411,0.06832016011,uncertain,0,2.5,1,0,0,0,0
2021-04-09,0.001119538162,0,0,0.01368705475,-0.00224237746,0,0.00067697,0,0,0,0.001119538162,-0.009448356144,0.0001095890411,0.05817708096,uncertain,0,2.5,1,0,0,0,0
2021-04-10,0.02797590198,0,0,0,0,0,0.00281235,0,0,0.03073231263,0.02797590198,0.001928233214,0.0001095890411,0.04101852785,mild_bull,0,2.5,1,0,0,0,0
2021-04-11,0.003903352784,0,0,0,0,0,0.0029216,0,0,0.008375947391,0.003903352784,-0.0004668959391,0.0001095890411,0.03454839583,strong_bull,0,2.5,1,0,0,0,0
2021-04-12,-0.002373737197,-0.02275152491,0,0,0,0,0.00294494,0,0,-0.006354120184,-0.002373737197,-0.004933179907,0.0001095890411,0.04859535855,strong_bull,0,2.5,1,0,0,0,0
2021-04-13,0.06206147678,0,0,0,0,0,0.0029667,0,0,0.0755488401,0.06206147678,0.002421570872,0.0001095890411,-0.02170983744,mild_bull,0,2.5,1,0,0,0,0
2021-04-14,-0.009681006685,0,0.03744910507,-0.002829203987,0.005644572025,0,0.00303861,0,0,0.05802478264,-0.009681006685,6.28201687e-05,0.0001095890411,0.07812145201,strong_bull,0,2.5,1,0,0,0,0
2021-04-15,0.003183791239,0,0,0,0,0,0.00268741,0,0,0.03347858259,0.003183791239,0.01077012689,0.0001095890411,0.1322597527,strong_bull,0,2.5,1,0,0,0,0
2021-04-16,-0.02889772923,0,0,0,0,0,0.00345188,0,0,-0.0363438927,-0.02889772923,0.009949152542,0.0001095890411,0.1100025922,strong_bull,0,2.5,1,0,0,0,0
2021-04-17,-0.02165393871,0,0,0,0,0,0.00196485,0,0,-0.04486950555,-0.02165393871,0.001118812269,0.0001095890411,0.04110860478,strong_bull,0,2.5,1,0,0,0,0
2021-04-18,-0.06427036599,0,0,0,0,0,0.00150072,0,0,0,-0.06427036599,0.005777795162,0.0001095890411,0.0409119736,uncertain,0,2.5,1,0,0,0,0
2021-04-19,-0.009205163098,0,0,0,0,0,0.0003,0,0,0,-0.009205163098,-0.009172477013,0.0001095890411,-0.03239703043,uncertain,0,2.5,1,0,0,0,0
2021-04-20,0.01423360249,0,0,0,0,0,0.0003,0,0,0,0.01423360249,0.003336249047,0.0001095890411,-0.04249643904,bear,0,2.5,1,0,0,0,0
2021-04-21,-0.04674116083,0,0,0,0,0,0.0003,0,0,0,-0.04674116083,0.01505540994,0.0001095890411,-0.01615579419,uncertain,0,2.5,1,0,0,0,0
2021-04-22,-0.03898052396,0,0,0,0,0,0.0003,0,0,0,-0.03898052396,-0.01112683268,0.0001095890411,-0.005466017667,bear,0,2.5,1,0,0,0,0
2021-04-23,-0.010946208,0,0,0,0,0,0.00067618,0,0,0,-0.010946208,0.005801394116,0.0001095890411,-0.04876493558,bear,0,2.5,1,0,0,0,0
2021-04-24,-0.02107182494,0,0,0,0,0,0.00054432,0,0,0,-0.02107182494,-0.009902908322,0.0001095890411,-0.0225320795,bear,0,2.5,1,0,0,0,0
2021-04-25,-0.01960264419,0,0,0,0,0,0.00070258,0,0,0,-0.01960264419,-0.003913566097,0.0001095890411,-0.02429027457,bear,0,2.5,1,0,0,0,0
2021-04-26,0.1005694893,0,0,0,0,0,0.0003,0,0,0,0.1005694893,0.007122611063,0.0001095890411,-0.1082917966,uncertain,0,2.5,1,0,0,0,0
2021-04-27,0.01871396273,0,0,0,0,0,0.0003,0,0,0,0.01871396273,-0.001766666295,0.0001095890411,-0.03253033029,uncertain,0,2.5,1,0,0,0,0
2021-04-28,-0.003012980629,0,0,0,0,0,0.0003,0,0,0,-0.003012980629,0.003360931682,0.0001095890411,-0.01372700848,uncertain,0,2.5,1,0,0,0,0
2021-04-29,-0.02354255225,0,0,0,0,0,0.0003,0,0,0,-0.02354255225,-0.005708912246,0.0001095890411,-0.04839467779,uncertain,0,2.5,1,0,0,0,0
2021-04-30,0.07729007562,0,0,0,0,0,0.0003,0,0,0,0.07729007562,-0.001427028479,0.0001095890411,-0.08837230837,uncertain,0,2.5,1,0,0,0,0
2021-05-01,0.001839004116,0,0,0,0,0,0.00053705,0,0,0,0.001839004116,0.003149553346,0.0001095890411,-0.01781188634,uncertain,0,2.5,1,0,0,0,0
2021-05-02,-0.02114450132,0,0,0,0,0,0.00106387,0,0,0,-0.02114450132,-0.002245810056,0.0001095890411,-0.01566864962,uncertain,0,2.5,1,0,0,0,0
2021-05-03,0.01044889897,-0.002898240059,0,0,0,0,0.00143808,0,0,0,0.01044889897,0.008645113607,0.0001095890411,-0.04023408987,uncertain,0,2.5,1,0,0,0,0
2021-05-04,-0.06943191103,0,0,0,0,0,0.00129571,0,0,0,-0.06943191103,-0.008543260317,0.0001095890411,0.002058650416,uncertain,0,2.5,1,0,0,0,0
2021-05-05,0.07962592488,0,0.045760535,0.06249577814,0.05501188281,0,0.00098893,0,0,0,0.07962592488,0.007228322033,0.0001095890411,-0.08594204908,bear,0,2.5,1,0,0,0,0
2021-05-06,-0.01814938372,0,0,0,0,0,0.00229609,0,0,0,-0.01814938372,0.02048428519,0.0001095890411,-0.02864671548,uncertain,0,2.5,1,0,0,0,0
2021-05-07,0.01633285858,0,0,0.05422434983,0.04808265187,0,0.00115102,0,0,0,0.01633285858,0.01318778292,0.0001095890411,-0.02754678947,uncertain,0,2.5,1,0,0,0,0
2021-05-08,0.02699654103,0,0,0,0,0,0.00152075,0,0,0,0.02699654103,0.003053763441,0.0001095890411,0.02432915218,uncertain,0,2.5,1,0,0,0,0
2021-05-09,-0.01055365894,0,0,0,0,0,0.00156651,0,0,0,-0.01055365894,0.01393057759,0.0001095890411,0.01350832474,uncertain,0,2.5,1,0,0,0,0
2021-05-10,-0.04163229789,-0.09190044682,0,0,0,0,0.00222442,0,0,0,-0.04163229789,-0.006819371243,0.0001095890411,0.001690672613,uncertain,0,2.5,1,0,0,0,0
2021-05-11,0.01529808403,0,0,0,0,0,0.00116056,0,0,0,0.01529808403,-0.009213474773,0.0001095890411,-0.06613765333,uncertain,0,2.5,1,0,0,0,0
2021-05-12,-0.1242050029,0,0.006976579789,-0.04689762867,-0.01710373905,0,0.00090156,0,0,0,-0.1242050029,-0.01873797987,0.0001095890411,-0.05553791738,uncertain,0,2.5,1,0,0,0,0
2021-05-13,0.0007988907005,0,0,0,0,0,0.00044501,0,0,0,0.0007988907005,0.0177106943,0.0001095890411,-0.1708767123,bear,1,1,1,0,0,0,0
2021-05-14,0.003432185842,0,0,0.03469456718,0.07026585417,0,0.00090328,0,0,0,0.003432185842,0.005998074161,0.0001095890411,-0.218702792,bear,1,1,1,0,0,0,0
2021-05-15,-0.061765057,0,0,0,0,0,0.00040276,0,0,0,-0.061765057,0.006534479808,0.0001095890411,-0.2083573368,bear,1,1,1,0,0,0,0
2021-05-16,-0.007088725507,0,0,0,0,0,0.00093126,0,0,0,-0.007088725507,0.03320937151,0.0001095890411,-0.2596104369,bear,1,1,1,0,0,0,0
2021-05-17,-0.06231674617,0,0,0,0,0,0.00133283,0,0,0,-0.06231674617,-0.02344187864,0.0001095890411,-0.2429827765,bear,1,1,1,0,0,0,0
2021-05-18,-0.01580824493,0,0,0,0,0,0.00091175,0,0,0,-0.01580824493,-0.0104253325,0.0001095890411,-0.2744465364,bear,1,1,1,0,0,0,0
2021-05-19,-0.1437507964,0,0,0,0,0,-0.00043884,0,0,0,-0.1437507964,-0.006273211948,0.0001095890411,-0.2368695927,bear,1,1,1,0,0,0,0
2021-05-20,0.1045663829,0,0,0,0,0,0.0003,0,0,0,0.1045663829,0.006446673056,0.0001095890411,-0.3404993858,bear,1,1,1,0,0,0,0
2021-05-21,-0.08080191203,0,0,0,0,0,0.00016545,0,0,0,-0.08080191203,0.01074656722,0.0001095890411,-0.2817609216,bear,1,1,1,0,0,0,0
2021-05-22,0.005307633065,0,0,0,0,0,-4.448e-05,0,0,0,0.005307633065,0.0004895071768,0.0001095890411,-0.3074242163,bear,1,1,1,0,0,0,0
2021-05-23,-0.07461949659,0,0,0,0,0,-1.374e-05,0,0,0,-0.07461949659,-0.003261784512,0.0001095890411,-0.275507168,uncertain,1,1,1,0,0,0,0
2021-05-24,0.119492429,0,0,0,0,0,-0.0011635,0,0,0,0.119492429,-0.006988282487,0.0001095890411,-0.3221485555,uncertain,1,1,1,0,0,0,0
2021-05-25,-0.01215502823,0,0,0,0,0,0,0,0,0,-0.01215502823,0.008972232853,0.0001095890411,-0.2248158962,uncertain,1,1,1,0,0,0,0
2021-05-26,0.02393207308,0,0,0,0,0,-0.0007,0,0,0,0.02393207308,0.003076534053,0.0001095890411,-0.2189271884,uncertain,1,1,1,0,0,0,0
2021-05-27,-0.0181420833,0,0,0,0,0,0.0003,0,0,0,-0.0181420833,0.000152304525,0.0001095890411,-0.2733166683,uncertain,1,1,1,0,0,0,0
2021-05-28,-0.07439635318,0,0,0,0,0,0.0003,0,0,0,-0.07439635318,0.009472949059,0.0001095890411,-0.29960734,uncertain,1,1,1,0,0,0,0
2021-05-29,-0.02967572719,0,0,0,0,0,0.00030375,0,0,0,-0.02967572719,0.005420279753,0.0001095890411,-0.3497548236,uncertain,1,1,1,0,0,0,0
2021-05-30,0.02994120817,0,0,0,0,0,0.0003,0,0,0,-0.03144120817,-0.00965941133,0.0001095890411,-0.353839044,uncertain,1,1,-1,0,0,0,0
2021-05-31,0.04524361786,0,0,0,0,0,0.0003,0,0,0,-0.04524361786,0.001431437288,0.0001095890411,-0.3822389988,uncertain,1,1,-1,0,0,0,0
2021-06-01,-0.01505134643,0,0,0,0,0,0.0003,0,0,0,0.01505134643,-0.002300589493,0.0001095890411,-0.3554745411,uncertain,1,1,-1,0,0,0,0
2021-06-02,0.02386253107,0,0.08325702802,0.02774541002,0.04327988576,0,0.0003,0,0,0,-0.02386253107,-0.0002980407741,0.0001095890411,-0.3514625153,uncertain,1,1,-1,0,0,0,0
2021-06-03,0.04466779243,0,0,0,0,0,0.0003,0,0,0,-0.04466779243,-0.01726013641,0.0001095890411,-0.3428532297,uncertain,1,1,-1,0,0,0,0
2021-06-04,-0.06160478347,0,0,-0.03325037935,-0.03787129668,0,0.00040566,0,0,0,0.06160478347,0.01230494114,0.0001095890411,-0.2622785221,bear,1,1,-1,0,0,0,0
2021-06-05,-0.03572728013,0,0,0,0,0,0.0003,0,0,0,0.03572728013,0.0008359445648,0.0001095890411,-0.3587831766,bear,1,1,-1,0,0,0,0
2021-06-06,0.007971965354,0,0,0,0,0,0.0003,0,0,0,-0.007971965354,-0.002673838929,0.0001095890411,-0.370262767,bear,1,1,-1,0,0,0,0
2021-06-07,-0.06267461646,-0.01704754524,0,0,0,0,0.0003,0,0,0,0.06267461646,-0.0007374087457,0.0001095890411,-0.3754433196,bear,1,1,-1,0,0,0,0
2021-06-08,-0.00512565423,0,0,0,0,0,0.00021015,0,0,0,0.00512565423,-0.001549701129,0.0001095890411,-0.4299758503,bear,1,1,-1,0,0,0,0
2021-06-09,0.1200462182,0,0.02312067449,0.06603051373,0.02845690182,0,-0.00010239,0,0,0,-0.1200462182,-0.0006282335551,0.0001095890411,-0.4268487542,bear,1,1,-1,0,0,0,0
2021-06-10,-0.01905234427,0,0,0,0,0,-7.66e-06,0,0,0,0.01905234427,0.003164272772,0.0001095890411,-0.3301570119,bear,1,1,-1,0,0,0,0
2021-06-11,0.01789358191,0,0,0.01737773981,0.002069834895,0,0.00017388,0,0,0,-0.01789358191,-0.00598209584,0.0001095890411,-0.3528197096,bear,1,1,-1,0,0,0,0
2021-06-12,-0.04783753768,0,0,0,0,0,1.406e-05,0,0,0,0.04783753768,0.001144285987,0.0001095890411,-0.2478140819,bear,1,1,-1,0,0,0,0
2021-06-13,0.09774515411,0,0,0,0,0,5.933e-05,0,0,0,-0.09774515411,-0.004624828024,0.0001095890411,-0.2843685155,uncertain,1,1,-1,0,0,0,0
2021-06-14,0.03833157742,0.01914801905,0,0,0,0,0.00016856,0.002377320395,0,0,-0.03833157742,-0.004449618832,0.0001095890411,-0.2171060433,uncertain,1,1,-1,0,1,0,0
2021-06-15,-0.009187662543,0,0,0,0,0,0.00028002,0.009509281578,0,0,0.009187662543,-0.007187521693,0.0001095890411,-0.1335821341,uncertain,1,1,-1,0,1,0,0
2021-06-16,-0.04471473225,0,0,0,0,0,0.0003,0.009509281578,0,0,0.04471473225,-0.0184108475,0.0001095890411,-0.1354136739,uncertain,1,1,-1,0,1,0,0
2021-06-17,-0.006676573919,0,0,0,0,0,0.0003,0.007131961184,0,0,0.006676573919,-0.01870684932,0.0001095890411,-0.1191838218,uncertain,1,1,-1,0,1,0,0
2021-06-18,-0.05967321529,0,0,0,0,0,0.00015687,0,0,0,0.05967321529,-0.009258121796,0.0001095890411,-0.1110113051,uncertain,1,1,-1,0,0,0,0
2021-06-19,-0.009383626504,0,0,0,0,0,-7.171e-05,0,0,0,0.009383626504,-0.001600649277,0.0001095890411,-0.02371893882,uncertain,1,1,-1,0,0,0,0
2021-06-20,0.00328150487,0,0,0,0,0,1.563e-05,0,0,0,-0.00328150487,0.003703201915,0.0001095890411,-0.1244346928,uncertain,1,1,-1,0,0,0,0
2021-06-21,-0.1121126984,0,0,0,0,0,-0.00011471,0,0,0,0.1121126984,0.005354330709,0.0001095890411,-0.04434257373,bear,1,1,-1,0,0,0,0
2021-06-22,0.02849289742,0,0,0,0,0,-0.00014859,0,0,0,-0.02849289742,-0.003977577873,0.0001095890411,-0.1559637413,bear,1,1,-1,0,0,0,0
2021-06-23,0.0359435809,0,0,0,0,0,-0.00133521,0,0,0,-0.0359435809,0.0007189355261,0.0001095890411,-0.06191529422,bear,1,1,-1,0,0,0,0
2021-06-24,0.02924811309,0,0,0,0,0,0,0,0,0,-0.02924811309,-0.002374150385,0.0001095890411,-0.1319255011,bear,1,1,-1,0,0,0,0
2021-06-25,-0.08881608651,0,0,0,0,0,0,0,0,0,0.08881608651,0.0005063405084,0.0001095890411,-0.09554225054,bear,1,1,-1,0,0,0,0
2021-06-26,0.02213747588,0,0,0,0,0,0,0,0,0,-0.02213747588,0.001400166445,0.0001095890411,-0.1951347424,bear,1,1,-1,0,0,0,0
2021-06-27,0.07485801636,0,0,0,0,0,0,0,0,0,-0.07485801636,0.005413145408,0.0001095890411,-0.1621160976,bear,1,1,-1,0,0,0,0
2021-06-28,-0.005920691267,0,0,0,0,0,0,0,0,0,0.005920691267,-0.002725510894,0.0001095890411,-0.02700661096,bear,1,1,-1,0,0,0,0
2021-06-29,0.04107390979,0,0,0,0,0,0,0,0,0,-0.04107390979,-0.01009738969,0.0001095890411,-0.003186230951,bear,1,1,-1,0,0,0,0
2021-06-30,-0.02413501104,0,0,0,0,0,0,0,0,0,0.02413501104,0.00545378427,0.0001095890411,0.007588394016,uncertain,1,1,-1,0,0,0,0
2021-07-01,-0.04395234698,0,0,0,0,0,0,0,0,0,0.04395234698,-0.0001800564927,0.0001095890411,-0.05929084837,bear,1,1,-1,0,0,0,0
2021-07-02,0.008412553586,0,0,0.01590621055,0.01378030218,0,0,0,0,0,-0.008412553586,0.008829984805,0.0001095890411,-0.08689374484,bear,1,1,-1,0,0,0,0
2021-07-03,0.02612222911,0,0,0,0,0,0,0,0,0,-0.02612222911,0.0001115704093,0.0001095890411,-0.1006724218,bear,1,1,-1,0,0,0,0
2021-07-04,0.01780777308,0,0,0,0,0,0,0,0,0,-0.01780777308,0.001478143006,0.0001095890411,-0.1166378193,bear,1,1,-1,0,0,0,0
2021-07-05,-0.04524023487,-0.02042875724,0,0,0,0,-0.0009044,0,0,0,0.04524023487,-0.001904825558,0.0001095890411,-0.04188248391,bear,1,1,-1,0,0,0,0
2021-07-06,0.01572774705,0,0,0,0,0,-0.00020034,0,0,0,-0.01572774705,0.004592582672,0.0001095890411,-0.05133471498,bear,1,1,-1,0,0,0,0
2021-07-07,-0.01045850074,0,0.01508740285,0.009146074347,0.01761544068,0,6.638e-05,0,0,0,0.01045850074,0.00329954173,0.0001095890411,-0.04403526509,bear,1,1,-1,0,0,0,0
2021-07-08,-0.02913019031,0,0,0,0,0,-0.00033101,0,0,0,0.02913019031,0.003565516363,0.0001095890411,0.00921920353,uncertain,0,2.5,-1,0,0,0,0
2021-07-09,0.02859558014,0,0,0.03279094902,0.02160109678,0,-0.00047094,0,0,0,-0.02859558014,0.001748840083,0.0001095890411,-0.01513144828,bear,0,2.5,-1,0,0,0,0
2021-07-10,-0.009254251192,0,0,0,0,0,7.838e-05,0,0,0,0.009254251192,-0.003095054521,0.0001095890411,-0.09554496691,bear,0,2.5,-1,0,0,0,0
2021-07-11,0.02256881276,0,0,0,0,0,0.00014412,0,0,0,-0.02256881276,0.0008341711874,0.0001095890411,-0.0865109124,bear,0,2.5,-1,0,0,0,0
2021-07-12,-0.03422050679,-0.09245675279,0,0,0,0,0.00022314,0,0,0,0.03422050679,-0.001639353311,0.0001095890411,-0.08231521607,bear,0,2.5,-1,0,0,0,0
2021-07-13,-0.01078562549,0,0,0,0,0,0.00020052,0,0,0,0.01078562549,0.0009122473351,0.0001095890411,-0.06919125609,bear,0,2.5,-1,0,0,0,0
2021-07-14,0.002757428482,0,0.06910652669,0.07117850301,0.15533524,0,-4.36e-06,0,0,0,-0.002757428482,0.01198097626,0.0001095890411,-0.1612175322,bear,0,2.5,-1,0,0,0,0
2021-07-15,-0.02864166445,0,0,0,0,0,6.693e-05,0,0,0,0.02864166445,0.002980251738,0.0001095890411,-0.1899549539,bear,0,2.5,-1,0,0,0,0
2021-07-16,-0.01556242158,0,0,0,0,0,-4.351e-05,0,0,0,0.01556242158,-0.0137631155,0.0001095890411,-0.2058596992,bear,0,2.5,-1,0,0,0,0
2021-07-17,0.004339808953,0,0,0,0,0,8.022e-05,0,0,0,-0.004339808953,0.0008332275705,0.0001095890411,-0.1816250276,bear,0,2.5,-1,0,0,0,0
2021-07-18,0.008200806661,0,0,0,0,0,0.00015566,0,0,0,-0.008200806661,0.002034470211,0.0001095890411,-0.1725488981,bear,0,2.5,-1,0,0,0,0
2021-07-19,-0.02954539161,0,0,0,0,0,-5.557e-05,0,0,0,0.02954539161,0.0005997479958,0.0001095890411,-0.1128223912,bear,0,2.5,-1,0,0,0,0
2021-07-20,-0.03402438095,0,0,0,0,0,-0.00047195,0,0,0,0.03402438095,-0.004778611178,0.0001095890411,-0.1308788932,bear,0,2.5,-1,0,0,0,0
2021-07-21,0.07902424778,0,0,0,0,0,-0.00194322,0,0,0,-0.07902424778,-0.001497378207,0.0001095890411,-0.1631961766,bear,0,2.5,-1,0,0,0,0
2021-07-22,0.004458615173,0,0,0,0,0,0,0,0,0,-0.004458615173,0.0001106733366,0.0001095890411,0.0169439459,uncertain,0,2.5,-1,0,0,0,0
2021-07-23,0.04169558623,0,0,0,0,0,0,0,0,0,-0.04169558623,0.00279972556,0.0001095890411,-0.006820455275,bear,0,2.5,-1,0,0,0,0
2021-07-24,0.01855409199,0,0,0,0,0,0,0,0,0,-0.01855409199,8.276410024e-05,0.0001095890411,-0.00130589431,uncertain,0,2.5,-1,0,0,0,0
2021-07-25,0.03277702759,0,0,0,0,0,0,0,0,0,-0.03277702759,-0.001302047414,0.0001095890411,-0.01168245531,uncertain,0,2.5,-1,0,0,0,0
2021-07-26,0.05247389702,0,0,0,0,0,0,-0.004289533593,-0.01897691325,0,-0.05247389702,-0.00397200263,0.0001095890411,0.1202037712,uncertain,0,2.5,-1,0,1,1,0
2021-07-27,0.05962441188,0,0,0,0,0,0,-0.01470697232,-0.02070208718,0,-0.05962441188,0.003333370309,0.0001095890411,0.1534507405,uncertain,0,2.5,-1,0,1,1,0
2021-07-28,0.01423518299,0,0,0,0,0,0,-0.01470697232,-0.02070208718,0,-0.01423518299,0.00194583718,0.0001095890411,0.1371032676,uncertain,0,2.5,-1,0,1,1,0
2021-07-29,-7.69623654e-05,0,0,0,0,0,0,-0.01041743872,-0.001725173932,0,7.69623654e-05,0.0120551059,0.0001095890411,0.1601590844,uncertain,0,2.5,-1,0,1,1,0
2021-07-30,0.05472470342,0,0,0,0,0,0,0,0,0,-0.05472470342,-0.006274668004,0.0001095890411,0.1143010933,uncertain,0,2.5,-1,0,0,0,0
2021-07-31,-0.01764046517,0,0,0,0,0,0,0,0,0,0.01764046517,-0.002358943413,0.0001095890411,0.2043478385,uncertain,0,2.5,-1,0,0,0,0
2021-08-01,-0.03898501344,0,0,0,0,0,-0.0007,0,0,0,0.03898501344,-0.002430507822,0.0001095890411,0.2374933181,uncertain,0,2.5,-1,0,0,0,0
2021-08-02,-0.0175081515,-0.005667004167,0,0,0,0,0.0003,0,0,0,0.0175081515,0.002375794458,0.0001095890411,0.1793284606,uncertain,0,2.5,-1,0,0,0,0
2021-08-03,-0.02403122319,0,0,0,0,0,0.0003,0,0,0,0.02403122319,-0.00315655177,0.0001095890411,0.1291838013,uncertain,0,2.5,-1,0,0,0,0
2021-08-04,0.03968194352,0,0.2187122074,0.06446268032,0.1213395437,0,0.00021272,0,0,0,-0.03968194352,0.003111380813,0.0001095890411,0.08276647365,uncertain,0,2.5,-1,0,0,0,0
2021-08-05,0.02868048328,0,0,0,0,0,0.0003,0,0,0,-0.02868048328,-0.005450025848,0.0001095890411,0.1790743523,uncertain,0,2.5,-1,0,0,0,0
2021-08-06,0.04831843213,0,0,0.04004719574,0.01103700555,0,0.0003,0,0,0,-0.04831843213,-0.02124494727,0.0001095890411,0.1941101128,uncertain,0,2.5,-1,0,0,0,0
2021-08-07,0.04051813309,0,0,0,0,0,0.0003,0,0,0,-0.04051813309,0.002305071723,0.0001095890411,0.2650380425,uncertain,0,2.5,-1,0,0,0,0
2021-08-08,-0.01745850696,0,0,0,0,0,0.0003,0,0,0,0.01745850696,-0.02391648676,0.0001095890411,0.3557894263,uncertain,0,2.5,-1,0,0,0,0
2021-08-09,0.05614945483,0.1276651402,0,0,0,0,0.0003,0,0,0,-0.05614945483,0.006692999781,0.0001095890411,0.2950856419,uncertain,0,2.5,-1,0,0,0,0
2021-08-10,-0.01445104576,0,0,0,0,0,0.0003,0,0,0,0.01445104576,-0.00300014341,0.0001095890411,0.3805802309,uncertain,0,2.5,-1,0,0,0,0
2021-08-11,-0.001623121997,0,0.081229143,0.03370530941,0.06253239338,0,0.0003,0,0,0,0.001623121997,0.01075936986,0.0001095890411,0.3305993551,uncertain,0,2.5,-1,0,0,0,0
2021-08-12,-0.0244336534,0,0,0,0,0,0.0003,0,0,0,0.0244336534,0.00175895988,0.0001095890411,0.3755102892,uncertain,0,2.5,-1,0,0,0,0
2021-08-13,0.07660082434,0,0,0.09005338955,0,0,0.0003,0,0,0,-0.07660082434,0.01317187651,0.0001095890411,0.3565326001,uncertain,0,2.5,-1,0,0,0,0
2021-08-14,-0.01530313808,0,0,0,0,0,0.0003,0,0,0,0.01530313808,-0.004514887913,0.0001095890411,0.4564281192,uncertain,0,2.5,-1,0,0,0,0
2021-08-15,-0.002011748407,0,0,0,0,0,0.0003,0,0,0,-0.003511748407,0.002732486732,0.0001095890411,0.4764275408,uncertain,0,2.5,1,0,0,0,0
2021-08-16,-0.02283250543,0,0,0,0,0,0.00033924,0,0,0,-0.02283250543,0.006568190629,0.0001095890411,0.4967504008,uncertain,0,2.5,1,0,0,0,0
2021-08-17,-0.02625939271,0,0,0,0,0,0.0003,0,0,0,-0.02625939271,-0.003298948356,0.0001095890411,0.4562559664,uncertain,0,2.5,1,0,0,0,0
2021-08-18,0.0002089674792,0,0,0,0,0,0.0003,0,0,0,0.0002089674792,0.002324187794,0.0001095890411,0.406481288,uncertain,0,2.5,1,0,0,0,0
2021-08-19,0.04597509601,0,0,0,0,0,0.0003,0,0,0,0.04597509601,-0.003492166372,0.0001095890411,0.4496043243,uncertain,0,2.5,1,0,0,0,0
2021-08-20,0.05478648487,0,0,0,0,0,0.00035761,0,0,0,0.05478648487,0.001076553012,0.0001095890411,0.569656617,uncertain,0,2.5,1,0,0,0,0
2021-08-21,-0.01014953225,0,0,0,0,0,0.00046707,0,0,0,-0.01014953225,0.001221021738,0.0001095890411,0.5343979423,uncertain,0,2.5,1,0,0,0,0
2021-08-22,0.008548423074,0,0,0,0,0,0.00034813,0,0,0,0.008548423074,-0.003283787488,0.0001095890411,0.5120827259,uncertain,0,2.5,1,0,0,0,0
2021-08-23,0.005069739123,0,0,0,0,0,0.00073163,0,0,0,0.005069739123,0.01367233541,0.0001095890411,0.463967659,uncertain,0,2.5,1,0,0,0,0
2021-08-24,-0.03667169474,0,0,0,0,0,0.00080648,0,0,0,-0.03667169474,-0.001854866394,0.0001095890411,0.4445866004,uncertain,0,2.5,1,0,0,0,0
2021-08-25,0.0272540531,0,0,0,0,0,0.00039568,0,0,0,0.0272540531,-0.002912282064,0.0001095890411,0.3474458905,uncertain,0,2.5,1,0,0,0,0
2021-08-26,-0.04348183868,0,0,0,0,0,0.00041865,0,0,0,-0.04348183868,0.0003004239315,0.0001095890411,0.3151577975,uncertain,0,2.5,1,0,0,0,0
2021-08-27,0.04752019848,0,0,0,0,0,0.0003,0,0,0,0.04752019848,0.01334816463,0.0001095890411,0.1871869921,uncertain,0,2.5,1,0,0,0,0
2021-08-28,-0.003557170485,0,0,0,0,0,0.00065377,0,0,0,-0.003557170485,-0.001097694841,0.0001095890411,0.2261479137,uncertain,0,2.5,1,0,0,0,0
2021-08-29,-0.002608018963,0,0,0,0,0,0.0003,0,0,0,-0.002608018963,-0.0005494505495,0.0001095890411,0.2218803353,uncertain,0,2.5,1,0,0,0,0
2021-08-30,-0.03660035724,0,0,0,0,0,0.0004255,0,0,0,-0.03660035724,-0.002748763057,0.0001095890411,0.1554613676,uncertain,0,2.5,1,0,0,0,0
2021-08-31,0.002511125854,0,0,0,0,0,0.00087311,0,0,0,0.002511125854,0.001102535832,0.0001095890411,0.1331605479,uncertain,0,2.5,1,0,0,0,0
2021-09-01,0.03629719099,0,0.2150277325,0.01880405352,0.06325896164,0,0.00105841,0,0,0,0.03629719099,0.002202643172,0.0001095890411,0.1820898452,uncertain,0,2.5,1,0,0,0,0
2021-09-02,0.008934959103,0,0,0,0,0,0.00146615,0,0,0,0.008934959103,-0.002197802198,0.0001095890411,0.2468260046,uncertain,0,2.5,1,0,0,0,0
2021-09-03,0.01528023029,0,0,0.05872217132,0.09914400893,0,0.00105606,0,0,0,0.01528023029,0.007709251101,0.0001095890411,0.2889411771,uncertain,0,2.5,1,0,0,0,0
2021-09-04,-0.001670028724,0,0,0,0,0,0.00074946,0,0,0,-0.001670028724,-0.003278688525,0.0001095890411,0.258689259,uncertain,0,2.5,1,0,0,0,0
2021-09-05,0.03688703581,0,0,0,0,0,0.0003,0,0,0,0.03688703581,0.002192982456,0.0001095890411,0.2215524959,uncertain,0,2.5,1,0,0,0,0
2021-09-06,0.01752462668,-0.007952570364,0,0,0,0,0.00046783,0,0,0,0.01752462668,-0.001094091904,0.0001095890411,0.2082320674,uncertain,0,2.5,1,0,0,0,0
2021-09-07,-0.1101355957,0,0,0,0,0,0.00042977,0,0,0,-0.1101355957,-0.01916757941,0.0001095890411,0.1815323964,uncertain,0,2.5,1,0,0,0,0
2021-09-08,-0.01739981004,0,0.07776616401,-0.01100128153,-0.02090683416,0,0.0003,-0.005085748988,0,0,-0.01739981004,-0.001116694584,0.0001095890411,0.07008572106,uncertain,0,2.5,1,0,-1,0,0
2021-09-09,0.007531872505,0,0,0,0,0,0.0003,-0.007287043327,0,0,0.007531872505,0.003912800447,0.0001095890411,-0.004434052416,uncertain,0,2.5,1,0,-1,0,0
2021-09-10,-0.03328430521,0,0,-0.05053753357,-0.1045935738,0,0.00031115,-0.007287043327,0,0,-0.03328430521,-0.001113585746,0.0001095890411,0.01777229742,uncertain,0,2.5,1,0,-1,0,0
2021-09-11,0.007196732463,0,0,0,0,0,0.0003,-0.002201294338,0,0,0.007196732463,0.002229654404,0.0001095890411,-0.01450396607,bear,0,2.5,1,0,-1,0,0
2021-09-12,0.01885057431,0,0,0,0,0,0.0003,0,0,0,0.01885057431,-0.002780867631,0.0001095890411,0.01744836595,uncertain,0,2.5,1,0,0,0,0
2021-09-13,-0.02356337523,-0.01958412187,0,0,0,0,0.0003,0,0,0,-0.02356337523,0.003346346905,0.0001095890411,-0.03712887029,uncertain,0,2.5,1,0,0,0,0
2021-09-14,0.04830339872,0,0,0,0,0,0.0003,0,0,0,0.04830339872,0.003335186215,0.0001095890411,-0.04520601991,bear,0,2.5,1,0,0,0,0
2021-09-15,0.02143615829,0,0,0,0,0,0.0003,0,0,0,0.02143615829,-0.003878116343,0.0001095890411,0.002931420097,uncertain,0,2.5,1,0,0,0,0
2021-09-16,-0.007971295937,0,0,0,0,0,0.0003,0,0,0,-0.007971295937,-0.01890989989,0.0001095890411,0.04836726811,uncertain,0,2.5,1,0,0,0,0
2021-09-17,-0.009171763604,0,0,0,0,0,0.0003,0,0,0,-0.009171763604,0.000566893424,0.0001095890411,0.06805694923,uncertain,0,2.5,1,0,0,0,0
2021-09-18,0.02098859238,0,0,0,0,0,0.0003,0,0,0,0.02098859238,0.001699716714,0.0001095890411,0.05803988745,uncertain,0,2.5,1,0,0,0,0
2021-09-19,-0.02176289852,0,0,0,0,0,0.0003,0,0,0,-0.02176289852,-0.002262443439,0.0001095890411,0.03276517719,uncertain,0,2.5,1,0,0,0,0
2021-09-20,-0.08945752433,0,0,0,0,0,0.0003,0,0,0,-0.08945752433,0.006802721088,0.0001095890411,-0.04218604624,uncertain,0,2.5,1,0,0,0,0
2021-09-21,-0.05303282854,0,0,0,0,0,0.0003,0,0,0,-0.05303282854,0.003941441441,0.0001095890411,-0.1189272349,bear,0,2.5,1,0,0,0,0
2021-09-22,0.06896459453,0,0,0,0,0,0.0003,0,0,0,0.06896459453,-0.007291082445,0.0001095890411,-0.1727249132,bear,0,2.5,1,0,0,0,0
2021-09-23,0.03035232954,0,0,0,0,0,0.00022579,0,0,0,0.03035232954,-0.00790960452,0.0001095890411,-0.1201329188,bear,0,2.5,1,0,0,0,0
2021-09-24,-0.04579690389,0,0,0,0,0,-0.00012414,0,0,0,-0.04579690389,0.001708428246,0.0001095890411,-0.05891574885,bear,0,2.5,1,0,0,0,0
2021-09-25,-0.003268585305,0,0,0,0,0,0.00025629,0,0,0,-0.003268585305,-0.001705514497,0.0001095890411,-0.1258389262,bear,0,2.5,1,0,0,0,0
2021-09-26,0.0114893988,0,0,0,0,0,0.00010771,0,0,0,0.0114893988,0.000569476082,0.0001095890411,-0.08908807065,bear,0,2.5,1,0,0,0,0
2021-09-27,-0.0234830599,0,0,0,0,0,0.0003,0,0,0,-0.0234830599,0.0005691519636,0.0001095890411,-0.1204200538,bear,0,2.5,1,0,0,0,0
2021-09-28,-0.02659265648,0,0,0,0,0,0.00015623,0,0,0,-0.02659265648,-0.00739476678,0.0001095890411,-0.1380090336,bear,0,2.5,1,0,0,0,0
2021-09-29,0.01213214665,0,0,0,0,0,0.00013866,0,0,0,0.01213214665,-0.003438395415,0.0001095890411,-0.158737635,bear,0,2.5,1,0,0,0,0
2021-09-30,0.05538494587,0,0,0,0,0,0.00029235,0,0,0,0.05538494587,0.01380103508,0.0001095890411,-0.1161833101,bear,0,2.5,1,0,0,0,0
2021-10-01,0.09851907968,0,0,0.1879017382,0.1605284834,0,9.509e-05,0,0,0,0.09851907968,0.001134429949,0.0001095890411,-0.06956959837,bear,0,2.5,1,0,0,0,0
2021-10-02,-0.01052540619,0,0,0,0,0,0.00014734,-0.0002356465081,0,0,-0.01052540619,-0.000566572238,0.0001095890411,-0.01370421786,uncertain,0,2.5,1,0,1,0,0
2021-10-03,0.01186336069,0,0,0,0,0,0.0003,-0.0002725549973,0,0,0.01186336069,0.003968253968,0.0001095890411,-0.03272791809,uncertain,0,2.5,1,0,1,0,0
2021-10-04,0.02126410347,0.07575417617,0,0,0,0,0.0003,-0.0002725549973,0,0,0.02126410347,0.001129305477,0.0001095890411,-0.03598321891,uncertain,0,2.5,1,0,1,0,0
2021-10-05,0.04564860821,0,0,0,0,0,7.734e-05,-3.690848921e-05,0,0,0.04564860821,-0.005076142132,0.0001095890411,-0.01383734637,uncertain,0,2.5,1,0,1,0,0
2021-10-06,0.07466216092,0,0.06575930229,0.1167608882,0.06350692144,0,0.0003,0,0,0,0.07466216092,0.000566893424,0.0001095890411,-0.005504388982,uncertain,0,2.5,1,0,0,0,0
2021-10-07,-0.02765578957,0,0,0,0,0,0.00071849,0,0,0,-0.02765578957,-0.003399433428,0.0001095890411,0.05033998621,uncertain,0,2.5,1,0,0,0,0
2021-10-08,0.003090254163,0,0,0.01314902968,0.01188243153,0,0.00070151,0,0,0,0.003090254163,0.001705514497,0.0001095890411,0.1476939629,uncertain,0,2.5,1,0,0,0,0
2021-10-09,0.01850349472,0,0,0,0,0,0.00035717,0,0,0,0.01850349472,0,0.0001095890411,0.1716267112,uncertain,0,2.5,1,0,0,0,0
2021-10-10,-0.005290654802,0,0,0,0,0,0.00040906,0,0,0,-0.005290654802,-0.00227014756,0.0001095890411,0.184385261,uncertain,0,2.5,1,0,0,0,0
2021-10-11,0.05145264275,0.03561303058,0,0,0,0,0.0003,0,0,0,0.05145264275,0.001137656428,0.0001095890411,0.2186820736,uncertain,0,2.5,1,0,0,0,0
2021-10-12,-0.02565486977,0,0,0,0,0,0.0003,0,0,0,-0.02565486977,0.002272727273,0.0001095890411,0.2722305838,uncertain,0,2.5,1,0,0,0,0
2021-10-13,0.02446687702,0,0.03633604397,-0.06501974092,-0.04622730498,0,0.0003,0,0,0,0.02446687702,0.01814058957,0.0001095890411,0.2166569908,uncertain,0,2.5,1,0,0,0,0
2021-10-14,-0.0003322467621,0,0,0,0,0,0.00050079,0,0,0,-0.0003322467621,0.002227171492,0.0001095890411,0.2765035192,uncertain,0,2.5,1,0,0,0,0
2021-10-15,0.0754077653,0,0,0,0,0,0.00056685,0,0,0,0.0754077653,-0.01388888889,0.0001095890411,0.2172806142,uncertain,0,2.5,1,0,0,0,0
2021-10-16,-0.01292068643,0,0,0,0,0,0.00119263,0,0,-0.01158790408,-0.01292068643,-0.002253521127,0.0001095890411,0.2816004352,strong_bull,0,2.5,1,0,0,0,0
2021-10-17,0.01072285648,0,0,0,0,0,0.00115662,0,0,0.004409967728,0.01072285648,0.002823263693,0.0001095890411,0.2752063249,strong_bull,0,2.5,1,0,0,0,0
2021-10-18,0.007825825924,0,0,0,0,0,0.00070642,0,0,-0.02648660592,0.007825825924,-0.003378378378,0.0001095890411,0.3008109094,strong_bull,0,2.5,1,0,0,0,0
2021-10-19,0.03661918818,0,0,0,0,0,0.00034974,0,0,0.03526606426,0.03661918818,0.003389830508,0.0001095890411,0.2840406239,strong_bull,0,2.5,1,0,0,0,0
2021-10-20,0.02677044501,0,0,0,0,0,0.00083237,0,0,0.07328289954,0.02677044501,0.003941441441,0.0001095890411,0.3606733451,strong_bull,0,2.5,1,0,0,0,0
2021-10-21,-0.05769967642,0,0,0,0,0,0.00188234,0,0,-0.02749281449,-0.05769967642,0.002243409983,0.0001095890411,0.5343591467,strong_bull,0,2.5,1,0,0,0,0
2021-10-22,-0.02419768093,0,0,0,0,0,0.00091218,0,0,0,-0.02419768093,0.005595970901,0.0001095890411,0.5267975111,uncertain,0,2.5,1,0,0,0,0
2021-10-23,0.009862375268,0,0,0,0,0,0.00058427,0,0,0,0.009862375268,0.001112966055,0.0001095890411,0.3937342356,uncertain,0,2.5,1,0,0,0,0
2021-10-24,-0.007090113279,0,0,0,0,0,0.00100435,0,0,0,-0.007090113279,0.001111728738,0.0001095890411,0.366017939,uncertain,0,2.5,1,0,0,0,0
2021-10-25,0.03658962648,0,0,0,0,0,0.00086666,0,0,0,0.03658962648,0.006107717934,0.0001095890411,0.4214298011,uncertain,0,2.5,1,0,0,0,0
2021-10-26,-0.04359580195,0,0,0,0,0,0.00157625,0,0,-0.02405265652,-0.04359580195,-0.009381898455,0.0001095890411,0.4782712422,strong_bull,0,2.5,1,0,0,0,0
2021-10-27,-0.03174884437,0,0,0,0,0,0.00086501,0,0,0,-0.03174884437,0.003899721448,0.0001095890411,0.3977653385,uncertain,0,2.5,1,0,0,0,0
2021-10-28,0.03701973381,0,0,0,0,0,0.00039356,0,0,0,0.03701973381,0,0.0001095890411,0.3859338725,uncertain,0,2.5,1,0,0,0,0
2021-10-29,0.02769781839,0,0,0,0,0,0.0006561,0,0,0,0.02769781839,-0.01109877913,0.0001095890411,0.4765049648,uncertain,0,2.5,1,0,0,0,0
2021-10-30,-0.00633729299,0,0,0,0,0,0.00078636,0,0,0,-0.00633729299,0.002244668911,0.0001095890411,0.4992122681,uncertain,0,2.5,1,0,0,0,0
2021-10-31,-0.009042957077,0,0,0,0,0,0.00111877,0,0,0,-0.009042957077,-0.0039193729,0.0001095890411,0.4115336082,uncertain,0,2.5,1,0,0,0,0
2021-11-01,-0.006340803722,0.002323278564,0,0,0,0,0.00120803,0,0,0,-0.006340803722,0.006745362563,0.0001095890411,0.2733225997,uncertain,0,2.5,1,0,0,0,0
2021-11-02,0.03790572853,0,0,0,0,0,0.00096537,0,0,0,0.03790572853,-0.001116694584,0.0001095890411,0.2787076282,uncertain,0,2.5,1,0,0,0,0
2021-11-03,-0.005117210553,0,0.05972319466,-0.05869901868,-0.06149448379,0,0.00157434,0,0,0.001432532152,-0.005117210553,-0.006148686417,0.0001095890411,0.3116177777,strong_bull,0,2.5,1,0,0,0,0
2021-11-04,-0.02387208314,0,0,0,0,0,0.00143105,0,0,-0.01693006723,-0.02387208314,0.007874015748,0.0001095890411,0.2777360419,strong_bull,0,2.5,1,0,0,0,0
2021-11-05,-0.007458097979,0,0,-0.02105400715,-0.01725060211,0,0.00078107,0,0,0,-0.007458097979,0.01395089286,0.0001095890411,0.1927848525,uncertain,0,2.5,1,0,0,0,0
2021-11-06,0.008754762286,0,0,0,0,0,0.00136168,0,0,0,0.008754762286,0.001100715465,0.0001095890411,0.1016382536,uncertain,0,2.5,1,0,0,0,0
2021-11-07,0.02933076473,0,0,0,0,0,0.00090959,0,0,0,0.02933076473,-0.001099505223,0.0001095890411,0.1428903703,uncertain,0,2.5,1,0,0,0,0
2021-11-08,0.0672040262,0.01600959994,0,0,0,0,0.00123949,0,0,0.04086014907,0.0672040262,0.004953219593,0.0001095890411,0.1727880058,strong_bull,0,2.5,1,0,0,0,0
2021-11-09,-0.008562205011,0,0,0,0,0,0.00145773,0,0,-0.01573425846,-0.008562205011,0.003285870756,0.0001095890411,0.2288657704,strong_bull,0,2.5,1,0,0,0,0
2021-11-10,-0.03084842697,0,-0.0274153321,0.05250967573,0.0500230098,0,0.00163426,0,0,-0.0218813988,-0.03084842697,0.01091703057,0.0001095890411,0.2248240912,strong_bull,0,2.5,1,0,0,0,0
2021-11-11,-0.001667169371,0,0,0,0,0,0.00055023,0,0,0.01949109701,-0.001667169371,0.005399568035,0.0001095890411,0.1289525999,strong_bull,0,2.5,1,0,0,0,0
2021-11-12,-0.01006618987,0,0,-0.03638975005,-0.0926414954,0,0.00090418,0,0,-0.01284562407,-0.01006618987,0.004833512352,0.0001095890411,0.1567466288,strong_bull,0,2.5,1,0,0,0,0
2021-11-13,0.004019978719,0,0,0,0,0,0.00069016,0,0,0,0.004019978719,0.0005344735436,0.0001095890411,0.1177546325,uncertain,0,2.5,1,0,0,0,0
2021-11-14,0.01769338304,0,0,0,0,0,0.00037021,0,0,-0.005328365215,0.01769338304,0,0.0001095890411,0.1226209695,strong_bull,0,2.5,1,0,0,0,0
2021-11-15,-0.02918782462,0,0,0,0,0,0.0007786,0,0,-0.01505668432,-0.02918782462,-0.001602564103,0.0001095890411,0.06237277538,strong_bull,0,2.5,1,0,0,0,0
2021-11-16,-0.05577820841,0,0,0,0,0,0.00055998,0,0,0,-0.05577820841,-0.006420545746,0.0001095890411,0.04486479552,uncertain,0,2.5,1,0,0,0,0
2021-11-17,0.004761994357,0,0,0,0,0,0.00033155,0,0,0,0.004761994357,0.005923532579,0.0001095890411,-0.02388265698,uncertain,0,2.5,1,0,0,0,0
2021-11-18,-0.05722524549,0,0,0,0,0,0.00031235,0,0,0,-0.05722524549,-0.004817987152,0.0001095890411,-0.02685009347,uncertain,0,2.5,1,0,0,0,0
2021-11-19,0.02040054405,0,0,0,0,0,0.0003,0,0,0,0.02040054405,-0.006993006993,0.0001095890411,-0.114948696,bear,0,2.5,1,0,0,0,0
2021-11-20,0.02851345616,0,0,0,0,0,0.0003,0,0,0,0.02851345616,-0.001625135428,0.0001095890411,-0.1204393967,bear,0,2.5,1,0,0,0,0
2021-11-21,-0.01818012508,0,0,0,0,0,0.0003,0,0,0,-0.01818012508,0,0.0001095890411,-0.03996645933,uncertain,0,2.5,1,0,0,0,0
2021-11-22,-0.04051105711,0,0,0,0,0,0.0003,0,0,0,-0.04051105711,-0.01736299512,0.0001095890411,-0.03404614602,bear,0,2.5,1,0,0,0,0
2021-11-23,0.02300719787,0,0,0,0,0,0.00032897,0,0,0,0.02300719787,-0.01049144119,0.0001095890411,-0.08222935626,bear,0,2.5,1,0,0,0,0
2021-11-24,-0.007003321268,0,0,0,0,0,0.0003201,0,0,0,-0.007003321268,0,0.0001095890411,-0.054409683,bear,0,2.5,1,0,0,0,0
2021-11-25,0.03188877371,0,0,0,0,0,0.00043212,0,0,0,0.03188877371,0.002232142857,0.0001095890411,-0.09417572756,bear,0,2.5,1,0,0,0,0
2021-11-26,-0.08876862353,0,0,0,0,0,0.00057604,0,0,0,-0.08876862353,-0.0005567928731,0.0001095890411,-0.02268319233,uncertain,0,2.5,1,0,0,0,0
2021-11-27,0.01851040817,0,0,0,0,0,0.00030824,0,0,0,0.01851040817,-0.001671309192,0.0001095890411,-0.08023684275,bear,0,2.5,1,0,0,0,0
2021-11-28,0.0466703569,0,0,0,0,0,0.0003,0,0,0,0.0466703569,0.001116071429,0.0001095890411,-0.09665330547,bear,0,2.5,1,0,0,0,0
2021-11-29,0.008753750335,0,0,0,0,0,0.00040774,0,0,0,0.008753750335,-0.002787068004,0.0001095890411,-0.07997643835,bear,0,2.5,1,0,0,0,0
2021-11-30,-0.01429116635,0,0,0,0,0,0.0004781,0,0,0,-0.01429116635,-0.007266629402,0.0001095890411,-0.06600377406,bear,0,2.5,1,0,0,0,0
2021-12-01,0.004100223071,0,-0.005599576367,0.008647135806,-0.04687545568,0,0.00051835,0,0,0,0.004100223071,0.004504504505,0.0001095890411,-0.07095031305,bear,0,2.5,1,0,0,0,0
2021-12-02,-0.01230639932,0,0,0,0,0,0.00035951,0,0,0,-0.01230639932,-0.006726457399,0.0001095890411,-0.06118818061,bear,0,2.5,1,0,0,0,0
2021-12-03,-0.05097862371,0,0,0.02041196413,0.05492460494,0,0.00048884,0,0,0,-0.05097862371,0.005079006772,0.0001095890411,-0.1066063123,bear,0,2.5,1,0,0,0,0
2021-12-04,-0.0829942697,0,0,0,0,0,0.00019178,0,0,0,-0.0829942697,0,0.0001095890411,-0.1477893516,bear,0,2.5,1,0,0,0,0
2021-12-05,0.00496129696,0,0,0,0,0,0.00027273,0,0,0,0.00496129696,0.001122964627,0.0001095890411,-0.1994061081,bear,0,2.5,1,0,0,0,0
2021-12-06,0.02116736203,0.01076768798,0,0,0,0,0.0003,0,0,0,0.02116736203,0.001121704992,0.0001095890411,-0.1893885041,bear,0,2.5,1,0,0,0,0
2021-12-07,0.0029148375,0,0,0,0,0,0.00023977,0,0,0,0.0029148375,0.002240896359,0.0001095890411,-0.1794140322,bear,0,2.5,1,0,0,0,0
2021-12-08,-0.002327781067,0,0.03576831475,-0.05680132156,-0.004175054209,0,0.0003,0,0,0,-0.002327781067,-0.00223588597,0.0001095890411,-0.2004728987,bear,0,2.5,1,0,0,0,0
2021-12-09,-0.05796574244,0,0,0,0,0,0.0003,0,0,0,-0.05796574244,-0.006162464986,0.0001095890411,-0.2525646852,uncertain,0,2.5,1,0,0,0,0
2021-12-10,-0.00851919179,0,0,0.06020601474,0.03468478765,0,0.0003,0,0,0,-0.00851919179,0.005073280722,0.0001095890411,-0.2898095318,uncertain,0,2.5,1,0,0,0,0
2021-12-11,0.04771795147,0,0,0,0,0,0.0003,0,0,0,0.04771795147,0.001121704992,0.0001095890411,-0.2734467559,uncertain,0,2.5,1,0,0,0,0
2021-12-12,0.0134421975,0,0,0,0,0,0.0003,0,0,0,0.0134421975,-0.0005602240896,0.0001095890411,-0.2375059167,uncertain,0,2.5,1,0,0,0,0
2021-12-13,-0.06695082701,-0.09132864602,0,0,0,0,0.0003,0,0,0,-0.06695082701,0.002802690583,0.0001095890411,-0.2193986391,uncertain,0,2.5,1,0,0,0,0
2021-12-14,0.03512705355,0,0,0,0,0,0.00018345,0,0,0,0.03512705355,-0.007825600894,0.0001095890411,-0.2745767319,uncertain,0,2.5,1,0,0,0,0
2021-12-15,0.01079157227,0,0,0,0,0,0.0003,0,0,0,0.01079157227,0.002253521127,0.0001095890411,-0.2621498159,uncertain,0,2.5,1,0,0,0,0
2021-12-16,-0.02522460871,0,0,0,0,0,0.0003,0,0,0,-0.02522460871,0.01180438449,0.0001095890411,-0.2317641181,uncertain,0,2.5,1,0,0,0,0
2021-12-17,-0.03151595616,0,0,0,0,0,0.00024678,0,0,0,-0.03151595616,0.002222222222,0.0001095890411,-0.2069051582,uncertain,0,2.5,1,0,0,0,0
2021-12-18,0.01524521365,0,0,0,0,0,0.00026742,0,0,0,0.01524521365,-0.0005543237251,0.0001095890411,-0.2355406516,uncertain,0,2.5,1,0,0,0,0
2021-12-19,-0.003272161877,0,0,0,0,0,0.0002708,0,0,0,0.001772161877,0.0005546311703,0.0001095890411,-0.1767771774,uncertain,0,2.5,-1,0,0,0,0
2021-12-20,0.004989799969,0,0,0,0,0,0.0003,0,0,0,-0.004989799969,-0.002771618625,0.0001095890411,-0.1958754735,bear,0,2.5,-1,0,0,0,0
2021-12-21,0.04211351114,0,0,0,0,0,0.00029184,0,0,0,-0.04211351114,-0.001667593107,0.0001095890411,-0.214267016,bear,0,2.5,-1,0,0,0,0
2021-12-22,-0.006171420343,0,0,0,0,0,0.0003,0,0,0,0.006171420343,0.006124721604,0.0001095890411,-0.1660150913,bear,0,2.5,-1,0,0,0,0
2021-12-23,0.04632095556,0,0,0,0,0,0.00023738,0,0,0,-0.04632095556,0.004427227449,0.0001095890411,-0.1361671821,bear,0,2.5,-1,0,0,0,0
2021-12-24,-0.0003699929247,0,0,0,0,0,0.0003,0,0,0,0.0003699929247,0.001101928375,0.0001095890411,-0.1164809188,bear,0,2.5,-1,0,0,0,0
2021-12-25,-0.008271153089,0,0,0,0,0,0.0003,0,0,0,0.008271153089,-0.0005503577325,0.0001095890411,-0.110578913,bear,0,2.5,-1,0,0,0,0
2021-12-26,0.00745699475,0,0,0,0,0,0.0003,0,0,0,-0.00745699475,-0.001101321586,0.0001095890411,-0.145194161,bear,0,2.5,-1,0,0,0,0
2021-12-27,-0.001458380805,0,0,0,0,0,0.0003,0,0,0,0.001458380805,0.002756339581,0.0001095890411,-0.05492705373,bear,0,2.5,-1,0,0,0,0
2021-12-28,-0.06228028237,0,0,0,0,0,0.0003,0,0,0,0.06228028237,-0.003848268279,0.0001095890411,-0.07345603692,bear,0,2.5,-1,0,0,0,0
2021-12-29,-0.02269657372,0,0,0,0,0,0.0003,0,0,0,0.02269657372,0,0.0001095890411,-0.1699024075,bear,0,2.5,-1,0,0,0,0
2021-12-30,0.01412277632,0,0,0,0,0,0.0003,0,0,0,-0.01412277632,0.006622516556,0.0001095890411,-0.1957826962,bear,0,2.5,-1,0,0,0,0
2021-12-31,-0.01918343188,0,0,0,0,0,0.00016898,0,0,0,0.01918343188,0.006030701754,0.0001095890411,-0.1726004099,bear,0,2.5,-1,0,0,0,0
2022-01-01,0.03257940326,0,0,0,0,0,0.0003,0,0,0,-0.03257940326,0.001089918256,0.0001095890411,-0.1917866287,bear,0,2.5,-1,0,0,0,0
2022-01-02,-0.009145971567,0,0,0,0,0,0.0003,0,0,0,0.009145971567,-0.001088731628,0.0001095890411,-0.1550573173,bear,0,2.5,-1,0,0,0,0
2022-01-03,-0.01776586732,-0.03038044217,0,0,0,0,0.0003,0,0,0,0.01776586732,-0.01416893733,0.0001095890411,-0.1178124309,bear,0,2.5,-1,0,0,0,0
2022-01-04,-0.0132215622,0,0,0,0,0,0.0003,0,0,0,0.0132215622,0.004422332781,0.0001095890411,-0.05506071211,bear,0,2.5,-1,0,0,0,0
2022-01-05,-0.05194797261,0,-0.1065555771,-0.002809724207,-0.0004030513671,0,0.0003,0.01957999852,0,0,0.05194797261,-0.0005503577325,0.0001095890411,-0.07215758742,bear,0,2.5,-1,0,-1,0,0
2022-01-06,-0.008488156695,0,0,0,0,0,0.0003,0.02237714116,0,0,0.008488156695,-0.01046255507,0.0001095890411,-0.1385908784,bear,0,2.5,-1,0,-1,0,0
2022-01-07,-0.03518451077,0,0,-0.02252192869,-0.059342607,0,0.0003,0.02237714116,0,0,0.03518451077,0.004451864218,0.0001095890411,-0.1483849734,bear,0,2.5,-1,0,-1,0,0
2022-01-08,0.002724791707,0,0,0,0,0,0.0003,0.002797142645,0,0,-0.002724791707,-0.003878116343,0.0001095890411,-0.1764315444,bear,0,2.5,-1,0,-1,0,0
2022-01-09,0.004435728246,0,0,0,0,0,0.0003,0,0,0,-0.004435728246,-0.0005561735261,0.0001095890411,-0.1233731667,bear,0,2.5,-1,0,0,0,0
2022-01-10,-0.001006339004,-0.05411961749,0,0,0,0,0.00024522,0,0,0,0.001006339004,0.003895381191,0.0001095890411,-0.1119189555,bear,0,2.5,-1,0,0,0,0
2022-01-11,0.0216821141,0,0,0,0,0,0.00027394,0,0,0,-0.0216821141,0.009977827051,0.0001095890411,-0.1532193062,bear,0,2.5,-1,0,0,0,0
2022-01-12,0.02746055458,0,0.1081069615,0.07346801328,0.1012659066,0,-4.89e-06,0,0,0,-0.02746055458,0.006037321625,0.0001095890411,-0.1463344515,bear,0,2.5,-1,0,0,0,0
2022-01-13,-0.03058015164,0,0,0,0,0,-3.587e-05,0,0,0,0.03058015164,-0.004364429896,0.0001095890411,-0.05995557007,bear,0,2.5,-1,0,0,0,0
2022-01-14,0.01174456551,0,0,-0.03066390998,-0.04682454928,0,-0.00115233,0,0,0,-0.01174456551,0,0.0001095890411,-0.1196271747,bear,0,2.5,-1,0,0,0,0
2022-01-15,0.0005650260706,0,0,0,0,0,0,0,0,0,-0.0005650260706,0.0005479452055,0.0001095890411,-0.1187971427,bear,0,2.5,-1,0,0,0,0
2022-01-16,-0.0002931462953,0,0,0,0,0,-0.0008964,0,0,0,0.0002931462953,-0.000547645126,0.0001095890411,-0.09548315663,bear,0,2.5,-1,0,0,0,0
2022-01-17,-0.02019982513,0,0,0,0,0,0.00018398,0,0,0,0.02019982513,-0.002191780822,0.0001095890411,-0.06632257561,bear,0,2.5,-1,0,0,0,0
2022-01-18,0.003566213809,0,0,0,0,0,0.00029998,0,0,0,-0.003566213809,0,0.0001095890411,-0.09891985563,bear,0,2.5,-1,0,0,0,0
2022-01-19,-0.01634180296,0,0,0,0,0,0.00024973,0,0,0,0.01634180296,0.01372872048,0.0001095890411,-0.09273770207,bear,0,2.5,-1,0,0,0,0
2022-01-20,-0.0235021547,0,0,0,0,0,0.0003,0,0,0,0.0235021547,-0.0005417118093,0.0001095890411,-0.1119949712,bear,0,2.5,-1,0,0,0,0
2022-01-21,-0.1041176316,0,0,0,0,0,0.00022749,0,0,0,0.1041176316,-0.00162601626,0.0001095890411,-0.1679073461,bear,0,2.5,-1,0,0,0,0
2022-01-22,-0.03769730591,0,0,0,0,0,0.00013071,0,0,0,0.03769730591,-0.00108577633,0.0001095890411,-0.249913765,bear,0,2.5,-1,0,0,0,0
2022-01-23,0.03344974341,0,0,0,0,0,7.171e-05,0,0,0,-0.03344974341,0.002173913043,0.0001095890411,-0.3101447497,bear,0,2.5,-1,0,0,0,0
2022-01-24,0.01147206959,0,0,0,0,0,0.00014094,0,0,0,-0.01147206959,0.002711496746,0.0001095890411,-0.2868053916,bear,0,2.5,-1,0,0,0,0
2022-01-25,0.008127854753,0,0,0,0,0,8.118e-05,0,0.004551552001,0,-0.008127854753,0.003244997296,0.0001095890411,-0.2726071962,bear,0,2.5,-1,0,0,1,0
2022-01-26,-0.004031027384,0,0,0,0,0,-5.359e-05,0,0.006154211157,0,0.004031027384,-0.01239892183,0.0001095890411,-0.2721228293,uncertain,0,2.5,-1,0,0,1,0
2022-01-27,0.009529103211,0,0,0,0,0,-0.00022609,0,0.006154211157,0,-0.009529103211,-0.01255458515,0.0001095890411,-0.273998135,uncertain,0,2.5,-1,0,0,1,0
2022-01-28,0.01497466368,0,0,0,0,0,9.552e-05,0,0.001602659155,0,-0.01497466368,-0.007186290768,0.0001095890411,-0.2184018338,uncertain,0,2.5,-1,0,0,1,0
2022-01-29,0.0119385225,0,0,0,0,0,1.117e-05,0,0,0,-0.0119385225,0.0005567928731,0.0001095890411,-0.1882742712,uncertain,0,2.5,-1,0,0,0,0
2022-01-30,-0.007469311056,0,0,0,0,0,0.00025176,0,0,0,0.007469311056,0.001112966055,0.0001095890411,-0.1900225951,uncertain,0,2.5,-1,0,0,0,0
2022-01-31,0.01544648401,0,0,0,0,0,-4.09e-05,0,0,0,-0.01544648401,0.004446914953,0.0001095890411,-0.1803488462,uncertain,0,2.5,-1,0,0,0,0
2022-02-01,0.005919114875,0,0,0,0,0,-4.143e-05,0.001075185428,0,0,-0.005919114875,-0.001106806862,0.0001095890411,-0.1939487853,uncertain,0,2.5,-1,0,1,0,0
2022-02-02,-0.046472388,0,-0.04352601117,-0.0161524489,-0.01008753438,0,9.648e-05,0.001159750574,0,0,0.046472388,0.004432132964,0.0001095890411,-0.1816934673,uncertain,0,2.5,-1,0,1,0,0
2022-02-03,0.01125449773,0,0,0,0,0,-8.081e-05,0.001159750574,0,0,-0.01125449773,0.0005515719801,0.0001095890411,-0.2056090824,uncertain,0,2.5,-1,0,1,0,0
2022-02-04,0.1142443331,0,0,0.004546776041,0.08052165215,0,2.891e-05,8.456514602e-05,0,0,-0.1142443331,0.001653803749,0.0001095890411,-0.1859050039,uncertain,0,2.5,-1,0,1,0,0
2022-02-05,-0.004610065124,0,0,0,0,0,0.00027457,0,0,0,0.004610065124,-0.0005503577325,0.0001095890411,-0.04319519423,uncertain,0,2.5,-1,0,0,0,0
2022-02-06,0.02412318804,0,0,0,0,0,0.0003,0,0,0,-0.02412318804,0,0.0001095890411,-0.03945285199,uncertain,0,2.5,-1,0,0,0,0
2022-02-07,0.03442874108,0.07839850659,0,0,0,0,-2.876e-05,0,0,0,-0.03442874108,0.004405286344,0.0001095890411,0.0195924697,uncertain,0,2.5,-1,0,0,0,0
2022-02-08,0.004630475509,0,0,0,0,0,0.0003,0,0,0,-0.004630475509,0.003837719298,0.0001095890411,0.0518297379,uncertain,0,2.5,-1,0,0,0,0
2022-02-09,0.007486548938,0,0.1562720867,0.03060307619,0.08089921405,0,0.00019162,0,0,0,-0.007486548938,0.003823047515,0.0001095890411,0.05203367426,uncertain,0,2.5,-1,0,0,0,0
2022-02-10,-0.01977070597,0,0,0,0,0,0.00018201,0,0,0,0.01977070597,-0.002720348205,0.0001095890411,0.06097747886,uncertain,0,2.5,-1,0,0,0,0
2022-02-11,-0.02578914019,0,0,0.02055744853,0.0292590848,0,-8.986e-05,0,0,0,0.02578914019,0.0190943808,0.0001095890411,0.01793032367,uncertain,0,2.5,-1,0,0,0,0
2022-02-12,-0.003678222333,0,0,0,0,0,0.0003,0,0,0,0.003678222333,0.003211991435,0.0001095890411,-0.03482545249,bear,0,2.5,-1,0,0,0,0
2022-02-13,-0.003889585145,0,0,0,0,0,0.00022798,0,0,0,0.003889585145,0.007470651014,0.0001095890411,-0.0080413326,bear,0,2.5,-1,0,0,0,0
2022-02-14,0.01146820515,0.04360556129,0,0,0,0,0.00019029,0,0,0,-0.01146820515,-0.003707627119,0.0001095890411,-0.02336973838,bear,0,2.5,-1,0,0,0,0
2022-02-15,0.04722876701,0,0,0,0,0,7.702e-05,0,0,0,-0.04722876701,-0.01382243488,0.0001095890411,-0.01272737696,bear,0,2.5,-1,0,0,0,0
2022-02-16,-0.01507020114,0,0,0,0,0,0.0003,0,0,0,0.01507020114,0.01132075472,0.0001095890411,0.03420346464,uncertain,0,2.5,-1,0,0,0,0
2022-02-17,-0.07653493357,0,0,0,0,0,0.0003,0,0,0,0.07653493357,0.02132196162,0.0001095890411,0.0396179104,uncertain,0,2.5,-1,0,0,0,0
2022-02-18,-0.01335926567,0,0,0,0,0,-4.297e-05,0,0,0,0.01335926567,-0.002087682672,0.0001095890411,-0.04336075738,bear,0,2.5,-1,0,0,0,0
2022-02-19,0.002619924132,0,0,0,0,0,0.00018671,0,0,0,-0.002619924132,0.002615062762,0.0001095890411,-0.04046014391,bear,0,2.5,-1,0,0,0,0
2022-02-20,-0.04222342928,0,0,0,0,0,2.087e-05,0,0,0,0.04222342928,0.011476265,0.0001095890411,-0.01479170451,bear,0,2.5,-1,0,0,0,0
2022-02-21,-0.03591668927,0,0,0,0,0,-1.471e-05,0,0,0,0.03591668927,0.007735946364,0.0001095890411,0.05327379572,uncertain,0,2.5,-1,0,0,0,0
2022-02-22,0.03302433842,0,0,0,0,0,-5.965e-05,0,0,0,-0.03302433842,-0.02456499488,0.0001095890411,0.05522274262,uncertain,0,2.5,-1,0,0,0,0
2022-02-23,-0.02564246764,0,0,0,0,0,-0.00118558,0,0,0,0.02564246764,0.006820566632,0.0001095890411,0.05478837508,uncertain,0,2.5,-1,0,0,0,0
2022-02-24,0.02891811304,0,0,0,0,0,0,0,0,0,-0.02891811304,0.008337675873,0.0001095890411,0.01608440727,uncertain,0,2.5,-1,0,0,0,0
2022-02-25,0.02327223923,0,0,0,0,0,0,0,0,0,-0.02327223923,-0.02222222222,0.0001095890411,0.03703875068,uncertain,0,2.5,-1,0,0,0,0
2022-02-26,-0.002612242941,0,0,0,0,0,0,0,0,0,0.002612242941,-0.001057082452,0.0001095890411,0.06546789483,uncertain,0,2.5,-1,0,0,0,0
2022-02-27,-0.03624153559,0,0,0,0,0,-0.00093251,0,0,0,0.03624153559,0.01428571429,0.0001095890411,0.05265378726,uncertain,0,2.5,-1,0,0,0,0
2022-02-28,0.144855828,0,0,0,0,0,-0.00035539,0,0,0,-0.144855828,-0.011476265,0.0001095890411,-0.0004637220362,bear,0,2.5,-1,0,0,0,0
2022-03-01,0.02922150139,0,0,0,0,0,0.00024369,0,0,0,-0.02922150139,0.01741424802,0.0001095890411,0.1308245587,uncertain,1,1,-1,0,0,0,0
2022-03-02,-0.01189116908,0,-0.005787241807,-0.01953398335,-0.02558963585,0,0.00019493,0,0,0,0.01189116908,-0.001556016598,0.0001095890411,0.1726276709,uncertain,1,1,-1,0,0,0,0
2022-03-03,-0.03278383012,0,0,0,0,0,0.0003,0,0,0,0.03278383012,0.004675324675,0.0001095890411,0.1410584165,uncertain,1,1,-1,0,0,0,0
2022-03-04,-0.07785697461,0,0,-0.004737157882,-0.003220892516,0,0.0003,0,0,0,0.07785697461,0.0170630817,0.0001095890411,0.09715595901,uncertain,1,1,-1,0,0,0,0
2022-03-05,0.006368034053,0,0,0,0,0,0.00021656,0,-0.004267474244,0,-0.006368034053,0.002033553635,0.0001095890411,0.06104396206,uncertain,1,1,-1,0,0,-1,0
2022-03-06,-0.02480204559,0,0,0,0,0,5.112e-05,0,-0.004935873825,0,0.02480204559,0.009132420091,0.0001095890411,0.05591691165,uncertain,1,1,-1,0,0,-1,0
2022-03-07,-0.01126498895,0.03422057557,0,0,0,0,-0.00011842,0,-0.004935873825,0,0.01126498895,0.007038712921,0.0001095890411,-0.07585079707,bear,0,2.5,-1,0,0,-1,0
2022-03-08,0.01954906813,0,0,0,0,0,0.00023378,0,-0.0006683995804,0,-0.01954906813,0.02496255617,0.0001095890411,-0.08202942348,bear,0,2.5,-1,0,0,-1,0
2022-03-09,0.08290802396,0,0.1263658825,0.03576151604,0.02268066513,0,0.00026776,0,0,0,-0.08290802396,-0.02873843156,0.0001095890411,-0.08612942585,bear,0,2.5,-1,0,0,0,0
2022-03-10,-0.0600764728,0,0,0,0,0,9.361e-05,0,0,0,0.0600764728,0.001504513541,0.0001095890411,-0.04330019236,uncertain,1,1,-1,0,0,0,0
2022-03-11,-0.01756455786,0,0,0.01254185513,0.02481321147,0,-0.00013272,0,0,0,0.01756455786,-0.005508262394,0.0001095890411,-0.1049199884,bear,1,1,-1,0,0,0,0
2022-03-12,0.002008542827,0,0,0,0,0,-7.04e-06,0,0,0,-0.002008542827,0.002517623364,0.0001095890411,-0.1271761118,bear,1,1,-1,0,0,0,0
2022-03-13,-0.02654187247,0,0,0,0,0,-0.00110983,0,0,0,0.02654187247,-0.003515821195,0.0001095890411,-0.1077832527,bear,1,1,-1,0,0,0,0
2022-03-14,0.05013666923,0.005477222384,0,0,0,0,0,0,0,0,-0.05013666923,-0.01310483871,0.0001095890411,-0.1084726315,bear,1,1,-1,0,0,0,0
2022-03-15,-0.009856982504,0,0,0,0,0,0,0,0,0,0.009856982504,-0.01685393258,0.0001095890411,-0.06031805963,bear,1,1,-1,0,0,0,0
2022-03-16,0.04668163429,0,0,0,0,0,-0.00074129,0,0,0,-0.04668163429,0.006233766234,0.0001095890411,-0.065947411,bear,1,1,-1,0,0,0,0
2022-03-17,-0.004769664834,0,0,0,0,0,0.0003,0,0,0,0.004769664834,0.006711409396,0.0001095890411,-0.03342914251,uncertain,1,1,-1,0,0,0,0
2022-03-18,0.02051938149,0,0,0,0,0,0.00021662,0,0,0,-0.02051938149,-0.01435897436,0.0001095890411,-0.08142263776,uncertain,1,1,-1,0,0,0,0
2022-03-19,0.01062371775,0,0,0,0,0,0.0003,0,0,0,-0.01062371775,-0.003642039542,0.0001095890411,-0.04823064278,uncertain,1,1,-1,0,0,0,0
2022-03-20,-0.02225106295,0,0,0,0,0,0.0003,0,0,0,0.02225106295,0.004177545692,0.0001095890411,0.04159942936,uncertain,1,1,-1,0,0,0,0
2022-03-21,-0.006297787486,0,0,0,0,0,8.953e-05,0,0,0,0.006297787486,0.00624024961,0.0001095890411,0.03221233368,uncertain,1,1,-1,0,0,0,0
2022-03-22,0.0332147626,0,0,0,0,0,0.0003,0,0,0,-0.0332147626,-0.00826873385,0.0001095890411,0.02303141507,uncertain,1,1,-1,0,0,0,0
2022-03-23,0.01224219641,0,0,0,0,0,0.00027014,0,0,0,-0.01224219641,0.01459093278,0.0001095890411,0.1036093312,uncertain,1,1,-1,0,0,0,0
2022-03-24,0.02585421274,0,0,0,0,0,1.557e-05,0,0,0,-0.02585421274,0.005649717514,0.0001095890411,0.1587379648,uncertain,1,1,-1,0,0,0,0
2022-03-25,0.007312782981,0,0,0,0,0,0.00015429,0,0,0,-0.007312782981,0.0005107252298,0.0001095890411,0.1506952726,uncertain,1,1,-1,0,0,0,0
2022-03-26,0.004470680944,0,0,0,0,0,0.00012628,0,0,0,-0.004470680944,0.002552322614,0.0001095890411,0.1896147142,uncertain,0,2.5,-1,0,0,0,0
2022-03-27,0.05204277478,0,0,0,0,0,3.053e-05,0,0,0,-0.05204277478,-0.005600814664,0.0001095890411,0.1613490781,uncertain,0,2.5,-1,0,0,0,0
2022-03-28,0.006287936899,0,0,0,0,0,0.0003,0,0,0,-0.006287936899,-0.01382488479,0.0001095890411,0.1940018108,uncertain,1,1,-1,0,0,0,0
2022-03-29,0.006633602286,0,0,0,0,0,0.00029594,0,0,0,-0.006633602286,-0.004672897196,0.0001095890411,0.2046564743,uncertain,1,1,-1,0,0,0,0
2022-03-30,-0.007732930254,0,0,0,0,0,0.0003,0,0,0,0.007732930254,0.006781429317,0.0001095890411,0.2582485457,uncertain,0,2.5,-1,0,0,0,0
2022-03-31,-0.03309361628,0,0,0,0,0,0.0003,0,0,0,0.03309361628,0.003626943005,0.0001095890411,0.0905465709,uncertain,0,2.5,-1,0,0,0,0
2022-04-01,0.01698844702,0,0,0.04278253208,0.07233551852,0,0.00026819,0,0,0,-0.01698844702,-0.007227671657,0.0001095890411,0.02451847316,uncertain,0,2.5,-1,0,0,0,0
2022-04-02,-0.01020860786,0,0,0,0,0,0.0003,0,0,0,0.01020860786,-0.0005200208008,0.0001095890411,0.05446223975,uncertain,0,2.5,-1,0,0,0,0
2022-04-03,0.01301761586,0,0,0,0,0,0.0003,0,0,0,-0.01301761586,0.0005202913632,0.0001095890411,0.07907382108,uncertain,0,2.5,-1,0,0,0,0
2022-04-04,0.003731305494,-0.05006024577,0,0,0,0,0.0003,0,0,0,-0.003731305494,0.004160166407,0.0001095890411,0.1854134982,uncertain,0,2.5,-1,0,0,0,0
2022-04-05,-0.02324920874,0,0,0,0,0,0.0003,0,0,0,0.02324920874,-0.006214396686,0.0001095890411,0.1823076626,uncertain,0,2.5,-1,0,0,0,0
2022-04-06,-0.05114736947,0,-0.1766519299,-0.06180371918,-0.07041487179,0,0.00029898,0,0,0,0.05114736947,0.002084418968,0.0001095890411,0.1841902865,uncertain,0,2.5,-1,0,0,0,0
2022-04-07,0.006340445216,0,0,0,0,0,0.00022421,0,0,0,-0.006340445216,0.003640145606,0.0001095890411,0.1364238707,uncertain,0,2.5,-1,0,0,0,0
2022-04-08,-0.0274416441,0,0,-0.04384142328,-0.03525582223,0,0.00024306,0,0,0,0.0274416441,0.008808290155,0.0001095890411,0.1217010929,uncertain,0,2.5,-1,0,0,0,0
2022-04-09,0.01188014487,0,0,0,0,0,0.00029279,0,0,0,-0.01188014487,-0.0005136106831,0.0001095890411,0.007398363109,uncertain,0,2.5,-1,0,0,0,0
2022-04-10,-0.01391964302,0,0,0,0,0,0.00018952,0,0,0,0.01391964302,-0.002055498458,0.0001095890411,0.08452057227,uncertain,0,2.5,-1,0,0,0,0
2022-04-11,-0.0623451541,-0.1118508381,0,0,0,0,0.00020243,0,0,0,0.0623451541,0.005664263646,0.0001095890411,0.08854423119,uncertain,0,2.5,-1,0,0,0,0
2022-04-12,0.01377393882,0,0,0,0,0,-0.00023808,0,0,0,-0.01377393882,0.007680491551,0.0001095890411,0.01863280574,uncertain,0,2.5,-1,0,0,0,0
2022-04-13,0.02677109435,0,0.09147167653,0.02405338881,0.02085562133,0,-2.424e-05,0,0,0,-0.02677109435,0.005589430894,0.0001095890411,0.06081952832,uncertain,0,2.5,-1,0,0,0,0
2022-04-14,-0.02929464742,0,0,0,0,0,0.00012974,0,0,0,0.02929464742,-0.00151591713,0.0001095890411,0.03721625948,uncertain,0,2.5,-1,0,0,0,0
2022-04-15,0.015259982,0,0,0,0,0,-0.00012341,0,0,0,-0.015259982,0.002024291498,0.0001095890411,0.0168544918,uncertain,0,2.5,-1,0,0,0,0
2022-04-16,-0.004270823315,0,0,0,0,0,0.00013597,0,0,0,0.004270823315,-0.0005050505051,0.0001095890411,-0.01367174199,bear,0,2.5,-1,0,0,0,0
2022-04-17,-0.01735047999,0,0,0,0,0,0.00020558,0,0,0,0.01735047999,0.00404244568,0.0001095890411,-0.01317736247,bear,0,2.5,-1,0,0,0,0
2022-04-18,0.02830300428,0,0,0,0,0,-0.00025864,0,0,0,-0.02830300428,-0.003522898842,0.0001095890411,-0.04979679104,bear,0,2.5,-1,0,0,0,0
2022-04-19,0.01696154004,0,0,0,0,0,0.00011223,0,0,0,-0.01696154004,-0.01363636364,0.0001095890411,-0.03317446713,bear,0,2.5,-1,0,0,0,0
2022-04-20,-0.003253305724,0,0,0,0,0,0.00022707,0,0,0,0.003253305724,0.005632360471,0.0001095890411,0.00560005293,uncertain,0,2.5,-1,0,0,0,0
2022-04-21,-0.0212335211,0,0,0,0,0,2.91e-06,0,0,0,0.0212335211,-0.003054989817,0.0001095890411,0.008680987019,uncertain,0,2.5,-1,0,0,0,0
2022-04-22,-0.01904223838,0,0,0,0,0,-0.00014373,0,0,0,0.01904223838,-0.01174668029,0.0001095890411,-0.04447441739,bear,0,2.5,-1,0,0,0,0
2022-04-23,-0.006738492208,0,0,0,0,0,-0.00028468,0,0,0,0.006738492208,-0.0005167958656,0.0001095890411,-0.07400596417,bear,0,2.5,-1,0,0,0,0
2022-04-24,0.0002162691169,0,0,0,0,0,-0.00137203,0,0,0,-0.0002162691169,0.0005170630817,0.0001095890411,-0.1034259831,bear,0,2.5,-1,0,0,0,0
2022-04-25,0.02473882849,0,0,0,0,0,0,0,0,0,-0.02473882849,-0.01343669251,0.0001095890411,-0.1097423429,bear,0,2.5,-1,0,0,0,0
2022-04-26,-0.05722617677,0,0,0,0,0,0,0,0,0,0.05722617677,-0.0005238344683,0.0001095890411,-0.09177877872,bear,0,2.5,-1,0,0,0,0
2022-04-27,0.02946711918,0,0,0,0,0,0,0,0,0,-0.02946711918,-0.008385744235,0.0001095890411,-0.1861099057,bear,0,2.5,-1,0,0,0,0
2022-04-28,0.01290533218,0,0,0,0,-0.01290533218,0,0,0,0,-0.01290533218,0.003171247357,0.0001095890411,-0.1673624815,bear,0,2.5,-1,-1,0,0,0
2022-04-29,-0.02883493487,0,0,0,0,0.02883493487,0,0,0,0,0.02883493487,0.004214963119,0.0001095890411,-0.1621748168,bear,0,2.5,-1,-1,0,0,0
2022-04-30,-0.02501055158,0,0,0,0,0.02501055158,0,0,0,0,0.02501055158,-0.003672612802,0.0001095890411,-0.1799923897,bear,0,2.5,-1,-1,0,0,0
2022-05-01,0.02225703413,0,0,0,0,-0.02225703413,0,0,0,0,-0.02225703413,0.003159557662,0.0001095890411,-0.1731373574,bear,0,2.5,-1,-1,0,0,0
2022-05-02,0.001476798459,-0.04464791741,0,0,0,-0.001476798459,-0.00071,0,0,0,-0.001476798459,-0.01784776903,0.0001095890411,-0.1688537316,bear,0,2.5,-1,-1,0,0,0
2022-05-03,-0.02066727302,0,0,0,0,0.02066727302,0.0003,0,0,0,0.02066727302,0,0.0001095890411,-0.1590412783,bear,0,2.5,-1,-1,0,0,0
2022-05-04,0.05197732775,0,0.1605501626,0.04218353645,0.03114049477,-0.05197732775,0.00022504,0,0,0,-0.05197732775,0.01122394441,0.0001095890411,-0.1870048602,bear,0,2.5,-1,-1,0,0,0
2022-05-05,-0.0790382968,0,0,0,0,0.0790382968,0.0003,0,0,0,0.0790382968,-0.007399577167,0.0001095890411,-0.1479268905,bear,0,2.5,-1,-1,0,0,0
2022-05-06,-0.01475119532,0,0,-0.0527265733,-0.07815703763,0.01475119532,-0.00014997,-0.0008922051526,0,0,0.01475119532,0.003727369542,0.0001095890411,-0.1965947617,bear,0,2.5,-1,-1,-1,0,0
2022-05-07,-0.01503258337,0,0,0,0,0.01503258337,1.438e-05,-0.002089065723,0,0,0.01503258337,0.001061007958,0.0001095890411,-0.1657776716,bear,0,2.5,-1,-1,-1,0,0
2022-05-08,-0.04042552532,0,0,0,0,0.04042552532,0.00017341,-0.002089065723,0,0,0.04042552532,-0.001059883413,0.0001095890411,-0.1834951923,bear,0,2.5,-1,-1,-1,0,0
2022-05-09,-0.1164005946,-0.1710478102,0,0,0,0.1164005946,0.0003,-0.001196860571,0,0,0.1164005946,-0.01538461538,0.0001095890411,-0.1943957222,bear,0,2.5,-1,-1,-1,0,0
2022-05-10,0.03128010052,0,0,0,0,-0.03128010052,0.0003,0,0,0,-0.03128010052,-0.01131465517,0.0001095890411,-0.2965259133,bear,0,2.5,-1,-1,0,0,0
2022-05-11,-0.06168081478,0,-0.2554222941,-0.001667064561,-0.0243702818,0.06168081478,0.00011007,0,0,0,0.06168081478,0.0136239782,0.0001095890411,-0.2642802164,bear,0,2.5,-1,-1,0,0,0
2022-05-12,-0.002549139395,0,0,0,0,0.002549139395,-0.00075446,0,0,0,0.002549139395,-0.01290322581,0.0001095890411,-0.2637589504,bear,0,2.5,-1,-1,0,0,0
2022-05-13,0.008863321248,0,0,0.009938365976,0.02996159001,-0.008863321248,-1.687e-05,-0.006305503825,0,0,-0.008863321248,-0.01361655773,0.0001095890411,-0.2756133883,bear,0,2.5,-1,-1,1,0,0
2022-05-14,0.02730524242,0,0,0,0,-0.02730524242,0.0003,-0.01375746289,0,0,-0.02730524242,0.001104362231,0.0001095890411,-0.2882473153,uncertain,0,2.5,-1,-1,1,0,0
2022-05-15,0.04128562948,0,0,0,0,-0.04128562948,0.00027343,-0.01375746289,0,0,-0.04128562948,-0.00110314396,0.0001095890411,-0.2467464382,uncertain,0,2.5,-1,-1,1,0,0
2022-05-16,-0.04643892586,0,0,0,0,0.04643892586,0.00023823,-0.007451959066,0,0,0.04643892586,0.009387078962,0.0001095890411,-0.2274371854,uncertain,0,2.5,-1,-1,1,0,0
2022-05-17,0.01911092619,0,0,0,0,-0.01911092619,0.00013995,0,0,0,-0.01911092619,-0.004376367615,0.0001095890411,-0.260154423,uncertain,0,2.5,-1,-1,0,0,0
2022-05-18,-0.05681110122,0,0,0,0,0.05681110122,-9.816e-05,0,0,0,0.05681110122,-0.0005494505495,0.0001095890411,-0.2327023055,uncertain,0,2.5,-1,-1,0,0,0
2022-05-19,0.05585555028,0,0,0,0,-0.05585555028,0.00012748,0,0,0,-0.05585555028,0.01869158879,0.0001095890411,-0.2962126294,uncertain,0,2.5,-1,-1,0,0,0
2022-05-20,-0.0368815435,0,0,0,0,0.0368815435,0.0003,0,0,0,0.0368815435,0,0.0001095890411,-0.2692960626,uncertain,1,1,-1,-1,0,0,0
2022-05-21,0.008357587631,0,0,0,0,-0.008357587631,2.01e-06,0,0,0,-0.008357587631,0.001079330815,0.0001095890411,-0.2939485505,uncertain,1,1,-1,-1,0,0,0
2022-05-22,0.0288292841,0,0,0,0,-0.0288292841,9.347e-05,0,0,0,-0.0288292841,-0.001078167116,0.0001095890411,-0.2726024524,uncertain,1,1,-1,-1,0,0,0
2022-05-23,-0.03910980216,0,0,0,0,0.03910980216,0.0003,0,0,0,0.03910980216,0.001618996222,0.0001095890411,-0.237104871,uncertain,1,1,-1,-1,0,0,0
2022-05-24,0.01873740731,0,0,0,0,-0.01873740731,-0.00010156,0,0,0,-0.01873740731,0.007543103448,0.0001095890411,-0.2619683279,uncertain,1,1,-1,-1,0,0,0
2022-05-25,-0.003791319924,0,0,0,0,0.003791319924,0.00023679,0,0,0,0.003791319924,-0.006951871658,0.0001095890411,-0.2483020968,bear,1,1,-1,-1,0,0,0
2022-05-26,-0.01153605949,0,0,0,0,0.01153605949,0.00018237,0,0,0,0.01153605949,-0.002154011847,0.0001095890411,-0.2692304077,bear,1,1,-1,-1,0,0,0
2022-05-27,-0.01957272523,0,0,0,0,0.01957272523,0.0003,0,0,0,0.01957272523,0,0.0001095890411,-0.233814757,bear,1,1,-1,-1,0,0,0
2022-05-28,0.01402489714,0,0,0,0,-0.01402489714,0.00028712,0,0,0,-0.01402489714,0.001079330815,0.0001095890411,-0.270312868,bear,0,2.5,-1,-1,0,0,0
2022-05-29,0.01504478093,0,0,0,0,-0.01504478093,0.0003,0,0,0,-0.01504478093,-0.00269541779,0.0001095890411,-0.2695063443,bear,0,2.5,-1,-1,0,0,0
2022-05-30,0.07690078424,0,0,0,0,-0.07690078424,0.0003,0,0,0,-0.07690078424,0.004324324324,0.0001095890411,-0.2365007769,bear,0,2.5,-1,-1,0,0,0
2022-05-31,0.002105613436,0,0,0,0,-0.002105613436,0.0003,0,0,0,-0.002105613436,-0.01130247578,0.0001095890411,-0.1566955792,bear,1,1,-1,-1,0,0,0
2022-06-01,-0.06274040094,0,-0.05960610996,0.002045987169,0.01612712567,0.06274040094,0.0003,0,0,0,0.06274040094,0.008165487207,0.0001095890411,-0.1733193651,bear,1,1,-1,-1,0,0,0
2022-06-02,0.02170011706,0,0,0,0,-0.02170011706,2.92e-05,0,0,0,-0.02170011706,0.009719222462,0.0001095890411,-0.2263281969,uncertain,1,1,-1,-1,0,0,0
2022-06-03,-0.02470756211,0,0,-0.02795892756,-0.03406890523,0.02470756211,2.103e-05,0,0,0,0.02470756211,-0.006951871658,0.0001095890411,-0.1928580043,uncertain,1,1,-1,-1,0,0,0
2022-06-04,0.005516122613,0,0,0,0,-0.005516122613,0.00010571,0,0,0,-0.005516122613,0.002692514809,0.0001095890411,-0.2516953893,uncertain,1,1,-1,-1,0,0,0
2022-06-05,0.001847372291,0,0,0,0,-0.001847372291,0.00011939,0,0,0,-0.001847372291,-0.003759398496,0.0001095890411,-0.182992791,uncertain,1,1,-1,-1,0,0,0
2022-06-06,0.04859386327,0.004180955948,0,0,0,-0.04859386327,0.00025692,0,0,0,-0.04859386327,-0.005929919137,0.0001095890411,-0.1692286034,uncertain,1,1,-1,-1,0,0,0
2022-06-07,-0.00789753005,0,0,0,0,0.00789753005,-3.939e-05,0,0,0,0.00789753005,0.00704989154,0.0001095890411,-0.1155628363,uncertain,1,1,-1,-1,0,0,0
2022-06-08,-0.02957591132,0,-0.03200401468,0.02313705659,0.02308007631,0.02957591132,0.0003,0,0,0,0.02957591132,0,0.0001095890411,-0.08558187224,uncertain,1,1,-1,-1,0,0,0
2022-06-09,-0.003139901413,0,0,0,0,0.003139901413,0.00029106,0,0,0,0.003139901413,-0.005385029618,0.0001095890411,0.004271135655,uncertain,0,2.5,-1,-1,0,0,0
2022-06-10,-0.03381110484,0,0,-0.06338430096,-0.09263820701,0.03381110484,0.00022792,0,0,0,0.03381110484,0.01353546291,0.0001095890411,-0.02924741514,bear,0,2.5,-1,-1,0,0,0
2022-06-11,-0.02293354709,0,0,0,0,0.02293354709,8.747e-05,0,0.008197123093,0,0.02293354709,0.004807692308,0.0001095890411,-0.0004143768851,bear,0,2.5,-1,-1,0,-1,0
2022-06-12,-0.06509022083,0,0,0,0,0.06509022083,0.00011002,0,0.01405221102,0,0.06509022083,0.001063264221,0.0001095890411,-0.02084241166,bear,0,2.5,-1,-1,0,-1,0
2022-06-13,-0.1537983927,-0.1717852328,0,0,0,0.1537983927,1.854e-05,0,0.01405221102,0,0.1537983927,-0.02973977695,0.0001095890411,-0.09261840984,bear,0,2.5,-1,-1,0,-1,0
2022-06-14,-0.01560873395,0,0,0,0,0.01560873395,-0.00011135,0,0.005855087923,0,0.01560873395,-0.006020799124,0.0001095890411,-0.252580705,bear,1,1,-1,-1,0,-1,0
2022-06-15,0.02020698026,0,0,0,0,-0.02020698026,-9.983e-05,0,0,0,-0.02020698026,0.01211453744,0.0001095890411,-0.2934186305,bear,1,1,-1,-1,0,0,0
2022-06-16,-0.09663642659,0,0,0,0,0.09663642659,-0.00104916,0,0,0,0.09663642659,0.0119695321,0.0001095890411,-0.2440345303,bear,1,1,-1,-1,0,0,0
2022-06-17,0.003308611065,0,0,0,0,-0.003308611065,0,0,0,0,-0.003308611065,-0.009139784946,0.0001095890411,-0.3298946655,bear,1,1,-1,-1,0,0,0
2022-06-18,-0.0731854954,0,0,0,0,0.0731854954,0,0,0,0,0.0731854954,-0.009224091156,0.0001095890411,-0.2871815463,bear,1,1,-1,-1,0,0,0
2022-06-19,0.08450939576,0,0,0,0,-0.08450939576,0,0,0,0,-0.08450939576,0.009857612267,0.0001095890411,-0.3742984238,bear,1,1,-1,-1,0,0,0
2022-06-20,-5.346553903e-06,0,0,0,0,5.346553903e-06,0,0,0,0,5.346553903e-06,0.003253796095,0.0001095890411,-0.2954353291,bear,1,1,-1,-1,0,0,0
2022-06-21,0.007272810344,0,0,0,0,-0.007272810344,0,0,0,0,-0.007272810344,-0.007567567568,0.0001095890411,-0.3012787204,uncertain,1,1,-1,-1,0,0,0
2022-06-22,-0.03549252251,0,0,0,0,0.03549252251,-0.00104444,0,0,0,0.03549252251,0.003812636166,0.0001095890411,-0.3159186293,uncertain,1,1,-1,-1,0,0,0
2022-06-23,0.0561407125,0,0,0,0,-0.0561407125,-5.105e-05,0,0,0,-0.0561407125,-0.007053716766,0.0001095890411,-0.3133433989,uncertain,1,1,-1,-1,0,0,0
2022-06-24,0.006042596611,0,0,0,0,-0.006042596611,0.00026006,0,0,0,-0.006042596611,-0.002732240437,0.0001095890411,-0.2881325583,uncertain,1,1,-1,-1,0,0,0
2022-06-25,0.01193632641,0,0,0,0,-0.01193632641,0.00022621,0,0.003805646411,0,-0.01193632641,0,0.0001095890411,-0.2811054713,uncertain,1,1,-1,-1,0,1,0
2022-06-26,-0.02108398837,0,0,0,0,0.02108398837,0.00020669,0,0.00462458298,0,0.02108398837,0.002739726027,0.0001095890411,-0.2640343683,uncertain,1,1,-1,-1,0,1,0
2022-06-27,-0.01404644057,0,0,0,0,0.01404644057,0.00017455,0,0.00462458298,0,0.01404644057,-0.0005464480874,0.0001095890411,-0.2651688101,uncertain,1,1,-1,-1,0,1,0
2022-06-28,-0.02223785299,0,0,0,0,0.02223785299,-5.764e-05,0,0.0008189365694,0,0.02223785299,-0.002733734281,0.0001095890411,-0.2855112046,uncertain,1,1,-1,-1,0,1,0
2022-06-29,-0.007804237304,0,0,0,0,0.007804237304,0.00017842,0,0,0,0.007804237304,0,0.0001095890411,-0.3117544056,uncertain,1,1,-1,-1,0,0,0
2022-06-30,-0.008984739361,0,0,0,0,0.008984739361,-0.00020714,0,0,0,0.008984739361,-0.004385964912,0.0001095890411,-0.3658892514,uncertain,1,1,-1,-1,0,0,0
2022-07-01,-0.03321647902,0,0,-0.01571739457,0.004919982551,0.03321647902,-0.00013741,0,0,0,0.03321647902,-0.004955947137,0.0001095890411,-0.3729069867,uncertain,1,1,-1,-1,0,0,0
2022-07-02,-0.001399910787,0,0,0,0,0.001399910787,4.425e-05,0,0,0,0.001399910787,0.003320420587,0.0001095890411,-0.3531533931,uncertain,1,1,-1,-1,0,0,0
2022-07-03,0.003273288419,0,0,0,0,-0.003273288419,0.000156,0,0,0,-0.003273288419,0.0005515719801,0.0001095890411,-0.3677782076,uncertain,1,1,-1,-1,0,0,0
2022-07-04,0.04767488635,0.03832925393,0,0,0,-0.04767488635,0.0001467,0,0,0,-0.04767488635,0.0005512679162,0.0001095890411,-0.349639952,bear,1,1,-1,-1,0,0,0
2022-07-05,-0.003008394151,0,0,0,0,0.003008394151,0.00015411,0,0,0,0.003008394151,-0.02424242424,0.0001095890411,-0.3223719899,bear,1,1,-1,-1,0,0,0
2022-07-06,0.01926463496,0,0.00454432505,0.01237817539,0.007749515859,-0.01926463496,0.00028373,0,0,0,-0.01926463496,-0.01411631846,0.0001095890411,-0.3256563258,bear,1,1,-1,-1,0,0,0
2022-07-07,0.05156796831,0,0,0,0,-0.05156796831,0.00025274,0,0,0,-0.05156796831,-0.002290950745,0.0001095890411,-0.3445177557,bear,1,1,-1,-1,0,0,0
2022-07-08,-0.001397920368,0,0,-0.0402681107,-0.04912131681,0.001397920368,0.00020212,-0.002339485068,0,0,0.001397920368,0.0005740528129,0.0001095890411,-0.3052288924,bear,1,1,-1,-1,1,0,0
2022-07-09,-0.0001352180507,0,0,0,0,0.0001352180507,0.00026143,-0.006805774742,0,0,0.0001352180507,-0.002294893861,0.0001095890411,-0.2850549764,uncertain,1,1,-1,-1,1,0,0
2022-07-10,-0.03377944343,0,0,0,0,0.03377944343,0.00029962,-0.006805774742,0,0,0.03377944343,0.002875215641,0.0001095890411,-0.2829000267,uncertain,1,1,-1,-1,1,0,0
2022-07-11,-0.04308502301,0.003849515496,0,0,0,0.04308502301,0.00020279,-0.004466289675,0,0,0.04308502301,-0.005733944954,0.0001095890411,-0.2828765277,uncertain,1,1,-1,-1,1,0,0
2022-07-12,-0.03180086167,0,0,0,0,0.03180086167,0.00017103,0,0,0,0.03180086167,-0.00461361015,0.0001095890411,-0.2976668179,uncertain,1,1,-1,-1,0,0,0
2022-07-13,0.04687938951,0,0.0323003284,-0.01076121822,-0.0115822928,-0.04687938951,-1.805e-05,0,0,0,-0.04687938951,0.006373117034,0.0001095890411,-0.2726588203,uncertain,1,1,-1,-1,0,0,0
2022-07-14,0.01749307013,0,0,0,0,-0.01749307013,0.00013508,0,0,0,-0.01749307013,-0.01266551526,0.0001095890411,-0.100168939,uncertain,0,2.5,-1,-1,0,0,0
2022-07-15,0.01171508448,0,0,0,0,-0.01171508448,0.00012259,0,0,0,-0.01171508448,-0.006413994169,0.0001095890411,-0.06991061333,uncertain,0,2.5,-1,-1,0,0,0
2022-07-16,0.01754965425,0,0,0,0,-0.01754965425,0.00014851,0,0,0,-0.01754965425,-0.004107981221,0.0001095890411,-0.07765239739,uncertain,0,2.5,-1,-1,0,0,0
2022-07-17,-0.01875106154,0,0,0,0,0.01875106154,0.00026747,0,0.01354992724,0,0.01875106154,0.005303476724,0.0001095890411,0.03893328419,uncertain,0,2.5,-1,-1,0,1,0
2022-07-18,0.07858483635,0,0,0,0,-0.07858483635,0.0003,0,0.03830580911,0,-0.07858483635,0,0.0001095890411,0.01609033451,uncertain,0,2.5,-1,-1,0,1,0
2022-07-19,0.04297499441,0,0,0,0,-0.04297499441,0.0003,0,0.04773594079,0,-0.04297499441,-0.0005861664713,0.0001095890411,0.1824800127,uncertain,0,2.5,-1,-1,0,1,0
2022-07-20,-0.007407907638,0,0,0,0,0.007407907638,0.00028118,0,0.03418601355,0,0.007407907638,-0.004692082111,0.0001095890411,0.1371935453,uncertain,0,2.5,-1,-1,0,1,0
2022-07-21,-0.003062010998,0,0,0,0,0.003062010998,0.0003,0,0.009430131671,0,0.003062010998,0.01119622864,0.0001095890411,0.1287753556,uncertain,0,2.5,-1,-1,0,1,0
2022-07-22,-0.02018642729,0,0,0,0,0.02018642729,0.00025172,0,0,0,0.02018642729,0.00641025641,0.0001095890411,0.1171938937,uncertain,0,2.5,-1,-1,0,0,0
2022-07-23,-0.01030468379,0,0,0,0,0.01030468379,0.00020064,0,0,0,0.01030468379,-0.002316155182,0.0001095890411,0.1349230213,uncertain,0,2.5,-1,-1,0,0,0
2022-07-24,0.005728457486,0,0,0,0,-0.005728457486,0.00022063,0,0,0,-0.005728457486,0,0.0001095890411,0.06352116259,uncertain,0,2.5,-1,-1,0,0,0
2022-07-25,-0.05619123035,0,0,0,0,0.05619123035,0.00013557,0,0,0,0.05619123035,-0.004643064423,0.0001095890411,0.06318907565,uncertain,0,2.5,-1,-1,0,0,0
2022-07-26,-0.002638555856,0,0,0,0,0.001638555856,0.00022313,0,0,0,0.002638555856,0.002332361516,0.0001095890411,-0.008389018942,uncertain,0,2.5,-1,-1,0,0,0
2022-07-27,0.07987797505,0,0,0,0,0,0.00012627,0,0,0,-0.07987797505,0.009307737056,0.0001095890411,0.01029562122,uncertain,0,2.5,-1,0,0,0,0
2022-07-28,0.03879672976,0,0,0,0,0,0.00029229,0,0.0002017906861,0,-0.03879672976,0.007492795389,0.0001095890411,0.1065389229,uncertain,0,2.5,-1,0,0,1,0
2022-07-29,-0.002901489037,0,0,0,0,0,0.0003,0,-0.005647926166,0,0.002901489037,0.009153318078,0.0001095890411,0.1756121036,uncertain,0,2.5,-1,0,0,1,0
2022-07-30,-0.005478311163,0,0,0,0,0,0.0003,0,-0.008408690017,0,0.005478311163,0,0.0001095890411,0.1814211691,uncertain,0,2.5,-1,0,0,1,0
2022-07-31,-0.01481125264,0,0,0,0,0,0.00026281,0,-0.008610480703,0,0.01481125264,-0.000566893424,0.0001095890411,0.1856012949,uncertain,0,2.5,-1,0,0,1,0
2022-08-01,-0.001086577611,-0.04273622525,0,0,0,0,0.00026449,0,-0.002760763851,0,0.001086577611,0.004537719796,0.0001095890411,0.2081722839,uncertain,0,2.5,-1,0,0,1,0
2022-08-02,-0.01204314421,0,0,0,0,0,0.00025618,0,0,0,0.01204314421,-0.01072840203,0.0001095890411,0.2085513751,uncertain,0,2.5,-1,0,0,0,0
2022-08-03,-0.007369999465,0,0.02257639848,0.04856223581,0.0635051622,0,7.5e-06,0,0,0,0.007369999465,0.00399543379,0.0001095890411,0.1901010725,uncertain,0,2.5,-1,0,0,0,0
2022-08-04,-0.008562837749,0,0,0,0,0,3.023e-05,0,0,0,0.008562837749,0.01648664014,0.0001095890411,0.1275731085,uncertain,0,2.5,-1,0,0,0,0
2022-08-05,0.03047520707,0,0,-0.0167498205,0.03484224178,0,0.00010581,0,0,0,-0.03047520707,-0.008389261745,0.0001095890411,0.1212911687,uncertain,0,2.5,-1,0,0,0,0
2022-08-06,-0.01536562914,0,0,0,0,0,0.00025477,0,0,0,0.01536562914,-0.002820078962,0.0001095890411,0.1336238986,uncertain,0,2.5,-1,0,0,0,0
2022-08-07,0.009592140178,0,0,0,0,0,0.00011664,0,0,0,-0.009592140178,0,0.0001095890411,0.06146734009,uncertain,0,2.5,-1,0,0,0,0
2022-08-08,0.02742725914,0.05330003476,0,0,0,0,0.0002279,0,0,0,-0.02742725914,0.007918552036,0.0001095890411,0.07314926082,uncertain,0,2.5,-1,0,0,0,0
2022-08-09,-0.02772154557,0,0,0,0,0,0.0002792,0,0,0,0.02772154557,0.004489337823,0.0001095890411,0.102731913,uncertain,0,2.5,-1,0,0,0,0
2022-08-10,0.03473441627,0,0.1891250422,0.1225416188,0.2350939653,0,8.707e-05,0,0,0,-0.03473441627,-0.002234636872,0.0001095890411,0.1096456939,uncertain,0,2.5,-1,0,0,0,0
2022-08-11,-0.000820738038,0,0,0,0,0,0.00022117,0,0,0,0.000820738038,-0.0039193729,0.0001095890411,0.199885692,uncertain,0,2.5,-1,0,0,0,0
2022-08-12,0.0196073516,0,0,-0.02255666103,-0.03037829111,0,7.052e-05,0,0,0,-0.0196073516,0.008431703204,0.0001095890411,0.2382792472,uncertain,0,2.5,-1,0,0,0,0
2022-08-13,0.001544848974,0,0,0,0,0,7.05e-05,0,0,0,-0.001544848974,-0.0005574136009,0.0001095890411,0.2060210913,uncertain,0,2.5,-1,0,0,0,0
2022-08-14,-0.00557006192,0,0,0,0,0,3.302e-05,0,0,0,0.00557006192,-0.001115448968,0.0001095890411,0.1871178755,uncertain,0,2.5,-1,0,0,0,0
2022-08-15,-0.008657392398,0,0,0,0,0,-4.028e-05,0,0,0,0.008657392398,-0.009491903964,0.0001095890411,0.1668359734,uncertain,0,2.5,-1,0,0,0,0
2022-08-16,-0.009963967359,0,0,0,0,0,6.269e-05,0,0,0,0.009963967359,-0.001691093574,0.0001095890411,0.1367840495,uncertain,0,2.5,-1,0,0,0,0
2022-08-17,-0.02146659322,0,0,0,0,0,0.00010092,0,0,0,0.02146659322,-0.00790513834,0.0001095890411,0.1469639622,uncertain,0,2.5,-1,0,0,0,0
2022-08-18,-0.006488549291,0,0,0,0,0,0.00025562,0,0,0,0.006488549291,-0.003414911781,0.0001095890411,0.04056956445,uncertain,0,2.5,-1,0,0,0,0
2022-08-19,-0.1016251854,0,0,0,0,0,5.362e-05,0.005755482142,0,0,0.1016251854,-0.007424328955,0.0001095890411,-0.008779900687,bear,0,2.5,-1,0,-1,0,0
2022-08-20,0.01467189584,0,0,0,0,0,-0.00010219,0.008500404395,0,0,-0.01467189584,0.0005753739931,0.0001095890411,-0.1028669483,bear,0,2.5,-1,0,-1,0,0
2022-08-21,0.0177643688,0,0,0,0,0,-8.78e-05,0.008500404395,0,0,-0.0177643688,0.0005750431282,0.0001095890411,-0.0869084091,bear,0,2.5,-1,0,-1,0,0
2022-08-22,-0.005381209271,0,0,0,0,0,-0.00107286,0.002744922252,0,0,0.005381209271,-0.005172413793,0.0001095890411,-0.05154193353,bear,0,2.5,-1,0,-1,0,0
2022-08-23,0.006041636779,0,0,0,0,0,0,0,0,0,-0.006041636779,0.009243212016,0.0001095890411,-0.04682360351,bear,0,2.5,-1,0,0,0,0
2022-08-24,-0.00748010137,0,0,0,0,0,0,0,0,0,0.00748010137,-0.001144819691,0.0001095890411,-0.04652678869,bear,0,2.5,-1,0,0,0,0
2022-08-25,0.008936694359,0,0,0,0,0,0,0,0,0,-0.008936694359,0.003438395415,0.0001095890411,0.002683133983,uncertain,0,2.5,-1,0,0,0,0
2022-08-26,-0.0611339837,0,0,0,0,0,0,0,0,0,0.0611339837,-0.01313535123,0.0001095890411,0.01432014705,uncertain,0,2.5,-1,0,0,0,0
2022-08-27,-0.01005135603,0,0,0,0,0,0,0,0,0,0.01005135603,0.0005787037037,0.0001095890411,-0.1181311799,bear,0,2.5,-1,0,0,0,0
2022-08-28,-0.02405427796,0,0,0,0,0,0,0,0,0,0.02405427796,-0.002313475998,0.0001095890411,-0.1595999317,bear,0,2.5,-1,0,0,0,0
2022-08-29,0.03733557787,0,0,0,0,0,0,0,0,0,-0.03733557787,0.002898550725,0.0001095890411,-0.1774284663,bear,0,2.5,-1,0,0,0,0
2022-08-30,-0.02336962978,0,0,0,0,0,0,0,0,0,0.02336962978,-0.009248554913,0.0001095890411,-0.1420169848,bear,0,2.5,-1,0,0,0,0
2022-08-31,0.01203129874,0,0,0,0,0,0,0,0,0,-0.01203129874,-0.006417736289,0.0001095890411,-0.1494703202,bear,0,2.5,-1,0,0,0,0
2022-09-01,0.004061841335,0,0,0,0,0,0,0,0,0,-0.004061841335,-0.007633587786,0.0001095890411,-0.1383010408,bear,0,2.5,-1,0,0,0,0
2022-09-02,-0.008921359901,0,0,0.009782513007,0.04838620584,0,0,0,0,0,0.008921359901,0.007100591716,0.0001095890411,-0.1242542237,bear,0,2.5,-1,0,0,0,0
2022-09-03,-0.00601247202,0,0,0,0,0,0,0,0,0,0.00601247202,0.001762632197,0.0001095890411,-0.1256229082,bear,0,2.5,-1,0,0,0,0
2022-09-04,0.008491369965,0,0,0,0,0,0,0,0,0,-0.008491369965,-0.001173020528,0.0001095890411,-0.123373667,bear,0,2.5,-1,0,0,0,0
2022-09-05,-0.01017284741,0.008980634228,0,0,0,0,-0.00087733,0,0,0,0.01017284741,0.002935995302,0.0001095890411,-0.1420753401,bear,0,2.5,-1,0,0,0,0
2022-09-06,-0.05082780888,0,0,0,0,0,3.571e-05,0,0,0,0.05082780888,-0.008782201405,0.0001095890411,-0.1375508022,bear,0,2.5,-1,0,0,0,0
2022-09-07,0.02672771134,0,-0.01410410073,0.008854123046,0.038905111,-0.02672771134,-9.352e-05,0,0,0,-0.02672771134,0.008860011813,0.0001095890411,-0.1891648496,bear,0,2.5,-1,-1,0,0,0
2022-09-08,0.001395854628,0,0,0,0,-0.001395854628,9.614e-05,0,0,0,-0.001395854628,-0.002927400468,0.0001095890411,-0.1897169257,bear,0,2.5,-1,-1,0,0,0
2022-09-09,0.1056089177,0,0,0.1283554418,0.06915925719,-0.07087148398,0.00021312,0,0,0,-0.1056089177,0.004110393423,0.0001095890411,-0.1654508973,bear,0,2.5,-1,-1,0,0,0
2022-09-10,0.01349384437,0,0,0,0,0,0.00029764,0,0,0,-0.01349384437,0.001754385965,0.0001095890411,-0.10828816,bear,0,2.5,-1,0,0,0,0
2022-09-11,0.008246821696,0,0,0,0,0,0.00023827,0,0,0,-0.008246821696,0.0005837711617,0.0001095890411,-0.09551319252,uncertain,0,2.5,-1,0,0,0,0
2022-09-12,0.0260628299,0.06168430772,0,0,0,0,0.00028246,0,0,0,-0.0260628299,0.002333722287,0.0001095890411,-0.105591042,uncertain,0,2.5,-1,0,0,0,0
2022-09-13,-0.09922288792,0,0,0,0,0,0.00029965,0,0,0,0.09922288792,-0.01396973225,0.0001095890411,-0.08369576513,uncertain,0,2.5,-1,0,0,0,0
2022-09-14,0.002634139619,0,-0.01220662669,-0.005275362347,-0.0001471776332,0,-2.222e-05,0,0,0,-0.002634139619,-0.002951593861,0.0001095890411,-0.1699909155,uncertain,0,2.5,-1,0,0,0,0
2022-09-15,-0.02594737355,0,0,0,0,0,0.00011137,0,0,0,0.02594737355,-0.0207223209,0.0001095890411,-0.1605369951,uncertain,0,2.5,-1,0,0,0,0
2022-09-16,0.005147732095,0,0,0,0,0,0.00015323,0,0.000211496169,0,-0.005147732095,0.007255139057,0.0001095890411,-0.1740895101,uncertain,0,2.5,-1,0,0,-1,0
2022-09-17,0.01567011559,0,0,0,0,0,8.827e-05,0,-0.003685999588,0,-0.01567011559,0.001200480192,0.0001095890411,-0.15162625,uncertain,0,2.5,-1,0,0,-1,0
2022-09-18,-0.03467501126,0,0,0,0,0,0.00017812,0,-0.003685999588,0,0.03467501126,0,0.0001095890411,-0.1327046466,uncertain,0,2.5,-1,0,0,-1,0
2022-09-19,0.006223675306,0,0,0,0,0,-5.108e-05,0,-0.007627405911,0,-0.006223675306,-0.001199040767,0.0001095890411,-0.06807062746,uncertain,0,2.5,-1,0,0,-1,0
2022-09-20,-0.03388541344,0,0,0,0,0,0.00015389,0,-0.006281953943,0,0.03388541344,-0.005402160864,0.0001095890411,-0.07582992866,uncertain,0,2.5,-1,0,0,-1,0
2022-09-21,-0.02191470199,0,0,0,0,0,9.395e-05,0,-0.006281953943,0,0.02191470199,0.002414001207,0.0001095890411,-0.1227299621,uncertain,0,2.5,-1,0,0,-1,0
2022-09-22,0.05093178401,0,0,0,0,0,-0.00010947,0,-0.002552043789,0,-0.05093178401,0.003010234798,0.0001095890411,-0.137312773,bear,0,2.5,-1,0,0,-1,0
2022-09-23,-0.005758279072,0,0,0,0,0,5.212e-05,0,0,0,0.005758279072,-0.01680672269,0.0001095890411,-0.09881918072,bear,0,2.5,-1,0,0,0,0
2022-09-24,-0.01915042631,0,0,0,0,0,9.968e-05,0,0,0,0.01915042631,0,0.0001095890411,-0.09725581334,bear,0,2.5,-1,0,0,0,0
2022-09-25,-0.005978700351,0,0,0,0,0,7.245e-05,0,0,0,0.005978700351,-0.002442002442,0.0001095890411,-0.1223867111,bear,0,2.5,-1,0,0,0,0
2022-09-26,0.02235505424,0,0,0,0,0,7.533e-05,0,0,0,-0.02235505424,-0.009179926561,0.0001095890411,-0.07082982355,bear,0,2.5,-1,0,0,0,0
2022-09-27,-0.007733065943,0,0,0,0,0,0.00020782,0,0,0,0.007733065943,0.001852995676,0.0001095890411,-0.04041302352,bear,0,2.5,-1,0,0,0,0
2022-09-28,0.0174897912,0,0,0,0,0,5.402e-05,0,0,0,-0.0174897912,0.01602959309,0.0001095890411,-0.02436538671,bear,0,2.5,-1,0,0,0,0
2022-09-29,0.009204742021,0,0,0,0,0,0.00020007,0,0,0,-0.009204742021,0.004247572816,0.0001095890411,-0.04303074131,bear,0,2.5,-1,0,0,0,0
2022-09-30,-0.008621081274,0,0,0,0,0,0.0003,0,0,0,0.008621081274,0.0006042296073,0.0001095890411,-0.01111214305,uncertain,0,2.5,-1,0,0,0,0
2022-10-01,-0.005748969886,0,0,0,0,0,0.00020203,0,0,0,0.005748969886,-0.0006038647343,0.0001095890411,-0.03129223811,uncertain,0,2.5,-1,0,0,0,0
2022-10-02,-0.01316092683,0,0,0,0,0,0.00015462,0,0,0,0.01316092683,0.0006042296073,0.0001095890411,-0.04075760029,uncertain,0,2.5,-1,0,0,0,0
2022-10-03,0.03003022543,0.03561027919,0,0,0,0,0.00022312,0,0,0,-0.03003022543,0.02415458937,0.0001095890411,-0.04486098038,uncertain,0,2.5,-1,0,0,0,0
2022-10-04,0.03610663363,0,0,0,0,0,0.0003,0,0,0,-0.03610663363,0.0141509434,0.0001095890411,-0.01022695758,uncertain,0,2.5,-1,0,0,0,0
2022-10-05,-0.008828871531,0,-0.01129768513,-0.03711828492,-0.0594943037,0,0.0003,0,0,0,0.008828871531,-0.005813953488,0.0001095890411,0.01687574686,uncertain,0,2.5,-1,0,0,0,0
2022-10-06,-0.00980193727,0,0,0,0,0,0.0003,0,0,0,0.00980193727,-0.00350877193,0.0001095890411,0.01825644901,uncertain,0,2.5,-1,0,0,0,0
2022-10-07,-0.0215714202,0,0,-0.05098279291,-0.04498038098,0,0.00027513,0,0,0,0.0215714202,-0.008215962441,0.0001095890411,0.06226833509,uncertain,0,2.5,-1,0,0,0,0
2022-10-08,-0.005741396993,0,0,0,0,0,0.00015344,0,0,0,0.005741396993,-0.001183431953,0.0001095890411,0.01229730822,uncertain,0,2.5,-1,0,0,0,0
2022-10-09,0.001084562951,0,0,0,0,0,6.973e-05,0,0,0,-0.001084562951,0.0005924170616,0.0001095890411,0.005082358641,uncertain,0,2.5,-1,0,0,0,0
2022-10-10,-0.01580069366,-0.01529987827,0,0,0,0,0.0002231,0,0,0,0.01580069366,-0.0153937241,0.0001095890411,-0.08993820725,uncertain,0,2.5,-1,0,0,0,0
2022-10-11,-0.003756559082,0,0,0,0,0,0.0003,0,0,0,0.003756559082,-0.001803968731,0.0001095890411,-0.116243093,uncertain,0,2.5,-1,0,0,0,0
2022-10-12,0.005012067156,0,0.0246125731,0.005028800476,0.02555957927,0,0.0003,0,0,0,-0.005012067156,0.003012048193,0.0001095890411,-0.1267643964,uncertain,0,2.5,-1,0,0,0,0
2022-10-13,0.01146405242,0,0,0,0,0,0.00021402,0,0,0,-0.01146405242,-0.004204204204,0.0001095890411,-0.1446797471,uncertain,0,2.5,-1,0,0,0,0
2022-10-14,-0.01022960878,0,0,-0.02301895546,-0.001719543147,0,0.0002163,0,0,0,0.01022960878,-0.01266586248,0.0001095890411,-0.03957851783,bear,0,2.5,-1,0,0,0,0
2022-10-15,-0.005607779765,0,0,0,0,0,0.00012652,0,0,0,0.005607779765,0,0.0001095890411,-0.05190067984,bear,0,2.5,-1,0,0,0,0
2022-10-16,0.01015187166,0,0,0,0,0,6.59e-05,0,0,0,-0.01015187166,0.002443494197,0.0001095890411,-0.03210302773,bear,0,2.5,-1,0,0,0,0
2022-10-17,0.01489281513,0,0,0,0,0,0.00011629,0,0,0,-0.01489281513,0.002437538087,0.0001095890411,-0.0272843415,bear,0,2.5,-1,0,0,0,0
2022-10-18,-0.01137706357,0,0,0,0,0,0.0003,0,0,0,0.01137706357,0,0.0001095890411,-0.02802876857,bear,0,2.5,-1,0,0,0,0
2022-10-19,-0.01052751942,0,0,0,0,0,0.00027598,0,0,0,0.01052751942,-0.01519756839,0.0001095890411,-0.004570414984,uncertain,0,2.5,-1,0,0,0,0
2022-10-20,-0.004290427145,0,0,0,0,0,0.00018116,0,0,0,0.004290427145,0,0.0001095890411,-0.02114191417,uncertain,0,2.5,-1,0,0,0,0
2022-10-21,0.00643054902,0,0,0,0,0,8.301e-05,-0.003330658786,0,0,-0.00643054902,0.01790123457,0.0001095890411,0.008843443709,uncertain,0,2.5,-1,0,-1,0,0
2022-10-22,0.00208616302,0,0,0,0,0,0.00011762,-0.00710540541,0,0,-0.00208616302,0.001212856277,0.0001095890411,0.03808007644,uncertain,0,2.5,-1,0,-1,0,0
2022-10-23,0.01906078571,0,0,0,0,0,0.00010497,-0.00710540541,0,0,-0.01906078571,0.003634161114,0.0001095890411,-0.01016821782,uncertain,0,2.5,-1,0,-1,0,0
2022-10-24,-0.01229816458,0,0,0,0,0,0.00022328,-0.003774746624,0.0003886713014,0,0.01229816458,-0.007845503923,0.0001095890411,0.0145407625,uncertain,0,2.5,-1,0,-1,1,0
2022-10-25,0.03881846193,0,0,0,0,0,0.0001318,0,0.0005042222289,0,-0.03881846193,0.001216545012,0.0001095890411,0.02162839248,uncertain,0,2.5,-1,0,0,1,0
2022-10-26,0.03443812696,0,0,0,0,0,0.0001403,0,8.524243699e-05,0,-0.03443812696,0.007897934386,0.0001095890411,0.06766971263,uncertain,0,2.5,-1,0,0,1,0
2022-10-27,-0.02293902393,0,0,0,0,0,-8.87e-06,0,-0.01329180241,0,0.02293902393,-0.003013863773,0.0001095890411,0.08028835302,uncertain,0,2.5,-1,0,0,1,0
2022-10-28,0.01462076333,0,0,0,0,0,-3.16e-06,0,-0.01340735334,0,-0.01462076333,-0.009673518742,0.0001095890411,0.06373351405,uncertain,0,2.5,-1,0,0,1,0
2022-10-29,0.01057846215,0,0,0,0,0,0.00011444,0,-0.01298837355,0,-0.01057846215,0,0.0001095890411,0.06073409221,uncertain,0,2.5,-1,0,0,1,0
2022-10-30,-0.008755064352,0,0,0,0,0,5.832e-05,0,0,0,0.008755064352,0,0.0001095890411,0.06217795361,uncertain,0,2.5,-1,0,0,0,0
2022-10-31,-0.006629021092,0,0,0,0,0,4.912e-05,0,0,0,0.006629021092,-0.006715506716,0.0001095890411,0.06203440217,uncertain,0,2.5,-1,0,0,0,0
2022-11-01,-0.0003474740297,0,0,0,0,0,9.36e-06,0,0,0,0.0003474740297,0.00676090965,0.0001095890411,0.0610943532,uncertain,0,2.5,-1,0,0,0,0
2022-11-02,-0.01619733231,0,-0.06848718258,-0.01853411176,-0.06270018073,0,0.00012036,0,0,0,0.01619733231,-0.006105006105,0.0001095890411,0.07487196171,uncertain,0,2.5,-1,0,0,0,0
2022-11-03,0.002777910106,0,0,0,0,0,0.0001006,0,0,0,-0.002777910106,-0.001228501229,0.0001095890411,0.0266319155,uncertain,0,2.5,-1,0,0,0,0
2022-11-04,0.04655128559,0,0,0.05018963819,0.1052284561,0,0.00012476,0,0,0,-0.04655128559,0.02767527675,0.0001095890411,-0.006392032184,uncertain,0,2.5,-1,0,0,0,0
2022-11-05,0.00713288684,0,0,0,0,0,0.0001895,0,0,0,-0.00713288684,0,0.0001095890411,0.04912427958,uncertain,0,2.5,-1,0,0,0,0
2022-11-06,-0.01848834027,0,0,0,0,0,0.00023089,0,0,0,0.01848834027,-0.003590664273,0.0001095890411,0.06706688703,uncertain,0,2.5,-1,0,0,0,0
2022-11-07,-0.0150414387,-0.02244101752,0,0,0,0,0.00027813,0,0,0,0.0150414387,0.0006006006006,0.0001095890411,0.07042927094,uncertain,0,2.5,-1,0,0,0,0
2022-11-08,-0.09926118673,0,0,0,0,0,0.00015173,0,0,0,0.09926118673,0.02160864346,0.0001095890411,0.06041674821,uncertain,0,2.5,-1,0,0,0,0
2022-11-09,-0.1414992967,0,-0.2316862014,-0.1035988562,-0.1901670438,0,-0.00039555,0,0,0,0.1414992967,-0.002937720329,0.0001095890411,-0.04587628389,bear,0,2.5,-1,0,0,0,0
2022-11-10,0.1054047621,0,0,0,0,0,-0.00254958,0,0,0,-0.1054047621,0.02946375958,0.0001095890411,-0.1677337343,bear,0,2.5,-1,0,0,0,0
2022-11-11,-0.03015939299,0,0,0.01254701795,0.03438030215,0.03015939299,-0.00132531,0,0,0,0.03015939299,0.01831711505,0.0001095890411,-0.07653987408,bear,1,1,-1,-1,0,0,0
2022-11-12,-0.01512743471,0,0,0,0,0.01512743471,0,0,0,0,0.01512743471,-0.02529510961,0.0001095890411,-0.1088573378,bear,1,1,-1,-1,0,0,0
2022-11-13,-0.02868354183,0,0,0,0,0.02868354183,0,0,0,0,0.02868354183,0.004036908881,0.0001095890411,-0.132285564,bear,1,1,-1,-1,0,0,0
2022-11-14,0.01773500675,0.0438379528,0,0,0,-0.01773500675,0,0,0,0,-0.01773500675,0.003446295233,0.0001095890411,-0.1484638052,bear,1,1,-1,-1,0,0,0
2022-11-15,0.01691450865,0,0,0,0,-0.01691450865,0,0,0,0,-0.01691450865,0.01545506583,0.0001095890411,-0.1284744819,bear,1,1,-1,-1,0,0,0
2022-11-16,-0.01407112304,0,0,0,0,0.01407112304,0,0,0,0,0.01407112304,-0.004509582864,0.0001095890411,-0.1226399031,bear,1,1,-1,-1,0,0,0
2022-11-17,0.001788419205,0,0,0,0,-0.001788419205,0,0,0,0,-0.001788419205,-0.005096262741,0.0001095890411,-0.1476788069,uncertain,1,1,-1,-1,0,0,0
2022-11-18,0.0004726656666,0,0,0,0,-0.0004726656666,0,0,0,0,-0.0004726656666,-0.009106431417,0.0001095890411,-0.1363284532,uncertain,1,1,-1,-1,0,0,0
2022-11-19,1.377208399e-05,0,0,0,0,-1.377208399e-05,0,0,0,0,-1.377208399e-05,0.003446295233,0.0001095890411,-0.126726825,uncertain,1,1,-1,-1,0,0,0
2022-11-20,-0.02517562159,0,0,0,0,0.02517562159,0,0,0,0,0.02517562159,0.001144819691,0.0001095890411,-0.1229518872,uncertain,1,1,-1,-1,0,0,0
2022-11-21,-0.03064698717,0,0,0,0,0.03064698717,0,0,0,0,0.03064698717,-0.007432818754,0.0001095890411,-0.1504949028,uncertain,1,1,-1,-1,0,0,0
2022-11-22,0.02823913634,0,0,0,0,-0.02823913634,0,0,0,0,-0.02823913634,0.0005760368664,0.0001095890411,-0.1782439916,uncertain,1,1,-1,-1,0,0,0
2022-11-23,0.02318181986,0,0,0,0,-0.02318181986,0,0,0,0,-0.02318181986,0.004029936672,0.0001095890411,-0.1708427012,uncertain,1,1,-1,-1,0,0,0
2022-11-24,-0.0002505554682,0,0,0,0,0.0002505554682,-0.00086296,0,0,0,0.0002505554682,0.001720183486,0.0001095890411,-0.141057915,uncertain,1,1,-1,-1,0,0,0
2022-11-25,-0.004627401131,0,0,0,0,0.004627401131,3.848e-05,0,0,0,0.004627401131,0.001144819691,0.0001095890411,-0.1733619455,bear,1,1,-1,-1,0,0,0
2022-11-26,-0.003847564541,0,0,0,0,0.003847564541,4.927e-05,0,0,0,0.003847564541,-0.0005717552887,0.0001095890411,-0.2045799094,bear,1,1,-1,-1,0,0,0
2022-11-27,-0.001809999289,0,0,0,0,0.001809999289,1.781e-05,0,0,0,0.001809999289,-0.0005720823799,0.0001095890411,-0.1890376549,bear,1,1,-1,-1,0,0,0
2022-11-28,-0.01313974623,0,0,0,0,0.01313974623,2.86e-05,0,0,0,0.01313974623,-0.004006868918,0.0001095890411,-0.2021703743,bear,1,1,-1,-1,0,0,0
2022-11-29,0.01416278756,0,0,0,0,-0.01416278756,8.546e-05,0,0,0,-0.01416278756,0.0005747126437,0.0001095890411,-0.2208953818,bear,1,1,-1,-1,0,0,0
2022-11-30,0.0438563895,0,0,0,0,-0.0438563895,0.00016953,0,0,0,-0.0438563895,0.01263641585,0.0001095890411,-0.2028822716,bear,1,1,-1,-1,0,0,0
2022-12-01,-0.01085259304,0,0,0,0,0.01085259304,6.028e-05,0,0,0,0.01085259304,0.01588201929,0.0001095890411,-0.1623709051,bear,1,1,-1,-1,0,0,0
2022-12-02,0.00679551662,0,0,-0.002260263708,0.002565456204,-0.00679551662,7.275e-05,0,0,0,-0.00679551662,-0.002233389168,0.0001095890411,-0.1711733571,bear,1,1,-1,-1,0,0,0
2022-12-03,-0.01214199713,0,0,0,0,0.01214199713,0.00018425,0,0,0,0.01214199713,0,0.0001095890411,-0.1518025153,bear,1,1,-1,-1,0,0,0
2022-12-04,0.01305877336,0,0,0,0,-0.01305877336,0.00017192,0,0,0,-0.01305877336,0.00223838836,0.0001095890411,-0.1644224859,bear,1,1,-1,-1,0,0,0
2022-12-05,-0.008146407338,-0.01795923224,0,0,0,0.008146407338,4.39e-06,0,0,0,0.008146407338,-0.01060859855,0.0001095890411,-0.1911632587,bear,1,1,-1,-1,0,0,0
2022-12-06,0.007226657472,0,0,0,0,-0.007226657472,8.629e-05,0,0,0,-0.007226657472,0.001128668172,0.0001095890411,-0.2034341861,bear,1,1,-1,-1,0,0,0
2022-12-07,-0.0147650881,0,-0.01589861773,-0.01147296334,-0.02489417562,0.0147650881,7.053e-05,0,0,0,0.0147650881,0.007891770011,0.0001095890411,-0.182564655,bear,1,1,-1,-1,0,0,0
2022-12-08,0.02301290519,0,0,0,0,-0.02301290519,3.502e-05,0,0,0,-0.02301290519,0,0.0001095890411,-0.1823353065,bear,1,1,-1,-1,0,0,0
2022-12-09,-0.005546879082,0,0,-0.01130115779,-0.0211374779,0.005546879082,8.383e-05,0,0,0,0.005546879082,0.003355704698,0.0001095890411,-0.07133841549,bear,0,2.5,-1,-1,0,0,0
2022-12-10,-6.246876562e-05,0,0,0,0,6.246876562e-05,-6.45e-06,0,0,0,6.246876562e-05,-0.001672240803,0.0001095890411,0.07572469935,uncertain,0,2.5,-1,-1,0,0,0
2022-12-11,-0.002477887887,0,0,0,0,0.002477887887,2.494e-05,0,0,0,0.002477887887,0.00279173646,0.0001095890411,-0.02691074163,bear,0,2.5,-1,-1,0,0,0
2022-12-12,0.007303461213,0.005835355548,0,0,0,-0.007303461213,3.374e-05,0,0,0,-0.007303461213,-0.01002227171,0.0001095890411,0.0008634875406,uncertain,0,2.5,-1,-1,0,0,0
2022-12-13,0.03282252062,0,0,0,0,-0.03282252062,0.00014974,0,0,0,-0.03282252062,0.01743532058,0.0001095890411,0.02365858359,uncertain,0,2.5,-1,-1,0,0,0
2022-12-14,0.001600589602,0,-0.02059505587,0.01216244472,0.01151769613,-0.001600589602,0.0003,0,0,0,-0.001600589602,-0.003869541183,0.0001095890411,0.0884790736,uncertain,0,2.5,-1,-1,0,0,0
2022-12-15,-0.02509724403,0,0,0,0,0.02509724403,0.0002518,0,0,0,0.02509724403,-0.005549389567,0.0001095890411,0.0712231324,uncertain,0,2.5,-1,-1,0,0,0
2022-12-16,-0.04172653912,0,0,0,0,0.04172653912,8.561e-05,0,0,0,0.04172653912,0.005022321429,0.0001095890411,0.02696772949,uncertain,0,2.5,-1,-1,0,0,0
2022-12-17,0.008681996041,0,0,0,0,-0.008681996041,0.0001953,0,0,0,-0.008681996041,0.000555247085,0.0001095890411,-0.001838831022,uncertain,0,2.5,-1,-1,0,0,0
2022-12-18,-0.002283548674,0,0,0,0,0.002283548674,0.00012455,0,0,0,0.002283548674,-0.00166481687,0.0001095890411,0.005029785725,uncertain,0,2.5,-1,-1,0,0,0
2022-12-19,-0.01788303528,0,0,0,0,0.01788303528,0.00014457,0,0,0,0.01788303528,-0.0005558643691,0.0001095890411,0.002261016919,uncertain,0,2.5,-1,-1,0,0,0
2022-12-20,0.0277804814,0,0,0,0,-0.0277804814,9e-05,0,0,0,-0.0277804814,0.008342602892,0.0001095890411,-0.0156760084,uncertain,0,2.5,-1,-1,0,0,0
2022-12-21,-0.004195776879,0,0,0,0,0.003195776879,0.00019102,0,0,0,0.004195776879,0.00110314396,0.0001095890411,0.03779614907,uncertain,0,2.5,-1,-1,0,0,0
2022-12-22,-0.0001925743566,0,0,0,0,0,0.00018283,0,0,0,0.0001925743566,-0.01101928375,0.0001095890411,0.06611500074,uncertain,0,2.5,-1,0,0,0,0
2022-12-23,-0.002552101694,0,0,0,0,0,0.00028903,0,0,0,0.002552101694,0.006128133705,0.0001095890411,0.03663598929,uncertain,0,2.5,-1,0,0,0,0
2022-12-24,0.003434156808,0,0,0,0,0,0.0002097,0,0,0,-0.003434156808,-0.002214839424,0.0001095890411,0.01056368355,uncertain,0,2.5,-1,0,0,0,0
2022-12-25,-0.0002381783926,0,0,0,0,0,5.436e-05,0,0,0,0.0002381783926,-0.001109877913,0.0001095890411,0.01428825317,uncertain,0,2.5,-1,0,0,0,0
2022-12-26,0.00518532733,0,0,0,0,0,1.126e-05,0,0,0,-0.00518532733,0,0.0001095890411,0.01876088691,uncertain,0,2.5,-1,0,0,0,0
2022-12-27,-0.01259087946,0,0,0,0,0,0.00011708,0,0,0,0.01259087946,0.008333333333,0.0001095890411,0.02799878726,uncertain,0,2.5,-1,0,0,0,0
2022-12-28,-0.009520326391,0,0,0,0,0,0.00016127,0,0,0,0.009520326391,-0.003305785124,0.0001095890411,0.01689595941,uncertain,0,2.5,-1,0,0,0,0
2022-12-29,0.005206888612,0,0,0,0,0,0.00028517,0,0,0,-0.005206888612,0.003316749585,0.0001095890411,0.02062553854,uncertain,0,2.5,-1,0,0,0,0
2022-12-30,-0.001562512212,0,0,0,0,0,0.00027132,0,0,0,0.001562512212,0.003856749311,0.0001095890411,0.01161256814,uncertain,0,2.5,-1,0,0,0,0
2022-12-31,-0.003918716145,0,0,0,0,0,0.0003,0,0,0,0.003918716145,0,0.0001095890411,-0.03240338297,bear,0,2.5,-1,0,0,0,0
2023-01-01,0.004494511075,0,0,0,0,0,0.00020691,0,0,0,-0.004494511075,0.001097694841,0.0001095890411,-0.0256205761,bear,0,2.5,-1,0,0,0,0
2023-01-02,0.003377315059,0.006437666916,0,0,0,0,-3.174e-05,0,0,0,-0.003377315059,-0.000548245614,0.0001095890411,-0.02784749549,bear,0,2.5,-1,0,0,0,0
2023-01-03,0.0001385484323,0,0,0,0,0,0.00022299,0,0,0,-0.0001385484323,0.009873834339,0.0001095890411,-0.01257491768,bear,0,2.5,-1,0,0,0,0
2023-01-04,0.01050543382,0,0.08901483865,-0.00876422724,0.002246498045,0,0.00014808,0,0,0,-0.01050543382,0.00597501358,0.0001095890411,-0.02516821878,bear,0,2.5,-1,0,0,0,0
2023-01-05,-0.001098492851,0,0,0,0,0,0.00017117,0,-0.000770994068,0,0.001098492851,-0.009179265659,0.0001095890411,-0.006836473372,bear,0,2.5,-1,0,0,1,0
2023-01-06,0.007058047689,0,0,-0.01256720801,-0.00492904733,0,0.00020836,0,-0.001721289082,0,-0.007058047689,0.009809264305,0.0001095890411,-0.01504538603,bear,0,2.5,-1,0,0,1,0
2023-01-07,-0.0004176830977,0,0,0,0,0,0.00013179,0,-0.002143580836,0,0.0004176830977,0.003777657852,0.0001095890411,0.006771541115,uncertain,0,2.5,-1,0,0,1,0
2023-01-08,0.01087492187,0,0,0,0,0,0.00023109,0,-0.001483716177,0,-0.01087492187,-0.001075268817,0.0001095890411,-0.01628706289,bear,0,2.5,-1,0,0,1,0
2023-01-09,0.002944330951,0.01819153767,0,0,0,0,6.035e-05,0,-0.000533421163,0,-0.002944330951,0.00215285253,0.0001095890411,-4.261887748e-05,uncertain,0,2.5,-1,0,0,1,0
2023-01-10,0.015275121,0,0,0,0,0,0.00015231,0,-0.000111129409,0,-0.015275121,0.001611170784,0.0001095890411,0.002964240528,uncertain,0,2.5,-1,0,0,1,0
2023-01-11,0.02881771676,0,0.002651737988,-0.004139006979,0.0003820140939,0,5.027e-05,0,0,0,-0.02881771676,0.004289544236,0.0001095890411,0.02081410356,uncertain,0,2.5,-1,0,0,0,0
2023-01-12,0.05034536645,0,0,0,0,0,0.00027549,0,0.0007075642713,0,-0.05034536645,0.005872931127,0.0001095890411,0.042616923,uncertain,0,2.5,-1,0,0,1,0
2023-01-13,0.05748457814,0,0,-0.006601448663,-0.02185954064,0,0.0002716,0,0.0007991314123,0,-0.05748457814,0.006369426752,0.0001095890411,0.06030594047,uncertain,0,2.5,-1,0,0,1,0
2023-01-14,0.05142546341,0,0,0,0,0.05142546341,0.00064593,0,0.0007991314123,0,-0.05142546341,-0.003691983122,0.0001095890411,0.1194653755,uncertain,0,2.5,-1,1,0,1,0
2023-01-15,-0.003980926675,0,0,0,0,-0.003980926675,0.00046038,0,9.156714099e-05,0,0.003980926675,0.006352567496,0.0001095890411,0.207335187,uncertain,0,2.5,-1,1,0,1,0
2023-01-16,0.01505162542,0,0,0,0,0.01505162542,0.0003,0,0,0,-0.01505162542,-0.007364544976,0.0001095890411,0.2548911384,uncertain,0,2.5,-1,1,0,0,0
2023-01-17,-0.002399737558,0,0,0,0,-0.002399737558,0.0003,0,0,0,0.002399737558,0.001059883413,0.0001095890411,0.2628155303,uncertain,0,2.5,-1,1,0,0,0
2023-01-18,-0.02163918199,0,0,0,0,-0.02163918199,0.0003,0,0,0,0.02163918199,-0.0005293806247,0.0001095890411,0.2626684693,uncertain,0,2.5,-1,1,0,0,0
2023-01-19,0.01906035893,0,0,0,0,0.01906035893,0.0003,0,0,0,-0.01906035893,0.01536016949,0.0001095890411,0.2578393419,uncertain,0,2.5,-1,1,0,0,0
2023-01-20,0.07572375886,0,0,0,0,0.07572375886,0.0003,0,0,0,-0.07572375886,-0.005738132499,0.0001095890411,0.2471673031,uncertain,0,2.5,-1,1,0,0,0
2023-01-21,0.005132524029,0,0,0,0,0.005132524029,0.0003,0,0,0,-0.005132524029,-0.0005246589717,0.0001095890411,0.3472603029,uncertain,0,2.5,-1,1,0,0,0
2023-01-22,-0.003321255906,0,0,0,0,-0.003321255906,0.0003,0,0,0,0.003321255906,0.001049868766,0.0001095890411,0.3544359784,uncertain,0,2.5,-1,1,0,0,0
2023-01-23,0.009184917306,0,0,0,0,0.009184917306,0.0003,0,0,0,-0.009184917306,0.001048767698,0.0001095890411,0.3533915427,uncertain,0,2.5,-1,1,0,0,0
2023-01-24,-0.01237364426,0,0,0,0,-0.01237364426,0.0003,0,0,0,0.01237364426,-0.001047668937,0.0001095890411,0.3611479367,uncertain,0,2.5,-1,1,0,0,0
2023-01-25,0.01891274159,0,0,0,0,0.01891274159,0.0003,0,0,0,-0.01891274159,0.006816990037,0.0001095890411,0.3446258372,uncertain,0,2.5,-1,1,0,0,0
2023-01-26,-0.002224107083,0,0,0,0,-0.002224107083,0.0003,0,0,0,0.002224107083,-0.0005208333333,0.0001095890411,0.3629888548,uncertain,0,2.5,-1,1,0,0,0
2023-01-27,0.002803606313,0,0,0,0,0.002803606313,0.00029541,0,0,0,-0.002803606313,-0.002084418968,0.0001095890411,0.3772988251,uncertain,0,2.5,-1,1,0,0,0
2023-01-28,-0.002234534215,0,0,0,0,-0.002234534215,0.0003,0,0,0,0.002234534215,0,0.0001095890411,0.3944357119,uncertain,0,2.5,-1,1,0,0,0
2023-01-29,0.03126058742,0,0,0,0,0.03126058742,0.0003,0,0,0,0.02976058742,-0.0005221932115,0.0001095890411,0.384112876,uncertain,0,2.5,1,1,0,0,0
2023-01-30,-0.03858724723,0,0,0,0,-0.03858724723,0.0003,0,0,0,-0.03858724723,-0.009404388715,0.0001095890411,0.4296148482,uncertain,0,2.5,1,1,0,0,0
2023-01-31,0.01309813525,0,0,0,0,0.01309813525,0.0003,0,0,0,0.01309813525,0.001054852321,0.0001095890411,0.3798572154,uncertain,0,2.5,1,1,0,0,0
2023-02-01,0.02627141988,0,0.0277555029,-0.008515416972,-0.008798528985,0.02627141988,0.0003,0,0,0,0.02627141988,0.009483667018,0.0001095890411,0.3916758692,uncertain,0,2.5,1,1,0,0,0
2023-02-02,-0.01026939247,0,0,0,0,-0.01026939247,0.0003,0,0,0,-0.01026939247,-0.005219206681,0.0001095890411,0.4234297994,uncertain,0,2.5,1,1,0,0,0
2023-02-03,-0.00242837693,0,0,-0.02367315007,-0.01146844572,-0.00242837693,0.0003,0,0,0,-0.00242837693,-0.01941238195,0.0001095890411,0.4086168785,uncertain,0,2.5,1,1,0,0,0
2023-02-04,-0.004483631289,0,0,0,0,-0.004483631289,0.0003,0,0,0,-0.004483631289,-0.005350454789,0.0001095890411,0.3905875008,uncertain,0,2.5,1,1,0,0,0
2023-02-05,-0.01688741381,0,0,0,0,-0.01688741381,0.0003,0,0,0,-0.01688741381,-0.00107584723,0.0001095890411,0.3858749929,uncertain,0,2.5,1,1,0,0,0
2023-02-06,-0.007429933663,0.02490233267,0,0,0,-0.007429933663,0.0003,0,0,0,-0.007429933663,0.005923532579,0.0001095890411,0.3529221593,uncertain,0,2.5,1,1,0,0,0
2023-02-07,0.02099679649,0,0,0,0,0.02099679649,0.0003,0,0,0,0.02099679649,-0.00374732334,0.0001095890411,0.3434311659,uncertain,0,2.5,1,1,0,0,0
2023-02-08,-0.01193866214,0,-0.01680589432,-0.01884975773,-0.01316420727,-0.01193866214,0.0003,0,0,0,-0.01193866214,-0.0005373455132,0.0001095890411,0.356882921,uncertain,0,2.5,1,1,0,0,0
2023-02-09,-0.05080564386,0,0,0,0,-0.05080564386,0.0003,0,0,0,-0.05080564386,-0.008064516129,0.0001095890411,0.3367477265,uncertain,0,2.5,1,1,0,0,0
2023-02-10,-0.007852690932,0,0,-0.01036150512,-0.01285428128,-0.007852690932,0.0003,0,0,0,-0.007852690932,-0.0108401084,0.0001095890411,0.2497434157,uncertain,0,2.5,1,1,0,0,0
2023-02-11,0.01097608853,0,0,0,0,0.01097608853,0.00018497,0,0,0,0.01097608853,0.003287671233,0.0001095890411,0.2051984979,uncertain,0,2.5,1,1,0,0,0
2023-02-12,-0.003613942564,0,0,0,0,-0.003613942564,0.00017613,0,0,0,-0.003613942564,-0.00218459858,0.0001095890411,0.1600249806,uncertain,0,2.5,1,1,0,0,0
2023-02-13,-0.0004393225344,-0.04664044769,0,0,0,-0.0004393225344,0.00018397,0,0,0,-0.0004393225344,-0.01039956212,0.0001095890411,0.09300196036,uncertain,0,2.5,1,1,0,0,0
2023-02-14,0.01955867488,0,0,0,0,0.01955867488,0.00028887,0,0,0,0.01955867488,0.01438053097,0.0001095890411,0.03908628618,uncertain,0,2.5,1,1,0,0,0
2023-02-15,0.09568582476,0,0,0,0,0.09568582476,0.00014078,0,0,0,0.09568582476,-0.004362050164,0.0001095890411,0.0636437247,uncertain,0,2.5,1,1,0,0,0
2023-02-16,-0.03314949607,0,0,0,0,-0.03314949607,0.00043171,0,0,0,-0.03314949607,-0.00273822563,0.0001095890411,0.1481380085,uncertain,0,2.5,1,1,0,0,0
2023-02-17,0.04474285773,0,0,0,0,0.04474285773,0.0003,0,0,0,0.04474285773,-0.003294892916,0.0001095890411,0.1127481155,uncertain,0,2.5,1,1,0,0,0
2023-02-18,0.002522591603,0,0,0,0,0.002522591603,0.0003,0,0,0,0.002522591603,0.004407713499,0.0001095890411,0.1882483689,uncertain,0,2.5,1,1,0,0,0
2023-02-19,-0.01462287801,0,0,0,0,-0.01462287801,0.0003,0,0,0,-0.01462287801,-0.0005485463522,0.0001095890411,0.1689649428,uncertain,0,2.5,1,1,0,0,0
2023-02-20,0.02350220998,0,0,0,0,0.02350220998,0.0003,0,0,0,0.02350220998,-0.003293084523,0.0001095890411,0.07078727378,uncertain,0,2.5,1,1,0,0,0
2023-02-21,-0.01570070284,0,0,0,0,-0.01570070284,0.0003,0,0,0,-0.01570070284,-0.002202643172,0.0001095890411,0.09035685835,uncertain,0,2.5,1,1,0,0,0
2023-02-22,-0.01103992449,0,0,0,0,-0.01103992449,0.0003,0,0,0,-0.01103992449,-0.0005518763797,0.0001095890411,0.07681386373,uncertain,0,2.5,1,1,0,0,0
2023-02-23,-0.01000777017,0,0,0,0,-0.01000777017,0.00017137,0,0,0,-0.01000777017,0.001656543346,0.0001095890411,0.05523368585,uncertain,0,2.5,1,1,0,0,0
2023-02-24,-0.03153315344,0,0,0,0,-0.03153315344,0.00015367,0,0,0,-0.03153315344,-0.007717750827,0.0001095890411,0.05776151433,uncertain,0,2.5,1,1,0,0,0
2023-02-25,-0.001217151047,0,0,0,0,-0.001217151047,1.745e-05,0,0,0,-0.001217151047,-0.003888888889,0.0001095890411,0.005392234662,uncertain,0,2.5,1,1,0,0,0
2023-02-26,0.01717747539,0,0,0,0,0.01717747539,0.00016713,0,0,0,0.01717747539,0.001673173452,0.0001095890411,0.006406877115,uncertain,0,2.5,1,1,0,0,0
2023-02-27,-0.00266441943,0,0,0,0,-0.00266441943,0.00016166,0,0,0,-0.00266441943,0.005011135857,0.0001095890411,0.02083239433,uncertain,0,2.5,1,1,0,0,0
2023-02-28,-0.01492076695,0,0,0,0,-0.01492076695,0.00011349,0,0,0,-0.01492076695,0.002216066482,0.0001095890411,0.02039257078,uncertain,0,2.5,1,1,0,0,0
2023-03-01,0.02106166522,0,0.006661483959,0.02273228712,0.01611706462,0.02106166522,0.00020185,0,0,0,0.02106166522,0.007739082366,0.0001095890411,-0.02530209794,uncertain,0,2.5,1,1,0,0,0
2023-03-02,-0.006925820296,0,0,0,0,-0.006925820296,0.0002571,0,0,0,-0.006925820296,0.002742731761,0.0001095890411,0.03517106477,uncertain,0,2.5,1,1,0,0,0
2023-03-03,-0.04734561472,0,0,0.005559045063,0.00883440173,-0.04734561472,5.571e-05,0.0004548469369,0,0,-0.04734561472,0.007658643326,0.0001095890411,0.01471083622,uncertain,0,2.5,1,1,-1,0,0
2023-03-04,-0.0003475835117,0,0,0,0,-0.0003475835117,6.446e-05,0.0007158246875,0,0,-0.0003475835117,0.004885993485,0.0001095890411,-0.05807692859,bear,0,2.5,1,1,-1,0,0
2023-03-05,0.003744198774,0,0,0,0,0.003744198774,6.124e-05,0.0007158246875,0,0,0.003744198774,-0.002701242572,0.0001095890411,-0.04863437856,bear,0,2.5,1,1,-1,0,0
2023-03-06,-0.0009023532517,0.008705197053,0,0,0,-0.0009023532517,0.00014928,0.0002609777507,0,0,-0.0009023532517,-0.00758396533,0.0001095890411,-0.04274770719,uncertain,0,2.5,1,1,-1,0,0
2023-03-07,-0.00946184739,0,0,0,0,-0.00946184739,8.179e-05,0,0,0,-0.00946184739,-0.01473799127,0.0001095890411,-0.03930408062,uncertain,0,2.5,1,1,0,0,0
2023-03-08,-0.02218762445,0,-0.001397073991,-0.02218582581,-0.02091997798,-0.02218762445,0.00016733,0,0,0,-0.02218762445,0.0005540166205,0.0001095890411,-0.03204782995,bear,0,2.5,1,1,0,0,0
2023-03-09,-0.06188402539,0,0,0,0,-0.02872007087,0.0003,0,0,0,-0.06188402539,0.002214839424,0.0001095890411,-0.04643949791,bear,0,2.5,1,1,0,0,0
2023-03-10,-0.01038835648,0,0,0.0128131279,-0.006747160585,0,-0.00010016,0,0,0,-0.01038835648,0.02762430939,0.0001095890411,-0.1238460857,bear,0,2.5,1,0,0,0,0
2023-03-11,0.01513794317,0,0,0,0,0,-2.273e-05,0,0,0,0.01513794317,0.01559139785,0.0001095890411,-0.122471367,bear,0,2.5,1,0,0,0,0
2023-03-12,0.07535199184,0,0,0,0,0,5.396e-05,0,0,0,0.07535199184,0.006881948121,0.0001095890411,-0.0615066284,bear,0,2.5,1,0,0,0,0
2023-03-13,0.09621127503,0.1873449672,0,0,0,0,0.00026011,0,0,0,0.09621127503,0.009989484753,0.0001095890411,0.01719846161,uncertain,0,2.5,1,0,0,0,0
2023-03-14,0.02309621009,0,0,0,0,0,0.00054853,0,0,0,0.02309621009,-0.008328995315,0.0001095890411,0.1029582551,uncertain,0,2.5,1,0,0,0,0
2023-03-15,-0.01559560623,0,0,0,0,0,0.00056253,0,0,0,-0.01559560623,0.009973753281,0.0001095890411,0.132525292,uncertain,0,2.5,1,0,0,0,0
2023-03-16,0.02936383034,0,0,0,0,0,0.0003,0,0,0,0.02936383034,-0.008316008316,0.0001095890411,0.1153528732,uncertain,0,2.5,1,0,0,0,0
2023-03-17,0.0958586779,0,0,0,0,0,0.00023311,0,0,0,0.0958586779,0.02725366876,0.0001095890411,0.1260792871,uncertain,0,2.5,1,0,0,0,0
2023-03-18,-0.01780024406,0,0,0,0,0,0.0003,-0.003951148636,0,0,-0.01780024406,0.001020408163,0.0001095890411,0.126256935,uncertain,0,2.5,1,0,1,0,0
2023-03-19,0.03959417991,0,0,0,0,0,0.0003,-0.00758620538,0,0,0.03959417991,0.003567787971,0.0001095890411,0.1441368466,uncertain,0,2.5,1,0,1,0,0
2023-03-20,-0.009146719661,0,0,0,0,0,0.00029081,-0.00758620538,0,0,-0.009146719661,0.006094464195,0.0001095890411,0.1384983376,uncertain,0,2.5,1,0,1,0,0
2023-03-21,0.01401522026,0,0,0,0,0,9.664e-05,-0.003635056745,0,0,0.01401522026,-0.01817264008,0.0001095890411,0.1252462757,uncertain,0,2.5,1,0,1,0,0
2023-03-22,-0.0304033343,0,0,0,0,0,5.608e-05,0,0,0,-0.0304033343,0.01491002571,0.0001095890411,0.1579494029,uncertain,0,2.5,1,0,0,0,0
2023-03-23,0.0383267091,0,0,0,0,0,9.158e-05,0,0,0,0.0383267091,0.00861195542,0.0001095890411,0.09696282938,uncertain,0,2.5,1,0,0,0,0
2023-03-24,-0.02972001466,0,0,0,0,0,0.0003,0,0,0,-0.02972001466,-0.002511300854,0.0001095890411,0.1571742537,uncertain,0,2.5,1,0,0,0,0
2023-03-25,0.0003088750211,0,0,0,0,0,4.07e-06,0,0,0,0.0003088750211,0.006042296073,0.0001095890411,0.13531683,uncertain,0,2.5,1,0,0,0,0
2023-03-26,0.01839205184,0,0,0,0,0,3.69e-06,0,0,0,0.01839205184,-0.004504504505,0.0001095890411,0.1471478935,uncertain,0,2.5,1,0,0,0,0
2023-03-27,-0.03014654222,0,0,0,0,0,4.918e-05,0,0,0,-0.03014654222,-0.004524886878,0.0001095890411,0.2062842432,uncertain,0,2.5,1,0,0,0,0
2023-03-28,0.005019740158,0,0,0,0,0,7.226e-05,0,0,0,0.005019740158,0.002525252525,0.0001095890411,0.1713446477,uncertain,0,2.5,1,0,0,0,0
2023-03-29,0.03989315166,0,0,0,0,0,0.00023173,0,0,0,0.03989315166,-0.001511335013,0.0001095890411,0.1573442412,uncertain,0,2.5,1,0,0,0,0
2023-03-30,-0.01129050465,0,0,0,0,0,0.00013748,0,0,0,-0.01129050465,0.0005045408678,0.0001095890411,0.2067295843,uncertain,0,2.5,1,0,0,0,0
2023-03-31,0.01558519123,0,0,0,0,0,0.00013646,0,0,0,0.01558519123,-0.003530005043,0.0001095890411,0.2111766833,uncertain,0,2.5,1,0,0,0,0
2023-04-01,-0.0004436971814,0,0,0,0,0,0.0002884,0,0,0,-0.0004436971814,0,0.0001095890411,0.2046805256,uncertain,0,2.5,1,0,0,0,0
2023-04-02,-0.009871109029,0,0,0,0,0,0.00015934,0,0,0,-0.009871109029,-0.002024291498,0.0001095890411,0.2125438733,uncertain,0,2.5,1,0,0,0,0
2023-04-03,-0.01320004671,0.02396990316,0,0,0,0,6.207e-05,0,0,0,-0.01320004671,0.006592292089,0.0001095890411,0.2602416354,uncertain,0,2.5,1,0,0,0,0
2023-04-04,0.01314640288,0,0,0,0,0,-8.642e-05,0,0,0,0.01314640288,0.01964735516,0.0001095890411,0.2440387943,uncertain,0,2.5,1,0,0,0,0
2023-04-05,0.0001611902802,0,0.05010463262,-0.01602372348,-0.003044069662,0,0.00016542,0,0,0,0.0001611902802,0.002964426877,0.0001095890411,0.2556918695,uncertain,0,2.5,1,0,0,0,0
2023-04-06,-0.004834574074,0,0,0,0,0,2.065e-05,0,0,0,-0.004834574074,-0.006896551724,0.0001095890411,0.2570285587,uncertain,0,2.5,1,0,0,0,0
2023-04-07,-0.004547721288,0,0,-0.01638701618,-0.03360245613,0,5.86e-06,0,0,0,-0.004547721288,0.001984126984,0.0001095890411,0.262900735,uncertain,0,2.5,1,0,0,0,0
2023-04-08,0.001148484949,0,0,0,0,0,3.926e-05,0,0,0,0.001148484949,-0.0009900990099,0.0001095890411,0.2856836811,uncertain,0,2.5,1,0,0,0,0
2023-04-09,0.01379392792,0,0,0,0,0,-8.07e-06,0,0,0,0.01379392792,0.0004955401388,0.0001095890411,0.3720694502,uncertain,0,2.5,1,0,0,0,0
2023-04-10,0.04637731714,0.07384661921,0,0,0,0,0.00026167,0,0,0,0.04637731714,-0.007429420505,0.0001095890411,0.4055975254,uncertain,0,2.5,1,0,0,0,0
2023-04-11,0.01899900598,0,0,0,0,0,0.0003,0,0,0,0.01899900598,0.008483033932,0.0001095890411,0.4488527176,uncertain,0,2.5,1,0,0,0,0
2023-04-12,-0.01034257139,0,0.005660404502,0.00725275917,0.02785598675,0,0.00019524,0,0,0,-0.01034257139,0.001979218209,0.0001095890411,0.3729267163,uncertain,0,2.5,1,0,0,0,0
2023-04-13,0.01625297318,0,0,0,0,0,0.00021092,0,0,0,0.01625297318,0.008888888889,0.0001095890411,0.2394755962,uncertain,0,2.5,1,0,0,0,0
2023-04-14,0.003064808401,0,0,-0.001252515405,-0.00847972973,0,0.00013307,0,0,0,0.003064808401,-0.01370533529,0.0001095890411,0.2311850512,uncertain,0,2.5,1,0,0,0,0
2023-04-15,-0.005640213832,0,0,0,0,0,0.0001348,0,0,0,-0.005640213832,0.0004962779156,0.0001095890411,0.2545234513,uncertain,0,2.5,1,0,0,0,0
2023-04-16,0.0003155626869,0,0,0,0,0,0.00027144,0,0,0,0.0003155626869,0.0009920634921,0.0001095890411,0.2118627389,uncertain,0,2.5,1,0,0,0,0
2023-04-17,-0.02885299781,0,0,0,0,0,0.00027376,0,0,0,-0.02885299781,-0.002973240833,0.0001095890411,0.106205738,uncertain,0,2.5,1,0,0,0,0
2023-04-18,0.03227085582,0,0,0,0,0,0.00010945,0,0,0,0.03227085582,0,0.0001095890411,0.0937575374,uncertain,0,2.5,1,0,0,0,0
2023-04-19,-0.05210366949,0,0,0,0,0,0.0001615,0,0,0,-0.05210366949,-0.004473161034,0.0001095890411,0.0860526646,uncertain,0,2.5,1,0,0,0,0
2023-04-20,-0.01921894913,0,0,0,0,0,0.00018145,0,0,0,-0.01921894913,0.001997004493,0.0001095890411,0.03896848903,uncertain,0,2.5,1,0,0,0,0
2023-04-21,-0.03472674389,0,0,0,0,0,0.00026297,0,0,0,-0.03472674389,-0.01145989038,0.0001095890411,0.004916480671,uncertain,0,2.5,1,0,0,0,0
2023-04-22,0.02032106706,0,0,0,0,0,0.00018948,0,0,0,0.02032106706,-0.0005040322581,0.0001095890411,0.0004355808252,uncertain,0,2.5,1,0,0,0,0
2023-04-23,-0.008133559335,0,0,0,0,0,7.513e-05,0,0,0,-0.008133559335,0.002017145739,0.0001095890411,-0.01691299048,uncertain,0,2.5,1,0,0,0,0
2023-04-24,-0.002887577653,0,0,0,0,0,0.00011003,0,0,0,-0.002887577653,0.004529441369,0.0001095890411,0.004958391111,uncertain,0,2.5,1,0,0,0,0
2023-04-25,0.02871077059,0,0,0,0,0,0.00020213,0,0,0,0.02871077059,0.003507014028,0.0001095890411,0.001747081067,uncertain,0,2.5,1,0,0,0,0
2023-04-26,0.004045823456,0,0,0,0,0,0.00016032,0,0,0,0.004045823456,-0.00748876685,0.0001095890411,0.01189714692,uncertain,0,2.5,1,0,0,0,0
2023-04-27,0.03721517535,0,0,0,0,0,0.00011552,0,0,0,0.03721517535,-0.001006036217,0.0001095890411,0.04757177075,uncertain,0,2.5,1,0,0,0,0
2023-04-28,-0.005465044514,0,0,0,0,0,0.00024476,0,0,0,-0.005465044514,0.0005035246727,0.0001095890411,0.08113034448,uncertain,0,2.5,1,0,0,0,0
2023-04-29,-0.002771930662,0,0,0,0,0,0.00014614,0,0,0,-0.002771930662,0.005535983895,0.0001095890411,0.03397345901,uncertain,0,2.5,1,0,0,0,0
2023-04-30,9.442208382e-05,0,0,0,0,0,0.00012711,0,0,0,9.442208382e-05,0.0005005005005,0.0001095890411,0.04288202057,uncertain,0,2.5,1,0,0,0,0
2023-05-01,-0.03985022514,-0.02178313336,0,0,0,0,-3.369e-05,0,0,0,-0.03985022514,-0.0020010005,0.0001095890411,0.02697489159,uncertain,0,2.5,1,0,0,0,0
2023-05-02,0.02143346257,0,0,0,0,0,8.307e-05,0,0,0,0.02143346257,0.009523809524,0.0001095890411,-0.01351258737,uncertain,0,2.5,1,0,0,0,0
2023-05-03,0.01242768538,0,-0.004218322656,-0.01666596689,-0.01169558349,0,0.00019704,0,0,0,0.01242768538,0.01489572989,0.0001095890411,0.01767685283,uncertain,0,2.5,1,0,0,0,0
2023-05-04,-0.006476915996,0,0,0,0,0,0.00024306,0,0,0,-0.006476915996,0.002446183953,0.0001095890411,0.04410647482,uncertain,0,2.5,1,0,0,0,0
2023-05-05,0.02314468052,0,0,-0.0056901861,0.0429393039,0,0.00022188,0,0,0,0.02314468052,-0.01512933138,0.0001095890411,0.0238834999,uncertain,0,2.5,1,0,0,0,0
2023-05-06,-0.02228084761,0,0,0,0,0,0.0003,0,0,0,-0.02228084761,0.0009910802775,0.0001095890411,0.04741212374,uncertain,0,2.5,1,0,0,0,0
2023-05-07,-0.01449310529,0,0,0,0,0,0.00014414,0,0,0,-0.01449310529,-0.002475247525,0.0001095890411,0.02904991186,uncertain,0,2.5,1,0,0,0,0
2023-05-08,-0.0267783089,-0.06836941362,0,0,0,0,5.029e-05,0,0,0,-0.0267783089,0.005459057072,0.0001095890411,0.01876885997,uncertain,0,2.5,1,0,0,0,0
2023-05-09,-0.00146446592,0,0,0,0,0,0.00012329,0,0,0,-0.00146446592,0.006416584403,0.0001095890411,-0.009649449968,bear,0,2.5,1,0,0,0,0
2023-05-10,-0.001068470809,0,-0.00783920127,0.03999796146,0.03894899985,0,0.00012329,0,0,0,-0.001068470809,0.001961745954,0.0001095890411,-0.02455500258,bear,0,2.5,1,0,0,0,0
2023-05-11,-0.02283183115,0,0,0,0,0,0.00013729,0,0,0,-0.02283183115,-0.009300048948,0.0001095890411,-0.06878451305,bear,0,2.5,1,0,0,0,0
2023-05-12,-0.006437481784,0,0,-0.01638150609,0.01079700128,0,0.00010359,0,0,0,-0.006437481784,0,0.0001095890411,-0.1070117568,bear,0,2.5,1,0,0,0,0
2023-05-13,-0.0007363311303,0,0,0,0,0,9.869e-05,0,0,0,-0.0007363311303,-0.002470355731,0.0001095890411,-0.1034881142,bear,0,2.5,1,0,0,0,0
2023-05-14,0.005316097535,0,0,0,0,0,8.291e-05,0,0,0,0.005316097535,-0.0004952947003,0.0001095890411,-0.1184756356,bear,0,2.5,1,0,0,0,0
2023-05-15,0.009084012628,0,0,0,0,0,2.641e-05,0,0,0,0.009084012628,-0.0004955401388,0.0001095890411,-0.1164971331,bear,0,2.5,1,0,0,0,0
2023-05-16,-0.004723486441,0,0,0,0,0,0.00017625,0,0,0,-0.004723486441,-0.01090728805,0.0001095890411,-0.1034144477,bear,0,2.5,1,0,0,0,0
2023-05-17,0.01375202339,0,0,0,0,0,0.00019882,0,0,0,0.01375202339,0,0.0001095890411,-0.1079309611,bear,0,2.5,1,0,0,0,0
2023-05-18,-0.02132154694,0,0,0,0,0,0.00028342,0,0,0,-0.02132154694,-0.008020050125,0.0001095890411,-0.06879515546,bear,0,2.5,1,0,0,0,0
2023-05-19,0.002199000197,0,0,0,0,0,0.00011005,0,0,0,0.002199000197,0.009095502779,0.0001095890411,-0.1171405144,bear,0,2.5,1,0,0,0,0
2023-05-20,0.00826517303,0,0,0,0,0,6.919e-05,0,0,0,0.00826517303,-0.002003004507,0.0001095890411,-0.06656364703,bear,0,2.5,1,0,0,0,0
2023-05-21,-0.01308554251,0,0,0,0,0,0.00017109,0,0,0,-0.01308554251,-0.002007024586,0.0001095890411,-0.04040625061,bear,0,2.5,1,0,0,0,0
2023-05-22,0.003794333586,0,0,0,0,0,7.999e-05,0,0,0,0.003794333586,-0.004524886878,0.0001095890411,-0.01889238245,bear,0,2.5,1,0,0,0,0
2023-05-23,0.01379329866,0,0,0,0,0,0.0003,0,0,0,0.01379329866,0.002525252525,0.0001095890411,-0.03478395289,bear,0,2.5,1,0,0,0,0
2023-05-24,-0.03271905806,0,0,0,0,0,0.00016429,0,0,0,-0.03271905806,-0.007052896725,0.0001095890411,-0.01344624619,bear,0,2.5,1,0,0,0,0
2023-05-25,0.005498877474,0,0,0,0,0,0.0002582,0,0,0,0.005498877474,-0.003551496702,0.0001095890411,-0.04296183371,bear,0,2.5,1,0,0,0,0
2023-05-26,0.008768294982,0,0,0,0,0,0.00024536,0,0,0,0.008768294982,-0.001018329939,0.0001095890411,-0.06455650178,bear,0,2.5,1,0,0,0,0
2023-05-27,0.005554948116,0,0,0,0,0,0.00023072,0,0,0,0.005554948116,0.001019367992,0.0001095890411,-0.06015669733,bear,0,2.5,1,0,0,0,0
2023-05-28,0.04508519502,0,0,0,0,0,0.0002988,0,0,0,0.04508519502,-0.001018329939,0.0001095890411,-0.08884472006,bear,0,2.5,1,0,0,0,0
2023-05-29,-0.01170853376,0,0,0,0,0,0.0003,0,-0.003232468724,0,-0.01170853376,-0.002038735984,0.0001095890411,-0.04253250409,uncertain,0,2.5,1,0,0,1,0
2023-05-30,-0.001514255635,0,0,0,0,0,0.00019084,0,-0.00375109422,0,-0.001514255635,0.005617977528,0.0001095890411,-0.05111279505,uncertain,0,2.5,1,0,0,1,0
2023-05-31,-0.01747826275,0,0,0,0,0,0.00015073,0,-0.00375109422,0,-0.01747826275,0,0.0001095890411,-0.05263910463,uncertain,0,2.5,1,0,0,1,0
2023-06-01,-0.01442171821,0,0,0,0,0,0.00021737,0,-0.0005186254959,0,-0.01442171821,0.006094464195,0.0001095890411,-0.03056512944,bear,0,2.5,1,0,0,1,0
2023-06-02,0.01583492835,0,0,-0.01219074074,-0.002712015075,0,0.00023982,0,0,0,0.01583492835,-0.01261988894,0.0001095890411,-0.06459501372,bear,0,2.5,1,0,0,0,0
2023-06-03,-0.006363932357,0,0,0,0,0,0.00022986,0,0,0,-0.006363932357,-0.005112474438,0.0001095890411,-0.06144698438,bear,0,2.5,1,0,0,0,0
2023-06-04,0.001698977658,0,0,0,0,0,0.0002485,0,0,0,0.001698977658,0,0.0001095890411,-0.06134025194,bear,0,2.5,1,0,0,0,0
2023-06-05,-0.05115247125,-0.1026081742,0,0,0,0,0.00027394,0,0,0,-0.05115247125,-0.01336073998,0.0001095890411,-0.08101510187,bear,0,2.5,1,0,0,0,0
2023-06-06,0.05837485716,0,0,0,0,0,-5.916e-05,0,-0.001856275999,0,0.05837485716,0.0078125,0.0001095890411,-0.1081523284,bear,0,2.5,1,0,0,-1,0
2023-06-07,-0.03271161892,0,-0.05852529575,-0.01214774484,-0.0208874243,0,0.00024005,0,-0.003240045379,0,-0.03271161892,-0.005684754522,0.0001095890411,-0.04220948924,bear,0,2.5,1,0,0,-1,0
2023-06-08,0.006046848554,0,0,0,0,0,0.00012605,0,-0.003240045379,0,0.006046848554,-0.001559251559,0.0001095890411,-0.04804872204,bear,0,2.5,1,0,0,-1,0
2023-06-09,-0.0007849468331,0,0,0.01049933072,0.008734903874,0,0.00018908,0,-0.001383769381,0,-0.0007849468331,-0.002602811036,0.0001095890411,-0.04088782975,bear,0,2.5,1,0,0,-1,0
2023-06-10,-0.02404277393,0,0,0,0,0,0.00014973,0,0,0,-0.02404277393,0.002087682672,0.0001095890411,-0.04061560759,bear,0,2.5,1,0,0,0,0
2023-06-11,0.003263779057,0,0,0,0,0,0.00013572,0,0,0,0.003263779057,-0.001041666667,0.0001095890411,-0.04180451206,bear,0,2.5,1,0,0,0,0
2023-06-12,-0.0007853256729,-0.0006692326794,0,0,0,0,0.00015349,0,0,0,-0.0007853256729,0.006777893639,0.0001095890411,-0.03244857905,bear,0,2.5,1,0,0,0,0
2023-06-13,0.001121782932,0,0,0,0,0,0.00022683,0,0,0,0.001121782932,-0.007767995857,0.0001095890411,-0.03249601872,bear,0,2.5,1,0,0,0,0
2023-06-14,-0.03106509731,0,-0.02094521235,-0.003275689175,-0.01105194547,0,8.815e-05,0,0,0,-0.03106509731,0.001565762004,0.0001095890411,-0.03653257606,bear,0,2.5,1,0,0,0,0
2023-06-15,0.01869941023,0,0,0,0,0,9.615e-05,0,-0.002332376581,0,0.01869941023,0.007295466389,0.0001095890411,-0.07486670785,bear,0,2.5,1,0,0,-1,0
2023-06-16,0.02916226699,0,0,0,0,0,4.988e-05,0,-0.00287061733,0,0.02916226699,0.006207966891,0.0001095890411,-0.05309456592,bear,0,2.5,1,0,0,-1,0
2023-06-17,0.006528373505,0,0,0,0,0,0.00027411,0,-0.00287061733,0,0.006528373505,-0.00822622108,0.0001095890411,-0.03870047045,bear,0,2.5,1,0,0,-1,0
2023-06-18,-0.006675719982,0,0,0,0,0,0.00018644,0,-0.0005382407494,0,-0.006675719982,-0.0005184033178,0.0001095890411,-0.01134509613,bear,0,2.5,1,0,0,-1,0
2023-06-19,0.01914884489,0,0,0,0,0,0.00017127,0,0,0,0.01914884489,-0.001037344398,0.0001095890411,-0.02009987999,uncertain,0,2.5,1,0,0,0,0
2023-06-20,0.05452320507,0,0,0,0,0,1.305e-05,0,0,0,0.05452320507,-0.001038421599,0.0001095890411,-0.009522393379,uncertain,0,2.5,1,0,0,0,0
2023-06-21,0.05955562369,0,0,0,0,0,0.00018846,0,0,0,0.05955562369,0,0.0001095890411,0.05833044836,uncertain,0,2.5,1,0,0,0,0
2023-06-22,-0.003633073269,0,0,0,0,0,0.00029236,0,0,0,-0.003633073269,-0.008316008316,0.0001095890411,0.1171212476,uncertain,0,2.5,1,0,0,0,0
2023-06-23,0.02688914677,0,0,0,0,0,0.0003,0,0,0,0.02688914677,0,0.0001095890411,0.09791874314,uncertain,0,2.5,1,0,0,0,0
2023-06-24,-0.005248545872,0,0,0,0,0,0.0003,0,0,0,-0.005248545872,0,0.0001095890411,0.1655774372,uncertain,0,2.5,1,0,0,0,0
2023-06-25,-0.00212169842,0,0,0,0,0,0.0003,0,0,0,-0.00212169842,-0.001572327044,0.0001095890411,0.1531189905,uncertain,0,2.5,1,0,0,0,0
2023-06-26,-0.006390446534,0,0,0,0,0,0.0003,0,0,0,-0.006390446534,0.0005249343832,0.0001095890411,0.1406706828,uncertain,0,2.5,1,0,0,0,0
2023-06-27,0.01402306529,0,0,0,0,0,0.0003,0,0,0,0.01402306529,-0.001049317943,0.0001095890411,0.1271201935,uncertain,0,2.5,1,0,0,0,0
2023-06-28,-0.02003848505,0,0,0,0,0,0.000239,0,0,0,-0.02003848505,-0.006827731092,0.0001095890411,0.09361981115,uncertain,0,2.5,1,0,0,0,0
2023-06-29,0.01229826637,0,0,0,0,0,0.00025874,0,0,0,0.01229826637,0.00105764146,0.0001095890411,0.08440208535,uncertain,0,2.5,1,0,0,0,0
2023-06-30,0.0008109090754,0,0,0,0,0,0.0003,0,0,0,0.0008109090754,0.004754358162,0.0001095890411,0.09940312843,uncertain,0,2.5,1,0,0,0,0
2023-07-01,0.003737857705,0,0,0,0,0,0.0003,0,0,0,0.003737857705,-0.003680336488,0.0001095890411,0.1198679914,uncertain,0,2.5,1,0,0,0,0
2023-07-02,0.001017789243,0,0,0,0,0,0.0003,0,0,0,0.001017789243,0.001055408971,0.0001095890411,0.1405018956,uncertain,0,2.5,1,0,0,0,0
2023-07-03,0.01761013397,0.02293090692,0,0,0,0,0.0003,0,0,0,0.01761013397,0,0.0001095890411,0.1238663431,uncertain,0,2.5,1,0,0,0,0
2023-07-04,-0.01250762288,0,0,0,0,0,0.0003,0,0,0,-0.01250762288,0.0005271481286,0.0001095890411,0.1509825551,uncertain,0,2.5,1,0,0,0,0
2023-07-05,-0.008506002143,0,-0.0381036905,-0.04516734462,-0.05286707739,0,0.0003,0,0,0,-0.008506002143,-0.002634351949,0.0001095890411,0.1346587395,uncertain,0,2.5,1,0,0,0,0
2023-07-06,-0.01997652174,0,0,0,0,0,0.00019212,0,0,0,-0.01997652174,-0.001056524036,0.0001095890411,0.1856565947,uncertain,0,2.5,1,0,0,0,0
2023-07-07,0.01502804944,0,0,0.01698889844,0.0166883137,0,4.261e-05,0,0,0,0.01502804944,0.006874669487,0.0001095890411,0.09788256223,uncertain,0,2.5,1,0,0,0,0
2023-07-08,-0.001979587869,0,0,0,0,0,8.074e-05,0,0,0,-0.001979587869,-0.000525210084,0.0001095890411,0.1520675917,uncertain,0,2.5,1,0,0,0,0
2023-07-09,-0.004091844609,0,0,0,0,0,0.00018681,0,0,0,-0.004091844609,0.0005254860746,0.0001095890411,0.1428761735,uncertain,0,2.5,1,0,0,0,0
2023-07-10,0.008317443455,0.01253451994,0,0,0,0,5.663e-05,0,0,0,0.008317443455,0.001575630252,0.0001095890411,0.1390938299,uncertain,0,2.5,1,0,0,0,0
2023-07-11,0.006922694225,0,0,0,0,0,0.00020229,0,0,0,0.006922694225,0.006292606188,0.0001095890411,0.1768632351,uncertain,0,2.5,1,0,0,0,0
2023-07-12,-0.007906054777,0,-0.0102569443,0.002625799652,0.005783357444,0,0.0001817,0,0,0,-0.007906054777,0.01354872329,0.0001095890411,0.1811552696,uncertain,0,2.5,1,0,0,0,0
2023-07-13,0.03535977617,0,0,0,0,0,5.514e-05,0,0,0,0.03535977617,-0.003084832905,0.0001095890411,0.1727379726,uncertain,0,2.5,1,0,0,0,0
2023-07-14,-0.03631371679,0,0,-0.02016528926,-0.01594360458,0,0.0003,0,0,0,-0.03631371679,-0.006704486849,0.0001095890411,0.2128451758,uncertain,0,2.5,1,0,0,0,0
2023-07-15,-0.0007419501379,0,0,0,0,0,-1.322e-05,0,0,0,-0.0007419501379,-0.002596053998,0.0001095890411,0.2062753198,uncertain,0,2.5,1,0,0,0,0
2023-07-16,-0.0018993368,0,0,0,0,0,0.00014348,0,0,0,-0.0018993368,0.002082248829,0.0001095890411,0.1832541685,uncertain,0,2.5,1,0,0,0,0
2023-07-17,-0.003108958425,0,0,0,0,0,0.00015324,0,0,0,-0.003108958425,-0.003636363636,0.0001095890411,0.1475418485,uncertain,0,2.5,1,0,0,0,0
2023-07-18,-0.009253102396,0,0,0,0,0,0.00018258,0,0,0,-0.009253102396,0.01094890511,0.0001095890411,0.1365543374,uncertain,0,2.5,1,0,0,0,0
2023-07-19,0.001677208947,0,0,0,0,0,0.00022914,0,0,0,0.001677208947,0,0.0001095890411,0.1336053154,uncertain,0,2.5,1,0,0,0,0
2023-07-20,-0.003651383637,0,0,0,0,0,0.00017856,0,0,0,-0.003651383637,-0.002578648788,0.0001095890411,0.114171511,uncertain,0,2.5,1,0,0,0,0
2023-07-21,0.003413422819,0,0,0,0,0,7.371e-05,0,0,0,0.003413422819,-0.005170630817,0.0001095890411,0.05270632072,uncertain,0,2.5,1,0,0,0,0
2023-07-22,-0.003602468353,0,0,0,0,0,3.316e-05,0,0,0,-0.003602468353,0.001559251559,0.0001095890411,-0.003072959193,uncertain,0,2.5,1,0,0,0,0
2023-07-23,0.009725112439,0,0,0,0,0,0.0002228,0,0,0,0.009725112439,0.003113648158,0.0001095890411,-0.003042337072,uncertain,0,2.5,1,0,0,0,0
2023-07-24,-0.03015747704,0,0,0,0,0,0.00024338,0,0,0,-0.03015747704,0.001551991723,0.0001095890411,-0.01970607882,uncertain,0,2.5,1,0,0,0,0
2023-07-25,0.001796308673,0,0,0,0,0,0.0002408,0,0,0,0.001796308673,0.004648760331,0.0001095890411,-0.04425298821,bear,0,2.5,1,0,0,0,0
2023-07-26,0.004209873033,0,0,0,0,0,0.00025219,0,0,0,0.004209873033,0.005141388175,0.0001095890411,-0.04050040279,bear,0,2.5,1,0,0,0,0
2023-07-27,-0.004401068958,0,0,0,0,0,9.842e-05,0,0,0,-0.004401068958,-0.006649616368,0.0001095890411,-0.03026398515,bear,0,2.5,1,0,0,0,0
2023-07-28,0.003126328159,0,0,0,0,0,0.00021048,0,0,0,0.003126328159,0.00411946447,0.0001095890411,-0.04788345273,bear,0,2.5,1,0,0,0,0
2023-07-29,0.001322228795,0,0,0,0,0,0.00022097,0,0,0,0.001322228795,-0.001538461538,0.0001095890411,-0.02537685259,bear,0,2.5,1,0,0,0,0
2023-07-30,-0.002446436298,0,0,0,0,0,0.00018068,0,0,0,-0.002446436298,0,0.0001095890411,-0.03594439049,bear,0,2.5,1,0,0,0,0
2023-07-31,-0.001667970694,0,0,0,0,0,0.0001797,0,0,0,-0.001667970694,0.003595274782,0.0001095890411,-0.03908210816,bear,0,2.5,1,0,0,0,0
2023-08-01,0.01620607377,0,0,0,0,0,0.00023068,0,0,0,0.01620607377,-0.00307062436,0.0001095890411,-0.04425732118,bear,0,2.5,1,0,0,0,0
2023-08-02,-0.0175042138,0,-0.01604098571,-0.02238803009,-0.01807949246,0,0.0003,0,0,0,-0.0175042138,-0.009753593429,0.0001095890411,-0.02975598874,uncertain,0,2.5,1,0,0,0,0
2023-08-03,0.0002614266219,0,0,0,0,0,0.0003,0,0,0,0.0002614266219,0.002592016589,0.0001095890411,-0.06323588884,bear,0,2.5,1,0,0,0,0
2023-08-04,-0.00272833398,0,0,0.003059541005,0.008011980047,0,0.00028116,0,0,0,-0.00272833398,0.005170630817,0.0001095890411,-0.05112279553,bear,0,2.5,1,0,0,0,0
2023-08-05,-0.001437796743,0,0,0,0,0,0.00024181,0,0,0,-0.001437796743,-0.0005144032922,0.0001095890411,-0.04559346542,bear,0,2.5,1,0,0,0,0
2023-08-06,0.0005603304608,0,0,0,0,0,0.0003,0,0,0,0.0005603304608,-0.001029336078,0.0001095890411,-0.02753932624,bear,0,2.5,1,0,0,0,0
2023-08-07,0.004216110741,-0.01630681034,0,0,0,0,0.00027669,0,0,0,0.004216110741,0.001545595054,0.0001095890411,-0.04140031043,bear,0,2.5,1,0,0,0,0
2023-08-08,0.01914891141,0,0,0,0,0,0.0002508,0,0,0,0.01914891141,-0.007201646091,0.0001095890411,-0.03544933519,bear,0,2.5,1,0,0,0,0
2023-08-09,-0.006329437072,0,-0.01808512455,0.01061262809,0.003662798534,0,0.00026514,0,0,0,-0.006329437072,-0.00518134715,0.0001095890411,-0.01294034524,uncertain,0,2.5,1,0,0,0,0
2023-08-10,-0.004267461384,0,0,0,0,0,0.00028277,0,0,0,-0.004267461384,-0.0015625,0.0001095890411,-0.02727843383,uncertain,0,2.5,1,0,0,0,0
2023-08-11,-0.001008971084,0,0,0.001240310078,0.004250974738,0,0.00027123,0,0,0,-0.001008971084,-0.003651538863,0.0001095890411,-0.03808850471,uncertain,0,2.5,1,0,0,0,0
2023-08-12,0.0001406917617,0,0,0,0,0,0.00029305,0,0,0,0.0001406917617,-0.003141361257,0.0001095890411,-0.03140125082,uncertain,0,2.5,1,0,0,0,0
2023-08-13,-0.004292533818,0,0,0,0,0,0.00024637,0,0,0,-0.004292533818,0.001050420168,0.0001095890411,-0.06434937368,uncertain,0,2.5,1,0,0,0,0
2023-08-14,0.004336974267,-0.0003813044187,0,0,0,0,0.0003,0,0,0,0.004336974267,-0.002098635887,0.0001095890411,-0.03325975414,bear,0,2.5,1,0,0,0,0
2023-08-15,-0.007846507059,0,0,0,0,0,0.0003,0,0,0,-0.007846507059,-0.001577287066,0.0001095890411,-0.02834610783,uncertain,0,2.5,1,0,0,0,0
2023-08-16,-0.01607842466,0,0,0,0,0,0.0003,0,0.001583147867,0,-0.01607842466,-0.002632964718,0.0001095890411,-0.03413569533,bear,0,2.5,1,0,0,-1,0
2023-08-17,-0.07334015303,0,0,0,0,0,0.0003,0,0.01463848609,0,-0.07334015303,-0.0121436114,0.0001095890411,-0.0467015064,bear,0,2.5,1,0,0,-1,0
2023-08-18,-0.02138756831,0,0,0,0,0,0.0001512,-0.0002403762348,0.04924891201,0,-0.02138756831,0.001603420631,0.0001095890411,-0.1083661848,bear,0,2.5,1,0,-1,-1,0
2023-08-19,0.001765947647,0,0,0,0,0,-5.882e-05,-0.001357418737,0.04766576414,0,0.001765947647,0.0005336179296,0.0001095890411,-0.1288970855,bear,0,2.5,1,0,-1,-1,0
2023-08-20,0.003447508258,0,0,0,0,0,-7.626e-05,-0.001357418737,0.03461042592,0,0.003447508258,0.0005333333333,0.0001095890411,-0.1241607383,bear,0,2.5,1,0,-1,-1,0
2023-08-21,-0.002408171977,0,0,0,0,0,-0.001036,-0.001117042503,0,0,-0.002408171977,0.001599147122,0.0001095890411,-0.1241309864,bear,0,2.5,1,0,-1,0,0
2023-08-22,-0.002714441656,0,0,0,0,0.002714441656,0,0,0,0,-0.002714441656,0.004789781799,0.0001095890411,-0.1230811573,bear,0,2.5,1,-1,0,0,0
2023-08-23,0.01445809027,0,0,0,0,-0.01445809027,-0.00097034,0,0,0,0.01445809027,0.01165254237,0.0001095890411,-0.1338845722,bear,0,2.5,1,-1,0,0,0
2023-08-24,-0.009558985984,0,0,0,0,0.009558985984,4.584e-05,0,0,0,-0.009558985984,-0.0005235602094,0.0001095890411,-0.09404075198,bear,0,2.5,1,-1,0,0,0
2023-08-25,-0.004585170769,0,0,0,0,0.004585170769,7.361e-05,0,0,0,-0.004585170769,-0.00314300681,0.0001095890411,-0.1043097399,bear,0,2.5,1,-1,0,0,0
2023-08-26,-0.00163622347,0,0,0,0,0.00163622347,0.0001125,0,0,0,-0.00163622347,0.0005254860746,0.0001095890411,-0.1121543502,bear,0,2.5,1,-1,0,0,0
2023-08-27,0.003243986614,0,0,0,0,-0.003243986614,5.307e-05,0,0,0,-0.004743986614,-0.00262605042,0.0001095890411,-0.1096887428,bear,0,2.5,-1,-1,0,0,0
2023-08-28,0.0006984200688,0,0,0,0,-0.0006984200688,8.553e-05,0,0,0,-0.0006984200688,0.003159557662,0.0001095890411,-0.1095843166,bear,0,2.5,-1,-1,0,0,0
2023-08-29,0.06111562021,0,0,0,0,-0.06111562021,-6.341e-05,0,0,0,-0.06111562021,0.004199475066,0.0001095890411,-0.1101390323,bear,0,2.5,-1,-1,0,0,0
2023-08-30,-0.01502182467,0,0,0,0,0.01502182467,0.00014543,0,0,0,0.01502182467,0.005227391532,0.0001095890411,-0.05343892594,bear,0,2.5,-1,-1,0,0,0
2023-08-31,-0.04978793033,0,0,0,0,0.04978793033,0.00017873,0,0,0,0.04978793033,-0.002600104004,0.0001095890411,-0.06610028308,uncertain,0,2.5,-1,-1,0,0,0
2023-09-01,-0.00523230219,0,0,-0.01151522842,-0.01447805515,0.00523230219,0.00014805,0,0,0,0.00523230219,-0.0005213764338,0.0001095890411,-0.1267491843,uncertain,0,2.5,-1,-1,0,0,0
2023-09-02,0.00249796067,0,0,0,0,-0.00249796067,4.917e-05,0,0,0,-0.00249796067,-0.001564945227,0.0001095890411,-0.1158418023,uncertain,0,2.5,-1,-1,0,0,0
2023-09-03,0.003931268895,0,0,0,0,-0.003931268895,7.964e-05,0,0,0,-0.003931268895,0.001567398119,0.0001095890411,-0.1138648692,uncertain,0,2.5,-1,-1,0,0,0
2023-09-04,-0.005590421086,-0.00634886082,0,0,0,0.005590421086,3.1e-05,0,0,0,0.005590421086,0.001564945227,0.0001095890411,-0.1079474163,uncertain,0,2.5,-1,-1,0,0,0
2023-09-05,-0.001313404079,0,0,0,0,0.001313404079,5.394e-05,0,0,0,0.001313404079,-0.004166666667,0.0001095890411,-0.1116571094,uncertain,0,2.5,-1,-1,0,0,0
2023-09-06,-0.001246505713,0,-0.005419362151,-0.007729387857,-0.005326379409,0.001246505713,1.109e-05,0,0,0,0.001246505713,-0.007322175732,0.0001095890411,-0.113320696,uncertain,0,2.5,-1,-1,0,0,0
2023-09-07,0.0192178168,0,0,0,0,-0.0192178168,0.00014637,0,0,0,-0.0192178168,0.005268703899,0.0001095890411,-0.1181439496,uncertain,0,2.5,-1,-1,0,0,0
2023-09-08,-0.01312131023,0,0,-0.03854057472,-0.02696563054,0.01312131023,-2.704e-05,0,0,0,0.01312131023,-0.002620545073,0.0001095890411,-0.1180843267,bear,0,2.5,-1,-1,0,0,0
2023-09-09,-0.000343104147,0,0,0,0,0.000343104147,-4.011e-05,0,0,0,0.000343104147,-0.002627430373,0.0001095890411,-0.12411234,bear,0,2.5,-1,-1,0,0,0
2023-09-10,-0.002316458321,0,0,0,0,0.002316458321,5.83e-05,0,0,0,0.002316458321,0,0.0001095890411,-0.1206603125,bear,0,2.5,-1,-1,0,0,0
2023-09-11,-0.02627893541,-0.06834764948,0,0,0,0.02627893541,3.361e-05,0,0,0,0.02627893541,0.002634351949,0.0001095890411,-0.1218111991,bear,0,2.5,-1,-1,0,0,0
2023-09-12,0.02692814551,0,0,0,0,-0.02692814551,4.653e-05,0,0,0,-0.02692814551,-0.005780346821,0.0001095890411,-0.145009356,bear,0,2.5,-1,-1,0,0,0
2023-09-13,0.01477935457,0,-0.002498834852,0.01997847889,0.004977677589,-0.01477935457,6.701e-05,0,0,0,-0.01477935457,-0.001585623679,0.0001095890411,-0.1182008911,bear,0,2.5,-1,-1,0,0,0
2023-09-14,0.01146861414,0,0,0,0,-0.01146861414,-8.59e-06,0,0,0,-0.01146861414,0.002646903123,0.0001095890411,-0.1090325722,bear,0,2.5,-1,-1,0,0,0
2023-09-15,0.002913350172,0,0,0,0,-0.002913350172,4.159e-05,0,0,0,-0.002913350172,0.008447729673,0.0001095890411,-0.09168732877,bear,0,2.5,-1,-1,0,0,0
2023-09-16,-0.001516165414,0,0,0,0,0.0005161654135,-8.862e-05,0,0,0,0.001516165414,-0.002094240838,0.0001095890411,-0.07415496627,bear,0,2.5,-1,-1,0,0,0
2023-09-17,-0.001210858418,0,0,0,0,0,2.688e-05,0,0,0,0.001210858418,0.001573976915,0.0001095890411,-0.002394133584,bear,0,2.5,-1,0,0,0,0
2023-09-18,0.008858728166,0,0,0,0,0,-6.703e-05,0,0,0,-0.008858728166,0.00628601362,0.0001095890411,0.01817417671,uncertain,0,2.5,-1,0,0,0,0
2023-09-19,0.01673049351,0,0,0,0,0,-1.26e-05,0,0,0,-0.01673049351,0,0.0001095890411,0.02538313204,uncertain,0,2.5,-1,0,0,0,0
2023-09-20,-0.003133376895,0,0,0,0,0,-0.00107382,0,0,0,0.003133376895,-0.0005205622072,0.0001095890411,0.03895648681,uncertain,0,2.5,-1,0,0,0,0
2023-09-21,-0.0205316129,0,0,0,0,0,0,0,0,0,0.0205316129,-0.005208333333,0.0001095890411,0.03820121162,uncertain,0,2.5,-1,0,0,0,0
2023-09-22,0.0004539281725,0,0,0,0,0,0,0,6.822568545e-05,0,-0.0004539281725,0.001047120419,0.0001095890411,0.01965305496,uncertain,0,2.5,-1,0,0,-1,0
2023-09-23,-0.0001572602703,0,0,0,0,0,0,0,0.0001129252725,0,0.0001572602703,0.0005230125523,0.0001095890411,0.005577178588,uncertain,0,2.5,-1,0,0,-1,0
2023-09-24,-0.01232617749,0,0,0,0,0,-0.00093784,0,0.0001129252725,0,0.01232617749,-0.0005227391532,0.0001095890411,0.0151225838,uncertain,0,2.5,-1,0,0,-1,0
2023-09-25,0.002149846962,0,0,0,0,0,0.00012097,0,4.469958702e-05,0,-0.002149846962,-0.002092050209,0.0001095890411,0.00722831649,uncertain,0,2.5,-1,0,0,-1,0
2023-09-26,-0.003160638682,0,0,0,0,0,5.01e-06,0,0,0,0.003160638682,-0.004716981132,0.0001095890411,0.0110480037,uncertain,0,2.5,-1,0,0,0,0
2023-09-27,0.005770799495,0,0,0,0,0,0.00015396,0,0,0,-0.005770799495,-0.009478672986,0.0001095890411,0.004593558215,uncertain,0,2.5,-1,0,0,0,0
2023-09-28,0.0245857599,0,0,0,0,0,-5.639e-05,0,0,0,-0.0245857599,-0.005316321106,0.0001095890411,0.00968568147,uncertain,0,2.5,-1,0,0,0,0
2023-09-29,-0.004234793251,0,0,0,0,0,-5.985e-05,0,0,0,0.004234793251,-0.003741314805,0.0001095890411,-0.02507365691,uncertain,0,2.5,-1,0,0,0,0
2023-09-30,0.002066379851,0,0,0,0,0,4.032e-05,0,0.0004875230581,0,-0.002066379851,0.002145922747,0.0001095890411,-0.01439670857,uncertain,0,2.5,-1,0,0,1,0
2023-10-01,0.03820149125,0,0,0,0,0,-2.587e-05,0,0.0006782929504,0,-0.03820149125,-0.001605995717,0.0001095890411,0.03938894667,uncertain,0,2.5,-1,0,0,1,0
2023-10-02,-0.01779257853,0.003208299884,0,0,0,0,5.082e-05,0,0.0006782929504,0,0.01779257853,-0.01340482574,0.0001095890411,0.08477100413,uncertain,0,2.5,-1,0,0,1,0
2023-10-03,-0.002475039562,0,0,0,0,0,8.339e-05,0,0.0001907698923,0,0.002475039562,-0.007065217391,0.0001095890411,0.06281526013,uncertain,0,2.5,-1,0,0,1,0
2023-10-04,0.01283833203,0,-0.01473305126,-0.00470058663,-0.01379963913,0,9.374e-05,0,0,0,-0.01283833203,0.004926108374,0.0001095890411,0.05603319984,uncertain,0,2.5,-1,0,0,0,0
2023-10-05,-0.01325410199,0,0,0,0,0,-0.00010377,0,0,0,0.01325410199,-0.003267973856,0.0001095890411,0.07560398389,uncertain,0,2.5,-1,0,0,0,0
2023-10-06,0.01899644624,0,0,-0.006752627072,0.004453685348,0,-2.819e-05,0,-0.002218091539,0,-0.01899644624,0.005464480874,0.0001095890411,0.0627436308,uncertain,0,2.5,-1,0,0,-1,0
2023-10-07,0.0009158253401,0,0,0,0,0,7.056e-05,0,-0.003131423349,0,-0.0009158253401,0.008152173913,0.0001095890411,0.08428354869,uncertain,0,2.5,-1,0,0,-1,0
2023-10-08,-0.001417193106,0,0,0,0,-0.001417193106,6.451e-05,0,-0.003131423349,0,0.001417193106,0.004851752022,0.0001095890411,0.06481317844,uncertain,0,2.5,-1,1,0,-1,0
2023-10-09,-0.01171076457,-0.02837299294,0,0,0,-0.01171076457,0.00015345,0,-0.0009133318102,0,0.01171076457,0.002145922747,0.0001095890411,0.07744157774,uncertain,0,2.5,-1,1,0,-1,0
2023-10-10,-0.007248971733,0,0,0,0,-0.007248971733,0.00012791,0,0,0,0.007248971733,-0.002676659529,0.0001095890411,0.06518938398,uncertain,0,2.5,-1,1,0,0,0
2023-10-11,-0.01878779648,0,-0.008140166028,0.008052243481,0.0238268361,-0.01878779648,0.00020567,0,0,0,0.01878779648,0.006977992485,0.0001095890411,0.05992312398,uncertain,0,2.5,-1,1,0,0,0
2023-10-12,-0.004312102612,0,0,0,0,-0.004312102612,0.00019965,0,0,0,0.004312102612,-0.001599147122,0.0001095890411,0.06807744216,uncertain,0,2.5,-1,1,0,0,0
2023-10-13,0.003825538694,0,0,0.003152103639,0.01288309726,0.003825538694,6.659e-05,0,-0.002307775272,0,-0.003825538694,0.02349172451,0.0001095890411,0.0355853886,uncertain,0,2.5,-1,1,0,-1,0
2023-10-14,-0.0003544039908,0,0,0,0,-0.001354403991,4.772e-05,0,-0.003472735675,0,0.0003544039908,0.001043296818,0.0001095890411,0.0244069865,uncertain,0,2.5,-1,1,0,-1,0
2023-10-15,0.01123434409,0,0,0,0,0,5.007e-05,0,-0.003472735675,0,-0.01123434409,-0.001563314226,0.0001095890411,0.01243273223,uncertain,0,2.5,-1,0,0,-1,0
2023-10-16,0.04959205131,0,0,0,0,0,0.00010183,0,-0.001164960403,0,-0.04959205131,-0.004175365344,0.0001095890411,0.02083270677,uncertain,0,2.5,-1,0,0,-1,0
2023-10-17,-0.003679548419,0,0,0,0,0,-6.14e-06,0,0,0,0.003679548419,0.005765199161,0.0001095890411,0.0730848689,uncertain,0,2.5,-1,0,0,0,0
2023-10-18,-0.002673272313,0,0,0,0,0,-2.915e-05,0,0,0,0.002673272313,0.01146430433,0.0001095890411,0.07043254342,uncertain,0,2.5,-1,0,0,0,0
2023-10-19,0.01390218927,0,0,0,0,0.01390218927,-0.00112658,0,0,0,-0.01390218927,0.01081916538,0.0001095890411,0.05819670875,uncertain,0,2.5,-1,1,0,0,0
2023-10-20,0.03327086608,0,0,0,0,0.03327086608,0,0,0,0,-0.03327086608,0.001529051988,0.0001095890411,0.05525305528,uncertain,0,2.5,-1,1,0,0,0
2023-10-21,0.008114856429,0,0,0,0,0.008114856429,0,0,0,0,-0.008114856429,0,0.0001095890411,0.09378949309,uncertain,0,2.5,-1,1,0,0,0
2023-10-22,0.002763642686,0,0,0,0,0.002763642686,-0.00091739,0,0,0,0.001263642686,0,0.0001095890411,0.1257795068,uncertain,0,2.5,1,1,0,0,0
2023-10-23,0.1026101227,0,0,0,0,0.1026101227,0.00018488,0.01395075719,0,0,0.1026101227,-0.005597964377,0.0001095890411,0.1283785563,uncertain,0,2.5,1,1,1,0,0
2023-10-24,0.02578591648,0,0,0,0,0.02578591648,0.0003,0.04320234486,0,0,0.02578591648,-0.0005117707267,0.0001095890411,0.2443573064,uncertain,0,2.5,1,1,1,0,0
2023-10-25,0.01690076241,0,0,0,0,0.01690076241,0.0003,0.04320234486,0,0,0.01690076241,0.004608294931,0.0001095890411,0.2923742341,uncertain,0,2.5,1,1,1,0,0
2023-10-26,-0.009983461875,0,0,0,0,-0.009983461875,0.0003,0.02925158767,0,0,-0.009983461875,0.002038735984,0.0001095890411,0.3113970411,uncertain,0,2.5,1,1,1,0,0
2023-10-27,-0.007602558704,0,0,0,0,-0.007602558704,0.0003,0,0,0,-0.007602558704,0.01068158698,0.0001095890411,0.3024212417,uncertain,0,2.5,1,1,0,0,0
2023-10-28,0.005575943836,0,0,0,0,0.005575943836,0.0003,0,0,0,0.005575943836,-0.0005032712632,0.0001095890411,0.2851034335,uncertain,0,2.5,1,1,0,0,0
2023-10-29,0.013053901,0,0,0,0,0.013053901,0.0003,0,0,0,0.013053901,-0.001510574018,0.0001095890411,0.261260061,uncertain,0,2.5,1,1,0,0,0
2023-10-30,-0.001481786567,0,0,0,0,-0.001481786567,0.0003,0,0,0,-0.001481786567,-0.003530005043,0.0001095890411,0.2831583352,uncertain,0,2.5,1,1,0,0,0
2023-10-31,0.004787274621,0,0,0,0,0.004787274621,0.0003,0,0,0,0.004787274621,-0.005060728745,0.0001095890411,0.2786148645,uncertain,0,2.5,1,1,0,0,0
2023-11-01,0.02256539232,0,0.0299519106,0.009116664342,-0.014525088,0.02256539232,0.0003,0,0,0,0.02256539232,-0.001017293998,0.0001095890411,0.2374630125,uncertain,0,2.5,1,1,0,0,0
2023-11-02,-0.01354660159,0,0,0,0,-0.01354660159,0.0003,0,0,0,-0.01354660159,-0.0005091649695,0.0001095890411,0.2883091934,uncertain,0,2.5,1,1,0,0,0
2023-11-03,-0.006433880084,0,0,-0.01175993717,0.00938711534,-0.006433880084,0.0003,0,0,0,-0.006433880084,0.004075394804,0.0001095890411,0.2740102077,uncertain,0,2.5,1,1,0,0,0
2023-11-04,0.009945910882,0,0,0,0,0.009945910882,0.0003,0,0,0,0.009945910882,-0.002536783359,0.0001095890411,0.2497684366,uncertain,0,2.5,1,1,0,0,0
2023-11-05,-0.001431461405,0,0,0,0,-0.001431461405,0.0003,0,0,0,-0.001431461405,-0.003051881994,0.0001095890411,0.2791525403,uncertain,0,2.5,1,1,0,0,0
2023-11-06,0.0009770969168,0.008710436731,0,0,0,0.0009770969168,0.0003,0,0,0,0.0009770969168,-0.002040816327,0.0001095890411,0.2535092615,uncertain,0,2.5,1,1,0,0,0
2023-11-07,0.01007330632,0,0,0,0,0.01007330632,0.0003,0,0,0,0.01007330632,-0.004601226994,0.0001095890411,0.2535859958,uncertain,0,2.5,1,1,0,0,0
2023-11-08,0.006373039782,0,0.00265105162,0.006195511272,0.005601902528,0.006373039782,0.0003,0,0,0,0.006373039782,-0.008731381613,0.0001095890411,0.2680107676,uncertain,0,2.5,1,1,0,0,0
2023-11-09,0.03021413221,0,0,0,0,0.03021413221,0.00040027,0,0,0,0.03021413221,0.006735751295,0.0001095890411,0.2912129414,uncertain,0,2.5,1,1,0,0,0
2023-11-10,0.01636300175,0,0,0.01183328458,-0.05845322821,0.01636300175,0.00031682,0,0,0,0.01636300175,-0.009778692743,0.0001095890411,0.3399389999,uncertain,0,2.5,1,1,0,0,0
2023-11-11,-0.004601139414,0,0,0,0,-0.004601139414,0.00041255,0,0,0,-0.004601139414,-0.002079002079,0.0001095890411,0.3879407729,uncertain,0,2.5,1,1,0,0,0
2023-11-12,-0.001774037167,0,0,0,0,-0.001774037167,0.00066138,0,0,0,-0.001774037167,-0.0005208333333,0.0001095890411,0.3875378695,uncertain,0,2.5,1,1,0,0,0
2023-11-13,-0.01622053452,-0.02046658052,0,0,0,-0.01622053452,0.00063852,0,0,0,-0.01622053452,0.005211047421,0.0001095890411,0.3797978557,uncertain,0,2.5,1,1,0,0,0
2023-11-14,-0.02500457314,0,0,0,0,-0.02500457314,0.00048228,0,0,0,-0.02500457314,0.006739243131,0.0001095890411,0.3578980414,uncertain,0,2.5,1,1,0,0,0
2023-11-15,0.06489262385,0,0,0,0,0.06489262385,0.0003,0,0,0,0.06489262385,-0.001544799176,0.0001095890411,0.3092359731,uncertain,0,2.5,1,1,0,0,0
2023-11-16,-0.04476414621,0,0,0,0,-0.04476414621,0.00037213,0,0,0,-0.04476414621,0.01083032491,0.0001095890411,0.3283215407,uncertain,0,2.5,1,1,0,0,0
2023-11-17,0.01245481979,0,0,0,0,0.01245481979,0.0003,0,0,0,0.01245481979,0.003571428571,0.0001095890411,0.2735464368,uncertain,1,1,1,1,0,0,0
2023-11-18,-0.001251436612,0,0,0,0,-0.001251436612,0.0003,0,0,0,-0.001251436612,-0.003558718861,0.0001095890411,0.2928644068,uncertain,1,1,1,1,0,0,0
2023-11-19,0.02165165814,0,0,0,0,0.02165165814,0.0003,0,0,0,0.02165165814,-0.001530612245,0.0001095890411,0.2735414546,uncertain,1,1,1,1,0,0,0
2023-11-20,0.002380094572,0,0,0,0,0.002380094572,0.0003,0,0,0,0.002380094572,0.002043944813,0.0001095890411,0.259220386,uncertain,0,2.5,1,1,0,0,0
2023-11-21,-0.0455857307,0,0,0,0,-0.0455857307,0.0003,0,0,0,-0.0455857307,0.008159102499,0.0001095890411,0.2520571853,uncertain,1,1,1,1,0,0,0
2023-11-22,0.04663159088,0,0,0,0,0.04663159088,0.0003,0,0,0,0.04663159088,0.002529084471,0.0001095890411,0.1916878442,uncertain,1,1,1,1,0,0,0
2023-11-23,-0.003049052698,0,0,0,0,-0.003049052698,0.0003,0,0,0,-0.003049052698,-0.001009081736,0.0001095890411,0.131186916,uncertain,0,2.5,1,1,0,0,0
2023-11-24,0.01124274285,0,0,0,0,0.01124274285,0.0003,0,0,0,0.01124274285,0.002525252525,0.0001095890411,0.09938911167,uncertain,0,2.5,1,1,0,0,0
2023-11-25,0.001779200431,0,0,0,0,0.001779200431,0.0003,0,0,0,0.001779200431,-0.001007556675,0.0001095890411,0.09327212826,uncertain,0,2.5,1,1,0,0,0
2023-11-26,-0.008820383545,0,0,0,0,-0.008820383545,0.0003,0,0,0,-0.008820383545,0.0005042864347,0.0001095890411,0.106261599,uncertain,0,2.5,1,1,0,0,0
2023-11-27,-0.005467130855,0,0,0,0,-0.005467130855,0.0003,0,0,0,-0.005467130855,0.006552419355,0.0001095890411,0.1049040453,uncertain,0,2.5,1,1,0,0,0
2023-11-28,0.01547068285,0,0,0,0,0.01547068285,0.0003,0,0,0,0.01547068285,0.01301952929,0.0001095890411,0.09277016519,uncertain,0,2.5,1,1,0,0,0
2023-11-29,0.0009458241349,0,0,0,0,0.0009458241349,0.0003,0,0,0,0.0009458241349,0.0009886307464,0.0001095890411,0.09537712134,uncertain,0,2.5,1,1,0,0,0
2023-11-30,-0.003452152761,0,0,0,0,-0.003452152761,0.0003,0,0,0,-0.003452152761,-0.000987654321,0.0001095890411,0.0980402167,uncertain,0,2.5,1,1,0,0,0
2023-12-01,0.02540984563,0,0,0.01754823976,-0.01744371953,0.02540984563,0.0003,0,0,0,0.02540984563,0.01384083045,0.0001095890411,0.08903609926,uncertain,0,2.5,1,1,0,0,0
2023-12-02,0.0198495341,0,0,0,0,0.0198495341,0.00025464,0.0002452452102,0,0,0.0198495341,-0.003412969283,0.0001095890411,0.09206545303,uncertain,0,2.5,1,1,1,0,0
2023-12-03,0.01322954042,0,0,0,0,0.01322954042,0.0003,0.01832156971,0.001439682889,0,0.01322954042,0.02152641879,0.0001095890411,0.1290370587,uncertain,0,2.5,1,1,1,1,0
2023-12-04,0.05050602593,0.003157228916,0,0,0,0.05050602593,0.0003,0.02430886056,0.004936055618,0,0.05050602593,-0.02969348659,0.0001095890411,0.1513815509,uncertain,0,2.5,1,1,1,1,0
2023-12-05,0.04958717443,0,0,0,0,0.04958717443,0.0003,0.02406361535,0.004936055618,0,0.04958717443,-0.006910167818,0.0001095890411,0.1976218175,uncertain,0,2.5,1,1,1,1,0
2023-12-06,-0.007048028149,0,-0.005873594752,0.006708329694,-0.01066820054,-0.007048028149,0.0003,0.005987290858,0.00349637273,0,-0.007048028149,-0.002485089463,0.0001095890411,0.2588104381,uncertain,1,1,1,1,1,1,0
2023-12-07,-0.01118646957,0,0,0,0,-0.01118646957,0.0003,0,0,0,-0.01118646957,0.00548081714,0.0001095890411,0.248718188,uncertain,1,1,1,1,0,0,0
2023-12-08,0.02074843656,0,0,0.00324426861,-0.0147197724,0.02074843656,0.0005353,0,0,0,0.02074843656,-0.007433102081,0.0001095890411,0.222435473,uncertain,1,1,1,1,0,0,0
2023-12-09,-0.01035498638,0,0,0,0,-0.01035498638,0.00058855,0,0,0,-0.01035498638,-0.00299550674,0.0001095890411,0.2398971838,uncertain,1,1,1,1,0,0,0
2023-12-10,0.001736530508,0,0,0,0,0.001736530508,0.0006503,0,0,0,0.001736530508,-0.003505257887,0.0001095890411,0.1910708919,uncertain,1,1,1,1,0,0,0
2023-12-11,-0.05791592553,-0.01827818755,0,0,0,-0.05791592553,0.0003473,0,0,0,-0.05791592553,-0.01005025126,0.0001095890411,0.1739302009,uncertain,1,1,1,1,0,0,0
2023-12-12,0.005793219468,0,0,0,0,0.005793219468,0.0003,0,0,0,0.005793219468,-0.003045685279,0.0001095890411,0.1110530568,uncertain,1,1,1,1,0,0,0
2023-12-13,0.03317813218,0,0.03245516395,0.01409270094,0.01004185307,0.03317813218,0.00034672,0,0,0,0.03317813218,0.02393075356,0.0001095890411,0.1194756224,uncertain,1,1,1,1,0,0,0
2023-12-14,0.003574375254,0,0,0,0,0.003574375254,0.0003,0,0,0,0.003574375254,0.002983590254,0.0001095890411,0.1756880207,uncertain,1,1,1,1,0,0,0
2023-12-15,-0.02514884155,0,0,0,0,-0.02514884155,0.0003,0,0,0,-0.02514884155,-0.006941001487,0.0001095890411,0.2101496462,uncertain,1,1,1,1,0,0,0
2023-12-16,0.008052636724,0,0,0,0,0.008052636724,0.0003,0,0,0,0.008052636724,-0.003994008987,0.0001095890411,0.1078260456,uncertain,1,1,1,1,0,0,0
2023-12-17,-0.0213675992,0,0,0,0,-0.0213675992,0.0003,0,0,0,-0.0213675992,0.002005012531,0.0001095890411,0.1690798266,uncertain,0,2.5,1,1,0,0,0
2023-12-18,0.03101295117,0,0,0,0,0.03101295117,0.00038966,0,0,0,0.03101295117,0.006003001501,0.0001095890411,0.130025138,uncertain,0,2.5,1,1,0,0,0
2023-12-19,-0.008950531907,0,0,0,0,-0.008950531907,0.0003,0,0,0,-0.008950531907,0.00447538538,0.0001095890411,0.1665303912,uncertain,1,1,1,1,0,0,0
2023-12-20,0.03294872574,0,0,0,0,0.03294872574,0.00044143,0,0,0,0.03294872574,-0.00396039604,0.0001095890411,0.1315885552,uncertain,0,2.5,1,1,0,0,0
2023-12-21,0.004416641305,0,0,0,0,0.004416641305,0.00085307,0,0,0,0.004416641305,0.008946322068,0.0001095890411,0.1660975338,uncertain,1,1,1,1,0,0,0
2023-12-22,0.0024449521,0,0,0,0,0.0024449521,0.00078427,0,0,0,0.0024449521,-0.0009852216749,0.0001095890411,0.2271901269,uncertain,0,2.5,1,1,0,0,0
2023-12-23,-0.006069725425,0,0,0,0,-0.006069725425,0.00041351,0,0,0,-0.006069725425,-0.0009861932939,0.0001095890411,0.1753806771,uncertain,0,2.5,1,1,0,0,0
2023-12-24,-0.01626143879,0,0,0,0,-0.01626143879,0.00050519,0,0,0,-0.01626143879,0.001480750247,0.0001095890411,0.1718193782,uncertain,0,2.5,1,1,0,0,0
2023-12-25,0.01359873463,0,0,0,0,0.01359873463,0.00057908,0,0,0,0.01359873463,0.0009857072449,0.0001095890411,0.1399477695,uncertain,0,2.5,1,1,0,0,0
2023-12-26,-0.02449047219,0,0,0,0,-0.02449047219,0.00096707,0,0,0,-0.02449047219,0.002461841457,0.0001095890411,0.1533974914,uncertain,0,2.5,1,1,0,0,0
2023-12-27,0.02164062939,0,0,0,0,0.02164062939,0.00097867,0,0,0,0.02164062939,0.008349705305,0.0001095890411,0.1351628136,uncertain,0,2.5,1,1,0,0,0
2023-12-28,-0.01991970775,0,0,0,0,-0.01991970775,0.00101052,0,0,0,-0.01991970775,-0.002922552362,0.0001095890411,0.1661036928,uncertain,0,2.5,1,1,0,0,0
2023-12-29,-0.01167213611,0,0,0,0,-0.01167213611,0.00152164,0,0,0,-0.01167213611,-0.005862237421,0.0001095890411,0.1254635583,uncertain,0,2.5,1,1,0,0,0
2023-12-30,0.001743173679,0,0,0,0,0.001743173679,0.00114455,0,0,0,0.001743173679,-0.002948402948,0.0001095890411,0.1112759228,uncertain,0,2.5,1,1,0,0,0
2023-12-31,0.003400546935,0,0,0,0,0.003400546935,0.00096025,0,0,0,0.003400546935,-0.0004928536225,0.0001095890411,0.1170693639,uncertain,0,2.5,1,1,0,0,0
2024-01-01,0.04483939156,0.03050497603,0,0,0,0.04483939156,0.00098223,0,0,0,0.04483939156,0.0004930966469,0.0001095890411,0.09309269406,uncertain,0,2.5,1,1,0,0,0
2024-01-02,0.01736912214,0,0,0,0,0.01736912214,0.00154755,0,0,0,0.01736912214,0.002957121735,0.0001095890411,0.1198772634,uncertain,0,2.5,1,1,0,0,0
2024-01-03,-0.04675916542,0,-0.1753803884,-0.1547181594,-0.1565042632,-0.04675916542,0.00048282,0,0,0,-0.04675916542,-0.008353808354,0.0001095890411,0.1244525578,uncertain,0,2.5,1,1,0,0,0
2024-01-04,0.03047877208,0,0,0,0,0.03047877208,0.0003,0,0,0,0.03047877208,0.001486620416,0.0001095890411,0.02034073887,uncertain,0,2.5,1,1,0,0,0
2024-01-05,-0.0001356704589,0,0,0.02620499159,0.001958449844,-0.001135670459,0.0003,0,0,0,-0.0001356704589,-0.0004948045522,0.0001095890411,0.001764786497,uncertain,0,2.5,1,1,0,0,0
2024-01-06,-0.004004747072,0,0,0,0,0,0.0003,0,0,0,-0.004004747072,-0.00198019802,0.0001095890411,0.008738493909,uncertain,0,2.5,1,0,0,0,0
2024-01-07,-0.0008938253725,0,0,0,0,0,0.0003,0,0,0,-0.0008938253725,-0.000496031746,0.0001095890411,0.01606493081,uncertain,0,2.5,1,0,0,0,0
2024-01-08,0.06879324875,0.1111778191,0,0,0,0,0.0003,0,0,0,0.06879324875,-0.003970223325,0.0001095890411,-0.005478029811,uncertain,0,2.5,1,0,0,0,0
2024-01-09,-0.01791312823,0,0,0,0,0,0.0003,-0.009355236379,0,0,-0.01791312823,0.003986048829,0.0001095890411,0.0740602467,uncertain,1,1,1,0,1,0,0
2024-01-10,0.01179765777,0,0.08964848233,-0.02316419831,0.005419330934,0,0.0003,-0.009453712552,0,0,0.01179765777,-0.007444168734,0.0001095890411,0.05299191519,uncertain,1,1,1,0,1,0,0
2024-01-11,-0.006748190241,0,0,0,0,0,0.0003,-0.009453712552,0,0,-0.006748190241,0.006,0.0001095890411,0.1309126036,uncertain,0,2.5,1,0,1,0,0
2024-01-12,-0.07674783056,0,0,-0.01543521981,0.0773080699,0,0.0003,-9.847617241e-05,0,0,-0.07674783056,0.004970178926,0.0001095890411,0.1168110586,uncertain,0,2.5,1,0,1,0,0
2024-01-13,0.001525381854,0,0,0,0,0,0.0003,-0.0003598240161,0,0,0.001525381854,-0.001978239367,0.0001095890411,-0.002013108298,uncertain,1,1,1,0,-1,0,0
2024-01-14,-0.02603716067,0,0,0,0,0,0.0003,-0.0008033280359,0,0,-0.02603716067,0.001982160555,0.0001095890411,-0.004050693757,uncertain,1,1,1,0,-1,0,0
2024-01-15,0.01866058346,0,0,0,0,0,0.0003,-0.0008033280359,0,0,0.01866058346,0.008902077151,0.0001095890411,-0.004958238258,bear,1,1,1,0,-1,0,0
2024-01-16,0.01474556057,0,0,0,0,0,0.0003,-0.0004435040198,0,0,0.01474556057,-0.01078431373,0.0001095890411,0.005512792342,uncertain,1,1,1,0,-1,0,0
2024-01-17,-0.008388205745,0,0,0,0,0,0.0003,0,0,0,-0.008388205745,-0.006442021804,0.0001095890411,0.04261788317,uncertain,1,1,1,0,0,0,0
2024-01-18,-0.03386470482,0,0,0,0,0,0.0003,0,0,0,-0.03386470482,0.005486284289,0.0001095890411,0.002773232562,uncertain,1,1,1,0,0,0,0
2024-01-19,0.008022019237,0,0,0,0,0,0.0003,0,0,0,0.008022019237,-0.002976190476,0.0001095890411,-0.0224356662,bear,1,1,1,0,0,0,0
2024-01-20,0.0008884028265,0,0,0,0,0,0.0003,0,0,0,0.0008884028265,0.001990049751,0.0001095890411,-0.04602585866,bear,1,1,1,0,0,0,0
2024-01-21,-0.002775083677,0,0,0,0,0,0.0003,0,0,0,-0.002775083677,-0.002979145978,0.0001095890411,-0.04937690656,bear,1,1,1,0,0,0,0
2024-01-22,-0.0483957198,0,0,0,0,0,0.0003,0,0,0,-0.0483957198,-0.003486055777,0.0001095890411,-0.05432709015,bear,1,1,1,0,0,0,0
2024-01-23,0.008329453938,0,0,0,0,0,0.0003,0,0,0,0.008329453938,0.003998001,0.0001095890411,-0.09459807021,bear,1,1,1,0,0,0,0
2024-01-24,0.004694016683,0,0,0,0,0,0.0003,0,0,0,0.004694016683,-0.002488800398,0.0001095890411,-0.07196538851,bear,1,1,1,0,0,0,0
2024-01-25,-0.003088196846,0,0,0,0,0,0.0003,0,0,0,-0.003088196846,-0.000499001996,0.0001095890411,-0.08011840427,bear,1,1,1,0,0,0,0
2024-01-26,0.04660583583,0,0,0,0,0,0.0003,0,0,0,0.04660583583,-0.001997004493,0.0001095890411,-0.05993658274,bear,1,1,1,0,0,0,0
2024-01-27,0.007104138318,0,0,0,0,0,0.00027266,0,0,0,0.007104138318,-0.0005002501251,0.0001095890411,-0.03696482868,uncertain,1,1,1,0,0,0,0
2024-01-28,-0.002126511403,0,0,0,0,0,0.00024725,0,0,0,-0.002126511403,0.004504504505,0.0001095890411,-0.01041096933,uncertain,1,1,1,0,0,0,0
2024-01-29,0.03025476874,0,0,0,0,0,0.00029142,0,0,0,0.03025476874,0.0009965122073,0.0001095890411,-0.0008531638258,uncertain,1,1,1,0,0,0,0
2024-01-30,-0.008350518559,0,0,0,0,0,0.00024641,0,0,0,-0.008350518559,0.002986560478,0.0001095890411,0.02758453432,uncertain,1,1,1,0,0,0,0
2024-01-31,-0.008409193057,0,0,0,0,0,0.00022154,0,0,0,-0.008409193057,0.003970223325,0.0001095890411,0.01555024433,uncertain,1,1,1,0,0,0,0
2024-02-01,0.01181164866,0,0,0,0,0,0.0003,0,0,0,0.01181164866,0.006426099852,0.0001095890411,-0.03620566529,uncertain,1,1,1,0,0,0,0
2024-02-02,0.002717084767,0,0,-0.009475416645,-0.005688281501,0,0.0003,0,0,0,0.002717084767,-0.005402750491,0.0001095890411,-0.04147048151,uncertain,1,1,1,0,0,0,0
2024-02-03,-0.004372916667,0,0,0,0,0,0.00024697,0,0,0,-0.004372916667,-0.002962962963,0.0001095890411,0.008280268305,uncertain,1,1,1,0,0,0,0
2024-02-04,-0.009955804422,0,0,0,0,0,0.00027153,0,0,0,-0.009955804422,0,0.0001095890411,-0.02582064773,uncertain,1,1,1,0,0,0,0
2024-02-05,0.002954708559,-0.002816120442,0,0,0,0,0.0003,0,0,0,0.002954708559,-0.005448241704,0.0001095890411,-0.03538851755,uncertain,1,1,1,0,0,0,0
2024-02-06,0.009137482527,0,0,0,0,0,0.00026723,0,0,0,0.009137482527,0.003984063745,0.0001095890411,-0.02864835409,uncertain,1,1,1,0,0,0,0
2024-02-07,0.02901810833,0,0.01566593881,0.006490186916,0.001916851676,0,0.00021206,0,0,0,0.02901810833,0.000496031746,0.0001095890411,-0.01889570949,uncertain,1,1,1,0,0,0,0
2024-02-08,0.02117380991,0,0,0,0,0,0.00019125,0,0,0,0.02117380991,-0.001983143282,0.0001095890411,-0.05540750535,uncertain,0,2.5,1,0,0,0,0
2024-02-09,0.04071925306,0,0,0.07251994269,0.06220417104,0,0.00022961,0,0,0,0.04071925306,-0.005464480874,0.0001095890411,-0.01781283886,uncertain,0,2.5,1,0,0,0,0
2024-02-10,0.01311868579,0,0,0,0,0,0.00028041,0.004569701819,0,0,0.01311868579,-0.001498501499,0.0001095890411,0.01026235913,uncertain,0,2.5,1,0,1,0,0
2024-02-11,0.01149502556,0,0,0,0,0,0.0003,0.006749098072,0,0,0.01149502556,0.00300150075,0.0001095890411,0.03046947765,uncertain,0,2.5,1,0,1,0,0
2024-02-12,0.0334840649,0.08888481218,0,0,0,0,0.0003,0.006749098072,0,0,0.0334840649,-0.001995012469,0.0001095890411,0.1289599799,uncertain,0,2.5,1,0,1,0,0
2024-02-13,-0.004360815405,0,0,0,0,0,0.0003,0.002179396252,0,0,-0.004360815405,-0.006996501749,0.0001095890411,0.164985102,uncertain,0,2.5,1,0,1,0,0
2024-02-14,0.04216493536,0,0.1402138205,0.1107221146,0.1176240429,0,0.00032283,0,0,0,0.04216493536,-0.003522898842,0.0001095890411,0.1909128051,uncertain,0,2.5,1,0,0,0,0
2024-02-15,0.001637797501,0,0,0,0,0.001637797501,0.0003,0,0,0,0.001637797501,0.00101010101,0.0001095890411,0.2183916671,uncertain,0,2.5,1,1,0,0,0
2024-02-16,0.004705281419,0,0,0,0,0.004705281419,0.0003,0,0,0,0.004705281419,0.002018163471,0.0001095890411,0.2026533482,uncertain,0,2.5,1,1,0,0,0
2024-02-17,-0.009236992248,0,0,0,0,-0.009236992248,0.00036041,0,0,0,-0.009236992248,0.002517623364,0.0001095890411,0.2185334801,uncertain,0,2.5,1,1,0,0,0
2024-02-18,0.009585683458,0,0,0,0,0.009585683458,0.0004964,0,0,0,0.009585683458,0,0.0001095890411,0.2495950638,uncertain,0,2.5,1,1,0,0,0
2024-02-19,-0.006961185646,0,0,0,0,-0.006961185646,0.00055985,0,0,0,-0.006961185646,-0.001004520342,0.0001095890411,0.2515334611,uncertain,0,2.5,1,1,0,0,0
2024-02-20,0.009349928044,0,0,0,0,0.009349928044,0.00041632,0,0,0,0.009349928044,0.00754147813,0.0001095890411,0.2417181584,uncertain,0,2.5,1,1,0,0,0
2024-02-21,-0.007834658341,0,0,0,0,-0.007834658341,0.00031242,0,0,0,-0.007834658341,-0.000998003992,0.0001095890411,0.2568159031,uncertain,0,2.5,1,1,0,0,0
2024-02-22,-0.01081922082,0,0,0,0,-0.01081922082,0.00036037,0,0,0,-0.01081922082,-0.0004995004995,0.0001095890411,0.3103862665,uncertain,0,2.5,1,1,0,0,0
2024-02-23,-0.0106119471,0,0,0,0,-0.0106119471,0.00032991,0,0,0,-0.0106119471,0.003498250875,0.0001095890411,0.2855013835,uncertain,0,2.5,1,1,0,0,0
2024-02-24,0.01623970448,0,0,0,0,0.01623970448,0.0003,0,0,0,0.01623970448,0,0.0001095890411,0.2659174731,uncertain,0,2.5,1,1,0,0,0
2024-02-25,0.003114902938,0,0,0,0,0.003114902938,0.00041512,0,0,0,0.003114902938,0,0.0001095890411,0.2904607957,uncertain,0,2.5,1,1,0,0,0
2024-02-26,0.05311581448,0,0,0,0,0.05311581448,0.00075555,0,0,0,0.05311581448,-0.001494023904,0.0001095890411,0.23683665,uncertain,0,2.5,1,1,0,0,0
2024-02-27,0.04700873607,0,0,0,0,0.04700873607,0.00128748,0,0,0,0.04700873607,0,0.0001095890411,0.2933441404,uncertain,0,2.5,1,1,0,0,0
2024-02-28,0.09458295215,0,0,0,0,0.09458295215,0.00103949,0,0,0,0.09458295215,0.006982543641,0.0001095890411,0.35702835,uncertain,0,2.5,1,1,0,0,0
2024-02-29,-0.02084056119,0,0,0,0,-0.02084056119,0.00202459,0,0,0,-0.02084056119,-0.01188707281,0.0001095890411,0.4417599826,uncertain,0,2.5,1,1,0,0,0
2024-03-01,0.02056109684,0,0,0.0515666625,0.04874749093,0.02056109684,0.00164156,0,0,0,0.02056109684,0.01203007519,0.0001095890411,0.4236006996,uncertain,0,2.5,1,1,0,0,0
2024-03-02,-0.00642143749,0,0,0,0,-0.00642143749,0.00146996,0,0,0,-0.00642143749,0.005943536404,0.0001095890411,0.4651925787,uncertain,0,2.5,1,1,0,0,0
2024-03-03,0.0181761484,0,0,0,0,0.0181761484,0.00133854,0,0,0,0.0181761484,-0.003938946332,0.0001095890411,0.4387894605,uncertain,0,2.5,1,1,0,0,0
2024-03-04,0.08130909845,0.134383306,0,0,0,0.08130909845,0.00165524,0,0,0,0.08130909845,0.02076124567,0.0001095890411,0.4609715278,uncertain,0,2.5,1,1,0,0,0
2024-03-05,-0.06625617933,0,0,0,0,-0.06625617933,0.00220077,0,0,-0.02342858403,-0.06625617933,0.01162227603,0.0001095890411,0.5867003138,strong_bull,1,1,1,1,0,0,0
2024-03-06,0.03687825044,0,0.1395145537,0.04693684031,0.08124990743,0.03687825044,0.0011951,0,0,0,0.03687825044,0.01053135472,0.0001095890411,0.4964701777,uncertain,1,1,1,1,0,0,0
2024-03-07,0.01133773567,0,0,0,0,0.01133773567,0.00125512,0,0,0.01163835735,0.01133773567,0.009474182852,0.0001095890411,0.5470861909,strong_bull,1,1,1,1,0,0,0
2024-03-08,0.01946959415,0,0,0.007655833819,0.01650376841,0.01946959415,0.00141229,0,0,0.003773819001,0.01946959415,0,0.0001095890411,0.5504593499,strong_bull,1,1,1,1,0,0,0
2024-03-09,0.002775519239,0,0,0,0,0.002775519239,0.00076822,0,0,0.005626570805,0.002775519239,-0.0004692632567,0.0001095890411,0.5360722532,strong_bull,1,1,1,1,0,0,0
2024-03-10,0.009406810712,0,0,0,0,0.009406810712,0.0014894,0,0,-0.006847263015,0.009406810712,0.005164319249,0.0001095890411,0.508397137,strong_bull,1,1,1,1,0,0,0
2024-03-11,0.04527851722,0.05584043857,0,0,0,0.04527851722,0.00180313,0,0,0.04804214033,0.04527851722,0.008874357777,0.0001095890411,0.4630135254,strong_bull,1,1,1,1,0,0,0
2024-03-12,-0.008686272252,0,0,0,0,-0.008686272252,0.00137705,0,0,-0.02087187562,-0.008686272252,-0.007407407407,0.0001095890411,0.5094545486,strong_bull,1,1,1,1,0,0,0
2024-03-13,0.02267815839,0,0.003577596018,0.0002516583647,-0.01819477568,0.02267815839,0.00143046,0,0,0.006238756168,0.02267815839,0.004197761194,0.0001095890411,0.4793379874,strong_bull,1,1,1,1,0,0,0
2024-03-14,-0.0230383807,0,0,0,0,-0.0230383807,0.00101404,0,0,-0.03073569401,-0.0230383807,-0.003715745471,0.0001095890411,0.4638703198,strong_bull,1,1,1,1,0,0,0
2024-03-15,-0.02646194214,0,0,0,0,-0.02646194214,0.00068149,0,0,-0.03594043847,-0.02646194214,-0.005128205128,0.0001095890411,0.4364090328,strong_bull,1,1,1,1,0,0,0
2024-03-16,-0.06042056206,0,0,0,0,-0.06042056206,0.00054015,0,0,-0.06004860389,-0.06042056206,-0.007497656982,0.0001095890411,0.3418210617,strong_bull,1,1,1,1,0,0,0
2024-03-17,0.04736324902,0,0,0,0,0.04736324902,0.00055689,0,0,0,0.04736324902,0.001888574127,0.0001095890411,0.2586860062,uncertain,1,1,1,1,0,0,0
2024-03-18,-0.01145562413,0,0,0,0,-0.01145562413,0.00077973,0,0,0,-0.01145562413,0.009425070688,0.0001095890411,0.3121275356,uncertain,1,1,1,1,0,0,0
2024-03-19,-0.08390165418,0,0,0,0,-0.08390165418,0.00080006,0,0,0,-0.08390165418,-0.00466853408,0.0001095890411,0.3091892669,uncertain,1,1,1,1,0,0,0
2024-03-20,0.09530768163,0,0,0,0,0.09530768163,0.00044235,0,0,0,0.09530768163,0.02485928705,0.0001095890411,0.1879587254,uncertain,1,1,1,1,0,0,0
2024-03-21,-0.03448146248,0,0,0,0,-0.03448146248,0.00049217,0,0,0,-0.03448146248,-0.005034324943,0.0001095890411,0.3103015699,uncertain,1,1,1,1,0,0,0
2024-03-22,-0.0260243809,0,0,0,0,-0.0260243809,0.00038264,0,0,0,-0.0260243809,-0.01103955842,0.0001095890411,0.253401244,uncertain,1,1,1,1,0,0,0
2024-03-23,0.003031037371,0,0,0,0,0.003031037371,0.00030806,0,0,0,0.003031037371,-0.001860465116,0.0001095890411,0.2304221901,uncertain,1,1,1,1,0,0,0
2024-03-24,0.05032004214,0,0,0,0,0.05032004214,0.00040851,0,0,0,0.05032004214,0.007921714818,0.0001095890411,0.2476502493,uncertain,1,1,1,1,0,0,0
2024-03-25,0.0397265347,0,0,0,0,0.0397265347,0.00070688,0,0,0,0.0397265347,0.003698566805,0.0001095890411,0.3244874532,uncertain,1,1,1,1,0,0,0
2024-03-26,0.001545363259,0,0,0,0,0.001545363259,0.00067075,0,0,-0.002360623548,0.001545363259,-0.002303086135,0.0001095890411,0.3550983532,strong_bull,1,1,1,1,0,0,0
2024-03-27,-0.007401411671,0,0,0,0,-0.007401411671,0.00101939,0,0,-0.02551228769,-0.007401411671,0.002770083102,0.0001095890411,0.352978077,strong_bull,1,1,1,1,0,0,0
2024-03-28,0.01886584409,0,0,0,0,0.01886584409,0.00083524,0,0,0,0.01886584409,0.01841620626,0.0001095890411,0.2752292871,uncertain,1,1,1,1,0,0,0
2024-03-29,-0.0131400412,0,0,0,0,-0.0131400412,0.00073876,0,0,0,-0.0131400412,0.002712477396,0.0001095890411,0.2409519799,uncertain,1,1,1,1,0,0,0
2024-03-30,-0.003841917328,0,0,0,0,-0.003841917328,0.00086251,0,0,0,-0.003841917328,-0.005861136159,0.0001095890411,0.1188241305,uncertain,1,1,1,1,0,0,0
2024-03-31,0.02440035653,0,0,0,0,0.02440035653,0.00112541,0,0,0,0.02440035653,0.007709750567,0.0001095890411,0.1382474156,uncertain,1,1,1,1,0,0,0
2024-04-01,-0.02287050745,-0.00753563987,0,0,0,-0.02287050745,0.00131121,0,0,0,-0.02287050745,0.003600360036,0.0001095890411,0.1425294007,uncertain,1,1,1,1,0,0,0
2024-04-02,-0.06009794716,0,0,0,0,-0.06009794716,0.00037382,0,0,0,-0.06009794716,0.01434977578,0.0001095890411,0.1236143931,uncertain,1,1,1,1,0,0,0
2024-04-03,0.007626941163,0,0.009712712012,-0.007868817948,-0.002564728238,0.007626941163,0.0003,0,0,0,0.007626941163,0.01679929266,0.0001095890411,0.0372345457,uncertain,1,1,1,1,0,0,0
2024-04-04,0.03827144436,0,0,0,0,0.03827144436,0.0003,0,0,0,0.03827144436,-0.01347826087,0.0001095890411,-0.03344430002,uncertain,1,1,1,1,0,0,0
2024-04-05,-0.009741444424,0,0,-0.00686352195,-0.009083955506,-0.01074144442,0.0003,0,0,0,-0.009741444424,0.0211546937,0.0001095890411,0.07475643796,uncertain,1,1,1,1,0,0,0
2024-04-06,0.01585623959,0,0,0,0,0,0.0003,0,0,0,0.01585623959,-0.005610703496,0.0001095890411,0.02643367955,uncertain,1,1,1,0,0,0,0
2024-04-07,0.006740449373,0,0,0,0,0,0.0003,0,0,0,0.006740449373,-0.005642361111,0.0001095890411,0.03101962987,uncertain,1,1,1,0,0,0,0
2024-04-08,0.03257781567,0.02715398821,0,0,0,0,0.00055189,0,0,0,0.03257781567,0.01265822785,0.0001095890411,0.0181462708,uncertain,1,1,1,0,0,0,0
2024-04-09,-0.03454342362,0,0,0,0,0,0.00060579,0,-0.006453826822,-0.05394448399,-0.03454342362,0.005603448276,0.0001095890411,0.04840538302,strong_bull,1,1,1,0,0,1,0
2024-04-10,0.0214774535,0,-0.0002432828182,-0.01437646684,-0.01602031164,0,0.00034386,0,-0.008046329545,0,0.0214774535,-0.003857693956,0.0001095890411,0.002757125281,uncertain,1,1,1,0,0,1,0
2024-04-11,-0.008846672032,0,0,0,0,0,0.00053895,0,-0.008046329545,-0.01366141515,-0.008846672032,0.01764199656,0.0001095890411,-0.02007572342,mild_bull,1,1,1,0,0,1,0
2024-04-12,-0.0412778977,0,0,-0.01684674411,-0.02143769118,0,0.00049102,0,-0.001592502722,-0.07718550644,-0.0412778977,-0.00422832981,0.0001095890411,-0.02023428032,mild_bull,1,1,1,0,0,1,0
2024-04-13,-0.04755922983,0,0,0,0,0,0.0003,0,0.0112710084,0,-0.04755922983,0.04118895966,0.0001095890411,-0.08150668631,uncertain,1,1,1,0,0,-1,0
2024-04-14,0.02717783836,0,0,0,0,0,0.0003,0,0.01319532691,0,0.02717783836,-0.0248776509,0.0001095890411,-0.1045600341,bear,1,1,1,0,0,-1,0
2024-04-15,-0.03414235727,0,0,0,0,0,0.00021759,0,0.01319532691,0,-0.03414235727,0.01714763697,0.0001095890411,-0.05522328465,uncertain,1,1,1,0,0,-1,0
2024-04-16,0.005887733505,0,0,0,0,0,0.00018991,0,0.001924318508,0,0.005887733505,-0.01151315789,0.0001095890411,-0.02879972215,bear,1,1,1,0,0,-1,0
2024-04-17,-0.03944013635,0,0,0,0,0,0.00016483,0,0,0,-0.03944013635,-0.003327787022,0.0001095890411,-0.06725918903,bear,1,1,1,0,0,0,0
2024-04-18,0.03578335689,0,0,0,0,0,9.585e-05,0,0,0,0.03578335689,-0.005008347245,0.0001095890411,-0.09366396889,bear,1,1,1,0,0,0,0
2024-04-19,0.005481795517,0,0,0,0,0,9.401e-05,0,0,0,0.005481795517,0.004194630872,0.0001095890411,0.02474563027,uncertain,1,1,1,0,0,0,0
2024-04-20,0.01759033226,0,0,0,0,0,0.00013438,0,0,0,0.01759033226,-0.001670843776,0.0001095890411,-0.05929348114,bear,1,1,1,0,0,0,0
2024-04-21,8.623266281e-06,0,0,0,0,0,9.364e-05,0,0,0,8.623266281e-06,-0.005439330544,0.0001095890411,-0.008559834031,uncertain,1,1,1,0,0,0,0
2024-04-22,0.0289211078,0,0,0,0,0,7.804e-05,0,0,0,0.0289211078,-0.02313840976,0.0001095890411,0.01793997301,uncertain,1,1,1,0,0,0,0
2024-04-23,-0.006065910279,0,0,0,0,0,2.921e-05,0,0,0,-0.006065910279,-0.005598621878,0.0001095890411,0.04421487041,uncertain,1,1,1,0,0,0,0
2024-04-24,-0.03198738218,0,0,0,0,0,0.00013762,0,0,0,-0.03198738218,-0.005630142919,0.0001095890411,-0.01184332865,uncertain,1,1,1,0,0,0,0
2024-04-25,0.003247026463,0,0,0,0,0,0.00012229,0,0,0,0.003247026463,0.01350174216,0.0001095890411,-0.08000027476,bear,1,1,1,0,0,0,0
2024-04-26,-0.01129222861,0,0,0,0,0,7.956e-05,0,0,0,-0.01129222861,0.007735281478,0.0001095890411,-0.07843716066,bear,1,1,1,0,0,0,0
2024-04-27,-0.004830326983,0,0,0,0,0,0.00020304,0,0,0,-0.004830326983,0.005117270789,0.0001095890411,-0.08204952959,bear,1,1,1,0,0,0,0
2024-04-28,-0.005410483568,0,0,0,0,0,1.707e-05,0,0,0,-0.005410483568,-0.0004242681375,0.0001095890411,-0.1033986714,bear,1,1,1,0,0,0,0
2024-04-29,0.01184087992,0,0,0,0,0,0.00014844,0,0,0,0.01184087992,-0.005093378608,0.0001095890411,-0.09637606238,bear,1,1,1,0,0,0,0
2024-04-30,-0.05001096045,0,0,0,0,0,0.00028894,0,0,0,-0.05001096045,-0.01791808874,0.0001095890411,-0.08215005624,bear,1,1,1,0,0,0,0
2024-05-01,-0.03802462421,0,-0.002493526713,-0.05037857341,-0.03968770657,0,0.00028848,0,0,0,-0.03802462421,0.003475238923,0.0001095890411,-0.1488216682,bear,1,1,1,0,0,0,0
2024-05-02,0.01191879307,0,0,0,0,0,0.0001268,-0.006201341515,0,0,0.01191879307,-0.008225108225,0.0001095890411,-0.1620224322,bear,1,1,1,0,-1,0,0
2024-05-03,0.06470302288,0,0,0.03148108014,0.01541283462,0,2.778e-05,-0.008155188842,0,0,0.06470302288,-0.0008729812309,0.0001095890411,-0.09781530273,bear,1,1,1,0,-1,0,0
2024-05-04,0.01606230462,0,0,0,0,0,0.00016423,-0.008155188842,0,0,0.01606230462,-0.00131061599,0.0001095890411,-0.04671189789,bear,1,1,1,0,-1,0,0
2024-05-05,0.001877542179,0,0,0,0,0,0.00011446,-0.001953847327,0,0,0.001877542179,-0.0008748906387,0.0001095890411,-0.0671032019,uncertain,1,1,1,0,-1,0,0
2024-05-06,-0.01322892583,-0.01734434713,0,0,0,0,7.317e-05,0,0,0,-0.01322892583,0.008318739054,0.0001095890411,-0.05615725719,uncertain,1,1,1,0,0,0,0
2024-05-07,-0.01350601494,0,0,0,0,0,0.00016673,0,0,0,-0.01350601494,-0.006513243595,0.0001095890411,-0.08318059104,uncertain,1,1,1,0,0,0,0
2024-05-08,-0.01795879707,0,-0.01796767947,-0.008597339507,-0.002990607851,0,0.00019736,0,0,0,-0.01795879707,0.003933566434,0.0001095890411,-0.1016186616,uncertain,1,1,1,0,0,0,0
2024-05-09,0.03073846809,0,0,0,0,0,0.00016216,0,0,0,0.03073846809,0.01872006966,0.0001095890411,-0.1455874058,uncertain,1,1,1,0,0,0,0
2024-05-10,-0.03605320163,0,0,-0.0001038563066,-0.00424022351,0,0.00014613,0,0,0,-0.03605320163,-0.003418803419,0.0001095890411,-0.08781404564,uncertain,1,1,1,0,0,0,0
2024-05-11,0.0004276316493,0,0,0,0,0,0.00017719,0,0,0,0.0004276316493,0.003430531732,0.0001095890411,-0.1391892917,uncertain,1,1,1,0,0,0,0
2024-05-12,0.01081774419,0,0,0,0,0,0.00015434,0,0,0,0.01081774419,0.001282051282,0.0001095890411,-0.1311346147,uncertain,1,1,1,0,0,0,0
2024-05-13,0.02368242529,0.03056659593,0,0,0,0,0.0002762,0,0,0,0.02368242529,-0.009816474605,0.0001095890411,-0.0839216634,uncertain,1,1,1,0,0,0,0
2024-05-14,-0.02164900331,0,0,0,0,0,0.00024258,0,0,0,-0.02164900331,0.008620689655,0.0001095890411,-0.01539988339,uncertain,0,2.5,1,0,0,0,0
2024-05-15,0.07517373638,0,0,0,0,0,0.00011988,0,0,0,0.07517373638,0.01709401709,0.0001095890411,-0.06220279541,uncertain,0,2.5,1,0,0,0,0
2024-05-16,-0.01467061391,0,0,0,0,0,0.00010794,0,0,0,-0.01467061391,-0.007983193277,0.0001095890411,0.04393740838,uncertain,1,1,1,0,0,0,0
2024-05-17,0.02742062147,0,0,0,0,0,5.164e-05,0,0,0,0.02742062147,0.01228293096,0.0001095890411,0.02260140118,uncertain,1,1,1,0,0,0,0
2024-05-18,-0.001623299117,0,0,0,0,0,7.848e-05,0,0,0,-0.001623299117,-0.002092050209,0.0001095890411,0.09378062407,uncertain,1,1,1,0,0,0,0
2024-05-19,-0.009582127827,0,0,0,0,0,0.00013328,0,0,0,-0.009582127827,0.008385744235,0.0001095890411,0.05427943371,uncertain,1,1,1,0,0,0,0
2024-05-20,0.078048846,0,0,0,0,0,0.00010638,0,0,0,0.078048846,0.003742203742,0.0001095890411,0.0384844341,uncertain,1,1,1,0,0,0,0
2024-05-21,-0.01817132847,0,0,0,0,0,0.00030517,0,0,0,-0.01817132847,-0.0004142502071,0.0001095890411,0.1001843377,uncertain,1,1,1,0,0,0,0
2024-05-22,-0.01399491421,0,0,0,0,0,0.00035759,0,0,0,-0.01399491421,-0.01160381268,0.0001095890411,0.08018321203,uncertain,1,1,1,0,0,0,0
2024-05-23,-0.01730560204,0,0,0,0,0,0.0003,0,0,0,-0.01730560204,-0.01761006289,0.0001095890411,0.03512906148,uncertain,1,1,1,0,0,0,0
2024-05-24,0.008538222574,0,0,0,0,0,0.0003,0,0,0,0.008538222574,0.001280409731,0.0001095890411,0.02342352516,uncertain,1,1,1,0,0,0,0
2024-05-25,0.01080350267,0,0,0,0,0,0.0003,0,0,0,0.01080350267,0,0.0001095890411,0.06626889361,uncertain,1,1,1,0,0,0,0
2024-05-26,-0.01129879578,0,0,0,0,0,0.0003,0,0,0,-0.01129879578,0.002131287298,0.0001095890411,0.07430005175,uncertain,1,1,1,0,0,0,0
2024-05-27,0.01355702216,0,0,0,0,0,0.0003,0,0,0,0.01355702216,0.002552105487,0.0001095890411,0.07429291606,uncertain,1,1,1,0,0,0,0
2024-05-28,-0.01494950129,0,0,0,0,0,0.0003,0,0,0,-0.01494950129,-0.002969876962,0.0001095890411,0.09414219348,uncertain,1,1,1,0,0,0,0
2024-05-29,-0.01090625086,0,0,0,0,0,0.00032558,0,0,0,-0.01090625086,-0.01063829787,0.0001095890411,0.08364837508,uncertain,1,1,1,0,0,0,0
2024-05-30,0.0103433107,0,0,0,0,0,0.0003,0,0,0,0.0103433107,0.005591397849,0.0001095890411,0.05928694454,uncertain,1,1,1,0,0,0,0
2024-05-31,-0.01188199292,0,0,0,0,0,0.00036867,0,0,0,-0.01188199292,-0.002566295979,0.0001095890411,0.1265850804,uncertain,1,1,1,0,0,0,0
2024-06-01,0.003358601812,0,0,0,0,0,0.0003025,0,0,0,0.003358601812,0.005145797599,0.0001095890411,0.1572011431,uncertain,0,2.5,1,0,0,0,0
2024-06-02,-1.80029026e-05,0,0,0,0,0,0.0003,0,0,0,-1.80029026e-05,-0.003839590444,0.0001095890411,0.1474119553,uncertain,0,2.5,1,0,0,0,0
2024-06-03,0.01541002423,0.01695487627,0,0,0,0,0.00034135,0,0,0,0.01541002423,0.005139186296,0.0001095890411,0.07766322991,uncertain,0,2.5,1,0,0,0,0
2024-06-04,0.02511179351,0,0,0,0,0,0.00032008,0,0,0,0.02511179351,-0.005112910098,0.0001095890411,0.07697140364,uncertain,0,2.5,1,0,0,0,0
2024-06-05,0.008083037417,0,0.04635038496,-0.01139226208,-0.01090138632,0,0.00039613,0,0,0.01313428717,0.008083037417,0.01027837259,0.0001095890411,0.1019471349,strong_bull,0,2.5,1,0,0,0,0
2024-06-06,-0.004344658829,0,0,0,0,0,0.00032208,0,0,-0.01508772268,-0.004344658829,0.002543450615,0.0001095890411,0.1257466335,strong_bull,0,2.5,1,0,0,0,0
2024-06-07,-0.0203881238,0,0,0.01544011327,0.001964210651,0,0.00030166,0,0,0,-0.0203881238,-0.02325581395,0.0001095890411,0.1362011989,uncertain,0,2.5,1,0,0,0,0
2024-06-08,-0.0006508486698,0,0,0,0,0,0.0003,0,0,0,-0.0006508486698,-0.003896103896,0.0001095890411,0.1333905185,uncertain,0,2.5,1,0,0,0,0
2024-06-09,0.004871991904,0,0,0,0,0,0.0003,0,0,0,0.004871991904,0.004780530204,0.0001095890411,0.09887511512,uncertain,0,2.5,1,0,0,0,0
2024-06-10,-0.001552661708,0.01286816647,0,0,0,0,0.0003,0,0,0,-0.001552661708,0.001730103806,0.0001095890411,0.1455288068,uncertain,0,2.5,1,0,0,0,0
2024-06-11,-0.0320069025,0,0,0,0,0,0.0003,0,0,0,-0.0320069025,-0.0008635578584,0.0001095890411,0.1432612934,uncertain,0,2.5,1,0,0,0,0
2024-06-12,0.01410919889,0,0.01898240669,0.06719960464,0.07108639555,0,0.0003,0,0,0,0.01410919889,0,0.0001095890411,0.09482549848,uncertain,0,2.5,1,0,0,0,0
2024-06-13,-0.02184138372,0,0,0,0,0,0.0003,0,0,0,-0.02184138372,-0.007346585998,0.0001095890411,0.08458695953,uncertain,0,2.5,1,0,0,0,0
2024-06-14,-0.01091788434,0,0,0.008479563706,0.008223955215,0,0.0003,0,0,0,-0.01091788434,0.01044841097,0.0001095890411,0.08437368915,uncertain,0,2.5,1,0,0,0,0
2024-06-15,0.002789958632,0,0,0,0,0,0.0003,0,0,0,0.002789958632,0.005170185265,0.0001095890411,-0.002454592827,bear,0,2.5,1,0,0,0,0
2024-06-16,0.006773846508,0,0,0,0,0,0.0003,0,0,0,0.006773846508,-0.003000428633,0.0001095890411,0.01522245425,uncertain,0,2.5,1,0,0,0,0
2024-06-17,-0.002587703952,0,0,0,0,0,0.0003,0,0,0,-0.002587703952,-0.005159071367,0.0001095890411,-0.005179189544,bear,0,2.5,1,0,0,0,0
2024-06-18,-0.01998381158,0,0,0,0,0,0.00028236,0,0,0,-0.01998381158,0.002160760588,0.0001095890411,-0.006140159485,bear,0,2.5,1,0,0,0,0
2024-06-19,-0.003083222299,0,0,0,0,0,0.00017094,0,0,0,-0.003083222299,-0.001293661061,0.0001095890411,-0.01657799189,bear,0,2.5,1,0,0,0,0
2024-06-20,-0.001606479601,0,0,0,0,0,0.00016766,0,0,0,-0.001606479601,0.01295336788,0.0001095890411,-0.09058861007,bear,0,2.5,1,0,0,0,0
2024-06-21,-0.01119824437,0,0,0,0,0,0.00020672,0,0,0,-0.01119824437,-0.01065643649,0.0001095890411,-0.07524554394,bear,0,2.5,1,0,0,0,0
2024-06-22,0.001846639008,0,0,0,0,0,0.00024146,0,0,0,0.001846639008,-0.001723395088,0.0001095890411,-0.07262260322,bear,0,2.5,1,0,0,0,0
2024-06-23,-0.01637048079,0,0,0,0,0,0.00016983,0,0,0,-0.01637048079,-0.001726370306,0.0001095890411,-0.05454846391,bear,0,2.5,1,0,0,0,0
2024-06-24,-0.04614316625,0,0,0,0,0,0.00027022,0,-8.563318893e-05,0,-0.04614316625,-0.0008646779075,0.0001095890411,-0.07789906315,bear,0,2.5,1,0,0,-1,0
2024-06-25,0.02508918901,0,0,0,0,0,0.00021148,0,-0.004110393069,0,0.02508918901,-0.003894418001,0.0001095890411,-0.1298484051,bear,0,2.5,1,0,0,-1,0
2024-06-26,-0.01522538019,0,0,0,0,0,0.0003,0,-0.004110393069,0,-0.01522538019,-0.003909643788,0.0001095890411,-0.09782349918,bear,0,2.5,1,0,0,-1,0
2024-06-27,0.01382535346,0,0,0,0,0,0.0003,0,-0.00402475988,0,0.01382535346,0.006541648495,0.0001095890411,-0.1234429823,bear,0,2.5,1,0,0,-1,0
2024-06-28,-0.02072116587,0,0,0,0,0,0.0003,0,0,0,-0.02072116587,0.0004332755633,0.0001095890411,-0.09783739062,bear,0,2.5,1,0,0,0,0
2024-06-29,0.009248055201,0,0,0,0,0,0.0003,0,0,0,0.009248055201,-0.0004330879168,0.0001095890411,-0.1067896758,bear,0,2.5,1,0,0,0,0
2024-06-30,0.02927409723,0,0,0,0,0,0.0003,0,0,0,0.02927409723,0.001733102253,0.0001095890411,-0.1077579541,bear,0,2.5,1,0,0,0,0
2024-07-01,0.002038806787,0.006683065218,0,0,0,0,0.0003,0,0,0,0.002038806787,0.0008650519031,0.0001095890411,-0.07059519239,bear,0,2.5,1,0,0,0,0
2024-07-02,-0.01215453293,0,0,0,0,0,0.0003,0,0,0,-0.01215453293,0.003889369058,0.0001095890411,-0.07181771028,bear,0,2.5,1,0,0,0,0
2024-07-03,-0.03101111169,0,-0.1129472196,-0.02006468753,-0.03542090235,0,0.0003,0,0,0,-0.03101111169,0.007748600947,0.0001095890411,-0.08308282532,bear,0,2.5,1,0,0,0,0
2024-07-04,-0.05246046328,0,0,0,0,0,0.0003,0,0,0,-0.05246046328,-0.006407518155,0.0001095890411,-0.125001199,bear,0,2.5,1,0,0,0,0
2024-07-05,-0.007383346646,0,0,0.02350067488,0.03949732368,0,0.00021762,0,0,0,-0.007383346646,0.01203783319,0.0001095890411,-0.1912141058,bear,0,2.5,1,0,0,0,0
2024-07-06,0.02827784242,0,0,0,0,0,0.00016491,0,0,0,0.02827784242,0,0.0001095890411,-0.2036227991,bear,0,2.5,1,0,0,0,0
2024-07-07,-0.04074042081,0,0,0,0,0,0.00028164,0,0,0,-0.04074042081,0.000424808836,0.0001095890411,-0.1775296169,bear,0,2.5,1,0,0,0,0
2024-07-08,0.01533912626,0.0326910125,0,0,0,0,0.00026127,0,0,0,0.01533912626,-0.004246284501,0.0001095890411,-0.1946171614,bear,0,2.5,1,0,0,0,0
2024-07-09,0.02354560429,0,0,0,0,0,0.00020861,0,0,0,0.02354560429,-0.0008528784648,0.0001095890411,-0.1817307229,bear,0,2.5,1,0,0,0,0
2024-07-10,-0.005583979328,0,0.0272291463,-0.02179786558,0.01757305195,0,0.0002471,0,0,0,-0.005583979328,0.004694835681,0.0001095890411,-0.1665247629,bear,0,2.5,1,0,0,0,0
2024-07-11,-0.006686086043,0,0,0,0,0,0.0003,0,0,0,-0.006686086043,0.01571792693,0.0001095890411,-0.1698899914,bear,0,2.5,1,0,0,0,0
2024-07-12,0.009578148824,0,0,0.03737300293,0.02342444144,0,0.00013441,0,0.001767163466,0,0.009578148824,-0.0004182350481,0.0001095890411,-0.1481759283,bear,0,2.5,1,0,0,1,0
2024-07-13,0.02271446611,0,0,0,0,0,0.00025184,0,0.001824168739,0,0.02271446611,0,0.0001095890411,-0.1519818868,bear,0,2.5,1,0,0,1,0
2024-07-14,0.02692198942,0,0,0,0,0,0.00020789,0,0.001824168739,0,0.02692198942,0.0004184100418,0.0001095890411,-0.1133540333,bear,0,2.5,1,0,0,1,0
2024-07-15,0.0645783712,0,0,0,0,0,7.278e-05,0,5.70052731e-05,0,0.0645783712,0.005018820577,0.0001095890411,-0.07943311723,bear,0,2.5,1,0,0,1,0
2024-07-16,0.004941741984,0,0,0,0,0,6.469e-05,0,0,0,0.004941741984,0.01789429879,0.0001095890411,-0.02271100324,uncertain,0,2.5,1,0,0,0,0
2024-07-17,-0.01469774533,0,0,0,0,0,4.99e-06,0,0,0,-0.01469774533,-0.001635322976,0.0001095890411,-0.02448945189,uncertain,0,2.5,1,0,0,0,0
2024-07-18,-0.001561447004,0,0,0,0,0,5.362e-05,0,0,0,-0.001561447004,-0.006961506962,0.0001095890411,-0.03633357407,uncertain,0,2.5,1,0,0,0,0
2024-07-19,0.04175913204,0,0,0,0,0,0.0001349,0,0,0,0.04175913204,-0.006597938144,0.0001095890411,-0.01821855267,uncertain,0,2.5,1,0,0,0,0
2024-07-20,0.007200120012,0,0,0,0,0,4.89e-06,0,0,0,0.007200120012,-0.004151100042,0.0001095890411,0.02594299875,uncertain,0,2.5,1,0,0,0,0
2024-07-21,0.015272276,0,0,0,0,0,-2.473e-05,0,0,0,0.015272276,0.004585243852,0.0001095890411,0.03499260598,uncertain,0,2.5,1,0,0,0,0
2024-07-22,-0.00929108547,0,0,0,0,0,0.00017858,0,0,0,-0.00929108547,-0.007883817427,0.0001095890411,0.0626996693,uncertain,0,2.5,1,0,0,0,0
2024-07-23,-0.02363323704,0,0,0,0,0,0.00013661,0,0,0,-0.02363323704,0.003345880385,0.0001095890411,0.05088542982,uncertain,0,2.5,1,0,0,0,0
2024-07-24,-0.008493234577,0,0,0,0,0,0.0003,0,0,0,-0.008493234577,-0.003751563151,0.0001095890411,0.04312608082,uncertain,0,2.5,1,0,0,0,0
2024-07-25,0.006484795644,0,0,0,0,0,0.0003,0,0,0,0.006484795644,-0.008368200837,0.0001095890411,0.08429958221,uncertain,0,2.5,1,0,0,0,0
2024-07-26,0.03203710641,0,0,0,0,0,0.0002334,0,0,0,0.03203710641,0.007172995781,0.0001095890411,0.06462057654,uncertain,0,2.5,1,0,0,0,0
2024-07-27,-0.0001691995301,0,0,0,0,0,0.00023678,0,0,0,-0.0001691995301,-0.001256807708,0.0001095890411,0.1157151262,uncertain,0,2.5,1,0,0,0,0
2024-07-28,0.005204686545,0,0,0,0,0,0.00020161,0,0,0,0.005204686545,0.003355704698,0.0001095890411,0.1003141162,uncertain,0,2.5,1,0,0,0,0
2024-07-29,-0.02146802309,0,0,0,0,0,0.00023984,0,0,0,-0.02146802309,-0.002926421405,0.0001095890411,0.1294443091,uncertain,0,2.5,1,0,0,0,0
2024-07-30,-0.00893453275,0,0,0,0,0,0.00014649,0,0,0,-0.00893453275,0.006289308176,0.0001095890411,0.09507010383,uncertain,0,2.5,1,0,0,0,0
2024-07-31,-0.02356922705,0,0,0,0,0,0.00014067,0,0,0,-0.02356922705,0.01416666667,0.0001095890411,0.05441899981,uncertain,0,2.5,1,0,0,0,0
2024-08-01,0.01123383054,0,0,0,0,0,0.00028208,0,0,0,0.01123383054,-0.001643385374,0.0001095890411,0.02747234141,uncertain,0,2.5,1,0,0,0,0
2024-08-02,-0.05899698289,0,0,0.02027174118,-0.009770616865,0,0.0003,0,0,0,-0.05899698289,0.01152263374,0.0001095890411,0.05179891614,uncertain,0,2.5,1,0,0,0,0
2024-08-03,-0.01301401193,0,0,0,0,0,0.00024035,0,0.004701347432,0,-0.01301401193,0.003661513426,0.0001095890411,0.02142136553,uncertain,0,2.5,1,0,0,-1,0
2024-08-04,-0.04179693594,0,0,0,0,0,0.00025343,0,0.006182593883,0,-0.04179693594,-0.006080259424,0.0001095890411,0.06394354707,uncertain,0,2.5,1,0,0,-1,0
2024-08-05,-0.07121937381,0.09061957017,0,0,0,0,0.00020396,0,0.006182593883,0,-0.07121937381,-0.02324632953,0.0001095890411,0.02705708527,uncertain,0,2.5,1,0,0,-1,0
2024-08-06,0.03708337892,0,0,0,0,0,5.206e-05,0,0.001481246451,0,0.03708337892,-0.004592901879,0.0001095890411,-0.07232200924,bear,1,1,1,0,0,-1,0
2024-08-07,-0.01584823536,0,-0.05869523152,-0.001992420246,-0.02536669113,0,-4.348e-05,0,0,0,-0.01584823536,-0.004194630872,0.0001095890411,0.002939606834,uncertain,1,1,1,0,0,0,0
2024-08-08,0.1188343125,0,0,0,0,0,6.87e-05,0,0,0,0.1188343125,0.01811288964,0.0001095890411,-0.02786688864,bear,1,1,1,0,0,0,0
2024-08-09,-0.0137470437,0,0,-0.01630449536,-0.0307615766,0,0.00012024,0,0,0,-0.0137470437,0.0008274720728,0.0001095890411,0.06263548665,uncertain,1,1,1,0,0,0,0
2024-08-10,0.001405700616,0,0,0,0,0,-7.27e-05,0,0,0,0.001405700616,0.003307151716,0.0001095890411,0.05391241532,uncertain,1,1,1,0,0,0,0
2024-08-11,-0.03629009556,0,0,0,0,0,3.395e-05,0,0,0,-0.03629009556,0.001648125258,0.0001095890411,0.06249785272,uncertain,1,1,1,0,0,0,0
2024-08-12,0.010799217,0.01087016525,0,0,0,0,7.658e-05,0,0,0,0.010799217,0.01398601399,0.0001095890411,0.01422530321,uncertain,1,1,1,0,0,0,0
2024-08-13,0.02090278405,0,0,0,0,0,2.759e-05,0,0,0,0.02090278405,-0.004462474645,0.0001095890411,0.00240895804,uncertain,1,1,1,0,0,0,0
2024-08-14,-0.0314218444,0,-0.01713733192,-0.02349914262,-0.02003177825,0,-7.989e-05,0,0,0,-0.0314218444,-0.004482477588,0.0001095890411,-0.003466566532,uncertain,1,1,1,0,0,0,0
2024-08-15,-0.01946598518,0,0,0,0,0,-8.33e-05,0,0,0,-0.01946598518,0.0032746623,0.0001095890411,-0.09333071092,uncertain,1,1,1,0,0,0,0
2024-08-16,0.02317545071,0,0,0,0,0,-0.00119179,0,0,0,0.02317545071,0.01631986944,0.0001095890411,-0.1153516259,uncertain,1,1,1,0,0,0,0
2024-08-17,0.0104865256,0,0,0,0,0,0,0,0,0,0.0104865256,0.01043757527,0.0001095890411,-0.08134737881,uncertain,1,1,1,0,0,0,0
2024-08-18,-0.01789551837,0,0,0,0,0,0,0,0,0,-0.01789551837,-0.004767580453,0.0001095890411,-0.07026216823,bear,1,1,1,0,0,0,0
2024-08-19,0.0173061075,0,0,0,0,0,0,0,0,0,0.0173061075,0.001596806387,0.0001095890411,-0.1235021002,bear,1,1,1,0,0,0,0
2024-08-20,-0.007145200501,0,0,0,0,0,0,0,0,0,-0.007145200501,-0.001195695496,0.0001095890411,-0.1147075453,bear,1,1,1,0,0,0,0
2024-08-21,0.03630049243,0,0,0,0,0,0,0,0,0,0.03630049243,-0.001596169194,0.0001095890411,-0.1342550334,bear,1,1,1,0,0,0,0
2024-08-22,-0.01275736832,0,0,0,0,0,0,0,0,0,-0.01275736832,-0.006394884093,0.0001095890411,-0.09441418966,bear,1,1,1,0,0,0,0
2024-08-23,0.06064346268,0,0,0,0,0,0,0,0,0,0.06064346268,0.01005631537,0.0001095890411,-0.08432675863,bear,1,1,1,0,0,0,0
2024-08-24,0.001870317959,0,0,0,0,0,0,-0.0006280972676,0,0,0.001870317959,-0.0003982477101,0.0001095890411,-0.0204778512,uncertain,1,1,1,0,1,0,0
2024-08-25,0.0009818100937,0,0,0,0,0,0,-0.0008738744593,0,0,0.0009818100937,0.000796812749,0.0001095890411,-0.02496871198,uncertain,1,1,1,0,1,0,0
2024-08-26,-0.02158206166,0,0,0,0,0,0,-0.0008738744593,0,0,-0.02158206166,-0.001592356688,0.0001095890411,-0.05430863143,uncertain,1,1,1,0,1,0,0
2024-08-27,-0.05441321577,0,0,0,0,0,0,-0.0002457771917,0,0,-0.05441321577,0,0.0001095890411,-0.07456201719,uncertain,1,1,1,0,1,0,0
2024-08-28,-0.0063973744,0,0,0,0,0,-0.00103227,0,0,0,-0.0063973744,-0.003588516746,0.0001095890411,-0.1294490188,bear,1,1,1,0,0,0,0
2024-08-29,0.005490142272,0,0,0,0,0,-2.061e-05,0,0,0,0.005490142272,0.00400160064,0.0001095890411,-0.1160414161,bear,1,1,1,0,0,0,0
2024-08-30,-0.003959297839,0,0,0,0,0,7.441e-05,0,0,0,-0.003959297839,-0.00518134715,0.0001095890411,-0.1031756512,bear,1,1,1,0,0,0,0
2024-08-31,-0.002537041225,0,0,0,0,0,5.629e-05,0,0,0,-0.002537041225,0,0.0001095890411,-0.08516447979,bear,1,1,1,0,0,0,0
2024-09-01,-0.02835368609,0,0,0,0,0,2.99e-06,0,0,0,0.02685368609,-0.001201923077,0.0001095890411,-0.0976226099,bear,1,1,-1,0,0,0,0
2024-09-02,0.03194084799,0.01111572854,0,0,0,0,-3.501e-05,0,0,0,-0.03194084799,0.001604492579,0.0001095890411,-0.0682371375,bear,1,1,-1,0,0,0,0
2024-09-03,-0.02780890863,0,0,0,0,0,0.00015966,0,0,0,0.02780890863,-0.001601922307,0.0001095890411,-0.02579755936,bear,1,1,-1,0,0,0,0
2024-09-04,0.008404750022,0,0.000358963883,-0.004394412714,0.01198088277,0,1.789e-05,0,0,0,-0.008404750022,0.003208985158,0.0001095890411,-0.01157597015,bear,1,1,-1,0,0,0,0
2024-09-05,-0.03089308601,0,0,0,0,0,0.00013531,0,0,0,0.03089308601,0.003598560576,0.0001095890411,0.07316136731,uncertain,1,1,-1,0,0,0,0
2024-09-06,-0.03946297615,0,0,-0.01372856436,-0.01380027209,0,3.707e-05,0,0,0,0.03946297615,-0.003187250996,0.0001095890411,0.002820141584,uncertain,1,1,-1,0,0,0,0
2024-09-07,0.00366714434,0,0,0,0,0,-0.00015427,0,0,0,-0.00366714434,-0.003597122302,0.0001095890411,-0.02124254727,bear,1,1,-1,0,0,0,0
2024-09-08,0.0130922958,0,0,0,0,0,-7.499e-05,0,0,0,-0.0130922958,0.001604492579,0.0001095890411,-0.1219909091,bear,0,2.5,-1,0,0,0,0
2024-09-09,0.03958541971,0.08066867272,0,0,0,-0.03958541971,-0.00118568,0,0,0,-0.03958541971,0.004004805767,0.0001095890411,-0.09809725798,bear,0,2.5,-1,-1,0,0,0
2024-09-10,0.01041320431,0,0,0,0,-0.01041320431,0,0,0,0,-0.01041320431,0.0043877144,0.0001095890411,-0.06371120114,bear,0,2.5,-1,-1,0,0,0
2024-09-11,-0.005170207018,0,-0.04589043592,-0.05124905622,-0.06795574796,0.005170207018,0,0,0,0,0.005170207018,-0.001985702939,0.0001095890411,-0.01833678262,bear,0,2.5,-1,-1,0,0,0
2024-09-12,0.01385329101,0,0,0,0,-0.01385329101,0,0,0,0,-0.01385329101,0.0159172304,0.0001095890411,-0.03384589254,bear,0,2.5,-1,-1,0,0,0
2024-09-13,0.04069474606,0,0,0.005327555446,-0.004227496138,-0.03926829894,0,0,0,0,-0.04069474606,0.009792401097,0.0001095890411,-0.04051733742,bear,0,2.5,-1,-1,0,0,0
2024-09-14,-0.0083468875,0,0,0,0,0,0,0,0,0,0.0083468875,-0.000387897595,0.0001095890411,0.03092203774,uncertain,0,2.5,-1,0,0,0,0
2024-09-15,-0.01435216724,0,0,0,0,0,0,0,0,0,0.01435216724,0.0007760962359,0.0001095890411,0.04261252747,uncertain,0,2.5,-1,0,0,0,0
2024-09-16,-0.01552475817,0,0,0,0,0,0,0,0,0,0.01552475817,0.005040713455,0.0001095890411,0.004372004226,uncertain,0,2.5,-1,0,0,0,0
2024-09-17,0.03607380288,0,0,0,0,0,0,0,0,0,-0.03607380288,-0.003858024691,0.0001095890411,-0.02148188353,uncertain,0,2.5,-1,0,0,0,0
2024-09-18,0.02397453725,0,0,0,0,0,0,0,0,0,-0.02397453725,-0.001549186677,0.0001095890411,0.03229035717,uncertain,0,2.5,-1,0,0,0,0
2024-09-19,0.01923575441,0,0,0,0,0,-0.00089467,0,0,0,-0.01923575441,0.00465477114,0.0001095890411,0.0390570085,uncertain,0,2.5,-1,0,0,0,0
2024-09-20,0.004020144249,0,0,0,0,0,0.00013105,0,0,0,-0.004020144249,0.01351351351,0.0001095890411,0.06666559347,uncertain,0,2.5,-1,0,0,0,0
2024-09-21,0.00234030922,0,0,0,0,0,0.00022872,0,0,0,-0.00234030922,0.002285714286,0.0001095890411,0.03343938447,uncertain,0,2.5,-1,0,0,0,0
2024-09-22,0.003627526008,0,0,0,0,0,0.00021076,0,0,0,-0.003627526008,-0.003420752566,0.0001095890411,0.04924353847,uncertain,0,2.5,-1,0,0,0,0
2024-09-23,-0.003755499478,0,0,0,0,0,0.00013214,0,0,0,0.003755499478,0.001906941266,0.0001095890411,-0.007159584017,uncertain,0,2.5,-1,0,0,0,0
2024-09-24,0.01456757413,0,0,0,0,0,5.037e-05,0,0,0,-0.01456757413,0.009516558812,0.0001095890411,-0.01273469571,uncertain,0,2.5,-1,0,0,0,0
2024-09-25,-0.01728358752,0,0,0,0,0,3.7e-05,0,0,0,0.01728358752,0.0003770739065,0.0001095890411,0.0006649018997,uncertain,0,2.5,-1,0,0,0,0
2024-09-26,0.03201766658,0,0,0,0,0,0.00017896,0,0,0,-0.03201766658,0.002638522427,0.0001095890411,0.00506111341,uncertain,0,2.5,-1,0,0,0,0
2024-09-27,0.009144138636,0,0,0,0,0,0.00018997,0,0,0,-0.009144138636,-0.003383458647,0.0001095890411,0.09692821678,uncertain,0,2.5,-1,0,0,0,0
2024-09-28,0.00133875729,0,0,0,0,0,0.00015169,0,0,0,-0.00133875729,0.003017729159,0.0001095890411,0.1140859051,uncertain,0,2.5,-1,0,0,0,0
2024-09-29,-0.003886999302,0,0,0,0,0,0.00011106,0,0,0,-0.005386999302,0.001128243701,0.0001095890411,0.1094861589,uncertain,0,2.5,1,0,0,0,0
2024-09-30,-0.03466997429,0,0,0,0,0,0.00021016,0,0,0,-0.03466997429,-0.009767092412,0.0001095890411,0.109566692,uncertain,0,2.5,1,0,0,0,0
2024-10-01,-0.03982166383,0,0,0,0,0,0.0003,0,0,0,-0.03982166383,0.01593323217,0.0001095890411,0.07382237491,uncertain,0,2.5,1,0,0,0,0
2024-10-02,-0.002573768481,0,-0.1212204968,-0.01996323692,-0.04318404563,0,0.00023232,0,0,0,-0.002573768481,-0.003360716953,0.0001095890411,0.06114845138,uncertain,0,2.5,1,0,0,0,0
2024-10-03,0.00170537886,0,0,0,0,0,0.00013117,0,0,0,0.00170537886,-0.001124016486,0.0001095890411,0.02565694826,uncertain,0,2.5,1,0,0,0,0
2024-10-04,0.0219461815,0,0,0.02200920819,0.008416940564,0,9.459e-05,0,0,0,0.0219461815,-0.001875468867,0.0001095890411,0.0567943803,uncertain,0,2.5,1,0,0,0,0
2024-10-05,-0.0004509873401,0,0,0,0,0,3.53e-06,0,0,0,-0.0004509873401,0.008643367155,0.0001095890411,0.0709856152,uncertain,0,2.5,1,0,0,0,0
2024-10-06,0.01227738567,0,0,0,0,0,8.04e-05,0,0,0,0.01227738567,-0.002235469449,0.0001095890411,0.1046279815,uncertain,0,2.5,1,0,0,0,0
2024-10-07,-0.009486005313,0.01360484106,0,0,0,0,5.798e-05,0,0,0,-0.009486005313,-0.00784167289,0.0001095890411,0.164129958,uncertain,0,2.5,1,0,0,0,0
2024-10-08,-0.001020667267,0,0,0,0,0,0.00013516,0,0,0,-0.001020667267,-0.009032743696,0.0001095890411,0.1488739285,uncertain,0,2.5,1,0,0,0,0
2024-10-09,-0.02452474232,0,-0.02611561167,-0.02751347624,-0.02150803301,0,0.00023077,0,0,0,-0.02452474232,-0.004177744018,0.0001095890411,0.1328694486,uncertain,0,2.5,1,0,0,0,0
2024-10-10,-0.005106370768,0,0,0,0,0,0.00013622,0,0,0,-0.005106370768,0.008390541571,0.0001095890411,0.06300655657,uncertain,0,2.5,1,0,0,0,0
2024-10-11,0.03669389135,0,0,0.04005176197,0.01712152349,0,4.77e-06,-0.005008979283,0,0,0.03669389135,0.009833585477,0.0001095890411,0.04667916696,uncertain,0,2.5,1,0,-1,0,0
2024-10-12,0.01065270227,0,0,0,0,0,0.00010733,-0.005657200131,0,0,0.01065270227,-0.004119850187,0.0001095890411,0.09072517353,uncertain,0,2.5,1,0,-1,0,0
2024-10-13,-0.00531909676,0,0,0,0,0,6.269e-05,-0.005657200131,0,0,-0.00531909676,0.0007521624671,0.0001095890411,0.08728191134,uncertain,0,2.5,1,0,-1,0,0
2024-10-14,0.0511208681,0.06265714315,0,0,0,0,0.00025429,-0.0006482208484,0,0,0.0511208681,-0.000375798572,0.0001095890411,0.03920823829,uncertain,0,2.5,1,0,-1,0,0
2024-10-15,0.01498320546,0,0,0,0,0,0.0003,0,0,0,0.01498320546,0.004135338346,0.0001095890411,0.1015277941,uncertain,0,2.5,1,0,0,0,0
2024-10-16,0.008138307849,0,0,0,0,0,0.00026825,0,0,0,0.008138307849,0.002620741295,0.0001095890411,0.1343120476,uncertain,0,2.5,1,0,0,0,0
2024-10-17,-0.0029315287,0,0,0,0,0,0.0003,0,0,0,-0.0029315287,0.01008215086,0.0001095890411,0.1615766245,uncertain,0,2.5,1,0,0,0,0
2024-10-18,0.01492425741,0,0,0,0,0,0.0003,0,0,0,0.01492425741,0.008133086876,0.0001095890411,0.1178464565,uncertain,0,2.5,1,0,0,0,0
2024-10-19,-0.0007306950371,0,0,0,0,0,0.0003,0,0,0,-0.0007306950371,0.004033736707,0.0001095890411,0.1079665006,uncertain,0,2.5,1,0,0,0,0
2024-10-20,0.009564333558,0,0,0,0,0,0.0003,0,0,0,0.009564333558,0.001095690285,0.0001095890411,0.08626184887,uncertain,0,2.5,1,0,0,0,0
2024-10-21,-0.02396700428,0,0,0,0,0,0.0003,0,0,0,-0.02396700428,-0.002188982123,0.0001095890411,0.09226017606,uncertain,0,2.5,1,0,0,0,0
2024-10-22,0.0007198248674,0,0,0,0,0,0.0003,0,0,0,0.0007198248674,0.009140767824,0.0001095890411,0.06359283562,uncertain,0,2.5,1,0,0,0,0
2024-10-23,-0.01123231394,0,0,0,0,0,0.0003,0,0,0,-0.01123231394,-0.007246376812,0.0001095890411,0.06051140349,uncertain,0,2.5,1,0,0,0,0
2024-10-24,0.02294376742,0,0,0,0,0,0.0003,0,-0.00125172234,0,0.02294376742,0.005839416058,0.0001095890411,0.05255226595,uncertain,0,2.5,1,0,0,-1,0
2024-10-25,-0.02199395645,0,0,0,0,0,0.0003,0,-0.002356183228,0,-0.02199395645,0.00290275762,0.0001095890411,0.06124205799,uncertain,0,2.5,1,0,0,-1,0
2024-10-26,0.005913641316,0,0,0,0,0,0.00022324,0,-0.002356183228,0,0.005913641316,-0.001085383502,0.0001095890411,0.05615529894,uncertain,0,2.5,1,0,0,-1,0
2024-10-27,0.01384560719,0,0,0,0,0,0.00029724,0,-0.001104460888,0,0.01384560719,-0.003984063745,0.0001095890411,0.02944073241,uncertain,0,2.5,1,0,0,-1,0
2024-10-28,0.02852780804,0,0,0,0,0,0.00028371,0,0,0,0.02852780804,0.001090909091,0.0001095890411,0.0342367601,uncertain,0,2.5,1,0,0,0,0
2024-10-29,0.03965297837,0,0,0,0,0,0.0003,0.001720640351,0,0,0.03965297837,0.004722121322,0.0001095890411,0.06231908045,uncertain,0,2.5,1,0,1,0,0
2024-10-30,-0.005384922711,0,0,0,0,0,0.0003,0.003441280702,0,0.00622699712,-0.005384922711,0.00686912509,0.0001095890411,0.1087529178,strong_bull,0,2.5,1,0,1,0,0
2024-10-31,-0.02837428125,0,0,0,0,0,0.0003,0.003441280702,0,-0.05286572227,-0.02837428125,-0.01113105925,0.0001095890411,0.1423889651,strong_bull,0,2.5,1,0,1,0,0
2024-11-01,-0.01132418891,0,0,0.06221692604,0.06694950463,0,0.0003,0.001720640351,0,-0.002826956139,-0.01132418891,-0.003267973856,0.0001095890411,0.1560086886,strong_bull,0,2.5,1,0,1,0,0
2024-11-02,-0.001744992266,0,0,0,0,0,0.0003,0,0,-0.008372414383,-0.001744992266,0.00218579235,0.0001095890411,0.1458670243,strong_bull,0,2.5,1,0,0,0,0
2024-11-03,-0.008630662976,0,0,0,0,0,0.0003,0,0,0,-0.008630662976,-0.001817520901,0.0001095890411,0.1419200888,uncertain,0,2.5,1,0,0,0,0
2024-11-04,-0.01346371023,-0.03971374078,0,0,0,0,0.0003,0,0,0,-0.01346371023,-0.001092498179,0.0001095890411,0.1077535998,uncertain,0,2.5,1,0,0,0,0
2024-11-05,0.02243183162,0,0,0,0,0,0.0003,0,0,0,0.02243183162,-0.002551950419,0.0001095890411,0.09333220536,uncertain,0,2.5,1,0,0,0,0
2024-11-06,0.08937293297,0,0.2857172374,-0.01590491416,0.03376003175,0,0.0003,0,0,0,0.08937293297,-0.02997076023,0.0001095890411,0.1042997355,uncertain,0,2.5,1,0,0,0,0
2024-11-07,0.003783147698,0,0,0,0,0,0.0003,0,0,0.06227968088,0.003783147698,0.02034664657,0.0001095890411,0.2145151389,strong_bull,0,2.5,1,0,0,0,0
2024-11-08,0.008593568843,0,0,0.008680362103,0.03448533465,0,0.0003,0,0,0.02289092962,0.008593568843,-0.01366322009,0.0001095890411,0.2203554058,strong_bull,0,2.5,1,0,0,0,0
2024-11-09,0.002191615242,0,0,0,0,0,0.0003,0,0,0.05402798177,0.002191615242,-0.002620741295,0.0001095890411,0.2617876305,strong_bull,0,2.5,1,0,0,0,0
2024-11-10,0.048156916,0,0,0,0,0.048156916,0.00049716,0,0,0,0.048156916,0,0.0001095890411,0.2710434024,uncertain,0,2.5,1,1,0,0,0
2024-11-11,0.1029983697,0.1161529034,0,0,0,0.1029983697,0.00056878,0,0,0,0.1029983697,-0.02102102102,0.0001095890411,0.2850976975,uncertain,0,2.5,1,1,0,0,0
2024-11-12,-0.007851052235,0,0,0,0,-0.007851052235,0.00131624,0,0,0,-0.007851052235,-0.01878834356,0.0001095890411,0.4025200368,uncertain,1,1,1,1,0,0,0
2024-11-13,0.02755127484,0,-0.03637384431,0.02163636155,0.000772450974,0.02755127484,0.00044957,0,0,0,0.02755127484,0.00156311059,0.0001095890411,0.3989499288,uncertain,1,1,1,1,0,0,0
2024-11-14,-0.03374388106,0,0,0,0,-0.03374388106,0.0003,0,0,0,-0.03374388106,-0.001950838861,0.0001095890411,0.3675808619,uncertain,0,2.5,1,1,0,0,0
2024-11-15,0.04244437398,0,0,0,0,0.04244437398,0.00030977,0,0,0,0.04244437398,0.004691164973,0.0001095890411,0.301926346,uncertain,1,1,1,1,0,0,0
2024-11-16,-0.004890034907,0,0,0,0,-0.004890034907,0.00033231,0,0,0,-0.004890034907,-0.003112840467,0.0001095890411,0.3462297625,uncertain,1,1,1,1,0,0,0
2024-11-17,-0.008068824947,0,0,0,0,-0.008068824947,0.00036342,0,0,0,-0.008068824947,0.006635441062,0.0001095890411,0.3435854111,uncertain,1,1,1,1,0,0,0
2024-11-18,0.006767384122,0,0,0,0,0.006767384122,0.00067768,0,0,0,0.006767384122,0.01628538193,0.0001095890411,0.313146519,uncertain,1,1,1,1,0,0,0
2024-11-19,0.0204137377,0,0,0,0,0.0204137377,0.00069781,0,0,0,0.0204137377,0.008393742846,0.0001095890411,0.3229997953,uncertain,1,1,1,1,0,0,0
2024-11-20,0.02140345674,0,0,0,0,0.02140345674,0.0003,0,0,-0.0135581572,0.02140345674,0.003026863413,0.0001095890411,0.3372175712,strong_bull,1,1,1,1,0,0,0
2024-11-21,0.0427479802,0,0,0,0,0.0427479802,0.0003,0,0,0.09310840171,0.0427479802,0.006789890607,0.0001095890411,0.399377537,strong_bull,1,1,1,1,0,0,0
2024-11-22,0.005847201383,0,0,0,0,0.005847201383,0.0003,0,0,-0.008352677893,0.005847201383,0.01948295242,0.0001095890411,0.4581484887,strong_bull,1,1,1,1,0,0,0
2024-11-23,-0.01233264571,0,0,0,0,-0.01233264571,0.0003,0,0,0.01987210693,-0.01233264571,0.0003675119441,0.0001095890411,0.4833358708,strong_bull,1,1,1,1,0,0,0
2024-11-24,0.002330648167,0,0,0,0,0.002330648167,0.00049376,0,0,-0.009637851328,0.002330648167,0.00293901543,0.0001095890411,0.4321827471,strong_bull,1,1,1,1,0,0,0
2024-11-25,-0.0499492135,0,0,0,0,-0.0499492135,0.00056268,0,0,0.01435445674,-0.0499492135,-0.03663003663,0.0001095890411,0.4678034667,strong_bull,0,2.5,1,1,0,0,0
2024-11-26,-0.0112337371,0,0,0,0,-0.0112337371,0.00069437,0,0,0,-0.0112337371,0.002661596958,0.0001095890411,0.3862898173,uncertain,1,1,1,1,0,0,0
2024-11-27,0.04238507278,0,0,0,0,0.04238507278,0.00058,0,0,0,0.04238507278,0.003033750474,0.0001095890411,0.3519973773,uncertain,1,1,1,1,0,0,0
2024-11-28,-0.002285863665,0,0,0,0,-0.002285863665,0.00036185,0,0,-0.0218898962,-0.002285863665,-0.003024574669,0.0001095890411,0.3702127191,strong_bull,1,1,1,1,0,0,0
2024-11-29,0.01898729016,0,0,0,0,0.01898729016,0.00054287,0,0,0.003749870766,0.01898729016,0.0003792188093,0.0001095890411,0.3149393385,mild_bull,1,1,1,1,0,0,0
2024-11-30,-0.01079427457,0,0,0,0,-0.01079427457,0.00037972,0,0,0.03100876619,-0.01079427457,-0.0003790750569,0.0001095890411,0.3471608302,mild_bull,1,1,1,1,0,0,0
2024-12-01,0.008061468764,0,0,0,0,0.008061468764,0.00045482,0,0,0.001082730316,0.008061468764,0.006825938567,0.0001095890411,0.3715355415,mild_bull,1,1,1,1,0,0,0
2024-12-02,-0.01383503123,-0.01972291596,0,0,0,-0.01383503123,0.00063669,0,0,-0.01731303994,-0.01383503123,-0.006779661017,0.0001095890411,0.3984281975,mild_bull,1,1,1,1,0,0,0
2024-12-03,9.463628261e-05,0,0,0,0,9.463628261e-05,0.00049657,0,0,-0.007934852419,9.463628261e-05,-0.0007584376185,0.0001095890411,0.3814915919,strong_bull,1,1,1,1,0,0,0
2024-12-04,0.02856169905,0,0.07224473771,-0.002594389159,0.01101300593,0.02856169905,0.00076122,0,0,0.06177600837,0.02856169905,0.0007590132827,0.0001095890411,0.3936504585,strong_bull,1,1,1,1,0,0,0
2024-12-05,-0.01665214147,0,0,0,0,-0.01665214147,0.0014713,0,0,-0.01370576893,-0.01665214147,-0.004550625711,0.0001095890411,0.4530185036,strong_bull,1,1,1,1,0,0,0
2024-12-06,0.02883275915,0,0,0.00726551346,-0.006163412686,0.02883275915,0.00034634,0,0,0.05644880059,0.02883275915,0.0007619047619,0.0001095890411,0.3974747164,strong_bull,1,1,1,1,0,0,0
2024-12-07,0.0009138683813,0,0,0,0,0.0009138683813,0.00058436,0,0,-0.0006626872091,0.0009138683813,-0.001141987057,0.0001095890411,0.3198122744,strong_bull,0,2.5,1,1,0,0,0
2024-12-08,0.01279750108,0,0,0,0,0.01279750108,0.00051137,0,0,0.001984375235,0.01279750108,0.001905487805,0.0001095890411,0.3160396367,strong_bull,0,2.5,1,1,0,0,0
2024-12-09,-0.03791054835,-0.05573903575,0,0,0,-0.03791054835,0.0006256,0,0,-0.07296180213,-0.03791054835,0.007227082541,0.0001095890411,0.321525039,strong_bull,0,2.5,1,1,0,0,0
2024-12-10,-0.007026056764,0,0,0,0,-0.007026056764,0.0003,0,0,-0.02256196121,-0.007026056764,0.01359516616,0.0001095890411,0.2686449186,strong_bull,0,2.5,1,1,0,0,0
2024-12-11,0.04691851376,0,0.1168818325,0.03060450654,0.04982099009,0.04691851376,0.0003,0,0,0.05610418246,0.04691851376,0.006333830104,0.0001095890411,0.2018537761,strong_bull,0,2.5,1,1,0,0,0
2024-12-12,-0.01108242274,0,0,0,0,-0.01108242274,0.0003,0,0,0.01299646903,-0.01108242274,-0.00851536468,0.0001095890411,0.1407478049,strong_bull,0,2.5,1,1,0,0,0
2024-12-13,0.01419899086,0,0,0.01016920853,-0.009019742145,0.01419899086,0.0003,0,0,0.006489575202,0.01419899086,-0.005601194922,0.0001095890411,0.1370324567,strong_bull,0,2.5,1,1,0,0,0
2024-12-14,-4.190319376e-05,0,0,0,0,-4.190319376e-05,0.0002675,0,0,-0.00934524419,-4.190319376e-05,-0.004881712354,0.0001095890411,0.1222575441,strong_bull,0,2.5,1,1,0,0,0
2024-12-15,0.03001370538,0,0,0,0,0.03001370538,0.00028194,0,0,0.02294401711,0.03001370538,0.003018867925,0.0001095890411,0.1614006845,strong_bull,0,2.5,1,1,0,0,0
2024-12-16,0.01526526031,0,0,0,0,0.01526526031,0.00029181,-8.827167386e-05,0,0.006857636477,0.01526526031,-0.0007524454477,0.0001095890411,0.1475515167,strong_bull,0,2.5,1,1,1,0,0
2024-12-17,0.000707910132,0,0,0,0,0.000707910132,0.00027866,-0.001210582956,0,-0.02488795456,0.000707910132,-0.0007530120482,0.0001095890411,0.1707944149,strong_bull,0,2.5,1,1,1,0,0
2024-12-18,-0.05587035753,0,0,0,0,-0.05587035753,0.00029159,-0.001210582956,0,0,-0.05587035753,-0.01996985682,0.0001095890411,0.181153755,uncertain,0,2.5,1,1,1,0,0
2024-12-19,-0.02736567129,0,0,0,0,-0.02736567129,0.0003,-0.001122311282,0,0,-0.02736567129,0.003460207612,0.0001095890411,0.1076662693,uncertain,0,2.5,1,1,1,0,0
2024-12-20,0.003525276452,0,0,0,0,0.003525276452,0.0003,0,0,0,0.003525276452,0.007662835249,0.0001095890411,0.05580138573,uncertain,0,2.5,1,1,0,0,0
2024-12-21,-0.005249707992,0,0,0,0,-0.005249707992,0.00021206,0,0,0,-0.005249707992,-0.002281368821,0.0001095890411,0.03732111979,uncertain,0,2.5,1,1,0,0,0
2024-12-22,-0.0216433028,0,0,0,0,-0.0216433028,0.00029629,0,0,0,-0.0216433028,0.000762195122,0.0001095890411,-0.01042677003,uncertain,0,2.5,1,1,0,0,0
2024-12-23,-0.003202142494,0,0,0,0,-0.003202142494,0.00028981,0,0,0,-0.003202142494,-0.001523229246,0.0001095890411,-0.03747249525,uncertain,0,2.5,1,1,0,0,0
2024-12-24,0.03986141867,0,0,0,0,0.03986141867,0.0003,0,0,0,0.03986141867,0.003051106026,0.0001095890411,-0.02857439768,uncertain,0,2.5,1,1,0,0,0
2024-12-25,0.007763959102,0,0,0,0,0.007763959102,0.0003,0,0,0,0.007763959102,0.001140684411,0.0001095890411,0.007799179653,uncertain,0,2.5,1,1,0,0,0
2024-12-26,-0.03658870196,0,0,0,0,-0.03658870196,0.00025865,0,0,0,-0.03658870196,0.007975693126,0.0001095890411,0.06902042049,uncertain,0,2.5,1,1,0,0,0
2024-12-27,-0.01558142885,0,0,0,0,-0.01558142885,0.0003,0,0,0,-0.01558142885,-0.004144687265,0.0001095890411,0.04160749571,uncertain,0,2.5,1,1,0,0,0
2024-12-28,0.01061484938,0,0,0,0,0.01061484938,0.00022812,0,0,0,0.01061484938,0.004918653046,0.0001095890411,-0.01631576526,uncertain,0,2.5,1,1,0,0,0
2024-12-29,-0.01638824764,0,0,0,0,-0.01638824764,0.00028013,0,0,0,-0.01638824764,-0.00188253012,0.0001095890411,-0.003596462632,uncertain,0,2.5,1,1,0,0,0
2024-12-30,-0.01009353711,0,0,0,0,-0.01009353711,0.00018749,0,0,0,-0.01009353711,-0.01131648435,0.0001095890411,-0.03818797455,uncertain,0,2.5,1,1,0,0,0
2024-12-31,0.008448460833,0,0,0,0,0.008448460833,0.0003,0,0,0,0.008448460833,0.004578405189,0.0001095890411,-0.03750664234,bear,0,2.5,1,1,0,0,0
2025-01-01,0.01085524066,0,-0.002863361567,0.001411019987,-0.01256467573,0.01085524066,0.0003,0,0,0,0.01085524066,-0.001519179643,0.0001095890411,-0.03713714375,uncertain,0,2.5,1,1,0,0,0
2025-01-02,0.02529817863,0,0,0,0,0.02529817863,0.0003,0,0,0,0.02529817863,0.01027006466,0.0001095890411,-0.01303027881,uncertain,0,2.5,1,1,0,0,0
2025-01-03,0.01226367557,0,0,-0.01810959173,0.004671777607,0.01226367557,0.00025242,0,0,0,0.01226367557,-0.003012048193,0.0001095890411,0.01184250048,uncertain,0,2.5,1,1,0,0,0
2025-01-04,0.0004718144832,0,0,0,0,0.0004718144832,0.00018497,0,0,0,0.0004718144832,-0.0003776435045,0.0001095890411,-0.004190599765,uncertain,0,2.5,1,1,0,0,0
2025-01-05,0.00145702781,0,0,0,0,0.0004570278099,0.0002832,0,0,0,0.00145702781,-0.0007555723461,0.0001095890411,0.01315036067,uncertain,0,2.5,1,1,0,0,0
2025-01-06,0.03936404937,0.05227284137,0,0,0,0,0.0003,0,0,0,0.03936404937,0.003780718336,0.0001095890411,-0.01380808503,uncertain,0,2.5,1,0,0,0,0
2025-01-07,-0.05165509862,0,0,0,0,0,0.00027182,0,0,-0.08602214267,-0.05165509862,-0.001129943503,0.0001095890411,0.02407655101,strong_bull,0,2.5,1,0,0,0,0
2025-01-08,-0.01953491433,0,-0.08128243071,-0.03330704831,-0.005282596695,0,0.0003,0,0,0,-0.01953491433,0.004901960784,0.0001095890411,-0.041093827,uncertain,0,2.5,1,0,0,0,0
2025-01-09,-0.02638442989,0,0,0,0,0,0.0001929,0,0,0,-0.02638442989,0.001876172608,0.0001095890411,-0.0227789927,uncertain,0,2.5,1,0,0,0,0
2025-01-10,0.02348526766,0,0,-0.007456129591,-0.01153186802,0,0.00010984,0,0,0,0.02348526766,0.005992509363,0.0001095890411,-0.04183025685,uncertain,0,2.5,1,0,0,0,0
2025-01-11,-0.001331417494,0,0,0,0,0,0.00012343,0,0,0,-0.001331417494,0.00409530901,0.0001095890411,-0.06327703337,uncertain,0,2.5,1,0,0,0,0
2025-01-12,-0.0005806554525,0,0,0,0,0,0.00014866,0,0,0,-0.0005806554525,0,0.0001095890411,-0.05404068165,uncertain,0,2.5,1,0,0,0,0
2025-01-13,-9.476962625e-05,-0.06207921097,0,0,0,0,0.00013136,0,0,0,-9.476962625e-05,-0.01001112347,0.0001095890411,-0.06782588977,uncertain,0,2.5,1,0,0,0,0
2025-01-14,0.0214178499,0,0,0,0,0,0.00029496,0,-0.001362978323,0,0.0214178499,0.001498127341,0.0001095890411,-0.06787517255,uncertain,0,2.5,1,0,0,-1,0
2025-01-15,0.04076693186,0,0,0,0,0,0.00019628,0,-0.002180765317,0,0.04076693186,0.007105459985,0.0001095890411,-0.07565410818,uncertain,0,2.5,1,0,0,-1,0
2025-01-16,-0.005075258203,0,0,0,0,0,0.00012894,0,-0.002180765317,0,-0.005075258203,0.008540660973,0.0001095890411,-0.0524361707,uncertain,0,2.5,1,0,0,-1,0
2025-01-17,0.04090699519,0,0,0,0,0,0.00017415,0,-0.0008177869939,0,0.04090699519,-0.005522827688,0.0001095890411,-0.05791221529,uncertain,0,2.5,1,0,0,-1,0
2025-01-18,0.00459993843,0,0,0,0,0,0.00026707,0,0,0,0.00459993843,-0.001851166235,0.0001095890411,0.03865583822,uncertain,0,2.5,1,0,0,0,0
2025-01-19,-0.0308413951,0,0,0,0,0,0.0003,0,0,0,-0.0308413951,-0.005192878338,0.0001095890411,0.07279124367,uncertain,0,2.5,1,0,0,0,0
2025-01-20,0.00916239628,0,0,0,0,0,0.0003,0,0,0,0.00916239628,0.007084265474,0.0001095890411,0.0360524936,uncertain,0,2.5,1,0,0,0,0
2025-01-21,0.03797975377,0,0,0,0,0,0.0003,0,0,0,0.03797975377,0.01406886338,0.0001095890411,0.0510629909,uncertain,0,2.5,1,0,0,0,0
2025-01-22,-0.02296092227,0,0,0,0,0,0.0003,0,0,0,-0.02296092227,0.00547645126,0.0001095890411,0.1151169176,uncertain,0,2.5,1,0,0,0,0
2025-01-23,0.001964001155,0,0,0,0,0,0.0002727,0,0,0,0.001964001155,-0.001815541031,0.0001095890411,0.09301278743,uncertain,0,2.5,1,0,0,0,0
2025-01-24,0.009240273875,0,0,0,0,0,0.00017411,0,0,0,0.009240273875,0.004001455075,0.0001095890411,0.05317828524,uncertain,0,2.5,1,0,0,0,0
2025-01-25,-0.001179073238,0,0,0,0,0,0.00021979,0,0,0,-0.001179073238,0.003260869565,0.0001095890411,0.05472112932,uncertain,0,2.5,1,0,0,0,0
2025-01-26,-0.02030466787,0,0,0,0,0,0.00026806,0,0,0,-0.02030466787,-0.002527988443,0.0001095890411,0.09348679842,uncertain,0,2.5,1,0,0,0,0
2025-01-27,-0.005234554668,0,0,0,0,0,0.00012894,0,0,0,-0.005234554668,-0.007241129616,0.0001095890411,0.08824025019,uncertain,0,2.5,1,0,0,0,0
2025-01-28,-0.00732062385,0,0,0,0,0,0.00023562,0,0,-0.03440556931,-0.00732062385,0.007658643326,0.0001095890411,0.07117345226,mild_bull,0,2.5,1,0,0,0,0
2025-01-29,0.02366119994,0,0,0,0,0,0.00029949,0,0,0.01175545534,0.02366119994,-0.0003619254434,0.0001095890411,0.08104828128,mild_bull,0,2.5,1,0,0,0,0
2025-01-30,0.009540818353,0,0,0,0,0,0.00027089,0,0,0.04286907094,0.009540818353,0.01158580739,0.0001095890411,0.1179108555,strong_bull,0,2.5,1,0,0,0,0
2025-01-31,-0.02189949977,0,0,0,0,0,0.00021225,0,0,0.01650556293,-0.02189949977,0.003937007874,0.0001095890411,0.1191217834,strong_bull,0,2.5,1,0,0,0,0
2025-02-01,-0.01751359666,0,0,0,0,0,0.00019435,0,0,-0.05707423682,-0.01751359666,0.004991087344,0.0001095890411,0.08285888236,mild_bull,0,2.5,1,0,0,0,0
2025-02-02,-0.02916521133,0,0,0,0,0,8.343e-05,0,0,0,-0.02916521133,-0.0003547357219,0.0001095890411,0.03764363464,uncertain,0,2.5,1,0,0,0,0
2025-02-03,0.03713314321,0.1286685913,0,0,0,0,0.00024845,0,0,0,0.03713314321,0.004968062456,0.0001095890411,-0.004823977139,bear,0,2.5,1,0,0,0,0
2025-02-04,-0.03518644109,0,0,0,0,0,0.0001355,0,0,-0.05463720963,-0.03518644109,0.007768361582,0.0001095890411,0.03164329239,mild_bull,0,2.5,1,0,0,0,0
2025-02-05,-0.011770286,0,0.0006714249621,0.009765146879,0.08585145274,0,5.923e-05,0,0,0,-0.011770286,0.02207428171,0.0001095890411,-0.006104696645,bear,0,2.5,1,0,0,0,0
2025-02-06,-0.0006011648812,0,0,0,0,0,7.851e-05,0,0,0,-0.0006011648812,-0.01336990058,0.0001095890411,-0.05500207364,bear,0,2.5,1,0,0,0,0
2025-02-07,-0.0004924687495,0,0,0.03175678933,0.05187347638,0,0.00020139,0,0,0,-0.0004924687495,-0.0003474635163,0.0001095890411,-0.004128323553,bear,0,2.5,1,0,0,0,0
2025-02-08,-0.000643063494,0,0,0,0,0,-2.639e-05,0,0,0,-0.000643063494,0,0.0001095890411,0.01521334652,uncertain,0,2.5,1,0,0,0,0
2025-02-09,0.0001867390591,0,0,0,0,0,0.00016312,0,0,0,0.0001867390591,0.008342022941,0.0001095890411,0.04205451415,uncertain,0,2.5,1,0,0,0,0
2025-02-10,0.01003568735,0.008741333838,0,0,0,0,0.00018435,0,0,0,0.01003568735,0.01034126163,0.0001095890411,0.01833327685,uncertain,0,2.5,1,0,0,0,0
2025-02-11,-0.0169619839,0,0,0,0,0,8.862e-05,0,0,0,-0.0169619839,-0.005458887752,0.0001095890411,0.02992421035,uncertain,0,2.5,1,0,0,0,0
2025-02-12,0.02183993852,0,0.08145324827,-0.0122466548,0.004221846338,0,0.00011157,0,0,0,0.02183993852,0.003773584906,0.0001095890411,0.01304288135,uncertain,0,2.5,1,0,0,0,0
2025-02-13,-0.01289312485,0,0,0,0,0,0.00014922,0,0,0,-0.01289312485,0.007518796992,0.0001095890411,0.03526578736,uncertain,0,2.5,1,0,0,0,0
2025-02-14,0.00923669579,0,0,-0.01258609777,-0.0168052149,0,0.00016703,0,0,0,0.00923669579,-0.0118724559,0.0001095890411,0.0004896393839,uncertain,0,2.5,1,0,0,0,0
2025-02-15,0.0007095349684,0,0,0,0,0,7.087e-05,0,0,0,0.0007095349684,-0.002059732235,0.0001095890411,-0.0298203883,bear,0,2.5,1,0,0,0,0
2025-02-16,-0.01487696073,0,0,0,0,0,7.371e-05,0,0,0,-0.01487696073,-0.002407980736,0.0001095890411,-0.02417947079,bear,0,2.5,1,0,0,0,0
2025-02-17,-0.003517755029,0,0,0,0,0,0.00014645,0,0,0,-0.003517755029,0.004482758621,0.0001095890411,-0.07647533357,bear,0,2.5,1,0,0,0,0
2025-02-18,-0.001130298601,0,0,0,0,0,0.00029488,0,0,0,-0.001130298601,0.0120151047,0.0001095890411,-0.08393789638,bear,0,2.5,1,0,0,0,0
2025-02-19,0.01016632498,0,0,0,0,0,0.00023746,0,0,0,0.01016632498,-0.0003392130258,0.0001095890411,-0.05585455747,bear,0,2.5,1,0,0,0,0
2025-02-20,0.01718289436,0,0,0,0,0,0.00013035,0,0,0,0.01718289436,0.002035968782,0.0001095890411,-0.05491530854,bear,0,2.5,1,0,0,0,0
2025-02-21,-0.02159625655,0,0,0,0,0,2.312e-05,0,0,0,-0.02159625655,-0.001015916018,0.0001095890411,-0.07385093169,uncertain,0,2.5,1,0,0,0,0
2025-02-22,0.003836789386,0,0,0,0,0,0.00018784,0,0,0,0.003836789386,0.001694915254,0.0001095890411,-0.07255734588,uncertain,0,2.5,1,0,0,0,0
2025-02-23,-0.003034768875,0,0,0,0,0,8.73e-05,0,0,0,-0.003034768875,0.002707275804,0.0001095890411,-0.07082384679,uncertain,0,2.5,1,0,0,0,0
2025-02-24,-0.04888030086,0,0,0,0,0,5.961e-05,0,0,0,-0.04888030086,0.008437394533,0.0001095890411,-0.08212509714,uncertain,0,2.5,1,0,0,0,0
2025-02-25,-0.03137509164,0,0,0,0,0,0.0001663,0,0,0,-0.03137509164,-0.01606425703,0.0001095890411,-0.125960542,uncertain,0,2.5,1,0,0,0,0
2025-02-26,-0.04995816437,0,0,0,0,0,0.00019526,0,0,0,-0.04995816437,-0.002040816327,0.0001095890411,-0.1358370688,uncertain,0,2.5,1,0,0,0,0
2025-02-27,0.005442011991,0,0,0,0,0,0.00018121,0,0,0,0.005442011991,-0.01567825494,0.0001095890411,-0.1746889266,uncertain,0,2.5,1,0,0,0,0
2025-02-28,-0.004233809609,0,0,0,0,0,0.00018592,0,0,0,-0.004233809609,-0.009349030471,0.0001095890411,-0.1640781041,uncertain,0,2.5,1,0,0,0,0
2025-03-01,0.02032710397,0,0,0,0,0,-6.98e-05,0,0,0,0.02032710397,-0.002097168822,0.0001095890411,-0.1868571733,uncertain,0,2.5,1,0,0,0,0
2025-03-02,0.09534090292,0,0,0,0,0,-6.746e-05,0,0,0,0.09534090292,0.007355516637,0.0001095890411,-0.1781692722,bear,0,2.5,1,0,0,0,0
2025-03-03,-0.08538654927,-0.08527612916,0,0,0,0,5.45e-06,0,0,0,-0.08538654927,0.004172461752,0.0001095890411,-0.07966020746,bear,0,2.5,1,0,0,0,0
2025-03-04,0.01230993378,0,0,0,0,0,-4.9e-06,0,0,0,0.01230993378,0.01385041551,0.0001095890411,-0.1432398956,bear,1,1,1,0,0,0,0
2025-03-05,0.03808380607,0,0.01952060636,0.02879038476,0.01776974872,0,0.00011863,0,0,0,0.03808380607,0.001707650273,0.0001095890411,-0.1066381482,bear,1,1,1,0,0,0,0
2025-03-06,-0.007440124557,0,0,0,0,0,0.00016769,0,0,0,-0.007440124557,-0.00272758268,0.0001095890411,-0.1058192698,bear,1,1,1,0,0,0,0
2025-03-07,-0.03480567349,0,0,0.02315454859,0.01741615066,0,-1.23e-06,0,0,0,-0.03480567349,0.001025641026,0.0001095890411,-0.08010422743,uncertain,1,1,1,0,0,0,0
2025-03-08,-0.006673828581,0,0,0,0,0,6.909e-05,0,0,0,-0.006673828581,0.002732240437,0.0001095890411,-0.1015467678,uncertain,1,1,1,0,0,0,0
2025-03-09,-0.06365024422,0,0,0,0,0,0.00010439,0,0,0,-0.06365024422,-0.001021798365,0.0001095890411,-0.1070060541,uncertain,1,1,1,0,0,0,0
2025-03-10,-0.02648822305,-0.04825834288,0,0,0,0,9.333e-05,0,0,0,-0.02648822305,-0.01295601773,0.0001095890411,-0.1634333539,uncertain,1,1,1,0,0,0,0
2025-03-11,0.05518267756,0,0,0,0,0,0.00016711,0,0,0,0.05518267756,0.01001727116,0.0001095890411,-0.1850684651,uncertain,1,1,1,0,0,0,0
2025-03-12,0.009008839546,0,-0.03922734259,0.005300992405,0.008473834736,0,0.00010404,0,0,0,0.009008839546,0.007523939808,0.0001095890411,-0.1402589082,uncertain,1,1,1,0,0,0,0
2025-03-13,-0.03064455453,0,0,0,0,0,5.689e-05,0,0,0,-0.03064455453,0.01934826884,0.0001095890411,-0.1411329598,uncertain,1,1,1,0,0,0,0
2025-03-14,0.03534971864,0,0,0.0194233818,0.006751820799,0,0.00011074,0,0,0,0.03534971864,-0.002331002331,0.0001095890411,-0.153087237,uncertain,1,1,1,0,0,0,0
2025-03-15,0.004229893598,0,0,0,0,0,-8.745e-05,0,0,0,0.004229893598,0.002002670227,0.0001095890411,-0.1418901749,bear,1,1,1,0,0,0,0
2025-03-16,-0.0209146624,0,0,0,0,0,5.915e-05,0,0,0,0.0194146624,-0.0003331112592,0.0001095890411,-0.1270048259,bear,1,1,-1,0,0,0,0
2025-03-17,0.01738429513,0,0,0,0,0,0.00010398,0,0,0,-0.01738429513,0.003332222592,0.0001095890411,-0.153085913,bear,1,1,-1,0,0,0,0
2025-03-18,-0.01541482606,0,0,0,0,0,6.276e-05,0,0,0,0.01541482606,0.01859847227,0.0001095890411,-0.1389738367,bear,1,1,-1,0,0,0,0
2025-03-19,0.04994146771,0,0,0,0,0,0.00011185,0,0,0,-0.04994146771,-0.0009781545484,0.0001095890411,-0.1394439467,uncertain,1,1,-1,0,0,0,0
2025-03-20,-0.03019772715,0,0,0,0,0,6.82e-05,0,-0.002896904493,0,0.03019772715,-0.0022845953,0.0001095890411,-0.09327688453,uncertain,1,1,-1,0,0,1,0
2025-03-21,-0.001598130876,0,0,0,0,0,9.457e-05,0,-0.003708037751,0,0.001598130876,-0.005888125613,0.0001095890411,-0.1196628179,uncertain,1,1,-1,0,0,1,0
2025-03-22,-0.002951641949,0,0,0,0,0,6.158e-05,0,-0.003708037751,0,0.002951641949,0.003619611714,0.0001095890411,-0.129915276,uncertain,1,1,-1,0,0,1,0
2025-03-23,0.02674015056,0,0,0,0,0,5.935e-05,0,-0.0008111332581,0,-0.02674015056,0.00131147541,0.0001095890411,-0.1471380906,uncertain,1,1,-1,0,0,1,0
2025-03-24,0.01644538669,0,0,0,0,0,4.129e-05,0,0,0,-0.01644538669,-0.01146037983,0.0001095890411,-0.1050038687,uncertain,1,1,-1,0,0,0,0
2025-03-25,-0.00120333959,0,0,0,0,0,-2.873e-05,0,0,0,0.00120333959,0.002981119576,0.0001095890411,-0.09376235422,uncertain,1,1,-1,0,0,0,0
2025-03-26,-0.005534776464,0,0,0,0,0,-4.413e-05,0,0,0,0.005534776464,-0.001651254954,0.0001095890411,-0.09209759189,uncertain,1,1,-1,0,0,0,0
2025-03-27,0.003714682812,0,0,0,0,0,4.888e-05,0,0,0,-0.003714682812,0.01190869997,0.0001095890411,-0.05072161575,uncertain,1,1,-1,0,0,0,0
2025-03-28,-0.03218577676,0,0,0,0,0,9.245e-05,0,0,0,0.03218577676,0.01111474338,0.0001095890411,-0.01633269584,uncertain,1,1,-1,0,0,0,0
2025-03-29,-0.02103468216,0,0,0,0,0,0.00016108,0,0,0,0.02103468216,0.008406078241,0.0001095890411,0.002068721826,uncertain,1,1,-1,0,0,0,0
2025-03-30,-0.003128306925,0,0,0,0,0,5.356e-05,0,0,0,0.003128306925,-0.003206155819,0.0001095890411,-0.02431914217,uncertain,1,1,-1,0,0,0,0
2025-03-31,0.001942226234,0,0,0,0,0,0.00010508,0,0,0,-0.001942226234,0.01286587327,0.0001095890411,-0.02323593828,uncertain,1,1,-1,0,0,0,0
2025-04-01,0.0315969677,0,0,0,0,0,0.00010423,0,0,0,-0.0315969677,-0.005398539219,0.0001095890411,-0.04083587048,uncertain,1,1,-1,0,0,0,0
2025-04-02,-0.0310251468,0,-0.0007932307209,0.006374866943,-0.004233958644,0,1.657e-05,0,0,0,0.0310251468,0.01915708812,0.0001095890411,-0.09665492734,uncertain,1,1,-1,0,0,0,0
2025-04-03,0.008444393222,0,0,0,0,0,0.00017384,0,0,0,-0.008444393222,-0.02036340852,0.0001095890411,-0.04296327757,uncertain,0,2.5,-1,0,0,0,0
2025-04-04,0.008133095406,0,0,0.01187060032,0.009008587994,0,0.00017057,0,0,0,-0.008133095406,-0.02302526383,0.0001095890411,-0.04661775546,bear,0,2.5,-1,0,0,0,0
2025-04-05,-0.00419454697,0,0,0,0,0,0.00016404,0,0,0,0.00419454697,0.004255319149,0.0001095890411,-0.07412466347,bear,0,2.5,-1,0,0,0,0
2025-04-06,-0.06114571347,0,0,0,0,0,4.981e-05,0,0,0,0.06114571347,-0.02086049544,0.0001095890411,-0.07109713807,bear,0,2.5,-1,0,0,0,0
2025-04-07,0.009348973607,0.06551182326,0,0,0,0,0.00016801,0,0,0,-0.009348973607,0.0003328894807,0.0001095890411,-0.09644678823,bear,0,2.5,-1,0,0,0,0
2025-04-08,-0.03588559538,0,0,0,0,0,0.00010783,0,0,0,0.03588559538,-0.001331114809,0.0001095890411,-0.08187206464,bear,0,2.5,-1,0,0,0,0
2025-04-09,0.08245021581,0,0.2932834158,0.08365753874,0.1173567177,0,0.00014172,0,0,0,-0.08245021581,0.03265578141,0.0001095890411,-0.05464772934,bear,0,2.5,-1,0,0,0,0
2025-04-10,-0.03640878763,0,0,0,0,0,0.00014594,0,0,0,0.03640878763,0.03775411423,0.0001095890411,0.05113958929,uncertain,0,2.5,-1,0,0,0,0
2025-04-11,0.04794208571,0,0,0.06080971012,0.03833182001,0,1.061e-05,0,0,0,-0.04794208571,0.01523631841,0.0001095890411,-0.04010092968,bear,0,2.5,-1,0,0,0,0
2025-04-12,0.02221259534,0,0,0,0,0,0.00014682,0,0,0,-0.02221259534,-0.007044410413,0.0001095890411,-0.003062615111,bear,1,1,-1,0,0,0,0
2025-04-13,-0.01778793554,0,0,0,0,0,0.00023128,0,0,0,0.01778793554,0.001542257866,0.0001095890411,0.05129852662,uncertain,1,1,-1,0,0,0,0
2025-04-14,0.009928127985,0.004661155613,0,0,0,0,0.00017668,0,0,0,-0.009928127985,-0.002771789344,0.0001095890411,-0.002657674392,uncertain,0,2.5,-1,0,0,0,0
2025-04-15,-0.01120194232,0,0,0,0,0,6.416e-05,0,0,0,0.01120194232,0.008647313156,0.0001095890411,0.003001478329,uncertain,0,2.5,-1,0,0,0,0
2025-04-16,0.00461945921,0,0,0,0,0,0.00011323,0,0,0,-0.00461945921,0.0342927128,0.0001095890411,0.01295145125,uncertain,0,2.5,-1,0,0,0,0
2025-04-17,0.01091902714,0,0,0,0,0,0.00010508,0,0,0,-0.01091902714,-0.009177027827,0.0001095890411,0.000242232981,uncertain,0,2.5,-1,0,0,0,0
2025-04-18,-0.005570707979,0,0,0,0,0,0.00011854,0,0,0,0.005570707979,0.001792650134,0.0001095890411,0.02699485208,uncertain,0,2.5,-1,0,0,0,0
2025-04-19,0.007130183017,0,0,0,0,0,7.001e-05,0,0,0,-0.007130183017,-0.001491201909,0.0001095890411,-0.02730409735,uncertain,0,2.5,-1,0,0,0,0
2025-04-20,0.001201617217,0,0,0,0,0,-3.634e-05,0,0,0,-0.001201617217,0.006571087216,0.0001095890411,0.01013518929,uncertain,0,2.5,-1,0,0,0,0
2025-04-21,0.02743614524,0,0,0,0,0,0.00012188,0,0,0,-0.02743614524,0.02729970326,0.0001095890411,0.0129678403,uncertain,0,2.5,-1,0,0,0,0
2025-04-22,0.06772183857,0,0,0,0,0,-4e-07,0.02768618431,0,0,-0.06772183857,-0.03264009243,0.0001095890411,0.04384081744,uncertain,0,2.5,-1,0,1,0,0
2025-04-23,0.002654987817,0,0,0,0,0,4.572e-05,0.04203620629,-0.004317436493,0,-0.002654987817,-0.004180352344,0.0001095890411,0.08550506781,uncertain,0,2.5,-1,0,1,1,0
2025-04-24,0.003088767896,0,0,0,0,0,3.74e-06,0.04203620629,-0.009990765159,0,-0.003088767896,0.008995502249,0.0001095890411,0.07077771693,uncertain,0,2.5,-1,0,1,1,0
2025-04-25,0.007003689171,0,0,0,0,0,-1.474e-05,0.01435002198,-0.009990765159,0,-0.007003689171,-0.01545319465,0.0001095890411,0.07537914706,uncertain,0,2.5,-1,0,1,1,0
2025-04-26,-0.0001128502638,0,0,0,0,0,-0.00010004,0,-0.005673328666,0,0.0001128502638,-0.0003018412315,0.0001095890411,0.08893779563,uncertain,0,2.5,-1,0,0,1,0
2025-04-27,-0.009285835059,0,0,0,0,0,-0.00102581,0,0,0,-0.01078583506,-0.001207729469,0.0001095890411,0.0847852755,uncertain,0,2.5,1,0,0,0,0
2025-04-28,0.01346015384,0,0,0,0,0.01346015384,0,0,0,0,0.01346015384,0.009371221282,0.0001095890411,0.1104529284,uncertain,0,2.5,1,1,0,0,0
2025-04-29,-0.007939697202,0,0,0,0,-0.007939697202,0,0,0,0,-0.007939697202,-0.006588799042,0.0001095890411,0.1495808637,uncertain,0,2.5,1,1,0,0,0
2025-04-30,-0.0008998818335,0,0,0,0,-0.0008998818335,0,0,0,0,-0.0008998818335,-0.01055170335,0.0001095890411,0.1440324243,uncertain,0,2.5,1,1,0,0,0
2025-05-01,0.02461357941,0,0,0,0,0.02461357941,0,0,0,0,0.02461357941,-0.009750152346,0.0001095890411,0.1407872634,uncertain,0,2.5,1,1,0,0,0
2025-05-02,0.004116803508,0,0,-0.01225237152,-0.02258381861,0.004116803508,0,0,0,0,0.004116803508,0.0009230769231,0.0001095890411,0.1330647122,uncertain,0,2.5,1,1,0,0,0
2025-05-03,-0.01063835716,0,0,0,0,-0.01063835716,0,0,0,0,-0.01063835716,0.00153704273,0.0001095890411,0.174157733,uncertain,0,2.5,1,1,0,0,0
2025-05-04,-0.01647046698,0,0,0,0,-0.01647046698,0,0,0,0,-0.01647046698,0.001534683855,0.0001095890411,0.1519391961,uncertain,0,2.5,1,1,0,0,0
2025-05-05,0.004837415285,-0.009892805705,0,0,0,0.004837415285,0,0,0,0,0.004837415285,0.02604964756,0.0001095890411,0.1238260353,uncertain,0,2.5,1,1,0,0,0
2025-05-06,0.02217099557,0,0,0,0,0.02217099557,0,0,0,0,0.02217099557,0.01821983274,0.0001095890411,0.1340191451,uncertain,0,2.5,1,1,0,0,0
2025-05-07,0.002029038968,0,0.01169991035,0.009593864532,-0.0004376177128,0.002029038968,0,0,0,0,0.002029038968,-0.00762687005,0.0001095890411,0.2346553615,uncertain,0,2.5,1,1,0,0,0
2025-05-08,0.06421795209,0,0,0,0,0.06421795209,0,0,0,0,0.06421795209,-0.01803133314,0.0001095890411,0.2257014746,uncertain,0,2.5,1,1,0,0,0
2025-05-09,-0.002804624371,0,0,0.02510427029,0.183387765,-0.002804624371,0,0,0,0.06085871323,-0.002804624371,0.003913305238,0.0001095890411,0.3529654851,strong_bull,0,2.5,1,1,0,0,0
2025-05-10,0.01784504699,0,0,0,0,0.01784504699,-0.00076086,0,0,0.1015718282,0.01784504699,-0.0023988006,0.0001095890411,0.2464045971,strong_bull,0,2.5,1,1,0,0,0
2025-05-11,-0.006597968715,0,0,0,0,-0.006597968715,0.0002415,0,0,-0.02657912768,-0.006597968715,-0.009918845807,0.0001095890411,0.3165818964,strong_bull,0,2.5,1,1,0,0,0
2025-05-12,-0.0127420811,-0.03703386569,0,0,0,-0.0127420811,0.00016755,0,0,-0.007595732073,-0.0127420811,-0.01487553127,0.0001095890411,0.2480605064,strong_bull,0,2.5,1,1,0,0,0
2025-05-13,0.01276761501,0,0,0,0,0.01276761501,0.00024103,0,0,0.07382977956,0.01276761501,0.004930662558,0.0001095890411,0.2053829349,strong_bull,0,2.5,1,1,0,0,0
2025-05-14,-0.005724099004,0,-0.08355512314,0.005503776327,-0.04197511542,-0.005724099004,0.00020638,0,0,-0.0261110344,-0.005724099004,-0.01993253603,0.0001095890411,0.2428810888,strong_bull,0,2.5,1,1,0,0,0
2025-05-15,0.002472180363,0,0,0,0,0.002472180363,9.753e-05,0,0,-0.02339313495,0.002472180363,0.01564455569,0.0001095890411,0.2236184736,strong_bull,0,2.5,1,1,0,0,0
2025-05-16,-0.002889353127,0,0,0,0,-0.002889353127,0.00016807,0,0,-0.004539587004,-0.002889353127,-0.007701786815,0.0001095890411,0.240539936,strong_bull,0,2.5,1,1,0,0,0
2025-05-17,-0.003259591026,0,0,0,0,-0.003259591026,6.758e-05,0,0,-0.024452923,-0.003259591026,0.001446755666,0.0001095890411,0.2312677867,strong_bull,0,2.5,1,1,0,0,0
2025-05-18,0.03226721706,0,0,0,0,0.03226721706,0.00022645,0,0,0.009171420722,0.03226721706,0.006302586137,0.0001095890411,0.2139986728,mild_bull,0,2.5,1,1,0,0,0
2025-05-19,-0.008271345834,0,0,0,0,-0.008271345834,0.0001414,0,0,0.01215479346,-0.008271345834,-0.003089966389,0.0001095890411,0.2601911886,strong_bull,0,2.5,1,1,0,0,0
2025-05-20,0.01208870691,0,0,0,0,0.01208870691,0.00016751,0,0,-0.001562413474,0.01208870691,0.02072337112,0.0001095890411,0.2409197267,strong_bull,0,2.5,1,1,0,0,0
2025-05-21,0.02614880919,0,0,0,0,0.02614880919,0.00021033,0,0,0.01061726732,0.02614880919,0.005888550478,0.0001095890411,0.2544135167,strong_bull,0,2.5,1,1,0,0,0
2025-05-22,0.01871712257,0,0,0,0,0.01871712257,0.0003,0,0,0.04462189189,0.01871712257,-0.004120428476,0.0001095890411,0.2528417872,strong_bull,0,2.5,1,1,0,0,0
2025-05-23,-0.03919479452,0,0,0,0,-0.03919479452,0.00025196,0,0,-0.05190594487,-0.03919479452,0.01572180683,0.0001095890411,0.1953407099,strong_bull,0,2.5,1,1,0,0,0
2025-05-24,0.004133591382,0,0,0,0,0.004133591382,0.00015951,0,0,0.001543637443,0.004133591382,0.0002291121162,0.0001095890411,0.1454484248,strong_bull,0,2.5,1,1,0,0,0
2025-05-25,0.01152800651,0,0,0,0,0.01152800651,0.00018558,0,0,0.00822794815,0.01152800651,-0.004143897048,0.0001095890411,0.1466415309,strong_bull,0,2.5,1,1,0,0,0
2025-05-26,0.003950306864,0,0,0,0,0.003950306864,0.00027113,0,0,0.004891777267,0.003950306864,0.002969255953,0.0001095890411,0.1517932203,strong_bull,0,2.5,1,1,0,0,0
2025-05-27,-0.004538044986,0,0,0,0,-0.004538044986,0.00017392,0,0,0.03787884698,-0.004538044986,-0.01081135818,0.0001095890411,0.1564736653,strong_bull,0,2.5,1,1,0,0,0
2025-05-28,-0.01061510396,0,0,0,0,-0.01061510396,0.00010792,0,0.004511220172,0.007813410202,-0.01061510396,-0.01362727623,0.0001095890411,0.1620158231,strong_bull,0,2.5,1,1,0,1,0
2025-05-29,-0.02033766746,0,0,0,0,-0.02033766746,0.00014377,0,0.00601496023,-0.02022389618,-0.02033766746,0.01539367892,0.0001095890411,0.1344115503,mild_bull,0,2.5,1,1,0,1,0
2025-05-30,-0.0151934255,0,0,0,0,-0.0151934255,0.00013863,0,0.00601496023,0,-0.0151934255,-0.007275022922,0.0001095890411,0.1202345889,uncertain,0,2.5,1,1,0,1,0
2025-05-31,0.00583158341,0,0,0,0,0.00583158341,0.00020745,0,0.001503740057,0,0.00583158341,-0.001735180559,0.0001095890411,0.1042080449,uncertain,0,2.5,1,1,0,1,0
2025-06-01,0.01004905926,0,0,0,0,0.01004905926,5.87e-05,0,0,0,0.01004905926,0.006992222101,0.0001095890411,0.0839670179,uncertain,0,2.5,1,1,0,0,0
2025-06-02,0.002035725439,-0.01409733171,0,0,0,0.002035725439,9.418e-05,0,0,0,0.002035725439,0.02331928533,0.0001095890411,0.09037102344,uncertain,0,2.5,1,1,0,0,0
2025-06-03,-0.004544767948,0,0,0,0,-0.004544767948,0.00015527,0,0,0,-0.004544767948,-0.008110144893,0.0001095890411,0.104339073,uncertain,0,2.5,1,1,0,0,0
2025-06-04,-0.006453312486,0,-0.005149898674,-0.0217111743,-0.01623149656,-0.007453312486,3.562e-05,0,0,0,-0.006453312486,0.006461033469,0.0001095890411,0.1177296372,uncertain,0,2.5,1,1,0,0,0
2025-06-05,-0.03045153408,0,0,0,0,0,8.101e-05,0,0,0,-0.03045153408,-0.002845600377,0.0001095890411,0.1051704104,uncertain,0,2.5,1,0,0,0,0
2025-06-06,0.02738445619,0,0,0.03541207206,0.04451526041,0,-9.516e-05,0,0,0,0.02738445619,-0.01409708566,0.0001095890411,0.04827497609,uncertain,0,2.5,1,0,0,0,0
2025-06-07,0.01211745041,0,0,0,0,0,-5.754e-05,0,0,0,0.01211745041,-0.0004439271959,0.0001095890411,0.07480060393,uncertain,0,2.5,1,0,0,0,0
2025-06-08,0.001722845058,0,0,0,0,0,6.819e-05,0,0,0,0.001722845058,0.002505701596,0.0001095890411,0.02218201151,uncertain,0,2.5,1,0,0,0,0
2025-06-09,0.0428340931,0.0664358746,0,0,0,0,4.917e-05,0,0,0,0.0428340931,0.001706203697,0.0001095890411,0.02682292534,uncertain,0,2.5,1,0,0,0,0
2025-06-10,0.0001031170741,0,0,0,0,0,0.00024539,0,0.0007906102796,0.04784454859,0.0001031170741,-0.001873627277,0.0001095890411,0.05203238675,strong_bull,0,2.5,1,0,0,1,0
2025-06-11,-0.01477469066,0,0.03196956491,-0.004637462468,0.001024154715,0,0.00022208,0,0.00161486355,0,-0.01477469066,0.01174188217,0.0001095890411,0.05912896905,uncertain,0,2.5,1,0,0,1,0
2025-06-12,-0.02736791123,0,0,0,0,0,0.00010301,0,0.00161486355,0,-0.02736791123,0.008587323193,0.0001095890411,0.05694838825,uncertain,0,2.5,1,0,0,1,0
2025-06-13,0.003736666372,0,0,0.007163697162,0.02476665659,0,1.786e-05,0,0.0008242532703,0,0.003736666372,0.01571402585,0.0001095890411,0.01506199778,uncertain,0,2.5,1,0,0,1,0
2025-06-14,-0.006146610351,0,0,0,0,0,6.951e-05,0,0,0,-0.006146610351,0.007400389373,0.0001095890411,0.02472054768,uncertain,0,2.5,1,0,0,0,0
2025-06-15,0.00170156631,0,0,0,0,0,5.167e-05,0,0,0,0.00170156631,-0.003047941278,0.0001095890411,0.01591047583,uncertain,0,2.5,1,0,0,0,0
2025-06-16,0.01136920551,0,0,0,0,0,8.799e-05,0,0,0,0.01136920551,-0.01281575625,0.0001095890411,0.02058795387,uncertain,0,2.5,1,0,0,0,0
2025-06-17,-0.02100631933,0,0,0,0,0,9.834e-05,0,0,0,-0.02100631933,-0.005436413482,0.0001095890411,0.03556675214,uncertain,0,2.5,1,0,0,0,0
2025-06-18,0.003210007119,0,0,0,0,0,8.635e-05,0,0,0,0.003210007119,-0.005375320395,0.0001095890411,-0.01787706758,uncertain,0,2.5,1,0,0,0,0
2025-06-19,-0.002175583996,0,0,0,0,0,3.857e-05,0,0,0,-0.002175583996,-0.001649290216,0.0001095890411,-0.006506921134,uncertain,0,2.5,1,0,0,0,0
2025-06-20,-0.01300036624,0,0,0,0,0,0.00013827,0,0,0,-0.01300036624,0.001442562983,0.0001095890411,-0.02050912686,uncertain,0,2.5,1,0,0,0,0
2025-06-21,-0.01140370689,0,0,0,0,0,0.0001335,0.001091044409,9.710120598e-05,0,-0.01140370689,0.0003387643643,0.0001095890411,-0.05787822935,uncertain,0,2.5,1,0,-1,-1,0
2025-06-22,-0.0113213855,0,0,0,0,0,0.00017028,0.001396536843,0.009321715774,0,-0.0113213855,0.001813984169,0.0001095890411,-0.08573433244,bear,0,2.5,1,0,-1,-1,0
2025-06-23,0.04328340425,0,0,0,0,0,1.019e-05,0.001396536843,0.009321715774,0,0.04328340425,-0.009776601999,0.0001095890411,-0.0592110572,bear,0,2.5,1,0,-1,-1,0
2025-06-24,0.007111383768,0,0,0,0,0,2.91e-05,0.0003054924345,0.009224614568,0,0.007111383768,-0.007154010105,0.0001095890411,-0.02253096665,uncertain,0,2.5,1,0,-1,-1,0
2025-06-25,0.01185467983,0,0,0,0,0,5.35e-06,0,0,0,0.01185467983,0.002496531764,0.0001095890411,-0.0267988781,uncertain,0,2.5,1,0,0,0,0
2025-06-26,-0.003666087886,0,0,0,0,0,4.628e-05,0,0,-0.004046107282,-0.003666087886,-0.00597079025,0.0001095890411,-0.01913660181,mild_bull,0,2.5,1,0,0,0,0
2025-06-27,0.0009399977896,0,0,0,0,0,6.333e-05,0,0,0,0.0009399977896,-0.01104720415,0.0001095890411,-0.01827743205,uncertain,0,2.5,1,0,0,0,0
2025-06-28,0.002327936575,0,0,0,0,0,9.326e-05,0,0,0,0.002327936575,-0.001993234531,0.0001095890411,-0.006811819215,uncertain,0,2.5,1,0,0,0,0
2025-06-29,0.009880444699,0,0,0,0,0,0.0001661,0,0,0,0.009880444699,-0.0038211565,0.0001095890411,0.01616672073,uncertain,0,2.5,1,0,0,0,0
2025-06-30,-0.01117076684,0,0,0,0,0,8.966e-05,0,0,0,-0.01117076684,0.01311561454,0.0001095890411,0.04203904237,uncertain,0,2.5,1,0,0,0,0
2025-07-01,-0.01367622834,0,0,0,0,0,6.496e-05,0,0,0,-0.01367622834,0.0080843617,0.0001095890411,0.02442464941,uncertain,0,2.5,1,0,0,0,0
2025-07-02,0.02998131928,0,0.2062696848,0.0332928091,0.01587518771,0,9.34e-05,0,0,0,0.02998131928,0.001446144561,0.0001095890411,0.0003616900819,uncertain,0,2.5,1,0,0,0,0
2025-07-03,0.006754090047,0,0,0,0,0,0.00013461,0,0,0,0.006754090047,-0.004818493467,0.0001095890411,0.02826059705,uncertain,0,2.5,1,0,0,0,0
2025-07-04,-0.0146054954,0,0,-0.03270897371,-0.05425563824,0,0.00012036,0,0,0,-0.0146054954,0.002137597736,0.0001095890411,0.03993181048,uncertain,0,2.5,1,0,0,0,0
2025-07-05,0.0019806594,0,0,0,0,0,8.126e-05,0,0,0,0.0019806594,0.0002363394313,0.0001095890411,0.03139903145,uncertain,0,2.5,1,0,0,0,0
2025-07-06,0.009295170748,0,0,0,0,0,4.634e-05,0,0,0,0.009295170748,-0.002596128538,0.0001095890411,0.06590017721,uncertain,0,2.5,1,0,0,0,0
2025-07-07,-0.008615997386,-0.02980519124,0,0,0,0,0.00010069,0,0,0,-0.008615997386,0.0003448524032,0.0001095890411,0.04713274069,uncertain,0,2.5,1,0,0,0,0
2025-07-08,0.006096638425,0,0,0,0,0,9.237e-05,0,0,0,0.006096638425,-0.008006810735,0.0001095890411,0.025681997,uncertain,0,2.5,1,0,0,0,0
2025-07-09,0.0212169186,0,0.1441081634,0.01487928473,0.05699104656,0,0.00010742,0,0,0.05719037377,0.0212169186,0.002804303155,0.0001095890411,0.03016040252,strong_bull,0,2.5,1,0,0,0,0
2025-07-10,0.04293660598,0,0,0,0,0,0.00020431,0,0.0267010859,0.06593251804,0.04293660598,0.001133048866,0.0001095890411,0.008805944187,strong_bull,0,2.5,1,0,0,1,0
2025-07-11,0.01308214809,0,0,0.01993805382,0.02412271656,0,0.0003,0,0.05494076972,0.002348125735,0.01308214809,0.007901295511,0.0001095890411,0.0520121671,strong_bull,0,2.5,1,0,0,1,0
2025-07-12,-0.0009160396795,0,0,0,0,0,0.0003,0,0.05494076972,-0.005050334323,-0.0009160396795,0.0008839805405,0.0001095890411,0.08175737668,strong_bull,0,2.5,1,0,0,1,0
2025-07-13,0.0141938341,0,0,0,0,0,0.0003,0,0.02823968382,0.009768013916,0.0141938341,0.0008145727968,0.0001095890411,0.1111770386,strong_bull,0,2.5,1,0,0,1,0
2025-07-14,0.006336059192,-0.05612482259,0,0,0,0,0.00028051,0,0,0.01399380222,0.006336059192,-0.00148173324,0.0001095890411,0.1227535457,strong_bull,0,2.5,1,0,0,0,0
2025-07-15,-0.01738208853,0,0,0,0,0,0.0003,0,0,0.04123612134,-0.01738208853,-0.003194783247,0.0001095890411,0.1368551844,strong_bull,0,2.5,1,0,0,0,0
2025-07-16,0.007407898684,0,0,0,0,0,0.0003,0,0,0.07440031359,0.007407898684,0.003863999209,0.0001095890411,0.1151966859,strong_bull,0,2.5,1,0,0,0,0
2025-07-17,0.004612054428,0,0,0,0,0.004612054428,0.0003,0,0,0.03129903451,0.004612054428,-0.003204621338,0.0001095890411,0.11082871,strong_bull,0,2.5,1,1,0,0,0
2025-07-18,-0.01051137479,0,0,0,0,-0.01051137479,0.0003,0,0,0.02014743145,-0.01051137479,0.002146276046,0.0001095890411,0.1398969519,strong_bull,0,2.5,1,1,0,0,0
2025-07-19,-0.0007194412984,0,0,0,0,-0.0007194412984,0.0003,0,0,0.01271243783,-0.0007194412984,0.002825702543,0.0001095890411,0.1243060374,strong_bull,0,2.5,1,1,0,0,0
2025-07-20,-0.004878479294,0,0,0,0,-0.004878479294,0.0003,0,0,0.04584619753,-0.004878479294,-0.001688857117,0.0001095890411,0.125946757,strong_bull,0,2.5,1,1,0,0,0
2025-07-21,0.0009827304146,0,0,0,0,0.0009827304146,0.0003,0,0,0.001501321642,0.0009827304146,0.01305931741,0.0001095890411,0.1352120211,mild_bull,0,2.5,1,1,0,0,0
2025-07-22,0.02192922223,0,0,0,0,0.02192922223,0.0003,0,0,-0.004284578971,0.02192922223,0.008655828474,0.0001095890411,0.1494354534,mild_bull,0,2.5,1,1,0,0,0
2025-07-23,-0.009990711472,0,0,0,0,-0.009990711472,0.0003,0,0,-0.03147714624,-0.009990711472,-0.009051649882,0.0001095890411,0.1880925325,strong_bull,0,2.5,1,1,0,0,0
2025-07-24,-0.003494560569,0,0,0,0,-0.003494560569,0.0003,0,0,0.02167687809,-0.003494560569,-0.005318537682,0.0001095890411,0.1274238985,strong_bull,0,2.5,1,1,0,0,0
2025-07-25,-0.006140560426,0,0,0,0,-0.006140560426,0.0003,0,0,0.004861152325,-0.006140560426,-0.008013057878,0.0001095890411,0.1155509365,mild_bull,0,2.5,1,1,0,0,0
2025-07-26,0.002599003472,0,0,0,0,0.002599003472,0.0003,-0.001972609154,0,0.004332932434,0.002599003472,0.001720075612,0.0001095890411,0.09571151935,mild_bull,0,2.5,1,1,-1,0,0
2025-07-27,0.0126828369,0,0,0,0,0.0126828369,0.0003,-0.00217667217,0,0.03501643902,0.0126828369,-0.002683003175,0.0001095890411,0.1026015114,strong_bull,0,2.5,1,1,-1,0,0
2025-07-28,-0.01133210876,0,0,0,0,-0.01133210876,0.0003,-0.00217667217,0,-0.01887864466,-0.01133210876,-0.007430988357,0.0001095890411,0.1155370242,strong_bull,0,2.5,1,1,-1,0,0
2025-07-29,-0.0009449246805,0,0,0,0,-0.0009449246805,0.0003,-0.0002040630159,0,-0.00137141353,-0.0009449246805,0.004378739923,0.0001095890411,0.1003341293,strong_bull,0,2.5,1,1,-1,0,0
2025-07-30,-0.0009364924821,0,0,0,0,-0.0009364924821,0.0003,0,0,0.004272772083,-0.0009364924821,-0.01083016254,0.0001095890411,0.08853914558,mild_bull,0,2.5,1,1,0,0,0
2025-07-31,-0.01761893003,0,0,0,0,-0.01761893003,0.00025694,0,0,-0.02929396325,-0.01761893003,-0.001482262861,0.0001095890411,0.09980540662,mild_bull,0,2.5,1,1,0,0,0
2025-08-01,-0.02130324018,0,0,-0.03176560909,-0.07479626746,-0.02130324018,5.822e-05,0,0,-0.05833283807,-0.02130324018,0.02145337753,0.0001095890411,0.09540907678,mild_bull,0,2.5,1,1,0,0,0
2025-08-02,-0.006633660474,0,0,0,0,-0.006633660474,0.00010141,0,0,0,-0.006633660474,-0.0008143153065,0.0001095890411,0.0408667556,uncertain,0,2.5,1,1,0,0,0
2025-08-03,0.01477124758,0,0,0,0,0.01477124758,0.0001767,0,0,0,0.01477124758,0.001079698398,0.0001095890411,0.02702537706,uncertain,0,2.5,1,1,0,0,0
2025-08-04,0.007409499093,0.01378084108,0,0,0,0.007409499093,0.00013819,0,0,0.06263116217,0.007409499093,0.003541632003,0.0001095890411,0.05764322646,mild_bull,0,2.5,1,1,0,0,0
2025-08-05,-0.008042064741,0,0,0,0,-0.008042064741,0.00020474,0,0,-0.02929059202,-0.008042064741,0.001989578399,0.0001095890411,0.06337365196,mild_bull,0,2.5,1,1,0,0,0
2025-08-06,0.007557363439,0,0.07465213907,0.0129912607,0.009567353439,0.006557363439,0.00022735,0,0,0.01974252492,0.007557363439,-0.003938752837,0.0001095890411,0.04510747974,mild_bull,0,2.5,1,1,0,0,0
2025-08-07,0.02156440602,0,0,0,0,0,0.00018692,0,0,0.06162934969,0.02156440602,0.006665697614,0.0001095890411,0.06215728115,mild_bull,0,2.5,1,0,0,0,0
2025-08-08,-0.00678689332,0,0,0.0001180850645,0.03469064389,0,0.00012105,0,0,0.02536627531,-0.00678689332,-0.002272017351,0.0001095890411,0.07848692718,strong_bull,0,2.5,1,0,0,0,0
2025-08-09,-0.001821216829,0,0,0,0,0,0.00023073,0,0,0.06263125078,-0.001821216829,-0.0006291072879,0.0001095890411,0.048912657,strong_bull,0,2.5,1,0,0,0,0
2025-08-10,0.02431483163,0,0,0,0,0,0.00029849,0,0,-0.002358811628,0.02431483163,-0.0003250956077,0.0001095890411,0.00389837083,strong_bull,0,2.5,1,0,0,0,0
2025-08-11,-0.005096735368,-0.05616999506,0,0,0,0,0.0003,0,0,-0.006434431147,-0.005096735368,-0.01088241902,0.0001095890411,0.01502922801,strong_bull,0,2.5,1,0,0,0,0
2025-08-12,0.01220093356,0,0,0,0,0,0.00026531,0,0,0.08697155251,0.01220093356,-0.001419728548,0.0001095890411,0.01078180889,strong_bull,0,2.5,1,0,0,0,0
2025-08-13,0.02640674486,0,0.1191255117,0.04408063157,0.009166963454,0,0.00027123,0,0.001185271219,0.03458867405,0.02640674486,0.003876131411,0.0001095890411,0.008795613009,strong_bull,0,2.5,1,0,0,1,0
2025-08-14,-0.04064135179,0,0,0,0,0,0.0003,0,-0.01182521035,-0.04262944013,-0.04064135179,-0.00722738535,0.0001095890411,0.0289153528,strong_bull,0,2.5,1,0,0,1,0
2025-08-15,-0.008056462868,0,0,0,0,0,0.00013651,0,-0.01182521035,-0.02511420239,-0.008056462868,0.0001922112402,0.0001095890411,0.004560196246,strong_bull,0,2.5,1,0,0,1,0
2025-08-16,0.0003290380558,0,0,0,0,0,0.00026141,0,-0.01301048157,0,0.0003290380558,-0.0002462233246,0.0001095890411,-0.01086045123,uncertain,0,2.5,1,0,0,1,0
2025-08-17,0.0002074447358,0,0,0,0,0,0.00014748,0,0,0,0.0002074447358,-0.001742008536,0.0001095890411,-0.01507750285,uncertain,0,2.5,1,0,0,0,0
2025-08-18,-0.01003330267,0,0,0,0,0,7.46e-05,0,0,0,-0.01003330267,0.002190336644,0.0001095890411,-0.004408146748,uncertain,0,2.5,1,0,0,0,0
2025-08-19,-0.02885825632,0,0,0,0,0,0.00016566,0,0,0,-0.02885825632,-0.005484888786,0.0001095890411,-0.01368762729,uncertain,0,2.5,1,0,0,0,0
2025-08-20,0.01238826596,0,0,0,0,0,0.00010843,0,0,0,0.01238826596,0.008216862378,0.0001095890411,-0.03745512732,bear,0,2.5,1,0,0,0,0
2025-08-21,-0.01550031311,0,0,0,0,0,0.00016314,0,0,0,-0.01550031311,-0.002521018468,0.0001095890411,-0.02648756572,bear,0,2.5,1,0,0,0,0
2025-08-22,0.03943102222,0,0,0,0,0,0.00023163,0,0,0,0.03943102222,0.009977487618,0.0001095890411,-0.06214377094,bear,0,2.5,1,0,0,0,0
2025-08-23,-0.01280991421,0,0,0,0,0,0.00029711,0,0,0,-0.01280991421,-0.001218519113,0.0001095890411,-0.01532554274,uncertain,0,2.5,1,0,0,0,0
2025-08-24,-0.01684418612,0,0,0,0,0,0.0003,0,0,0,-0.01684418612,5.058560274e-05,0.0001095890411,-0.02453030011,uncertain,0,2.5,1,0,0,0,0
2025-08-25,-0.02979560343,0,0,0,0,0,0.00028344,0,0,0,-0.02979560343,-0.005266587519,0.0001095890411,-0.03503587276,bear,0,2.5,1,0,0,0,0
2025-08-26,0.01499600679,0,0,0,0,0,0.00018422,0,0,0,0.01499600679,0.01043639007,0.0001095890411,-0.06621447305,bear,0,2.5,1,0,0,0,0
2025-08-27,-0.004484570147,0,0,0,0,0,0.00010801,0,0,0,-0.004484570147,0.002907045589,0.0001095890411,-0.06408152037,bear,0,2.5,1,0,0,0,0
2025-08-28,0.01172808221,0,0,0,0,0,0.00022502,0,0,0,0.01172808221,0.008258998412,0.0001095890411,-0.05759932551,bear,0,2.5,1,0,0,0,0
2025-08-29,-0.03721786777,0,0,0,0,0,0.00010761,0,0,0,-0.03721786777,0.0134785409,0.0001095890411,-0.04564497931,bear,0,2.5,1,0,0,0,0
2025-08-30,0.004050014117,0,0,0,0,0,0.00023544,0,0,0,0.004050014117,0.0002542000786,0.0001095890411,-0.08030274872,bear,0,2.5,1,0,0,0,0
2025-08-31,-0.005238000583,0,0,0,0,0,0.00013517,0,0,0,-0.005238000583,-0.0006699935311,0.0001095890411,-0.06001645761,bear,0,2.5,1,0,0,0,0
2025-09-01,0.009155689776,0.02085202518,0,0,0,0,0.00019623,0,0,0,0.009155689776,0.01236562247,0.0001095890411,-0.0445866928,bear,0,2.5,1,0,0,0,0
2025-09-02,0.01833245421,0,0,0,0,0,0.00022107,0,0,0,0.01833245421,0.012834017,0.0001095890411,-0.02940059806,bear,0,2.5,1,0,0,0,0
2025-09-03,0.004186443349,0,0.1137574455,0.00572872121,0.0448483917,0,8.238e-05,0,0,0,0.004186443349,0.007564505447,0.0001095890411,-0.02599440674,bear,0,2.5,1,0,0,0,0
2025-09-04,-0.008726859173,0,0,0,0,0,0.00014134,0,0,0,-0.008726859173,-0.004447564888,0.0001095890411,-0.02911059169,bear,0,2.5,1,0,0,0,0
2025-09-05,-0.0006401105672,0,0,0.03605688655,0.06202898722,0,0.00025404,0,0,0,-0.0006401105672,0.009707537601,0.0001095890411,-0.02978084154,bear,0,2.5,1,0,0,0,0
2025-09-06,-0.004265498307,0,0,0,0,0,0.00012067,0,0,0,-0.004265498307,0.009004797364,0.0001095890411,-0.03767453238,bear,0,2.5,1,0,0,0,0
2025-09-07,0.008615913334,0,0,0,0,0,0.0001255,0,0,0,0.008615913334,-0.006516822945,0.0001095890411,-0.06200660055,bear,0,2.5,1,0,0,0,0
2025-09-08,0.008349039126,0.02298309846,0,0,0,0,0.00023397,0,0,0,0.008349039126,0.01066797692,0.0001095890411,-0.04746014433,bear,0,2.5,1,0,0,0,0
2025-09-09,-0.004629803553,0,0,0,0,0,0.00023799,0,0,0,-0.004629803553,0.0006372225884,0.0001095890411,-0.03775489483,bear,0,2.5,1,0,0,0,0
2025-09-10,0.021637724,0,0.01237922002,0.05017668918,0.05265037496,0,0.00020831,0,0,0,0.021637724,-0.0002360613979,0.0001095890411,-0.06494559115,bear,0,2.5,1,0,0,0,0
2025-09-11,0.01336161811,0,0,0,0,0,0.00013452,0,0,0,0.01336161811,-0.002789476863,0.0001095890411,-0.03981935527,uncertain,0,2.5,1,0,0,0,0
2025-09-12,0.004734302604,0,0,-0.004350942027,0.01516001099,0,0.00016796,0,0,0,0.004734302604,0.00272294265,0.0001095890411,-0.03871832206,uncertain,0,2.5,1,0,0,0,0
2025-09-13,-0.00095777433,0,0,0,0,0,3.834e-05,0,0,0,-0.00095777433,-0.0008978607849,0.0001095890411,-0.05901565717,uncertain,0,2.5,1,0,0,0,0
2025-09-14,-0.005609813602,0,0,0,0,0,0.00016077,0,0,0,-0.005609813602,0.001599463548,0.0001095890411,-0.02009212724,uncertain,0,2.5,1,0,0,0,0
2025-09-15,0.0007087829485,0,0,0,0,0,0.00022655,0,0,0,0.0007087829485,0.01079697301,0.0001095890411,-0.01767516419,uncertain,0,2.5,1,0,0,0,0
2025-09-16,0.01247727454,0,0,0,0,0,0.0001446,0,0,0,0.01247727454,0.005741213771,0.0001095890411,-0.01730225405,uncertain,0,2.5,1,0,0,0,0
2025-09-17,-0.002922964636,0,0,0,0,0,0.00021716,0,0,0,-0.002922964636,-0.008955368903,0.0001095890411,-0.005247220711,uncertain,0,2.5,1,0,0,0,0
2025-09-18,0.005375293727,0,0,0,0,0,0.00018077,0,0,0,0.005375293727,-0.007249731744,0.0001095890411,0.001897492881,uncertain,0,2.5,1,0,0,0,0
2025-09-19,-0.01230978514,0,0,0,0,0,7.142e-05,0,0,0,-0.01230978514,0.01232291975,0.0001095890411,0.03721520853,uncertain,0,2.5,1,0,0,0,0
2025-09-20,0.0004605111475,0,0,0,0,0,2.724e-05,0,0,0,0.0004605111475,-0.001113772845,0.0001095890411,0.01191148359,uncertain,0,2.5,1,0,0,0,0
2025-09-21,-0.003918723527,0,0,0,0,0,9.83e-06,0,0,0,-0.003918723527,0.001513815602,0.0001095890411,0.02831671111,uncertain,0,2.5,1,0,0,0,0
2025-09-22,-0.02240083921,0,0,0,0,0,0.00013246,0,0,0,-0.02240083921,0.01789995205,0.0001095890411,-0.01456950935,uncertain,0,2.5,1,0,0,0,0
2025-09-23,-0.005789474198,0,0,0,0,0,0.00021623,0,0,0,-0.005789474198,0.004422906504,0.0001095890411,-0.02414333922,uncertain,0,2.5,1,0,0,0,0
2025-09-24,0.01168048229,0,0,0,0,0,0.00016947,0,0,0,0.01168048229,-0.005153232494,0.0001095890411,-0.01317069977,uncertain,0,2.5,1,0,0,0,0
2025-09-25,-0.03806040227,0,0,0,0,0,0.0001107,0,0,0,-0.03806040227,-0.0004234489518,0.0001095890411,0.02901609798,uncertain,0,2.5,1,0,0,0,0
2025-09-26,0.005954154196,0,0,0,0,0,0.00015219,0,0,0,0.005954154196,0.005248728449,0.0001095890411,-0.02477317672,bear,0,2.5,1,0,0,0,0
2025-09-27,-6.94067845e-05,0,0,0,0,0,0.00011236,0,0,0,-6.94067845e-05,0.0005009289715,0.0001095890411,-0.0145471936,bear,0,2.5,1,0,0,0,0
2025-09-28,0.02305906325,0,0,0,0,0,0.00013551,0,0,0,0.02305906325,0.0002913999915,0.0001095890411,-0.02603829367,bear,0,2.5,1,0,0,0,0
2025-09-29,0.01915062727,0,0,0,0,0,3.648e-05,0,0,0,0.01915062727,0.01897520644,0.0001095890411,0.0349385573,uncertain,0,2.5,1,0,0,0,0
2025-09-30,-0.002300984079,0,0,0,0,0,0.0001083,0,0,0,-0.002300984079,0.00731099404,0.0001095890411,0.05050372495,uncertain,0,2.5,1,0,0,0,0
2025-10-01,0.0398606107,0,0.1010609305,0.05383694489,0.09713043307,0,0.00016812,0,0,0,0.0398606107,-0.001483579995,0.0001095890411,0.05360531787,uncertain,0,2.5,1,0,0,0,0
2025-10-02,0.01631063842,0,0,0,0,0,0.00027327,0,0,0.02985212959,0.01631063842,-0.00119896331,0.0001095890411,0.08566267859,strong_bull,0,2.5,1,0,0,0,0
2025-10-03,0.01412643476,0,0,-0.0006549927599,-0.02020339833,0,0.00029926,0.003183819636,0,0.004859896083,0.01412643476,0.00470588844,0.0001095890411,0.08350718415,strong_bull,0,2.5,1,0,1,0,0
2025-10-04,0.001300805027,0,0,0,0,0,0.00028312,0.005269770433,0,0,0.001300805027,0.004457250564,0.0001095890411,0.09423233602,uncertain,0,2.5,1,0,1,0,0
2025-10-05,0.008916587004,0,0,0,0,0,0.00028214,0.005269770433,0,0,0.008916587004,0.003417186423,0.0001095890411,0.1053015297,uncertain,0,2.5,1,0,1,0,0
2025-10-06,0.009525493976,0.03059855081,0,0,0,0.009525493976,0.00023211,0.004623327797,0,0,0.009525493976,0.01763067804,0.0001095890411,0.115871328,uncertain,0,2.5,1,1,1,0,0
2025-10-07,-0.02667759465,0,0,0,0,-0.02667759465,0.00024802,0.002591363746,0,0,-0.02667759465,0.004436120616,0.0001095890411,0.1313262237,uncertain,0,2.5,1,1,1,0,0
2025-10-08,0.01626145247,0,0.01622999768,0.02146714772,0.01464728688,0.01626145247,0.00017938,0.002591363746,0,0,0.01626145247,0.007830777229,0.0001095890411,0.09173883413,uncertain,0,2.5,1,1,1,0,0
2025-10-09,-0.01332944058,0,0,0,0,-0.01332944058,8.149e-05,5.398674471e-05,0,0,-0.01332944058,-0.007921214421,0.0001095890411,0.1003055988,uncertain,0,2.5,1,1,1,0,0
2025-10-10,-0.07305379476,0,0,0.009846044354,0.001420089623,-0.08753717993,5.677e-05,0,0,0,-0.07305379476,-0.004314708757,0.0001095890411,0.09068881566,uncertain,0,2.5,1,1,0,0,0
2025-10-11,-0.01888813517,0,0,0,0,0,0.00020467,0,0,0,-0.01888813517,0.002294746938,0.0001095890411,-0.0104027729,uncertain,0,2.5,1,0,0,0,0
2025-10-12,0.03899338783,0,0,0,0,0,-0.00011105,0,0,0,0.03899338783,0.0111243315,0.0001095890411,-0.0418962357,uncertain,0,2.5,1,0,0,0,0
2025-10-13,0.001802384854,0.005601784135,0,0,0,0,-3.728e-05,0,0,0,0.001802384854,0.02604445369,0.0001095890411,-0.009227142564,uncertain,0,2.5,1,0,0,0,0
2025-10-14,-0.01856329125,0,0,0,0,0,-0.00107827,0,0,0,-0.01856329125,0.008455485563,0.0001095890411,-0.006489830035,uncertain,0,2.5,1,0,0,0,0
2025-10-15,-0.02003801885,0,0,0,0,0,0,0,0,0,-0.02003801885,0.01477478685,0.0001095890411,-0.0194318441,bear,0,2.5,1,0,0,0,0
2025-10-16,-0.02319360712,0,0,0,0,0,0,0,0,0,-0.02319360712,0.04679338055,0.0001095890411,-0.03976108826,bear,0,2.5,1,0,0,0,0
2025-10-17,-0.01629106456,0,0,0,0,0,0,0,0,0,-0.01629106456,-0.04458669071,0.0001095890411,-0.07359154495,bear,0,2.5,1,0,0,0,0
2025-10-18,0.00707806172,0,0,0,0,0,0,0,0,0,0.00707806172,0.0009153253297,0.0001095890411,-0.0860121708,bear,0,2.5,1,0,0,0,0
2025-10-19,0.01360050253,0,0,0,0,0,0,0,0,0,0.01360050253,-8.249249907e-05,0.0001095890411,-0.08446418247,bear,0,2.5,1,0,0,0,0
2025-10-20,0.01739011097,0,0,0,0,0,0,0,0,0,0.01739011097,0.02866968693,0.0001095890411,-0.06044673646,bear,0,2.5,1,0,0,0,0
2025-10-21,-0.02021512486,0,0,0,0,0,0,0,0,0,-0.02021512486,-0.06090158544,0.0001095890411,-0.04454779734,bear,0,2.5,1,0,0,0,0
2025-10-22,-0.006742804347,0,0,0,0,0,0,0,0,0,-0.006742804347,-0.001593339694,0.0001095890411,-0.06017948615,bear,0,2.5,1,0,0,0,0
2025-10-23,0.02334107793,0,0,0,0,0,0,0,0,0,0.02334107793,0.006275997243,0.0001095890411,-0.04512654527,bear,0,2.5,1,0,0,0,0
2025-10-24,0.008418652997,0,0,0,0,0,0,0,0,0,0.008418652997,-0.00168307646,0.0001095890411,-0.01714857659,bear,0,2.5,1,0,0,0,0
2025-10-25,0.005777943656,0,0,0,0,0,-0.00087926,0,0,0,0.005777943656,-4.865552617e-05,0.0001095890411,-0.02031745611,bear,0,2.5,1,0,0,0,0
2025-10-26,0.02609249731,0,0,0,0,0,9.342e-05,0,0,0,0.02609249731,-0.01225449052,0.0001095890411,0.02432948675,uncertain,0,2.5,1,0,0,0,0
2025-10-27,-0.003943369117,0,0,0,0,0,0.00027304,0,0,0,-0.003943369117,-0.0166898196,0.0001095890411,0.04483568833,uncertain,0,2.5,1,0,0,0,0
2025-10-28,-0.01059701081,0,0,0,0,0,0.00016857,0,0,0,-0.01059701081,-0.005971644707,0.0001095890411,0.04078775328,uncertain,0,2.5,1,0,0,0,0
2025-10-29,-0.02548449514,0,0,0,0,0,8.559e-05,0,0,0,-0.02548449514,-0.003056678326,0.0001095890411,0.006548449836,uncertain,0,2.5,1,0,0,0,0
2025-10-30,-0.01543710313,0,0,0,0,0,8.108e-05,0,0,0,-0.01543710313,0.0197207948,0.0001095890411,-0.03753474265,bear,0,2.5,1,0,0,0,0
2025-10-31,0.01186388324,0,0,0,0,0,0.00020213,0,0,0,0.01186388324,-0.008450145628,0.0001095890411,-0.05020695942,bear,0,2.5,1,0,0,0,0
2025-11-01,0.004471297308,0,0,0,0,0,0.00029782,0,0,0,0.004471297308,0.002062417503,0.0001095890411,-0.07577874917,bear,0,2.5,1,0,0,0,0
2025-11-02,0.004019869553,0,0,0,0,0,0.00021985,0,0,0,0.004019869553,-0.007324600028,0.0001095890411,-0.08654531033,bear,0,2.5,1,0,0,0,0
2025-11-03,-0.03580256608,-0.006667103249,0,0,0,0,0.0001828,0,0,0,-0.03580256608,0.003257058846,0.0001095890411,-0.09564860266,bear,0,2.5,1,0,0,0,0
2025-11-04,-0.04771697261,0,0,0,0,0,0.00022147,0,0.02118839727,0,-0.04771697261,-0.01573893853,0.0001095890411,-0.129159497,bear,0,2.5,1,0,0,-1,0
2025-11-05,0.02352714685,0,0.1697057126,0.0172014834,0.01535142346,0,0.00012779,0,0.006997302287,0,0.02352714685,0.0108317766,0.0001095890411,-0.1780424257,bear,0,2.5,1,0,0,-1,0
2025-11-06,-0.02444160456,0,0,0,0,0,0.00016395,0,0.006997302287,0,-0.02444160456,0.003655828428,0.0001095890411,-0.1666422533,bear,0,2.5,1,0,0,-1,0
2025-11-07,0.01966569192,0,0,-0.04223599669,-0.08157232028,0,0.00017563,0,-0.01419109498,0,0.01966569192,0.001442454832,0.0001095890411,-0.1647278007,bear,0,2.5,1,0,0,-1,0
2025-11-08,-0.00992983487,0,0,0,0,0,0.00014563,0,0,0,-0.00992983487,-0.0006638259924,0.0001095890411,-0.1619298331,bear,0,2.5,1,0,0,0,0
2025-11-09,0.02355537823,0,0,0,0,0,0.00011495,0,0,0,-0.02505537823,0.00384272164,0.0001095890411,-0.1590422349,bear,0,2.5,-1,0,0,0,0
2025-11-10,0.01230074093,-0.00721135721,0,0,0,0,0.00021204,0,0,0,-0.01230074093,0.02746279987,0.0001095890411,-0.07139504055,bear,0,2.5,-1,0,0,0,0
2025-11-11,-0.02784745338,0,0,0,0,0,5.866e-05,0,0,0,0.02784745338,0.003237197637,0.0001095890411,-0.04187532311,bear,0,2.5,-1,0,0,0,0
2025-11-12,-0.01362928164,0,-0.03904988631,0.03811404995,0.09641399592,0,8.935e-05,0,0,0,0.01362928164,0.01215361471,0.0001095890411,-0.1035136936,bear,0,2.5,-1,0,0,0,0
2025-11-13,-0.01930413813,0,0,0,0,0,0.00017877,0,0,0,0.01930413813,-0.0005289409692,0.0001095890411,-0.1173230815,bear,0,2.5,-1,0,0,0,0
2025-11-14,-0.05113769387,0,0,-0.1019811469,-0.08600059945,0,0.00026773,0,0,0,0.05113769387,-0.02423879596,0.0001095890411,-0.1179893786,bear,0,2.5,-1,0,0,0,0
2025-11-15,0.01059517517,0,0,0,0,0,0.0002443,0,-0.001183144823,0,-0.01059517517,0.004716876946,0.0001095890411,-0.1459805091,bear,0,2.5,-1,0,0,-1,0
2025-11-16,-0.01396289226,0,0,0,0,0,0.00024805,0,-0.001183144823,0,0.01396289226,-0.000764542801,0.0001095890411,-0.1164390576,bear,0,2.5,-1,0,0,-1,0
2025-11-17,-0.02170877084,0,0,0,0,0,0.00026776,0,-0.001183144823,0,0.02170877084,-0.01520722007,0.0001095890411,-0.1143479084,bear,0,2.5,-1,0,0,-1,0
2025-11-18,0.008086416179,0,0,0,0,0,0.00023725,0.003391825595,0,0,-0.008086416179,0.01002579053,0.0001095890411,-0.1396638392,bear,0,2.5,-1,0,-1,0,0
2025-11-19,-0.01512325137,0,0,0,0,0,0.00016488,0.01356730238,0,0,0.01512325137,0.006864094372,0.0001095890411,-0.1443441525,bear,0,2.5,-1,0,-1,0,0
2025-11-20,-0.05371341979,0,0,0,0,0,0.00023258,0.01356730238,0,0,0.05371341979,-0.005384519628,0.0001095890411,-0.1716888733,bear,0,2.5,-1,0,-1,0,0
2025-11-21,-0.01740360351,0,0,0,0,0,0.00011438,0.01017547678,0.004916622789,0,0.01740360351,-0.002196389087,0.0001095890411,-0.2000083658,bear,0,2.5,-1,0,-1,-1,0
2025-11-22,-0.00457761787,0,0,0,0,0,0.00013165,0,0.005021231785,0,0.00457761787,-0.001933141823,0.0001095890411,-0.2085948127,bear,0,2.5,-1,0,0,-1,0
2025-11-23,0.02466682102,0,0,0,0,0,3.072e-05,0,0.005021231785,0,-0.02466682102,0.00188020877,0.0001095890411,-0.2301858552,bear,0,2.5,-1,0,0,-1,0
2025-11-24,0.01692974778,0,0,0,0,0,4.904e-05,0,0.0001046089955,0,-0.01692974778,0.01916279893,0.0001095890411,-0.2177822076,bear,0,2.5,-1,0,0,-1,0
2025-11-25,-0.01053284139,0,0,0,0,0,-6.313e-05,0,0,0,0.01053284139,-0.003632107346,0.0001095890411,-0.2091091803,bear,0,2.5,-1,0,0,0,0
2025-11-26,0.0356422276,0,0,0,0,0,9.007e-05,0,0,0,-0.0356422276,0.008879630863,0.0001095890411,-0.2373392319,bear,0,2.5,-1,0,0,0,0
2025-11-27,0.009393150304,0,0,0,0,0,4.433e-05,0,0,0,-0.009393150304,-0.001097183575,0.0001095890411,-0.2070293271,bear,0,2.5,-1,0,0,0,0
2025-11-28,-0.004853069423,0,0,0,0,0,6.075e-05,0,0,0,0.004853069423,0.01734829257,0.0001095890411,-0.1910079368,bear,0,2.5,-1,0,0,0,0
2025-11-29,-0.0009710564447,0,0,0,0,0,2.431e-05,0,0,0,0.0009710564447,0.003616974027,0.0001095890411,-0.1738808007,uncertain,0,2.5,-1,0,0,0,0
2025-11-30,-0.004872556288,0,0,0,0,0,0.00013518,0,0,0,0.004872556288,-0.002281003642,0.0001095890411,-0.1617427454,uncertain,0,2.5,-1,0,0,0,0
2025-12-01,-0.04508621071,-0.03516762871,0,0,0,0,8.237e-05,0,0,0,0.04508621071,0.001281131737,0.0001095890411,-0.1756076951,uncertain,0,2.5,-1,0,0,0,0
2025-12-02,0.05785259974,0,0,0,0,0,5.633e-05,0,0,0,-0.05785259974,-0.007321147915,0.0001095890411,-0.2162806624,uncertain,1,1,-1,0,0,0,0
2025-12-03,0.02357712515,0,0.03575661839,0.003919150457,0.01814206761,0,1.589e-05,0.0003941342644,0,0,-0.02357712515,0.000493733384,0.0001095890411,-0.1742598291,uncertain,1,1,-1,0,1,0,0
2025-12-04,-0.01446955714,0,0,0,0,0,0.00010968,0.0007006831367,-0.003750315519,0,0.01446955714,-0.0003155487226,0.0001095890411,-0.1234069698,uncertain,1,1,-1,0,1,1,0
2025-12-05,-0.02984446023,0,0,-0.01970664133,-0.02418068547,0,0.00010172,0.0007006831367,-0.007200605797,0,0.02984446023,-0.0008615063308,0.0001095890411,-0.09280214768,uncertain,1,1,-1,0,1,1,0
2025-12-06,-0.001043881767,0,0,0,0,0,3.79e-05,0.0003065488723,-0.007200605797,0,0.001043881767,0.0008622491639,0.0001095890411,-0.1401077883,uncertain,1,1,-1,0,1,1,0
2025-12-07,0.01298253781,0,0,0,0,0,0.0001107,0,-0.003450290278,0,-0.01298253781,-4.983920922e-05,0.0001095890411,-0.1194841949,bear,1,1,-1,0,0,1,0
2025-12-08,0.002644274354,-0.01328147948,0,0,0,0,9.401e-05,0,0,0,-0.002644274354,-0.002193034505,0.0001095890411,-0.1252553245,bear,1,1,-1,0,0,0,0
2025-12-09,0.02255723383,0,0,0,0,0,0.00012674,0,0,0,-0.02255723383,0.002742560833,0.0001095890411,-0.1141458744,bear,1,1,-1,0,0,0,0
2025-12-10,-0.007158379263,0,0.008268097038,-0.004929908814,0.006011186713,0,7.978e-05,0,0,0,0.007158379263,0.005617191262,0.0001095890411,-0.1150097362,bear,1,1,-1,0,0,0,0
2025-12-11,0.005412247976,0,0,0,0,0,7.113e-05,0,0,0,-0.005412247976,0.01086497567,0.0001095890411,-0.1320216094,bear,1,1,-1,0,0,0,0
2025-12-12,-0.02426632775,0,0,-0.001289886372,-0.00242435965,0,0.00014995,0,0,0,0.02426632775,0.005469772738,0.0001095890411,-0.1023259591,bear,1,1,-1,0,0,0,0
2025-12-13,-0.0003147280079,0,0,0,0,0,0.00012182,0,0,0,0.0003147280079,0.001852019467,0.0001095890411,-0.1120064981,bear,1,1,-1,0,0,0,0
2025-12-14,-0.02291489108,0,0,0,0,0,0.00016671,0,0,0,0.02291489108,-5.559686712e-05,0.0001095890411,-0.09481210231,bear,1,1,-1,0,0,0,0
2025-12-15,-0.01973513865,0,0,0,0,0,2.378e-05,0,0,0,0.01973513865,-0.0002432498176,0.0001095890411,-0.06788834387,bear,0,2.5,-1,0,0,0,0
2025-12-16,0.01656028641,0,0,0,0,0,0.00012906,0,0,0,-0.01656028641,0.001531688101,0.0001095890411,-0.09586318458,bear,0,2.5,-1,0,0,0,0
2025-12-17,-0.01843998333,0,0,0,0,0,0.00021125,0,0,0,0.01843998333,0.008363970376,0.0001095890411,-0.06787526267,bear,0,2.5,-1,0,0,0,0
2025-12-18,-0.008427445079,0,0,0,0,0,0.00013718,0,0,0,0.008427445079,-0.00231055513,0.0001095890411,-0.06476073235,bear,0,2.5,-1,0,0,0,0
2025-12-19,0.03064359226,0,0,0,0,0,0.00025491,0,0,0,-0.03064359226,0.0007198397494,0.0001095890411,-0.08008125573,bear,0,2.5,-1,0,0,0,0
2025-12-20,0.002541045786,0,0,0,0,0,0.00018405,0,0,0,-0.002541045786,0.0001700633371,0.0001095890411,-0.03733298556,bear,0,2.5,-1,0,0,0,0
2025-12-21,0.003372079732,0,0,0,0,0,0.00022532,0,0,0,-0.003372079732,0.003490301145,0.0001095890411,0.0198952575,uncertain,0,2.5,-1,0,0,0,0
2025-12-22,-0.0004293987087,0,0,0,0,0,0.00015567,0,0,0,0.0004293987087,0.02695746751,0.0001095890411,0.04145957514,uncertain,0,2.5,-1,0,0,0,0
2025-12-23,-0.01280500885,0,0,0,0,0,9.659e-05,0,0,0,0.01280500885,0.01026314499,0.0001095890411,0.04579964489,uncertain,0,2.5,-1,0,0,0,0
2025-12-24,0.002096906934,0,0,0,0,0,0.00024382,0,0,0,-0.002096906934,-0.00754136495,0.0001095890411,0.007554992514,uncertain,0,2.5,-1,0,0,0,0
2025-12-25,-0.005066531158,0,0,0,0,0,0.00022228,0,0,0,0.005066531158,0.004271888704,0.0001095890411,-0.007141109044,bear,0,2.5,-1,0,0,0,0
2025-12-26,0.001654222452,0,0,0,0,0,0.00019805,0,0,0,-0.001654222452,0.009142945716,0.0001095890411,-0.001656061191,bear,0,2.5,-1,0,0,0,0
2025-12-27,0.005808086936,0,0,0,0,0,0.00010447,0,0,0,-0.005808086936,0.003104881356,0.0001095890411,-0.03442000035,bear,0,2.5,-1,0,0,0,0
2025-12-28,0.0008614312207,0,0,0,0,0,0.00017383,0,0,0,-0.0008614312207,-0.00480149798,0.0001095890411,-0.03784945248,bear,0,2.5,-1,0,0,0,0
2025-12-29,-0.008135963065,0,0,0,0,0,0.00024826,0,0,0,0.008135963065,-0.04070741218,0.0001095890411,-0.03232442923,bear,0,2.5,-1,0,0,0,0
2025-12-30,0.01430996182,0,0,0,0,0,0.00022958,0,0,0,-0.01430996182,-0.0008706929341,0.0001095890411,-0.03926447351,bear,0,2.5,-1,0,0,0,0
2025-12-31,-0.009462229344,0,0,0,0,0,8.125e-05,0,0,0,0.009462229344,-0.005400707252,0.0001095890411,-0.02074490925,bear,0,2.5,-1,0,0,0,0
2026-01-01,0.01358635692,0,0,0,0,0,0.00021711,0,0,0,-0.01358635692,0.005958049246,0.0001095890411,0.01578714788,uncertain,0,2.5,-1,0,0,0,0
2026-01-02,0.01301331036,0,0,0.007436821007,0.01920262578,0,0.0001464,0,0,0,-0.01301331036,-0.005038014316,0.0001095890411,-0.02671885017,bear,0,2.5,-1,0,0,0,0
2026-01-03,0.00703238053,0,0,0,0,0,0.00011103,0,0,0,-0.00703238053,0.003441722243,0.0001095890411,-0.03676358598,bear,0,2.5,-1,0,0,0,0
2026-01-04,0.009949683326,0,0,0,0,0,0.00019737,0,0,0,-0.009949683326,0.006579747876,0.0001095890411,-0.01574805116,bear,0,2.5,-1,0,0,0,0
2026-01-05,0.02545599118,0.04924507936,0,0,0,0,0.00021846,0.002552033891,0,0,-0.02545599118,0.01391280548,0.0001095890411,0.02462430331,uncertain,0,2.5,-1,0,1,0,0
2026-01-06,-0.001190500162,0,0,0,0,0,4.131e-05,0.002816037397,0,0,0.001190500162,0.01447547492,0.0001095890411,0.0518050907,uncertain,0,2.5,-1,0,1,0,0
2026-01-07,-0.02542785726,0,-0.06389294711,-0.02452124129,-0.04567889765,0,0.00019467,0.002816037397,0,0,0.02542785726,-0.007057962659,0.0001095890411,0.03708887109,uncertain,0,2.5,-1,0,1,0,0
2026-01-08,-0.002891396364,0,0,0,0,0,0.00025129,0.0002640035059,0,0,0.002891396364,0.0009423913068,0.0001095890411,0.008052356314,uncertain,0,2.5,-1,0,1,0,0
2026-01-09,-0.005035236557,0,0,-0.02053821682,-0.02061113604,0,4.663e-05,0,0,0,0.005035236557,0.005858743159,0.0001095890411,-0.01703528747,uncertain,0,2.5,-1,0,0,0,0
2026-01-10,-0.001506818968,0,0,0,0,0,0.00019535,0,0,0,0.001506818968,0.003320431634,0.0001095890411,-0.01493326604,uncertain,0,2.5,-1,0,0,0,0
2026-01-11,0.005623464859,0,0,0,0,0,0.00015081,0,0,0,-0.005623464859,0.004613765691,0.0001095890411,-0.0217123188,uncertain,0,2.5,-1,0,0,0,0
2026-01-12,0.003104479383,-0.01973681212,0,0,0,0,9.365e-05,0,0,0,-0.003104479383,0.015628404,0.0001095890411,0.008255711134,uncertain,0,2.5,-1,0,0,0,0
2026-01-13,0.04510373926,0,0,0,0,-0.04510373926,0.00015528,0,0,0,-0.04510373926,-0.002240369553,0.0001095890411,0.01170423186,uncertain,0,2.5,-1,-1,0,0,0
2026-01-14,0.01611692204,0,0.1140315921,-0.02262778219,-0.04040787574,-0.01611692204,6.702e-05,0,-0.0004762260181,0,-0.01611692204,0.005090152596,0.0001095890411,0.08213283171,uncertain,0,2.5,-1,-1,0,1,0
2026-01-15,-0.0138932983,0,0,0,0,0.0138932983,2.908e-05,-0.001861686051,-0.001081900992,0,0.0138932983,-0.0009549715777,0.0001095890411,0.1217105963,uncertain,0,2.5,-1,-1,1,1,0
2026-01-16,-0.0005633608354,0,0,0,0,0.0005633608354,0.00017172,-0.004061860475,-0.001081900992,0,0.0005633608354,-0.004506930162,0.0001095890411,0.0881069733,uncertain,0,2.5,-1,-1,1,1,0
2026-01-17,-0.004219424738,0,0,0,0,0.004219424738,5.805e-05,-0.004061860475,-0.0006056749743,0,0.004219424738,0.001790078533,0.0001095890411,0.107924078,uncertain,0,2.5,-1,-1,1,1,0
2026-01-18,-0.01549831383,0,0,0,0,0.01549831383,0.0001969,-0.002200174424,0,0,0.01549831383,0.01609276162,0.0001095890411,0.1126258691,uncertain,0,2.5,-1,-1,1,0,0
2026-01-19,-0.01112528095,0,0,0,0,0.01112528095,7.91e-05,0,0,0,0.01112528095,-0.0003478743384,0.0001095890411,0.06281361708,uncertain,0,2.5,-1,-1,0,0,0
2026-01-20,-0.04537724952,0,0,0,0,0.04537724952,0.00022097,0,0,0,0.04537724952,0.02620213195,0.0001095890411,0.04832567346,uncertain,0,2.5,-1,-1,0,0,0
2026-01-21,0.01161480469,0,0,0,0,-0.01161480469,0.00018465,0,0,0,-0.01161480469,-0.001383485551,0.0001095890411,-0.002607748396,uncertain,0,2.5,-1,-1,0,0,0
2026-01-22,0.001173107336,0,0,0,0,-0.001173107336,0.00020884,0,0,0,-0.001173107336,0.0374850262,0.0001095890411,0.009410207244,uncertain,0,2.5,-1,-1,0,0,0
2026-01-23,0.0004532173913,0,0,0,0,-0.0004532173913,0.00015448,0,0,0,-0.0004532173913,0.005487973847,0.0001095890411,0.02370287817,uncertain,0,2.5,-1,-1,0,0,0
2026-01-24,-0.004184362858,0,0,0,0,0.004184362858,0.00014341,0,0,0,0.004184362858,0.01249772832,0.0001095890411,0.02202374944,uncertain,0,2.5,-1,-1,0,0,0
2026-01-25,-0.02863513885,0,0,0,0,0.02863513885,0.00014304,0,0,0,0.02863513885,9.073175158e-05,0.0001095890411,0.02292993762,uncertain,0,2.5,-1,-1,0,0,0
2026-01-26,0.0193459448,0,0,0,0,-0.0193459448,0.0001252,0,0,0,-0.0193459448,-0.002427840287,0.0001095890411,-0.008002787241,bear,0,2.5,-1,-1,0,0,0
2026-01-27,0.01022014536,0,0,0,0,-0.01022014536,0.00017798,0,0,0,-0.01022014536,0.02668029513,0.0001095890411,0.005349180633,uncertain,0,2.5,-1,-1,0,0,0
2026-01-28,0.0005601120448,0,0,0,0,-0.0005601120448,0.00016241,0,0,0,-0.0005601120448,0.06710199712,0.0001095890411,0.01474985819,uncertain,0,2.5,-1,-1,0,0,0
2026-01-29,-0.05206977067,0,0,0,0,0.05206977067,0.00017089,0,0,0,0.05206977067,-0.01117216613,0.0001095890411,0.0236465826,uncertain,0,2.5,-1,-1,0,0,0
2026-01-30,-0.004603299037,0,0,0,0,0.004603299037,6.502e-05,0,0,0,0.004603299037,-0.1013022991,0.0001095890411,-0.04334416863,bear,0,2.5,-1,-1,0,0,0
2026-01-31,-0.06550401024,0,0,0,0,0.06550401024,0.00019826,0,0.001003729357,0,0.06550401024,-0.01717349146,0.0001095890411,-0.03865144095,bear,0,2.5,-1,-1,0,-1,0
2026-02-01,-0.02251530935,0,0,0,0,0.02251530935,1.876e-05,0,0.004817900915,0,0.02251530935,-0.01766159492,0.0001095890411,-0.1136656812,bear,0,2.5,-1,-1,0,-1,0
2026-02-02,0.02300170421,0.1116951333,0,0,0,-0.02300170421,-8.688e-05,0,0.004817900915,0,-0.02300170421,0.008404846037,0.0001095890411,-0.1447513882,bear,0,2.5,-1,-1,0,-1,0
2026-02-03,-0.03769942091,0,0,0,0,0.03769942091,-4.23e-06,0,0.003814171558,0,0.03769942091,0.0351433768,0.0001095890411,-0.131189022,bear,0,2.5,-1,-1,0,-1,0
2026-02-04,-0.0343720837,0,-0.009213341224,-0.02537501553,-0.0386118128,0.0343720837,8.288e-05,0,0,0,0.0343720837,0.01371187926,0.0001095890411,-0.1721792471,bear,1,1,-1,-1,0,0,0
2026-02-05,-0.1401743136,0,0,0,0,0.1401743136,4.514e-05,0,0,0,0.1401743136,-0.06577749508,0.0001095890411,-0.2204767093,bear,0,2.5,-1,-1,0,0,0
2026-02-06,0.1219268331,0,0,0.04756610473,0.02942276709,-0.1219268331,-0.00028763,0,0,0,-0.1219268331,0.0515512832,0.0001095890411,-0.3289469628,bear,1,1,-1,-1,0,0,0
2026-02-07,-0.01828953308,0,0,0,0,0.01828953308,-0.00026411,0,0,0,0.01828953308,0.0101896497,0.0001095890411,-0.2274841688,bear,1,1,-1,-1,0,0,0
2026-02-08,0.01502394739,0,0,0,0,-0.01502394739,-0.00111813,0,0,0,-0.01502394739,0.0101770009,0.0001095890411,-0.239413967,bear,1,1,-1,-1,0,0,0
2026-02-09,-0.002735375523,-0.007583791696,0,0,0,0.002735375523,0,0,0,0,0.002735375523,-0.001306647844,0.0001095890411,-0.2240800218,bear,1,1,-1,-1,0,0,0
2026-02-10,-0.01848798084,0,0,0,0,0.01848798084,0,0,0,0,0.01848798084,0.00147909904,0.0001095890411,-0.225034722,bear,1,1,-1,-1,0,0,0
2026-02-11,-0.02554818482,0,-0.03404788275,-0.01225702627,-0.02587810698,0.02554818482,0,0,0,0,0.02554818482,0.005693555102,0.0001095890411,-0.2436157653,bear,1,1,-1,-1,0,0,0
2026-02-12,-0.01207989801,0,0,0,0,0.01207989801,0,0,0,0,0.01207989801,-0.02858258,0.0001095890411,-0.2652211154,bear,1,1,-1,-1,0,0,0
2026-02-13,0.03895737834,0,0,0.009334509838,0.007212299597,-0.03895737834,0,0,0,0,-0.03895737834,0.02379048786,0.0001095890411,-0.3054250948,bear,1,1,-1,-1,0,0,0
2026-02-14,0.0140731194,0,0,0,0,-0.0140731194,0,0,0,0,-0.0140731194,-0.004245569108,0.0001095890411,-0.289812317,bear,1,1,-1,-1,0,0,0
2026-02-15,-0.01418401829,0,0,0,0,0.01418401829,0,0,0,0,0.01418401829,0.0002109939807,0.0001095890411,-0.2696710835,bear,1,1,-1,-1,0,0,0
2026-02-16,0.0008695010415,0,0,0,0,-0.0008695010415,0,0,0,0,-0.0008695010415,-0.005235925093,0.0001095890411,-0.2796242507,bear,1,1,-1,-1,0,0,0
2026-02-17,-0.02016056046,0,0,0,0,0.02016056046,0,0,0,0,0.02016056046,-0.02638344013,0.0001095890411,-0.2759427783,bear,1,1,-1,-1,0,0,0
2026-02-18,-0.01544393537,0,0,0,0,0.01544393537,-0.00093322,0,0,0,0.01544393537,0.02327034074,0.0001095890411,-0.2793716534,bear,1,1,-1,-1,0,0,0
2026-02-19,0.00816614255,0,0,0,0,-0.00816614255,-4.38e-05,0,0,0,-0.00816614255,0.003564285657,0.0001095890411,-0.2825188112,bear,1,1,-1,-1,0,0,0
2026-02-20,0.01516751381,0,0,0,0,-0.01516751381,5.996e-05,0,0,0,-0.01516751381,0.02368484766,0.0001095890411,-0.242276342,bear,1,1,-1,-1,0,0,0
2026-02-21,-0.0006480445975,0,0,0,0,0.0006480445975,0.00010176,0,0,0,0.0006480445975,0.005042923488,0.0001095890411,-0.239615278,bear,1,1,-1,-1,0,0,0
2026-02-22,-0.00489187864,0,0,0,0,0.00489187864,5.744e-05,0,0,0,0.00489187864,0.008714711351,0.0001095890411,-0.2409984315,bear,1,1,-1,-1,0,0,0
2026-02-23,-0.04416365824,0,0,0,0,0.04416365824,-1.2e-06,0,0,0,0.04416365824,0.01313361701,0.0001095890411,-0.24505353,bear,1,1,-1,-1,0,0,0
2026-02-24,-0.009246934779,0,0,0,0,0.009246934779,4.331e-05,0,0,0,0.009246934779,-0.01711003823,0.0001095890411,-0.275362582,bear,1,1,-1,-1,0,0,0
2026-02-25,0.06134879012,0,0,0,0,-0.06134879012,1.44e-05,0,0,0,-0.06134879012,0.00201552789,0.0001095890411,-0.2608989971,bear,1,1,-1,-1,0,0,0
2026-02-26,-0.007396300879,0,0,0,0,0.007396300879,8.81e-06,0,0,0,0.007396300879,0.003854841546,0.0001095890411,-0.2304438358,bear,1,1,-1,-1,0,0,0
2026-02-27,-0.02390272946,0,0,0,0,0.02390272946,-9.77e-05,0,0,0,0.02390272946,0.01836289233,0.0001095890411,-0.2438635294,bear,1,1,-1,-1,0,0,0
2026-02-28,0.01671663724,0,0,0,0,-0.01671663724,-3.991e-05,0,0,0,-0.01671663724,0.01495465594,0.0001095890411,-0.2623504213,bear,1,1,-1,-1,0,0,0
2026-03-01,-0.01786966918,0,0,0,0,0.01786966918,6.823e-05,0,0,0,0.01786966918,0.01241577867,0.0001095890411,-0.2088229957,bear,1,1,-1,-1,0,0,0
2026-03-02,0.04642374393,0.03547274331,0,0,0,-0.04642374393,-3.338e-05,0,0,0,-0.04642374393,-0.01406064619,0.0001095890411,-0.2193675826,bear,1,1,-1,-1,0,0,0
2026-03-03,-0.007148911391,0,0,0,0,0.007148911391,2.732e-05,0,0,0,0.007148911391,-0.04057081983,0.0001095890411,-0.1258685903,bear,1,1,-1,-1,0,0,0
2026-03-04,0.06334352776,0,0.09491344793,0.05379083656,0.05132805257,-0.06334352776,1.813e-05,0,0,0,-0.06334352776,0.007087923307,0.0001095890411,-0.1121269418,uncertain,1,1,-1,-1,0,0,0
2026-03-05,-0.02444102029,0,0,0,0,0.02444102029,8.706e-05,0,0,0,0.02444102029,-0.01549526936,0.0001095890411,-0.07711388352,uncertain,1,1,-1,-1,0,0,0
2026-03-06,-0.03916873746,0,0,-0.02784172749,-0.03217458166,0.03916873746,-3.548e-05,0,0,0,0.03916873746,0.01641578818,0.0001095890411,-0.06439852813,uncertain,1,1,-1,-1,0,0,0
2026-03-07,-0.01249537173,0,0,0,0,0.01249537173,-7.3e-07,0,0,0,0.01249537173,-0.00194888518,0.0001095890411,-0.06904602873,uncertain,1,1,-1,-1,0,0,0
2026-03-08,-0.01920389707,0,0,0,0,0.01920389707,-0.00108479,0,0,0,0.01920389707,-0.01683180759,0.0001095890411,0.06919503556,uncertain,1,1,-1,-1,0,0,0
2026-03-09,0.03730355064,0.008653706696,0,0,0,-0.03730355064,0,0,0,0,-0.03730355064,0.01150573517,0.0001095890411,-0.06530239475,uncertain,1,1,-1,-1,0,0,0
2026-03-10,0.02216019486,0,0,0,0,-0.02216019486,0,0,0,0,-0.02216019486,0.01051168397,0.0001095890411,-0.01237159288,uncertain,1,1,-1,-1,0,0,0
2026-03-11,0.003477266102,0,0.01766034207,0.007618081732,0.01312024471,-0.003477266102,0,0,0,0,-0.003477266102,-0.0117413479,0.0001095890411,-0.005427953041,uncertain,1,1,-1,-1,0,0,0
2026-03-12,0.004978924907,0,0,0,0,-0.004978924907,0,0,0,0,-0.004978924907,-0.005228895586,0.0001095890411,0.0007679146825,uncertain,1,1,-1,-1,0,0,0
2026-03-13,0.005509677021,0,0,0.02613684997,0.02996503308,-0.005509677021,0,0,0,0,-0.005509677021,-0.01588068838,0.0001095890411,0.02469520836,uncertain,1,1,-1,-1,0,0,0
2026-03-14,0.00397504582,0,0,0,0,-0.00397504582,0,0,0,0,-0.00397504582,-0.001636563574,0.0001095890411,0.05735443451,uncertain,1,1,-1,-1,0,0,0
2026-03-15,0.02251433924,0,0,0,0,-0.02251433924,0,0,0,0,-0.02251433924,-0.006176552603,0.0001095890411,0.07453777355,uncertain,1,1,-1,-1,0,0,0
2026-03-16,0.02842028674,0,0,0,0,-0.02842028674,0,0,0,0,-0.02842028674,0.002294777727,0.0001095890411,0.057531622,uncertain,1,1,-1,-1,0,0,0
2026-03-17,-0.01302416102,0,0,0,0,0.01302416102,0,0,-0.004036014457,0,0.01302416102,-0.001627661446,0.0001095890411,0.07249364285,uncertain,1,1,-1,-1,0,1,0
2026-03-18,-0.03602818371,0,0,0,0,0.03602818371,0,0,-0.01107021108,0,0.03602818371,-0.03281860242,0.0001095890411,0.07375548033,uncertain,1,1,-1,-1,0,1,0
2026-03-19,-0.01847865174,0,0,0,0,0.01847865174,0,0,-0.01107021108,0,0.01847865174,-0.03658284048,0.0001095890411,0.03417080803,uncertain,1,1,-1,-1,0,1,0
2026-03-20,0.008304447304,0,0,0,0,-0.008304447304,0,0,-0.007034196624,0,-0.008304447304,-0.03065527751,0.0001095890411,0.03594597734,uncertain,1,1,-1,-1,0,1,0
2026-03-21,-0.02258677509,0,0,0,0,0.02258677509,0,0,0,0,0.02258677509,-0.001434666146,0.0001095890411,0.06093393118,uncertain,1,1,-1,-1,0,0,0
2026-03-22,-0.01536780168,0,0,0,0,0.01536780168,0,0,0,0,0.01536780168,-0.006368677123,0.0001095890411,0.02857139446,uncertain,1,1,-1,-1,0,0,0
2026-03-23,0.0449085604,0,0,0,0,-0.0459085604,0,0,0,0,-0.0449085604,-0.006069802731,0.0001095890411,-0.002367097564,uncertain,1,1,-1,-1,0,0,0
2026-03-24,-0.004931991377,0,0,0,0,0,0,0,0,0,0.004931991377,0.02297946014,0.0001095890411,0.04311114243,uncertain,1,1,-1,0,0,0,0
2026-03-25,0.0110519562,0,0,0,0,0,0,0,0,0,-0.0110519562,-0.01038981021,0.0001095890411,0.04306909469,uncertain,1,1,-1,0,0,0,0
2026-03-26,-0.03527253148,0,0,0,0,0,-0.00098276,0,0,0,0.03527253148,-0.02016266952,0.0001095890411,0.1033238668,uncertain,1,1,-1,0,0,0,0
2026-03-27,-0.03506275982,0,0,0,0,0,-9.214e-05,0,0,0,0.03506275982,0.02032595884,0.0001095890411,0.07434120405,uncertain,1,1,-1,0,0,0,0
2026-03-28,-0.0004555223463,0,0,0,0,0,-0.00015865,0,0,0,0.0004555223463,0.0001133013572,0.0001095890411,-0.02325055995,bear,1,1,-1,0,0,0,0
2026-03-29,-0.005515462201,0,0,0,0,0,-0.00101015,0,0,0,0.005515462201,-0.01045142144,0.0001095890411,-0.01642064228,bear,1,1,-1,0,0,0,0
2026-03-30,0.01191378458,0,0,0,0,0,0,0,0,0,-0.01191378458,0.0130355824,0.0001095890411,0.002107569062,uncertain,1,1,-1,0,0,0,0
2026-03-31,0.02226300227,0,0,0,0,0,0,0,0,0,-0.02226300227,0.03876528984,0.0001095890411,-0.002626272038,bear,1,1,-1,0,0,0,0
2026-04-01,-0.002497785734,0,0.01991146842,-0.002301077648,0.006279695755,0,0,0,0,0,0.002497785734,0.01724071728,0.0001095890411,0.03812928848,uncertain,1,1,-1,0,0,0,0
2026-04-02,-0.01779269201,0,0,0,0,0,0,0,0,0,0.01779269201,-0.02105876827,0.0001095890411,-0.01040446572,bear,0,2.5,-1,0,0,0,0
2026-04-03,0.0009313624303,0,0,-0.000295132636,-0.011112892,0,0,0,0,0,-0.0009313624303,-0.004112987185,0.0001095890411,-0.02101334543,bear,0,2.5,-1,0,0,0,0
2026-04-04,0.005019390929,0,0,0,0,0,0,0,0,0,-0.005019390929,-7.528597917e-05,0.0001095890411,-0.07847424621,bear,0,2.5,-1,0,0,0,0
2026-04-05,0.02576150342,0,0,0,0,0,0,0,0,0,-0.02576150342,-0.01070647229,0.0001095890411,-0.05064555699,bear,0,2.5,-1,0,0,0,0
2026-04-06,-0.002614936543,0.009809022482,0,0,0,0,-0.0008696,0,0,0,0.002614936543,0.009909063629,0.0001095890411,0.0135091131,uncertain,0,2.5,-1,0,0,0,0
2026-04-07,0.0445954507,0,0,0,0,0,0.00010781,0,0,0,-0.0445954507,0.03560209199,0.0001095890411,0.02364973505,uncertain,0,2.5,-1,0,0,0,0
2026-04-08,-0.01187764011,0,0.1117516348,0.007213018845,-0.00221734208,0,0.00011631,0,0,0,0.01187764011,-0.02229226528,0.0001095890411,0.09023664872,uncertain,0,2.5,-1,0,0,0,0
2026-04-09,0.01010328841,0,0,0,0,0,3.106e-05,0,0,0,-0.01010328841,0.009567210772,0.0001095890411,0.03854576562,uncertain,0,2.5,-1,0,0,0,0
2026-04-10,0.01636388381,0,0,0.01199816954,0.03859807072,0,6.82e-06,0,0,0,-0.01636388381,-0.002845702273,0.0001095890411,0.02629558292,uncertain,0,2.5,-1,0,0,0,0
2026-04-11,0.001102755243,0,0,0,0,0,-0.00020063,0,0,0,-0.001102755243,-0.0004478242501,0.0001095890411,0.0394752326,uncertain,0,2.5,-1,0,0,0,0
2026-04-12,-0.0315180778,0,0,0,0,0,-0.00012133,0,0,0,0.0315180778,-0.01605281622,0.0001095890411,0.03546601184,uncertain,0,2.5,-1,0,0,0,0
2026-04-13,0.05197849959,0.04104652737,0,0,0,0,-0.00105826,0,0,0,-0.05197849959,0.01829284008,0.0001095890411,-0.002664880868,uncertain,0,2.5,-1,0,0,0,0
2026-04-14,-0.003849069291,0,0,0,0,0,0,0,0,0,0.003849069291,0.01813085177,0.0001095890411,0.04502109548,uncertain,0,2.5,-1,0,0,0,0
2026-04-15,0.009151838859,0,0,0,0,0,0,0,0,0,-0.009151838859,-0.00335815871,0.0001095890411,0.01807739698,uncertain,0,2.5,-1,0,0,0,0
2026-04-16,0.004602326507,0,0,0,0,0,0,0,0,0,-0.004602326507,-0.007323045456,0.0001095890411,-0.0009972668638,uncertain,0,2.5,-1,0,0,0,0
2026-04-17,0.02551697315,0,0,0,0,0,0,0,0,0,-0.02551697315,0.009418692062,0.0001095890411,0.01684401001,uncertain,0,2.5,-1,0,0,0,0
2026-04-18,-0.01790844924,0,0,0,0,0,0,0,0,0,0.01790844924,-0.009403413275,0.0001095890411,0.08176481272,uncertain,0,2.5,-1,0,0,0,0
2026-04-19,-0.02496929653,0,0,0,0,0,0,0,0,0,0.02496929653,-0.007383891139,0.0001095890411,0.08239325039,uncertain,0,2.5,-1,0,0,0,0
2026-04-20,0.02763049514,0,0,0,0,0,0,0,0,0,-0.02763049514,0.01402531646,0.0001095890411,0.04667459832,uncertain,0,2.5,-1,0,0,0,0
2026-04-21,0.006529188643,0,0,0,0,0,0,0,0,0,-0.006529188643,-0.01632795726,0.0001095890411,0.1004503605,uncertain,0,2.5,-1,0,0,0,0
2026-04-22,0.02413116197,0,0,0,0,0,0,0,0,0,-0.02413116197,-0.003003384095,0.0001095890411,0.1249230021,uncertain,0,2.5,-1,0,0,0,0
2026-04-23,0.001013709315,0,0,0,0,0,0,0,0,0,-0.001013709315,-0.006133056133,0.0001095890411,0.1025545631,uncertain,0,2.5,-1,0,0,0,0
2026-04-24,-0.01048270402,0,0,0,0,0,0,0,0,0,0.01048270402,0.002397068021,0.0001095890411,0.1091425142,uncertain,0,2.5,-1,0,0,0,0
2026-04-25,0.002426097145,0,0,0,0,0,0,0,0,0,-0.002426097145,-0.001381991942,0.0001095890411,0.08551859755,uncertain,0,2.5,-1,0,0,0,0
2026-04-26,0.01330177134,0,0,0,0,0,0,0,0,0,-0.01330177134,-0.003492812866,0.0001095890411,0.1279373778,uncertain,0,2.5,-1,0,0,0,0
2026-04-27,-0.01635227642,0,0,0,0,0,0,0,0,0,0.01635227642,0.002263949072,0.0001095890411,0.1844717929,uncertain,0,2.5,-1,0,0,0,0
2026-04-28,-0.01329368557,0,0,0,0,0,0,0,0,0,0.01329368557,-0.0201309612,0.0001095890411,0.165633955,uncertain,0,2.5,-1,0,0,0,0
2026-04-29,-0.007371621438,0,0,0,0,0,0,0,0,0,0.007371621438,-0.00731445853,0.0001095890411,0.1565171101,uncertain,0,2.5,-1,0,0,0,0
2026-04-30,0.007476510953,0,0,0,0,0,0,0,0,0,-0.007476510953,0.01365900127,0.0001095890411,0.1344758035,uncertain,0,2.5,-1,0,0,0,0
2026-05-01,0.02468427855,0,0,0.04831007747,0.03496223504,0,0,0,0,0,-0.02468427855,-0.003113767269,0.0001095890411,0.1180662136,uncertain,0,2.5,-1,0,0,0,0
2026-05-02,0.005825302536,0,0,0,0,0,0,0,0,0,-0.005825302536,-0.001277200238,0.0001095890411,0.1485336624,uncertain,0,2.5,-1,0,0,0,0
2026-05-03,-0.001503173656,0,0,0,0,0,0,0,0,0,0.001503173656,0.001707286306,0.0001095890411,0.176151113,uncertain,0,2.5,-1,0,0,0,0
2026-05-04,0.01644983484,0.007606755186,0,0,0,0,0,0,0,0,-0.01644983484,-0.01934955784,0.0001095890411,0.173290395,uncertain,0,2.5,-1,0,0,0,0
2026-05-05,0.0130790983,0,0,0,0,0,0,0,0,0,-0.0130790983,0.0149756347,0.0001095890411,0.1866346451,uncertain,0,2.5,-1,0,0,0,0
2026-05-06,0.006692868422,0,-0.02846605521,-0.001016543845,-0.01246967048,0,0,0,0,0,-0.006692868422,0.02244176332,0.0001095890411,0.1719632217,uncertain,0,2.5,-1,0,0,0,0
2026-05-07,-0.01769260775,0,0,0,0,0,0,0,0,0,0.01769260775,0.002016133334,0.0001095890411,0.1829002264,uncertain,0,2.5,-1,0,0,0,0
2026-05-08,0.002339449541,0,0,-0.001583280807,-0.006284261904,0,0,0,0,0,-0.002339449541,0.002146215167,0.0001095890411,0.1123652088,uncertain,0,2.5,-1,0,0,0,0
2026-05-09,0.006050764672,0,0,0,0,0,0,0,0,0,-0.006050764672,0.001236529898,0.0001095890411,0.1283699027,uncertain,0,2.5,-1,0,0,0,0
2026-05-10,0.01898488319,0,0,0,0,0,0,0,0,0,-0.01898488319,-0.005470510595,0.0001095890411,0.1238428946,uncertain,0,2.5,-1,0,0,0,0
2026-05-11,-0.005649186286,0.03054165851,0,0,0,0,0,0,0,0,0.005649186286,0.01511918682,0.0001095890411,0.1267410608,uncertain,0,2.5,-1,0,0,0,0
2026-05-12,-0.0151834379,0,0,0,0,0,0,0,0,0,0.0151834379,-0.009504752376,0.0001095890411,0.1191417513,uncertain,0,2.5,-1,0,0,0,0
2026-05-13,-0.01479247053,0,-0.03500683778,-0.0527955445,-0.04606544557,0,0,0,0,0,0.01479247053,-0.004965622613,0.0001095890411,0.1380174547,uncertain,0,2.5,-1,0,0,0,0
2026-05-14,0.02239691271,0,0,0,0,0,-0.0008905,0,0,0,-0.02239691271,-0.008159522286,0.0001095890411,0.0657854371,uncertain,0,2.5,-1,0,0,0,0
2026-05-15,-0.02437760814,0,0,0,0,0,-4.584e-05,0,0,0,0.02437760814,-0.02314470385,0.0001095890411,0.09386610694,uncertain,0,2.5,-1,0,0,0,0
2026-05-16,-0.01219973251,0,0,0,0,0,8.683e-05,0,-0.0001826613678,0,0.01219973251,-0.001342695516,0.0001095890411,0.05752199673,uncertain,0,2.5,-1,0,0,-1,0
2026-05-17,-0.008834257541,0,0,0,0,0,5.261e-05,0,-0.0008350233958,0,0.008834257541,-0.0003085739475,0.0001095890411,0.03983485174,uncertain,0,2.5,-1,0,0,-1,0
2026-05-18,-0.005884504401,0,0,0,0,0,0.00011825,0,-0.0008350233958,0,0.005884504401,0.009218185025,0.0001095890411,0.005004022213,uncertain,0,2.5,-1,0,0,-1,0
2026-05-19,-0.002175401714,0,0,0,0,0,0.00015536,0,-0.000652362028,0,0.002175401714,-0.01871145473,0.0001095890411,0.01730848906,uncertain,0,2.5,-1,0,0,-1,0
2026-05-20,0.009343085567,0,0,0,0,0,0.00018095,0,0,0,-0.009343085567,0.01107361034,0.0001095890411,0.04109073777,uncertain,0,2.5,-1,0,0,0,0
2026-05-21,0.0008160951658,0,0,0,0,0,0.00012058,0,0,0,-0.0008160951658,-0.002596058571,0.0001095890411,0.02256379369,uncertain,0,2.5,-1,0,0,0,0
2026-05-22,-0.02674748555,0,0,0,0,0,5.635e-05,0,0,0,0.02674748555,-0.006720077003,0.0001095890411,0.01675968725,uncertain,0,2.5,-1,0,0,0,0
2026-05-23,0.01605133738,0,0,0,0,0,0.00010249,0,1.530438064e-05,0,-0.01605133738,0.006401038391,0.0001095890411,-0.03375274677,bear,0,2.5,-1,0,0,-1,0
2026-05-24,0.004077417647,0,0,0,0,0,0.00021599,0,0.0007346102706,0,-0.004077417647,0.007444672896,0.0001095890411,-0.0192373943,bear,0,2.5,-1,0,0,-1,0
2026-05-25,0.003335497741,0,0,0,0,0,0.00011502,0,0.0007346102706,0,-0.003335497741,-0.002214048025,0.0001095890411,-0.004806092375,uncertain,0,2.5,-1,0,0,-1,0
2026-05-26,-0.01800263599,0,0,0,0,0,0.00017686,0,0.0007193058899,0,0.01800263599,-0.006823854049,0.0001095890411,-0.003903252818,uncertain,0,2.5,-1,0,0,-1,0
2026-05-27,-0.01950098518,0,0,0,0,0,0.00028862,0,0,0,0.01950098518,-0.01592259469,0.0001095890411,-0.03467613726,bear,0,2.5,-1,0,0,0,0
2026-05-28,-0.01117256979,0,0,0,0,0,0.00025011,0,0,0,0.01117256979,0.008822921162,0.0001095890411,-0.03776619037,bear,0,2.5,-1,0,0,0,0
2026-05-29,-0.002128977196,0,0,0,0,0,0.00022093,0,0,0,0.002128977196,0.01049490963,0.0001095890411,-0.03569768296,bear,0,2.5,-1,0,0,0,0
2026-05-30,0.005766342258,0,0,0,0,0,0.0001441,0,0,0,-0.005766342258,-0.002551273542,0.0001095890411,-0.03060464503,bear,0,2.5,-1,0,0,0,0
2026-05-31,-0.00284214336,0,0,0,0,0,0.00016083,0,0,0,0.00284214336,0.002560009904,0.0001095890411,-0.03225017182,bear,0,2.5,-1,0,0,0,0
2026-06-01,-0.03075003403,-0.0618273767,0,0,0,0.03075003403,0.00020141,0,0,0,0.03075003403,-0.01164057332,0.0001095890411,-0.05824714535,bear,0,2.5,-1,-1,0,0,0
2026-06-02,-0.06509090604,0,0,0,0,0.06509090604,0.00024335,0,0,0,0.06509090604,-0.002532232983,0.0001095890411,-0.09249258294,bear,0,2.5,-1,-1,0,0,0
2026-06-03,-0.03921580963,0,-0.1460800981,0.03634497357,0.0501269527,0.03921580963,0.00022394,0,0.005597144374,0,0.03921580963,-0.004126722823,0.0001095890411,-0.1502857949,bear,0,2.5,-1,-1,0,-1,0
2026-06-04,-0.004002946553,0,0,0,0,0.004002946553,3.147e-05,0,0.01452232054,0,0.004002946553,0.0008534703677,0.0001095890411,-0.1968202005,bear,0,2.5,-1,-1,0,-1,0
2026-06-05,-0.04429014875,0,0,-0.08336262554,-0.1694849166,0.04429014875,-9.79e-06,0,0.01452232054,0,0.04429014875,-0.03026562931,0.0001095890411,-0.2103630259,bear,0,2.5,-1,-1,0,-1,0
2026-06-06,-0.002814607526,0,0,0,0,0.002814607526,9.3e-06,0,0.008925176164,0,0.002814607526,-0.00494059713,0.0001095890411,-0.2503534507,bear,0,2.5,-1,-1,0,-1,0
2026-06-07,0.04019717952,0,0,0,0,-0.04019717952,3.21e-06,0,0,0,-0.04019717952,0.008576764132,0.0001095890411,-0.2389993251,bear,0,2.5,-1,-1,0,0,0
2026-06-08,-0.003884607484,0.02755776103,0,0,0,0.003884607484,7.109e-05,0,0,0,0.003884607484,-0.006071198814,0.0001095890411,-0.2102568087,bear,0,2.5,-1,-1,0,0,0
2026-06-09,-0.02149431276,0,0,0,0,0.02149431276,2.082e-05,0,0,0,0.02149431276,-0.02141727023,0.0001095890411,-0.21805601,bear,0,2.5,-1,-1,0,0,0
2026-06-10,-0.003547869755,0,-0.04474968021,0.02049019052,0.02844239401,0.003547869755,-4.78e-06,0,0,0,0.003547869755,-0.03938154008,0.0001095890411,-0.2491187515,bear,0,2.5,-1,-1,0,0,0
2026-06-11,0.03438409949,0,0,0,0,-0.03438409949,4.45e-05,0,0,0,-0.03438409949,0.04023099134,0.0001095890411,-0.2475319482,bear,0,2.5,-1,-1,0,0,0
2026-06-12,-0.0007226606612,0,0,-0.01538757908,-0.02713263858,0.0007226606612,1.983e-05,0,0,0,0.0007226606612,-0.0006571580406,0.0001095890411,-0.2096589171,bear,0,2.5,-1,-1,0,0,0
2026-06-13,0.01380937185,0,0,0,0,-0.01380937185,6.355e-05,0,0,0,-0.01380937185,0.002464182701,0.0001095890411,-0.198372007,bear,0,2.5,-1,-1,0,0,0
2026-06-14,0.01998882683,0,0,0,0,-0.01998882683,-0.00012432,0,0,0,-0.01998882683,0.0158404634,0.0001095890411,-0.2051052171,bear,0,2.5,-1,-1,0,0,0
2026-06-15,0.008856599862,0,0,0,0,-0.008856599862,-2.65e-05,0,-0.002923625702,0,-0.008856599862,0.004438621603,0.0001095890411,-0.1689573713,bear,0,2.5,-1,-1,0,1,0
2026-06-16,-0.009855908615,0,0,0,0,0.009855908615,-0.00101292,0,-0.01002385955,0,0.009855908615,0.003330501827,0.0001095890411,-0.1512425454,bear,0,2.5,-1,-1,0,1,0
2026-06-17,-0.01774815109,0,0,0,0,0.01774815109,0,0,-0.01002385955,0,0.01774815109,-0.01146423441,0.0001095890411,-0.1521174081,bear,0,2.5,-1,-1,0,1,0
2026-06-18,-0.02404905332,0,0,0,0,0.02404905332,0,0,-0.007100233848,0,0.02404905332,-0.02078180393,0.0001095890411,-0.1622359301,bear,0,2.5,-1,-1,0,1,0
2026-06-19,0.009306202658,0,0,0,0,-0.009306202658,0,0,0,0,-0.009306202658,-0.007094995029,0.0001095890411,-0.1806008406,bear,0,2.5,-1,-1,0,0,0
2026-06-20,0.0118673843,0,0,0,0,-0.0118673843,0,0,0,0,-0.0118673843,-0.0001805075873,0.0001095890411,-0.1806307826,bear,0,2.5,-1,-1,0,0,0
2026-06-21,-0.01533515578,0,0,0,0,0.01533515578,-0.00091999,0,0,0,0.01533515578,-0.004133166434,0.0001095890411,-0.1715830803,bear,0,2.5,-1,-1,0,0,0
2026-06-22,0.01118303184,0,0,0,0,-0.01118303184,0.00012899,0,0,0,-0.01118303184,0.01122302715,0.0001095890411,-0.1618690884,bear,0,2.5,-1,-1,0,0,0
2026-06-23,-0.02007872226,0,0,0,0,0.02007872226,3.807e-05,0,0,0,0.02007872226,-0.02087028441,0.0001095890411,-0.1658849065,bear,0,2.5,-1,-1,0,0,0
2026-06-24,-0.02640617446,0,0,0,0,0.02640617446,4.315e-05,0,0,0,0.02640617446,-0.02002368077,0.0001095890411,-0.1859520851,bear,0,2.5,-1,-1,0,0,0
2026-06-25,-0.02102213907,0,0,0,0,0.02102213907,-1.646e-05,0,0,0,0.02102213907,4.73327969e-05,0.0001095890411,-0.2100827436,bear,0,2.5,-1,-1,0,0,0
2026-06-26,0.00507191357,0,0,0,0,-0.00507191357,0.0001851,0,0,0,-0.00507191357,0.01695430359,0.0001095890411,-0.2125116275,bear,0,2.5,-1,-1,0,0,0
2026-06-27,-0.001135991701,0,0,0,0,0.001135991701,0.00013281,0,0,0,0.001135991701,-0.00159710757,0.0001095890411,-0.1927758891,bear,0,2.5,-1,-1,0,0,0
2026-06-28,-0.007529527395,0,0,0,0,0.007529527395,0.00010043,0,0,0,0.007529527395,-0.003996702536,0.0001095890411,-0.184582581,bear,0,2.5,-1,-1,0,0,0
2026-06-29,0.01146751071,0,0,0,0,-0.01146751071,0.00019214,0,0,0,-0.01146751071,-0.01129183633,0.0001095890411,-0.1889956791,bear,0,2.5,-1,-1,0,0,0
2026-06-30,-0.02714062895,0,0,0,0,0.02714062895,0.00017851,0,0,0,0.02714062895,-0.002307080945,0.0001095890411,-0.1843985156,bear,0,2.5,-1,-1,0,0,0
2026-07-01,0.02386860421,0,0.05564500924,0.008957966198,2.787949662e-05,-0.02386860421,0.00014458,0,0,0,-0.02386860421,0.007097069025,0.0001095890411,-0.2042728823,bear,0,2.5,-1,-1,0,0,0
2026-07-02,0.02558976409,0,0,0,0,-0.02558976409,0.000185,0,0,0,-0.02558976409,0.02266860738,0.0001095890411,-0.1594325077,bear,1,1,-1,-1,0,0,0
2026-07-03,0.01662215724,0,0,0.02400336133,0.05735710665,-0.01662215724,0.0002374,0,0,0,-0.01662215724,0.01076543713,0.0001095890411,-0.07790241673,bear,0,2.5,-1,-1,0,0,0
2026-07-04,0.008960063761,0,0,0,0,-0.008960063761,0.0002948,0,0,0,-0.008960063761,-0.0001703164768,0.0001095890411,-0.0243128023,bear,0,2.5,-1,-1,0,0,0
2026-07-05,0.008013269984,0,0,0,0,-0.008013269984,0.00027014,0,0,0,-0.008013269984,0.002795105566,0.0001095890411,-0.01161412698,bear,0,2.5,-1,-1,0,0,0
2026-07-06,0.006158994501,0.01500138935,0,0,0,-0.006158994501,0.0002382,0,0,0,-0.006158994501,-0.006608208821,0.0001095890411,0.04247756216,uncertain,0,2.5,-1,-1,0,0,0
2026-07-07,-0.01058726755,0,0,0,0,0.01058726755,0.00022617,0,0,0,0.01058726755,-0.01391608442,0.0001095890411,0.05185874528,uncertain,0,2.5,-1,-1,0,0,0
2026-07-08,-0.01694953238,0,-0.0728244278,-0.03643130835,-0.02377294861,0.01694953238,0.00012741,0,0,0,0.01694953238,-0.005187763327,0.0001095890411,0.0005049579194,uncertain,0,2.5,-1,-1,0,0,0
2026-07-09,0.01509070477,0,0,0,0,-0.01509070477,0.00017687,0,0,0,-0.01509070477,0.01091084972,0.0001095890411,-0.01261753996,uncertain,0,2.5,-1,-1,0,0,0
2026-07-10,0.01473541041,0,0,0.0172360635,0.03522518763,-0.01473541041,0.00025813,0,0,0,-0.01473541041,-0.0009981906277,0.0001095890411,0.02429936822,uncertain,0,2.5,-1,-1,0,0,0
2026-07-11,-0.00534150269,0,0,0,0,0.00534150269,0.00015098,0,0,0,0.00534150269,-0.002735003671,0.0001095890411,0.04309360002,uncertain,0,2.5,-1,-1,0,0,0
2026-07-12,-0.0006111032765,0,0,0,0,0.0006111032765,0.00018544,0,0,0,0.0006111032765,-0.00527048407,0.0001095890411,0.003033508791,uncertain,0,2.5,-1,-1,0,0,0
2026-07-13,-0.02266353089,-0.03934052921,0,0,0,0.02266353089,0.00016377,0,0,0,0.02266353089,-0.01999279495,0.0001095890411,0.003145485507,uncertain,0,2.5,-1,-1,0,0,0
2026-07-14,0.04346644524,0,0,0,0,-0.04346644524,0.00017335,0,0,0,-0.04346644524,0.01229841281,0.0001095890411,-0.03294377223,uncertain,0,2.5,-1,-1,0,0,0
2026-07-15,-0.004423161067,0,0,0,0,0.004423161067,0.00024457,-8.185192244e-05,0.003212516355,0,0.004423161067,0.0009140158149,0.0001095890411,-0.01068453126,uncertain,0,2.5,-1,-1,1,1,0
2026-07-16,-0.01430100679,0,0,0,0,0.01430100679,0.00016112,-0.003928892277,0.004057915396,0,0.01430100679,-0.01620032726,0.0001095890411,-0.02370706876,uncertain,0,2.5,-1,-1,1,1,0
2026-07-17,0.001589686387,0,0,0,0,-0.001589686387,0.00015204,-0.003928892277,0.004057915396,0,-0.001589686387,0.00500987173,0.0001095890411,-0.0280899843,bear,0,2.5,-1,-1,1,1,0
2026-07-18,0.0141174163,0,0,0,0,-0.0141174163,0.00013355,-0.003847040355,0.0008453990407,0,-0.0141174163,0.001545143656,0.0001095890411,-0.008955749085,bear,0,2.5,-1,-1,1,1,0
2026-07-19,-0.001722547136,0,0,0,0,0.001722547136,0.00012546,0,0,0,0.001722547136,-0.004805235913,0.0001095890411,0.0298009737,uncertain,0,2.5,-1,-1,0,0,0
2026-07-20,0.008234689182,0,0,0,0,-0.008234689182,0.00016686,0,0,0,-0.008234689182,0.0036288414,0.0001095890411,0.0185482763,uncertain,0,2.5,-1,-1,0,0,0
2026-07-21,0.01993165022,0,0,0,0,-0.01993165022,0.0001622,-0.000516297117,0,0,-0.01993165022,0.01659638178,0.0001095890411,0.01489159618,uncertain,0,2.5,-1,-1,1,0,0
2026-07-22,-0.006636049916,0,0,0,0,0.006636049916,0.00010819,-0.004130376936,0,0,0.006636049916,0.01300684093,0.0001095890411,0.05124100506,uncertain,0,2.5,-1,-1,1,0,0
2026-07-23,-0.01536002168,0,0,0,0,0.01536002168,8.386e-05,-0.004130376936,0,0,0.01536002168,-0.01983765447,0.0001095890411,0.03271602113,uncertain,0,2.5,-1,-1,1,0,0
2026-07-24,-0.01473110865,0,0,0,0,0.01473110865,0.00018626,-0.003614079819,0,0,0.01473110865,0.002299060846,0.0001095890411,0.03768894885,uncertain,0,2.5,-1,-1,1,0,0
2026-07-25,0.003664016786,0,0,0,0,-0.003664016786,0.00012228,0,0,0,-0.003664016786,0.0002589759843,0.0001095890411,0.05013262552,uncertain,0,2.5,-1,-1,0,0,0
2026-07-26,0.01592217476,0,0,0,0,-0.01592217476,0.00015581,0,0,0,-0.01592217476,0.007981792538,0.0001095890411,0.0766130381,uncertain,0,2.5,-1,-1,0,0,0
2026-07-27,-0.02513960629,0,0,0,0,0.02513960629,0.00017639,0,0,0,0.02513960629,-0.005139621072,0.0001095890411,0.08823562202,uncertain,0,2.5,-1,-1,0,0,0
2026-07-28,0.002496084282,0,0,0,0,-0.002496084282,0.00011022,0,0,0,-0.002496084282,-0.01103067738,0.0001095890411,0.06208432591,uncertain,0,2.5,-1,-1,0,0,0
2026-07-29,0.001083939607,0,0,0,0,-0.001083939607,0.00023665,0,0,0,-0.001083939607,0.01482105828,0.0001095890411,0.07281315393,uncertain,0,2.5,-1,-1,0,0,0
2026-07-30,0.01243649221,0,0,0,0,-0.01243649221,0.00024769,0,0,0,-0.01243649221,0.004686898978,0.0001095890411,0.06179981782,uncertain,0,2.5,-1,-1,0,0,0
2026-07-31,-0.02920869737,0,0,0,0,0.02920869737,0.00025069,0,0,0,0.02920869737,-0.01283433153,0.0001095890411,0.1049951462,uncertain,0,2.5,-1,-1,0,0,0
2026-08-01,-0.001021500486,0,0,0,0,0.001021500486,0.00010831,0,0,0,0.001021500486,7.657932506e-05,0.0001095890411,0.04771224843,uncertain,0,2.5,-1,-1,0,0,0
2026-08-02,0.01188024126,0,0,0,0,-0.01188024126,0.0002118,0,-0.004231847705,0,-0.01188024126,0.00588627606,0.0001095890411,0.02052696556,uncertain,0,2.5,-1,-1,0,-1,0
2026-08-03,-0.0007865345289,0.0391780835,0,0,0,0.0007865345289,0.00018838,0,-0.004231847705,0,0.0007865345289,-0.004918680919,0.0001095890411,0.01576683605,uncertain,0,2.5,-1,-1,0,-1,0
2026-08-04,0.009234256927,0,0,0,0,-0.009234256927,0.00017013,0,-0.004231847705,0,-0.009234256927,0.004064458812,0.0001095890411,0.005954484044,uncertain,0,2.5,-1,-1,0,-1,0
2026-08-05,0.00871470876,0,0.05192228011,0.005003059793,0.01066574086,-0.00871470876,5.365e-05,0,0,0,-0.00871470876,0.04998930855,0.0001095890411,0.007172977219,uncertain,0,2.5,-1,-1,0,0,0
2026-08-06,-0.005282900873,0,0,0,0,0.005282900873,0.00015166,0,0,0,0.005282900873,-0.005461065622,0.0001095890411,0.009731267065,uncertain,0,2.5,-1,-1,0,0,0
2026-08-07,0.009321305194,0,0,0.02421858422,0.03059909325,-0.01032130519,0.00011681,0,0,0,-0.009321305194,0.02253379245,0.0001095890411,0.01514456397,uncertain,0,2.5,-1,-1,0,0,0
2026-08-08,0.0006070250091,0,0,0,0,0,0.00016775,0,0,0,-0.0006070250091,0.0005915566226,0.0001095890411,0.04227307754,uncertain,0,2.5,-1,0,0,0,0
2026-08-09,-0.0009391557604,0,0,0,0,0,0.00018144,0,0,0,0.0009391557604,-0.003903805808,0.0001095890411,0.0274015499,uncertain,0,2.5,-1,0,0,0,0
2026-08-10,-0.01435373155,-0.04907809285,0,0,0,0,0.00020462,0,0,0,0.01435373155,0.01548704755,0.0001095890411,0.01153133052,uncertain,0,2.5,-1,0,0,0,0
2026-08-11,-0.005784116651,0,0,0,0,0,0.00012545,0,0,0,0.005784116651,-0.006249530944,0.0001095890411,0.002366223225,uncertain,0,2.5,-1,0,0,0,0
2026-08-12,-0.001886949686,0,-0.007110964982,-0.003576899043,0.01570267488,0,0.00025169,0,0,0,0.001886949686,0.00913803165,0.0001095890411,-0.002822201317,uncertain,0,2.5,-1,0,0,0,0
2026-08-13,0.0001712350616,0,0,0,0,0,0.00021635,0,0,0,-0.0001712350616,-0.01196259054,0.0001095890411,0.01837617423,uncertain,0,2.5,-1,0,0,0,0
2026-08-14,-0.00704510854,0,0,-0.02910144527,-0.02103624535,0,0.00015173,0,0,0,0.00704510854,0.005409896645,0.0001095890411,-0.02387799763,uncertain,0,2.5,-1,0,0,0,0
2026-08-15,0.0006733439546,0,0,0,0,0,0.00018635,0,0,0,-0.0006733439546,-0.0003333028947,0.0001095890411,-0.02644870891,uncertain,0,2.5,-1,0,0,0,0
2026-08-16,-0.002948514259,0,0,0,0,0,7.805e-05,0,0,0,0.002948514259,-0.002313345239,0.0001095890411,-0.01165890127,uncertain,0,2.5,-1,0,0,0,0
2026-08-17,0.02594753577,0,0,0,0,0,0.00020151,0,0,0,-0.02594753577,0.01160499083,0.0001095890411,-0.0161370726,uncertain,0,2.5,-1,0,0,0,0
2026-08-18,0.00299571841,0,0,0,0,0,0.00013834,0,0,0,-0.00299571841,-0.01880751486,0.0001095890411,-0.004659884857,uncertain,0,2.5,-1,0,0,0,0
2026-08-19,0.07121421537,0,0,0,0,0,0.00015432,0,0,0,-0.07121421537,0.0370653931,0.0001095890411,4.44976356e-05,uncertain,0,2.5,-1,0,0,0,0
2026-08-20,0.05322522791,0,0,0,0,0,0.00029077,0,0,0,-0.05322522791,0.003775749813,0.0001095890411,0.06251242232,uncertain,0,2.5,-1,0,0,0,0
2026-08-21,0.0727541128,0,0,0,0,0,0.00020778,0,0,0,-0.0727541128,0.01902926386,0.0001095890411,0.09719596203,uncertain,0,2.5,-1,0,0,0,0
2026-08-22,-0.01612371411,0,0,0,0,-0.01612371411,0.0003,-0.007001223228,0,0,0.01612371411,-0.002356521739,0.0001095890411,0.184884433,uncertain,0,2.5,-1,1,1,0,0
2026-08-23,0.008551029498,0,0,0,0,0.008551029498,0.0003,-0.008297746048,0,0,-0.008551029498,0.005728717238,0.0001095890411,0.1839654299,uncertain,0,2.5,-1,1,1,0,0
2026-08-24,0.01619304294,0,0,0,0,0.01619304294,0.0003,-0.008297746048,0,0,-0.01619304294,0.01261415463,0.0001095890411,0.2119428145,uncertain,0,2.5,-1,1,1,0,0
2026-08-25,-0.005742425729,0,0,0,0,-0.005742425729,0.00025818,-0.00129652282,0,0,0.005742425729,-0.005672201931,0.0001095890411,0.2270718447,uncertain,0,2.5,-1,1,1,0,0
2026-08-26,0.006170299293,0,0,0,0,0.006170299293,0.00020752,0,0,0,-0.006170299293,-0.006595426024,0.0001095890411,0.200904465,uncertain,0,2.5,-1,1,0,0,0
2026-08-27,0.01551217197,0,0,0,0,0.01551217197,0.00020926,0,0,0,-0.01551217197,-0.006474587946,0.0001095890411,0.2394743009,uncertain,0,2.5,-1,1,0,0,0
2026-08-28,-0.02995292935,0,0,0,0,-0.02995292935,0.00022491,0,0,0,0.02995292935,-0.02718777662,0.0001095890411,0.2555672377,uncertain,0,2.5,-1,1,0,0,0
2026-08-29,0.004934494277,0,0,0,0,0.004934494277,0.0003,0,0,0,-0.004934494277,0.0006566679815,0.0001095890411,0.2166405561,uncertain,0,2.5,-1,1,0,0,0
2026-08-30,-0.0070049853,0,0,0,0,-0.0070049853,0.00025341,0,0,0,-0.0085049853,-0.002374099914,0.0001095890411,0.2076254376,uncertain,0,2.5,1,1,0,0,0
2026-08-31,0.0115765557,0,0,0,0,0.0115765557,0.00027271,0,0,0,0.0115765557,-0.000700454622,0.0001095890411,0.2352459647,uncertain,0,2.5,1,1,0,0,0
2026-09-01,-0.01453641191,0,0,0,0,-0.01453641191,0.00022326,0,0,0,-0.01453641191,-0.02544073078,0.0001095890411,0.2508235753,uncertain,0,2.5,1,1,0,0,0
2026-09-02,-0.001278296466,0,-0.03081484402,-0.01720671611,-0.01557478608,-0.001278296466,0.00019812,0,0,0,-0.001278296466,0.01306626032,0.0001095890411,0.2181689476,uncertain,0,2.5,1,1,0,0,0
2026-09-03,0.05081923315,0,0,0,0,0.05081923315,0.00022046,0,0,0,0.05081923315,0.0200110591,0.0001095890411,0.217569427,uncertain,0,2.5,1,1,0,0,0
2026-09-04,-0.01980549615,0,0,-0.01969851352,-0.02260860072,-0.01980549615,0.00019511,0,0,0,-0.01980549615,-0.0113106273,0.0001095890411,0.2677387462,uncertain,1,1,1,1,0,0,0
2026-09-05,0.002146351335,0,0,0,0,0.002146351335,2.787e-05,0,0,0,0.002146351335,4.287187402e-05,0.0001095890411,0.2318949457,uncertain,1,1,1,1,0,0,0
2026-09-06,0.006389437786,0,0,0,0,0.006389437786,-0.00091303,0,0,0,0.006389437786,-0.002450361011,0.0001095890411,0.2410956101,uncertain,1,1,1,1,0,0,0
