date,nav,daily_ret,w_gold,w_ema,w_cash,w_tactical,idle,routed,gross,net_btc,n_active,turnover_cost
2020-01-01,0.99953216,-0.0004678413,0.63792593,0.18466667,0.047407407,0.08,0.39,0.39,0.83792593,0.1,2,0.0012338889
2020-01-02,1.0017261,0.002194922,0.70192593,0.20066667,0.047407407,0,0.47,0.47,0.70192593,0,0,0.00012
2020-01-03,1.0226081,0.020846098,0.63792593,0.18466667,0.047407407,0.08,0.39,0.39,0.83792593,0.1,2,0.00012
2020-01-04,1.0224907,-0.00011480467,0.70192593,0.20066667,0.047407407,0,0.47,0.47,0.70192593,0,0,0.00012
2020-01-05,1.022496,5.1953323e-06,0.70192593,0.20066667,0.047407407,0,0.47,0.47,0.70192593,0,0,0
2020-01-06,1.0300383,0.0073763546,0.65392593,0.18866667,0.047407407,0.06,0.41,0.41,0.80392593,0.15,1,9e-05
2020-01-07,1.0323046,0.0022001605,0.63792593,0.18466667,0.047407407,0.08,0.39,0.39,0.71792593,0,1,3e-05
2020-01-08,1.0222375,-0.009752042,0.35,0.23,0.15,0.22,0.25,0.25,0.78,0.1,4,0.00049988889
2020-01-09,1.0203357,-0.0018604784,0.462,0.258,0.15,0.08,0.39,0.39,0.542,0,1,0.00021
2020-01-10,1.0234683,0.0030701653,0.398,0.242,0.15,0.16,0.31,0.31,0.678,0.1,3,0.00012
2020-01-11,1.0233933,-7.3284844e-05,0.462,0.258,0.15,0.08,0.39,0.39,0.542,0,1,0.00012
2020-01-12,1.0234346,4.0438356e-05,0.462,0.258,0.15,0.08,0.39,0.39,0.542,0,1,0
2020-01-13,1.0201074,-0.0032510623,0.334,0.226,0.15,0.24,0.23,0.23,0.664,0.25,3,0.00024
2020-01-14,1.0273602,0.0071098094,0.382,0.238,0.15,0.18,0.29,0.29,0.562,0.1,2,9e-05
2020-01-15,1.0300429,0.0026112956,0.382,0.238,0.15,0.18,0.29,0.29,0.562,0.1,2,0
2020-01-16,1.0281581,-0.0018298725,0.382,0.238,0.15,0.18,0.29,0.29,0.562,0.1,2,0
2020-01-17,1.0330059,0.0047150528,0.382,0.238,0.15,0.18,0.29,0.29,0.562,0.1,2,0
2020-01-18,1.0331128,0.00010351625,0.382,0.238,0.15,0.18,0.29,0.29,0.562,0.1,2,0
2020-01-19,1.0307726,-0.0022651984,0.382,0.238,0.15,0.18,0.29,0.29,0.562,0.1,2,0
2020-01-20,1.0301281,-0.00062522508,0.382,0.238,0.15,0.18,0.29,0.29,0.562,0.1,2,0
2020-01-21,1.0306914,0.0005468297,0.382,0.238,0.15,0.18,0.29,0.29,0.562,0.1,2,0
2020-01-22,1.029831,-0.00083477634,0.382,0.238,0.15,0.18,0.29,0.29,0.562,0.1,2,0
2020-01-23,1.0289643,-0.00084159856,0.382,0.238,0.15,0.18,0.29,0.29,0.562,0.1,2,0
2020-01-24,1.0311308,0.0021055137,0.382,0.238,0.15,0.18,0.29,0.29,0.562,0.1,2,0
2020-01-25,1.02997,-0.0011258136,0.382,0.238,0.15,0.18,0.29,0.29,0.562,0.1,2,0
2020-01-26,1.0334004,0.0033306172,0.382,0.238,0.15,0.18,0.29,0.29,0.562,0.1,2,0
2020-01-27,1.0383839,0.0048224175,0.382,0.238,0.15,0.18,0.29,0.29,0.562,0.1,2,0
2020-01-28,1.0420394,0.003520374,0.382,0.238,0.15,0.18,0.29,0.29,0.562,0.1,2,0
2020-01-29,1.0415878,-0.00043342605,0.382,0.238,0.15,0.18,0.29,0.29,0.562,0.1,2,0
2020-01-30,1.0475171,0.0056926447,0.382,0.238,0.15,0.18,0.29,0.29,0.562,0.1,2,0
2020-01-31,1.0457604,-0.0016770836,0.382,0.238,0.15,0.18,0.29,0.29,0.562,0.1,2,0
2020-02-01,1.0462909,0.00050735287,0.382,0.238,0.15,0.18,0.29,0.29,0.562,0.1,2,0
2020-02-02,1.0458239,-0.00044641924,0.382,0.238,0.15,0.18,0.29,0.29,0.562,0.1,2,0
2020-02-03,1.0420936,-0.003566842,0.334,0.226,0.15,0.24,0.23,0.23,0.664,0.25,3,9e-05
2020-02-04,1.0343448,-0.0074357276,0.382,0.238,0.15,0.18,0.29,0.29,0.562,0.1,2,9e-05
2020-02-05,1.0578291,0.022704481,0.27,0.21,0.15,0.32,0.15,0.15,0.8,0.2,5,0.00021
2020-02-06,1.0615305,0.0034990622,0.382,0.238,0.15,0.18,0.29,0.29,0.562,0.1,2,0.00021
2020-02-07,1.0640192,0.0023444213,0.318,0.222,0.15,0.26,0.21,0.21,0.698,0.2,4,0.00012
2020-02-08,1.0649627,0.00088674374,0.382,0.238,0.15,0.18,0.29,0.29,0.562,0.1,2,0.00012
2020-02-09,1.067946,0.0028012816,0.382,0.238,0.15,0.18,0.29,0.29,0.562,0.1,2,0
2020-02-10,1.0642571,-0.0034541837,0.286,0.214,0.15,0.3,0.17,0.17,0.676,0.25,4,0.00018
2020-02-11,1.0658794,0.0015243728,0.382,0.238,0.15,0.18,0.29,0.29,0.562,0.1,2,0.00018
2020-02-12,1.099167,0.031230137,0.222,0.198,0.15,0.38,0.09,0.09,0.812,0.2,6,0.0003
2020-02-13,1.1005857,0.0012907664,0.334,0.226,0.15,0.24,0.23,0.23,0.574,0.1,3,0.00021
2020-02-14,1.1085584,0.0072440001,0.27,0.21,0.15,0.32,0.15,0.15,0.71,0.2,5,0.00012
2020-02-15,1.09912,-0.0085140571,0.334,0.226,0.15,0.24,0.23,0.23,0.574,0.1,3,0.00012
2020-02-16,1.0993095,0.00017236322,0.382,0.238,0.15,0.18,0.29,0.29,0.562,0.1,2,9e-05
2020-02-17,1.0971574,-0.0019577138,0.382,0.238,0.15,0.18,0.29,0.29,0.562,0.1,2,0
2020-02-18,1.1070038,0.0089744837,0.382,0.238,0.15,0.18,0.29,0.29,0.562,0.1,2,0
2020-02-19,1.0966716,-0.0093334424,0.334,0.226,0.15,0.24,0.23,0.23,0.574,0.1,3,9e-05
2020-02-20,1.0990189,0.0021403345,0.382,0.238,0.15,0.18,0.29,0.29,0.562,0.1,2,9e-05
2020-02-21,1.1072582,0.0074970029,0.382,0.238,0.15,0.18,0.29,0.29,0.562,0.1,2,0
2020-02-22,1.1070053,-0.00022840757,0.382,0.238,0.15,0.18,0.29,0.29,0.562,0.1,2,0
2020-02-23,1.1104175,0.0030823232,0.382,0.238,0.15,0.18,0.29,0.29,0.562,0.1,2,0
2020-02-24,1.1145391,0.0037117534,0.382,0.238,0.15,0.18,0.29,0.29,0.562,0.1,2,0
2020-02-25,1.1042331,-0.0092468469,0.382,0.238,0.15,0.18,0.29,0.29,0.562,0.1,2,0
2020-02-26,1.098335,-0.0053413446,0.382,0.238,0.15,0.18,0.29,0.29,0.562,0.1,2,0
2020-02-27,1.097864,-0.00042880316,0.63792593,0.18466667,0.047407407,0.08,0.39,0.39,0.71792593,0,1,0.00046388889
2020-02-28,1.0654967,-0.029482127,0.63792593,0.18466667,0.047407407,0.08,0.39,0.39,0.71792593,0,1,0
2020-02-29,1.0656591,0.00015243293,0.63792593,0.18466667,0.047407407,0.08,0.39,0.39,0.71792593,0,1,0
2020-03-01,1.0657569,9.1821732e-05,0.63792593,0.18466667,0.047407407,0.08,0.39,0.39,0.71792593,0,1,0
2020-03-02,1.0806789,0.014001262,0.58992593,0.17266667,0.047407407,0.14,0.33,0.33,0.81992593,0.15,2,9e-05
2020-03-03,1.1021742,0.019890626,0.63792593,0.18466667,0.047407407,0.08,0.39,0.39,0.71792593,0,1,9e-05
2020-03-04,1.0989903,-0.0028888125,0.52592593,0.15666667,0.047407407,0.22,0.25,0.25,0.95592593,0.1,4,0.00021
2020-03-05,1.1096199,0.009672194,0.63792593,0.18466667,0.047407407,0.08,0.39,0.39,0.71792593,0,1,0.00021
2020-03-06,1.1147904,0.0046596975,0.57392593,0.16866667,0.047407407,0.16,0.31,0.31,0.85392593,0.1,3,0.00012
2020-03-07,1.1147554,-3.1383868e-05,0.63792593,0.18466667,0.047407407,0.08,0.39,0.39,0.71792593,0,1,0.00012
2020-03-08,1.1148926,0.00012307773,0.63792593,0.18466667,0.047407407,0.08,0.39,0.39,0.71792593,0,1,0
2020-03-09,1.1145137,-0.00033987825,0.58992593,0.17266667,0.047407407,0.14,0.33,0.33,0.72992593,0.06,2,9e-05
2020-03-10,1.1079072,-0.0059276753,0.63792593,0.18466667,0.047407407,0.08,0.39,0.39,0.71792593,0,1,9e-05
2020-03-11,1.0957065,-0.011012383,0.52592593,0.15666667,0.047407407,0.22,0.25,0.25,0.74592593,0.04,4,0.00021
2020-03-12,1.0733004,-0.020448989,0.63792593,0.18466667,0.047407407,0.08,0.39,0.39,0.71792593,0,1,0.00021
2020-03-13,1.0505461,-0.021200305,0.57392593,0.16866667,0.047407407,0.16,0.31,0.31,0.73392593,0.04,3,0.00012
2020-03-14,1.0503148,-0.00022015827,0.63792593,0.18466667,0.047407407,0.08,0.39,0.39,0.71792593,0,1,0.00012
2020-03-15,1.0427218,-0.0072292682,0.63792593,0.18466667,0.047407407,0.08,0.39,0.39,0.90259259,-0.18466667,1,0
2020-03-16,1.0411822,-0.0014765637,0.70192593,0.20066667,0.047407407,0,0.47,0.47,0.90259259,-0.20066667,0,0.00012
2020-03-17,1.0485844,0.0071094075,0.70192593,0.20066667,0.047407407,0,0.47,0.47,0.90259259,-0.20066667,0,0
2020-03-18,1.0224302,-0.024942357,0.70192593,0.20066667,0.047407407,0,0.47,0.47,0.90259259,-0.20066667,0,0
2020-03-19,0.99379938,-0.028002734,0.70192593,0.20066667,0.047407407,0,0.47,0.47,0.90259259,-0.20066667,0,0
2020-03-20,0.99486387,0.0010711301,0.70192593,0.20066667,0.047407407,0,0.47,0.47,0.90259259,-0.20066667,0,0
2020-03-21,0.99555653,0.00069623988,0.70192593,0.20066667,0.047407407,0,0.47,0.47,0.90259259,-0.20066667,0,0
2020-03-22,1.0075344,0.012031288,0.70192593,0.20066667,0.047407407,0,0.47,0.47,0.90259259,-0.20066667,0,0
2020-03-23,1.0244602,0.016799308,0.70192593,0.20066667,0.047407407,0,0.47,0.47,0.90259259,-0.20066667,0,0
2020-03-24,1.058417,0.033145983,0.70192593,0.20066667,0.047407407,0,0.47,0.47,0.90259259,-0.20066667,0,0
2020-03-25,1.0480564,-0.0097887825,0.70192593,0.20066667,0.047407407,0,0.47,0.47,0.90259259,-0.20066667,0,0
2020-03-26,1.0541965,0.005858581,0.70192593,0.20066667,0.047407407,0,0.47,0.47,0.90259259,-0.20066667,0,0
2020-03-27,1.0542539,5.4491778e-05,0.63792593,0.18466667,0.047407407,0.08,0.39,0.39,0.90259259,-0.18466667,1,0.00012
2020-03-28,1.0579452,0.0035013046,0.63792593,0.18466667,0.047407407,0.08,0.39,0.39,0.90259259,-0.18466667,1,0
2020-03-29,1.0690125,0.010461113,0.63792593,0.18466667,0.047407407,0.08,0.39,0.39,0.90259259,-0.18466667,1,0
2020-03-30,1.0508271,-0.017011368,0.63792593,0.18466667,0.047407407,0.08,0.39,0.39,0.90259259,-0.18466667,1,0
2020-03-31,1.0326236,-0.017323064,0.70192593,0.20066667,0.047407407,0,0.47,0.47,0.90259259,-0.20066667,0,0.00012
2020-04-01,1.0204686,-0.011770936,0.58992593,0.17266667,0.047407407,0.14,0.33,0.33,0.90259259,-0.13266667,3,0.00021
2020-04-02,1.0371584,0.016354985,0.70192593,0.20066667,0.047407407,0,0.47,0.47,0.90259259,-0.20066667,0,0.00021
2020-04-03,1.0427475,0.0053888825,0.63792593,0.18466667,0.047407407,0.08,0.39,0.39,0.90259259,-0.14466667,2,0.00012
2020-04-04,1.0388093,-0.0037767531,0.70192593,0.20066667,0.047407407,0,0.47,0.47,0.90259259,-0.20066667,0,0.00012
2020-04-05,1.0413747,0.0024695624,0.70192593,0.20066667,0.047407407,0,0.47,0.47,0.90259259,-0.20066667,0,0
2020-04-06,1.0449648,0.0034474721,0.65392593,0.18866667,0.047407407,0.06,0.41,0.41,0.90259259,-0.12866667,1,9e-05
2020-04-07,1.0433329,-0.0015616519,0.70192593,0.20066667,0.047407407,0,0.47,0.47,0.90259259,-0.20066667,0,9e-05
2020-04-08,1.0374398,-0.0056483572,0.58992593,0.17266667,0.047407407,0.14,0.33,0.33,0.90259259,-0.13266667,3,0.00021
2020-04-09,1.0674197,0.028897986,0.63792593,0.18466667,0.047407407,0.08,0.39,0.39,0.90259259,-0.18466667,1,9e-05
2020-04-10,1.0745879,0.0067154006,0.57392593,0.16866667,0.047407407,0.16,0.31,0.31,0.90259259,-0.12866667,3,0.00012
2020-04-11,1.0739722,-0.00057300595,0.63792593,0.18466667,0.047407407,0.08,0.39,0.39,0.90259259,-0.18466667,1,0.00012
2020-04-12,1.0725264,-0.0013461542,0.462,0.258,0.15,0.08,0.39,0.39,0.8,-0.258,1,0.00037388889
2020-04-13,1.0776388,0.0047666983,0.414,0.246,0.15,0.14,0.33,0.33,0.8,-0.186,2,9e-05
2020-04-14,1.0796896,0.0019029887,0.462,0.258,0.15,0.08,0.39,0.39,0.8,-0.258,1,9e-05
2020-04-15,1.0812676,0.0014615515,0.462,0.258,0.15,0.08,0.39,0.39,0.8,-0.258,1,0
2020-04-16,1.0574076,-0.022066722,0.526,0.274,0.15,0,0.47,0.47,0.8,-0.274,0,0.00012
2020-04-17,1.0503729,-0.0066527197,0.526,0.274,0.15,0,0.47,0.47,0.8,-0.274,0,0
2020-04-18,1.0413374,-0.0086021698,0.526,0.274,0.15,0,0.47,0.47,0.8,-0.274,0,0
2020-04-19,1.0463875,0.0048495979,0.526,0.274,0.15,0,0.47,0.47,0.8,-0.274,0,0
2020-04-20,1.0622791,0.015187088,0.526,0.274,0.15,0,0.47,0.47,0.8,-0.274,0,0
2020-04-21,1.0539927,-0.0078005706,0.526,0.274,0.15,0,0.47,0.47,0.8,-0.274,0,0
2020-04-22,1.0587142,0.0044795888,0.526,0.274,0.15,0,0.47,0.47,0.8,-0.274,0,0
2020-04-23,1.0456686,-0.012322054,0.526,0.274,0.15,0,0.47,0.47,0.8,-0.274,0,0
2020-04-24,1.0417102,-0.0037855194,0.526,0.274,0.15,0,0.47,0.47,0.8,-0.274,0,0
2020-04-25,1.0404468,-0.0012128195,0.526,0.274,0.15,0,0.47,0.47,0.8,-0.274,0,0
2020-04-26,1.034624,-0.0055964642,0.526,0.274,0.15,0,0.47,0.47,0.8,-0.274,0,0
2020-04-27,1.0279742,-0.0064272354,0.526,0.274,0.15,0,0.47,0.47,0.8,-0.274,0,0
2020-04-28,1.0286376,0.00064531586,0.462,0.258,0.15,0.08,0.39,0.39,0.8,-0.258,1,0.00012
2020-04-29,0.99105651,-0.036534807,0.462,0.258,0.15,0.08,0.39,0.39,0.8,-0.258,1,0
2020-04-30,0.99062626,-0.00043413579,0.462,0.258,0.15,0.08,0.39,0.39,0.8,-0.258,1,0
2020-05-01,0.98911605,-0.001524494,0.398,0.242,0.15,0.16,0.31,0.31,0.92,-0.142,3,0.00012
2020-05-02,0.98688285,-0.0022577721,0.382,0.238,0.15,0.18,0.29,0.29,0.8,-0.138,2,3e-05
2020-05-03,0.9881169,0.0012504499,0.382,0.238,0.15,0.18,0.29,0.29,0.8,-0.138,2,0
2020-05-04,0.99390431,0.0058570083,0.334,0.226,0.15,0.24,0.23,0.23,0.89,0.024,3,9e-05
2020-05-05,0.99098201,-0.0029402269,0.382,0.238,0.15,0.18,0.29,0.29,0.8,-0.138,2,9e-05
2020-05-06,0.98911915,-0.0018798115,0.27,0.21,0.15,0.32,0.15,0.15,1.01,-0.01,5,0.00021
2020-05-07,0.9847942,-0.0043725247,0.382,0.238,0.15,0.18,0.29,0.29,0.8,-0.138,2,0.00021
2020-05-08,0.98302459,-0.0017969342,0.318,0.222,0.15,0.26,0.21,0.21,0.92,-0.022,4,0.00012
2020-05-09,0.98666861,0.0037069457,0.382,0.238,0.15,0.18,0.29,0.29,0.8,-0.138,2,0.00012
2020-05-10,0.95783269,-0.029225533,0.382,0.238,0.15,0.18,0.29,0.29,0.8,0.338,2,0
2020-05-11,0.94798803,-0.010278065,0.334,0.226,0.15,0.24,0.23,0.23,0.8,0.386,3,9e-05
2020-05-12,0.95921396,0.011841848,0.382,0.238,0.15,0.18,0.29,0.29,0.8,0.338,2,9e-05
2020-05-13,0.98080937,0.022513653,0.27,0.21,0.15,0.32,0.15,0.15,0.8,0.35,5,0.00021
2020-05-14,1.0031194,0.022746573,0.382,0.238,0.15,0.18,0.29,0.29,0.8,0.338,2,0.00021
2020-05-15,0.99006202,-0.013016795,0.382,0.238,0.15,0.18,0.29,0.29,0.8,0.338,2,0
2020-05-16,0.99243143,0.0023931983,0.382,0.238,0.15,0.18,0.29,0.29,0.8,0.338,2,0
2020-05-17,1.0031411,0.010791305,0.382,0.238,0.15,0.18,0.29,0.29,0.8,0.338,2,0
2020-05-18,1.0003353,-0.0027970084,0.382,0.238,0.15,0.18,0.29,0.29,0.8,0.338,2,0
2020-05-19,1.0045551,0.0042184333,0.382,0.238,0.15,0.18,0.29,0.29,0.8,0.338,2,0
2020-05-20,0.99683065,-0.0076894382,0.382,0.238,0.15,0.18,0.29,0.29,0.8,0.338,2,0
2020-05-21,0.97462107,-0.022280194,0.382,0.238,0.15,0.18,0.29,0.29,0.8,0.338,2,0
2020-05-22,0.98136928,0.0069239334,0.382,0.238,0.15,0.18,0.29,0.29,0.8,0.338,2,0
2020-05-23,0.98171942,0.00035678117,0.382,0.238,0.15,0.18,0.29,0.29,0.8,0.338,2,0
2020-05-24,0.96516918,-0.016858418,0.382,0.238,0.15,0.18,0.29,0.29,0.8,0.338,2,0
2020-05-25,0.97191787,0.0069922357,0.382,0.238,0.15,0.18,0.29,0.29,0.8,0.338,2,0
2020-05-26,0.96338288,-0.0087816021,0.382,0.238,0.15,0.18,0.29,0.29,0.8,0.338,2,0
2020-05-27,0.97794986,0.015120658,0.382,0.238,0.15,0.18,0.29,0.29,0.8,0.338,2,0
2020-05-28,0.99195925,0.014325267,0.382,0.238,0.15,0.18,0.29,0.29,0.8,0.338,2,0
2020-05-29,0.99198756,2.8541221e-05,0.382,0.238,0.15,0.18,0.29,0.29,0.8,0.338,2,0
2020-05-30,1.0016539,0.0097443761,0.382,0.238,0.15,0.18,0.29,0.29,0.8,0.338,2,0
2020-05-31,0.99298577,-0.0086537805,0.382,0.238,0.15,0.18,0.29,0.29,0.8,0.338,2,0
2020-06-01,1.0192493,0.026449072,0.334,0.226,0.15,0.24,0.23,0.23,0.89,0.476,3,9e-05
2020-06-02,0.99188373,-0.026848773,0.334,0.226,0.15,0.24,0.23,0.23,0.8,0.326,3,0
2020-06-03,0.99426614,0.0024019009,0.27,0.21,0.15,0.32,0.15,0.15,0.8,0.35,5,0.00012
2020-06-04,1.0030878,0.008872525,0.382,0.238,0.15,0.18,0.29,0.29,0.8,0.338,2,0.00021
2020-06-05,0.98909356,-0.013951148,0.318,0.222,0.15,0.26,0.21,0.21,0.8,0.362,4,0.00012
2020-06-06,0.99058338,0.0015062471,0.382,0.238,0.15,0.18,0.29,0.29,0.8,0.338,2,0.00012
2020-06-07,0.99243045,0.0018646268,0.55792593,0.16466667,0.047407407,0.18,0.29,0.29,0.90259259,0.26466667,2,0.00037388889
2020-06-08,0.99925184,0.0068734191,0.50992593,0.15266667,0.047407407,0.24,0.23,0.23,0.99259259,0.40266667,3,9e-05
2020-06-09,1.0043157,0.0050676941,0.55792593,0.16466667,0.047407407,0.18,0.29,0.29,0.90259259,0.26466667,2,9e-05
2020-06-10,1.0087292,0.0043944568,0.27,0.21,0.15,0.32,0.15,0.15,1.01,0.41,5,0.00049988889
2020-06-11,0.9919102,-0.016673414,0.382,0.238,0.15,0.18,0.29,0.29,0.8,0.338,2,0.00021
2020-06-12,1.0015838,0.0097524986,0.318,0.222,0.15,0.26,0.21,0.21,0.92,0.422,4,0.00012
2020-06-13,1.0013846,-0.00019890319,0.55792593,0.16466667,0.047407407,0.18,0.29,0.29,0.90259259,0.26466667,2,0.00044588889
2020-06-14,0.9976397,-0.003739713,0.55792593,0.16466667,0.047407407,0.18,0.29,0.29,0.90259259,0.26466667,2,0
2020-06-15,0.99582812,-0.0018158683,0.63792593,0.18466667,0.047407407,0.08,0.39,0.39,0.90259259,0.18466667,1,0.00015
2020-06-16,1.0012139,0.005408337,0.63792593,0.18466667,0.047407407,0.08,0.39,0.39,0.90259259,0.18466667,1,0
2020-06-17,0.99990361,-0.0013086883,0.63792593,0.18466667,0.047407407,0.08,0.39,0.39,0.90259259,0.18466667,1,0
2020-06-18,0.99673696,-0.0031669589,0.63792593,0.18466667,0.047407407,0.08,0.39,0.39,0.90259259,0.18466667,1,0
2020-06-19,1.0030379,0.0063215569,0.63792593,0.18466667,0.047407407,0.08,0.39,0.39,0.90259259,0.18466667,1,0
2020-06-20,1.0040294,0.0009884962,0.63792593,0.18466667,0.047407407,0.08,0.39,0.39,0.90259259,0.18466667,1,0
2020-06-21,1.0027661,-0.0012582322,0.63792593,0.18466667,0.047407407,0.08,0.39,0.39,0.90259259,0.18466667,1,0
2020-06-22,1.0145397,0.011741133,0.63792593,0.18466667,0.047407407,0.08,0.39,0.39,0.90259259,0.18466667,1,0
2020-06-23,1.0166691,0.002098878,0.462,0.258,0.15,0.08,0.39,0.39,0.8,0.258,1,0.00037388889
2020-06-24,1.0060918,-0.010403898,0.462,0.258,0.15,0.08,0.39,0.39,0.8,0.258,1,0
2020-06-25,1.0034608,-0.0026150233,0.63792593,0.18466667,0.047407407,0.08,0.39,0.39,0.90259259,0.18466667,1,0.00037388889
2020-06-26,1.0055192,0.002051244,0.63792593,0.18466667,0.047407407,0.08,0.39,0.39,0.90259259,0.18466667,1,0
2020-06-27,1.0025043,-0.0029983253,0.63792593,0.18466667,0.047407407,0.08,0.39,0.39,0.90259259,0.18466667,1,0
2020-06-28,1.004673,0.0021633453,0.63792593,0.18466667,0.047407407,0.08,0.39,0.39,0.90259259,0.18466667,1,0
2020-06-29,1.007085,0.002400746,0.63792593,0.18466667,0.047407407,0.08,0.39,0.39,0.90259259,0.18466667,1,0
2020-06-30,1.0126098,0.0054859105,0.63792593,0.18466667,0.047407407,0.08,0.39,0.39,0.90259259,0.18466667,1,0
2020-07-01,1.0139796,0.0013527361,0.52592593,0.15666667,0.047407407,0.22,0.25,0.25,1.1125926,0.25666667,4,0.00021
2020-07-02,1.0147857,0.00079499776,0.63792593,0.18466667,0.047407407,0.08,0.39,0.39,0.90259259,0.18466667,1,0.00021
2020-07-03,1.0141683,-0.00060838671,0.57392593,0.16866667,0.047407407,0.16,0.31,0.31,1.0225926,0.26866667,3,0.00012
2020-07-04,1.0156724,0.001483037,0.63792593,0.18466667,0.047407407,0.08,0.39,0.39,0.90259259,0.18466667,1,0.00012
2020-07-05,1.0143459,-0.0013059573,0.63792593,0.18466667,0.047407407,0.08,0.39,0.39,0.90259259,0.18466667,1,0
2020-07-06,1.0241964,0.0097111345,0.58992593,0.17266667,0.047407407,0.14,0.33,0.33,0.99259259,0.32266667,2,9e-05
2020-07-07,1.0281124,0.0038234864,0.63792593,0.18466667,0.047407407,0.08,0.39,0.39,0.90259259,0.18466667,1,9e-05
2020-07-08,1.0440422,0.015494209,0.52592593,0.15666667,0.047407407,0.22,0.25,0.25,1.1125926,0.25666667,4,0.00021
2020-07-09,1.0337131,-0.009893379,0.63792593,0.18466667,0.047407407,0.08,0.39,0.39,0.90259259,0.18466667,1,0.00021
2020-07-10,1.0330839,-0.00060866838,0.57392593,0.16866667,0.047407407,0.16,0.31,0.31,1.0225926,0.26866667,3,0.00012
2020-07-11,1.0318746,-0.0011705721,0.63792593,0.18466667,0.047407407,0.08,0.39,0.39,0.90259259,0.18466667,1,0.00012
2020-07-12,1.0333228,0.0014034916,0.63792593,0.18466667,0.047407407,0.08,0.39,0.39,0.90259259,0.18466667,1,0
2020-07-13,1.0367364,0.003303518,0.58992593,0.17266667,0.047407407,0.14,0.33,0.33,0.99259259,0.32266667,2,9e-05
2020-07-14,1.0368013,6.2620612e-05,0.63792593,0.18466667,0.047407407,0.08,0.39,0.39,0.90259259,0.18466667,1,9e-05
2020-07-15,1.0359189,-0.00085109059,0.63792593,0.18466667,0.047407407,0.08,0.39,0.39,0.90259259,0.18466667,1,0
2020-07-16,1.0299873,-0.0057259893,0.63792593,0.18466667,0.047407407,0.08,0.39,0.39,0.90259259,0.18466667,1,0
2020-07-17,1.0339532,0.003850454,0.63792593,0.18466667,0.047407407,0.08,0.39,0.39,0.90259259,0.18466667,1,0
2020-07-18,1.0343163,0.00035115043,0.63792593,0.18466667,0.047407407,0.08,0.39,0.39,0.90259259,0.18466667,1,0
2020-07-19,1.0351527,0.0008087186,0.63792593,0.18466667,0.047407407,0.08,0.39,0.39,0.90259259,0.18466667,1,0
2020-07-20,1.0369576,0.00174354,0.63792593,0.18466667,0.047407407,0.08,0.39,0.39,0.90259259,0.18466667,1,0
2020-07-21,1.0514328,0.013959357,0.63792593,0.18466667,0.047407407,0.08,0.39,0.39,0.90259259,0.18466667,1,0
2020-07-22,1.0620136,0.010063178,0.63792593,0.18466667,0.047407407,0.08,0.39,0.39,0.90259259,0.18466667,1,0
2020-07-23,1.0728842,0.010235872,0.63792593,0.18466667,0.047407407,0.08,0.39,0.39,0.90259259,0.18466667,1,0
2020-07-24,1.0745357,0.0015393003,0.63792593,0.18466667,0.047407407,0.08,0.39,0.39,0.90259259,0.18466667,1,0
2020-07-25,1.0779503,0.0031777719,0.63792593,0.18466667,0.047407407,0.08,0.39,0.39,0.90259259,0.18466667,1,0
2020-07-26,1.0827724,0.0044733709,0.63792593,0.18466667,0.047407407,0.08,0.39,0.39,0.90259259,0.18466667,1,0
2020-07-27,1.1223283,0.036532019,0.462,0.258,0.15,0.08,0.39,0.39,0.8,0.258,1,0.00037388889
2020-07-28,1.1215882,-0.0006593923,0.414,0.246,0.15,0.14,0.33,0.33,0.8,0.246,2,9e-05
2020-07-29,1.1300377,0.0075334697,0.334,0.226,0.15,0.24,0.23,0.23,0.8,0.326,3,0.00015
2020-07-30,1.1317076,0.001477807,0.334,0.226,0.15,0.24,0.23,0.23,0.8,0.326,3,0
2020-07-31,1.1460235,0.012649758,0.334,0.226,0.15,0.24,0.23,0.23,0.8,0.326,3,0
2020-08-01,1.169565,0.02054197,0.334,0.226,0.15,0.24,0.23,0.23,0.8,0.326,3,0
2020-08-02,1.1434081,-0.022364652,0.334,0.226,0.15,0.24,0.23,0.23,0.8,0.326,3,0
2020-08-03,1.1522204,0.0077070134,0.334,0.226,0.15,0.24,0.23,0.23,0.89,0.476,3,0
2020-08-04,1.1587402,0.0056584356,0.334,0.226,0.15,0.24,0.23,0.23,0.8,0.326,3,0
2020-08-05,1.1925103,0.029143861,0.27,0.21,0.15,0.32,0.15,0.15,1.01,0.41,5,0.00012
2020-08-06,1.1959069,0.0028482412,0.334,0.226,0.15,0.24,0.23,0.23,0.8,0.326,3,0.00012
2020-08-07,1.1795471,-0.013679813,0.27,0.21,0.15,0.32,0.15,0.15,0.92,0.41,5,0.00012
2020-08-08,1.1882983,0.0074191286,0.334,0.226,0.15,0.24,0.23,0.23,0.8,0.326,3,0.00012
2020-08-09,1.1844979,-0.0031982182,0.334,0.226,0.15,0.24,0.23,0.23,0.8,0.326,3,0
2020-08-10,1.1932534,0.0073917419,0.286,0.214,0.15,0.3,0.17,0.17,0.89,0.464,4,9e-05
2020-08-11,1.1558261,-0.031365747,0.334,0.226,0.15,0.24,0.23,0.23,0.8,0.326,3,9e-05
2020-08-12,1.1695228,0.011850145,0.222,0.198,0.15,0.38,0.09,0.09,1.01,0.398,6,0.00021
2020-08-13,1.1876069,0.015462835,0.334,0.226,0.15,0.24,0.23,0.23,0.8,0.326,3,0.00021
2020-08-14,1.1868887,-0.00060476714,0.27,0.21,0.15,0.32,0.15,0.15,0.92,0.41,5,0.00012
2020-08-15,1.188912,0.0017046723,0.334,0.226,0.15,0.24,0.23,0.23,0.8,0.326,3,0.00012
2020-08-16,1.1911535,0.0018854048,0.334,0.226,0.15,0.24,0.23,0.23,0.8,0.326,3,0
2020-08-17,1.2127935,0.018167263,0.334,0.226,0.15,0.24,0.23,0.23,0.8,0.326,3,0
2020-08-18,1.2037108,-0.0074890713,0.334,0.226,0.15,0.24,0.23,0.23,0.8,0.326,3,0
2020-08-19,1.1869614,-0.013914824,0.334,0.226,0.15,0.24,0.23,0.23,0.8,0.326,3,0
2020-08-20,1.1867323,-0.00019302355,0.334,0.226,0.15,0.24,0.23,0.23,0.8,0.326,3,0
2020-08-21,1.1715331,-0.012807636,0.334,0.226,0.15,0.24,0.23,0.23,0.8,0.326,3,0
2020-08-22,1.1759947,0.003808408,0.382,0.238,0.15,0.18,0.29,0.29,0.8,0.338,2,9e-05
2020-08-23,1.1755369,-0.00038934448,0.382,0.238,0.15,0.18,0.29,0.29,0.8,0.338,2,0
2020-08-24,1.1773963,0.0015817659,0.382,0.238,0.15,0.18,0.29,0.29,0.8,0.338,2,0
2020-08-25,1.1555828,-0.018526869,0.334,0.226,0.15,0.24,0.23,0.23,0.8,0.326,3,9e-05
2020-08-26,1.1671488,0.010008743,0.382,0.238,0.15,0.18,0.29,0.29,0.8,0.338,2,9e-05
2020-08-27,1.1568056,-0.0088618863,0.55792593,0.16466667,0.047407407,0.18,0.29,0.29,0.90259259,0.26466667,2,0.00037388889
2020-08-28,1.1765925,0.017104757,0.55792593,0.16466667,0.047407407,0.18,0.29,0.29,0.90259259,0.26466667,2,0
2020-08-29,1.1704469,-0.0052232346,0.55792593,0.16466667,0.047407407,0.18,0.29,0.29,0.90259259,0.26466667,2,0
2020-08-30,1.1830131,0.010736254,0.55792593,0.16466667,0.047407407,0.18,0.29,0.29,0.90259259,0.26466667,2,0
2020-08-31,1.1787303,-0.0036202691,0.50992593,0.15266667,0.047407407,0.24,0.23,0.23,0.90259259,0.25266667,3,9e-05
2020-09-01,1.1892611,0.0089340003,0.55792593,0.16466667,0.047407407,0.18,0.29,0.29,0.90259259,0.26466667,2,9e-05
2020-09-02,1.1363002,-0.044532533,0.222,0.198,0.15,0.38,0.09,0.09,1.01,0.398,6,0.00055388889
2020-09-03,1.0949691,-0.036373416,0.55792593,0.16466667,0.047407407,0.18,0.29,0.29,0.90259259,0.26466667,2,0.00055388889
2020-09-04,1.105308,0.0094421389,0.57392593,0.16866667,0.047407407,0.16,0.31,0.31,1.0225926,0.26866667,3,3e-05
2020-09-05,1.1026202,-0.0024317008,0.63792593,0.18466667,0.047407407,0.08,0.39,0.39,0.90259259,0.18466667,1,0.00012
2020-09-06,1.1026304,9.2096493e-06,0.63792593,0.18466667,0.047407407,0.08,0.39,0.39,0.90259259,0.18466667,1,0
2020-09-07,1.1076133,0.0045191437,0.58992593,0.17266667,0.047407407,0.14,0.33,0.33,0.99259259,0.32266667,2,9e-05
2020-09-08,1.1010295,-0.0059441414,0.63792593,0.18466667,0.047407407,0.08,0.39,0.39,0.90259259,0.18466667,1,9e-05
2020-09-09,1.1245541,0.021365971,0.52592593,0.15666667,0.047407407,0.22,0.25,0.25,1.1125926,0.25666667,4,0.00021
2020-09-10,1.1272596,0.0024058645,0.63792593,0.18466667,0.047407407,0.08,0.39,0.39,0.90259259,0.18466667,1,0.00021
2020-09-11,1.1281305,0.00077263306,0.57392593,0.16866667,0.047407407,0.16,0.31,0.31,1.0225926,0.26866667,3,0.00012
2020-09-12,1.1299451,0.0016085086,0.63792593,0.18466667,0.047407407,0.08,0.39,0.39,0.90259259,0.18466667,1,0.00012
2020-09-13,1.1271526,-0.0024714277,0.63792593,0.18466667,0.047407407,0.08,0.39,0.39,0.90259259,0.18466667,1,0
2020-09-14,1.1443289,0.015238661,0.58992593,0.17266667,0.047407407,0.14,0.33,0.33,0.99259259,0.32266667,2,9e-05
2020-09-15,1.1449733,0.00056313525,0.63792593,0.18466667,0.047407407,0.08,0.39,0.39,0.90259259,0.18466667,1,9e-05
2020-09-16,1.1515286,0.0057252874,0.63792593,0.18466667,0.047407407,0.08,0.39,0.39,0.90259259,0.18466667,1,0
2020-09-17,1.1491605,-0.002056467,0.63792593,0.18466667,0.047407407,0.08,0.39,0.39,0.90259259,0.18466667,1,0
2020-09-18,1.1474848,-0.0014581504,0.63792593,0.18466667,0.047407407,0.08,0.39,0.39,0.90259259,0.18466667,1,0
2020-09-19,1.1526953,0.0045407509,0.63792593,0.18466667,0.047407407,0.08,0.39,0.39,0.90259259,0.18466667,1,0
2020-09-20,1.1482961,-0.0038164065,0.63792593,0.18466667,0.047407407,0.08,0.39,0.39,0.90259259,0.18466667,1,0
2020-09-21,1.1228564,-0.022154296,0.63792593,0.18466667,0.047407407,0.08,0.39,0.39,0.90259259,0.18466667,1,0
2020-09-22,1.1192604,-0.0032025495,0.70192593,0.20066667,0.047407407,0,0.47,0.47,0.90259259,0.20066667,0,0.00012
2020-09-23,1.0986101,-0.018449963,0.70192593,0.20066667,0.047407407,0,0.47,0.47,0.90259259,0.20066667,0,0
2020-09-24,1.1164777,0.016263845,0.70192593,0.20066667,0.047407407,0,0.47,0.47,0.90259259,0.20066667,0,0
2020-09-25,1.1095539,-0.0062015421,0.70192593,0.20066667,0.047407407,0,0.47,0.47,0.90259259,0.20066667,0,0
2020-09-26,1.1091781,-0.00033864502,0.70192593,0.20066667,0.047407407,0,0.47,0.47,0.90259259,0.20066667,0,0
2020-09-27,1.1095312,0.00031831506,0.63792593,0.18466667,0.047407407,0.08,0.39,0.39,0.90259259,0.18466667,1,0.00012
2020-09-28,1.1177025,0.007364676,0.63792593,0.18466667,0.047407407,0.08,0.39,0.39,0.90259259,0.18466667,1,0
2020-09-29,1.1271336,0.0084379273,0.63792593,0.18466667,0.047407407,0.08,0.39,0.39,0.90259259,0.18466667,1,0
2020-09-30,1.1215124,-0.0049871822,0.63792593,0.18466667,0.047407407,0.08,0.39,0.39,0.90259259,0.18466667,1,0
2020-10-01,1.1229004,0.0012376412,0.63792593,0.18466667,0.047407407,0.08,0.39,0.39,0.90259259,0.18466667,1,0
2020-10-02,1.1174577,-0.0048470047,0.57392593,0.16866667,0.047407407,0.16,0.31,0.31,1.0225926,0.26866667,3,0.00012
2020-10-03,1.1140741,-0.003027986,0.63792593,0.18466667,0.047407407,0.08,0.39,0.39,0.90259259,0.18466667,1,0.00012
2020-10-04,1.1202198,0.0055164409,0.63792593,0.18466667,0.047407407,0.08,0.39,0.39,0.90259259,0.18466667,1,0
2020-10-05,1.1236419,0.0030548408,0.58992593,0.17266667,0.047407407,0.14,0.33,0.33,0.99259259,0.32266667,2,9e-05
2020-10-06,1.108934,-0.013089451,0.462,0.258,0.15,0.08,0.39,0.39,0.8,0.258,1,0.00031988889
2020-10-07,1.1138518,0.0044346914,0.52592593,0.15666667,0.047407407,0.22,0.25,0.25,1.1125926,0.25666667,4,0.00024788889
2020-10-08,1.1223686,0.0076462876,0.63792593,0.18466667,0.047407407,0.08,0.39,0.39,0.90259259,0.18466667,1,0.00021
2020-10-09,1.1376691,0.01363232,0.398,0.242,0.15,0.16,0.31,0.31,0.92,0.342,3,0.00044588889
2020-10-10,1.143084,0.0047595691,0.462,0.258,0.15,0.08,0.39,0.39,0.8,0.258,1,0.00012
2020-10-11,1.1464984,0.0029870737,0.462,0.258,0.15,0.08,0.39,0.39,0.8,0.258,1,0
2020-10-12,1.1501777,0.0032091485,0.414,0.246,0.15,0.14,0.33,0.33,0.89,0.396,2,9e-05
2020-10-13,1.1416583,-0.0074070114,0.462,0.258,0.15,0.08,0.39,0.39,0.8,0.258,1,9e-05
2020-10-14,1.142628,0.00084933819,0.35,0.23,0.15,0.22,0.25,0.25,1.01,0.33,4,0.00021
2020-10-15,1.1476959,0.004435312,0.462,0.258,0.15,0.08,0.39,0.39,0.8,0.258,1,0.00021
2020-10-16,1.1409116,-0.0059112552,0.462,0.258,0.15,0.08,0.39,0.39,0.8,0.258,1,0
2020-10-17,1.1414692,0.00048875577,0.63792593,0.18466667,0.047407407,0.08,0.39,0.39,0.90259259,0.18466667,1,0.00037388889
2020-10-18,1.1431548,0.0014767263,0.55792593,0.16466667,0.047407407,0.18,0.29,0.29,0.90259259,0.26466667,2,0.00015
2020-10-19,1.1502027,0.0061652997,0.382,0.238,0.15,0.18,0.29,0.29,0.8,0.338,2,0.00037388889
2020-10-20,1.1559186,0.0049694722,0.334,0.226,0.15,0.24,0.23,0.23,0.8,0.326,3,9e-05
2020-10-21,1.1898715,0.029373082,0.334,0.226,0.15,0.24,0.23,0.23,0.8,0.326,3,0
2020-10-22,1.1954022,0.0046481361,0.334,0.226,0.15,0.24,0.23,0.23,0.8,0.326,3,0
2020-10-23,1.1922915,-0.0026022273,0.334,0.226,0.15,0.24,0.23,0.23,0.8,0.326,3,0
2020-10-24,1.2009569,0.007267853,0.334,0.226,0.15,0.24,0.23,0.23,0.8,0.326,3,0
2020-10-25,1.1960483,-0.0040872412,0.334,0.226,0.15,0.24,0.23,0.23,0.8,0.326,3,0
2020-10-26,1.1940311,-0.001686524,0.334,0.226,0.15,0.24,0.23,0.23,0.8,0.326,3,0
2020-10-27,1.215238,0.017760729,0.334,0.226,0.15,0.24,0.23,0.23,0.8,0.326,3,0
2020-10-28,1.1977262,-0.014410193,0.334,0.226,0.15,0.24,0.23,0.23,0.8,0.326,3,0
2020-10-29,1.1984062,0.00056778148,0.334,0.226,0.15,0.24,0.23,0.23,0.8,0.326,3,0
2020-10-30,1.2049229,0.0054378167,0.334,0.226,0.15,0.24,0.23,0.23,0.8,0.326,3,0
2020-10-31,1.2123901,0.006197218,0.334,0.226,0.15,0.24,0.23,0.23,0.8,0.326,3,0
2020-11-01,1.2116346,-0.00062314214,0.398,0.242,0.15,0.16,0.31,0.31,0.8,0.342,2,0.00012
2020-11-02,1.2053632,-0.0051760269,0.35,0.23,0.15,0.22,0.25,0.25,0.89,0.48,3,9e-05
2020-11-03,1.2241769,0.015608369,0.398,0.242,0.15,0.16,0.31,0.31,0.8,0.342,2,9e-05
2020-11-04,1.2354651,0.0092210165,0.286,0.214,0.15,0.3,0.17,0.17,1.01,0.414,5,0.00021
2020-11-05,1.2916715,0.045494157,0.398,0.242,0.15,0.16,0.31,0.31,0.8,0.342,2,0.00021
2020-11-06,1.3049555,0.010284355,0.334,0.226,0.15,0.24,0.23,0.23,0.92,0.426,4,0.00012
2020-11-07,1.2821699,-0.017460815,0.334,0.226,0.15,0.24,0.23,0.23,0.8,0.326,3,0
2020-11-08,1.305634,0.018300253,0.334,0.226,0.15,0.24,0.23,0.23,0.8,0.326,3,0
2020-11-09,1.2797985,-0.019787655,0.286,0.214,0.15,0.3,0.17,0.17,0.89,0.464,4,9e-05
2020-11-10,1.2832309,0.0026819353,0.334,0.226,0.15,0.24,0.23,0.23,0.8,0.326,3,9e-05
2020-11-11,1.3009937,0.013842264,0.222,0.198,0.15,0.38,0.09,0.09,1.01,0.398,6,0.00021
2020-11-12,1.3204641,0.014965817,0.334,0.226,0.15,0.24,0.23,0.23,0.8,0.326,3,0.00021
2020-11-13,1.325264,0.0036350196,0.27,0.21,0.15,0.32,0.15,0.15,0.92,0.41,5,0.00012
2020-11-14,1.315325,-0.00749969,0.334,0.226,0.15,0.24,0.23,0.23,0.8,0.326,3,0.00012
2020-11-15,1.3100859,-0.0039830989,0.334,0.226,0.15,0.24,0.23,0.23,0.8,0.326,3,0
2020-11-16,1.3337919,0.018095017,0.334,0.226,0.15,0.24,0.23,0.23,0.8,0.326,3,0
2020-11-17,1.3611974,0.020547067,0.334,0.226,0.15,0.24,0.23,0.23,0.8,0.326,3,0
2020-11-18,1.3590108,-0.0016063856,0.334,0.226,0.15,0.24,0.23,0.23,0.8,0.326,3,0
2020-11-19,1.3558111,-0.0023544336,0.334,0.226,0.15,0.24,0.23,0.23,0.8,0.326,3,0
2020-11-20,1.387004,0.023006766,0.334,0.226,0.15,0.24,0.23,0.23,0.8,0.326,3,0
2020-11-21,1.3952987,0.005980326,0.334,0.226,0.15,0.24,0.23,0.23,0.8,0.326,3,0
2020-11-22,1.3887892,-0.0046653466,0.334,0.226,0.15,0.24,0.23,0.23,0.8,0.326,3,0
2020-11-23,1.3888983,7.8600782e-05,0.334,0.226,0.15,0.24,0.23,0.23,0.8,0.326,3,0
2020-11-24,1.4007875,0.0085601218,0.334,0.226,0.15,0.24,0.23,0.23,0.8,0.326,3,0
2020-11-25,1.3850677,-0.011222072,0.334,0.226,0.15,0.24,0.23,0.23,0.8,0.326,3,0
2020-11-26,1.3406698,-0.032054718,0.334,0.226,0.15,0.24,0.23,0.23,0.8,0.326,3,0
2020-11-27,1.3331271,-0.0056260668,0.382,0.238,0.15,0.18,0.29,0.29,0.8,0.338,2,9e-05
2020-11-28,1.347575,0.010837616,0.382,0.238,0.15,0.18,0.29,0.29,0.8,0.338,2,0
2020-11-29,1.3603362,0.0094697422,0.382,0.238,0.15,0.18,0.29,0.29,0.8,0.338,2,0
2020-11-30,1.3980075,0.027692647,0.382,0.238,0.15,0.18,0.29,0.29,0.8,0.338,2,0
2020-12-01,1.3829113,-0.010798346,0.334,0.226,0.15,0.24,0.23,0.23,0.8,0.326,3,9e-05
2020-12-02,1.3962085,0.0096153831,0.222,0.198,0.15,0.38,0.09,0.09,0.8,0.338,6,0.00021
2020-12-03,1.4071765,0.00785552,0.334,0.226,0.15,0.24,0.23,0.23,0.8,0.326,3,0.00021
2020-12-04,1.3783756,-0.020467106,0.27,0.21,0.15,0.32,0.15,0.15,0.8,0.35,5,0.00012
2020-12-05,1.3926603,0.010363432,0.382,0.238,0.15,0.18,0.29,0.29,0.8,0.338,2,0.00021
2020-12-06,1.3957394,0.0022109478,0.334,0.226,0.15,0.24,0.23,0.23,0.8,0.326,3,9e-05
2020-12-07,1.396959,0.00087373474,0.286,0.214,0.15,0.3,0.17,0.17,0.89,0.464,4,9e-05
2020-12-08,1.3709149,-0.018643404,0.334,0.226,0.15,0.24,0.23,0.23,0.8,0.326,3,9e-05
2020-12-09,1.3750277,0.0030000811,0.27,0.21,0.15,0.32,0.15,0.15,1.01,0.41,5,0.00012
2020-12-10,1.3674047,-0.0055439203,0.382,0.238,0.15,0.18,0.29,0.29,0.8,0.338,2,0.00021
2020-12-11,1.3618321,-0.0040753387,0.318,0.222,0.15,0.26,0.21,0.21,0.92,0.422,4,0.00012
2020-12-12,1.3826471,0.015284611,0.382,0.238,0.15,0.18,0.29,0.29,0.8,0.338,2,0.00012
2020-12-13,1.3945542,0.0086118192,0.334,0.226,0.15,0.24,0.23,0.23,0.8,0.326,3,9e-05
2020-12-14,1.3944513,-7.3833236e-05,0.286,0.214,0.15,0.3,0.17,0.17,0.89,0.464,4,9e-05
2020-12-15,1.4035154,0.0065001438,0.334,0.226,0.15,0.24,0.23,0.23,0.8,0.326,3,9e-05
2020-12-16,1.4573867,0.038383087,0.334,0.226,0.15,0.24,0.23,0.23,0.8,0.326,3,0
2020-12-17,1.4993106,0.02876652,0.334,0.226,0.15,0.24,0.23,0.23,0.8,0.326,3,0
2020-12-18,1.5062175,0.0046067027,0.334,0.226,0.15,0.24,0.23,0.23,0.8,0.326,3,0
2020-12-19,1.5209753,0.0097979334,0.334,0.226,0.15,0.24,0.23,0.23,0.8,0.326,3,0
2020-12-20,1.5130629,-0.0052022034,0.334,0.226,0.15,0.24,0.23,0.23,0.8,0.326,3,0
2020-12-21,1.4929089,-0.013319958,0.334,0.226,0.15,0.24,0.23,0.23,0.8,0.326,3,0
2020-12-22,1.5164184,0.015747393,0.334,0.226,0.15,0.24,0.23,0.23,0.8,0.326,3,0
2020-12-23,1.4976844,-0.012354068,0.334,0.226,0.15,0.24,0.23,0.23,0.8,0.326,3,0
2020-12-24,1.5142786,0.011079858,0.334,0.226,0.15,0.24,0.23,0.23,0.8,0.326,3,0
2020-12-25,1.5404671,0.017294368,0.334,0.226,0.15,0.24,0.23,0.23,0.8,0.326,3,0
2020-12-26,1.5810417,0.026339168,0.334,0.226,0.15,0.24,0.23,0.23,0.8,0.326,3,0
2020-12-27,1.5890515,0.0050661908,0.334,0.226,0.15,0.24,0.23,0.23,0.8,0.326,3,0
2020-12-28,1.6073049,0.011486985,0.334,0.226,0.15,0.24,0.23,0.23,0.8,0.326,3,0
2020-12-29,1.6133904,0.0037861329,0.334,0.226,0.15,0.24,0.23,0.23,0.8,0.326,3,0
2020-12-30,1.6460714,0.020256125,0.334,0.226,0.15,0.24,0.23,0.23,0.8,0.326,3,0
2020-12-31,1.6484644,0.0014537648,0.334,0.226,0.15,0.24,0.23,0.23,0.8,0.326,3,0
2021-01-01,1.6562066,0.0046965601,0.27,0.21,0.15,0.32,0.15,0.15,0.92,0.41,5,0.00012
2021-01-02,1.7220458,0.039753013,0.334,0.226,0.15,0.24,0.23,0.23,0.8,0.326,3,0.00012
2021-01-03,1.7629905,0.023776797,0.334,0.226,0.15,0.24,0.23,0.23,0.8,0.326,3,0
2021-01-04,1.7502952,-0.0072010115,0.286,0.214,0.15,0.3,0.17,0.17,0.89,0.464,4,9e-05
2021-01-05,1.7966386,0.026477479,0.334,0.226,0.15,0.24,0.23,0.23,0.8,0.326,3,9e-05
2021-01-06,1.866081,0.038651293,0.222,0.198,0.15,0.38,0.09,0.09,1.01,0.398,6,0.00021
2021-01-07,1.9101191,0.023599246,0.334,0.226,0.15,0.24,0.23,0.23,0.8,0.326,3,0.00021
2021-01-08,1.9358049,0.013447218,0.27,0.21,0.15,0.32,0.15,0.15,0.92,0.41,5,0.00012
2021-01-09,1.9334445,-0.0012193286,0.334,0.226,0.15,0.24,0.23,0.23,0.8,0.326,3,0.00012
2021-01-10,1.9046182,-0.014909304,0.334,0.226,0.15,0.24,0.23,0.23,0.8,0.326,3,0
2021-01-11,1.8471631,-0.030166194,0.334,0.226,0.15,0.24,0.23,0.23,0.8,0.386,3,0
2021-01-12,1.8251931,-0.011893912,0.382,0.238,0.15,0.18,0.29,0.29,0.8,0.338,2,9e-05
2021-01-13,1.8824801,0.031386812,0.27,0.21,0.15,0.32,0.15,0.15,0.8,0.35,5,0.00021
2021-01-14,1.9172117,0.018449888,0.382,0.238,0.15,0.18,0.29,0.29,0.8,0.338,2,0.00021
2021-01-15,1.8626699,-0.028448495,0.334,0.226,0.15,0.24,0.23,0.23,0.8,0.326,3,9e-05
2021-01-16,1.8540064,-0.0046511001,0.382,0.238,0.15,0.18,0.29,0.29,0.8,0.338,2,9e-05
2021-01-17,1.8464219,-0.0040908955,0.382,0.238,0.15,0.18,0.29,0.29,0.8,0.338,2,0
2021-01-18,1.8666529,0.010956886,0.382,0.238,0.15,0.18,0.29,0.29,0.8,0.338,2,0
2021-01-19,1.8541757,-0.0066842749,0.382,0.238,0.15,0.18,0.29,0.29,0.8,0.338,2,0
2021-01-20,1.8592243,0.0027228286,0.382,0.238,0.15,0.18,0.29,0.29,0.8,0.338,2,0
2021-01-21,1.7731785,-0.046280489,0.382,0.238,0.15,0.18,0.29,0.29,0.8,0.338,2,0
2021-01-22,1.7960518,0.012899607,0.462,0.258,0.15,0.08,0.39,0.39,0.8,0.258,1,0.00015
2021-01-23,1.7856491,-0.005791947,0.462,0.258,0.15,0.08,0.39,0.39,0.8,0.258,1,0
2021-01-24,1.7845772,-0.00060032655,0.462,0.258,0.15,0.08,0.39,0.39,0.8,0.258,1,0
2021-01-25,1.785056,0.00026831491,0.462,0.258,0.15,0.08,0.39,0.39,0.8,0.258,1,0
2021-01-26,1.7904574,0.0030259092,0.462,0.258,0.15,0.08,0.39,0.39,0.8,0.258,1,0
2021-01-27,1.7529467,-0.020950329,0.462,0.258,0.15,0.08,0.39,0.39,0.8,0.258,1,0
2021-01-28,1.8004007,0.027070979,0.462,0.258,0.15,0.08,0.39,0.39,0.8,0.258,1,0
2021-01-29,1.8157307,0.0085147496,0.398,0.242,0.15,0.16,0.31,0.31,0.8,0.322,2,0.00012
2021-01-30,1.8111354,-0.0025308409,0.398,0.242,0.15,0.16,0.31,0.31,0.8,0.322,2,0
2021-01-31,1.7972346,-0.0076751639,0.398,0.242,0.15,0.16,0.31,0.31,0.8,0.322,2,0
2021-02-01,1.7978904,0.00036489962,0.35,0.23,0.15,0.22,0.25,0.25,0.8,0.37,3,9e-05
2021-02-02,1.8056856,0.0043357669,0.63792593,0.18466667,0.047407407,0.08,0.39,0.39,0.90259259,0.18466667,1,0.00049988889
2021-02-03,1.8370461,0.017367643,0.35,0.23,0.15,0.22,0.25,0.25,0.8,0.27,4,0.00049988889
2021-02-04,1.8107252,-0.014327867,0.462,0.258,0.15,0.08,0.39,0.39,0.8,0.258,1,0.00021
2021-02-05,1.8408399,0.016631272,0.398,0.242,0.15,0.16,0.31,0.31,0.8,0.282,3,0.00012
2021-02-06,1.8498647,0.0049025492,0.63792593,0.18466667,0.047407407,0.08,0.39,0.39,0.90259259,0.18466667,1,0.00044588889
2021-02-07,1.8434067,-0.003491028,0.58992593,0.17266667,0.047407407,0.14,0.33,0.33,0.90259259,0.17266667,2,9e-05
2021-02-08,1.9290533,0.046461036,0.54192593,0.16066667,0.047407407,0.2,0.27,0.27,0.90259259,0.22066667,3,9e-05
2021-02-09,1.9335498,0.0023309265,0.414,0.246,0.15,0.14,0.33,0.33,0.8,0.246,2,0.00031988889
2021-02-10,1.9062309,-0.014128907,0.222,0.198,0.15,0.38,0.09,0.09,0.8,0.338,6,0.00036
2021-02-11,1.946316,0.02102846,0.334,0.226,0.15,0.24,0.23,0.23,0.8,0.326,3,0.00021
2021-02-12,1.944636,-0.00086314526,0.27,0.21,0.15,0.32,0.15,0.15,0.8,0.35,5,0.00012
2021-02-13,1.9432888,-0.00069275942,0.334,0.226,0.15,0.24,0.23,0.23,0.8,0.326,3,0.00012
2021-02-14,1.9599449,0.0085710774,0.334,0.226,0.15,0.24,0.23,0.23,0.8,0.326,3,0
2021-02-15,1.9480204,-0.0060841184,0.334,0.226,0.15,0.24,0.23,0.23,0.8,0.326,3,0
2021-02-16,1.9583947,0.0053255708,0.334,0.226,0.15,0.24,0.23,0.23,0.8,0.326,3,0
2021-02-17,1.9955708,0.01898297,0.334,0.226,0.15,0.24,0.23,0.23,0.8,0.326,3,0
2021-02-18,1.9903525,-0.0026149797,0.334,0.226,0.15,0.24,0.23,0.23,0.8,0.326,3,0
2021-02-19,2.055366,0.032664325,0.334,0.226,0.15,0.24,0.23,0.23,0.8,0.326,3,0
2021-02-20,2.0551841,-8.8479545e-05,0.334,0.226,0.15,0.24,0.23,0.23,0.8,0.326,3,0
2021-02-21,2.0793746,0.011770486,0.334,0.226,0.15,0.24,0.23,0.23,0.8,0.326,3,0
2021-02-22,2.0307124,-0.023402346,0.334,0.226,0.15,0.24,0.23,0.23,0.8,0.326,3,0
2021-02-23,1.963272,-0.033210194,0.382,0.238,0.15,0.18,0.29,0.29,0.8,0.338,2,9e-05
2021-02-24,1.9705454,0.0037046878,0.382,0.238,0.15,0.18,0.29,0.29,0.8,0.338,2,0
2021-02-25,1.9206004,-0.025345731,0.382,0.238,0.15,0.18,0.29,0.29,0.8,0.338,2,0
2021-02-26,1.898749,-0.011377389,0.382,0.238,0.15,0.18,0.29,0.29,0.8,0.338,2,0
2021-02-27,1.8971965,-0.00081764553,0.382,0.238,0.15,0.18,0.29,0.29,0.8,0.338,2,0
2021-02-28,1.8760969,-0.011121493,0.382,0.238,0.15,0.18,0.29,0.29,0.8,0.338,2,0
2021-03-01,1.9194412,0.023103465,0.414,0.246,0.15,0.14,0.33,0.33,0.8,0.306,2,6e-05
2021-03-02,1.9195981,8.1729723e-05,0.462,0.258,0.15,0.08,0.39,0.39,0.8,0.258,1,9e-05
2021-03-03,1.9426457,0.012006489,0.35,0.23,0.15,0.22,0.25,0.25,0.8,0.27,4,0.00021
2021-03-04,1.9166591,-0.013376931,0.462,0.258,0.15,0.08,0.39,0.39,0.8,0.258,1,0.00021
2021-03-05,1.9227168,0.0031605562,0.398,0.242,0.15,0.16,0.31,0.31,0.8,0.282,3,0.00012
2021-03-06,1.926746,0.0020955815,0.462,0.258,0.15,0.08,0.39,0.39,0.8,0.258,1,0.00012
2021-03-07,1.9497573,0.011943102,0.462,0.258,0.15,0.08,0.39,0.39,0.8,0.258,1,0
2021-03-08,1.9575352,0.0039891318,0.414,0.246,0.15,0.14,0.33,0.33,0.8,0.306,2,9e-05
2021-03-09,1.9941715,0.018715542,0.462,0.258,0.15,0.08,0.39,0.39,0.8,0.258,1,9e-05
2021-03-10,2.0075375,0.0067025385,0.302,0.218,0.15,0.28,0.19,0.19,0.8,0.258,5,0.0003
2021-03-11,2.0282915,0.010338059,0.414,0.246,0.15,0.14,0.33,0.33,0.8,0.246,2,0.00021
2021-03-12,2.0048156,-0.011574264,0.35,0.23,0.15,0.22,0.25,0.25,0.92,0.33,4,0.00012
2021-03-13,2.052505,0.023787466,0.414,0.246,0.15,0.14,0.33,0.33,0.8,0.246,2,0.00012
2021-03-14,2.0196913,-0.015987153,0.334,0.226,0.15,0.24,0.23,0.23,0.8,0.326,3,0.00015
2021-03-15,1.9766197,-0.021325835,0.334,0.226,0.15,0.24,0.23,0.23,0.8,0.326,3,0
2021-03-16,1.9939017,0.0087432017,0.462,0.258,0.15,0.08,0.39,0.39,0.8,0.258,1,0.00024
2021-03-17,2.0191715,0.012673532,0.462,0.258,0.15,0.08,0.39,0.39,0.8,0.258,1,0
2021-03-18,1.9968793,-0.011040273,0.414,0.246,0.15,0.14,0.33,0.33,0.8,0.246,2,9e-05
2021-03-19,2.0088779,0.0060086673,0.462,0.258,0.15,0.08,0.39,0.39,0.8,0.258,1,9e-05
2021-03-20,2.0081172,-0.00037864532,0.462,0.258,0.15,0.08,0.39,0.39,0.8,0.258,1,0
2021-03-21,1.9973185,-0.0053775549,0.462,0.258,0.15,0.08,0.39,0.39,0.8,0.258,1,0
2021-03-22,1.9715221,-0.012915503,0.63792593,0.18466667,0.047407407,0.08,0.39,0.39,0.90259259,0.18466667,1,0.00037388889
2021-03-23,1.9728933,0.00069550333,0.63792593,0.18466667,0.047407407,0.08,0.39,0.39,0.90259259,0.18466667,1,0
2021-03-24,1.9577914,-0.0076547092,0.63792593,0.18466667,0.047407407,0.08,0.39,0.39,0.90259259,0.18466667,1,0
2021-03-25,1.9435474,-0.007275527,0.63792593,0.18466667,0.047407407,0.08,0.39,0.39,0.90259259,0.18466667,1,0
2021-03-26,1.9790407,0.018262135,0.63792593,0.18466667,0.047407407,0.08,0.39,0.39,0.90259259,0.18466667,1,0
2021-03-27,1.9816337,0.0013102098,0.462,0.258,0.15,0.08,0.39,0.39,0.8,0.258,1,0.00037388889
2021-03-28,1.9886379,0.0035345529,0.462,0.258,0.15,0.08,0.39,0.39,0.8,0.258,1,0
2021-03-29,1.994311,0.0028527693,0.462,0.258,0.15,0.08,0.39,0.39,0.8,0.258,1,0
2021-03-30,1.9919098,-0.0012040324,0.462,0.258,0.15,0.08,0.39,0.39,0.8,0.258,1,0
2021-03-31,2.0030086,0.0055719591,0.414,0.246,0.15,0.14,0.33,0.33,0.8,0.246,2,9e-05
2021-04-01,2.0199062,0.0084361171,0.414,0.246,0.15,0.14,0.33,0.33,0.8,0.246,2,0
2021-04-02,2.0292922,0.004646759,0.35,0.23,0.15,0.22,0.25,0.25,0.92,0.33,4,0.00012
2021-04-03,2.0039079,-0.012508958,0.414,0.246,0.15,0.14,0.33,0.33,0.8,0.246,2,0.00012
2021-04-04,2.0216464,0.0088519293,0.462,0.258,0.15,0.08,0.39,0.39,0.8,0.258,1,9e-05
2021-04-05,2.0394663,0.0088145892,0.366,0.234,0.15,0.2,0.27,0.27,0.89,0.384,3,0.00018
2021-04-06,2.0362943,-0.0015553426,0.414,0.246,0.15,0.14,0.33,0.33,0.8,0.246,2,9e-05
2021-04-07,1.9854341,-0.024976816,0.35,0.23,0.15,0.22,0.25,0.25,1.01,0.33,4,0.00012
2021-04-08,2.0122984,0.013530682,0.462,0.258,0.15,0.08,0.39,0.39,0.8,0.258,1,0.00021
2021-04-09,2.0060982,-0.0030811345,0.398,0.242,0.15,0.16,0.31,0.31,0.92,0.342,3,0.00012
2021-04-10,2.0214454,0.0076502537,0.58992593,0.17266667,0.047407407,0.14,0.33,0.33,0.90259259,0.17266667,2,0.00039188889
2021-04-11,2.0237499,0.0011400251,0.58992593,0.17266667,0.047407407,0.14,0.33,0.33,0.90259259,0.17266667,2,0
2021-04-12,2.0143388,-0.0046503467,0.54192593,0.16066667,0.047407407,0.2,0.27,0.27,0.99259259,0.31066667,3,9e-05
2021-04-13,2.04824,0.016829958,0.58992593,0.17266667,0.047407407,0.14,0.33,0.33,0.90259259,0.17266667,2,9e-05
2021-04-14,2.0554277,0.0035091985,0.302,0.218,0.15,0.28,0.19,0.19,1.01,0.318,5,0.00049988889
2021-04-15,2.0703751,0.0072721913,0.414,0.246,0.15,0.14,0.33,0.33,0.8,0.246,2,0.00021
2021-04-16,2.060276,-0.004877937,0.414,0.246,0.15,0.14,0.33,0.33,0.8,0.246,2,0
2021-04-17,2.0479502,-0.0059825729,0.58992593,0.17266667,0.047407407,0.14,0.33,0.33,0.90259259,0.17266667,2,0.00037388889
2021-04-18,2.0312645,-0.008147536,0.63792593,0.18466667,0.047407407,0.08,0.39,0.39,0.90259259,0.18466667,1,9e-05
2021-04-19,2.0159852,-0.0075220523,0.63792593,0.18466667,0.047407407,0.08,0.39,0.39,0.90259259,0.18466667,1,0
2021-04-20,2.0256336,0.004785947,0.63792593,0.18466667,0.047407407,0.08,0.39,0.39,0.90259259,0.18466667,1,0
2021-04-21,2.0276631,0.0010018973,0.63792593,0.18466667,0.047407407,0.08,0.39,0.39,0.90259259,0.18466667,1,0
2021-04-22,1.9987338,-0.014267303,0.63792593,0.18466667,0.047407407,0.08,0.39,0.39,0.90259259,0.18466667,1,0
2021-04-23,2.0022091,0.0017387497,0.63792593,0.18466667,0.047407407,0.08,0.39,0.39,0.90259259,0.18466667,1,0
2021-04-24,1.981867,-0.010159845,0.63792593,0.18466667,0.047407407,0.08,0.39,0.39,0.90259259,0.18466667,1,0
2021-04-25,1.9698665,-0.0060551185,0.63792593,0.18466667,0.047407407,0.08,0.39,0.39,0.90259259,0.18466667,1,0
2021-04-26,2.0154585,0.023144726,0.63792593,0.18466667,0.047407407,0.08,0.39,0.39,0.90259259,0.18466667,1,0
2021-04-27,2.0202111,0.0023580382,0.63792593,0.18466667,0.047407407,0.08,0.39,0.39,0.90259259,0.18466667,1,0
2021-04-28,2.0234774,0.0016168237,0.63792593,0.18466667,0.047407407,0.08,0.39,0.39,0.90259259,0.18466667,1,0
2021-04-29,2.0073701,-0.0079601924,0.63792593,0.18466667,0.047407407,0.08,0.39,0.39,0.90259259,0.18466667,1,0
2021-04-30,2.0342523,0.013391757,0.63792593,0.18466667,0.047407407,0.08,0.39,0.39,0.90259259,0.18466667,1,0
2021-05-01,2.0391283,0.0023969438,0.63792593,0.18466667,0.047407407,0.08,0.39,0.39,0.90259259,0.18466667,1,0
2021-05-02,2.0284289,-0.0052470401,0.63792593,0.18466667,0.047407407,0.08,0.39,0.39,0.90259259,0.18466667,1,0
2021-05-03,2.0421421,0.0067605005,0.58992593,0.17266667,0.047407407,0.14,0.33,0.33,0.99259259,0.32266667,2,9e-05
2021-05-04,2.0048672,-0.018252875,0.63792593,0.18466667,0.047407407,0.08,0.39,0.39,0.90259259,0.18466667,1,9e-05
2021-05-05,2.0521751,0.023596538,0.52592593,0.15666667,0.047407407,0.22,0.25,0.25,1.1125926,0.25666667,4,0.00021
2021-05-06,2.0720704,0.0096947529,0.63792593,0.18466667,0.047407407,0.08,0.39,0.39,0.90259259,0.18466667,1,0.00021
2021-05-07,2.1018941,0.014393176,0.57392593,0.16866667,0.047407407,0.16,0.31,0.31,1.0225926,0.26866667,3,0.00012
2021-05-08,2.1164819,0.0069402914,0.63792593,0.18466667,0.047407407,0.08,0.39,0.39,0.90259259,0.18466667,1,0.00012
2021-05-09,2.1314418,0.0070682837,0.63792593,0.18466667,0.047407407,0.08,0.39,0.39,0.90259259,0.18466667,1,0
2021-05-10,2.095991,-0.016632312,0.58992593,0.17266667,0.047407407,0.14,0.33,0.33,0.99259259,0.32266667,2,9e-05
2021-05-11,2.0896099,-0.0030444281,0.63792593,0.18466667,0.047407407,0.08,0.39,0.39,0.90259259,0.18466667,1,9e-05
2021-05-12,2.0236039,-0.031587713,0.52592593,0.15666667,0.047407407,0.22,0.25,0.25,1.1125926,0.25666667,4,0.00021
2021-05-13,2.0464229,0.011276436,0.63792593,0.18466667,0.047407407,0.08,0.39,0.39,0.90259259,0.18466667,1,0.00021
2021-05-14,2.063157,0.0081772202,0.57392593,0.16866667,0.047407407,0.16,0.31,0.31,0.90259259,0.20866667,3,0.00012
2021-05-15,2.0480546,-0.007320017,0.63792593,0.18466667,0.047407407,0.08,0.39,0.39,0.90259259,0.18466667,1,0.00012
2021-05-16,2.0889251,0.019955764,0.63792593,0.18466667,0.047407407,0.08,0.39,0.39,0.90259259,0.18466667,1,0
2021-05-17,2.0338815,-0.026350186,0.63792593,0.18466667,0.047407407,0.08,0.39,0.39,0.90259259,0.18466667,1,0
2021-05-18,2.0145765,-0.0094917105,0.63792593,0.18466667,0.047407407,0.08,0.39,0.39,0.90259259,0.18466667,1,0
2021-05-19,1.9529753,-0.030577737,0.63792593,0.18466667,0.047407407,0.08,0.39,0.39,0.90259259,0.18466667,1,0
2021-05-20,1.9987758,0.023451621,0.63792593,0.18466667,0.047407407,0.08,0.39,0.39,0.90259259,0.18466667,1,0
2021-05-21,1.9826907,-0.0080474746,0.63792593,0.18466667,0.047407407,0.08,0.39,0.39,0.90259259,0.18466667,1,0
2021-05-22,1.9852564,0.0012940492,0.63792593,0.18466667,0.047407407,0.08,0.39,0.39,0.90259259,0.18466667,1,0
2021-05-23,1.9537773,-0.015856414,0.63792593,0.18466667,0.047407407,0.08,0.39,0.39,0.90259259,0.18466667,1,0
2021-05-24,1.9880082,0.017520377,0.63792593,0.18466667,0.047407407,0.08,0.39,0.39,0.90259259,0.18466667,1,0
2021-05-25,1.9954512,0.0037439292,0.70192593,0.20066667,0.047407407,0,0.47,0.47,0.90259259,0.20066667,0,0.00012
2021-05-26,2.0078455,0.0062112523,0.63792593,0.18466667,0.047407407,0.08,0.39,0.39,0.90259259,0.18466667,1,0.00012
2021-05-27,2.0013724,-0.0032238837,0.63792593,0.18466667,0.047407407,0.08,0.39,0.39,0.90259259,0.18466667,1,0
2021-05-28,1.9860293,-0.0076662914,0.63792593,0.18466667,0.047407407,0.08,0.39,0.39,0.90259259,0.18466667,1,0
2021-05-29,1.9820714,-0.0019928853,0.63792593,0.18466667,0.047407407,0.08,0.39,0.39,0.90259259,0.18466667,1,0
2021-05-30,1.9584075,-0.011938937,0.63792593,0.18466667,0.047407407,0.08,0.39,0.39,0.90259259,-0.18466667,1,0
2021-05-31,1.9438906,-0.0074126418,0.63792593,0.18466667,0.047407407,0.08,0.39,0.39,0.90259259,-0.18466667,1,0
2021-06-01,1.9464975,0.0013410716,0.63792593,0.18466667,0.047407407,0.08,0.39,0.39,0.90259259,-0.18466667,1,0
2021-06-02,1.9538171,0.0037604183,0.52592593,0.15666667,0.047407407,0.22,0.25,0.25,0.90259259,-0.11666667,4,0.00021
2021-06-03,1.9158346,-0.019440146,0.63792593,0.18466667,0.047407407,0.08,0.39,0.39,0.90259259,-0.18466667,1,0.00021
2021-06-04,1.9436632,0.014525579,0.57392593,0.16866667,0.047407407,0.16,0.31,0.31,0.90259259,-0.12866667,3,0.00012
2021-06-05,1.9573468,0.0070401038,0.63792593,0.18466667,0.047407407,0.08,0.39,0.39,0.90259259,-0.18466667,1,0.00012
2021-06-06,1.9511838,-0.0031486721,0.63792593,0.18466667,0.047407407,0.08,0.39,0.39,0.90259259,-0.18466667,1,0
2021-06-07,1.9693359,0.0093031432,0.58992593,0.17266667,0.047407407,0.14,0.33,0.33,0.90259259,-0.11266667,2,9e-05
2021-06-08,1.9691192,-0.00011004971,0.63792593,0.18466667,0.047407407,0.08,0.39,0.39,0.90259259,-0.18466667,1,9e-05
2021-06-09,1.9411894,-0.014183904,0.52592593,0.15666667,0.047407407,0.22,0.25,0.25,0.90259259,-0.11666667,4,0.00021
2021-06-10,1.9515388,0.0053314871,0.63792593,0.18466667,0.047407407,0.08,0.39,0.39,0.90259259,-0.18466667,1,0.00021
2021-06-11,1.94027,-0.005774322,0.57392593,0.16866667,0.047407407,0.16,0.31,0.31,0.90259259,-0.12866667,3,0.00012
2021-06-12,1.9586061,0.0094502885,0.63792593,0.18466667,0.047407407,0.08,0.39,0.39,0.90259259,-0.18466667,1,0.00012
2021-06-13,1.9174937,-0.020990628,0.63792593,0.18466667,0.047407407,0.08,0.39,0.39,0.90259259,-0.18466667,1,0
2021-06-14,1.9036922,-0.0071977035,0.52592593,0.15666667,0.047407407,0.22,0.25,0.25,0.90259259,-0.016666667,3,0.00021
2021-06-15,1.9001187,-0.0018771132,0.57392593,0.16866667,0.047407407,0.16,0.31,0.31,0.90259259,-0.088666667,2,9e-05
2021-06-16,1.8958727,-0.00223464,0.57392593,0.16866667,0.047407407,0.16,0.31,0.31,0.90259259,-0.088666667,2,0
2021-06-17,1.8787899,-0.0090104781,0.57392593,0.16866667,0.047407407,0.16,0.31,0.31,0.90259259,-0.088666667,2,0
2021-06-18,1.8882053,0.0050114028,0.63792593,0.18466667,0.047407407,0.08,0.39,0.39,0.90259259,-0.18466667,1,0.00012
2021-06-19,1.8895482,0.00071120589,0.63792593,0.18466667,0.047407407,0.08,0.39,0.39,0.90259259,-0.18466667,1,0
2021-06-20,1.8928792,0.0017628297,0.63792593,0.18466667,0.047407407,0.08,0.39,0.39,0.90259259,-0.18466667,1,0
2021-06-21,1.9385263,0.024115163,0.63792593,0.18466667,0.047407407,0.08,0.39,0.39,0.90259259,-0.18466667,1,0
2021-06-22,1.9233946,-0.0078057803,0.63792593,0.18466667,0.047407407,0.08,0.39,0.39,0.90259259,-0.18466667,1,0
2021-06-23,1.9113145,-0.0062805751,0.63792593,0.18466667,0.047407407,0.08,0.39,0.39,0.90259259,-0.18466667,1,0
2021-06-24,1.8966922,-0.0076504037,0.70192593,0.20066667,0.047407407,0,0.47,0.47,0.90259259,-0.20066667,0,0.00012
2021-06-25,1.9311798,0.018183037,0.70192593,0.20066667,0.047407407,0,0.47,0.47,0.90259259,-0.20066667,0,0
2021-06-26,1.9245091,-0.003454245,0.70192593,0.20066667,0.047407407,0,0.47,0.47,0.90259259,-0.20066667,0,0
2021-06-27,1.9029224,-0.011216686,0.70192593,0.20066667,0.047407407,0,0.47,0.47,0.90259259,-0.20066667,0,0
2021-06-28,1.9015527,-0.00071982604,0.70192593,0.20066667,0.047407407,0,0.47,0.47,0.90259259,-0.20066667,0,0
2021-06-29,1.8724122,-0.015324589,0.70192593,0.20066667,0.047407407,0,0.47,0.47,0.90259259,-0.20066667,0,0
2021-06-30,1.888658,0.0086764401,0.70192593,0.20066667,0.047407407,0,0.47,0.47,0.90259259,-0.20066667,0,0
2021-07-01,1.9050867,0.00869858,0.70192593,0.20066667,0.047407407,0,0.47,0.47,0.90259259,-0.20066667,0,0
2021-07-02,1.9149017,0.0051520138,0.63792593,0.18466667,0.047407407,0.08,0.39,0.39,0.90259259,-0.14466667,2,0.00012
2021-07-03,1.9047942,-0.0052783511,0.70192593,0.20066667,0.047407407,0,0.47,0.47,0.90259259,-0.20066667,0,0.00012
2021-07-04,1.8999737,-0.0025306842,0.70192593,0.20066667,0.047407407,0,0.47,0.47,0.90259259,-0.20066667,0,0
2021-07-05,1.9098249,0.0051848925,0.58992593,0.17266667,0.047407407,0.14,0.33,0.33,0.90259259,-0.11266667,2,0.00021
2021-07-06,1.9096807,-7.5494936e-05,0.63792593,0.18466667,0.047407407,0.08,0.39,0.39,0.90259259,-0.18466667,1,9e-05
2021-07-07,1.9195156,0.0051500235,0.52592593,0.15666667,0.047407407,0.22,0.25,0.25,0.90259259,-0.11666667,4,0.00021
2021-07-08,1.9337635,0.007422625,0.63792593,0.18466667,0.047407407,0.08,0.39,0.39,0.90259259,-0.18466667,1,0.00021
2021-07-09,1.93029,-0.0017962146,0.57392593,0.16866667,0.047407407,0.16,0.31,0.31,1.0225926,-0.068666667,3,0.00012
2021-07-10,1.9295681,-0.00037399807,0.63792593,0.18466667,0.047407407,0.08,0.39,0.39,0.90259259,-0.18466667,1,0.00012
2021-07-11,1.9225853,-0.0036188431,0.63792593,0.18466667,0.047407407,0.08,0.39,0.39,0.90259259,-0.18466667,1,0
2021-07-12,1.9212919,-0.00067271482,0.58992593,0.17266667,0.047407407,0.14,0.33,0.33,0.99259259,-0.022666667,2,9e-05
2021-07-13,1.9261046,0.0025049287,0.63792593,0.18466667,0.047407407,0.08,0.39,0.39,0.90259259,-0.18466667,1,9e-05
2021-07-14,1.962452,0.018870897,0.52592593,0.15666667,0.047407407,0.22,0.25,0.25,1.1125926,-0.056666667,4,0.00021
2021-07-15,1.9761712,0.0069908903,0.63792593,0.18466667,0.047407407,0.08,0.39,0.39,0.90259259,-0.18466667,1,0.00021
2021-07-16,1.9645034,-0.0059042731,0.63792593,0.18466667,0.047407407,0.08,0.39,0.39,0.90259259,-0.18466667,1,0
2021-07-17,1.963996,-0.00025826765,0.63792593,0.18466667,0.047407407,0.08,0.39,0.39,0.90259259,-0.18466667,1,0
2021-07-18,1.9636053,-0.0001989262,0.63792593,0.18466667,0.047407407,0.08,0.39,0.39,0.90259259,-0.18466667,1,0
2021-07-19,1.9750716,0.0058393935,0.63792593,0.18466667,0.047407407,0.08,0.39,0.39,0.90259259,-0.18466667,1,0
2021-07-20,1.9813962,0.0032022084,0.63792593,0.18466667,0.047407407,0.08,0.39,0.39,0.90259259,-0.18466667,1,0
2021-07-21,1.950291,-0.015698623,0.63792593,0.18466667,0.047407407,0.08,0.39,0.39,0.90259259,-0.18466667,1,0
2021-07-22,1.9484737,-0.00093181563,0.70192593,0.20066667,0.047407407,0,0.47,0.47,0.90259259,-0.20066667,0,0.00012
2021-07-23,1.9360102,-0.006396519,0.70192593,0.20066667,0.047407407,0,0.47,0.47,0.90259259,-0.20066667,0,0
2021-07-24,1.9289246,-0.0036598982,0.70192593,0.20066667,0.047407407,0,0.47,0.47,0.90259259,-0.20066667,0,0
2021-07-25,1.9144847,-0.0074860024,0.70192593,0.20066667,0.047407407,0,0.47,0.47,0.90259259,-0.20066667,0,0
2021-07-26,1.8828608,-0.016518216,0.414,0.246,0.15,0.14,0.33,0.33,0.8,-0.166,2,0.00049988889
2021-07-27,1.8533191,-0.015689835,0.414,0.246,0.15,0.14,0.33,0.33,0.8,-0.166,2,0
2021-07-28,1.8438699,-0.0050985231,0.414,0.246,0.15,0.14,0.33,0.33,0.8,-0.166,2,0
2021-07-29,1.85141,0.0040892794,0.414,0.246,0.15,0.14,0.33,0.33,0.8,-0.166,2,0
2021-07-30,1.81718,-0.018488606,0.526,0.274,0.15,0,0.47,0.47,0.8,-0.274,0,0.00021
2021-07-31,1.8237384,0.0036091216,0.526,0.274,0.15,0,0.47,0.47,0.8,-0.274,0,0
2021-08-01,1.8397429,0.0087756772,0.462,0.258,0.15,0.08,0.39,0.39,0.8,-0.258,1,0.00012
2021-08-02,1.8487595,0.0049010023,0.414,0.246,0.15,0.14,0.33,0.33,0.89,-0.096,2,9e-05
2021-08-03,1.8574342,0.004692167,0.462,0.258,0.15,0.08,0.39,0.39,0.8,-0.258,1,9e-05
2021-08-04,1.8803557,0.012340414,0.35,0.23,0.15,0.22,0.25,0.25,1.01,-0.13,4,0.00021
2021-08-05,1.8613885,-0.010087038,0.462,0.258,0.15,0.08,0.39,0.39,0.8,-0.258,1,0.00021
2021-08-06,1.8275396,-0.018184743,0.398,0.242,0.15,0.16,0.31,0.31,0.92,-0.142,3,0.00012
2021-08-07,1.8102359,-0.0094682968,0.462,0.258,0.15,0.08,0.39,0.39,0.8,-0.258,1,0.00012
2021-08-08,1.7984609,-0.0065046837,0.462,0.258,0.15,0.08,0.39,0.39,0.8,-0.258,1,0
2021-08-09,1.7922895,-0.0034315172,0.414,0.246,0.15,0.14,0.33,0.33,0.89,-0.096,2,9e-05
2021-08-10,1.7963987,0.0022927419,0.462,0.258,0.15,0.08,0.39,0.39,0.8,-0.258,1,9e-05
2021-08-11,1.8192,0.012692793,0.35,0.23,0.15,0.22,0.25,0.25,1.01,-0.13,4,0.00021
2021-08-12,1.831838,0.0069469604,0.462,0.258,0.15,0.08,0.39,0.39,0.8,-0.258,1,0.00021
2021-08-13,1.8136959,-0.0099037252,0.43,0.25,0.15,0.12,0.35,0.35,0.86,-0.15,2,6e-05
2021-08-14,1.8170382,0.0018427698,0.462,0.258,0.15,0.08,0.39,0.39,0.8,-0.258,1,6e-05
2021-08-15,1.8177592,0.00039681614,0.462,0.258,0.15,0.08,0.39,0.39,0.8,0.258,1,0
2021-08-16,1.8126464,-0.0028127048,0.462,0.258,0.15,0.08,0.39,0.39,0.8,0.258,1,0
2021-08-17,1.7976765,-0.0082585991,0.462,0.258,0.15,0.08,0.39,0.39,0.8,0.258,1,0
2021-08-18,1.7997764,0.0011681267,0.462,0.258,0.15,0.08,0.39,0.39,0.8,0.258,1,0
2021-08-19,1.8182936,0.010288632,0.462,0.258,0.15,0.08,0.39,0.39,0.8,0.258,1,0
2021-08-20,1.8449813,0.014677328,0.462,0.258,0.15,0.08,0.39,0.39,0.8,0.258,1,0
2021-08-21,1.8412901,-0.0020006633,0.462,0.258,0.15,0.08,0.39,0.39,0.8,0.258,1,0
2021-08-22,1.8426392,0.00073267209,0.462,0.258,0.15,0.08,0.39,0.39,0.8,0.258,1,0
2021-08-23,1.8568267,0.0076995804,0.462,0.258,0.15,0.08,0.39,0.39,0.8,0.258,1,0
2021-08-24,1.8378178,-0.010237289,0.462,0.258,0.15,0.08,0.39,0.39,0.8,0.258,1,0
2021-08-25,1.8483562,0.0057341641,0.462,0.258,0.15,0.08,0.39,0.39,0.8,0.258,1,0
2021-08-26,1.8279696,-0.011029588,0.462,0.258,0.15,0.08,0.39,0.39,0.8,0.258,1,0
2021-08-27,1.8617276,0.018467502,0.462,0.258,0.15,0.08,0.39,0.39,0.8,0.258,1,0
2021-08-28,1.8592028,-0.001356145,0.462,0.258,0.15,0.08,0.39,0.39,0.8,0.258,1,0
2021-08-29,1.8575551,-0.00088627669,0.462,0.258,0.15,0.08,0.39,0.39,0.8,0.258,1,0
2021-08-30,1.8377492,-0.010662342,0.462,0.258,0.15,0.08,0.39,0.39,0.8,0.258,1,0
2021-08-31,1.8400345,0.0012435292,0.462,0.258,0.15,0.08,0.39,0.39,0.8,0.258,1,0
2021-09-01,1.8863934,0.025194575,0.35,0.23,0.15,0.22,0.25,0.25,1.01,0.33,4,0.00021
2021-09-02,1.8886826,0.0012135652,0.462,0.258,0.15,0.08,0.39,0.39,0.8,0.258,1,0.00021
2021-09-03,1.913352,0.013061668,0.398,0.242,0.15,0.16,0.31,0.31,0.92,0.342,3,0.00012
2021-09-04,1.9095459,-0.0019892264,0.462,0.258,0.15,0.08,0.39,0.39,0.8,0.258,1,0.00012
2021-09-05,1.9297307,0.010570451,0.462,0.258,0.15,0.08,0.39,0.39,0.8,0.258,1,0
2021-09-06,1.9361852,0.0033448146,0.414,0.246,0.15,0.14,0.33,0.33,0.89,0.396,2,9e-05
2021-09-07,1.863947,-0.037309585,0.462,0.258,0.15,0.08,0.39,0.39,0.8,0.258,1,9e-05
2021-09-08,1.8614312,-0.0013497103,0.286,0.214,0.15,0.3,0.17,0.17,1.01,0.234,5,0.00033
2021-09-09,1.8660147,0.0024623764,0.57392593,0.16866667,0.047407407,0.16,0.31,0.31,0.90259259,0.088666667,2,0.00049988889
2021-09-10,1.8426385,-0.012527371,0.50992593,0.15266667,0.047407407,0.24,0.23,0.23,1.0225926,0.17266667,4,0.00012
2021-09-11,1.8467413,0.0022265971,0.57392593,0.16866667,0.047407407,0.16,0.31,0.31,0.90259259,0.088666667,2,0.00012
2021-09-12,1.8497261,0.0016162805,0.63792593,0.18466667,0.047407407,0.08,0.39,0.39,0.90259259,0.18466667,1,0.00012
2021-09-13,1.8435659,-0.0033303646,0.58992593,0.17266667,0.047407407,0.14,0.33,0.33,0.99259259,0.32266667,2,9e-05
2021-09-14,1.8638208,0.010986825,0.63792593,0.18466667,0.047407407,0.08,0.39,0.39,0.90259259,0.18466667,1,9e-05
2021-09-15,1.8666422,0.0015137883,0.63792593,0.18466667,0.047407407,0.08,0.39,0.39,0.90259259,0.18466667,1,0
2021-09-16,1.8414315,-0.013505953,0.63792593,0.18466667,0.047407407,0.08,0.39,0.39,0.90259259,0.18466667,1,0
2021-09-17,1.8369423,-0.0024378608,0.462,0.258,0.15,0.08,0.39,0.39,0.8,0.258,1,0.00037388889
2021-09-18,1.8484062,0.0062407643,0.462,0.258,0.15,0.08,0.39,0.39,0.8,0.258,1,0
2021-09-19,1.8376728,-0.0058068468,0.63792593,0.18466667,0.047407407,0.08,0.39,0.39,0.90259259,0.18466667,1,0.00037388889
2021-09-20,1.8153433,-0.012150995,0.63792593,0.18466667,0.047407407,0.08,0.39,0.39,0.90259259,0.18466667,1,0
2021-09-21,1.8021823,-0.0072498527,0.63792593,0.18466667,0.047407407,0.08,0.39,0.39,0.90259259,0.18466667,1,0
2021-09-22,1.8168043,0.0081134866,0.63792593,0.18466667,0.047407407,0.08,0.39,0.39,0.90259259,0.18466667,1,0
2021-09-23,1.8178627,0.00058258027,0.63792593,0.18466667,0.047407407,0.08,0.39,0.39,0.90259259,0.18466667,1,0
2021-09-24,1.8044613,-0.0073720468,0.63792593,0.18466667,0.047407407,0.08,0.39,0.39,0.90259259,0.18466667,1,0
2021-09-25,1.8014553,-0.0016658921,0.63792593,0.18466667,0.047407407,0.08,0.39,0.39,0.90259259,0.18466667,1,0
2021-09-26,1.8059568,0.0024988047,0.63792593,0.18466667,0.047407407,0.08,0.39,0.39,0.90259259,0.18466667,1,0
2021-09-27,1.7988336,-0.0039442663,0.63792593,0.18466667,0.047407407,0.08,0.39,0.39,0.90259259,0.18466667,1,0
2021-09-28,1.7815461,-0.0096103969,0.63792593,0.18466667,0.047407407,0.08,0.39,0.39,0.90259259,0.18466667,1,0
2021-09-29,1.7816588,6.3249635e-05,0.63792593,0.18466667,0.047407407,0.08,0.39,0.39,0.90259259,0.18466667,1,0
2021-09-30,1.8156179,0.019060375,0.63792593,0.18466667,0.047407407,0.08,0.39,0.39,0.90259259,0.18466667,1,0
2021-10-01,1.8720799,0.031097975,0.57392593,0.16866667,0.047407407,0.16,0.31,0.31,1.0225926,0.26866667,3,0.00012
2021-10-02,1.8681442,-0.0021023249,0.57392593,0.16866667,0.047407407,0.16,0.31,0.31,0.90259259,0.24866667,2,0
2021-10-03,1.8761507,0.0042858283,0.57392593,0.16866667,0.047407407,0.16,0.31,0.31,0.90259259,0.24866667,2,0
2021-10-04,1.8918878,0.0083879487,0.52592593,0.15666667,0.047407407,0.22,0.25,0.25,0.99259259,0.38666667,3,9e-05
2021-10-05,1.9007882,0.0047044989,0.57392593,0.16866667,0.047407407,0.16,0.31,0.31,0.90259259,0.24866667,2,9e-05
2021-10-06,1.9446787,0.023090682,0.52592593,0.15666667,0.047407407,0.22,0.25,0.25,1.1125926,0.25666667,4,9e-05
2021-10-07,1.9274105,-0.0088797033,0.462,0.258,0.15,0.08,0.39,0.39,0.8,0.258,1,0.00024788889
2021-10-08,1.9319986,0.0023804539,0.398,0.242,0.15,0.16,0.31,0.31,0.92,0.342,3,0.00012
2021-10-09,1.9410769,0.0046989136,0.462,0.258,0.15,0.08,0.39,0.39,0.8,0.258,1,0.00012
2021-10-10,1.936487,-0.002364634,0.462,0.258,0.15,0.08,0.39,0.39,0.8,0.258,1,0
2021-10-11,1.9659517,0.01521556,0.414,0.246,0.15,0.14,0.33,0.33,0.89,0.396,2,9e-05
2021-10-12,1.954906,-0.005618518,0.462,0.258,0.15,0.08,0.39,0.39,0.8,0.258,1,9e-05
2021-10-13,1.9735505,0.0095373072,0.35,0.23,0.15,0.22,0.25,0.25,1.01,0.33,4,0.00021
2021-10-14,1.9751091,0.00078973512,0.462,0.258,0.15,0.08,0.39,0.39,0.8,0.258,1,0.00021
2021-10-15,2.0009837,0.013100323,0.462,0.258,0.15,0.08,0.39,0.39,0.8,0.258,1,0
2021-10-16,1.9914092,-0.0047848721,0.414,0.246,0.15,0.14,0.33,0.33,0.8,0.246,2,9e-05
2021-10-17,1.9997337,0.0041802199,0.414,0.246,0.15,0.14,0.33,0.33,0.8,0.246,2,0
2021-10-18,1.9977545,-0.00098973987,0.414,0.246,0.15,0.14,0.33,0.33,0.8,0.246,2,0
2021-10-19,2.0228705,0.012572092,0.414,0.246,0.15,0.14,0.33,0.33,0.8,0.246,2,0
2021-10-20,2.0485554,0.012697288,0.414,0.246,0.15,0.14,0.33,0.33,0.8,0.246,2,0
2021-10-21,2.0183436,-0.014747892,0.414,0.246,0.15,0.14,0.33,0.33,0.8,0.246,2,0
2021-10-22,2.01096,-0.0036582504,0.462,0.258,0.15,0.08,0.39,0.39,0.8,0.258,1,9e-05
2021-10-23,2.0172379,0.0031218631,0.462,0.258,0.15,0.08,0.39,0.39,0.8,0.258,1,0
2021-10-24,2.0147792,-0.0012188442,0.462,0.258,0.15,0.08,0.39,0.39,0.8,0.258,1,0
2021-10-25,2.039657,0.01234766,0.462,0.258,0.15,0.08,0.39,0.39,0.8,0.258,1,0
2021-10-26,2.0070239,-0.015999294,0.414,0.246,0.15,0.14,0.33,0.33,0.8,0.246,2,9e-05
2021-10-27,1.9941912,-0.0063938914,0.462,0.258,0.15,0.08,0.39,0.39,0.8,0.258,1,9e-05
2021-10-28,2.0133335,0.0095990145,0.462,0.258,0.15,0.08,0.39,0.39,0.8,0.258,1,0
2021-10-29,2.017536,0.0020873275,0.462,0.258,0.15,0.08,0.39,0.39,0.8,0.258,1,0
2021-10-30,2.0164896,-0.0005186374,0.462,0.258,0.15,0.08,0.39,0.39,0.8,0.258,1,0
2021-10-31,2.0083473,-0.0040378932,0.462,0.258,0.15,0.08,0.39,0.39,0.8,0.258,1,0
2021-11-01,2.0111494,0.0013952199,0.414,0.246,0.15,0.14,0.33,0.33,0.89,0.396,2,9e-05
2021-11-02,2.0297875,0.009267433,0.462,0.258,0.15,0.08,0.39,0.39,0.8,0.258,1,9e-05
2021-11-03,2.0211235,-0.0042684661,0.302,0.218,0.15,0.28,0.19,0.19,1.01,0.318,5,0.0003
2021-11-04,2.01363,-0.0037075716,0.414,0.246,0.15,0.14,0.33,0.33,0.8,0.246,2,0.00021
2021-11-05,2.0181895,0.0022643352,0.398,0.242,0.15,0.16,0.31,0.31,0.92,0.342,3,3e-05
2021-11-06,2.0237852,0.002772632,0.462,0.258,0.15,0.08,0.39,0.39,0.8,0.258,1,0.00012
2021-11-07,2.0382524,0.0071485714,0.462,0.258,0.15,0.08,0.39,0.39,0.8,0.258,1,0
2021-11-08,2.0808242,0.020886403,0.366,0.234,0.15,0.2,0.27,0.27,0.89,0.384,3,0.00018
2021-11-09,2.0773972,-0.0016469507,0.414,0.246,0.15,0.14,0.33,0.33,0.8,0.246,2,9e-05
2021-11-10,2.0725208,-0.0023473311,0.302,0.218,0.15,0.28,0.19,0.19,1.01,0.318,5,0.00021
2021-11-11,2.0784176,0.0028452201,0.414,0.246,0.15,0.14,0.33,0.33,0.8,0.246,2,0.00021
2021-11-12,2.0647277,-0.0065867089,0.35,0.23,0.15,0.22,0.25,0.25,0.92,0.33,4,0.00012
2021-11-13,2.0670933,0.0011457324,0.462,0.258,0.15,0.08,0.39,0.39,0.8,0.258,1,0.00021
2021-11-14,2.0753388,0.0039889255,0.414,0.246,0.15,0.14,0.33,0.33,0.8,0.246,2,9e-05
2021-11-15,2.057349,-0.0086683411,0.414,0.246,0.15,0.14,0.33,0.33,0.8,0.246,2,0
2021-11-16,2.0269535,-0.014774104,0.63792593,0.18466667,0.047407407,0.08,0.39,0.39,0.90259259,0.18466667,1,0.00042788889
2021-11-17,2.0364597,0.004689876,0.63792593,0.18466667,0.047407407,0.08,0.39,0.39,0.90259259,0.18466667,1,0
2021-11-18,2.0087416,-0.013610931,0.63792593,0.18466667,0.047407407,0.08,0.39,0.39,0.90259259,0.18466667,1,0
2021-11-19,2.0074067,-0.00066452466,0.63792593,0.18466667,0.047407407,0.08,0.39,0.39,0.90259259,0.18466667,1,0
2021-11-20,2.0159542,0.0042579642,0.63792593,0.18466667,0.047407407,0.08,0.39,0.39,0.90259259,0.18466667,1,0
2021-11-21,2.009245,-0.0033280678,0.63792593,0.18466667,0.047407407,0.08,0.39,0.39,0.90259259,0.18466667,1,0
2021-11-22,1.9720174,-0.018528151,0.63792593,0.18466667,0.047407407,0.08,0.39,0.39,0.90259259,0.18466667,1,0
2021-11-23,1.9672597,-0.0024125869,0.63792593,0.18466667,0.047407407,0.08,0.39,0.39,0.90259259,0.18466667,1,0
2021-11-24,1.9647761,-0.0012624767,0.63792593,0.18466667,0.047407407,0.08,0.39,0.39,0.90259259,0.18466667,1,0
2021-11-25,1.9792221,0.0073525003,0.63792593,0.18466667,0.047407407,0.08,0.39,0.39,0.90259259,0.18466667,1,0
2021-11-26,1.946176,-0.01669652,0.63792593,0.18466667,0.047407407,0.08,0.39,0.39,0.90259259,0.18466667,1,0
2021-11-27,1.9508116,0.0023819384,0.63792593,0.18466667,0.047407407,0.08,0.39,0.39,0.90259259,0.18466667,1,0
2021-11-28,1.9690705,0.0093596255,0.63792593,0.18466667,0.047407407,0.08,0.39,0.39,0.90259259,0.18466667,1,0
2021-11-29,1.9688271,-0.00012360251,0.63792593,0.18466667,0.047407407,0.08,0.39,0.39,0.90259259,0.18466667,1,0
2021-11-30,1.9545901,-0.00723123,0.63792593,0.18466667,0.047407407,0.08,0.39,0.39,0.90259259,0.18466667,1,0
2021-12-01,1.9565114,0.00098295994,0.52592593,0.15666667,0.047407407,0.22,0.25,0.25,1.1125926,0.25666667,4,0.00021
2021-12-02,1.9433253,-0.0067396072,0.63792593,0.18466667,0.047407407,0.08,0.39,0.39,0.90259259,0.18466667,1,0.00021
2021-12-03,1.9379896,-0.0027456556,0.57392593,0.16866667,0.047407407,0.16,0.31,0.31,1.0225926,0.26866667,3,0.00012
2021-12-04,1.9080946,-0.015425737,0.63792593,0.18466667,0.047407407,0.08,0.39,0.39,0.90259259,0.18466667,1,0.00012
2021-12-05,1.9112613,0.0016595682,0.63792593,0.18466667,0.047407407,0.08,0.39,0.39,0.90259259,0.18466667,1,0
2021-12-06,1.92063,0.0049018773,0.58992593,0.17266667,0.047407407,0.14,0.33,0.33,0.99259259,0.32266667,2,9e-05
2021-12-07,1.9242834,0.0019021761,0.63792593,0.18466667,0.047407407,0.08,0.39,0.39,0.90259259,0.18466667,1,9e-05
2021-12-08,1.9204072,-0.0020143569,0.52592593,0.15666667,0.047407407,0.22,0.25,0.25,1.1125926,0.25666667,4,0.00021
2021-12-09,1.8919538,-0.014816341,0.63792593,0.18466667,0.047407407,0.08,0.39,0.39,0.90259259,0.18466667,1,0.00021
2021-12-10,1.9017534,0.0051796111,0.57392593,0.16866667,0.047407407,0.16,0.31,0.31,1.0225926,0.26866667,3,0.00012
2021-12-11,1.9196996,0.0094366751,0.63792593,0.18466667,0.047407407,0.08,0.39,0.39,0.90259259,0.18466667,1,0.00012
2021-12-12,1.9238349,0.0021541397,0.63792593,0.18466667,0.047407407,0.08,0.39,0.39,0.90259259,0.18466667,1,0
2021-12-13,1.8941168,-0.01544732,0.58992593,0.17266667,0.047407407,0.14,0.33,0.33,0.99259259,0.32266667,2,9e-05
2021-12-14,1.896815,0.0014245135,0.63792593,0.18466667,0.047407407,0.08,0.39,0.39,0.90259259,0.18466667,1,9e-05
2021-12-15,1.9033773,0.0034596186,0.63792593,0.18466667,0.047407407,0.08,0.39,0.39,0.90259259,0.18466667,1,0
2021-12-16,1.9088997,0.0029013738,0.63792593,0.18466667,0.047407407,0.08,0.39,0.39,0.90259259,0.18466667,1,0
2021-12-17,1.9005437,-0.0043773957,0.63792593,0.18466667,0.047407407,0.08,0.39,0.39,0.90259259,0.18466667,1,0
2021-12-18,1.9052727,0.0024882542,0.63792593,0.18466667,0.047407407,0.08,0.39,0.39,0.90259259,0.18466667,1,0
2021-12-19,1.9066215,0.00070793216,0.63792593,0.18466667,0.047407407,0.08,0.39,0.39,0.90259259,-0.18466667,1,0
2021-12-20,1.9015492,-0.0026603418,0.63792593,0.18466667,0.047407407,0.08,0.39,0.39,0.90259259,-0.18466667,1,0
2021-12-21,1.8847924,-0.0088122201,0.63792593,0.18466667,0.047407407,0.08,0.39,0.39,0.90259259,-0.18466667,1,0
2021-12-22,1.8943595,0.0050759697,0.63792593,0.18466667,0.047407407,0.08,0.39,0.39,0.90259259,-0.18466667,1,0
2021-12-23,1.8835512,-0.0057055076,0.63792593,0.18466667,0.047407407,0.08,0.39,0.39,0.90259259,-0.18466667,1,0
2021-12-24,1.885059,0.00080046937,0.63792593,0.18466667,0.047407407,0.08,0.39,0.39,0.90259259,-0.18466667,1,0
2021-12-25,1.8873314,0.0012055141,0.63792593,0.18466667,0.047407407,0.08,0.39,0.39,0.90259259,-0.18466667,1,0
2021-12-26,1.8834616,-0.0020504246,0.63792593,0.18466667,0.047407407,0.08,0.39,0.39,0.90259259,-0.18466667,1,0
2021-12-27,1.8873356,0.0020568501,0.63792593,0.18466667,0.047407407,0.08,0.39,0.39,0.90259259,-0.18466667,1,0
2021-12-28,1.9044639,0.0090753774,0.63792593,0.18466667,0.047407407,0.08,0.39,0.39,0.90259259,-0.18466667,1,0
2021-12-29,1.9125017,0.0042204959,0.63792593,0.18466667,0.047407407,0.08,0.39,0.39,0.90259259,-0.18466667,1,0
2021-12-30,1.9156494,0.0016458643,0.63792593,0.18466667,0.047407407,0.08,0.39,0.39,0.90259259,-0.18466667,1,0
2021-12-31,1.9298413,0.0074083952,0.63792593,0.18466667,0.047407407,0.08,0.39,0.39,0.90259259,-0.18466667,1,0
2022-01-01,1.9196288,-0.0052918474,0.63792593,0.18466667,0.047407407,0.08,0.39,0.39,0.90259259,-0.18466667,1,0
2022-01-02,1.9215938,0.0010236213,0.63792593,0.18466667,0.047407407,0.08,0.39,0.39,0.90259259,-0.18466667,1,0
2022-01-03,1.907807,-0.0071746816,0.58992593,0.17266667,0.047407407,0.14,0.33,0.33,0.99259259,-0.022666667,2,9e-05
2022-01-04,1.9177312,0.0052018979,0.63792593,0.18466667,0.047407407,0.08,0.39,0.39,0.90259259,-0.18466667,1,9e-05
2022-01-05,1.9211771,0.0017968732,0.46192593,0.14066667,0.047407407,0.3,0.17,0.17,1.1125926,-0.12066667,5,0.00033
2022-01-06,1.9154833,-0.0029636959,0.57392593,0.16866667,0.047407407,0.16,0.31,0.31,0.90259259,-0.24866667,2,0.00021
2022-01-07,1.9271034,0.0060664082,0.50992593,0.15266667,0.047407407,0.24,0.23,0.23,1.0225926,-0.13266667,4,0.00012
2022-01-08,1.9221848,-0.0025523663,0.57392593,0.16866667,0.047407407,0.16,0.31,0.31,0.90259259,-0.24866667,2,0.00012
2022-01-09,1.9197537,-0.0012647333,0.63792593,0.18466667,0.047407407,0.08,0.39,0.39,0.90259259,-0.18466667,1,0.00012
2022-01-10,1.9181399,-0.00084061656,0.58992593,0.17266667,0.047407407,0.14,0.33,0.33,0.99259259,-0.022666667,2,9e-05
2022-01-11,1.9225483,0.0022982614,0.63792593,0.18466667,0.047407407,0.08,0.39,0.39,0.90259259,-0.18466667,1,9e-05
2022-01-12,1.945895,0.012143609,0.52592593,0.15666667,0.047407407,0.22,0.25,0.25,1.1125926,-0.056666667,4,0.00021
2022-01-13,1.9510619,0.0026552774,0.63792593,0.18466667,0.047407407,0.08,0.39,0.39,0.90259259,-0.18466667,1,0.00021
2022-01-14,1.9407458,-0.0052874462,0.57392593,0.16866667,0.047407407,0.16,0.31,0.31,1.0225926,-0.068666667,3,0.00012
2022-01-15,1.9408165,3.643038e-05,0.70192593,0.20066667,0.047407407,0,0.47,0.47,0.90259259,-0.20066667,0,0.00024
2022-01-16,1.9398815,-0.00048173934,0.63792593,0.18466667,0.047407407,0.08,0.39,0.39,0.90259259,-0.18466667,1,0.00012
2022-01-17,1.944444,0.0023519543,0.63792593,0.18466667,0.047407407,0.08,0.39,0.39,0.90259259,-0.18466667,1,0
2022-01-18,1.9432202,-0.00062936708,0.63792593,0.18466667,0.047407407,0.08,0.39,0.39,0.90259259,-0.18466667,1,0
2022-01-19,1.9661519,0.011800867,0.63792593,0.18466667,0.047407407,0.08,0.39,0.39,0.90259259,-0.18466667,1,0
2022-01-20,1.9740631,0.0040236879,0.63792593,0.18466667,0.047407407,0.08,0.39,0.39,0.90259259,-0.18466667,1,0
2022-01-21,2.0100171,0.018213173,0.63792593,0.18466667,0.047407407,0.08,0.39,0.39,0.90259259,-0.18466667,1,0
2022-01-22,2.0226489,0.0062844431,0.63792593,0.18466667,0.047407407,0.08,0.39,0.39,0.90259259,-0.18466667,1,0
2022-01-23,2.012982,-0.004779325,0.63792593,0.18466667,0.047407407,0.08,0.39,0.39,0.90259259,-0.18466667,1,0
2022-01-24,2.0122326,-0.00037230425,0.63792593,0.18466667,0.047407407,0.08,0.39,0.39,0.90259259,-0.18466667,1,0
2022-01-25,2.0136526,0.0007056813,0.58992593,0.17266667,0.047407407,0.14,0.33,0.33,0.90259259,-0.17266667,2,9e-05
2022-01-26,2.0010707,-0.0062482606,0.58992593,0.17266667,0.047407407,0.14,0.33,0.33,0.90259259,-0.17266667,2,0
2022-01-27,1.9836709,-0.008695273,0.58992593,0.17266667,0.047407407,0.14,0.33,0.33,0.90259259,-0.17266667,2,0
2022-01-28,1.9703485,-0.006716008,0.58992593,0.17266667,0.047407407,0.14,0.33,0.33,0.90259259,-0.17266667,2,0
2022-01-29,1.9665391,-0.0019333656,0.63792593,0.18466667,0.047407407,0.08,0.39,0.39,0.90259259,-0.18466667,1,9e-05
2022-01-30,1.9706977,0.0021146588,0.63792593,0.18466667,0.047407407,0.08,0.39,0.39,0.90259259,-0.18466667,1,0
2022-01-31,1.9706706,-1.3725043e-05,0.63792593,0.18466667,0.047407407,0.08,0.39,0.39,0.90259259,-0.18466667,1,0
2022-02-01,1.9673881,-0.0016656868,0.57392593,0.16866667,0.047407407,0.16,0.31,0.31,0.90259259,-0.088666667,2,0.00012
2022-02-02,1.9768689,0.0048189668,0.46192593,0.14066667,0.047407407,0.3,0.17,0.17,1.1125926,0.039333333,5,0.00021
2022-02-03,1.9735078,-0.0017001866,0.57392593,0.16866667,0.047407407,0.16,0.31,0.31,0.90259259,-0.088666667,2,0.00021
2022-02-04,1.9472583,-0.013300974,0.50992593,0.15266667,0.047407407,0.24,0.23,0.23,1.0225926,0.027333333,4,0.00012
2022-02-05,1.9478179,0.00028739883,0.63792593,0.18466667,0.047407407,0.08,0.39,0.39,0.90259259,-0.18466667,1,0.00024
2022-02-06,1.9391977,-0.0044255534,0.63792593,0.18466667,0.047407407,0.08,0.39,0.39,0.90259259,-0.18466667,1,0
2022-02-07,1.9416623,0.0012709016,0.58992593,0.17266667,0.047407407,0.14,0.33,0.33,0.99259259,-0.022666667,2,9e-05
2022-02-08,1.9422426,0.0002989131,0.462,0.258,0.15,0.08,0.39,0.39,0.8,-0.258,1,0.00031988889
2022-02-09,1.9680246,0.013274345,0.35,0.23,0.15,0.22,0.25,0.25,1.01,-0.13,4,0.00021
2022-02-10,1.9752375,0.0036650404,0.462,0.258,0.15,0.08,0.39,0.39,0.8,-0.258,1,0.00021
2022-02-11,2.0088113,0.016997307,0.57392593,0.16866667,0.047407407,0.16,0.31,0.31,1.0225926,-0.068666667,3,0.00030188889
2022-02-12,2.0141094,0.002637453,0.63792593,0.18466667,0.047407407,0.08,0.39,0.39,0.90259259,-0.18466667,1,0.00012
2022-02-13,2.025202,0.0055074324,0.63792593,0.18466667,0.047407407,0.08,0.39,0.39,0.90259259,-0.18466667,1,0
2022-02-14,2.0219198,-0.0016206499,0.58992593,0.17266667,0.047407407,0.14,0.33,0.33,0.99259259,-0.022666667,2,9e-05
2022-02-15,1.9862978,-0.017617912,0.63792593,0.18466667,0.047407407,0.08,0.39,0.39,0.90259259,-0.18466667,1,9e-05
2022-02-16,2.0062283,0.010033962,0.63792593,0.18466667,0.047407407,0.08,0.39,0.39,0.90259259,-0.18466667,1,0
2022-02-17,2.0619301,0.027764479,0.63792593,0.18466667,0.047407407,0.08,0.39,0.39,0.90259259,-0.18466667,1,0
2022-02-18,2.0642745,0.0011369819,0.63792593,0.18466667,0.047407407,0.08,0.39,0.39,0.90259259,-0.18466667,1,0
2022-02-19,2.066761,0.0012045358,0.63792593,0.18466667,0.047407407,0.08,0.39,0.39,0.90259259,-0.18466667,1,0
2022-02-20,2.098021,0.015125132,0.63792593,0.18466667,0.047407407,0.08,0.39,0.39,0.90259259,-0.18466667,1,0
2022-02-21,2.1242083,0.012481886,0.462,0.258,0.15,0.08,0.39,0.39,0.8,-0.258,1,0.00037388889
2022-02-22,2.0820265,-0.019857641,0.462,0.258,0.15,0.08,0.39,0.39,0.8,-0.258,1,0
2022-02-23,2.1021982,0.0096884504,0.462,0.258,0.15,0.08,0.39,0.39,0.8,-0.258,1,0
2022-02-24,2.1013758,-0.00039116405,0.70192593,0.20066667,0.047407407,0,0.47,0.47,0.90259259,-0.20066667,0,0.00044588889
2022-02-25,2.0587954,-0.020263121,0.70192593,0.20066667,0.047407407,0,0.47,0.47,0.90259259,-0.20066667,0,0
2022-02-26,2.0583883,-0.00019772134,0.526,0.274,0.15,0,0.47,0.47,0.8,-0.274,0,0.00037388889
2022-02-27,2.0908536,0.015772154,0.462,0.258,0.15,0.08,0.39,0.39,0.8,-0.258,1,0.00012
2022-02-28,2.0187857,-0.034468175,0.63792593,0.18466667,0.047407407,0.08,0.39,0.39,0.90259259,-0.18466667,1,0.00037388889
2022-03-01,2.0191254,0.00016827989,0.462,0.258,0.15,0.08,0.39,0.39,0.8,-0.258,1,0.00037388889
2022-03-02,2.0188431,-0.00013978344,0.35,0.23,0.15,0.22,0.25,0.25,0.8,-0.19,4,0.00021
2022-03-03,2.0399374,0.010448667,0.462,0.258,0.15,0.08,0.39,0.39,0.8,-0.258,1,0.00021
2022-03-04,2.0914144,0.025234611,0.398,0.242,0.15,0.16,0.31,0.31,0.8,-0.202,3,0.00012
2022-03-05,2.0893712,-0.00097693047,0.414,0.246,0.15,0.14,0.33,0.33,0.8,-0.246,2,3e-05
2022-03-06,2.1094428,0.0096065007,0.414,0.246,0.15,0.14,0.33,0.33,0.8,-0.246,2,0
2022-03-07,2.1243297,0.0070572842,0.54192593,0.16066667,0.047407407,0.2,0.27,0.27,0.99259259,-0.010666667,3,0.00031988889
2022-03-08,2.1482165,0.01124438,0.58992593,0.17266667,0.047407407,0.14,0.33,0.33,0.90259259,-0.17266667,2,9e-05
2022-03-09,2.1089536,-0.018276954,0.52592593,0.15666667,0.047407407,0.22,0.25,0.25,1.1125926,-0.056666667,4,0.00012
2022-03-10,2.1339586,0.011856574,0.63792593,0.18466667,0.047407407,0.08,0.39,0.39,0.90259259,-0.18466667,1,0.00021
2022-03-11,2.1364553,0.0011700012,0.57392593,0.16866667,0.047407407,0.16,0.31,0.31,0.90259259,-0.12866667,3,0.00012
2022-03-12,2.1388477,0.0011197784,0.63792593,0.18466667,0.047407407,0.08,0.39,0.39,0.90259259,-0.18466667,1,0.00012
2022-03-13,2.1443552,0.0025749746,0.63792593,0.18466667,0.047407407,0.08,0.39,0.39,0.90259259,-0.18466667,1,0
2022-03-14,2.1063467,-0.017724883,0.65392593,0.18866667,0.047407407,0.06,0.41,0.41,0.90259259,-0.12866667,1,3e-05
2022-03-15,2.0854158,-0.0099370491,0.70192593,0.20066667,0.047407407,0,0.47,0.47,0.90259259,-0.20066667,0,9e-05
2022-03-16,2.0753684,-0.0048179686,0.63792593,0.18466667,0.047407407,0.08,0.39,0.39,0.90259259,-0.18466667,1,0.00012
2022-03-17,2.0861424,0.0051913755,0.63792593,0.18466667,0.047407407,0.08,0.39,0.39,0.90259259,-0.18466667,1,0
2022-03-18,2.0591755,-0.012926683,0.63792593,0.18466667,0.047407407,0.08,0.39,0.39,0.90259259,-0.18466667,1,0
2022-03-19,2.0504116,-0.0042560027,0.63792593,0.18466667,0.047407407,0.08,0.39,0.39,0.90259259,-0.18466667,1,0
2022-03-20,2.064361,0.0068031897,0.63792593,0.18466667,0.047407407,0.08,0.39,0.39,0.90259259,-0.18466667,1,0
2022-03-21,2.0750052,0.0051561662,0.63792593,0.18466667,0.047407407,0.08,0.39,0.39,0.90259259,-0.18466667,1,0
2022-03-22,2.051393,-0.011379304,0.63792593,0.18466667,0.047407407,0.08,0.39,0.39,0.90259259,-0.18466667,1,0
2022-03-23,2.0580533,0.0032466849,0.462,0.258,0.15,0.08,0.39,0.39,0.8,-0.258,1,0.00037388889
2022-03-24,2.0497335,-0.0040425334,0.462,0.258,0.15,0.08,0.39,0.39,0.8,-0.258,1,0
2022-03-25,2.0464089,-0.0016219614,0.462,0.258,0.15,0.08,0.39,0.39,0.8,-0.258,1,0
2022-03-26,2.0465159,5.227812e-05,0.462,0.258,0.15,0.08,0.39,0.39,0.8,-0.258,1,0
2022-03-27,2.0137804,-0.015995732,0.462,0.258,0.15,0.08,0.39,0.39,0.8,-0.258,1,0
2022-03-28,1.9977327,-0.0079689461,0.462,0.258,0.15,0.08,0.39,0.39,0.8,-0.258,1,0
2022-03-29,1.9900809,-0.0038302343,0.462,0.258,0.15,0.08,0.39,0.39,0.8,-0.258,1,0
2022-03-30,2.0003667,0.0051685547,0.462,0.258,0.15,0.08,0.39,0.39,0.8,-0.258,1,0
2022-03-31,2.020879,0.010254239,0.462,0.258,0.15,0.08,0.39,0.39,0.8,-0.258,1,0
2022-04-01,2.0154548,-0.0026840492,0.57392593,0.16866667,0.047407407,0.16,0.31,0.31,1.0225926,-0.068666667,3,0.00030188889
2022-04-02,2.019752,0.0021321207,0.462,0.258,0.15,0.08,0.39,0.39,0.8,-0.258,1,0.00030188889
2022-04-03,2.0135358,-0.0030777319,0.462,0.258,0.15,0.08,0.39,0.39,0.8,-0.258,1,0
2022-04-04,2.0090078,-0.0022487686,0.414,0.246,0.15,0.14,0.33,0.33,0.89,-0.096,2,9e-05
2022-04-05,2.0151909,0.0030776829,0.462,0.258,0.15,0.08,0.39,0.39,0.8,-0.258,1,9e-05
2022-04-06,2.0080086,-0.0035640611,0.35,0.23,0.15,0.22,0.25,0.25,1.01,-0.13,4,0.00021
2022-04-07,2.0077482,-0.00012971244,0.462,0.258,0.15,0.08,0.39,0.39,0.8,-0.258,1,0.00021
2022-04-08,2.0215988,0.0068985707,0.398,0.242,0.15,0.16,0.31,0.31,0.92,-0.142,3,0.00012
2022-04-09,2.0156577,-0.0029387827,0.63792593,0.18466667,0.047407407,0.08,0.39,0.39,0.90259259,-0.18466667,1,0.00044588889
2022-04-10,2.0202924,0.0022993387,0.462,0.258,0.15,0.08,0.39,0.39,0.8,-0.258,1,0.00037388889
2022-04-11,2.0423409,0.010913496,0.414,0.246,0.15,0.14,0.33,0.33,0.89,-0.096,2,9e-05
2022-04-12,2.0462504,0.0019142574,0.63792593,0.18466667,0.047407407,0.08,0.39,0.39,0.90259259,-0.18466667,1,0.00042788889
2022-04-13,2.051567,0.0025982204,0.35,0.23,0.15,0.22,0.25,0.25,1.01,-0.13,4,0.00049988889
2022-04-14,2.0596879,0.0039583877,0.63792593,0.18466667,0.047407407,0.08,0.39,0.39,0.90259259,-0.18466667,1,0.00049988889
2022-04-15,2.0565338,-0.0015313394,0.63792593,0.18466667,0.047407407,0.08,0.39,0.39,0.90259259,-0.18466667,1,0
2022-04-16,2.0575263,0.00048256683,0.63792593,0.18466667,0.047407407,0.08,0.39,0.39,0.90259259,-0.18466667,1,0
2022-04-17,2.0694691,0.0058044779,0.63792593,0.18466667,0.047407407,0.08,0.39,0.39,0.90259259,-0.18466667,1,0
2022-04-18,2.0539699,-0.0074894658,0.63792593,0.18466667,0.047407407,0.08,0.39,0.39,0.90259259,-0.18466667,1,0
2022-04-19,2.029698,-0.011817047,0.63792593,0.18466667,0.047407407,0.08,0.39,0.39,0.90259259,-0.18466667,1,0
2022-04-20,2.0382576,0.0042171668,0.63792593,0.18466667,0.047407407,0.08,0.39,0.39,0.90259259,-0.18466667,1,0
2022-04-21,2.0422887,0.0019776945,0.63792593,0.18466667,0.047407407,0.08,0.39,0.39,0.90259259,-0.18466667,1,0
2022-04-22,2.0341535,-0.0039833483,0.63792593,0.18466667,0.047407407,0.08,0.39,0.39,0.90259259,-0.18466667,1,0
2022-04-23,2.0359784,0.00089711835,0.63792593,0.18466667,0.047407407,0.08,0.39,0.39,0.90259259,-0.18466667,1,0
2022-04-24,2.0363558,0.00018534318,0.63792593,0.18466667,0.047407407,0.08,0.39,0.39,0.90259259,-0.18466667,1,0
2022-04-25,2.006807,-0.014510626,0.70192593,0.20066667,0.047407407,0,0.47,0.47,0.90259259,-0.20066667,0,0.00012
2022-04-26,2.0291244,0.011120888,0.70192593,0.20066667,0.047407407,0,0.47,0.47,0.90259259,-0.20066667,0,0
2022-04-27,2.0051929,-0.011794045,0.70192593,0.20066667,0.047407407,0,0.47,0.47,0.90259259,-0.20066667,0,0
2022-04-28,2.0015943,-0.0017946203,0.62192593,0.18066667,0.047407407,0.1,0.37,0.37,0.90259259,-0.28066667,1,0.00015
2022-04-29,2.0230506,0.010719595,0.62192593,0.18066667,0.047407407,0.1,0.37,0.37,0.90259259,-0.28066667,1,0
2022-04-30,2.0326413,0.0047407304,0.62192593,0.18066667,0.047407407,0.1,0.37,0.37,0.90259259,-0.28066667,1,0
2022-05-01,2.0239485,-0.0042766014,0.62192593,0.18066667,0.047407407,0.1,0.37,0.37,0.90259259,-0.28066667,1,0
2022-05-02,1.9988219,-0.012414658,0.50992593,0.15266667,0.047407407,0.24,0.23,0.23,0.99259259,-0.10266667,3,0.00021
2022-05-03,2.0096338,0.0054091336,0.55792593,0.16466667,0.047407407,0.18,0.29,0.29,0.90259259,-0.26466667,2,9e-05
2022-05-04,2.0198486,0.0050829164,0.44592593,0.13666667,0.047407407,0.32,0.15,0.15,1.1125926,-0.13666667,5,0.00021
2022-05-05,2.0533974,0.016609582,0.55792593,0.16466667,0.047407407,0.18,0.29,0.29,0.90259259,-0.26466667,2,0.00021
2022-05-06,2.0523319,-0.00051891887,0.42992593,0.13266667,0.047407407,0.34,0.13,0.13,1.0225926,-0.21266667,5,0.00024
2022-05-07,2.060503,0.0039813822,0.49392593,0.14866667,0.047407407,0.26,0.21,0.21,0.90259259,-0.32866667,3,0.00012
2022-05-08,2.0798324,0.0093809196,0.49392593,0.14866667,0.047407407,0.26,0.21,0.21,0.90259259,-0.32866667,3,0
2022-05-09,2.1011888,0.01026832,0.44592593,0.13666667,0.047407407,0.32,0.15,0.15,0.99259259,-0.16666667,4,9e-05
2022-05-10,2.0701493,-0.014772344,0.55792593,0.16466667,0.047407407,0.18,0.29,0.29,0.90259259,-0.26466667,2,0.00021
2022-05-11,2.0786581,0.0041102474,0.44592593,0.13666667,0.047407407,0.32,0.15,0.15,1.1125926,-0.13666667,5,0.00021
2022-05-12,2.064545,-0.0067895334,0.55792593,0.16466667,0.047407407,0.18,0.29,0.29,0.90259259,-0.26466667,2,0.00021
2022-05-13,2.0499675,-0.0070609069,0.42992593,0.13266667,0.047407407,0.34,0.13,0.13,1.0225926,-0.052666667,5,0.00024
2022-05-14,2.0347242,-0.0074358322,0.49392593,0.14866667,0.047407407,0.26,0.21,0.21,0.90259259,-0.16866667,3,0.00012
2022-05-15,2.010542,-0.011884759,0.49392593,0.14866667,0.047407407,0.26,0.21,0.21,0.90259259,-0.16866667,3,0
2022-05-16,2.0419315,0.015612432,0.49392593,0.14866667,0.047407407,0.26,0.21,0.21,0.90259259,-0.16866667,3,0
2022-05-17,2.026406,-0.0076033228,0.55792593,0.16466667,0.047407407,0.18,0.29,0.29,0.90259259,-0.26466667,2,0.00012
2022-05-18,2.0562485,0.014726795,0.55792593,0.16466667,0.047407407,0.18,0.29,0.29,0.90259259,-0.26466667,2,0
2022-05-19,2.047326,-0.0043391866,0.55792593,0.16466667,0.047407407,0.18,0.29,0.29,0.90259259,-0.26466667,2,0
2022-05-20,2.0673704,0.0097905105,0.55792593,0.16466667,0.047407407,0.18,0.29,0.29,0.90259259,-0.26466667,2,0
2022-05-21,2.0640535,-0.0016044321,0.55792593,0.16466667,0.047407407,0.18,0.29,0.29,0.90259259,-0.26466667,2,0
2022-05-22,2.047089,-0.008219015,0.55792593,0.16466667,0.047407407,0.18,0.29,0.29,0.90259259,-0.26466667,2,0
2022-05-23,2.0701874,0.011283536,0.55792593,0.16466667,0.047407407,0.18,0.29,0.29,0.90259259,-0.26466667,2,0
2022-05-24,2.0686273,-0.00075360363,0.55792593,0.16466667,0.047407407,0.18,0.29,0.29,0.90259259,-0.26466667,2,0
2022-05-25,2.0627295,-0.0028510549,0.55792593,0.16466667,0.047407407,0.18,0.29,0.29,0.90259259,-0.26466667,2,0
2022-05-26,2.0665893,0.0018712163,0.55792593,0.16466667,0.047407407,0.18,0.29,0.29,0.90259259,-0.26466667,2,0
2022-05-27,2.0773551,0.0052094433,0.55792593,0.16466667,0.047407407,0.18,0.29,0.29,0.90259259,-0.26466667,2,0
2022-05-28,2.0709536,-0.0030815712,0.55792593,0.16466667,0.047407407,0.18,0.29,0.29,0.90259259,-0.26466667,2,0
2022-05-29,2.0596534,-0.0054565002,0.55792593,0.16466667,0.047407407,0.18,0.29,0.29,0.90259259,-0.26466667,2,0
2022-05-30,2.0227625,-0.017911226,0.55792593,0.16466667,0.047407407,0.18,0.29,0.29,0.90259259,-0.26466667,2,0
2022-05-31,2.0089389,-0.0068340346,0.55792593,0.16466667,0.047407407,0.18,0.29,0.29,0.90259259,-0.26466667,2,0
2022-06-01,2.0399961,0.015459517,0.44592593,0.13666667,0.047407407,0.32,0.15,0.15,0.90259259,-0.19666667,5,0.00021
2022-06-02,2.0389288,-0.00052316012,0.55792593,0.16466667,0.047407407,0.18,0.29,0.29,0.90259259,-0.26466667,2,0.00021
2022-06-03,2.0391654,0.00011600189,0.49392593,0.14866667,0.047407407,0.26,0.21,0.21,0.90259259,-0.20866667,4,0.00012
2022-06-04,2.0390347,-6.4057835e-05,0.55792593,0.16466667,0.047407407,0.18,0.29,0.29,0.90259259,-0.26466667,2,0.00012
2022-06-05,2.033791,-0.0025716572,0.55792593,0.16466667,0.047407407,0.18,0.29,0.29,0.90259259,-0.26466667,2,0
2022-06-06,2.0030498,-0.015115263,0.50992593,0.15266667,0.047407407,0.24,0.23,0.23,0.90259259,-0.19266667,3,9e-05
2022-06-07,2.014939,0.0059355744,0.55792593,0.16466667,0.047407407,0.18,0.29,0.29,0.90259259,-0.26466667,2,9e-05
2022-06-08,2.0285343,0.0067472721,0.44592593,0.13666667,0.047407407,0.32,0.15,0.15,0.90259259,-0.19666667,5,0.00021
2022-06-09,2.0237573,-0.0023549403,0.55792593,0.16466667,0.047407407,0.18,0.29,0.29,0.90259259,-0.26466667,2,0.00021
2022-06-10,2.0414768,0.0087557394,0.49392593,0.14866667,0.047407407,0.26,0.21,0.21,1.0225926,-0.14866667,4,0.00012
2022-06-11,2.0592787,0.0087201302,0.50992593,0.15266667,0.047407407,0.24,0.23,0.23,0.90259259,-0.25266667,3,3e-05
2022-06-12,2.0960275,0.017845445,0.50992593,0.15266667,0.047407407,0.24,0.23,0.23,0.90259259,-0.25266667,3,0
2022-06-13,2.1248044,0.01372927,0.46192593,0.14066667,0.047407407,0.3,0.17,0.17,0.99259259,-0.090666667,4,9e-05
2022-06-14,2.127208,0.0011312378,0.50992593,0.15266667,0.047407407,0.24,0.23,0.23,0.90259259,-0.25266667,3,9e-05
2022-06-15,2.1300119,0.0013181093,0.55792593,0.16466667,0.047407407,0.18,0.29,0.29,0.90259259,-0.26466667,2,9e-05
2022-06-16,2.1985468,0.032175816,0.55792593,0.16466667,0.047407407,0.18,0.29,0.29,0.90259259,-0.26466667,2,0
2022-06-17,2.1837557,-0.0067276907,0.62192593,0.18066667,0.047407407,0.1,0.37,0.37,0.90259259,-0.28066667,1,0.00012
2022-06-18,2.2160954,0.014809223,0.62192593,0.18066667,0.047407407,0.1,0.37,0.37,0.90259259,-0.28066667,1,0
2022-06-19,2.1771296,-0.01758307,0.62192593,0.18066667,0.047407407,0.1,0.37,0.37,0.90259259,-0.28066667,1,0
2022-06-20,2.1815499,0.0020303161,0.62192593,0.18066667,0.047407407,0.1,0.37,0.37,0.90259259,-0.28066667,1,0
2022-06-21,2.1668408,-0.0067425066,0.62192593,0.18066667,0.047407407,0.1,0.37,0.37,0.90259259,-0.28066667,1,0
2022-06-22,2.1913748,0.011322496,0.55792593,0.16466667,0.047407407,0.18,0.29,0.29,0.90259259,-0.26466667,2,0.00012
2022-06-23,2.1501925,-0.018792915,0.55792593,0.16466667,0.047407407,0.18,0.29,0.29,0.90259259,-0.26466667,2,0
2022-06-24,2.1435319,-0.0030976615,0.55792593,0.16466667,0.047407407,0.18,0.29,0.29,0.90259259,-0.26466667,2,0
2022-06-25,2.1374137,-0.0028542809,0.50992593,0.15266667,0.047407407,0.24,0.23,0.23,0.90259259,-0.25266667,3,9e-05
2022-06-26,2.1524258,0.0070234839,0.50992593,0.15266667,0.047407407,0.24,0.23,0.23,0.90259259,-0.25266667,3,0
2022-06-27,2.1601036,0.0035670536,0.50992593,0.15266667,0.047407407,0.24,0.23,0.23,0.90259259,-0.25266667,3,0
2022-06-28,2.1693369,0.0042744825,0.50992593,0.15266667,0.047407407,0.24,0.23,0.23,0.90259259,-0.25266667,3,0
2022-06-29,2.1736647,0.0019949904,0.55792593,0.16466667,0.047407407,0.18,0.29,0.29,0.90259259,-0.26466667,2,9e-05
2022-06-30,2.1734898,-8.0458385e-05,0.55792593,0.16466667,0.047407407,0.18,0.29,0.29,0.90259259,-0.26466667,2,0
2022-07-01,2.1849099,0.0052542664,0.49392593,0.14866667,0.047407407,0.26,0.21,0.21,0.90259259,-0.20866667,4,0.00012
2022-07-02,2.189524,0.0021117938,0.55792593,0.16466667,0.047407407,0.18,0.29,0.29,0.90259259,-0.26466667,2,0.00012
2022-07-03,2.1883397,-0.00054091869,0.55792593,0.16466667,0.047407407,0.18,0.29,0.29,0.90259259,-0.26466667,2,0
2022-07-04,2.1674671,-0.0095380622,0.50992593,0.15266667,0.047407407,0.24,0.23,0.23,0.90259259,-0.19266667,3,9e-05
2022-07-05,2.1397198,-0.012801731,0.55792593,0.16466667,0.047407407,0.18,0.29,0.29,0.90259259,-0.26466667,2,9e-05
2022-07-06,2.1184115,-0.0099584684,0.44592593,0.13666667,0.047407407,0.32,0.15,0.15,0.90259259,-0.19666667,5,0.00021
2022-07-07,2.0864,-0.015111089,0.55792593,0.16466667,0.047407407,0.18,0.29,0.29,0.90259259,-0.26466667,2,0.00021
2022-07-08,2.0792868,-0.0034093213,0.42992593,0.13266667,0.047407407,0.34,0.13,0.13,0.90259259,-0.11266667,5,0.00024
2022-07-09,2.0756725,-0.0017382356,0.49392593,0.14866667,0.047407407,0.26,0.21,0.21,0.90259259,-0.16866667,3,0.00012
2022-07-10,2.0949859,0.0093046681,0.49392593,0.14866667,0.047407407,0.26,0.21,0.21,0.90259259,-0.16866667,3,0
2022-07-11,2.110583,0.0074449604,0.44592593,0.13666667,0.047407407,0.32,0.15,0.15,0.90259259,-0.096666667,4,9e-05
2022-07-12,2.1225109,0.0056514531,0.55792593,0.16466667,0.047407407,0.18,0.29,0.29,0.90259259,-0.26466667,2,0.00021
2022-07-13,2.1067728,-0.0074148201,0.44592593,0.13666667,0.047407407,0.32,0.15,0.15,0.90259259,-0.19666667,5,0.00021
2022-07-14,2.0817228,-0.01189025,0.55792593,0.16466667,0.047407407,0.18,0.29,0.29,0.90259259,-0.26466667,2,0.00021
2022-07-15,2.0678499,-0.0066641235,0.55792593,0.16466667,0.047407407,0.18,0.29,0.29,0.90259259,-0.26466667,2,0
2022-07-16,2.053541,-0.0069196816,0.55792593,0.16466667,0.047407407,0.18,0.29,0.29,0.90259259,-0.26466667,2,0
2022-07-17,2.0703631,0.0081917371,0.50992593,0.15266667,0.047407407,0.24,0.23,0.23,0.90259259,-0.25266667,3,9e-05
2022-07-18,2.0340733,-0.017528225,0.50992593,0.15266667,0.047407407,0.24,0.23,0.23,0.90259259,-0.25266667,3,0
2022-07-19,2.0103257,-0.011674922,0.334,0.226,0.15,0.24,0.23,0.23,0.8,-0.326,3,0.00037388889
2022-07-20,2.0162318,0.002937916,0.334,0.226,0.15,0.24,0.23,0.23,0.8,-0.326,3,0
2022-07-21,2.0270066,0.0053440022,0.334,0.226,0.15,0.24,0.23,0.23,0.8,-0.326,3,0
2022-07-22,2.0456922,0.0092183063,0.382,0.238,0.15,0.18,0.29,0.29,0.8,-0.338,2,9e-05
2022-07-23,2.0510738,0.0026307014,0.382,0.238,0.15,0.18,0.29,0.29,0.8,-0.338,2,0
2022-07-24,2.0471724,-0.0019021299,0.382,0.238,0.15,0.18,0.29,0.29,0.8,-0.338,2,0
2022-07-25,2.0824784,0.017246269,0.382,0.238,0.15,0.18,0.29,0.29,0.8,-0.338,2,0
2022-07-26,2.0857037,0.0015487796,0.55792593,0.16466667,0.047407407,0.18,0.29,0.29,0.90259259,-0.26466667,2,0.00037388889
2022-07-27,2.0670412,-0.0089478557,0.63792593,0.18466667,0.047407407,0.08,0.39,0.39,0.90259259,-0.18466667,1,0.00015
2022-07-28,2.0529482,-0.0068179381,0.414,0.246,0.15,0.14,0.33,0.33,0.8,-0.246,2,0.00042788889
2022-07-29,2.0615804,0.0042048028,0.414,0.246,0.15,0.14,0.33,0.33,0.8,-0.246,2,0
2022-07-30,2.063402,0.0008835815,0.414,0.246,0.15,0.14,0.33,0.33,0.8,-0.246,2,0
2022-07-31,2.0694472,0.0029297086,0.414,0.246,0.15,0.14,0.33,0.33,0.8,-0.246,2,0
2022-08-01,2.0676527,-0.00086715718,0.366,0.234,0.15,0.2,0.27,0.27,0.89,-0.084,3,9e-05
2022-08-02,2.0635329,-0.0019924578,0.462,0.258,0.15,0.08,0.39,0.39,0.8,-0.258,1,0.00018
2022-08-03,2.0815637,0.0087378199,0.35,0.23,0.15,0.22,0.25,0.25,1.01,-0.13,4,0.00021
2022-08-04,2.1016194,0.0096348966,0.462,0.258,0.15,0.08,0.39,0.39,0.8,-0.258,1,0.00021
2022-08-05,2.0804239,-0.010085326,0.398,0.242,0.15,0.16,0.31,0.31,0.92,-0.142,3,0.00012
2022-08-06,2.0857878,0.0025782758,0.462,0.258,0.15,0.08,0.39,0.39,0.8,-0.258,1,0.00012
2022-08-07,2.0806797,-0.0024490026,0.462,0.258,0.15,0.08,0.39,0.39,0.8,-0.258,1,0
2022-08-08,2.080001,-0.00032615276,0.414,0.246,0.15,0.14,0.33,0.33,0.89,-0.096,2,9e-05
2022-08-09,2.0990851,0.0091750072,0.462,0.258,0.15,0.08,0.39,0.39,0.8,-0.258,1,9e-05
2022-08-10,2.1341299,0.016695291,0.35,0.23,0.15,0.22,0.25,0.25,1.01,-0.13,4,0.00021
2022-08-11,2.1303421,-0.0017748679,0.462,0.258,0.15,0.08,0.39,0.39,0.8,-0.258,1,0.00021
2022-08-12,2.1226633,-0.0036044793,0.398,0.242,0.15,0.16,0.31,0.31,0.92,-0.142,3,0.00012
2022-08-13,2.1210628,-0.00075401776,0.462,0.258,0.15,0.08,0.39,0.39,0.8,-0.258,1,0.00012
2022-08-14,2.1230583,0.00094081851,0.462,0.258,0.15,0.08,0.39,0.39,0.8,-0.258,1,0
2022-08-15,2.1185183,-0.0021384364,0.462,0.258,0.15,0.08,0.39,0.39,0.8,-0.258,1,0
2022-08-16,2.1223547,0.0018108719,0.462,0.258,0.15,0.08,0.39,0.39,0.8,-0.258,1,0
2022-08-17,2.1264099,0.0019107191,0.462,0.258,0.15,0.08,0.39,0.39,0.8,-0.258,1,0
2022-08-18,2.123585,-0.0013284859,0.63792593,0.18466667,0.047407407,0.08,0.39,0.39,0.90259259,-0.18466667,1,0.00037388889
2022-08-19,2.1516794,0.01322969,0.57392593,0.16866667,0.047407407,0.16,0.31,0.31,0.90259259,-0.24866667,2,0.00012
2022-08-20,2.148522,-0.0014673852,0.57392593,0.16866667,0.047407407,0.16,0.31,0.31,0.90259259,-0.24866667,2,0
2022-08-21,2.1442507,-0.001988021,0.57392593,0.16866667,0.047407407,0.16,0.31,0.31,0.90259259,-0.24866667,2,0
2022-08-22,2.1401295,-0.0019219914,0.57392593,0.16866667,0.047407407,0.16,0.31,0.31,0.90259259,-0.24866667,2,0
2022-08-23,2.1509176,0.0050408904,0.70192593,0.20066667,0.047407407,0,0.47,0.47,0.90259259,-0.20066667,0,0.00024
2022-08-24,2.1524289,0.00070262372,0.70192593,0.20066667,0.047407407,0,0.47,0.47,0.90259259,-0.20066667,0,0
2022-08-25,2.1537751,0.00062539755,0.70192593,0.20066667,0.047407407,0,0.47,0.47,0.90259259,-0.20066667,0,0
2022-08-26,2.1603499,0.0030527045,0.70192593,0.20066667,0.047407407,0,0.47,0.47,0.90259259,-0.20066667,0,0
2022-08-27,2.165596,0.0024283746,0.70192593,0.20066667,0.047407407,0,0.47,0.47,0.90259259,-0.20066667,0,0
2022-08-28,2.1725437,0.0032081983,0.70192593,0.20066667,0.047407407,0,0.47,0.47,0.90259259,-0.20066667,0,0
2022-08-29,2.1606985,-0.0054522427,0.70192593,0.20066667,0.047407407,0,0.47,0.47,0.90259259,-0.20066667,0,0
2022-08-30,2.1568155,-0.0017970994,0.70192593,0.20066667,0.047407407,0,0.47,0.47,0.90259259,-0.20066667,0,0
2022-08-31,2.1419035,-0.0069138608,0.70192593,0.20066667,0.047407407,0,0.47,0.47,0.90259259,-0.20066667,0,0
2022-09-01,2.1286921,-0.006168094,0.70192593,0.20066667,0.047407407,0,0.47,0.47,0.90259259,-0.20066667,0,0
2022-09-02,2.1465498,0.0083890734,0.63792593,0.18466667,0.047407407,0.08,0.39,0.39,1.0225926,-0.084666667,2,0.00012
2022-09-03,2.151549,0.0023289353,0.70192593,0.20066667,0.047407407,0,0.47,0.47,0.90259259,-0.20066667,0,0.00012
2022-09-04,2.1461226,-0.0025221131,0.70192593,0.20066667,0.047407407,0,0.47,0.47,0.90259259,-0.20066667,0,0
2022-09-05,2.1541756,0.0037523784,0.58992593,0.17266667,0.047407407,0.14,0.33,0.33,0.99259259,-0.022666667,2,0.00021
2022-09-06,2.1621501,0.0037018602,0.63792593,0.18466667,0.047407407,0.08,0.39,0.39,0.90259259,-0.18466667,1,9e-05
2022-09-07,2.1585332,-0.0016728123,0.44592593,0.13666667,0.047407407,0.32,0.15,0.15,1.1125926,-0.13666667,5,0.00036
2022-09-08,2.1537848,-0.0021998223,0.55792593,0.16466667,0.047407407,0.18,0.29,0.29,0.90259259,-0.26466667,2,0.00021
2022-09-09,2.1258834,-0.012954611,0.49392593,0.14866667,0.047407407,0.26,0.21,0.21,1.0225926,-0.14866667,4,0.00012
2022-09-10,2.1224529,-0.0016136884,0.63792593,0.18466667,0.047407407,0.08,0.39,0.39,0.90259259,-0.18466667,1,0.00027
2022-09-11,2.1200624,-0.0011262534,0.63792593,0.18466667,0.047407407,0.08,0.39,0.39,0.90259259,-0.18466667,1,0
2022-09-12,2.1211551,0.00051539191,0.58992593,0.17266667,0.047407407,0.14,0.33,0.33,0.99259259,-0.022666667,2,9e-05
2022-09-13,2.1409893,0.0093506729,0.63792593,0.18466667,0.047407407,0.08,0.39,0.39,0.90259259,-0.18466667,1,9e-05
2022-09-14,2.1343076,-0.0031208831,0.52592593,0.15666667,0.047407407,0.22,0.25,0.25,1.1125926,-0.056666667,4,0.00021
2022-09-15,2.1159022,-0.0086235858,0.63792593,0.18466667,0.047407407,0.08,0.39,0.39,0.90259259,-0.18466667,1,0.00021
2022-09-16,2.1229509,0.0033312964,0.58992593,0.17266667,0.047407407,0.14,0.33,0.33,0.90259259,-0.17266667,2,9e-05
2022-09-17,2.1182668,-0.0022064153,0.58992593,0.17266667,0.047407407,0.14,0.33,0.33,0.90259259,-0.17266667,2,0
2022-09-18,2.130522,0.0057855036,0.58992593,0.17266667,0.047407407,0.14,0.33,0.33,0.90259259,-0.17266667,2,0
2022-09-19,2.1257528,-0.0022385019,0.58992593,0.17266667,0.047407407,0.14,0.33,0.33,0.90259259,-0.17266667,2,0
2022-09-20,2.1306518,0.0023045959,0.58992593,0.17266667,0.047407407,0.14,0.33,0.33,0.90259259,-0.17266667,2,0
2022-09-21,2.1409723,0.0048438145,0.58992593,0.17266667,0.047407407,0.14,0.33,0.33,0.90259259,-0.17266667,2,0
2022-09-22,2.1256106,-0.0071750907,0.58992593,0.17266667,0.047407407,0.14,0.33,0.33,0.90259259,-0.17266667,2,0
2022-09-23,2.1049099,-0.009738717,0.63792593,0.18466667,0.047407407,0.08,0.39,0.39,0.90259259,-0.18466667,1,9e-05
2022-09-24,2.1123815,0.0035496151,0.63792593,0.18466667,0.047407407,0.08,0.39,0.39,0.90259259,-0.18466667,1,0
2022-09-25,2.1114463,-0.00044275867,0.63792593,0.18466667,0.047407407,0.08,0.39,0.39,0.90259259,-0.18466667,1,0
2022-09-26,2.0903885,-0.0099731248,0.63792593,0.18466667,0.047407407,0.08,0.39,0.39,0.90259259,-0.18466667,1,0
2022-09-27,2.0958903,0.0026319344,0.63792593,0.18466667,0.047407407,0.08,0.39,0.39,0.90259259,-0.18466667,1,0
2022-09-28,2.1105729,0.0070054285,0.63792593,0.18466667,0.047407407,0.08,0.39,0.39,0.90259259,-0.18466667,1,0
2022-09-29,2.112749,0.0010310287,0.63792593,0.18466667,0.047407407,0.08,0.39,0.39,0.90259259,-0.18466667,1,0
2022-09-30,2.1169886,0.0020066754,0.63792593,0.18466667,0.047407407,0.08,0.39,0.39,0.90259259,-0.18466667,1,0
2022-10-01,2.1184658,0.00069777987,0.63792593,0.18466667,0.047407407,0.08,0.39,0.39,0.90259259,-0.18466667,1,0
2022-10-02,2.1244682,0.0028334032,0.63792593,0.18466667,0.047407407,0.08,0.39,0.39,0.90259259,-0.18466667,1,0
2022-10-03,2.1481218,0.011133861,0.58992593,0.17266667,0.047407407,0.14,0.33,0.33,0.99259259,-0.022666667,2,9e-05
2022-10-04,2.1530598,0.0022987573,0.63792593,0.18466667,0.047407407,0.08,0.39,0.39,0.90259259,-0.18466667,1,9e-05
2022-10-05,2.1392852,-0.0063976883,0.52592593,0.15666667,0.047407407,0.22,0.25,0.25,1.1125926,-0.056666667,4,0.00021
2022-10-06,2.1379823,-0.00060905017,0.63792593,0.18466667,0.047407407,0.08,0.39,0.39,0.90259259,-0.18466667,1,0.00021
2022-10-07,2.1330742,-0.0022956365,0.398,0.242,0.15,0.16,0.31,0.31,0.92,-0.142,3,0.00044588889
2022-10-08,2.1328116,-0.00012311564,0.63792593,0.18466667,0.047407407,0.08,0.39,0.39,0.90259259,-0.18466667,1,0.00044588889
2022-10-09,2.1332134,0.00018840931,0.63792593,0.18466667,0.047407407,0.08,0.39,0.39,0.90259259,-0.18466667,1,0
2022-10-10,2.1175602,-0.0073378532,0.58992593,0.17266667,0.047407407,0.14,0.33,0.33,0.99259259,-0.022666667,2,9e-05
2022-10-11,2.1164636,-0.00051789185,0.63792593,0.18466667,0.047407407,0.08,0.39,0.39,0.90259259,-0.18466667,1,9e-05
2022-10-12,2.1234868,0.0033183753,0.52592593,0.15666667,0.047407407,0.22,0.25,0.25,1.1125926,-0.056666667,4,0.00021
2022-10-13,2.1128976,-0.0049866823,0.63792593,0.18466667,0.047407407,0.08,0.39,0.39,0.90259259,-0.18466667,1,0.00021
2022-10-14,2.0988872,-0.0066309134,0.57392593,0.16866667,0.047407407,0.16,0.31,0.31,1.0225926,-0.068666667,3,0.00012
2022-10-15,2.100841,0.00093088693,0.63792593,0.18466667,0.047407407,0.08,0.39,0.39,0.90259259,-0.18466667,1,0.00012
2022-10-16,2.1001993,-0.00030547667,0.63792593,0.18466667,0.047407407,0.08,0.39,0.39,0.90259259,-0.18466667,1,0
2022-10-17,2.0977195,-0.0011807393,0.63792593,0.18466667,0.047407407,0.08,0.39,0.39,0.90259259,-0.18466667,1,0
2022-10-18,2.102188,0.0021301597,0.63792593,0.18466667,0.047407407,0.08,0.39,0.39,0.90259259,-0.18466667,1,0
2022-10-19,2.0859516,-0.0077235672,0.63792593,0.18466667,0.047407407,0.08,0.39,0.39,0.90259259,-0.18466667,1,0
2022-10-20,2.0876453,0.00081198701,0.63792593,0.18466667,0.047407407,0.08,0.39,0.39,0.90259259,-0.18466667,1,0
2022-10-21,2.1060474,0.0088147468,0.57392593,0.16866667,0.047407407,0.16,0.31,0.31,0.90259259,-0.24866667,2,0.00012
2022-10-22,2.105606,-0.000209604,0.57392593,0.16866667,0.047407407,0.16,0.31,0.31,0.90259259,-0.24866667,2,0
2022-10-23,2.1020601,-0.0016840194,0.57392593,0.16866667,0.047407407,0.16,0.31,0.31,0.90259259,-0.24866667,2,0
2022-10-24,2.0967102,-0.0025450432,0.52592593,0.15666667,0.047407407,0.22,0.25,0.25,0.90259259,-0.23666667,3,9e-05
2022-10-25,2.0840063,-0.0060589903,0.58992593,0.17266667,0.047407407,0.14,0.33,0.33,0.90259259,-0.17266667,2,0.00012
2022-10-26,2.0724543,-0.0055431464,0.414,0.246,0.15,0.14,0.33,0.33,0.8,-0.246,2,0.00037388889
2022-10-27,2.0799431,0.0036134809,0.414,0.246,0.15,0.14,0.33,0.33,0.8,-0.246,2,0
2022-10-28,2.0624928,-0.0083898002,0.414,0.246,0.15,0.14,0.33,0.33,0.8,-0.246,2,0
2022-10-29,2.0555711,-0.0033560105,0.414,0.246,0.15,0.14,0.33,0.33,0.8,-0.246,2,0
2022-10-30,2.0600726,0.0021899106,0.462,0.258,0.15,0.08,0.39,0.39,0.8,-0.258,1,9e-05
2022-10-31,2.0572464,-0.0013719087,0.462,0.258,0.15,0.08,0.39,0.39,0.8,-0.258,1,0
2022-11-01,2.063892,0.0032303757,0.462,0.258,0.15,0.08,0.39,0.39,0.8,-0.258,1,0
2022-11-02,2.0516038,-0.0059539012,0.35,0.23,0.15,0.22,0.25,0.25,1.01,-0.13,4,0.00021
2022-11-03,2.0479451,-0.0017833257,0.63792593,0.18466667,0.047407407,0.08,0.39,0.39,0.90259259,-0.18466667,1,0.00049988889
2022-11-04,2.0769109,0.014143809,0.57392593,0.16866667,0.047407407,0.16,0.31,0.31,1.0225926,-0.068666667,3,0.00012
2022-11-05,2.0739682,-0.0014168511,0.63792593,0.18466667,0.047407407,0.08,0.39,0.39,0.90259259,-0.18466667,1,0.00012
2022-11-06,2.0797175,0.0027721256,0.462,0.258,0.15,0.08,0.39,0.39,0.8,-0.258,1,0.00037388889
2022-11-07,2.085023,0.0025510703,0.414,0.246,0.15,0.14,0.33,0.33,0.89,-0.096,2,9e-05
2022-11-08,2.1591063,0.035531156,0.462,0.258,0.15,0.08,0.39,0.39,0.8,-0.258,1,9e-05
2022-11-09,2.1476567,-0.0053029458,0.52592593,0.15666667,0.047407407,0.22,0.25,0.25,1.1125926,-0.056666667,4,0.00024788889
2022-11-10,2.1453419,-0.001077821,0.63792593,0.18466667,0.047407407,0.08,0.39,0.39,0.90259259,-0.18466667,1,0.00021
2022-11-11,2.1840722,0.018053197,0.49392593,0.14866667,0.047407407,0.26,0.21,0.21,0.90259259,-0.20866667,4,0.00027
2022-11-12,2.1584733,-0.011720722,0.62192593,0.18066667,0.047407407,0.1,0.37,0.37,0.90259259,-0.28066667,1,0.00024
2022-11-13,2.1812805,0.010566368,0.62192593,0.18066667,0.047407407,0.1,0.37,0.37,0.90259259,-0.28066667,1,0
2022-11-14,2.1807539,-0.00024141446,0.57392593,0.16866667,0.047407407,0.16,0.31,0.31,0.90259259,-0.20866667,2,9e-05
2022-11-15,2.1911774,0.0047797627,0.62192593,0.18066667,0.047407407,0.1,0.37,0.37,0.90259259,-0.28066667,1,9e-05
2022-11-16,2.1936969,0.001149864,0.62192593,0.18066667,0.047407407,0.1,0.37,0.37,0.90259259,-0.28066667,1,0
2022-11-17,2.1856543,-0.0036662522,0.62192593,0.18066667,0.047407407,0.1,0.37,0.37,0.90259259,-0.28066667,1,0
2022-11-18,2.1729972,-0.005790992,0.62192593,0.18066667,0.047407407,0.1,0.37,0.37,0.90259259,-0.28066667,1,0
2022-11-19,2.1776575,0.0021446703,0.62192593,0.18066667,0.047407407,0.1,0.37,0.37,0.90259259,-0.28066667,1,0
2022-11-20,2.1946066,0.0077831462,0.62192593,0.18066667,0.047407407,0.1,0.37,0.37,0.90259259,-0.28066667,1,0
2022-11-21,2.2033501,0.0039841204,0.62192593,0.18066667,0.047407407,0.1,0.37,0.37,0.90259259,-0.28066667,1,0
2022-11-22,2.1866877,-0.0075623367,0.62192593,0.18066667,0.047407407,0.1,0.37,0.37,0.90259259,-0.28066667,1,0
2022-11-23,2.1779522,-0.0039948467,0.62192593,0.18066667,0.047407407,0.1,0.37,0.37,0.90259259,-0.28066667,1,0
2022-11-24,2.1797865,0.00084220718,0.55792593,0.16466667,0.047407407,0.18,0.29,0.29,0.90259259,-0.26466667,2,0.00012
2022-11-25,2.1838664,0.0018717172,0.55792593,0.16466667,0.047407407,0.18,0.29,0.29,0.90259259,-0.26466667,2,0
2022-11-26,2.1854136,0.00070846192,0.55792593,0.16466667,0.047407407,0.18,0.29,0.29,0.90259259,-0.26466667,2,0
2022-11-27,2.1857774,0.00016648702,0.55792593,0.16466667,0.047407407,0.18,0.29,0.29,0.90259259,-0.26466667,2,0
2022-11-28,2.1885088,0.0012496001,0.55792593,0.16466667,0.047407407,0.18,0.29,0.29,0.90259259,-0.26466667,2,0
2022-11-29,2.1810334,-0.0034157386,0.55792593,0.16466667,0.047407407,0.18,0.29,0.29,0.90259259,-0.26466667,2,0
2022-11-30,2.1711351,-0.0045383827,0.55792593,0.16466667,0.047407407,0.18,0.29,0.29,0.90259259,-0.26466667,2,0
2022-12-01,2.1966314,0.011743328,0.55792593,0.16466667,0.047407407,0.18,0.29,0.29,0.90259259,-0.26466667,2,0
2022-12-02,2.1902838,-0.0028897242,0.49392593,0.14866667,0.047407407,0.26,0.21,0.21,0.90259259,-0.20866667,4,0.00012
2022-12-03,2.1971032,0.0031135172,0.55792593,0.16466667,0.047407407,0.18,0.29,0.29,0.90259259,-0.26466667,2,0.00012
2022-12-04,2.1922951,-0.0021884182,0.55792593,0.16466667,0.047407407,0.18,0.29,0.29,0.90259259,-0.26466667,2,0
2022-12-05,2.1824006,-0.0045132813,0.50992593,0.15266667,0.047407407,0.24,0.23,0.23,0.90259259,-0.19266667,3,9e-05
2022-12-06,2.1794307,-0.0013608436,0.55792593,0.16466667,0.047407407,0.18,0.29,0.29,0.90259259,-0.26466667,2,9e-05
2022-12-07,2.1890328,0.0044057841,0.44592593,0.13666667,0.047407407,0.32,0.15,0.15,0.90259259,-0.19666667,5,0.00021
2022-12-08,2.1752578,-0.006292752,0.55792593,0.16466667,0.047407407,0.18,0.29,0.29,0.90259259,-0.26466667,2,0.00021
2022-12-09,2.1788059,0.0016311498,0.49392593,0.14866667,0.047407407,0.26,0.21,0.21,1.0225926,-0.14866667,4,0.00012
2022-12-10,2.1768371,-0.00090364808,0.382,0.238,0.15,0.18,0.29,0.29,0.8,-0.338,2,0.00030188889
2022-12-11,2.180857,0.0018466981,0.55792593,0.16466667,0.047407407,0.18,0.29,0.29,0.90259259,-0.26466667,2,0.00037388889
2022-12-12,2.1662716,-0.0066879415,0.50992593,0.15266667,0.047407407,0.24,0.23,0.23,0.99259259,-0.10266667,3,9e-05
2022-12-13,2.168368,0.00096776479,0.55792593,0.16466667,0.047407407,0.18,0.29,0.29,0.90259259,-0.26466667,2,9e-05
2022-12-14,2.1634048,-0.0022889071,0.27,0.21,0.15,0.32,0.15,0.15,1.01,-0.21,5,0.00049988889
2022-12-15,2.1767954,0.006189584,0.382,0.238,0.15,0.18,0.29,0.29,0.8,-0.338,2,0.00021
2022-12-16,2.206147,0.013483863,0.55792593,0.16466667,0.047407407,0.18,0.29,0.29,0.90259259,-0.26466667,2,0.00037388889
2022-12-17,2.201807,-0.0019672289,0.55792593,0.16466667,0.047407407,0.18,0.29,0.29,0.90259259,-0.26466667,2,0
2022-12-18,2.201126,-0.00030930595,0.55792593,0.16466667,0.047407407,0.18,0.29,0.29,0.90259259,-0.26466667,2,0
2022-12-19,2.2108983,0.0044396731,0.55792593,0.16466667,0.047407407,0.18,0.29,0.29,0.90259259,-0.26466667,2,0
2022-12-20,2.2049606,-0.0026856176,0.55792593,0.16466667,0.047407407,0.18,0.29,0.29,0.90259259,-0.26466667,2,0
2022-12-21,2.208591,0.0016464318,0.55792593,0.16466667,0.047407407,0.18,0.29,0.29,0.90259259,-0.26466667,2,0
2022-12-22,2.1968986,-0.005294049,0.462,0.258,0.15,0.08,0.39,0.39,0.8,-0.258,1,0.00028388889
2022-12-23,2.2057631,0.0040350123,0.63792593,0.18466667,0.047407407,0.08,0.39,0.39,0.90259259,-0.18466667,1,0.00037388889
2022-12-24,2.2012962,-0.0020251064,0.63792593,0.18466667,0.047407407,0.08,0.39,0.39,0.90259259,-0.18466667,1,0
2022-12-25,2.1998554,-0.00065449215,0.63792593,0.18466667,0.047407407,0.08,0.39,0.39,0.90259259,-0.18466667,1,0
2022-12-26,2.1977624,-0.00095146098,0.63792593,0.18466667,0.047407407,0.08,0.39,0.39,0.90259259,-0.18466667,1,0
2022-12-27,2.2145878,0.0076557269,0.63792593,0.18466667,0.047407407,0.08,0.39,0.39,0.90259259,-0.18466667,1,0
2022-12-28,2.2138511,-0.00033266216,0.63792593,0.18466667,0.047407407,0.08,0.39,0.39,0.90259259,-0.18466667,1,0
2022-12-29,2.2164686,0.0011823107,0.63792593,0.18466667,0.047407407,0.08,0.39,0.39,0.90259259,-0.18466667,1,0
2022-12-30,2.222621,0.0027757652,0.63792593,0.18466667,0.047407407,0.08,0.39,0.39,0.90259259,-0.18466667,1,0
2022-12-31,2.2242943,0.00075285158,0.63792593,0.18466667,0.047407407,0.08,0.39,0.39,0.90259259,-0.18466667,1,0
2023-01-01,2.2240541,-0.00010799025,0.63792593,0.18466667,0.047407407,0.08,0.39,0.39,0.90259259,-0.18466667,1,0
2023-01-02,2.2227026,-0.00060765789,0.58992593,0.17266667,0.047407407,0.14,0.33,0.33,0.99259259,-0.022666667,2,9e-05
2023-01-03,2.2364972,0.0062062242,0.63792593,0.18466667,0.047407407,0.08,0.39,0.39,0.90259259,-0.18466667,1,9e-05
2023-01-04,2.2507745,0.0063837861,0.52592593,0.15666667,0.047407407,0.22,0.25,0.25,1.1125926,-0.056666667,4,0.00021
2023-01-05,2.2386816,-0.0053727844,0.58992593,0.17266667,0.047407407,0.14,0.33,0.33,0.90259259,-0.17266667,2,0.00012
2023-01-06,2.2457378,0.0031519222,0.52592593,0.15666667,0.047407407,0.22,0.25,0.25,1.0225926,-0.056666667,4,0.00012
2023-01-07,2.2503815,0.0020677819,0.58992593,0.17266667,0.047407407,0.14,0.33,0.33,0.90259259,-0.17266667,2,0.00012
2023-01-08,2.2445813,-0.0025774059,0.58992593,0.17266667,0.047407407,0.14,0.33,0.33,0.90259259,-0.17266667,2,0
2023-01-09,2.2483368,0.0016731411,0.54192593,0.16066667,0.047407407,0.2,0.27,0.27,0.99259259,-0.010666667,3,9e-05
2023-01-10,2.2443655,-0.0017663204,0.58992593,0.17266667,0.047407407,0.14,0.33,0.33,0.90259259,-0.17266667,2,9e-05
2023-01-11,2.2390671,-0.0023607516,0.52592593,0.15666667,0.047407407,0.22,0.25,0.25,1.1125926,-0.056666667,4,0.00012
2023-01-12,2.2272478,-0.0052786839,0.58992593,0.17266667,0.047407407,0.14,0.33,0.33,0.90259259,-0.17266667,2,0.00012
2023-01-13,2.1994287,-0.012490368,0.35,0.23,0.15,0.22,0.25,0.25,0.92,-0.13,4,0.00044588889
2023-01-14,2.1826543,-0.0076266701,0.334,0.226,0.15,0.24,0.23,0.23,0.8,-0.126,3,3e-05
2023-01-15,2.1885085,0.0026821171,0.334,0.226,0.15,0.24,0.23,0.23,0.8,-0.126,3,0
2023-01-16,2.1776974,-0.0049399421,0.382,0.238,0.15,0.18,0.29,0.29,0.8,-0.138,2,9e-05
2023-01-17,2.1793883,0.0007764776,0.382,0.238,0.15,0.18,0.29,0.29,0.8,-0.138,2,0
2023-01-18,2.1855438,0.0028244221,0.382,0.238,0.15,0.18,0.29,0.29,0.8,-0.138,2,0
2023-01-19,2.1927074,0.0032776936,0.382,0.238,0.15,0.18,0.29,0.29,0.8,-0.138,2,0
2023-01-20,2.1650762,-0.012601407,0.382,0.238,0.15,0.18,0.29,0.29,0.8,-0.138,2,0
2023-01-21,2.1631963,-0.00086826969,0.382,0.238,0.15,0.18,0.29,0.29,0.8,-0.138,2,0
2023-01-22,2.1651428,0.00089982154,0.382,0.238,0.15,0.18,0.29,0.29,0.8,-0.138,2,0
2023-01-23,2.1633534,-0.00082645097,0.382,0.238,0.15,0.18,0.29,0.29,0.8,-0.138,2,0
2023-01-24,2.1662692,0.0013477917,0.382,0.238,0.15,0.18,0.29,0.29,0.8,-0.138,2,0
2023-01-25,2.166344,3.4570211e-05,0.382,0.238,0.15,0.18,0.29,0.29,0.8,-0.138,2,0
2023-01-26,2.1666655,0.0001484068,0.382,0.238,0.15,0.18,0.29,0.29,0.8,-0.138,2,0
2023-01-27,2.1641889,-0.0011430746,0.382,0.238,0.15,0.18,0.29,0.29,0.8,-0.138,2,0
2023-01-28,2.1649438,0.00034880408,0.382,0.238,0.15,0.18,0.29,0.29,0.8,-0.138,2,0
2023-01-29,2.1867015,0.010050039,0.382,0.238,0.15,0.18,0.29,0.29,0.8,0.338,2,0
2023-01-30,2.1504142,-0.016594528,0.382,0.238,0.15,0.18,0.29,0.29,0.8,0.338,2,0
2023-01-31,2.160888,0.0048705617,0.382,0.238,0.15,0.18,0.29,0.29,0.8,0.338,2,0
2023-02-01,2.1857553,0.011507941,0.27,0.21,0.15,0.32,0.15,0.15,1.01,0.41,5,0.00021
2023-02-02,2.17344,-0.0056343533,0.382,0.238,0.15,0.18,0.29,0.29,0.8,0.338,2,0.00021
2023-02-03,2.1550955,-0.0084403003,0.318,0.222,0.15,0.26,0.21,0.21,0.92,0.422,4,0.00012
2023-02-04,2.1472534,-0.0036389027,0.382,0.238,0.15,0.18,0.29,0.29,0.8,0.338,2,0.00012
2023-02-05,2.1342013,-0.0060784812,0.382,0.238,0.15,0.18,0.29,0.29,0.8,0.338,2,0
2023-02-06,2.1363374,0.0010008798,0.334,0.226,0.15,0.24,0.23,0.23,0.89,0.476,3,9e-05
2023-02-07,2.1483348,0.0056158781,0.382,0.238,0.15,0.18,0.29,0.29,0.8,0.338,2,9e-05
2023-02-08,2.1347905,-0.0063045425,0.27,0.21,0.15,0.32,0.15,0.15,1.01,0.41,5,0.00021
2023-02-09,2.0911927,-0.020422514,0.382,0.238,0.15,0.18,0.29,0.29,0.8,0.338,2,0.00021
2023-02-10,2.076588,-0.0069839141,0.318,0.222,0.15,0.26,0.21,0.21,0.92,0.422,4,0.00012
2023-02-11,2.0867156,0.0048770443,0.382,0.238,0.15,0.18,0.29,0.29,0.8,0.338,2,0.00012
2023-02-12,2.082489,-0.0020255005,0.382,0.238,0.15,0.18,0.29,0.29,0.8,0.338,2,0
2023-02-13,2.0690071,-0.0064739438,0.334,0.226,0.15,0.24,0.23,0.23,0.89,0.476,3,9e-05
2023-02-14,2.0954908,0.012800216,0.55792593,0.16466667,0.047407407,0.18,0.29,0.29,0.90259259,0.26466667,2,0.00042788889
2023-02-15,2.1590456,0.030329317,0.382,0.238,0.15,0.18,0.29,0.29,0.8,0.338,2,0.00037388889
2023-02-16,2.1327062,-0.012199557,0.382,0.238,0.15,0.18,0.29,0.29,0.8,0.338,2,0
2023-02-17,2.1623612,0.013904875,0.382,0.238,0.15,0.18,0.29,0.29,0.8,0.338,2,0
2023-02-18,2.1679333,0.0025768209,0.382,0.238,0.15,0.18,0.29,0.29,0.8,0.338,2,0
2023-02-19,2.1568516,-0.0051116391,0.382,0.238,0.15,0.18,0.29,0.29,0.8,0.338,2,0
2023-02-20,2.171359,0.006726227,0.382,0.238,0.15,0.18,0.29,0.29,0.8,0.338,2,0
2023-02-21,2.1580968,-0.0061078089,0.382,0.238,0.15,0.18,0.29,0.29,0.8,0.338,2,0
2023-02-22,2.1496762,-0.0039018729,0.382,0.238,0.15,0.18,0.29,0.29,0.8,0.338,2,0
2023-02-23,2.1438298,-0.0027196788,0.382,0.238,0.15,0.18,0.29,0.29,0.8,0.338,2,0
2023-02-24,2.1147216,-0.013577655,0.382,0.238,0.15,0.18,0.29,0.29,0.8,0.338,2,0
2023-02-25,2.1086753,-0.0028591488,0.55792593,0.16466667,0.047407407,0.18,0.29,0.29,0.90259259,0.26466667,2,0.00037388889
2023-02-26,2.1202696,0.0054983777,0.55792593,0.16466667,0.047407407,0.18,0.29,0.29,0.90259259,0.26466667,2,0
2023-02-27,2.1247408,0.0021087877,0.55792593,0.16466667,0.047407407,0.18,0.29,0.29,0.90259259,0.26466667,2,0
2023-02-28,2.1190075,-0.0026983542,0.55792593,0.16466667,0.047407407,0.18,0.29,0.29,0.90259259,0.26466667,2,0
2023-03-01,2.1406227,0.010200658,0.44592593,0.13666667,0.047407407,0.32,0.15,0.15,1.1125926,0.33666667,5,0.00021
2023-03-02,2.1395802,-0.00048702928,0.55792593,0.16466667,0.047407407,0.18,0.29,0.29,0.90259259,0.26466667,2,0.00021
2023-03-03,2.1238728,-0.0073413193,0.42992593,0.13266667,0.047407407,0.34,0.13,0.13,1.0225926,0.25266667,5,0.00024
2023-03-04,2.1287036,0.0022745045,0.49392593,0.14866667,0.047407407,0.26,0.21,0.21,0.90259259,0.16866667,3,0.00012
2023-03-05,2.1279888,-0.0003357958,0.49392593,0.14866667,0.047407407,0.26,0.21,0.21,0.90259259,0.16866667,3,0
2023-03-06,2.1213386,-0.0031251159,0.44592593,0.13666667,0.047407407,0.32,0.15,0.15,0.99259259,0.30666667,4,9e-05
2023-03-07,2.0981625,-0.010925205,0.55792593,0.16466667,0.047407407,0.18,0.29,0.29,0.90259259,0.26466667,2,0.00021
2023-03-08,2.083468,-0.0070034956,0.44592593,0.13666667,0.047407407,0.32,0.15,0.15,1.1125926,0.33666667,5,0.00021
2023-03-09,2.0584512,-0.012007332,0.55792593,0.16466667,0.047407407,0.18,0.29,0.29,0.90259259,0.26466667,2,0.00021
2023-03-10,2.0879116,0.014311959,0.57392593,0.16866667,0.047407407,0.16,0.31,0.31,1.0225926,0.26866667,3,3e-05
2023-03-11,2.1142715,0.012625007,0.63792593,0.18466667,0.047407407,0.08,0.39,0.39,0.90259259,0.18466667,1,0.00012
2023-03-12,2.1529937,0.018314686,0.63792593,0.18466667,0.047407407,0.08,0.39,0.39,0.90259259,0.18466667,1,0
2023-03-13,2.2255114,0.033682238,0.58992593,0.17266667,0.047407407,0.14,0.33,0.33,0.99259259,0.32266667,2,9e-05
2023-03-14,2.2296314,0.0018512582,0.462,0.258,0.15,0.08,0.39,0.39,0.8,0.258,1,0.00031988889
2023-03-15,2.2310709,0.00064564836,0.462,0.258,0.15,0.08,0.39,0.39,0.8,0.258,1,0
2023-03-16,2.2394917,0.0037743107,0.462,0.258,0.15,0.08,0.39,0.39,0.8,0.258,1,0
2023-03-17,2.3231542,0.037357821,0.462,0.258,0.15,0.08,0.39,0.39,0.8,0.258,1,0
2023-03-18,2.3131712,-0.0042971901,0.398,0.242,0.15,0.16,0.31,0.31,0.8,0.322,2,0.00012
2023-03-19,2.3373099,0.010435313,0.398,0.242,0.15,0.16,0.31,0.31,0.8,0.322,2,0
2023-03-20,2.3364799,-0.00035510268,0.398,0.242,0.15,0.16,0.31,0.31,0.8,0.322,2,0
2023-03-21,2.3268824,-0.0041076624,0.398,0.242,0.15,0.16,0.31,0.31,0.8,0.322,2,0
2023-03-22,2.3244282,-0.0010547036,0.462,0.258,0.15,0.08,0.39,0.39,0.8,0.258,1,0.00012
2023-03-23,2.3567164,0.013890779,0.462,0.258,0.15,0.08,0.39,0.39,0.8,0.258,1,0
2023-03-24,2.3360066,-0.0087875464,0.462,0.258,0.15,0.08,0.39,0.39,0.8,0.258,1,0
2023-03-25,2.342753,0.0028879945,0.462,0.258,0.15,0.08,0.39,0.39,0.8,0.258,1,0
2023-03-26,2.3490334,0.0026808018,0.462,0.258,0.15,0.08,0.39,0.39,0.8,0.258,1,0
2023-03-27,2.3259003,-0.0098479329,0.462,0.258,0.15,0.08,0.39,0.39,0.8,0.258,1,0
2023-03-28,2.3316778,0.0024839788,0.462,0.258,0.15,0.08,0.39,0.39,0.8,0.258,1,0
2023-03-29,2.3541299,0.0096291731,0.462,0.258,0.15,0.08,0.39,0.39,0.8,0.258,1,0
2023-03-30,2.3478858,-0.0026524156,0.462,0.258,0.15,0.08,0.39,0.39,0.8,0.258,1,0
2023-03-31,2.3535617,0.0024174722,0.462,0.258,0.15,0.08,0.39,0.39,0.8,0.258,1,0
2023-04-01,2.3533853,-7.4963517e-05,0.462,0.258,0.15,0.08,0.39,0.39,0.8,0.258,1,0
2023-04-02,2.3452596,-0.0034527832,0.462,0.258,0.15,0.08,0.39,0.39,0.8,0.258,1,0
2023-04-03,2.3472568,0.00085159558,0.414,0.246,0.15,0.14,0.33,0.33,0.89,0.396,2,9e-05
2023-04-04,2.3763355,0.012388375,0.462,0.258,0.15,0.08,0.39,0.39,0.8,0.258,1,9e-05
2023-04-05,2.3837921,0.0031378614,0.35,0.23,0.15,0.22,0.25,0.25,1.01,0.33,4,0.00021
2023-04-06,2.372766,-0.0046254367,0.462,0.258,0.15,0.08,0.39,0.39,0.8,0.258,1,0.00021
2023-04-07,2.3670393,-0.0024135377,0.398,0.242,0.15,0.16,0.31,0.31,0.92,0.342,3,0.00012
2023-04-08,2.3664202,-0.00026153747,0.462,0.258,0.15,0.08,0.39,0.39,0.8,0.258,1,0.00012
2023-04-09,2.375421,0.0038035657,0.462,0.258,0.15,0.08,0.39,0.39,0.8,0.258,1,0
2023-04-10,2.4056155,0.012711209,0.414,0.246,0.15,0.14,0.33,0.33,0.89,0.396,2,9e-05
2023-04-11,2.426716,0.0087713436,0.462,0.258,0.15,0.08,0.39,0.39,0.8,0.258,1,9e-05
2023-04-12,2.4264247,-0.00012003338,0.35,0.23,0.15,0.22,0.25,0.25,1.01,0.33,4,0.00021
2023-04-13,2.4461351,0.0081232457,0.462,0.258,0.15,0.08,0.39,0.39,0.8,0.258,1,0.00021
2023-04-14,2.4334269,-0.0051952457,0.398,0.242,0.15,0.16,0.31,0.31,0.92,0.342,3,0.00012
2023-04-15,2.430218,-0.0013186724,0.462,0.258,0.15,0.08,0.39,0.39,0.8,0.258,1,0.00012
2023-04-16,2.4316224,0.00057790206,0.462,0.258,0.15,0.08,0.39,0.39,0.8,0.258,1,0
2023-04-17,2.4102743,-0.0087793715,0.462,0.258,0.15,0.08,0.39,0.39,0.8,0.258,1,0
2023-04-18,2.4304027,0.0083510752,0.462,0.258,0.15,0.08,0.39,0.39,0.8,0.258,1,0
2023-04-19,2.3927801,-0.015479989,0.462,0.258,0.15,0.08,0.39,0.39,0.8,0.258,1,0
2023-04-20,2.3864886,-0.0026293359,0.63792593,0.18466667,0.047407407,0.08,0.39,0.39,0.90259259,0.18466667,1,0.00037388889
2023-04-21,2.3538004,-0.0136972,0.63792593,0.18466667,0.047407407,0.08,0.39,0.39,0.90259259,0.18466667,1,0
2023-04-22,2.3619244,0.0034514422,0.63792593,0.18466667,0.047407407,0.08,0.39,0.39,0.90259259,0.18466667,1,0
2023-04-23,2.3614426,-0.00020400199,0.63792593,0.18466667,0.047407407,0.08,0.39,0.39,0.90259259,0.18466667,1,0
2023-04-24,2.3670397,0.0023702065,0.63792593,0.18466667,0.047407407,0.08,0.39,0.39,0.90259259,0.18466667,1,0
2023-04-25,2.3849357,0.0075605032,0.63792593,0.18466667,0.047407407,0.08,0.39,0.39,0.90259259,0.18466667,1,0
2023-04-26,2.375367,-0.0040121289,0.63792593,0.18466667,0.047407407,0.08,0.39,0.39,0.90259259,0.18466667,1,0
2023-04-27,2.3902014,0.0062450627,0.63792593,0.18466667,0.047407407,0.08,0.39,0.39,0.90259259,0.18466667,1,0
2023-04-28,2.3865797,-0.0015152228,0.462,0.258,0.15,0.08,0.39,0.39,0.8,0.258,1,0.00037388889
2023-04-29,2.3929343,0.0026626621,0.63792593,0.18466667,0.047407407,0.08,0.39,0.39,0.90259259,0.18466667,1,0.00037388889
2023-04-30,2.3937768,0.00035208299,0.63792593,0.18466667,0.047407407,0.08,0.39,0.39,0.90259259,0.18466667,1,0
2023-05-01,2.3711419,-0.0094557355,0.58992593,0.17266667,0.047407407,0.14,0.33,0.33,0.99259259,0.32266667,2,9e-05
2023-05-02,2.3947475,0.009955372,0.63792593,0.18466667,0.047407407,0.08,0.39,0.39,0.90259259,0.18466667,1,9e-05
2023-05-03,2.4143951,0.0082044517,0.52592593,0.15666667,0.047407407,0.22,0.25,0.25,1.1125926,0.25666667,4,0.00021
2023-05-04,2.4148274,0.00017905381,0.63792593,0.18466667,0.047407407,0.08,0.39,0.39,0.90259259,0.18466667,1,0.00021
2023-05-05,2.4066497,-0.003386469,0.57392593,0.16866667,0.047407407,0.16,0.31,0.31,1.0225926,0.26866667,3,0.00012
2023-05-06,2.3980505,-0.0035730987,0.63792593,0.18466667,0.047407407,0.08,0.39,0.39,0.90259259,0.18466667,1,0.00012
2023-05-07,2.3878859,-0.0042386915,0.63792593,0.18466667,0.047407407,0.08,0.39,0.39,0.90259259,0.18466667,1,0
2023-05-08,2.3745466,-0.0055862283,0.58992593,0.17266667,0.047407407,0.14,0.33,0.33,0.99259259,0.32266667,2,9e-05
2023-05-09,2.3834462,0.003747926,0.63792593,0.18466667,0.047407407,0.08,0.39,0.39,0.90259259,0.18466667,1,9e-05
2023-05-10,2.3914473,0.0033569242,0.52592593,0.15666667,0.047407407,0.22,0.25,0.25,1.1125926,0.25666667,4,0.00021
2023-05-11,2.3667129,-0.010342842,0.63792593,0.18466667,0.047407407,0.08,0.39,0.39,0.90259259,0.18466667,1,0.00021
2023-05-12,2.3633624,-0.0014156863,0.57392593,0.16866667,0.047407407,0.16,0.31,0.31,1.0225926,0.26866667,3,0.00012
2023-05-13,2.3590639,-0.0018187893,0.63792593,0.18466667,0.047407407,0.08,0.39,0.39,0.90259259,0.18466667,1,0.00012
2023-05-14,2.3606624,0.00067757281,0.63792593,0.18466667,0.047407407,0.08,0.39,0.39,0.90259259,0.18466667,1,0
2023-05-15,2.3638934,0.0013687046,0.63792593,0.18466667,0.047407407,0.08,0.39,0.39,0.90259259,0.18466667,1,0
2023-05-16,2.345429,-0.007811017,0.63792593,0.18466667,0.047407407,0.08,0.39,0.39,0.90259259,0.18466667,1,0
2023-05-17,2.3514348,0.0025606413,0.63792593,0.18466667,0.047407407,0.08,0.39,0.39,0.90259259,0.18466667,1,0
2023-05-18,2.3302115,-0.009025708,0.63792593,0.18466667,0.047407407,0.08,0.39,0.39,0.90259259,0.18466667,1,0
2023-05-19,2.3447108,0.0062223384,0.63792593,0.18466667,0.047407407,0.08,0.39,0.39,0.90259259,0.18466667,1,0
2023-05-20,2.3453187,0.00025926398,0.63792593,0.18466667,0.047407407,0.08,0.39,0.39,0.90259259,0.18466667,1,0
2023-05-21,2.3366928,-0.003677914,0.63792593,0.18466667,0.047407407,0.08,0.39,0.39,0.90259259,0.18466667,1,0
2023-05-22,2.3316123,-0.0021742612,0.63792593,0.18466667,0.047407407,0.08,0.39,0.39,0.90259259,0.18466667,1,0
2023-05-23,2.3413754,0.0041872819,0.63792593,0.18466667,0.047407407,0.08,0.39,0.39,0.90259259,0.18466667,1,0
2023-05-24,2.3167371,-0.010523007,0.63792593,0.18466667,0.047407407,0.08,0.39,0.39,0.90259259,0.18466667,1,0
2023-05-25,2.3139007,-0.0012242811,0.63792593,0.18466667,0.047407407,0.08,0.39,0.39,0.90259259,0.18466667,1,0
2023-05-26,2.3162017,0.00099441687,0.63792593,0.18466667,0.047407407,0.08,0.39,0.39,0.90259259,0.18466667,1,0
2023-05-27,2.3201387,0.001699748,0.63792593,0.18466667,0.047407407,0.08,0.39,0.39,0.90259259,0.18466667,1,0
2023-05-28,2.3380158,0.0077052129,0.63792593,0.18466667,0.047407407,0.08,0.39,0.39,0.90259259,0.18466667,1,0
2023-05-29,2.3298816,-0.0034791295,0.58992593,0.17266667,0.047407407,0.14,0.33,0.33,0.90259259,0.17266667,2,9e-05
2023-05-30,2.3365174,0.002848126,0.58992593,0.17266667,0.047407407,0.14,0.33,0.33,0.90259259,0.17266667,2,0
2023-05-31,2.3289804,-0.0032257253,0.58992593,0.17266667,0.047407407,0.14,0.33,0.33,0.90259259,0.17266667,2,0
2023-06-01,2.3315344,0.0010965998,0.58992593,0.17266667,0.047407407,0.14,0.33,0.33,0.90259259,0.17266667,2,0
2023-06-02,2.3194715,-0.0051737862,0.57392593,0.16866667,0.047407407,0.16,0.31,0.31,1.0225926,0.26866667,3,3e-05
2023-06-03,2.3089573,-0.004533002,0.63792593,0.18466667,0.047407407,0.08,0.39,0.39,0.90259259,0.18466667,1,0.00012
2023-06-04,2.3097397,0.00033881987,0.63792593,0.18466667,0.047407407,0.08,0.39,0.39,0.90259259,0.18466667,1,0
2023-06-05,2.2567691,-0.022933554,0.58992593,0.17266667,0.047407407,0.14,0.33,0.33,0.99259259,0.32266667,2,9e-05
2023-06-06,2.2896667,0.014577274,0.58992593,0.17266667,0.047407407,0.14,0.33,0.33,0.90259259,0.17266667,2,0
2023-06-07,2.2606747,-0.0126621,0.47792593,0.14466667,0.047407407,0.28,0.19,0.19,1.1125926,0.24466667,5,0.00021
2023-06-08,2.2600759,-0.00026487713,0.58992593,0.17266667,0.047407407,0.14,0.33,0.33,0.90259259,0.17266667,2,0.00021
2023-06-09,2.2580301,-0.00090519585,0.52592593,0.15666667,0.047407407,0.22,0.25,0.25,1.0225926,0.25666667,4,0.00012
2023-06-10,2.2505764,-0.0033009383,0.63792593,0.18466667,0.047407407,0.08,0.39,0.39,0.90259259,0.18466667,1,0.00021
2023-06-11,2.2504735,-4.5742042e-05,0.63792593,0.18466667,0.047407407,0.08,0.39,0.39,0.90259259,0.18466667,1,0
2023-06-12,2.2589132,0.0037501762,0.58992593,0.17266667,0.047407407,0.14,0.33,0.33,0.99259259,0.32266667,2,9e-05
2023-06-13,2.2480367,-0.0048149083,0.63792593,0.18466667,0.047407407,0.08,0.39,0.39,0.90259259,0.18466667,1,9e-05
2023-06-14,2.234389,-0.0060709612,0.52592593,0.15666667,0.047407407,0.22,0.25,0.25,1.1125926,0.25666667,4,0.00021
2023-06-15,2.2506676,0.0072854943,0.58992593,0.17266667,0.047407407,0.14,0.33,0.33,0.90259259,0.17266667,2,0.00012
2023-06-16,2.269876,0.0085345407,0.58992593,0.17266667,0.047407407,0.14,0.33,0.33,0.90259259,0.17266667,2,0
2023-06-17,2.2610899,-0.0038707415,0.58992593,0.17266667,0.047407407,0.14,0.33,0.33,0.90259259,0.17266667,2,0
2023-06-18,2.2577646,-0.0014706778,0.58992593,0.17266667,0.047407407,0.14,0.33,0.33,0.90259259,0.17266667,2,0
2023-06-19,2.2640938,0.0028033014,0.63792593,0.18466667,0.047407407,0.08,0.39,0.39,0.90259259,0.18466667,1,9e-05
2023-06-20,2.2854044,0.0094124218,0.63792593,0.18466667,0.047407407,0.08,0.39,0.39,0.90259259,0.18466667,1,0
2023-06-21,2.3197379,0.015022977,0.462,0.258,0.15,0.08,0.39,0.39,0.8,0.258,1,0.00037388889
2023-06-22,2.3087435,-0.0047395016,0.462,0.258,0.15,0.08,0.39,0.39,0.8,0.258,1,0
2023-06-23,2.3248536,0.0069778382,0.462,0.258,0.15,0.08,0.39,0.39,0.8,0.258,1,0
2023-06-24,2.3217995,-0.0013136865,0.462,0.258,0.15,0.08,0.39,0.39,0.8,0.258,1,0
2023-06-25,2.3189358,-0.0012333749,0.462,0.258,0.15,0.08,0.39,0.39,0.8,0.258,1,0
2023-06-26,2.3157687,-0.0013657772,0.462,0.258,0.15,0.08,0.39,0.39,0.8,0.258,1,0
2023-06-27,2.323118,0.0031736043,0.462,0.258,0.15,0.08,0.39,0.39,0.8,0.258,1,0
2023-06-28,2.3038622,-0.0082887826,0.462,0.258,0.15,0.08,0.39,0.39,0.8,0.258,1,0
2023-06-29,2.3123835,0.0036987206,0.462,0.258,0.15,0.08,0.39,0.39,0.8,0.258,1,0
2023-06-30,2.31804,0.0024461664,0.462,0.258,0.15,0.08,0.39,0.39,0.8,0.258,1,0
2023-07-01,2.3164278,-0.00069550981,0.462,0.258,0.15,0.08,0.39,0.39,0.8,0.258,1,0
2023-07-02,2.3182592,0.00079062693,0.462,0.258,0.15,0.08,0.39,0.39,0.8,0.258,1,0
2023-07-03,2.3313768,0.0056583857,0.414,0.246,0.15,0.14,0.33,0.33,0.89,0.396,2,9e-05
2023-07-04,2.3243058,-0.0030329859,0.462,0.258,0.15,0.08,0.39,0.39,0.8,0.258,1,9e-05
2023-07-05,2.302793,-0.0092555636,0.35,0.23,0.15,0.22,0.25,0.25,1.01,0.33,4,0.00021
2023-07-06,2.2893902,-0.0058202488,0.462,0.258,0.15,0.08,0.39,0.39,0.8,0.258,1,0.00021
2023-07-07,2.306835,0.0076198421,0.398,0.242,0.15,0.16,0.31,0.31,0.92,0.342,3,0.00012
2023-07-08,2.304873,-0.00085048317,0.462,0.258,0.15,0.08,0.39,0.39,0.8,0.258,1,0.00012
2023-07-09,2.3030717,-0.00078153819,0.462,0.258,0.15,0.08,0.39,0.39,0.8,0.258,1,0
2023-07-10,2.3108594,0.003381442,0.414,0.246,0.15,0.14,0.33,0.33,0.89,0.396,2,9e-05
2023-07-11,2.3215722,0.0046358607,0.462,0.258,0.15,0.08,0.39,0.39,0.8,0.258,1,9e-05
2023-07-12,2.3272963,0.0024655845,0.35,0.23,0.15,0.22,0.25,0.25,1.01,0.33,4,0.00021
2023-07-13,2.3447707,0.007508479,0.462,0.258,0.15,0.08,0.39,0.39,0.8,0.258,1,0.00021
2023-07-14,2.3143351,-0.012980223,0.398,0.242,0.15,0.16,0.31,0.31,0.92,0.342,3,0.00012
2023-07-15,2.3108742,-0.0014954193,0.462,0.258,0.15,0.08,0.39,0.39,0.8,0.258,1,0.00012
2023-07-16,2.3120293,0.00049988682,0.462,0.258,0.15,0.08,0.39,0.39,0.8,0.258,1,0
2023-07-17,2.306357,-0.0024534137,0.462,0.258,0.15,0.08,0.39,0.39,0.8,0.258,1,0
2023-07-18,2.3125891,0.0027021385,0.462,0.258,0.15,0.08,0.39,0.39,0.8,0.258,1,0
2023-07-19,2.3136702,0.00046748946,0.462,0.258,0.15,0.08,0.39,0.39,0.8,0.258,1,0
2023-07-20,2.3088053,-0.0021026696,0.462,0.258,0.15,0.08,0.39,0.39,0.8,0.258,1,0
2023-07-21,2.3053748,-0.0014858332,0.462,0.258,0.15,0.08,0.39,0.39,0.8,0.258,1,0
2023-07-22,2.3052904,-3.6609585e-05,0.63792593,0.18466667,0.047407407,0.08,0.39,0.39,0.90259259,0.18466667,1,0.00037388889
2023-07-23,2.3140625,0.0038052003,0.63792593,0.18466667,0.047407407,0.08,0.39,0.39,0.90259259,0.18466667,1,0
2023-07-24,2.3035234,-0.0045543593,0.63792593,0.18466667,0.047407407,0.08,0.39,0.39,0.90259259,0.18466667,1,0
2023-07-25,2.3111751,0.0033217424,0.63792593,0.18466667,0.047407407,0.08,0.39,0.39,0.90259259,0.18466667,1,0
2023-07-26,2.3206108,0.0040826186,0.63792593,0.18466667,0.047407407,0.08,0.39,0.39,0.90259259,0.18466667,1,0
2023-07-27,2.3089111,-0.0050416245,0.63792593,0.18466667,0.047407407,0.08,0.39,0.39,0.90259259,0.18466667,1,0
2023-07-28,2.3163626,0.0032272755,0.63792593,0.18466667,0.047407407,0.08,0.39,0.39,0.90259259,0.18466667,1,0
2023-07-29,2.3147079,-0.00071437998,0.63792593,0.18466667,0.047407407,0.08,0.39,0.39,0.90259259,0.18466667,1,0
2023-07-30,2.3137076,-0.0004321255,0.63792593,0.18466667,0.047407407,0.08,0.39,0.39,0.90259259,0.18466667,1,0
2023-07-31,2.3183468,0.0020050717,0.63792593,0.18466667,0.047407407,0.08,0.39,0.39,0.90259259,0.18466667,1,0
2023-08-01,2.3207985,0.0010575405,0.63792593,0.18466667,0.047407407,0.08,0.39,0.39,0.90259259,0.18466667,1,0
2023-08-02,2.2961192,-0.010633959,0.52592593,0.15666667,0.047407407,0.22,0.25,0.25,1.1125926,0.25666667,4,0.00021
2023-08-03,2.2996116,0.0015209867,0.63792593,0.18466667,0.047407407,0.08,0.39,0.39,0.90259259,0.18466667,1,0.00021
2023-08-04,2.3061837,0.0028579291,0.57392593,0.16866667,0.047407407,0.16,0.31,0.31,1.0225926,0.26866667,3,0.00012
2023-08-05,2.3045945,-0.0006891242,0.63792593,0.18466667,0.047407407,0.08,0.39,0.39,0.90259259,0.18466667,1,0.00012
2023-08-06,2.3033869,-0.00052397048,0.63792593,0.18466667,0.047407407,0.08,0.39,0.39,0.90259259,0.18466667,1,0
2023-08-07,2.304766,0.00059869029,0.58992593,0.17266667,0.047407407,0.14,0.33,0.33,0.99259259,0.32266667,2,9e-05
2023-08-08,2.3021784,-0.0011226918,0.63792593,0.18466667,0.047407407,0.08,0.39,0.39,0.90259259,0.18466667,1,9e-05
2023-08-09,2.2920159,-0.0044143005,0.52592593,0.15666667,0.047407407,0.22,0.25,0.25,1.1125926,0.25666667,4,0.00021
2023-08-10,2.2875075,-0.0019670002,0.63792593,0.18466667,0.047407407,0.08,0.39,0.39,0.90259259,0.18466667,1,0.00021
2023-08-11,2.2826137,-0.0021393475,0.57392593,0.16866667,0.047407407,0.16,0.31,0.31,1.0225926,0.26866667,3,0.00012
2023-08-12,2.2778902,-0.0020693354,0.63792593,0.18466667,0.047407407,0.08,0.39,0.39,0.90259259,0.18466667,1,0.00012
2023-08-13,2.2776677,-9.7692721e-05,0.63792593,0.18466667,0.047407407,0.08,0.39,0.39,0.90259259,0.18466667,1,0
2023-08-14,2.2763629,-0.00057287176,0.58992593,0.17266667,0.047407407,0.14,0.33,0.33,0.99259259,0.32266667,2,9e-05
2023-08-15,2.2706356,-0.0025159853,0.63792593,0.18466667,0.047407407,0.08,0.39,0.39,0.90259259,0.18466667,1,9e-05
2023-08-16,2.2608826,-0.0042952779,0.58992593,0.17266667,0.047407407,0.14,0.33,0.33,0.90259259,0.17266667,2,9e-05
2023-08-17,2.2181073,-0.018919726,0.58992593,0.17266667,0.047407407,0.14,0.33,0.33,0.90259259,0.17266667,2,0
2023-08-18,2.2188294,0.0003255574,0.52592593,0.15666667,0.047407407,0.22,0.25,0.25,0.90259259,0.076666667,3,0.00012
2023-08-19,2.2261719,0.0033091507,0.52592593,0.15666667,0.047407407,0.22,0.25,0.25,0.90259259,0.076666667,3,0
2023-08-20,2.2323778,0.00278773,0.52592593,0.15666667,0.047407407,0.22,0.25,0.25,0.90259259,0.076666667,3,0
2023-08-21,2.2329461,0.00025456558,0.57392593,0.16866667,0.047407407,0.16,0.31,0.31,0.90259259,0.088666667,2,9e-05
2023-08-22,2.2389195,0.0026751199,0.62192593,0.18066667,0.047407407,0.1,0.37,0.37,0.90259259,0.080666667,1,9e-05
2023-08-23,2.2551378,0.0072437801,0.55792593,0.16466667,0.047407407,0.18,0.29,0.29,0.90259259,0.064666667,2,0.00012
2023-08-24,2.253105,-0.00090139304,0.55792593,0.16466667,0.047407407,0.18,0.29,0.29,0.90259259,0.064666667,2,0
2023-08-25,2.2485109,-0.0020389886,0.55792593,0.16466667,0.047407407,0.18,0.29,0.29,0.90259259,0.064666667,2,0
2023-08-26,2.2489642,0.00020156852,0.55792593,0.16466667,0.047407407,0.18,0.29,0.29,0.90259259,0.064666667,2,0
2023-08-27,2.243204,-0.0025612758,0.55792593,0.16466667,0.047407407,0.18,0.29,0.29,0.90259259,-0.26466667,2,0
2023-08-28,2.2467706,0.0015899884,0.55792593,0.16466667,0.047407407,0.18,0.29,0.29,0.90259259,-0.26466667,2,0
2023-08-29,2.215693,-0.013832149,0.55792593,0.16466667,0.047407407,0.18,0.29,0.29,0.90259259,-0.26466667,2,0
2023-08-30,2.2310014,0.0069091033,0.55792593,0.16466667,0.047407407,0.18,0.29,0.29,0.90259259,-0.26466667,2,0
2023-08-31,2.2572068,0.011746034,0.55792593,0.16466667,0.047407407,0.18,0.29,0.29,0.90259259,-0.26466667,2,0
2023-09-01,2.2569831,-9.9114204e-05,0.49392593,0.14866667,0.047407407,0.26,0.21,0.21,1.0225926,-0.14866667,4,0.00012
2023-09-02,2.2532701,-0.0016451215,0.55792593,0.16466667,0.047407407,0.18,0.29,0.29,0.90259259,-0.26466667,2,0.00012
2023-09-03,2.2529222,-0.00015441726,0.55792593,0.16466667,0.047407407,0.18,0.29,0.29,0.90259259,-0.26466667,2,0
2023-09-04,2.2568586,0.0017472629,0.50992593,0.15266667,0.047407407,0.24,0.23,0.23,0.99259259,-0.10266667,3,9e-05
2023-09-05,2.252215,-0.0020575665,0.55792593,0.16466667,0.047407407,0.18,0.29,0.29,0.90259259,-0.26466667,2,9e-05
2023-09-06,2.2431578,-0.0040214515,0.44592593,0.13666667,0.047407407,0.32,0.15,0.15,1.1125926,-0.13666667,5,0.00021
2023-09-07,2.2379091,-0.0023398641,0.55792593,0.16466667,0.047407407,0.18,0.29,0.29,0.90259259,-0.26466667,2,0.00021
2023-09-08,2.2361887,-0.00076873875,0.49392593,0.14866667,0.047407407,0.26,0.21,0.21,1.0225926,-0.14866667,4,0.00012
2023-09-09,2.2328498,-0.0014931168,0.55792593,0.16466667,0.047407407,0.18,0.29,0.29,0.90259259,-0.26466667,2,0.00012
2023-09-10,2.2342408,0.00062294863,0.55792593,0.16466667,0.047407407,0.18,0.29,0.29,0.90259259,-0.26466667,2,0
2023-09-11,2.2427313,0.0038001605,0.50992593,0.15266667,0.047407407,0.24,0.23,0.23,0.99259259,-0.10266667,3,9e-05
2023-09-12,2.2193327,-0.01043307,0.55792593,0.16466667,0.047407407,0.18,0.29,0.29,0.90259259,-0.26466667,2,9e-05
2023-09-13,2.2114408,-0.003555979,0.44592593,0.13666667,0.047407407,0.32,0.15,0.15,1.1125926,-0.13666667,5,0.00021
2023-09-14,2.2075396,-0.0017640759,0.55792593,0.16466667,0.047407407,0.18,0.29,0.29,0.90259259,-0.26466667,2,0.00021
2023-09-15,2.2162609,0.0039506633,0.55792593,0.16466667,0.047407407,0.18,0.29,0.29,0.90259259,-0.26466667,2,0
2023-09-16,2.2143349,-0.00086904708,0.55792593,0.16466667,0.047407407,0.18,0.29,0.29,0.90259259,-0.26466667,2,0
2023-09-17,2.2167375,0.0010850316,0.63792593,0.18466667,0.047407407,0.08,0.39,0.39,0.90259259,-0.18466667,1,0.00015
2023-09-18,2.2219999,0.0023739322,0.63792593,0.18466667,0.047407407,0.08,0.39,0.39,0.90259259,-0.18466667,1,0
2023-09-19,2.2151442,-0.0030853771,0.63792593,0.18466667,0.047407407,0.08,0.39,0.39,0.90259259,-0.18466667,1,0
2023-09-20,2.2155115,0.00016583987,0.63792593,0.18466667,0.047407407,0.08,0.39,0.39,0.90259259,-0.18466667,1,0
2023-09-21,2.2162855,0.00034934146,0.70192593,0.20066667,0.047407407,0,0.47,0.47,0.90259259,-0.20066667,0,0.00012
2023-09-22,2.2174344,0.00051838695,0.65392593,0.18866667,0.047407407,0.06,0.41,0.41,0.90259259,-0.18866667,1,9e-05
2023-09-23,2.2182851,0.00038365209,0.65392593,0.18866667,0.047407407,0.06,0.41,0.41,0.90259259,-0.18866667,1,0
2023-09-24,2.2219162,0.0016368862,0.58992593,0.17266667,0.047407407,0.14,0.33,0.33,0.90259259,-0.17266667,2,0.00012
2023-09-25,2.2183882,-0.0015878067,0.58992593,0.17266667,0.047407407,0.14,0.33,0.33,0.90259259,-0.17266667,2,0
2023-09-26,2.2128204,-0.0025098238,0.63792593,0.18466667,0.047407407,0.08,0.39,0.39,0.90259259,-0.18466667,1,9e-05
2023-09-27,2.1971208,-0.0070948534,0.63792593,0.18466667,0.047407407,0.08,0.39,0.39,0.90259259,-0.18466667,1,0
2023-09-28,2.1796957,-0.0079309053,0.63792593,0.18466667,0.047407407,0.08,0.39,0.39,0.90259259,-0.18466667,1,0
2023-09-29,2.1761989,-0.0016042492,0.63792593,0.18466667,0.047407407,0.08,0.39,0.39,0.90259259,-0.18466667,1,0
2023-09-30,2.1780635,0.00085681286,0.58992593,0.17266667,0.047407407,0.14,0.33,0.33,0.90259259,-0.17266667,2,9e-05
2023-10-01,2.1617286,-0.0074997194,0.58992593,0.17266667,0.047407407,0.14,0.33,0.33,0.90259259,-0.17266667,2,0
2023-10-02,2.1597465,-0.00091689221,0.366,0.234,0.15,0.2,0.27,0.27,0.89,-0.084,3,0.00042788889
2023-10-03,2.1546245,-0.0023715845,0.414,0.246,0.15,0.14,0.33,0.33,0.8,-0.246,2,9e-05
2023-10-04,2.1482711,-0.002948733,0.35,0.23,0.15,0.22,0.25,0.25,1.01,-0.13,4,0.00012
2023-10-05,2.1519401,0.0017078911,0.462,0.258,0.15,0.08,0.39,0.39,0.8,-0.258,1,0.00021
2023-10-06,2.145748,-0.0028774743,0.35,0.23,0.15,0.22,0.25,0.25,0.92,-0.13,4,0.00021
2023-10-07,2.1518932,0.0028639047,0.414,0.246,0.15,0.14,0.33,0.33,0.8,-0.246,2,0.00012
2023-10-08,2.1550839,0.0014827653,0.334,0.226,0.15,0.24,0.23,0.23,0.8,-0.126,3,0.00015
2023-10-09,2.1553647,0.00013029594,0.286,0.214,0.15,0.3,0.17,0.17,0.89,0.036,4,9e-05
2023-10-10,2.1549866,-0.00017545468,0.382,0.238,0.15,0.18,0.29,0.29,0.8,-0.138,2,0.00018
2023-10-11,2.1648141,0.0045603608,0.27,0.21,0.15,0.32,0.15,0.15,1.01,-0.01,5,0.00021
2023-10-12,2.1643954,-0.00019339368,0.382,0.238,0.15,0.18,0.29,0.29,0.8,-0.138,2,0.00021
2023-10-13,2.1873399,0.010600874,0.44592593,0.13666667,0.047407407,0.32,0.15,0.15,1.0225926,0.063333333,5,0.00024788889
2023-10-14,2.1876271,0.00013131816,0.50992593,0.15266667,0.047407407,0.24,0.23,0.23,0.90259259,-0.052666667,3,0.00012
2023-10-15,2.1806022,-0.0032111995,0.58992593,0.17266667,0.047407407,0.14,0.33,0.33,0.90259259,-0.17266667,2,0.00015
2023-10-16,2.1564355,-0.011082606,0.58992593,0.17266667,0.047407407,0.14,0.33,0.33,0.90259259,-0.17266667,2,0
2023-10-17,2.1635709,0.0033089038,0.462,0.258,0.15,0.08,0.39,0.39,0.8,-0.258,1,0.00031988889
2023-10-18,2.176553,0.0060003192,0.462,0.258,0.15,0.08,0.39,0.39,0.8,-0.258,1,0
2023-10-19,2.180886,0.001990731,0.382,0.238,0.15,0.18,0.29,0.29,0.8,-0.138,2,0.00015
2023-10-20,2.1709731,-0.0045453178,0.446,0.254,0.15,0.1,0.37,0.37,0.8,-0.154,1,0.00012
2023-10-21,2.1682958,-0.0012332495,0.446,0.254,0.15,0.1,0.37,0.37,0.8,-0.154,1,0
2023-10-22,2.1691635,0.00040015838,0.382,0.238,0.15,0.18,0.29,0.29,0.8,0.338,2,0.00012
2023-10-23,2.2392005,0.032287596,0.318,0.222,0.15,0.26,0.21,0.21,0.8,0.402,3,0.00012
2023-10-24,2.265258,0.011636948,0.318,0.222,0.15,0.26,0.21,0.21,0.8,0.402,3,0
2023-10-25,2.288826,0.010404109,0.318,0.222,0.15,0.26,0.21,0.21,0.8,0.402,3,0
2023-10-26,2.2884007,-0.00018579131,0.318,0.222,0.15,0.26,0.21,0.21,0.8,0.402,3,0
2023-10-27,2.2916758,0.0014311397,0.382,0.238,0.15,0.18,0.29,0.29,0.8,0.338,2,0.00012
2023-10-28,2.2956469,0.0017328578,0.382,0.238,0.15,0.18,0.29,0.29,0.8,0.338,2,0
2023-10-29,2.304544,0.0038756176,0.382,0.238,0.15,0.18,0.29,0.29,0.8,0.338,2,0
2023-10-30,2.3003753,-0.0018088674,0.382,0.238,0.15,0.18,0.29,0.29,0.8,0.338,2,0
2023-10-31,2.2997435,-0.0002746612,0.382,0.238,0.15,0.18,0.29,0.29,0.8,0.338,2,0
2023-11-01,2.3184446,0.0081318183,0.27,0.21,0.15,0.32,0.15,0.15,1.01,0.41,5,0.00021
2023-11-02,2.306985,-0.004942814,0.382,0.238,0.15,0.18,0.29,0.29,0.8,0.338,2,0.00021
2023-11-03,2.3047929,-0.00095020836,0.318,0.222,0.15,0.26,0.21,0.21,0.92,0.422,4,0.00012
2023-11-04,2.3101241,0.002313105,0.382,0.238,0.15,0.18,0.29,0.29,0.8,0.338,2,0.00012
2023-11-05,2.3064066,-0.0016092145,0.382,0.238,0.15,0.18,0.29,0.29,0.8,0.338,2,0
2023-11-06,2.3066602,0.0001099655,0.334,0.226,0.15,0.24,0.23,0.23,0.89,0.476,3,9e-05
2023-11-07,2.3103452,0.0015975472,0.382,0.238,0.15,0.18,0.29,0.29,0.8,0.338,2,9e-05
2023-11-08,2.3105291,7.9567302e-05,0.27,0.21,0.15,0.32,0.15,0.15,1.01,0.41,5,0.00021
2023-11-09,2.3396969,0.012623894,0.382,0.238,0.15,0.18,0.29,0.29,0.8,0.338,2,0.00021
2023-11-10,2.3402029,0.00021624848,0.318,0.222,0.15,0.26,0.21,0.21,0.92,0.422,4,0.00012
2023-11-11,2.3345398,-0.0024199216,0.382,0.238,0.15,0.18,0.29,0.29,0.8,0.338,2,0.00012
2023-11-12,2.3328373,-0.00072923414,0.382,0.238,0.15,0.18,0.29,0.29,0.8,0.338,2,0
2023-11-13,2.3216447,-0.0047978793,0.334,0.226,0.15,0.24,0.23,0.23,0.89,0.476,3,9e-05
2023-11-14,2.3079188,-0.0059121341,0.382,0.238,0.15,0.18,0.29,0.29,0.8,0.338,2,9e-05
2023-11-15,2.3572714,0.021384032,0.382,0.238,0.15,0.18,0.29,0.29,0.8,0.338,2,0
2023-11-16,2.3314666,-0.010946889,0.382,0.238,0.15,0.18,0.29,0.29,0.8,0.338,2,0
2023-11-17,2.3445565,0.0056144532,0.382,0.238,0.15,0.18,0.29,0.29,0.8,0.338,2,0
2023-11-18,2.3404724,-0.0017419778,0.382,0.238,0.15,0.18,0.29,0.29,0.8,0.338,2,0
2023-11-19,2.3563267,0.0067740049,0.382,0.238,0.15,0.18,0.29,0.29,0.8,0.338,2,0
2023-11-20,2.3601574,0.0016256972,0.382,0.238,0.15,0.18,0.29,0.29,0.8,0.338,2,0
2023-11-21,2.3312437,-0.012250761,0.382,0.238,0.15,0.18,0.29,0.29,0.8,0.338,2,0
2023-11-22,2.370334,0.016768026,0.382,0.238,0.15,0.18,0.29,0.29,0.8,0.338,2,0
2023-11-23,2.3670734,-0.0013756107,0.382,0.238,0.15,0.18,0.29,0.29,0.8,0.338,2,0
2023-11-24,2.3784475,0.0048051319,0.382,0.238,0.15,0.18,0.29,0.29,0.8,0.338,2,0
2023-11-25,2.3790586,0.00025692145,0.382,0.238,0.15,0.18,0.29,0.29,0.8,0.338,2,0
2023-11-26,2.3725204,-0.0027482139,0.382,0.238,0.15,0.18,0.29,0.29,0.8,0.338,2,0
2023-11-27,2.3741707,0.00069557232,0.382,0.238,0.15,0.18,0.29,0.29,0.8,0.338,2,0
2023-11-28,2.3984893,0.010242989,0.382,0.238,0.15,0.18,0.29,0.29,0.8,0.338,2,0
2023-11-29,2.4002588,0.00073778386,0.382,0.238,0.15,0.18,0.29,0.29,0.8,0.338,2,0
2023-11-30,2.3966496,-0.0015036732,0.382,0.238,0.15,0.18,0.29,0.29,0.8,0.338,2,0
2023-12-01,2.4266269,0.012507974,0.318,0.222,0.15,0.26,0.21,0.21,0.92,0.422,4,0.00012
2023-12-02,2.43964,0.0053626549,0.318,0.222,0.15,0.26,0.21,0.21,0.8,0.402,3,0
2023-12-03,2.4674905,0.011415836,0.27,0.21,0.15,0.32,0.15,0.15,0.8,0.39,4,9e-05
2023-12-04,2.4919496,0.0099125135,0.222,0.1875,0.15,0.36727273,0.09,0.09,0.862,0.5,5,0.00010575
2023-12-05,2.530979,0.01566222,0.27,0.21,0.15,0.32,0.15,0.15,0.8,0.39,4,0.00010575
2023-12-06,2.5249761,-0.0023717946,0.158,0.182,0.15,0.46,0.01,0.01,0.8,0.402,7,0.00021
2023-12-07,2.5197572,-0.0020669162,0.382,0.238,0.15,0.18,0.29,0.29,0.8,0.338,2,0.00042
2023-12-08,2.529326,0.0037975123,0.318,0.222,0.15,0.26,0.21,0.21,0.8,0.362,4,0.00012
2023-12-09,2.5174363,-0.0047007466,0.382,0.238,0.15,0.18,0.29,0.29,0.8,0.338,2,0.00012
2023-12-10,2.5157153,-0.00068359884,0.382,0.238,0.15,0.18,0.29,0.29,0.8,0.338,2,0
2023-12-11,2.4568983,-0.023379845,0.334,0.226,0.15,0.24,0.23,0.23,0.8,0.386,3,9e-05
2023-12-12,2.4587289,0.00074509476,0.382,0.238,0.15,0.18,0.29,0.29,0.8,0.338,2,9e-05
2023-12-13,2.5066579,0.019493392,0.27,0.21,0.15,0.32,0.15,0.15,0.8,0.35,5,0.00021
2023-12-14,2.5121182,0.0021783087,0.382,0.238,0.15,0.18,0.29,0.29,0.8,0.338,2,0.00021
2023-12-15,2.4842052,-0.011111333,0.382,0.238,0.15,0.18,0.29,0.29,0.8,0.338,2,0
2023-12-16,2.4872769,0.0012365181,0.382,0.238,0.15,0.18,0.29,0.29,0.8,0.338,2,0
2023-12-17,2.4713188,-0.0064158954,0.382,0.238,0.15,0.18,0.29,0.29,0.8,0.338,2,0
2023-12-18,2.5030089,0.012823135,0.382,0.238,0.15,0.18,0.29,0.29,0.8,0.338,2,0
2023-12-19,2.4998169,-0.0012752442,0.382,0.238,0.15,0.18,0.29,0.29,0.8,0.338,2,0
2023-12-20,2.5240041,0.0096755508,0.382,0.238,0.15,0.18,0.29,0.29,0.8,0.338,2,0
2023-12-21,2.5366115,0.0049950037,0.382,0.238,0.15,0.18,0.29,0.29,0.8,0.338,2,0
2023-12-22,2.5379539,0.00052921909,0.382,0.238,0.15,0.18,0.29,0.29,0.8,0.338,2,0
2023-12-23,2.5319167,-0.0023787739,0.382,0.238,0.15,0.18,0.29,0.29,0.8,0.338,2,0
2023-12-24,2.5195764,-0.0048738662,0.382,0.238,0.15,0.18,0.29,0.29,0.8,0.338,2,0
2023-12-25,2.5322642,0.0050356772,0.382,0.238,0.15,0.18,0.29,0.29,0.8,0.338,2,0
2023-12-26,2.5139216,-0.0072435522,0.382,0.238,0.15,0.18,0.29,0.29,0.8,0.338,2,0
2023-12-27,2.5405663,0.010598852,0.382,0.238,0.15,0.18,0.29,0.29,0.8,0.338,2,0
2023-12-28,2.5208719,-0.0077519963,0.382,0.238,0.15,0.18,0.29,0.29,0.8,0.338,2,0
2023-12-29,2.5056297,-0.0060463871,0.382,0.238,0.15,0.18,0.29,0.29,0.8,0.338,2,0
2023-12-30,2.5045545,-0.00042909487,0.382,0.238,0.15,0.18,0.29,0.29,0.8,0.338,2,0
2023-12-31,2.5071953,0.0010543731,0.382,0.238,0.15,0.18,0.29,0.29,0.8,0.338,2,0
2024-01-01,2.548859,0.016617651,0.334,0.226,0.15,0.24,0.23,0.23,0.89,0.476,3,9e-05
2024-01-02,2.56683,0.0070506261,0.382,0.238,0.15,0.18,0.29,0.29,0.8,0.338,2,9e-05
2024-01-03,2.4644712,-0.039877526,0.27,0.21,0.15,0.32,0.15,0.15,1.01,0.41,5,0.00021
2024-01-04,2.4852355,0.0084254455,0.55792593,0.16466667,0.047407407,0.18,0.29,0.29,0.90259259,0.26466667,2,0.00049988889
2024-01-05,2.4868697,0.00065759947,0.49392593,0.14866667,0.047407407,0.26,0.21,0.21,1.0225926,0.34866667,4,0.00012
2024-01-06,2.4812903,-0.0022435676,0.63792593,0.18466667,0.047407407,0.08,0.39,0.39,0.90259259,0.18466667,1,0.00027
2024-01-07,2.480168,-0.00045229593,0.63792593,0.18466667,0.047407407,0.08,0.39,0.39,0.90259259,0.18466667,1,0
2024-01-08,2.5202129,0.016146028,0.58992593,0.17266667,0.047407407,0.14,0.33,0.33,0.99259259,0.32266667,2,9e-05
2024-01-09,2.5105141,-0.003848399,0.398,0.242,0.15,0.16,0.31,0.31,0.8,0.322,2,0.00039188889
2024-01-10,2.5209049,0.0041389221,0.286,0.214,0.15,0.3,0.17,0.17,0.8,0.334,5,0.00021
2024-01-11,2.520474,-0.00017092069,0.398,0.242,0.15,0.16,0.31,0.31,0.8,0.322,2,0.00021
2024-01-12,2.486958,-0.013297496,0.334,0.226,0.15,0.24,0.23,0.23,0.92,0.406,4,0.00012
2024-01-13,2.4836664,-0.0013235613,0.57392593,0.16866667,0.047407407,0.16,0.31,0.31,0.90259259,0.088666667,2,0.00044588889
2024-01-14,2.4754975,-0.0032890587,0.57392593,0.16866667,0.047407407,0.16,0.31,0.31,0.90259259,0.088666667,2,0
2024-01-15,2.4958497,0.0082214804,0.57392593,0.16866667,0.047407407,0.16,0.31,0.31,0.90259259,0.088666667,2,0
2024-01-16,2.4865936,-0.0037085977,0.57392593,0.16866667,0.047407407,0.16,0.31,0.31,0.90259259,0.088666667,2,0
2024-01-17,2.4722973,-0.0057493594,0.63792593,0.18466667,0.047407407,0.08,0.39,0.39,0.90259259,0.18466667,1,0.00012
2024-01-18,2.4655612,-0.0027246438,0.63792593,0.18466667,0.047407407,0.08,0.39,0.39,0.90259259,0.18466667,1,0
2024-01-19,2.4646046,-0.00038799418,0.63792593,0.18466667,0.047407407,0.08,0.39,0.39,0.90259259,0.18466667,1,0
2024-01-20,2.4682097,0.0014627581,0.63792593,0.18466667,0.047407407,0.08,0.39,0.39,0.90259259,0.18466667,1,0
2024-01-21,2.4623261,-0.0023837446,0.63792593,0.18466667,0.047407407,0.08,0.39,0.39,0.90259259,0.18466667,1,0
2024-01-22,2.4349161,-0.011131726,0.63792593,0.18466667,0.047407407,0.08,0.39,0.39,0.90259259,0.18466667,1,0
2024-01-23,2.4449426,0.0041177963,0.63792593,0.18466667,0.047407407,0.08,0.39,0.39,0.90259259,0.18466667,1,0
2024-01-24,2.4432516,-0.00069164655,0.63792593,0.18466667,0.047407407,0.08,0.39,0.39,0.90259259,0.18466667,1,0
2024-01-25,2.4411518,-0.000859418,0.63792593,0.18466667,0.047407407,0.08,0.39,0.39,0.90259259,0.18466667,1,0
2024-01-26,2.4591231,0.0073617987,0.63792593,0.18466667,0.047407407,0.08,0.39,0.39,0.90259259,0.18466667,1,0
2024-01-27,2.4616309,0.0010197832,0.63792593,0.18466667,0.047407407,0.08,0.39,0.39,0.90259259,0.18466667,1,0
2024-01-28,2.4677993,0.0025058198,0.63792593,0.18466667,0.047407407,0.08,0.39,0.39,0.90259259,0.18466667,1,0
2024-01-29,2.4832261,0.0062512572,0.63792593,0.18466667,0.047407407,0.08,0.39,0.39,0.90259259,0.18466667,1,0
2024-01-30,2.4841897,0.00038805006,0.63792593,0.18466667,0.047407407,0.08,0.39,0.39,0.90259259,0.18466667,1,0
2024-01-31,2.4866807,0.0010027293,0.63792593,0.18466667,0.047407407,0.08,0.39,0.39,0.90259259,0.18466667,1,0
2024-02-01,2.5023711,0.0063097888,0.63792593,0.18466667,0.047407407,0.08,0.39,0.39,0.90259259,0.18466667,1,0
2024-02-02,2.4940136,-0.0033398495,0.57392593,0.16866667,0.047407407,0.16,0.31,0.31,0.90259259,0.20866667,3,0.00012
2024-02-03,2.4870485,-0.0027927299,0.63792593,0.18466667,0.047407407,0.08,0.39,0.39,0.90259259,0.18466667,1,0.00012
2024-02-04,2.482543,-0.0018115875,0.63792593,0.18466667,0.047407407,0.08,0.39,0.39,0.90259259,0.18466667,1,0
2024-02-05,2.4752601,-0.0029336512,0.58992593,0.17266667,0.047407407,0.14,0.33,0.33,0.90259259,0.23266667,2,9e-05
2024-02-06,2.4855708,0.0041654997,0.63792593,0.18466667,0.047407407,0.08,0.39,0.39,0.90259259,0.18466667,1,9e-05
2024-02-07,2.5002243,0.0058954443,0.52592593,0.15666667,0.047407407,0.22,0.25,0.25,0.90259259,0.19666667,4,0.00021
2024-02-08,2.5063636,0.0024554937,0.63792593,0.18466667,0.047407407,0.08,0.39,0.39,0.90259259,0.18466667,1,0.00021
2024-02-09,2.5289818,0.0090243021,0.57392593,0.16866667,0.047407407,0.16,0.31,0.31,1.0225926,0.26866667,3,0.00012
2024-02-10,2.533397,0.0017458604,0.57392593,0.16866667,0.047407407,0.16,0.31,0.31,0.90259259,0.24866667,2,0
2024-02-11,2.5441148,0.0042305899,0.57392593,0.16866667,0.047407407,0.16,0.31,0.31,0.90259259,0.24866667,2,0
2024-02-12,2.5758873,0.012488647,0.35,0.23,0.15,0.22,0.25,0.25,0.89,0.46,3,0.00042788889
2024-02-13,2.5663176,-0.003715135,0.398,0.242,0.15,0.16,0.31,0.31,0.8,0.322,2,9e-05
2024-02-14,2.6329491,0.025963861,0.35,0.23,0.15,0.22,0.25,0.25,1.01,0.33,4,9e-05
2024-02-15,2.6353711,0.0009198725,0.382,0.238,0.15,0.18,0.29,0.29,0.8,0.338,2,6e-05
2024-02-16,2.6417006,0.0024017619,0.382,0.238,0.15,0.18,0.29,0.29,0.8,0.338,2,0
2024-02-17,2.6361131,-0.0021151001,0.382,0.238,0.15,0.18,0.29,0.29,0.8,0.338,2,0
2024-02-18,2.6448021,0.0032961114,0.382,0.238,0.15,0.18,0.29,0.29,0.8,0.338,2,0
2024-02-19,2.6377262,-0.0026753812,0.382,0.238,0.15,0.18,0.29,0.29,0.8,0.338,2,0
2024-02-20,2.6537922,0.0060908643,0.382,0.238,0.15,0.18,0.29,0.29,0.8,0.338,2,0
2024-02-21,2.6458629,-0.0029879201,0.382,0.238,0.15,0.18,0.29,0.29,0.8,0.338,2,0
2024-02-22,2.6358022,-0.0038024379,0.382,0.238,0.15,0.18,0.29,0.29,0.8,0.338,2,0
2024-02-23,2.6299832,-0.0022076751,0.382,0.238,0.15,0.18,0.29,0.29,0.8,0.338,2,0
2024-02-24,2.6445256,0.0055294585,0.382,0.238,0.15,0.18,0.29,0.29,0.8,0.338,2,0
2024-02-25,2.6474411,0.0011024851,0.382,0.238,0.15,0.18,0.29,0.29,0.8,0.338,2,0
2024-02-26,2.6936636,0.017459311,0.382,0.238,0.15,0.18,0.29,0.29,0.8,0.338,2,0
2024-02-27,2.7367848,0.01600839,0.382,0.238,0.15,0.18,0.29,0.29,0.8,0.338,2,0
2024-02-28,2.8318497,0.034735967,0.382,0.238,0.15,0.18,0.29,0.29,0.8,0.338,2,0
2024-02-29,2.799548,-0.011406566,0.382,0.238,0.15,0.18,0.29,0.29,0.8,0.338,2,0
2024-03-01,2.8401039,0.014486566,0.318,0.222,0.15,0.26,0.21,0.21,0.92,0.422,4,0.00012
2024-03-02,2.8404277,0.00011402019,0.382,0.238,0.15,0.18,0.29,0.29,0.8,0.338,2,0.00012
2024-03-03,2.8539549,0.0047623822,0.382,0.238,0.15,0.18,0.29,0.29,0.8,0.338,2,0
2024-03-04,2.9725735,0.041562878,0.334,0.226,0.15,0.24,0.23,0.23,0.89,0.476,3,9e-05
2024-03-05,2.9163,-0.018930889,0.334,0.226,0.15,0.24,0.23,0.23,0.8,0.326,3,0
2024-03-06,2.9972743,0.027766113,0.27,0.21,0.15,0.32,0.15,0.15,0.8,0.35,5,0.00012
2024-03-07,3.0199206,0.0075556283,0.334,0.226,0.15,0.24,0.23,0.23,0.8,0.326,3,0.00012
2024-03-08,3.0417782,0.007237809,0.27,0.21,0.15,0.32,0.15,0.15,0.8,0.35,5,0.00012
2024-03-09,3.0449525,0.0010435755,0.334,0.226,0.15,0.24,0.23,0.23,0.8,0.326,3,0.00012
2024-03-10,3.0587043,0.0045162575,0.334,0.226,0.15,0.24,0.23,0.23,0.8,0.326,3,0
2024-03-11,3.1292355,0.023059164,0.286,0.214,0.15,0.3,0.17,0.17,0.8,0.374,4,9e-05
2024-03-12,3.1088282,-0.006521509,0.334,0.226,0.15,0.24,0.23,0.23,0.8,0.326,3,9e-05
2024-03-13,3.1320888,0.0074821258,0.222,0.198,0.15,0.38,0.09,0.09,0.8,0.338,6,0.00021
2024-03-14,3.0985499,-0.010708151,0.334,0.226,0.15,0.24,0.23,0.23,0.8,0.326,3,0.00021
2024-03-15,3.0600508,-0.012424882,0.334,0.226,0.15,0.24,0.23,0.23,0.8,0.326,3,0
2024-03-16,2.9812711,-0.025744587,0.334,0.226,0.15,0.24,0.23,0.23,0.8,0.326,3,0
2024-03-17,3.0310619,0.016701203,0.382,0.238,0.15,0.18,0.29,0.29,0.8,0.338,2,9e-05
2024-03-18,3.0304775,-0.0001928072,0.382,0.238,0.15,0.18,0.29,0.29,0.8,0.338,2,0
2024-03-19,2.9393762,-0.030061696,0.382,0.238,0.15,0.18,0.29,0.29,0.8,0.338,2,0
2024-03-20,3.0621306,0.04176207,0.382,0.238,0.15,0.18,0.29,0.29,0.8,0.338,2,0
2024-03-21,3.0207244,-0.013522034,0.382,0.238,0.15,0.18,0.29,0.29,0.8,0.338,2,0
2024-03-22,2.9815568,-0.012966303,0.382,0.238,0.15,0.18,0.29,0.29,0.8,0.338,2,0
2024-03-23,2.9826148,0.00035487611,0.382,0.238,0.15,0.18,0.29,0.29,0.8,0.338,2,0
2024-03-24,3.0425158,0.020083388,0.382,0.238,0.15,0.18,0.29,0.29,0.8,0.338,2,0
2024-03-25,3.0878901,0.01491341,0.382,0.238,0.15,0.18,0.29,0.29,0.8,0.338,2,0
2024-03-26,3.0865717,-0.0004269814,0.334,0.226,0.15,0.24,0.23,0.23,0.8,0.326,3,9e-05
2024-03-27,3.0775576,-0.0029204002,0.334,0.226,0.15,0.24,0.23,0.23,0.8,0.326,3,0
2024-03-28,3.118812,0.013404904,0.382,0.238,0.15,0.18,0.29,0.29,0.8,0.338,2,9e-05
2024-03-29,3.1084275,-0.0033296284,0.382,0.238,0.15,0.18,0.29,0.29,0.8,0.338,2,0
2024-03-30,3.097697,-0.0034520829,0.382,0.238,0.15,0.18,0.29,0.29,0.8,0.338,2,0
2024-03-31,3.1326976,0.011298916,0.382,0.238,0.15,0.18,0.29,0.29,0.8,0.338,2,0
2024-04-01,3.1117897,-0.0066740684,0.334,0.226,0.15,0.24,0.23,0.23,0.8,0.386,3,9e-05
2024-04-02,3.0655014,-0.014875148,0.382,0.238,0.15,0.18,0.29,0.29,0.8,0.338,2,9e-05
2024-04-03,3.0938359,0.0092430102,0.44592593,0.13666667,0.047407407,0.32,0.15,0.15,0.90259259,0.27666667,5,0.00024788889
2024-04-04,3.1013493,0.0024284998,0.55792593,0.16466667,0.047407407,0.18,0.29,0.29,0.90259259,0.26466667,2,0.00021
2024-04-05,3.1089386,0.0024470979,0.318,0.222,0.15,0.26,0.21,0.21,0.8,0.362,4,0.00044588889
2024-04-06,3.1053391,-0.0011577879,0.63792593,0.18466667,0.047407407,0.08,0.39,0.39,0.90259259,0.18466667,1,0.00053588889
2024-04-07,3.0981177,-0.0023254768,0.63792593,0.18466667,0.047407407,0.08,0.39,0.39,0.90259259,0.18466667,1,0
2024-04-08,3.1436015,0.014681105,0.58992593,0.17266667,0.047407407,0.14,0.33,0.33,0.90259259,0.23266667,2,9e-05
2024-04-09,3.1241942,-0.0061735629,0.54192593,0.16066667,0.047407407,0.2,0.27,0.27,0.90259259,0.16066667,3,9e-05
2024-04-10,3.122516,-0.0005371641,0.47792593,0.14466667,0.047407407,0.28,0.19,0.19,0.90259259,0.18466667,5,0.00012
2024-04-11,3.1436403,0.0067651367,0.54192593,0.16066667,0.047407407,0.2,0.27,0.27,0.90259259,0.16066667,3,0.00012
2024-04-12,3.0986047,-0.014325945,0.47792593,0.14466667,0.047407407,0.28,0.19,0.19,0.90259259,0.18466667,5,0.00012
2024-04-13,3.1499857,0.016581997,0.58992593,0.17266667,0.047407407,0.14,0.33,0.33,0.90259259,0.17266667,2,0.00021
2024-04-14,3.1211245,-0.0091623495,0.58992593,0.17266667,0.047407407,0.14,0.33,0.33,0.90259259,0.17266667,2,0
2024-04-15,3.136839,0.0050349107,0.58992593,0.17266667,0.047407407,0.14,0.33,0.33,0.90259259,0.17266667,2,0
2024-04-16,3.119149,-0.0056394478,0.58992593,0.17266667,0.047407407,0.14,0.33,0.33,0.90259259,0.17266667,2,0
2024-04-17,3.0895864,-0.0094777784,0.63792593,0.18466667,0.047407407,0.08,0.39,0.39,0.90259259,0.18466667,1,9e-05
2024-04-18,3.100171,0.003425902,0.63792593,0.18466667,0.047407407,0.08,0.39,0.39,0.90259259,0.18466667,1,0
2024-04-19,3.1116444,0.0037008848,0.63792593,0.18466667,0.047407407,0.08,0.39,0.39,0.90259259,0.18466667,1,0
2024-04-20,3.1184851,0.0021984192,0.63792593,0.18466667,0.047407407,0.08,0.39,0.39,0.90259259,0.18466667,1,0
2024-04-21,3.1077088,-0.003455611,0.63792593,0.18466667,0.047407407,0.08,0.39,0.39,0.90259259,0.18466667,1,0
2024-04-22,3.0784703,-0.0094083884,0.63792593,0.18466667,0.047407407,0.08,0.39,0.39,0.90259259,0.18466667,1,0
2024-04-23,3.0640503,-0.0046841453,0.63792593,0.18466667,0.047407407,0.08,0.39,0.39,0.90259259,0.18466667,1,0
2024-04-24,3.0349957,-0.0094824124,0.63792593,0.18466667,0.047407407,0.08,0.39,0.39,0.90259259,0.18466667,1,0
2024-04-25,3.0630017,0.0092277075,0.63792593,0.18466667,0.047407407,0.08,0.39,0.39,0.90259259,0.18466667,1,0
2024-04-26,3.0717644,0.0028607985,0.63792593,0.18466667,0.047407407,0.08,0.39,0.39,0.90259259,0.18466667,1,0
2024-04-27,3.0791178,0.0023938779,0.63792593,0.18466667,0.047407407,0.08,0.39,0.39,0.90259259,0.18466667,1,0
2024-04-28,3.0752282,-0.0012632267,0.63792593,0.18466667,0.047407407,0.08,0.39,0.39,0.90259259,0.18466667,1,0
2024-04-29,3.072013,-0.0010455119,0.63792593,0.18466667,0.047407407,0.08,0.39,0.39,0.90259259,0.18466667,1,0
2024-04-30,3.0086144,-0.02063746,0.63792593,0.18466667,0.047407407,0.08,0.39,0.39,0.90259259,0.18466667,1,0
2024-05-01,2.9843546,-0.0080634619,0.52592593,0.15666667,0.047407407,0.22,0.25,0.25,0.90259259,0.19666667,4,0.00021
2024-05-02,2.9745627,-0.0032810677,0.57392593,0.16866667,0.047407407,0.16,0.31,0.31,0.90259259,0.088666667,2,9e-05
2024-05-03,3.0059253,0.010543598,0.50992593,0.15266667,0.047407407,0.24,0.23,0.23,0.90259259,0.11266667,4,0.00012
2024-05-04,3.0095411,0.0012028975,0.57392593,0.16866667,0.047407407,0.16,0.31,0.31,0.90259259,0.088666667,2,0.00012
2024-05-05,3.0085558,-0.00032739929,0.57392593,0.16866667,0.047407407,0.16,0.31,0.31,0.90259259,0.088666667,2,0
2024-05-06,3.0132601,0.0015636334,0.58992593,0.17266667,0.047407407,0.14,0.33,0.33,0.90259259,0.23266667,2,3e-05
2024-05-07,2.9930094,-0.006720544,0.63792593,0.18466667,0.047407407,0.08,0.39,0.39,0.90259259,0.18466667,1,9e-05
2024-05-08,2.9856005,-0.0024753748,0.52592593,0.15666667,0.047407407,0.22,0.25,0.25,0.90259259,0.19666667,4,0.00021
2024-05-09,3.0376293,0.017426556,0.63792593,0.18466667,0.047407407,0.08,0.39,0.39,0.90259259,0.18466667,1,0.00021
2024-05-10,3.0123562,-0.0083199907,0.57392593,0.16866667,0.047407407,0.16,0.31,0.31,0.90259259,0.20866667,3,0.00012
2024-05-11,3.0188833,0.002166765,0.63792593,0.18466667,0.047407407,0.08,0.39,0.39,0.90259259,0.18466667,1,0.00012
2024-05-12,3.027436,0.002833073,0.63792593,0.18466667,0.047407407,0.08,0.39,0.39,0.90259259,0.18466667,1,0
2024-05-13,3.0276463,6.9459651e-05,0.58992593,0.17266667,0.047407407,0.14,0.33,0.33,0.90259259,0.23266667,2,9e-05
2024-05-14,3.0319943,0.0014361139,0.63792593,0.18466667,0.047407407,0.08,0.39,0.39,0.90259259,0.18466667,1,9e-05
2024-05-15,3.1071926,0.024801586,0.63792593,0.18466667,0.047407407,0.08,0.39,0.39,0.90259259,0.18466667,1,0
2024-05-16,3.0829937,-0.0077880288,0.63792593,0.18466667,0.047407407,0.08,0.39,0.39,0.90259259,0.18466667,1,0
2024-05-17,3.1227908,0.012908601,0.63792593,0.18466667,0.047407407,0.08,0.39,0.39,0.90259259,0.18466667,1,0
2024-05-18,3.1173681,-0.0017365105,0.462,0.258,0.15,0.08,0.39,0.39,0.8,0.258,1,0.00037388889
2024-05-19,3.1218232,0.0014291256,0.462,0.258,0.15,0.08,0.39,0.39,0.8,0.258,1,0
2024-05-20,3.1731462,0.016440086,0.63792593,0.18466667,0.047407407,0.08,0.39,0.39,0.90259259,0.18466667,1,0.00037388889
2024-05-21,3.1566058,-0.0052126233,0.462,0.258,0.15,0.08,0.39,0.39,0.8,0.258,1,0.00037388889
2024-05-22,3.128428,-0.0089266038,0.462,0.258,0.15,0.08,0.39,0.39,0.8,0.258,1,0
2024-05-23,3.0822075,-0.014774377,0.63792593,0.18466667,0.047407407,0.08,0.39,0.39,0.90259259,0.18466667,1,0.00037388889
2024-05-24,3.0896748,0.002422727,0.63792593,0.18466667,0.047407407,0.08,0.39,0.39,0.90259259,0.18466667,1,0
2024-05-25,3.0972564,0.0024538532,0.462,0.258,0.15,0.08,0.39,0.39,0.8,0.258,1,0.00037388889
2024-05-26,3.0914026,-0.0018899962,0.462,0.258,0.15,0.08,0.39,0.39,0.8,0.258,1,0
2024-05-27,3.1059855,0.0047172228,0.462,0.258,0.15,0.08,0.39,0.39,0.8,0.258,1,0
2024-05-28,3.0898697,-0.0051886161,0.462,0.258,0.15,0.08,0.39,0.39,0.8,0.258,1,0
2024-05-29,3.0661203,-0.0076862216,0.462,0.258,0.15,0.08,0.39,0.39,0.8,0.258,1,0
2024-05-30,3.0823469,0.0052922383,0.462,0.258,0.15,0.08,0.39,0.39,0.8,0.258,1,0
2024-05-31,3.0693849,-0.004205251,0.462,0.258,0.15,0.08,0.39,0.39,0.8,0.258,1,0
2024-06-01,3.0794663,0.0032845161,0.462,0.258,0.15,0.08,0.39,0.39,0.8,0.258,1,0
2024-06-02,3.0741139,-0.0017380972,0.462,0.258,0.15,0.08,0.39,0.39,0.8,0.258,1,0
2024-06-03,3.0952931,0.006889528,0.414,0.246,0.15,0.14,0.33,0.33,0.89,0.396,2,9e-05
2024-06-04,3.107887,0.004068723,0.462,0.258,0.15,0.08,0.39,0.39,0.8,0.258,1,9e-05
2024-06-05,3.1305486,0.0072916338,0.302,0.218,0.15,0.28,0.19,0.19,1.01,0.318,5,0.0003
2024-06-06,3.1271398,-0.0010888561,0.414,0.246,0.15,0.14,0.33,0.33,0.8,0.246,2,0.00021
2024-06-07,3.0849766,-0.013482996,0.398,0.242,0.15,0.16,0.31,0.31,0.92,0.342,3,3e-05
2024-06-08,3.0786602,-0.0020474806,0.462,0.258,0.15,0.08,0.39,0.39,0.8,0.258,1,0.00012
2024-06-09,3.089454,0.0035060172,0.462,0.258,0.15,0.08,0.39,0.39,0.8,0.258,1,0
2024-06-10,3.0927191,0.0010568365,0.414,0.246,0.15,0.14,0.33,0.33,0.89,0.396,2,9e-05
2024-06-11,3.0657929,-0.0087063062,0.462,0.258,0.15,0.08,0.39,0.39,0.8,0.258,1,9e-05
2024-06-12,3.0956719,0.0097459385,0.35,0.23,0.15,0.22,0.25,0.25,1.01,0.33,4,0.00021
2024-06-13,3.0671956,-0.0091987614,0.462,0.258,0.15,0.08,0.39,0.39,0.8,0.258,1,0.00021
2024-06-14,3.0736518,0.0021049187,0.398,0.242,0.15,0.16,0.31,0.31,0.92,0.342,3,0.00012
2024-06-15,3.0840921,0.003396714,0.63792593,0.18466667,0.047407407,0.08,0.39,0.39,0.90259259,0.18466667,1,0.00044588889
2024-06-16,3.0821369,-0.00063395223,0.63792593,0.18466667,0.047407407,0.08,0.39,0.39,0.90259259,0.18466667,1,0
2024-06-17,3.0706105,-0.0037397727,0.63792593,0.18466667,0.047407407,0.08,0.39,0.39,0.90259259,0.18466667,1,0
2024-06-18,3.0635967,-0.0022841545,0.63792593,0.18466667,0.047407407,0.08,0.39,0.39,0.90259259,0.18466667,1,0
2024-06-19,3.0593819,-0.0013757578,0.63792593,0.18466667,0.047407407,0.08,0.39,0.39,0.90259259,0.18466667,1,0
2024-06-20,3.0838118,0.0079852341,0.63792593,0.18466667,0.047407407,0.08,0.39,0.39,0.90259259,0.18466667,1,0
2024-06-21,3.0565379,-0.0088442266,0.63792593,0.18466667,0.047407407,0.08,0.39,0.39,0.90259259,0.18466667,1,0
2024-06-22,3.0542948,-0.0007338736,0.63792593,0.18466667,0.047407407,0.08,0.39,0.39,0.90259259,0.18466667,1,0
2024-06-23,3.0417551,-0.0041055968,0.63792593,0.18466667,0.047407407,0.08,0.39,0.39,0.90259259,0.18466667,1,0
2024-06-24,3.0157608,-0.0085458077,0.58992593,0.17266667,0.047407407,0.14,0.33,0.33,0.90259259,0.17266667,2,9e-05
2024-06-25,3.0212198,0.0018101386,0.58992593,0.17266667,0.047407407,0.14,0.33,0.33,0.90259259,0.17266667,2,0
2024-06-26,3.0056522,-0.0051527441,0.58992593,0.17266667,0.047407407,0.14,0.33,0.33,0.90259259,0.17266667,2,0
2024-06-27,3.0237882,0.0060339755,0.58992593,0.17266667,0.047407407,0.14,0.33,0.33,0.90259259,0.17266667,2,0
2024-06-28,3.0128696,-0.0036109156,0.63792593,0.18466667,0.047407407,0.08,0.39,0.39,0.90259259,0.18466667,1,9e-05
2024-06-29,3.0172706,0.0014607248,0.63792593,0.18466667,0.047407407,0.08,0.39,0.39,0.90259259,0.18466667,1,0
2024-06-30,3.0370057,0.0065407361,0.63792593,0.18466667,0.047407407,0.08,0.39,0.39,0.90259259,0.18466667,1,0
2024-07-01,3.0406578,0.0012025298,0.58992593,0.17266667,0.047407407,0.14,0.33,0.33,0.99259259,0.32266667,2,9e-05
2024-07-02,3.0411923,0.00017578761,0.63792593,0.18466667,0.047407407,0.08,0.39,0.39,0.90259259,0.18466667,1,9e-05
2024-07-03,3.0109012,-0.0099602788,0.52592593,0.15666667,0.047407407,0.22,0.25,0.25,1.1125926,0.25666667,4,0.00021
2024-07-04,2.968881,-0.013956026,0.63792593,0.18466667,0.047407407,0.08,0.39,0.39,0.90259259,0.18466667,1,0.00021
2024-07-05,2.9928874,0.008086025,0.57392593,0.16866667,0.047407407,0.16,0.31,0.31,1.0225926,0.26866667,3,0.00012
2024-07-06,3.0082121,0.005120363,0.63792593,0.18466667,0.047407407,0.08,0.39,0.39,0.90259259,0.18466667,1,0.00012
2024-07-07,2.9864788,-0.0072246746,0.63792593,0.18466667,0.047407407,0.08,0.39,0.39,0.90259259,0.18466667,1,0
2024-07-08,2.9925745,0.0020411202,0.58992593,0.17266667,0.047407407,0.14,0.33,0.33,0.99259259,0.32266667,2,9e-05
2024-07-09,3.0037545,0.0037358991,0.63792593,0.18466667,0.047407407,0.08,0.39,0.39,0.90259259,0.18466667,1,9e-05
2024-07-10,3.0123874,0.0028740319,0.52592593,0.15666667,0.047407407,0.22,0.25,0.25,1.1125926,0.25666667,4,0.00021
2024-07-11,3.0383281,0.0086113712,0.63792593,0.18466667,0.047407407,0.08,0.39,0.39,0.90259259,0.18466667,1,0.00021
2024-07-12,3.0493405,0.0036244917,0.52592593,0.15666667,0.047407407,0.22,0.25,0.25,1.0225926,0.25666667,4,0.00021
2024-07-13,3.0613453,0.0039368238,0.58992593,0.17266667,0.047407407,0.14,0.33,0.33,0.90259259,0.17266667,2,0.00012
2024-07-14,3.0767335,0.0050266378,0.58992593,0.17266667,0.047407407,0.14,0.33,0.33,0.90259259,0.17266667,2,0
2024-07-15,3.1201945,0.014125703,0.58992593,0.17266667,0.047407407,0.14,0.33,0.33,0.90259259,0.17266667,2,0
2024-07-16,3.1584113,0.012248183,0.63792593,0.18466667,0.047407407,0.08,0.39,0.39,0.90259259,0.18466667,1,9e-05
2024-07-17,3.1465615,-0.003751804,0.63792593,0.18466667,0.047407407,0.08,0.39,0.39,0.90259259,0.18466667,1,0
2024-07-18,3.1317104,-0.0047197881,0.63792593,0.18466667,0.047407407,0.08,0.39,0.39,0.90259259,0.18466667,1,0
2024-07-19,3.1427294,0.0035185112,0.63792593,0.18466667,0.047407407,0.08,0.39,0.39,0.90259259,0.18466667,1,0
2024-07-20,3.1386033,-0.0013128856,0.63792593,0.18466667,0.047407407,0.08,0.39,0.39,0.90259259,0.18466667,1,0
2024-07-21,3.1566457,0.0057485432,0.63792593,0.18466667,0.047407407,0.08,0.39,0.39,0.90259259,0.18466667,1,0
2024-07-22,3.1364982,-0.0063825878,0.462,0.258,0.15,0.08,0.39,0.39,0.8,0.258,1,0.00037388889
2024-07-23,3.122308,-0.0045242113,0.462,0.258,0.15,0.08,0.39,0.39,0.8,0.258,1,0
2024-07-24,3.1088623,-0.0043063303,0.63792593,0.18466667,0.047407407,0.08,0.39,0.39,0.90259259,0.18466667,1,0.00037388889
2024-07-25,3.1010078,-0.002526482,0.462,0.258,0.15,0.08,0.39,0.39,0.8,0.258,1,0.00037388889
2024-07-26,3.1370248,0.011614608,0.462,0.258,0.15,0.08,0.39,0.39,0.8,0.258,1,0
2024-07-27,3.1351773,-0.00058891788,0.462,0.258,0.15,0.08,0.39,0.39,0.8,0.258,1,0
2024-07-28,3.14435,0.0029257119,0.462,0.258,0.15,0.08,0.39,0.39,0.8,0.258,1,0
2024-07-29,3.122795,-0.0068551311,0.462,0.258,0.15,0.08,0.39,0.39,0.8,0.258,1,0
2024-07-30,3.1247584,0.00062870848,0.462,0.258,0.15,0.08,0.39,0.39,0.8,0.258,1,0
2024-07-31,3.1262952,0.00049183138,0.462,0.258,0.15,0.08,0.39,0.39,0.8,0.258,1,0
2024-08-01,3.1284212,0.00068002875,0.63792593,0.18466667,0.047407407,0.08,0.39,0.39,0.90259259,0.18466667,1,0.00037388889
2024-08-02,3.0981485,-0.0096766672,0.398,0.242,0.15,0.16,0.31,0.31,0.92,0.342,3,0.00044588889
2024-08-03,3.0976142,-0.00017244907,0.58992593,0.17266667,0.047407407,0.14,0.33,0.33,0.90259259,0.17266667,2,0.00039188889
2024-08-04,3.0580717,-0.012765494,0.414,0.246,0.15,0.14,0.33,0.33,0.8,0.246,2,0.00037388889
2024-08-05,3.0014037,-0.018530615,0.54192593,0.16066667,0.047407407,0.2,0.27,0.27,0.99259259,0.31066667,3,0.00031988889
2024-08-06,3.0125144,0.0037018265,0.58992593,0.17266667,0.047407407,0.14,0.33,0.33,0.90259259,0.17266667,2,9e-05
2024-08-07,2.9841265,-0.0094233167,0.52592593,0.15666667,0.047407407,0.22,0.25,0.25,0.90259259,0.19666667,4,0.00012
2024-08-08,3.0834982,0.03330011,0.63792593,0.18466667,0.047407407,0.08,0.39,0.39,0.90259259,0.18466667,1,0.00021
2024-08-09,3.0671559,-0.0052999249,0.398,0.242,0.15,0.16,0.31,0.31,0.8,0.282,3,0.00044588889
2024-08-10,3.0726191,0.0017811972,0.462,0.258,0.15,0.08,0.39,0.39,0.8,0.258,1,0.00012
2024-08-11,3.0462491,-0.0085822564,0.462,0.258,0.15,0.08,0.39,0.39,0.8,0.258,1,0
2024-08-12,3.0781099,0.01045902,0.58992593,0.17266667,0.047407407,0.14,0.33,0.33,0.90259259,0.23266667,2,0.00031988889
2024-08-13,3.0809748,0.00093072172,0.63792593,0.18466667,0.047407407,0.08,0.39,0.39,0.90259259,0.18466667,1,9e-05
2024-08-14,3.0493613,-0.010260879,0.52592593,0.15666667,0.047407407,0.22,0.25,0.25,0.90259259,0.19666667,4,0.00021
2024-08-15,3.0441249,-0.0017171953,0.63792593,0.18466667,0.047407407,0.08,0.39,0.39,0.90259259,0.18466667,1,0.00021
2024-08-16,3.0885705,0.014600453,0.63792593,0.18466667,0.047407407,0.08,0.39,0.39,0.90259259,0.18466667,1,0
2024-08-17,3.1173433,0.0093158962,0.70192593,0.20066667,0.047407407,0,0.47,0.47,0.90259259,0.20066667,0,0.00012
2024-08-18,3.0957329,-0.006932327,0.70192593,0.20066667,0.047407407,0,0.47,0.47,0.90259259,0.20066667,0,0
2024-08-19,3.1099695,0.004598794,0.70192593,0.20066667,0.047407407,0,0.47,0.47,0.90259259,0.20066667,0,0
2024-08-20,3.1029164,-0.0022678979,0.70192593,0.20066667,0.047407407,0,0.47,0.47,0.90259259,0.20066667,0,0
2024-08-21,3.1220586,0.0061691016,0.70192593,0.20066667,0.047407407,0,0.47,0.47,0.90259259,0.20066667,0,0
2024-08-22,3.1000684,-0.0070435182,0.70192593,0.20066667,0.047407407,0,0.47,0.47,0.90259259,0.20066667,0,0
2024-08-23,3.1596923,0.019233105,0.70192593,0.20066667,0.047407407,0,0.47,0.47,0.90259259,0.20066667,0,0
2024-08-24,3.1594594,-7.3719605e-05,0.63792593,0.18466667,0.047407407,0.08,0.39,0.39,0.90259259,0.26466667,1,0.00012
2024-08-25,3.1614337,0.00062490048,0.63792593,0.18466667,0.047407407,0.08,0.39,0.39,0.90259259,0.26466667,1,0
2024-08-26,3.1454179,-0.0050660076,0.63792593,0.18466667,0.047407407,0.08,0.39,0.39,0.90259259,0.26466667,1,0
2024-08-27,3.1137662,-0.010062774,0.63792593,0.18466667,0.047407407,0.08,0.39,0.39,0.90259259,0.26466667,1,0
2024-08-28,3.1027187,-0.0035479759,0.63792593,0.18466667,0.047407407,0.08,0.39,0.39,0.90259259,0.18466667,1,0
2024-08-29,3.1137957,0.0035701176,0.63792593,0.18466667,0.047407407,0.08,0.39,0.39,0.90259259,0.18466667,1,0
2024-08-30,3.1012617,-0.0040253179,0.63792593,0.18466667,0.047407407,0.08,0.39,0.39,0.90259259,0.18466667,1,0
2024-08-31,3.0998388,-0.00045880841,0.63792593,0.18466667,0.047407407,0.08,0.39,0.39,0.90259259,0.18466667,1,0
2024-09-01,3.112851,0.0041976773,0.63792593,0.18466667,0.047407407,0.08,0.39,0.39,0.90259259,-0.18466667,1,0
2024-09-02,3.100433,-0.0039892497,0.58992593,0.17266667,0.047407407,0.14,0.33,0.33,0.90259259,-0.11266667,2,9e-05
2024-09-03,3.1129632,0.0040414388,0.63792593,0.18466667,0.047407407,0.08,0.39,0.39,0.90259259,-0.18466667,1,9e-05
2024-09-04,3.1144966,0.00049256749,0.52592593,0.15666667,0.047407407,0.22,0.25,0.25,0.90259259,-0.11666667,4,0.00021
2024-09-05,3.1438112,0.0094123254,0.462,0.258,0.15,0.08,0.39,0.39,0.8,-0.258,1,0.00024788889
2024-09-06,3.1546007,0.0034319613,0.57392593,0.16866667,0.047407407,0.16,0.31,0.31,0.90259259,-0.12866667,3,0.00030188889
2024-09-07,3.1448244,-0.0030990432,0.63792593,0.18466667,0.047407407,0.08,0.39,0.39,0.90259259,-0.18466667,1,0.00012
2024-09-08,3.1404375,-0.0013949671,0.63792593,0.18466667,0.047407407,0.08,0.39,0.39,0.90259259,-0.18466667,1,0
2024-09-09,3.1296052,-0.0034493005,0.50992593,0.15266667,0.047407407,0.24,0.23,0.23,0.99259259,-0.10266667,3,0.00024
2024-09-10,3.1283577,-0.00039861067,0.62192593,0.18066667,0.047407407,0.1,0.37,0.37,0.90259259,-0.28066667,1,0.00021
2024-09-11,3.1051057,-0.0074326454,0.50992593,0.15266667,0.047407407,0.24,0.23,0.23,1.1125926,-0.15266667,4,0.00021
2024-09-12,3.1231351,0.0058063766,0.62192593,0.18066667,0.047407407,0.1,0.37,0.37,0.90259259,-0.28066667,1,0.00021
2024-09-13,3.1067847,-0.0052352659,0.55792593,0.16466667,0.047407407,0.18,0.29,0.29,1.0225926,-0.16466667,3,0.00012
2024-09-14,3.1103198,0.001137862,0.70192593,0.20066667,0.047407407,0,0.47,0.47,0.90259259,-0.20066667,0,0.00027
2024-09-15,3.1209881,0.003429959,0.70192593,0.20066667,0.047407407,0,0.47,0.47,0.90259259,-0.20066667,0,0
2024-09-16,3.1417698,0.0066587043,0.70192593,0.20066667,0.047407407,0,0.47,0.47,0.90259259,-0.20066667,0,0
2024-09-17,3.1105354,-0.009941662,0.70192593,0.20066667,0.047407407,0,0.47,0.47,0.90259259,-0.20066667,0,0
2024-09-18,3.0922047,-0.0058931094,0.70192593,0.20066667,0.047407407,0,0.47,0.47,0.90259259,-0.20066667,0,0
2024-09-19,3.0898262,-0.00076918173,0.63792593,0.18466667,0.047407407,0.08,0.39,0.39,0.90259259,-0.18466667,1,0.00012
2024-09-20,3.1048399,0.0048590795,0.462,0.258,0.15,0.08,0.39,0.39,0.8,-0.258,1,0.00037388889
2024-09-21,3.1069373,0.00067554334,0.63792593,0.18466667,0.047407407,0.08,0.39,0.39,0.90259259,-0.18466667,1,0.00037388889
2024-09-22,3.0981447,-0.0028300138,0.63792593,0.18466667,0.047407407,0.08,0.39,0.39,0.90259259,-0.18466667,1,0
2024-09-23,3.104111,0.0019257694,0.63792593,0.18466667,0.047407407,0.08,0.39,0.39,0.90259259,-0.18466667,1,0
2024-09-24,3.1146337,0.0033899392,0.63792593,0.18466667,0.047407407,0.08,0.39,0.39,0.90259259,-0.18466667,1,0
2024-09-25,3.1253493,0.003440403,0.63792593,0.18466667,0.047407407,0.08,0.39,0.39,0.90259259,-0.18466667,1,0
2024-09-26,3.1121919,-0.0042099018,0.63792593,0.18466667,0.047407407,0.08,0.39,0.39,0.90259259,-0.18466667,1,0
2024-09-27,3.0989197,-0.0042645986,0.462,0.258,0.15,0.08,0.39,0.39,0.8,-0.258,1,0.00037388889
2024-09-28,3.1022583,0.001077365,0.462,0.258,0.15,0.08,0.39,0.39,0.8,-0.258,1,0
2024-09-29,3.0996423,-0.00084327407,0.462,0.258,0.15,0.08,0.39,0.39,0.8,0.258,1,0
2024-09-30,3.0580327,-0.013423999,0.462,0.258,0.15,0.08,0.39,0.39,0.8,0.258,1,0
2024-10-01,3.0492488,-0.0028723976,0.462,0.258,0.15,0.08,0.39,0.39,0.8,0.258,1,0
2024-10-02,3.0134436,-0.011742315,0.35,0.23,0.15,0.22,0.25,0.25,1.01,0.33,4,0.00021
2024-10-03,3.0107727,-0.00088631258,0.63792593,0.18466667,0.047407407,0.08,0.39,0.39,0.90259259,0.18466667,1,0.00049988889
2024-10-04,3.0269096,0.0053597019,0.398,0.242,0.15,0.16,0.31,0.31,0.92,0.342,3,0.00044588889
2024-10-05,3.0383319,0.0037736016,0.462,0.258,0.15,0.08,0.39,0.39,0.8,0.258,1,0.00012
2024-10-06,3.0448876,0.002157649,0.462,0.258,0.15,0.08,0.39,0.39,0.8,0.258,1,0
2024-10-07,3.0301727,-0.0048326427,0.414,0.246,0.15,0.14,0.33,0.33,0.89,0.396,2,9e-05
2024-10-08,3.0165393,-0.0044992086,0.462,0.258,0.15,0.08,0.39,0.39,0.8,0.258,1,9e-05
2024-10-09,2.9839432,-0.010805798,0.35,0.23,0.15,0.22,0.25,0.25,1.01,0.33,4,0.00021
2024-10-10,2.991034,0.0023763225,0.462,0.258,0.15,0.08,0.39,0.39,0.8,0.258,1,0.00021
2024-10-11,3.0277586,0.012278235,0.50992593,0.15266667,0.047407407,0.24,0.23,0.23,1.0225926,0.17266667,4,0.00022988889
2024-10-12,3.0283909,0.00020881343,0.398,0.242,0.15,0.16,0.31,0.31,0.8,0.162,2,0.00030188889
2024-10-13,3.0240936,-0.0014189832,0.398,0.242,0.15,0.16,0.31,0.31,0.8,0.162,2,0
2024-10-14,3.0580376,0.011224514,0.52592593,0.15666667,0.047407407,0.22,0.25,0.25,0.99259259,0.22666667,3,0.00031988889
2024-10-15,3.075067,0.0055687428,0.462,0.258,0.15,0.08,0.39,0.39,0.8,0.258,1,0.00024788889
2024-10-16,3.0853635,0.0033483643,0.462,0.258,0.15,0.08,0.39,0.39,0.8,0.258,1,0
2024-10-17,3.0975262,0.0039420576,0.462,0.258,0.15,0.08,0.39,0.39,0.8,0.258,1,0
2024-10-18,3.1212172,0.0076483829,0.462,0.258,0.15,0.08,0.39,0.39,0.8,0.258,1,0
2024-10-19,3.1265717,0.0017155054,0.462,0.258,0.15,0.08,0.39,0.39,0.8,0.258,1,0
2024-10-20,3.135996,0.0030142453,0.462,0.258,0.15,0.08,0.39,0.39,0.8,0.258,1,0
2024-10-21,3.1135599,-0.0071543585,0.462,0.258,0.15,0.08,0.39,0.39,0.8,0.258,1,0
2024-10-22,3.1274127,0.0044491879,0.462,0.258,0.15,0.08,0.39,0.39,0.8,0.258,1,0
2024-10-23,3.1080061,-0.0062053247,0.462,0.258,0.15,0.08,0.39,0.39,0.8,0.258,1,0
2024-10-24,3.1326744,0.00793702,0.414,0.246,0.15,0.14,0.33,0.33,0.8,0.246,2,9e-05
2024-10-25,3.1191735,-0.0043097043,0.414,0.246,0.15,0.14,0.33,0.33,0.8,0.246,2,0
2024-10-26,3.1219756,0.00089833356,0.414,0.246,0.15,0.14,0.33,0.33,0.8,0.246,2,0
2024-10-27,3.1208179,-0.00037080966,0.58992593,0.17266667,0.047407407,0.14,0.33,0.33,0.90259259,0.17266667,2,0.00037388889
2024-10-28,3.1392368,0.0059019465,0.63792593,0.18466667,0.047407407,0.08,0.39,0.39,0.90259259,0.18466667,1,9e-05
2024-10-29,3.1744202,0.011207626,0.398,0.242,0.15,0.16,0.31,0.31,0.8,0.322,2,0.00044588889
2024-10-30,3.1800231,0.0017650222,0.35,0.23,0.15,0.22,0.25,0.25,0.8,0.31,3,9e-05
2024-10-31,3.1377983,-0.013278158,0.35,0.23,0.15,0.22,0.25,0.25,0.8,0.31,3,0
2024-11-01,3.1431235,0.0016971125,0.286,0.214,0.15,0.3,0.17,0.17,0.92,0.394,5,0.00012
2024-11-02,3.1424123,-0.00022625657,0.414,0.246,0.15,0.14,0.33,0.33,0.8,0.246,2,0.00024
2024-11-03,3.1326207,-0.0031159673,0.462,0.258,0.15,0.08,0.39,0.39,0.8,0.258,1,9e-05
2024-11-04,3.1132086,-0.0061967531,0.414,0.246,0.15,0.14,0.33,0.33,0.89,0.396,2,9e-05
2024-11-05,3.1274013,0.0045588498,0.462,0.258,0.15,0.08,0.39,0.39,0.8,0.258,1,9e-05
2024-11-06,3.2141982,0.027753686,0.35,0.23,0.15,0.22,0.25,0.25,1.01,0.33,4,0.00021
2024-11-07,3.2560193,0.013011385,0.414,0.246,0.15,0.14,0.33,0.33,0.8,0.246,2,0.00012
2024-11-08,3.2567191,0.00021491581,0.35,0.23,0.15,0.22,0.25,0.25,0.92,0.33,4,0.00012
2024-11-09,3.2652396,0.0026162677,0.414,0.246,0.15,0.14,0.33,0.33,0.8,0.246,2,0.00012
2024-11-10,3.3183756,0.016273249,0.382,0.238,0.15,0.18,0.29,0.29,0.8,0.338,2,6e-05
2024-11-11,3.4295331,0.033497562,0.334,0.226,0.15,0.24,0.23,0.23,0.89,0.476,3,9e-05
2024-11-12,3.3959269,-0.0097990653,0.382,0.238,0.15,0.18,0.29,0.29,0.8,0.338,2,9e-05
2024-11-13,3.4214617,0.0075192609,0.27,0.21,0.15,0.32,0.15,0.15,0.8,0.35,5,0.00021
2024-11-14,3.3793086,-0.012320214,0.382,0.238,0.15,0.18,0.29,0.29,0.8,0.338,2,0.00021
2024-11-15,3.4339839,0.016179443,0.382,0.238,0.15,0.18,0.29,0.29,0.8,0.338,2,0
2024-11-16,3.4243725,-0.0027989137,0.382,0.238,0.15,0.18,0.29,0.29,0.8,0.338,2,0
2024-11-17,3.4238691,-0.00014701239,0.382,0.238,0.15,0.18,0.29,0.29,0.8,0.338,2,0
2024-11-18,3.4532426,0.0085790445,0.382,0.238,0.15,0.18,0.29,0.29,0.8,0.338,2,0
2024-11-19,3.4883915,0.010178516,0.382,0.238,0.15,0.18,0.29,0.29,0.8,0.338,2,0
2024-11-20,3.5132479,0.0071254482,0.334,0.226,0.15,0.24,0.23,0.23,0.8,0.326,3,9e-05
2024-11-21,3.5899442,0.021830607,0.334,0.226,0.15,0.24,0.23,0.23,0.8,0.326,3,0
2024-11-22,3.6184942,0.0079527714,0.334,0.226,0.15,0.24,0.23,0.23,0.8,0.326,3,0
2024-11-23,3.6088512,-0.0026649287,0.334,0.226,0.15,0.24,0.23,0.23,0.8,0.326,3,0
2024-11-24,3.6132507,0.0012190905,0.334,0.226,0.15,0.24,0.23,0.23,0.8,0.326,3,0
2024-11-25,3.5135425,-0.027595156,0.334,0.226,0.15,0.24,0.23,0.23,0.8,0.326,3,0
2024-11-26,3.5037106,-0.0027982851,0.382,0.238,0.15,0.18,0.29,0.29,0.8,0.338,2,9e-05
2024-11-27,3.5581859,0.015547886,0.382,0.238,0.15,0.18,0.29,0.29,0.8,0.338,2,0
2024-11-28,3.5471078,-0.0031134069,0.334,0.226,0.15,0.24,0.23,0.23,0.8,0.326,3,9e-05
2024-11-29,3.5705236,0.0066013759,0.334,0.226,0.15,0.24,0.23,0.23,0.8,0.326,3,0
2024-11-30,3.5643173,-0.0017382027,0.334,0.226,0.15,0.24,0.23,0.23,0.8,0.326,3,0
2024-12-01,3.5822304,0.0050256901,0.334,0.226,0.15,0.24,0.23,0.23,0.8,0.326,3,0
2024-12-02,3.5516813,-0.0085279667,0.286,0.214,0.15,0.3,0.17,0.17,0.8,0.374,4,9e-05
2024-12-03,3.5490801,-0.00073239393,0.334,0.226,0.15,0.24,0.23,0.23,0.8,0.326,3,9e-05
2024-12-04,3.609149,0.016925213,0.222,0.198,0.15,0.38,0.09,0.09,0.8,0.338,6,0.00021
2024-12-05,3.580829,-0.0078467109,0.334,0.226,0.15,0.24,0.23,0.23,0.8,0.326,3,0.00021
2024-12-06,3.6255859,0.012499027,0.27,0.21,0.15,0.32,0.15,0.15,0.8,0.35,5,0.00012
2024-12-07,3.624933,-0.00018007666,0.334,0.226,0.15,0.24,0.23,0.23,0.8,0.326,3,0.00012
2024-12-08,3.6430027,0.0049848287,0.334,0.226,0.15,0.24,0.23,0.23,0.8,0.326,3,0
2024-12-09,3.5789495,-0.01758253,0.286,0.214,0.15,0.3,0.17,0.17,0.89,0.464,4,9e-05
2024-12-10,3.5819809,0.00084701168,0.334,0.226,0.15,0.24,0.23,0.23,0.8,0.326,3,9e-05
2024-12-11,3.6851937,0.028814447,0.222,0.198,0.15,0.38,0.09,0.09,1.01,0.398,6,0.00021
2024-12-12,3.6636472,-0.0058467751,0.334,0.226,0.15,0.24,0.23,0.23,0.8,0.326,3,0.00021
2024-12-13,3.6755363,0.0032451561,0.27,0.21,0.15,0.32,0.15,0.15,0.92,0.41,5,0.00012
2024-12-14,3.6671303,-0.0022870287,0.334,0.226,0.15,0.24,0.23,0.23,0.8,0.326,3,0.00012
2024-12-15,3.7119001,0.012208404,0.334,0.226,0.15,0.24,0.23,0.23,0.8,0.326,3,0
2024-12-16,3.7299149,0.00485325,0.27,0.21,0.15,0.32,0.15,0.15,0.8,0.39,4,0.00012
2024-12-17,3.7241885,-0.0015352539,0.27,0.21,0.15,0.32,0.15,0.15,0.8,0.39,4,0
2024-12-18,3.6329915,-0.024487751,0.318,0.222,0.15,0.26,0.21,0.21,0.8,0.402,3,9e-05
2024-12-19,3.6047968,-0.0077607467,0.318,0.222,0.15,0.26,0.21,0.21,0.8,0.402,3,0
2024-12-20,3.6193572,0.0040391849,0.382,0.238,0.15,0.18,0.29,0.29,0.8,0.338,2,0.00012
2024-12-21,3.6084485,-0.0030139863,0.55792593,0.16466667,0.047407407,0.18,0.29,0.29,0.90259259,0.26466667,2,0.00037388889
2024-12-22,3.5894171,-0.0052741139,0.55792593,0.16466667,0.047407407,0.18,0.29,0.29,0.90259259,0.26466667,2,0
2024-12-23,3.5834265,-0.0016689693,0.55792593,0.16466667,0.047407407,0.18,0.29,0.29,0.90259259,0.26466667,2,0
2024-12-24,3.6274363,0.012281475,0.55792593,0.16466667,0.047407407,0.18,0.29,0.29,0.90259259,0.26466667,2,0
2024-12-25,3.6373046,0.0027204739,0.55792593,0.16466667,0.047407407,0.18,0.29,0.29,0.90259259,0.26466667,2,0
2024-12-26,3.6021791,-0.009657025,0.382,0.238,0.15,0.18,0.29,0.29,0.8,0.338,2,0.00037388889
2024-12-27,3.5777527,-0.0067810069,0.55792593,0.16466667,0.047407407,0.18,0.29,0.29,0.90259259,0.26466667,2,0.00037388889
2024-12-28,3.5977061,0.0055770858,0.55792593,0.16466667,0.047407407,0.18,0.29,0.29,0.90259259,0.26466667,2,0
2024-12-29,3.5784219,-0.0053601295,0.55792593,0.16466667,0.047407407,0.18,0.29,0.29,0.90259259,0.26466667,2,0
2024-12-30,3.5463414,-0.0089649883,0.55792593,0.16466667,0.047407407,0.18,0.29,0.29,0.90259259,0.26466667,2,0
2024-12-31,3.5634335,0.0048196323,0.55792593,0.16466667,0.047407407,0.18,0.29,0.29,0.90259259,0.26466667,2,0
2025-01-01,3.5673279,0.0010928794,0.44592593,0.13666667,0.047407407,0.32,0.15,0.15,1.1125926,0.33666667,5,0.00021
2025-01-02,3.6110088,0.012244715,0.55792593,0.16466667,0.047407407,0.18,0.29,0.29,0.90259259,0.26466667,2,0.00021
2025-01-03,3.614366,0.000929715,0.49392593,0.14866667,0.047407407,0.26,0.21,0.21,1.0225926,0.34866667,4,0.00012
2025-01-04,3.6136944,-0.0001858306,0.55792593,0.16466667,0.047407407,0.18,0.29,0.29,0.90259259,0.26466667,2,0.00012
2025-01-05,3.6133038,-0.00010807537,0.55792593,0.16466667,0.047407407,0.18,0.29,0.29,0.90259259,0.26466667,2,0
2025-01-06,3.6571432,0.012132769,0.58992593,0.17266667,0.047407407,0.14,0.33,0.33,0.99259259,0.32266667,2,6e-05
2025-01-07,3.6033097,-0.014720084,0.58992593,0.17266667,0.047407407,0.14,0.33,0.33,0.90259259,0.17266667,2,0
2025-01-08,3.5781091,-0.006993738,0.52592593,0.15666667,0.047407407,0.22,0.25,0.25,1.1125926,0.25666667,4,0.00012
2025-01-09,3.5642803,-0.0038648382,0.63792593,0.18466667,0.047407407,0.08,0.39,0.39,0.90259259,0.18466667,1,0.00021
2025-01-10,3.5875725,0.0065349009,0.57392593,0.16866667,0.047407407,0.16,0.31,0.31,1.0225926,0.26866667,3,0.00012
2025-01-11,3.5956866,0.0022617051,0.63792593,0.18466667,0.047407407,0.08,0.39,0.39,0.90259259,0.18466667,1,0.00012
2025-01-12,3.5953625,-9.0139575e-05,0.63792593,0.18466667,0.047407407,0.08,0.39,0.39,0.90259259,0.18466667,1,0
2025-01-13,3.5604111,-0.0097212334,0.58992593,0.17266667,0.047407407,0.14,0.33,0.33,0.99259259,0.32266667,2,9e-05
2025-01-14,3.576536,0.0045289463,0.58992593,0.17266667,0.047407407,0.14,0.33,0.33,0.90259259,0.17266667,2,0
2025-01-15,3.6163101,0.011120837,0.58992593,0.17266667,0.047407407,0.14,0.33,0.33,0.90259259,0.17266667,2,0
2025-01-16,3.6309442,0.004046694,0.58992593,0.17266667,0.047407407,0.14,0.33,0.33,0.90259259,0.17266667,2,0
2025-01-17,3.644652,0.0037752754,0.58992593,0.17266667,0.047407407,0.14,0.33,0.33,0.90259259,0.17266667,2,0
2025-01-18,3.6432128,-0.00039489071,0.63792593,0.18466667,0.047407407,0.08,0.39,0.39,0.90259259,0.18466667,1,9e-05
2025-01-19,3.6042681,-0.01068964,0.462,0.258,0.15,0.08,0.39,0.39,0.8,0.258,1,0.00037388889
2025-01-20,3.6254127,0.0058665322,0.63792593,0.18466667,0.047407407,0.08,0.39,0.39,0.90259259,0.18466667,1,0.00037388889
2025-01-21,3.6832929,0.015965141,0.462,0.258,0.15,0.08,0.39,0.39,0.8,0.258,1,0.00037388889
2025-01-22,3.6709415,-0.0033533591,0.462,0.258,0.15,0.08,0.39,0.39,0.8,0.258,1,0
2025-01-23,3.6698629,-0.0002938133,0.462,0.258,0.15,0.08,0.39,0.39,0.8,0.258,1,0
2025-01-24,3.6855077,0.0042630301,0.462,0.258,0.15,0.08,0.39,0.39,0.8,0.258,1,0
2025-01-25,3.6900642,0.0012363424,0.462,0.258,0.15,0.08,0.39,0.39,0.8,0.258,1,0
2025-01-26,3.6665635,-0.0063686518,0.462,0.258,0.15,0.08,0.39,0.39,0.8,0.258,1,0
2025-01-27,3.6494437,-0.0046691634,0.462,0.258,0.15,0.08,0.39,0.39,0.8,0.258,1,0
2025-01-28,3.6467094,-0.00074924133,0.414,0.246,0.15,0.14,0.33,0.33,0.8,0.246,2,9e-05
2025-01-29,3.6701087,0.0064165429,0.414,0.246,0.15,0.14,0.33,0.33,0.8,0.246,2,0
2025-01-30,3.7059062,0.0097538194,0.414,0.246,0.15,0.14,0.33,0.33,0.8,0.246,2,0
2025-01-31,3.6957757,-0.0027336036,0.414,0.246,0.15,0.14,0.33,0.33,0.8,0.246,2,0
2025-02-01,3.6749519,-0.0056345025,0.414,0.246,0.15,0.14,0.33,0.33,0.8,0.246,2,0
2025-02-02,3.6527987,-0.0060281566,0.63792593,0.18466667,0.047407407,0.08,0.39,0.39,0.90259259,0.18466667,1,0.00042788889
2025-02-03,3.7148876,0.016997632,0.58992593,0.17266667,0.047407407,0.14,0.33,0.33,0.99259259,0.32266667,2,9e-05
2025-02-04,3.6972235,-0.0047549648,0.58992593,0.17266667,0.047407407,0.14,0.33,0.33,0.90259259,0.17266667,2,0
2025-02-05,3.7472111,0.013520309,0.52592593,0.15666667,0.047407407,0.22,0.25,0.25,1.1125926,0.25666667,4,0.00012
2025-02-06,3.7140912,-0.0088385452,0.63792593,0.18466667,0.047407407,0.08,0.39,0.39,0.90259259,0.18466667,1,0.00021
2025-02-07,3.7250999,0.0029640358,0.57392593,0.16866667,0.047407407,0.16,0.31,0.31,1.0225926,0.26866667,3,0.00012
2025-02-08,3.724222,-0.00023566826,0.63792593,0.18466667,0.047407407,0.08,0.39,0.39,0.90259259,0.18466667,1,0.00012
2025-02-09,3.7442372,0.0053743221,0.63792593,0.18466667,0.047407407,0.08,0.39,0.39,0.90259259,0.18466667,1,0
2025-02-10,3.7752688,0.0082878304,0.58992593,0.17266667,0.047407407,0.14,0.33,0.33,0.99259259,0.32266667,2,9e-05
2025-02-11,3.7500032,-0.0066923941,0.63792593,0.18466667,0.047407407,0.08,0.39,0.39,0.90259259,0.18466667,1,9e-05
2025-02-12,3.7866652,0.00977654,0.52592593,0.15666667,0.047407407,0.22,0.25,0.25,1.1125926,0.25666667,4,0.00021
2025-02-13,3.7950816,0.0022226381,0.63792593,0.18466667,0.047407407,0.08,0.39,0.39,0.90259259,0.18466667,1,0.00021
2025-02-14,3.770288,-0.0065330823,0.57392593,0.16866667,0.047407407,0.16,0.31,0.31,1.0225926,0.26866667,3,0.00012
2025-02-15,3.7654166,-0.0012920642,0.63792593,0.18466667,0.047407407,0.08,0.39,0.39,0.90259259,0.18466667,1,0.00012
2025-02-16,3.7493296,-0.0042723,0.63792593,0.18466667,0.047407407,0.08,0.39,0.39,0.90259259,0.18466667,1,0
2025-02-17,3.7576792,0.0022269672,0.63792593,0.18466667,0.047407407,0.08,0.39,0.39,0.90259259,0.18466667,1,0
2025-02-18,3.7858047,0.007484804,0.63792593,0.18466667,0.047407407,0.08,0.39,0.39,0.90259259,0.18466667,1,0
2025-02-19,3.7921845,0.0016851807,0.63792593,0.18466667,0.047407407,0.08,0.39,0.39,0.90259259,0.18466667,1,0
2025-02-20,3.809202,0.0044875284,0.63792593,0.18466667,0.047407407,0.08,0.39,0.39,0.90259259,0.18466667,1,0
2025-02-21,3.7915687,-0.0046291429,0.63792593,0.18466667,0.047407407,0.08,0.39,0.39,0.90259259,0.18466667,1,0
2025-02-22,3.7984313,0.00180998,0.63792593,0.18466667,0.047407407,0.08,0.39,0.39,0.90259259,0.18466667,1,0
2025-02-23,3.8029089,0.0011788001,0.63792593,0.18466667,0.047407407,0.08,0.39,0.39,0.90259259,0.18466667,1,0
2025-02-24,3.7890885,-0.0036341654,0.63792593,0.18466667,0.047407407,0.08,0.39,0.39,0.90259259,0.18466667,1,0
2025-02-25,3.7283751,-0.01602324,0.63792593,0.18466667,0.047407407,0.08,0.39,0.39,0.90259259,0.18466667,1,0
2025-02-26,3.6892022,-0.010506681,0.63792593,0.18466667,0.047407407,0.08,0.39,0.39,0.90259259,0.18466667,1,0
2025-02-27,3.6560846,-0.008976915,0.63792593,0.18466667,0.047407407,0.08,0.39,0.39,0.90259259,0.18466667,1,0
2025-02-28,3.6314946,-0.0067257635,0.63792593,0.18466667,0.047407407,0.08,0.39,0.39,0.90259259,0.18466667,1,0
2025-03-01,3.6402665,0.0024155115,0.63792593,0.18466667,0.047407407,0.08,0.39,0.39,0.90259259,0.18466667,1,0
2025-03-02,3.7214385,0.02229836,0.63792593,0.18466667,0.047407407,0.08,0.39,0.39,0.90259259,0.18466667,1,0
2025-03-03,3.6563769,-0.017482904,0.58992593,0.17266667,0.047407407,0.14,0.33,0.33,0.99259259,0.32266667,2,9e-05
2025-03-04,3.6966833,0.011023577,0.63792593,0.18466667,0.047407407,0.08,0.39,0.39,0.90259259,0.18466667,1,9e-05
2025-03-05,3.7325518,0.009702888,0.52592593,0.15666667,0.047407407,0.22,0.25,0.25,0.90259259,0.19666667,4,0.00021
2025-03-06,3.7202145,-0.0033053282,0.63792593,0.18466667,0.047407407,0.08,0.39,0.39,0.90259259,0.18466667,1,0.00021
2025-03-07,3.7061744,-0.0037739901,0.57392593,0.16866667,0.047407407,0.16,0.31,0.31,0.90259259,0.20866667,3,0.00012
2025-03-08,3.7076616,0.00040125586,0.63792593,0.18466667,0.047407407,0.08,0.39,0.39,0.90259259,0.18466667,1,0.00012
2025-03-09,3.6617149,-0.012392364,0.63792593,0.18466667,0.047407407,0.08,0.39,0.39,0.90259259,0.18466667,1,0
2025-03-10,3.606095,-0.015189563,0.58992593,0.17266667,0.047407407,0.14,0.33,0.33,0.90259259,0.23266667,2,9e-05
2025-03-11,3.6656289,0.016509242,0.63792593,0.18466667,0.047407407,0.08,0.39,0.39,0.90259259,0.18466667,1,9e-05
2025-03-12,3.6779795,0.0033692909,0.52592593,0.15666667,0.047407407,0.22,0.25,0.25,0.90259259,0.19666667,4,0.00021
2025-03-13,3.7018256,0.0064834811,0.63792593,0.18466667,0.047407407,0.08,0.39,0.39,0.90259259,0.18466667,1,0.00021
2025-03-14,3.7224283,0.0055655592,0.57392593,0.16866667,0.047407407,0.16,0.31,0.31,0.90259259,0.20866667,3,0.00012
2025-03-15,3.7296382,0.0019368749,0.63792593,0.18466667,0.047407407,0.08,0.39,0.39,0.90259259,0.18466667,1,0.00012
2025-03-16,3.7422543,0.003382668,0.63792593,0.18466667,0.047407407,0.08,0.39,0.39,0.90259259,-0.18466667,1,0
2025-03-17,3.7382461,-0.0010710749,0.63792593,0.18466667,0.047407407,0.08,0.39,0.39,0.90259259,-0.18466667,1,0
2025-03-18,3.7932778,0.014721268,0.63792593,0.18466667,0.047407407,0.08,0.39,0.39,0.90259259,-0.18466667,1,0
2025-03-19,3.7559809,-0.0098323712,0.63792593,0.18466667,0.047407407,0.08,0.39,0.39,0.90259259,-0.18466667,1,0
2025-03-20,3.7695522,0.003613236,0.58992593,0.17266667,0.047407407,0.14,0.33,0.33,0.90259259,-0.17266667,2,9e-05
2025-03-21,3.756708,-0.0034073354,0.58992593,0.17266667,0.047407407,0.14,0.33,0.33,0.90259259,-0.17266667,2,0
2025-03-22,3.7658466,0.0024325924,0.58992593,0.17266667,0.047407407,0.14,0.33,0.33,0.90259259,-0.17266667,2,0
2025-03-23,3.7512269,-0.003882184,0.58992593,0.17266667,0.047407407,0.14,0.33,0.33,0.90259259,-0.17266667,2,0
2025-03-24,3.7121042,-0.01042929,0.63792593,0.18466667,0.047407407,0.08,0.39,0.39,0.90259259,-0.18466667,1,9e-05
2025-03-25,3.7199993,0.0021268471,0.63792593,0.18466667,0.047407407,0.08,0.39,0.39,0.90259259,-0.18466667,1,0
2025-03-26,3.7198891,-2.9624693e-05,0.63792593,0.18466667,0.047407407,0.08,0.39,0.39,0.90259259,-0.18466667,1,0
2025-03-27,3.7456307,0.0069199961,0.63792593,0.18466667,0.047407407,0.08,0.39,0.39,0.90259259,-0.18466667,1,0
2025-03-28,3.7944985,0.013046614,0.63792593,0.18466667,0.047407407,0.08,0.39,0.39,0.90259259,-0.18466667,1,0
2025-03-29,3.8296543,0.0092649416,0.63792593,0.18466667,0.047407407,0.08,0.39,0.39,0.90259259,-0.18466667,1,0
2025-03-30,3.8240702,-0.0014581158,0.63792593,0.18466667,0.047407407,0.08,0.39,0.39,0.90259259,-0.18466667,1,0
2025-03-31,3.8541367,0.0078624114,0.63792593,0.18466667,0.047407407,0.08,0.39,0.39,0.90259259,-0.18466667,1,0
2025-04-01,3.8184271,-0.0092652411,0.63792593,0.18466667,0.047407407,0.08,0.39,0.39,0.90259259,-0.18466667,1,0
2025-04-02,3.8748268,0.014770379,0.52592593,0.15666667,0.047407407,0.22,0.25,0.25,0.90259259,-0.11666667,4,0.00021
2025-04-03,3.8177093,-0.014740642,0.63792593,0.18466667,0.047407407,0.08,0.39,0.39,0.90259259,-0.18466667,1,0.00021
2025-04-04,3.7648242,-0.013852569,0.57392593,0.16866667,0.047407407,0.16,0.31,0.31,1.0225926,-0.068666667,3,0.00012
2025-04-05,3.7775776,0.0033874899,0.63792593,0.18466667,0.047407407,0.08,0.39,0.39,0.90259259,-0.18466667,1,0.00012
2025-04-06,3.7699971,-0.0020066956,0.63792593,0.18466667,0.047407407,0.08,0.39,0.39,0.90259259,-0.18466667,1,0
2025-04-07,3.7792014,0.0024414696,0.58992593,0.17266667,0.047407407,0.14,0.33,0.33,0.99259259,-0.022666667,2,9e-05
2025-04-08,3.8007487,0.0057015424,0.63792593,0.18466667,0.047407407,0.08,0.39,0.39,0.90259259,-0.18466667,1,9e-05
2025-04-09,3.9136364,0.02970143,0.52592593,0.15666667,0.047407407,0.22,0.25,0.25,1.1125926,-0.056666667,4,0.00021
2025-04-10,4.0178021,0.026616093,0.462,0.258,0.15,0.08,0.39,0.39,0.8,-0.258,1,0.00024788889
2025-04-11,4.0351916,0.0043281028,0.57392593,0.16866667,0.047407407,0.16,0.31,0.31,1.0225926,-0.068666667,3,0.00030188889
2025-04-12,4.0000902,-0.008698797,0.63792593,0.18466667,0.047407407,0.08,0.39,0.39,0.90259259,-0.18466667,1,0.00012
2025-04-13,4.0199421,0.0049628624,0.462,0.258,0.15,0.08,0.39,0.39,0.8,-0.258,1,0.00037388889
2025-04-14,4.0063937,-0.003370297,0.58992593,0.17266667,0.047407407,0.14,0.33,0.33,0.99259259,-0.022666667,2,0.00031988889
2025-04-15,4.0364629,0.0075052987,0.63792593,0.18466667,0.047407407,0.08,0.39,0.39,0.90259259,-0.18466667,1,9e-05
2025-04-16,4.1213796,0.021037404,0.63792593,0.18466667,0.047407407,0.08,0.39,0.39,0.90259259,-0.18466667,1,0
2025-04-17,4.0889978,-0.0078570426,0.63792593,0.18466667,0.047407407,0.08,0.39,0.39,0.90259259,-0.18466667,1,0
2025-04-18,4.0979403,0.0021869806,0.63792593,0.18466667,0.047407407,0.08,0.39,0.39,0.90259259,-0.18466667,1,0
2025-04-19,4.0886905,-0.0022571874,0.63792593,0.18466667,0.047407407,0.08,0.39,0.39,0.90259259,-0.18466667,1,0
2025-04-20,4.1049318,0.0039722564,0.63792593,0.18466667,0.047407407,0.08,0.39,0.39,0.90259259,-0.18466667,1,0
2025-04-21,4.1556835,0.012363593,0.63792593,0.18466667,0.047407407,0.08,0.39,0.39,0.90259259,-0.18466667,1,0
2025-04-22,4.0390944,-0.028055354,0.57392593,0.16866667,0.047407407,0.16,0.31,0.31,0.90259259,-0.088666667,2,0.00012
2025-04-23,4.0416078,0.00062228686,0.35,0.23,0.15,0.22,0.25,0.25,0.8,-0.15,3,0.00042788889
2025-04-24,4.0626978,0.0052181973,0.35,0.23,0.15,0.22,0.25,0.25,0.8,-0.15,3,0
2025-04-25,4.0364704,-0.0064556516,0.35,0.23,0.15,0.22,0.25,0.25,0.8,-0.15,3,0
2025-04-26,4.0342537,-0.00054916567,0.414,0.246,0.15,0.14,0.33,0.33,0.8,-0.246,2,0.00012
2025-04-27,4.0201486,-0.0034963429,0.462,0.258,0.15,0.08,0.39,0.39,0.8,0.258,1,9e-05
2025-04-28,4.0560521,0.0089308975,0.446,0.254,0.15,0.1,0.37,0.37,0.8,0.354,1,3e-05
2025-04-29,4.0327995,-0.0057328188,0.446,0.254,0.15,0.1,0.37,0.37,0.8,0.354,1,0
2025-04-30,4.0126025,-0.0050081795,0.446,0.254,0.15,0.1,0.37,0.37,0.8,0.354,1,0
2025-05-01,4.030182,0.0043810775,0.446,0.254,0.15,0.1,0.37,0.37,0.8,0.354,1,0
2025-05-02,4.0311778,0.00024708572,0.382,0.238,0.15,0.18,0.29,0.29,0.92,0.438,3,0.00012
2025-05-03,4.0183425,-0.003184019,0.446,0.254,0.15,0.1,0.37,0.37,0.8,0.354,1,0.00012
2025-05-04,3.9977298,-0.005129638,0.446,0.254,0.15,0.1,0.37,0.37,0.8,0.354,1,0
2025-05-05,4.0431242,0.011355026,0.398,0.242,0.15,0.16,0.31,0.31,0.89,0.492,2,9e-05
2025-05-06,4.1074139,0.015901016,0.446,0.254,0.15,0.1,0.37,0.37,0.8,0.354,1,9e-05
2025-05-07,4.1032604,-0.001011225,0.334,0.226,0.15,0.24,0.23,0.23,1.01,0.426,4,0.00021
2025-05-08,4.1627479,0.014497619,0.446,0.254,0.15,0.1,0.37,0.37,0.8,0.354,1,0.00021
2025-05-09,4.2134934,0.012190379,0.334,0.226,0.15,0.24,0.23,0.23,0.92,0.426,4,0.00021
2025-05-10,4.2601206,0.011066165,0.334,0.226,0.15,0.24,0.23,0.23,0.8,0.326,3,0
2025-05-11,4.2302026,-0.0070228216,0.334,0.226,0.15,0.24,0.23,0.23,0.8,0.326,3,0
2025-05-12,4.1836985,-0.010993349,0.286,0.214,0.15,0.3,0.17,0.17,0.89,0.464,4,9e-05
2025-05-13,4.2263077,0.010184591,0.334,0.226,0.15,0.24,0.23,0.23,0.8,0.326,3,9e-05
2025-05-14,4.1656742,-0.014346679,0.222,0.198,0.15,0.38,0.09,0.09,1.01,0.398,6,0.00021
2025-05-15,4.1841776,0.0044418651,0.334,0.226,0.15,0.24,0.23,0.23,0.8,0.326,3,0.00021
2025-05-16,4.1684584,-0.0037568172,0.334,0.226,0.15,0.24,0.23,0.23,0.8,0.326,3,0
2025-05-17,4.1600184,-0.0020247409,0.334,0.226,0.15,0.24,0.23,0.23,0.8,0.326,3,0
2025-05-18,4.2149681,0.013209016,0.334,0.226,0.15,0.24,0.23,0.23,0.8,0.326,3,0
2025-05-19,4.2024435,-0.0029714696,0.334,0.226,0.15,0.24,0.23,0.23,0.8,0.326,3,0
2025-05-20,4.2478241,0.010798619,0.334,0.226,0.15,0.24,0.23,0.23,0.8,0.326,3,0
2025-05-21,4.2952365,0.011161588,0.334,0.226,0.15,0.24,0.23,0.23,0.8,0.326,3,0
2025-05-22,4.3272073,0.0074433107,0.334,0.226,0.15,0.24,0.23,0.23,0.8,0.326,3,0
2025-05-23,4.2813208,-0.010604181,0.334,0.226,0.15,0.24,0.23,0.23,0.8,0.326,3,0
2025-05-24,4.2879393,0.0015458916,0.334,0.226,0.15,0.24,0.23,0.23,0.8,0.326,3,0
2025-05-25,4.3003701,0.0028990302,0.334,0.226,0.15,0.24,0.23,0.23,0.8,0.326,3,0
2025-05-26,4.3115991,0.0026111669,0.334,0.226,0.15,0.24,0.23,0.23,0.8,0.326,3,0
2025-05-27,4.2995813,-0.0027873135,0.334,0.226,0.15,0.24,0.23,0.23,0.8,0.326,3,0
2025-05-28,4.2713933,-0.0065559939,0.286,0.214,0.15,0.3,0.17,0.17,0.8,0.314,4,9e-05
2025-05-29,4.2593991,-0.0028080316,0.286,0.214,0.15,0.3,0.17,0.17,0.8,0.314,4,0
2025-05-30,4.2292234,-0.007084488,0.334,0.226,0.15,0.24,0.23,0.23,0.8,0.326,3,9e-05
2025-05-31,4.2353338,0.0014448046,0.334,0.226,0.15,0.24,0.23,0.23,0.8,0.326,3,0
2025-06-01,4.2607405,0.0059987452,0.382,0.238,0.15,0.18,0.29,0.29,0.8,0.338,2,9e-05
2025-06-02,4.2928683,0.0075404206,0.334,0.226,0.15,0.24,0.23,0.23,0.89,0.476,3,9e-05
2025-06-03,4.2727118,-0.004695347,0.382,0.238,0.15,0.18,0.29,0.29,0.8,0.338,2,9e-05
2025-06-04,4.2625707,-0.0023734606,0.27,0.21,0.15,0.32,0.15,0.15,1.01,0.41,5,0.00021
2025-06-05,4.2220411,-0.009508244,0.462,0.258,0.15,0.08,0.39,0.39,0.8,0.258,1,0.00036
2025-06-06,4.2195963,-0.00057905105,0.57392593,0.16866667,0.047407407,0.16,0.31,0.31,1.0225926,0.26866667,3,0.00030188889
2025-06-07,4.2306988,0.0026311541,0.462,0.258,0.15,0.08,0.39,0.39,0.8,0.258,1,0.00030188889
2025-06-08,4.2372706,0.0015533657,0.63792593,0.18466667,0.047407407,0.08,0.39,0.39,0.90259259,0.18466667,1,0.00037388889
2025-06-09,4.2894222,0.012307835,0.58992593,0.17266667,0.047407407,0.14,0.33,0.33,0.99259259,0.32266667,2,9e-05
2025-06-10,4.2974206,0.001864672,0.366,0.234,0.15,0.2,0.27,0.27,0.8,0.234,3,0.00042788889
2025-06-11,4.3064877,0.002109904,0.302,0.218,0.15,0.28,0.19,0.19,1.01,0.318,5,0.00012
2025-06-12,4.2924237,-0.0032657834,0.414,0.246,0.15,0.14,0.33,0.33,0.8,0.246,2,0.00021
2025-06-13,4.3348381,0.0098812292,0.52592593,0.15666667,0.047407407,0.22,0.25,0.25,1.0225926,0.25666667,4,0.00030188889
2025-06-14,4.3495184,0.0033865823,0.63792593,0.18466667,0.047407407,0.08,0.39,0.39,0.90259259,0.18466667,1,0.00021
2025-06-15,4.3424686,-0.0016208093,0.63792593,0.18466667,0.047407407,0.08,0.39,0.39,0.90259259,0.18466667,1,0
2025-06-16,4.316137,-0.0060637554,0.63792593,0.18466667,0.047407407,0.08,0.39,0.39,0.90259259,0.18466667,1,0
2025-06-17,4.2844818,-0.0073341335,0.63792593,0.18466667,0.047407407,0.08,0.39,0.39,0.90259259,0.18466667,1,0
2025-06-18,4.2723817,-0.0028241716,0.63792593,0.18466667,0.047407407,0.08,0.39,0.39,0.90259259,0.18466667,1,0
2025-06-19,4.2662056,-0.0014456019,0.63792593,0.18466667,0.047407407,0.08,0.39,0.39,0.90259259,0.18466667,1,0
2025-06-20,4.2599589,-0.001464229,0.63792593,0.18466667,0.047407407,0.08,0.39,0.39,0.90259259,0.18466667,1,0
2025-06-21,4.2526768,-0.0017094308,0.52592593,0.15666667,0.047407407,0.22,0.25,0.25,0.90259259,0.076666667,3,0.00021
2025-06-22,4.2521247,-0.0001298188,0.52592593,0.15666667,0.047407407,0.22,0.25,0.25,0.90259259,0.076666667,3,0
2025-06-23,4.261974,0.0023163346,0.52592593,0.15666667,0.047407407,0.22,0.25,0.25,0.90259259,0.076666667,3,0
2025-06-24,4.2531819,-0.002062923,0.52592593,0.15666667,0.047407407,0.22,0.25,0.25,0.90259259,0.076666667,3,0
2025-06-25,4.2683972,0.0035773899,0.63792593,0.18466667,0.047407407,0.08,0.39,0.39,0.90259259,0.18466667,1,0.00021
2025-06-26,4.2492782,-0.0044792038,0.58992593,0.17266667,0.047407407,0.14,0.33,0.33,0.90259259,0.17266667,2,9e-05
2025-06-27,4.219731,-0.0069534499,0.63792593,0.18466667,0.047407407,0.08,0.39,0.39,0.90259259,0.18466667,1,9e-05
2025-06-28,4.2162329,-0.00082898756,0.63792593,0.18466667,0.047407407,0.08,0.39,0.39,0.90259259,0.18466667,1,0
2025-06-29,4.2137262,-0.00059454268,0.63792593,0.18466667,0.047407407,0.08,0.39,0.39,0.90259259,0.18466667,1,0
2025-06-30,4.2403413,0.0063162904,0.63792593,0.18466667,0.047407407,0.08,0.39,0.39,0.90259259,0.18466667,1,0
2025-07-01,4.2515446,0.0026420726,0.63792593,0.18466667,0.047407407,0.08,0.39,0.39,0.90259259,0.18466667,1,0
2025-07-02,4.3348885,0.019603207,0.52592593,0.15666667,0.047407407,0.22,0.25,0.25,1.1125926,0.25666667,4,0.00021
2025-07-03,4.3261293,-0.0020206225,0.63792593,0.18466667,0.047407407,0.08,0.39,0.39,0.90259259,0.18466667,1,0.00021
2025-07-04,4.3052757,-0.0048203978,0.57392593,0.16866667,0.047407407,0.16,0.31,0.31,1.0225926,0.26866667,3,0.00012
2025-07-05,4.3070332,0.00040822495,0.63792593,0.18466667,0.047407407,0.08,0.39,0.39,0.90259259,0.18466667,1,0.00012
2025-07-06,4.3106726,0.00084499934,0.462,0.258,0.15,0.08,0.39,0.39,0.8,0.258,1,0.00037388889
2025-07-07,4.296106,-0.003379208,0.58992593,0.17266667,0.047407407,0.14,0.33,0.33,0.99259259,0.32266667,2,0.00031988889
2025-07-08,4.2786667,-0.0040593213,0.63792593,0.18466667,0.047407407,0.08,0.39,0.39,0.90259259,0.18466667,1,9e-05
2025-07-09,4.3602872,0.019076144,0.47792593,0.14466667,0.047407407,0.28,0.19,0.19,1.1125926,0.24466667,5,0.0003
2025-07-10,4.4168491,0.012972066,0.54192593,0.16066667,0.047407407,0.2,0.27,0.27,0.90259259,0.16066667,3,0.00012
2025-07-11,4.4611607,0.010032414,0.302,0.218,0.15,0.28,0.19,0.19,0.92,0.318,5,0.00044588889
2025-07-12,4.474647,0.0030230481,0.366,0.234,0.15,0.2,0.27,0.27,0.8,0.234,3,0.00012
2025-07-13,4.5012282,0.005940391,0.366,0.234,0.15,0.2,0.27,0.27,0.8,0.234,3,0
2025-07-14,4.4942573,-0.0015486586,0.366,0.234,0.15,0.2,0.27,0.27,0.89,0.384,3,0
2025-07-15,4.4799924,-0.0031740284,0.414,0.246,0.15,0.14,0.33,0.33,0.8,0.246,2,9e-05
2025-07-16,4.5155031,0.0079264959,0.414,0.246,0.15,0.14,0.33,0.33,0.8,0.246,2,0
2025-07-17,4.5254443,0.0022015666,0.334,0.226,0.15,0.24,0.23,0.23,0.8,0.326,3,0.00015
2025-07-18,4.5188345,-0.0014605677,0.334,0.226,0.15,0.24,0.23,0.23,0.8,0.326,3,0
2025-07-19,4.525669,0.0015124314,0.334,0.226,0.15,0.24,0.23,0.23,0.8,0.326,3,0
2025-07-20,4.5285507,0.00063674768,0.334,0.226,0.15,0.24,0.23,0.23,0.8,0.326,3,0
2025-07-21,4.5503452,0.0048126998,0.334,0.226,0.15,0.24,0.23,0.23,0.8,0.326,3,0
2025-07-22,4.5950448,0.0098233368,0.334,0.226,0.15,0.24,0.23,0.23,0.8,0.326,3,0
2025-07-23,4.5576944,-0.0081284134,0.334,0.226,0.15,0.24,0.23,0.23,0.8,0.326,3,0
2025-07-24,4.550518,-0.0015745673,0.334,0.226,0.15,0.24,0.23,0.23,0.8,0.326,3,0
2025-07-25,4.5307411,-0.0043460765,0.334,0.226,0.15,0.24,0.23,0.23,0.8,0.326,3,0
2025-07-26,4.536598,0.0012927171,0.27,0.21,0.15,0.32,0.15,0.15,0.8,0.23,4,0.00012
2025-07-27,4.5600729,0.0051745595,0.27,0.21,0.15,0.32,0.15,0.15,0.8,0.23,4,0
2025-07-28,4.5291295,-0.0067857347,0.27,0.21,0.15,0.32,0.15,0.15,0.8,0.23,4,0
2025-07-29,4.5328939,0.00083116163,0.27,0.21,0.15,0.32,0.15,0.15,0.8,0.23,4,0
2025-07-30,4.5159148,-0.0037457662,0.334,0.226,0.15,0.24,0.23,0.23,0.8,0.326,3,0.00012
2025-07-31,4.4799704,-0.0079594912,0.334,0.226,0.15,0.24,0.23,0.23,0.8,0.326,3,0
2025-08-01,4.4411159,-0.0086729419,0.27,0.21,0.15,0.32,0.15,0.15,0.92,0.41,5,0.00012
2025-08-02,4.4291399,-0.0026966172,0.55792593,0.16466667,0.047407407,0.18,0.29,0.29,0.90259259,0.26466667,2,0.00049988889
2025-08-03,4.4492091,0.0045311799,0.55792593,0.16466667,0.047407407,0.18,0.29,0.29,0.90259259,0.26466667,2,0
2025-08-04,4.4824439,0.0074698143,0.286,0.214,0.15,0.3,0.17,0.17,0.89,0.464,4,0.00048188889
2025-08-05,4.4655369,-0.0037718119,0.334,0.226,0.15,0.24,0.23,0.23,0.8,0.326,3,9e-05
2025-08-06,4.4939917,0.0063720746,0.39792593,0.12466667,0.047407407,0.38,0.09,0.09,1.1125926,0.32466667,6,0.00024788889
2025-08-07,4.5460657,0.011587485,0.414,0.246,0.15,0.14,0.33,0.33,0.8,0.246,2,0.00020611111
2025-08-08,4.5481763,0.0004642565,0.35,0.23,0.15,0.22,0.25,0.25,0.92,0.33,4,0.00012
2025-08-09,4.5602292,0.0026500498,0.58992593,0.17266667,0.047407407,0.14,0.33,0.33,0.90259259,0.17266667,2,0.00044588889
2025-08-10,4.5779873,0.0038941244,0.58992593,0.17266667,0.047407407,0.14,0.33,0.33,0.90259259,0.17266667,2,0
2025-08-11,4.5297655,-0.010533411,0.54192593,0.16066667,0.047407407,0.2,0.27,0.27,0.99259259,0.31066667,3,9e-05
2025-08-12,4.5588641,0.0064238731,0.58992593,0.17266667,0.047407407,0.14,0.33,0.33,0.90259259,0.17266667,2,9e-05
2025-08-13,4.6332671,0.016320509,0.42992593,0.13266667,0.047407407,0.34,0.13,0.13,1.1125926,0.23266667,6,0.0003
2025-08-14,4.5688901,-0.013894502,0.54192593,0.16066667,0.047407407,0.2,0.27,0.27,0.90259259,0.16066667,3,0.00021
2025-08-15,4.5533994,-0.0033904894,0.54192593,0.16066667,0.047407407,0.2,0.27,0.27,0.90259259,0.16066667,3,0
2025-08-16,4.5491512,-0.00093296038,0.58992593,0.17266667,0.047407407,0.14,0.33,0.33,0.90259259,0.17266667,2,9e-05
2025-08-17,4.543938,-0.0011459705,0.63792593,0.18466667,0.047407407,0.08,0.39,0.39,0.90259259,0.18466667,1,9e-05
2025-08-18,4.5419188,-0.0004443807,0.63792593,0.18466667,0.047407407,0.08,0.39,0.39,0.90259259,0.18466667,1,0
2025-08-19,4.501906,-0.0088096626,0.63792593,0.18466667,0.047407407,0.08,0.39,0.39,0.90259259,0.18466667,1,0
2025-08-20,4.5358653,0.0075433191,0.63792593,0.18466667,0.047407407,0.08,0.39,0.39,0.90259259,0.18466667,1,0
2025-08-21,4.51567,-0.0044523677,0.63792593,0.18466667,0.047407407,0.08,0.39,0.39,0.90259259,0.18466667,1,0
2025-08-22,4.5774002,0.013670219,0.63792593,0.18466667,0.047407407,0.08,0.39,0.39,0.90259259,0.18466667,1,0
2025-08-23,4.5631465,-0.003113925,0.63792593,0.18466667,0.047407407,0.08,0.39,0.39,0.90259259,0.18466667,1,0
2025-08-24,4.549233,-0.0030490945,0.63792593,0.18466667,0.047407407,0.08,0.39,0.39,0.90259259,0.18466667,1,0
2025-08-25,4.5090448,-0.008834077,0.63792593,0.18466667,0.047407407,0.08,0.39,0.39,0.90259259,0.18466667,1,0
2025-08-26,4.551641,0.0094468393,0.63792593,0.18466667,0.047407407,0.08,0.39,0.39,0.90259259,0.18466667,1,0
2025-08-27,4.5563754,0.0010401653,0.63792593,0.18466667,0.047407407,0.08,0.39,0.39,0.90259259,0.18466667,1,0
2025-08-28,4.5903551,0.007457612,0.63792593,0.18466667,0.047407407,0.08,0.39,0.39,0.90259259,0.18466667,1,0
2025-08-29,4.5983387,0.0017392152,0.63792593,0.18466667,0.047407407,0.08,0.39,0.39,0.90259259,0.18466667,1,0
2025-08-30,4.602634,0.00093409396,0.63792593,0.18466667,0.047407407,0.08,0.39,0.39,0.90259259,0.18466667,1,0
2025-08-31,4.5962885,-0.0013786814,0.63792593,0.18466667,0.047407407,0.08,0.39,0.39,0.90259259,0.18466667,1,0
2025-09-01,4.6425165,0.010057699,0.58992593,0.17266667,0.047407407,0.14,0.33,0.33,0.99259259,0.32266667,2,9e-05
2025-09-02,4.6959307,0.011505426,0.63792593,0.18466667,0.047407407,0.08,0.39,0.39,0.90259259,0.18466667,1,9e-05
2025-09-03,4.7583141,0.013284563,0.52592593,0.15666667,0.047407407,0.22,0.25,0.25,1.1125926,0.25666667,4,0.00021
2025-09-04,4.7362247,-0.0046422744,0.63792593,0.18466667,0.047407407,0.08,0.39,0.39,0.90259259,0.18466667,1,0.00021
2025-09-05,4.7802355,0.0092923957,0.57392593,0.16866667,0.047407407,0.16,0.31,0.31,1.0225926,0.26866667,3,0.00012
2025-09-06,4.8034271,0.0048515473,0.63792593,0.18466667,0.047407407,0.08,0.39,0.39,0.90259259,0.18466667,1,0.00012
2025-09-07,4.7911738,-0.002550943,0.63792593,0.18466667,0.047407407,0.08,0.39,0.39,0.90259259,0.18466667,1,0
2025-09-08,4.8345235,0.0090478158,0.58992593,0.17266667,0.047407407,0.14,0.33,0.33,0.99259259,0.32266667,2,9e-05
2025-09-09,4.8320374,-0.00051423505,0.63792593,0.18466667,0.047407407,0.08,0.39,0.39,0.90259259,0.18466667,1,9e-05
2025-09-10,4.8703721,0.0079334552,0.52592593,0.15666667,0.047407407,0.22,0.25,0.25,1.1125926,0.25666667,4,0.00021
2025-09-11,4.8727777,0.0004939228,0.63792593,0.18466667,0.047407407,0.08,0.39,0.39,0.90259259,0.18466667,1,0.00021
2025-09-12,4.8858966,0.0026922813,0.57392593,0.16866667,0.047407407,0.16,0.31,0.31,1.0225926,0.26866667,3,0.00012
2025-09-13,4.881688,-0.00086137513,0.63792593,0.18466667,0.047407407,0.08,0.39,0.39,0.90259259,0.18466667,1,0.00012
2025-09-14,4.8817,2.4506187e-06,0.63792593,0.18466667,0.047407407,0.08,0.39,0.39,0.90259259,0.18466667,1,0
2025-09-15,4.9160763,0.0070418769,0.63792593,0.18466667,0.047407407,0.08,0.39,0.39,0.90259259,0.18466667,1,0
2025-09-16,4.945491,0.0059833691,0.63792593,0.18466667,0.047407407,0.08,0.39,0.39,0.90259259,0.18466667,1,0
2025-09-17,4.9146803,-0.006230068,0.63792593,0.18466667,0.047407407,0.08,0.39,0.39,0.90259259,0.18466667,1,0
2025-09-18,4.896926,-0.0036124973,0.63792593,0.18466667,0.047407407,0.08,0.39,0.39,0.90259259,0.18466667,1,0
2025-09-19,4.924343,0.0055988119,0.63792593,0.18466667,0.047407407,0.08,0.39,0.39,0.90259259,0.18466667,1,0
2025-09-20,4.9212993,-0.00061808898,0.63792593,0.18466667,0.047407407,0.08,0.39,0.39,0.90259259,0.18466667,1,0
2025-09-21,4.9225199,0.00024802634,0.63792593,0.18466667,0.047407407,0.08,0.39,0.39,0.90259259,0.18466667,1,0
2025-09-22,4.9584442,0.0072979473,0.63792593,0.18466667,0.047407407,0.08,0.39,0.39,0.90259259,0.18466667,1,0
2025-09-23,4.9672447,0.0017748576,0.63792593,0.18466667,0.047407407,0.08,0.39,0.39,0.90259259,0.18466667,1,0
2025-09-24,4.961723,-0.0011116319,0.63792593,0.18466667,0.047407407,0.08,0.39,0.39,0.90259259,0.18466667,1,0
2025-09-25,4.925579,-0.0072845654,0.63792593,0.18466667,0.047407407,0.08,0.39,0.39,0.90259259,0.18466667,1,0
2025-09-26,4.9475727,0.0044652043,0.63792593,0.18466667,0.047407407,0.08,0.39,0.39,0.90259259,0.18466667,1,0
2025-09-27,4.9491605,0.00032092259,0.63792593,0.18466667,0.047407407,0.08,0.39,0.39,0.90259259,0.18466667,1,0
2025-09-28,4.9712346,0.0044601681,0.63792593,0.18466667,0.047407407,0.08,0.39,0.39,0.90259259,0.18466667,1,0
2025-09-29,5.0490313,0.015649372,0.63792593,0.18466667,0.047407407,0.08,0.39,0.39,0.90259259,0.18466667,1,0
2025-09-30,5.0613269,0.0024352388,0.462,0.258,0.15,0.08,0.39,0.39,0.8,0.258,1,0.00037388889
2025-10-01,5.165443,0.020570926,0.35,0.23,0.15,0.22,0.25,0.25,1.01,0.33,4,0.00021
2025-10-02,5.1924349,0.005225474,0.414,0.246,0.15,0.14,0.33,0.33,0.8,0.246,2,0.00012
2025-10-03,5.2125882,0.003881284,0.286,0.214,0.15,0.3,0.17,0.17,0.92,0.394,5,0.00024
2025-10-04,5.2247828,0.0023394501,0.398,0.242,0.15,0.16,0.31,0.31,0.8,0.322,2,0.00021
2025-10-05,5.2455694,0.0039784454,0.398,0.242,0.15,0.16,0.31,0.31,0.8,0.322,2,0
2025-10-06,5.2943978,0.0093085147,0.27,0.19444444,0.15,0.30222222,0.15,0.15,0.85,0.5,4,0.00026333333
2025-10-07,5.2570763,-0.0070492434,0.318,0.222,0.15,0.26,0.21,0.21,0.8,0.402,3,0.00011333333
2025-10-08,5.3035514,0.0088404822,0.206,0.194,0.15,0.4,0.07,0.07,1.01,0.474,6,0.00021
2025-10-09,5.2664597,-0.0069937496,0.318,0.222,0.15,0.26,0.21,0.21,0.8,0.402,3,0.00021
2025-10-10,5.1302053,-0.025872112,0.318,0.222,0.15,0.26,0.21,0.21,0.92,0.422,4,0
2025-10-11,5.1171825,-0.0025384504,0.63792593,0.18466667,0.047407407,0.08,0.39,0.39,0.90259259,0.18466667,1,0.00053588889
2025-10-12,5.1903254,0.01429359,0.63792593,0.18466667,0.047407407,0.08,0.39,0.39,0.90259259,0.18466667,1,0
2025-10-13,5.2729753,0.01592383,0.58992593,0.17266667,0.047407407,0.14,0.33,0.33,0.99259259,0.32266667,2,9e-05
2025-10-14,5.2824396,0.0017948861,0.63792593,0.18466667,0.047407407,0.08,0.39,0.39,0.90259259,0.18466667,1,9e-05
2025-10-15,5.3153759,0.0062350388,0.70192593,0.20066667,0.047407407,0,0.47,0.47,0.90259259,0.20066667,0,0.00012
2025-10-16,5.4652508,0.028196498,0.70192593,0.20066667,0.047407407,0,0.47,0.47,0.90259259,0.20066667,0,0
2025-10-17,5.2763694,-0.034560432,0.70192593,0.20066667,0.047407407,0,0.47,0.47,0.90259259,0.20066667,0,0
2025-10-18,5.287281,0.002068017,0.70192593,0.20066667,0.047407407,0,0.47,0.47,0.90259259,0.20066667,0,0
2025-10-19,5.3014322,0.0026764592,0.70192593,0.20066667,0.047407407,0,0.47,0.47,0.90259259,0.20066667,0,0
2025-10-20,5.4266457,0.023618807,0.70192593,0.20066667,0.047407407,0,0.47,0.47,0.90259259,0.20066667,0,0
2025-10-21,5.1726803,-0.046799708,0.70192593,0.20066667,0.047407407,0,0.47,0.47,0.90259259,0.20066667,0,0
2025-10-22,5.1599231,-0.0024662672,0.70192593,0.20066667,0.047407407,0,0.47,0.47,0.90259259,0.20066667,0,0
2025-10-23,5.2068488,0.0090942568,0.70192593,0.20066667,0.047407407,0,0.47,0.47,0.90259259,0.20066667,0,0
2025-10-24,5.2095206,0.00051314336,0.70192593,0.20066667,0.047407407,0,0.47,0.47,0.90259259,0.20066667,0,0
2025-10-25,5.2139529,0.00085080951,0.63792593,0.18466667,0.047407407,0.08,0.39,0.39,0.90259259,0.18466667,1,0.00012
2025-10-26,5.1983821,-0.0029863738,0.63792593,0.18466667,0.047407407,0.08,0.39,0.39,0.90259259,0.18466667,1,0
2025-10-27,5.1393907,-0.011348039,0.63792593,0.18466667,0.047407407,0.08,0.39,0.39,0.90259259,0.18466667,1,0
2025-10-28,5.109851,-0.0057477007,0.63792593,0.18466667,0.047407407,0.08,0.39,0.39,0.90259259,0.18466667,1,0
2025-10-29,5.075901,-0.0066440286,0.63792593,0.18466667,0.047407407,0.08,0.39,0.39,0.90259259,0.18466667,1,0
2025-10-30,5.1253472,0.0097413696,0.63792593,0.18466667,0.047407407,0.08,0.39,0.39,0.90259259,0.18466667,1,0
2025-10-31,5.1090571,-0.0031783375,0.63792593,0.18466667,0.047407407,0.08,0.39,0.39,0.90259259,0.18466667,1,0
2025-11-01,5.1201458,0.0021703901,0.63792593,0.18466667,0.047407407,0.08,0.39,0.39,0.90259259,0.18466667,1,0
2025-11-02,5.1001392,-0.003907433,0.63792593,0.18466667,0.047407407,0.08,0.39,0.39,0.90259259,0.18466667,1,0
2025-11-03,5.076012,-0.0047306932,0.58992593,0.17266667,0.047407407,0.14,0.33,0.33,0.99259259,0.32266667,2,9e-05
2025-11-04,4.9936297,-0.016229722,0.58992593,0.17266667,0.047407407,0.14,0.33,0.33,0.90259259,0.17266667,2,0
2025-11-05,5.0949509,0.020290096,0.47792593,0.14466667,0.047407407,0.28,0.19,0.19,1.1125926,0.24466667,5,0.00021
2025-11-06,5.0855995,-0.0018354329,0.58992593,0.17266667,0.047407407,0.14,0.33,0.33,0.90259259,0.17266667,2,0.00021
2025-11-07,5.0750979,-0.0020649699,0.52592593,0.15666667,0.047407407,0.22,0.25,0.25,1.0225926,0.25666667,4,0.00012
2025-11-08,5.0626622,-0.0024503356,0.63792593,0.18466667,0.047407407,0.08,0.39,0.39,0.90259259,0.18466667,1,0.00021
2025-11-09,5.0517211,-0.0021611301,0.63792593,0.18466667,0.047407407,0.08,0.39,0.39,0.90259259,-0.18466667,1,0
2025-11-10,5.1203061,0.013576567,0.58992593,0.17266667,0.047407407,0.14,0.33,0.33,0.99259259,-0.022666667,2,9e-05
2025-11-11,5.156801,0.0071274768,0.63792593,0.18466667,0.047407407,0.08,0.39,0.39,0.90259259,-0.18466667,1,9e-05
2025-11-12,5.2154216,0.011367627,0.52592593,0.15666667,0.047407407,0.22,0.25,0.25,1.1125926,-0.056666667,4,0.00021
2025-11-13,5.2312603,0.0030369026,0.63792593,0.18466667,0.047407407,0.08,0.39,0.39,0.90259259,-0.18466667,1,0.00021
2025-11-14,5.1637838,-0.012898705,0.57392593,0.16866667,0.047407407,0.16,0.31,0.31,1.0225926,-0.068666667,3,0.00012
2025-11-15,5.1683121,0.00087692506,0.58992593,0.17266667,0.047407407,0.14,0.33,0.33,0.90259259,-0.17266667,2,3e-05
2025-11-16,5.178204,0.0019139531,0.58992593,0.17266667,0.047407407,0.14,0.33,0.33,0.90259259,-0.17266667,2,0
2025-11-17,5.1509298,-0.0052671248,0.58992593,0.17266667,0.047407407,0.14,0.33,0.33,0.90259259,-0.17266667,2,0
2025-11-18,5.1749108,0.0046556736,0.57392593,0.16866667,0.047407407,0.16,0.31,0.31,0.90259259,-0.24866667,2,3e-05
2025-11-19,5.2142093,0.00759404,0.57392593,0.16866667,0.047407407,0.16,0.31,0.31,0.90259259,-0.24866667,2,0
2025-11-20,5.2511182,0.007078534,0.57392593,0.16866667,0.047407407,0.16,0.31,0.31,0.90259259,-0.24866667,2,0
2025-11-21,5.2647964,0.0026048078,0.52592593,0.15666667,0.047407407,0.22,0.25,0.25,0.90259259,-0.23666667,3,9e-05
2025-11-22,5.2639908,-0.00015300722,0.58992593,0.17266667,0.047407407,0.14,0.33,0.33,0.90259259,-0.17266667,2,0.00012
2025-11-23,5.2490357,-0.002841027,0.58992593,0.17266667,0.047407407,0.14,0.33,0.33,0.90259259,-0.17266667,2,0
2025-11-24,5.2931109,0.0083968239,0.58992593,0.17266667,0.047407407,0.14,0.33,0.33,0.90259259,-0.17266667,2,0
2025-11-25,5.2906665,-0.0004618058,0.63792593,0.18466667,0.047407407,0.08,0.39,0.39,0.90259259,-0.18466667,1,9e-05
2025-11-26,5.2858786,-0.00090498369,0.63792593,0.18466667,0.047407407,0.08,0.39,0.39,0.90259259,-0.18466667,1,0
2025-11-27,5.2730562,-0.0024257819,0.63792593,0.18466667,0.047407407,0.08,0.39,0.39,0.90259259,-0.18466667,1,0
2025-11-28,5.3361914,0.011973181,0.63792593,0.18466667,0.047407407,0.08,0.39,0.39,0.90259259,-0.18466667,1,0
2025-11-29,5.349499,0.0024938234,0.63792593,0.18466667,0.047407407,0.08,0.39,0.39,0.90259259,-0.18466667,1,0
2025-11-30,5.346614,-0.0005393029,0.63792593,0.18466667,0.047407407,0.08,0.39,0.39,0.90259259,-0.18466667,1,0
2025-12-01,5.3805777,0.0063523858,0.58992593,0.17266667,0.047407407,0.14,0.33,0.33,0.99259259,-0.022666667,2,9e-05
2025-12-02,5.2975334,-0.015434095,0.63792593,0.18466667,0.047407407,0.08,0.39,0.39,0.90259259,-0.18466667,1,9e-05
2025-12-03,5.2956654,-0.00035260425,0.46192593,0.14066667,0.047407407,0.3,0.17,0.17,0.90259259,-0.020666667,5,0.00033
2025-12-04,5.305335,0.0018259475,0.52592593,0.15666667,0.047407407,0.22,0.25,0.25,0.90259259,-0.076666667,3,0.00012
2025-12-05,5.3136221,0.0015620268,0.46192593,0.14066667,0.047407407,0.3,0.17,0.17,0.90259259,-0.020666667,5,0.00012
2025-12-06,5.3141414,9.7735561e-05,0.52592593,0.15666667,0.047407407,0.22,0.25,0.25,0.90259259,-0.076666667,3,0.00012
2025-12-07,5.3004096,-0.0025840191,0.58992593,0.17266667,0.047407407,0.14,0.33,0.33,0.90259259,-0.17266667,2,0.00012
2025-12-08,5.2869758,-0.0025344786,0.58992593,0.17266667,0.047407407,0.14,0.33,0.33,0.90259259,-0.11266667,2,0
2025-12-09,5.2738076,-0.002490684,0.63792593,0.18466667,0.047407407,0.08,0.39,0.39,0.90259259,-0.18466667,1,9e-05
2025-12-10,5.2971,0.0044166206,0.52592593,0.15666667,0.047407407,0.22,0.25,0.25,0.90259259,-0.11666667,4,0.00021
2025-12-11,5.3274655,0.0057324736,0.63792593,0.18466667,0.047407407,0.08,0.39,0.39,0.90259259,-0.18466667,1,0.00021
2025-12-12,5.3646554,0.0069807865,0.57392593,0.16866667,0.047407407,0.16,0.31,0.31,0.90259259,-0.12866667,3,0.00012
2025-12-13,5.3707417,0.0011345119,0.63792593,0.18466667,0.047407407,0.08,0.39,0.39,0.90259259,-0.18466667,1,0.00012
2025-12-14,5.3933777,0.004214682,0.63792593,0.18466667,0.047407407,0.08,0.39,0.39,0.90259259,-0.18466667,1,0
2025-12-15,5.4122348,0.0034963446,0.63792593,0.18466667,0.047407407,0.08,0.39,0.39,0.90259259,-0.18466667,1,0
2025-12-16,5.4010558,-0.0020655092,0.63792593,0.18466667,0.047407407,0.08,0.39,0.39,0.90259259,-0.18466667,1,0
2025-12-17,5.4483849,0.0087629391,0.63792593,0.18466667,0.047407407,0.08,0.39,0.39,0.90259259,-0.18466667,1,0
2025-12-18,5.4489214,9.8474903e-05,0.63792593,0.18466667,0.047407407,0.08,0.39,0.39,0.90259259,-0.18466667,1,0
2025-12-19,5.4207284,-0.0051740575,0.63792593,0.18466667,0.047407407,0.08,0.39,0.39,0.90259259,-0.18466667,1,0
2025-12-20,5.4188808,-0.00034083931,0.63792593,0.18466667,0.047407407,0.08,0.39,0.39,0.90259259,-0.18466667,1,0
2025-12-21,5.4276976,0.0016270638,0.63792593,0.18466667,0.047407407,0.08,0.39,0.39,0.90259259,-0.18466667,1,0
2025-12-22,5.5215632,0.017293812,0.63792593,0.18466667,0.047407407,0.08,0.39,0.39,0.90259259,-0.18466667,1,0
2025-12-23,5.5708416,0.0089247071,0.63792593,0.18466667,0.047407407,0.08,0.39,0.39,0.90259259,-0.18466667,1,0
2025-12-24,5.5420216,-0.0051733601,0.63792593,0.18466667,0.047407407,0.08,0.39,0.39,0.90259259,-0.18466667,1,0
2025-12-25,5.562437,0.0036837457,0.63792593,0.18466667,0.047407407,0.08,0.39,0.39,0.90259259,-0.18466667,1,0
2025-12-26,5.5932978,0.0055480817,0.63792593,0.18466667,0.047407407,0.08,0.39,0.39,0.90259259,-0.18466667,1,0
2025-12-27,5.5984531,0.00092167719,0.63792593,0.18466667,0.047407407,0.08,0.39,0.39,0.90259259,-0.18466667,1,0
2025-12-28,5.5805213,-0.0032029759,0.63792593,0.18466667,0.047407407,0.08,0.39,0.39,0.90259259,-0.18466667,1,0
2025-12-29,5.4441288,-0.024440816,0.63792593,0.18466667,0.047407407,0.08,0.39,0.39,0.90259259,-0.18466667,1,0
2025-12-30,5.4268467,-0.0031744488,0.63792593,0.18466667,0.047407407,0.08,0.39,0.39,0.90259259,-0.18466667,1,0
2025-12-31,5.417696,-0.0016861975,0.63792593,0.18466667,0.047407407,0.08,0.39,0.39,0.90259259,-0.18466667,1,0
2026-01-01,5.4248171,0.001314411,0.63792593,0.18466667,0.047407407,0.08,0.39,0.39,0.90259259,-0.18466667,1,0
2026-01-02,5.4024458,-0.0041238735,0.57392593,0.16866667,0.047407407,0.16,0.31,0.31,1.0225926,-0.068666667,3,0.00012
2026-01-03,5.4067191,0.00079099531,0.63792593,0.18466667,0.047407407,0.08,0.39,0.39,0.90259259,-0.18466667,1,0.00012
2026-01-04,5.4195925,0.0023810018,0.63792593,0.18466667,0.047407407,0.08,0.39,0.39,0.90259259,-0.18466667,1,0
2026-01-05,5.4537389,0.0063005394,0.52592593,0.15666667,0.047407407,0.22,0.25,0.25,0.99259259,0.073333333,3,0.00021
2026-01-06,5.4863221,0.0059744773,0.398,0.242,0.15,0.16,0.31,0.31,0.8,-0.162,2,0.00031988889
2026-01-07,5.4516111,-0.0063268234,0.46192593,0.14066667,0.047407407,0.3,0.17,0.17,1.1125926,0.039333333,5,0.00024788889
2026-01-08,5.4563266,0.0008649638,0.57392593,0.16866667,0.047407407,0.16,0.31,0.31,0.90259259,-0.088666667,2,0.00021
2026-01-09,5.4703751,0.0025747128,0.57392593,0.16866667,0.047407407,0.16,0.31,0.31,1.0225926,-0.068666667,3,0
2026-01-10,5.482942,0.002297272,0.63792593,0.18466667,0.047407407,0.08,0.39,0.39,0.90259259,-0.18466667,1,0.00012
2026-01-11,5.4934804,0.0019220344,0.63792593,0.18466667,0.047407407,0.08,0.39,0.39,0.90259259,-0.18466667,1,0
2026-01-12,5.5342532,0.0074220392,0.58992593,0.17266667,0.047407407,0.14,0.33,0.33,0.99259259,-0.022666667,2,9e-05
2026-01-13,5.4610362,-0.013229799,0.55792593,0.16466667,0.047407407,0.18,0.29,0.29,0.90259259,-0.26466667,2,6e-05
2026-01-14,5.4615112,8.6977823e-05,0.222,0.198,0.15,0.38,0.09,0.09,1.01,-0.198,6,0.00055388889
2026-01-15,5.4820683,0.003763996,0.27,0.21,0.15,0.32,0.15,0.15,0.8,-0.23,4,9e-05
2026-01-16,5.4743829,-0.0014019162,0.27,0.21,0.15,0.32,0.15,0.15,0.8,-0.23,4,0
2026-01-17,5.4823269,0.0014511359,0.27,0.21,0.15,0.32,0.15,0.15,0.8,-0.23,4,0
2026-01-18,5.5364602,0.0098741317,0.318,0.222,0.15,0.26,0.21,0.21,0.8,-0.242,3,9e-05
2026-01-19,5.5560051,0.0035302233,0.382,0.238,0.15,0.18,0.29,0.29,0.8,-0.338,2,0.00012
2026-01-20,5.702004,0.026277678,0.55792593,0.16466667,0.047407407,0.18,0.29,0.29,0.90259259,-0.26466667,2,0.00037388889
2026-01-21,5.6801883,-0.0038259668,0.55792593,0.16466667,0.047407407,0.18,0.29,0.29,0.90259259,-0.26466667,2,0
2026-01-22,5.7973439,0.020625288,0.55792593,0.16466667,0.047407407,0.18,0.29,0.29,0.90259259,-0.26466667,2,0
2026-01-23,5.814501,0.0029594851,0.55792593,0.16466667,0.047407407,0.18,0.29,0.29,0.90259259,-0.26466667,2,0
2026-01-24,5.8615807,0.0080969361,0.55792593,0.16466667,0.047407407,0.18,0.29,0.29,0.90259259,-0.26466667,2,0
2026-01-25,5.9063985,0.0076460269,0.55792593,0.16466667,0.047407407,0.18,0.29,0.29,0.90259259,-0.26466667,2,0
2026-01-26,5.8682457,-0.0064595704,0.55792593,0.16466667,0.047407407,0.18,0.29,0.29,0.90259259,-0.26466667,2,0
2026-01-27,5.939839,0.01220013,0.55792593,0.16466667,0.047407407,0.18,0.29,0.29,0.90259259,-0.26466667,2,0
2026-01-28,6.1614419,0.037307889,0.55792593,0.16466667,0.047407407,0.18,0.29,0.29,0.90259259,-0.26466667,2,0
2026-01-29,6.208064,0.007566758,0.55792593,0.16466667,0.047407407,0.18,0.29,0.29,0.90259259,-0.26466667,2,0
2026-01-30,5.8648174,-0.055290442,0.55792593,0.16466667,0.047407407,0.18,0.29,0.29,0.90259259,-0.26466667,2,0
2026-01-31,5.9104736,0.0077847513,0.50992593,0.15266667,0.047407407,0.24,0.23,0.23,0.90259259,-0.25266667,3,9e-05
2026-02-01,5.8926153,-0.0030214668,0.50992593,0.15266667,0.047407407,0.24,0.23,0.23,0.90259259,-0.25266667,3,0
2026-02-02,5.9235262,0.0052456998,0.46192593,0.14066667,0.047407407,0.3,0.17,0.17,0.99259259,-0.090666667,4,9e-05
2026-02-03,6.0869539,0.027589613,0.50992593,0.15266667,0.047407407,0.24,0.23,0.23,0.90259259,-0.25266667,3,9e-05
2026-02-04,6.1540855,0.011028761,0.44592593,0.13666667,0.047407407,0.32,0.15,0.15,0.90259259,-0.19666667,5,0.00012
2026-02-05,6.155312,0.00019930502,0.55792593,0.16466667,0.047407407,0.18,0.29,0.29,0.90259259,-0.26466667,2,0.00021
2026-02-06,6.1435253,-0.0019148841,0.49392593,0.14866667,0.047407407,0.26,0.21,0.21,0.90259259,-0.20866667,4,0.00012
2026-02-07,6.2073551,0.010389766,0.55792593,0.16466667,0.047407407,0.18,0.29,0.29,0.90259259,-0.26466667,2,0.00012
2026-02-08,6.217395,0.0016174195,0.55792593,0.16466667,0.047407407,0.18,0.29,0.29,0.90259259,-0.26466667,2,0
2026-02-09,6.2143184,-0.00049484702,0.57392593,0.16866667,0.047407407,0.16,0.31,0.31,0.90259259,-0.20866667,2,3e-05
2026-02-10,6.2517537,0.0060240453,0.62192593,0.18066667,0.047407407,0.1,0.37,0.37,0.90259259,-0.28066667,1,9e-05
2026-02-11,6.2866721,0.0055853831,0.50992593,0.15266667,0.047407407,0.24,0.23,0.23,0.90259259,-0.21266667,4,0.00021
2026-02-12,6.1949457,-0.014590627,0.62192593,0.18066667,0.047407407,0.1,0.37,0.37,0.90259259,-0.28066667,1,0.00021
2026-02-13,6.2166879,0.0035096782,0.55792593,0.16466667,0.047407407,0.18,0.29,0.29,0.90259259,-0.22466667,3,0.00012
2026-02-14,6.1750045,-0.0067050897,0.62192593,0.18066667,0.047407407,0.1,0.37,0.37,0.90259259,-0.28066667,1,0.00012
2026-02-15,6.2004294,0.0041173991,0.62192593,0.18066667,0.047407407,0.1,0.37,0.37,0.90259259,-0.28066667,1,0
2026-02-16,6.1787577,-0.0034952022,0.62192593,0.18066667,0.047407407,0.1,0.37,0.37,0.90259259,-0.28066667,1,0
2026-02-17,6.1123672,-0.010744953,0.62192593,0.18066667,0.047407407,0.1,0.37,0.37,0.90259259,-0.28066667,1,0
2026-02-18,6.2155511,0.016881159,0.55792593,0.16466667,0.047407407,0.18,0.29,0.29,0.90259259,-0.26466667,2,0.00012
2026-02-19,6.2144882,-0.00017100702,0.55792593,0.16466667,0.047407407,0.18,0.29,0.29,0.90259259,-0.26466667,2,0
2026-02-20,6.2717239,0.0092100474,0.55792593,0.16466667,0.047407407,0.18,0.29,0.29,0.90259259,-0.26466667,2,0
2026-02-21,6.2905292,0.0029984297,0.55792593,0.16466667,0.047407407,0.18,0.29,0.29,0.90259259,-0.26466667,2,0
2026-02-22,6.3293208,0.0061666711,0.55792593,0.16466667,0.047407407,0.18,0.29,0.29,0.90259259,-0.26466667,2,0
2026-02-23,6.4497129,0.019021333,0.55792593,0.16466667,0.047407407,0.18,0.29,0.29,0.90259259,-0.26466667,2,0
2026-02-24,6.4039837,-0.0070901184,0.55792593,0.16466667,0.047407407,0.18,0.29,0.29,0.90259259,-0.26466667,2,0
2026-02-25,6.3072444,-0.015106117,0.55792593,0.16466667,0.047407407,0.18,0.29,0.29,0.90259259,-0.26466667,2,0
2026-02-26,6.3331935,0.0041141705,0.55792593,0.16466667,0.047407407,0.18,0.29,0.29,0.90259259,-0.26466667,2,0
2026-02-27,6.4381267,0.016568769,0.55792593,0.16466667,0.047407407,0.18,0.29,0.29,0.90259259,-0.26466667,2,0
2026-02-28,6.4633722,0.0039212561,0.55792593,0.16466667,0.047407407,0.18,0.29,0.29,0.90259259,-0.26466667,2,0
2026-03-01,6.538782,0.011667244,0.55792593,0.16466667,0.047407407,0.18,0.29,0.29,0.90259259,-0.26466667,2,0
2026-03-02,6.4285464,-0.016858731,0.50992593,0.15266667,0.047407407,0.24,0.23,0.23,0.90259259,-0.19266667,3,9e-05
2026-03-03,6.2946652,-0.020826053,0.55792593,0.16466667,0.047407407,0.18,0.29,0.29,0.90259259,-0.26466667,2,9e-05
2026-03-04,6.2812298,-0.0021344046,0.44592593,0.13666667,0.047407407,0.32,0.15,0.15,0.90259259,-0.19666667,5,0.00021
2026-03-05,6.2663161,-0.002374329,0.55792593,0.16466667,0.047407407,0.18,0.29,0.29,0.90259259,-0.26466667,2,0.00021
2026-03-06,6.3623778,0.015329847,0.49392593,0.14866667,0.047407407,0.26,0.21,0.21,0.90259259,-0.20866667,4,0.00012
2026-03-07,6.37577,0.0021049117,0.55792593,0.16466667,0.047407407,0.18,0.29,0.29,0.90259259,-0.26466667,2,0.00012
2026-03-08,6.3733277,-0.00038306702,0.382,0.238,0.15,0.18,0.29,0.29,0.8,-0.338,2,0.00037388889
2026-03-09,6.3523833,-0.003286252,0.57392593,0.16866667,0.047407407,0.16,0.31,0.31,0.90259259,-0.20866667,2,0.00039188889
2026-03-10,6.3538638,0.00023305609,0.62192593,0.18066667,0.047407407,0.1,0.37,0.37,0.90259259,-0.28066667,1,9e-05
2026-03-11,6.3209415,-0.005181458,0.50992593,0.15266667,0.047407407,0.24,0.23,0.23,0.90259259,-0.21266667,4,0.00021
2026-03-12,6.2902583,-0.0048542087,0.62192593,0.18066667,0.047407407,0.1,0.37,0.37,0.90259259,-0.28066667,1,0.00021
2026-03-13,6.2387461,-0.008189205,0.55792593,0.16466667,0.047407407,0.18,0.29,0.29,0.90259259,-0.22466667,3,0.00012
2026-03-14,6.2236326,-0.0024225241,0.446,0.254,0.15,0.1,0.37,0.37,0.8,-0.354,1,0.00030188889
2026-03-15,6.1569876,-0.01070838,0.446,0.254,0.15,0.1,0.37,0.37,0.8,-0.354,1,0
2026-03-16,6.1014462,-0.0090208723,0.446,0.254,0.15,0.1,0.37,0.37,0.8,-0.354,1,0
2026-03-17,6.1227447,0.0034907313,0.398,0.242,0.15,0.16,0.31,0.31,0.8,-0.342,2,9e-05
2026-03-18,6.1142467,-0.0013879392,0.398,0.242,0.15,0.16,0.31,0.31,0.8,-0.342,2,0
2026-03-19,6.0099123,-0.017064149,0.57392593,0.16866667,0.047407407,0.16,0.31,0.31,0.90259259,-0.26866667,2,0.00037388889
2026-03-20,5.8882606,-0.020241843,0.57392593,0.16866667,0.047407407,0.16,0.31,0.31,0.90259259,-0.26866667,2,0
2026-03-21,5.929787,0.0070524067,0.446,0.254,0.15,0.1,0.37,0.37,0.8,-0.354,1,0.00031988889
2026-03-22,5.9296903,-1.6309302e-05,0.62192593,0.18066667,0.047407407,0.1,0.37,0.37,0.90259259,-0.28066667,1,0.00037388889
2026-03-23,5.8320039,-0.016474108,0.62192593,0.18066667,0.047407407,0.1,0.37,0.37,0.90259259,-0.28066667,1,0
2026-03-24,5.9310008,0.01697476,0.70192593,0.20066667,0.047407407,0,0.47,0.47,0.90259259,-0.20066667,0,0.00015
2026-03-25,5.874624,-0.009505441,0.70192593,0.20066667,0.047407407,0,0.47,0.47,0.90259259,-0.20066667,0,0
2026-03-26,5.8703772,-0.00072291153,0.462,0.258,0.15,0.08,0.39,0.39,0.8,-0.258,1,0.00044588889
2026-03-27,5.9786613,0.018445852,0.462,0.258,0.15,0.08,0.39,0.39,0.8,-0.258,1,0
2026-03-28,5.9773161,-0.00022498789,0.63792593,0.18466667,0.047407407,0.08,0.39,0.39,0.90259259,-0.18466667,1,0.00037388889
2026-03-29,5.9431,-0.0057243273,0.63792593,0.18466667,0.047407407,0.08,0.39,0.39,0.90259259,-0.18466667,1,0
2026-03-30,5.982589,0.0066445091,0.70192593,0.20066667,0.047407407,0,0.47,0.47,0.90259259,-0.20066667,0,0.00012
2026-03-31,6.1186816,0.022748115,0.70192593,0.20066667,0.047407407,0,0.47,0.47,0.90259259,-0.20066667,0,0
2026-04-01,6.1905826,0.011751059,0.58992593,0.17266667,0.047407407,0.14,0.33,0.33,0.90259259,-0.13266667,3,0.00021
2026-04-02,6.1199103,-0.0114161,0.70192593,0.20066667,0.047407407,0,0.47,0.47,0.90259259,-0.20066667,0,0.00021
2026-04-03,6.0993052,-0.0033668984,0.63792593,0.18466667,0.047407407,0.08,0.39,0.39,1.0225926,-0.084666667,2,0.00012
2026-04-04,6.0921393,-0.0011748743,0.70192593,0.20066667,0.047407407,0,0.47,0.47,0.90259259,-0.20066667,0,0.00012
2026-04-05,6.0148944,-0.01267943,0.70192593,0.20066667,0.047407407,0,0.47,0.47,0.90259259,-0.20066667,0,0
2026-04-06,6.0546607,0.0066112946,0.58992593,0.17266667,0.047407407,0.14,0.33,0.33,0.99259259,-0.022666667,2,0.00021
2026-04-07,6.1418479,0.014400024,0.63792593,0.18466667,0.047407407,0.08,0.39,0.39,0.90259259,-0.18466667,1,9e-05
2026-04-08,6.1502029,0.0013603438,0.35,0.23,0.15,0.22,0.25,0.25,1.01,-0.13,4,0.00049988889
2026-04-09,6.1732368,0.0037452224,0.63792593,0.18466667,0.047407407,0.08,0.39,0.39,0.90259259,-0.18466667,1,0.00049988889
2026-04-10,6.1579045,-0.0024836735,0.57392593,0.16866667,0.047407407,0.16,0.31,0.31,1.0225926,-0.068666667,3,0.00012
2026-04-11,6.1540855,-0.0006201759,0.63792593,0.18466667,0.047407407,0.08,0.39,0.39,0.90259259,-0.18466667,1,0.00012
2026-04-12,6.1268557,-0.0044246804,0.63792593,0.18466667,0.047407407,0.08,0.39,0.39,0.90259259,-0.18466667,1,0
2026-04-13,6.1520358,0.0041097925,0.58992593,0.17266667,0.047407407,0.14,0.33,0.33,0.99259259,-0.022666667,2,9e-05
2026-04-14,6.2338215,0.01329409,0.70192593,0.20066667,0.047407407,0,0.47,0.47,0.90259259,-0.20066667,0,0.00021
2026-04-15,6.2077114,-0.0041884523,0.70192593,0.20066667,0.047407407,0,0.47,0.47,0.90259259,-0.20066667,0,0
2026-04-16,6.1701015,-0.0060585736,0.70192593,0.20066667,0.047407407,0,0.47,0.47,0.90259259,-0.20066667,0,0
2026-04-17,6.1793321,0.0014960135,0.70192593,0.20066667,0.047407407,0,0.47,0.47,0.90259259,-0.20066667,0,0
2026-04-18,6.1768806,-0.00039673082,0.526,0.274,0.15,0,0.47,0.47,0.8,-0.274,0,0.00037388889
2026-04-19,6.1952512,0.0029740989,0.526,0.274,0.15,0,0.47,0.47,0.8,-0.274,0,0
2026-04-20,6.219608,0.0039315203,0.70192593,0.20066667,0.047407407,0,0.47,0.47,0.90259259,-0.20066667,0,0.00037388889
2026-04-21,6.1528408,-0.010734954,0.526,0.274,0.15,0,0.47,0.47,0.8,-0.274,0,0.00037388889
2026-04-22,6.1025396,-0.0081752801,0.526,0.274,0.15,0,0.47,0.47,0.8,-0.274,0,0
2026-04-23,6.0812582,-0.0034873055,0.526,0.274,0.15,0,0.47,0.47,0.8,-0.274,0,0
2026-04-24,6.1064927,0.004149557,0.526,0.274,0.15,0,0.47,0.47,0.8,-0.274,0,0
2026-04-25,6.0980948,-0.00137524,0.526,0.274,0.15,0,0.47,0.47,0.8,-0.274,0,0
2026-04-26,6.0647659,-0.0054654666,0.526,0.274,0.15,0,0.47,0.47,0.8,-0.274,0,0
2026-04-27,6.099261,0.0056877993,0.526,0.274,0.15,0,0.47,0.47,0.8,-0.274,0,0
2026-04-28,6.0569933,-0.0069299774,0.526,0.274,0.15,0,0.47,0.47,0.8,-0.274,0,0
2026-04-29,6.0460232,-0.0018111426,0.526,0.274,0.15,0,0.47,0.47,0.8,-0.274,0,0
2026-04-30,6.0771754,0.005152509,0.526,0.274,0.15,0,0.47,0.47,0.8,-0.274,0,0
2026-05-01,6.0493433,-0.0045797735,0.462,0.258,0.15,0.08,0.39,0.39,0.92,-0.158,2,0.00012
2026-05-02,6.0349973,-0.0023715019,0.526,0.274,0.15,0,0.47,0.47,0.8,-0.274,0,0.00012
2026-05-03,6.0430018,0.0013263405,0.526,0.274,0.15,0,0.47,0.47,0.8,-0.274,0,0
2026-05-04,5.9633785,-0.013176102,0.478,0.262,0.15,0.06,0.41,0.41,0.89,-0.112,1,9e-05
2026-05-05,5.9885437,0.0042199493,0.526,0.274,0.15,0,0.47,0.47,0.8,-0.274,0,9e-05
2026-05-06,6.0197049,0.0052034709,0.414,0.246,0.15,0.14,0.33,0.33,1.01,-0.146,3,0.00021
2026-05-07,6.0541057,0.005714699,0.526,0.274,0.15,0,0.47,0.47,0.8,-0.274,0,0.00021
2026-05-08,6.0539223,-3.0289927e-05,0.462,0.258,0.15,0.08,0.39,0.39,0.92,-0.158,2,0.00012
2026-05-09,6.0471961,-0.0011110564,0.526,0.274,0.15,0,0.47,0.47,0.8,-0.274,0,0.00012
2026-05-10,5.9984381,-0.0080629082,0.526,0.274,0.15,0,0.47,0.47,0.8,-0.274,0,0
2026-05-11,6.0612177,0.010465996,0.478,0.262,0.15,0.06,0.41,0.41,0.89,-0.112,1,9e-05
2026-05-12,6.0556851,-0.00091279941,0.526,0.274,0.15,0,0.47,0.47,0.8,-0.274,0,9e-05
2026-05-13,6.0274339,-0.0046652315,0.414,0.246,0.15,0.14,0.33,0.33,1.01,-0.146,3,0.00021
2026-05-14,5.9690105,-0.0096929044,0.462,0.258,0.15,0.08,0.39,0.39,0.8,-0.258,1,9e-05
2026-05-15,5.9428026,-0.0043906591,0.462,0.258,0.15,0.08,0.39,0.39,0.8,-0.258,1,0
2026-05-16,5.9568733,0.0023676833,0.414,0.246,0.15,0.14,0.33,0.33,0.8,-0.246,2,9e-05
2026-05-17,5.9624058,0.00092875987,0.58992593,0.17266667,0.047407407,0.14,0.33,0.33,0.90259259,-0.17266667,2,0.00037388889
2026-05-18,6.0006765,0.006418658,0.58992593,0.17266667,0.047407407,0.14,0.33,0.33,0.90259259,-0.17266667,2,0
2026-05-19,5.9365636,-0.01068427,0.58992593,0.17266667,0.047407407,0.14,0.33,0.33,0.90259259,-0.17266667,2,0
2026-05-20,5.9678402,0.005268458,0.63792593,0.18466667,0.047407407,0.08,0.39,0.39,0.90259259,-0.18466667,1,9e-05
2026-05-21,5.957146,-0.0017919569,0.63792593,0.18466667,0.047407407,0.08,0.39,0.39,0.90259259,-0.18466667,1,0
2026-05-22,5.9610906,0.00066216099,0.63792593,0.18466667,0.047407407,0.08,0.39,0.39,0.90259259,-0.18466667,1,0
2026-05-23,5.966628,0.00092892037,0.58992593,0.17266667,0.047407407,0.14,0.33,0.33,0.90259259,-0.17266667,2,9e-05
2026-05-24,5.9890287,0.0037543226,0.58992593,0.17266667,0.047407407,0.14,0.33,0.33,0.90259259,-0.17266667,2,0
2026-05-25,5.9781072,-0.0018235801,0.58992593,0.17266667,0.047407407,0.14,0.33,0.33,0.90259259,-0.17266667,2,0
2026-05-26,5.9729982,-0.00085461078,0.58992593,0.17266667,0.047407407,0.14,0.33,0.33,0.90259259,-0.17266667,2,0
2026-05-27,5.9334691,-0.0066179691,0.63792593,0.18466667,0.047407407,0.08,0.39,0.39,0.90259259,-0.18466667,1,9e-05
2026-05-28,5.9792564,0.0077167755,0.63792593,0.18466667,0.047407407,0.08,0.39,0.39,0.90259259,-0.18466667,1,0
2026-05-29,6.0217748,0.0071109958,0.63792593,0.18466667,0.047407407,0.08,0.39,0.39,0.90259259,-0.18466667,1,0
2026-05-30,6.0056627,-0.0026756514,0.63792593,0.18466667,0.047407407,0.08,0.39,0.39,0.90259259,-0.18466667,1,0
2026-05-31,6.018731,0.0021760076,0.63792593,0.18466667,0.047407407,0.08,0.39,0.39,0.90259259,-0.18466667,1,0
2026-06-01,6.0061239,-0.002094656,0.50992593,0.15266667,0.047407407,0.24,0.23,0.23,0.99259259,-0.10266667,3,0.00024
2026-06-02,6.1007159,0.015749258,0.55792593,0.16466667,0.047407407,0.18,0.29,0.29,0.90259259,-0.26466667,2,9e-05
2026-06-03,6.1124376,0.0019213656,0.39792593,0.12466667,0.047407407,0.38,0.09,0.09,1.1125926,-0.12466667,6,0.0003
2026-06-04,6.1253695,0.00211567,0.50992593,0.15266667,0.047407407,0.24,0.23,0.23,0.90259259,-0.25266667,3,0.00021
2026-06-05,6.0495841,-0.012372377,0.44592593,0.13666667,0.047407407,0.32,0.15,0.15,1.0225926,-0.13666667,5,0.00012
2026-06-06,6.0411949,-0.0013867312,0.50992593,0.15266667,0.047407407,0.24,0.23,0.23,0.90259259,-0.25266667,3,0.00012
2026-06-07,6.0053211,-0.0059382023,0.55792593,0.16466667,0.047407407,0.18,0.29,0.29,0.90259259,-0.26466667,2,9e-05
2026-06-08,6.0020782,-0.00054000266,0.50992593,0.15266667,0.047407407,0.24,0.23,0.23,0.99259259,-0.10266667,3,9e-05
2026-06-09,5.9640037,-0.0063435613,0.55792593,0.16466667,0.047407407,0.18,0.29,0.29,0.90259259,-0.26466667,2,9e-05
2026-06-10,5.8587124,-0.017654452,0.44592593,0.13666667,0.047407407,0.32,0.15,0.15,1.1125926,-0.13666667,5,0.00021
2026-06-11,5.9357214,0.013144343,0.55792593,0.16466667,0.047407407,0.18,0.29,0.29,0.90259259,-0.26466667,2,0.00021
2026-06-12,5.9240938,-0.0019589128,0.49392593,0.14866667,0.047407407,0.26,0.21,0.21,1.0225926,-0.14866667,4,0.00012
2026-06-13,5.9099366,-0.0023897697,0.55792593,0.16466667,0.047407407,0.18,0.29,0.29,0.90259259,-0.26466667,2,0.00012
2026-06-14,5.9308736,0.0035426788,0.55792593,0.16466667,0.047407407,0.18,0.29,0.29,0.90259259,-0.26466667,2,0
2026-06-15,5.9294695,-0.00023674154,0.50992593,0.15266667,0.047407407,0.24,0.23,0.23,0.90259259,-0.25266667,3,9e-05
2026-06-16,5.9502896,0.003511299,0.50992593,0.15266667,0.047407407,0.24,0.23,0.23,0.90259259,-0.25266667,3,0
2026-06-17,5.9352502,-0.002527521,0.57392593,0.16866667,0.047407407,0.16,0.31,0.31,0.90259259,-0.26866667,2,0.00012
2026-06-18,5.9003102,-0.0058868558,0.57392593,0.16866667,0.047407407,0.16,0.31,0.31,0.90259259,-0.26866667,2,0
2026-06-19,5.8583631,-0.0071093069,0.62192593,0.18066667,0.047407407,0.1,0.37,0.37,0.90259259,-0.28066667,1,9e-05
2026-06-20,5.8382229,-0.0034378462,0.62192593,0.18066667,0.047407407,0.1,0.37,0.37,0.90259259,-0.28066667,1,0
2026-06-21,5.8473557,0.0015643,0.55792593,0.16466667,0.047407407,0.18,0.29,0.29,0.90259259,-0.26466667,2,0.00012
2026-06-22,5.8667534,0.0033173566,0.55792593,0.16466667,0.047407407,0.18,0.29,0.29,0.90259259,-0.26466667,2,0
2026-06-23,5.8296658,-0.0063216633,0.55792593,0.16466667,0.047407407,0.18,0.29,0.29,0.90259259,-0.26466667,2,0
2026-06-24,5.8053313,-0.0041742491,0.55792593,0.16466667,0.047407407,0.18,0.29,0.29,0.90259259,-0.26466667,2,0
2026-06-25,5.8378072,0.0055941462,0.55792593,0.16466667,0.047407407,0.18,0.29,0.29,0.90259259,-0.26466667,2,0
2026-06-26,5.8853087,0.0081368824,0.55792593,0.16466667,0.047407407,0.18,0.29,0.29,0.90259259,-0.26466667,2,0
2026-06-27,5.8819271,-0.00057458845,0.55792593,0.16466667,0.047407407,0.18,0.29,0.29,0.90259259,-0.26466667,2,0
2026-06-28,5.8806106,-0.00022381931,0.55792593,0.16466667,0.047407407,0.18,0.29,0.29,0.90259259,-0.26466667,2,0
2026-06-29,5.8258356,-0.0093145095,0.55792593,0.16466667,0.047407407,0.18,0.29,0.29,0.90259259,-0.26466667,2,0
2026-06-30,5.8602984,0.0059155157,0.55792593,0.16466667,0.047407407,0.18,0.29,0.29,0.90259259,-0.26466667,2,0
2026-07-01,5.8662804,0.0010207602,0.44592593,0.13666667,0.047407407,0.32,0.15,0.15,1.1125926,-0.13666667,5,0.00021
2026-07-02,5.8996281,0.0056846415,0.55792593,0.16466667,0.047407407,0.18,0.29,0.29,0.90259259,-0.26466667,2,0.00021
2026-07-03,5.9252476,0.0043425581,0.49392593,0.14866667,0.047407407,0.26,0.21,0.21,1.0225926,-0.14866667,4,0.00012
2026-07-04,5.9100927,-0.0025576749,0.55792593,0.16466667,0.047407407,0.18,0.29,0.29,0.90259259,-0.26466667,2,0.00012
2026-07-05,5.9069333,-0.00053457706,0.55792593,0.16466667,0.047407407,0.18,0.29,0.29,0.90259259,-0.26466667,2,0
2026-07-06,5.8827649,-0.0040915349,0.50992593,0.15266667,0.047407407,0.24,0.23,0.23,0.99259259,-0.10266667,3,9e-05
2026-07-07,5.8708652,-0.0020228047,0.382,0.238,0.15,0.18,0.29,0.29,0.8,-0.338,2,0.00031988889
2026-07-08,5.8396786,-0.0053121055,0.44592593,0.13666667,0.047407407,0.32,0.15,0.15,1.1125926,-0.13666667,5,0.00024788889
2026-07-09,5.8507902,0.0019027843,0.55792593,0.16466667,0.047407407,0.18,0.29,0.29,0.90259259,-0.26466667,2,0.00021
2026-07-10,5.8381938,-0.0021529418,0.49392593,0.14866667,0.047407407,0.26,0.21,0.21,1.0225926,-0.14866667,4,0.00012
2026-07-11,5.8369389,-0.00021493801,0.55792593,0.16466667,0.047407407,0.18,0.29,0.29,0.90259259,-0.26466667,2,0.00012
2026-07-12,5.8208362,-0.0027587705,0.55792593,0.16466667,0.047407407,0.18,0.29,0.29,0.90259259,-0.26466667,2,0
2026-07-13,5.7806686,-0.0069006605,0.50992593,0.15266667,0.047407407,0.24,0.23,0.23,0.99259259,-0.10266667,3,9e-05
2026-07-14,5.7534216,-0.0047134525,0.55792593,0.16466667,0.047407407,0.18,0.29,0.29,0.90259259,-0.26466667,2,9e-05
2026-07-15,5.761795,0.0014553619,0.44592593,0.13666667,0.047407407,0.32,0.15,0.15,0.90259259,-0.15666667,4,0.00021
2026-07-16,5.7393682,-0.0038923259,0.44592593,0.13666667,0.047407407,0.32,0.15,0.15,0.90259259,-0.15666667,4,0
2026-07-17,5.7497239,0.001804328,0.44592593,0.13666667,0.047407407,0.32,0.15,0.15,0.90259259,-0.15666667,4,0
2026-07-18,5.7330884,-0.0028932622,0.44592593,0.13666667,0.047407407,0.32,0.15,0.15,0.90259259,-0.15666667,4,0
2026-07-19,5.7192153,-0.0024198328,0.55792593,0.16466667,0.047407407,0.18,0.29,0.29,0.90259259,-0.26466667,2,0.00021
2026-07-20,5.7184359,-0.00013627891,0.55792593,0.16466667,0.047407407,0.18,0.29,0.29,0.90259259,-0.26466667,2,0
2026-07-21,5.7361511,0.0030979138,0.49392593,0.14866667,0.047407407,0.26,0.21,0.21,0.90259259,-0.16866667,3,0.00012
2026-07-22,5.7682378,0.005593758,0.318,0.222,0.15,0.26,0.21,0.21,0.8,-0.242,3,0.00037388889
2026-07-23,5.7297566,-0.0066712214,0.49392593,0.14866667,0.047407407,0.26,0.21,0.21,0.90259259,-0.16866667,3,0.00037388889
2026-07-24,5.7557105,0.0045296712,0.49392593,0.14866667,0.047407407,0.26,0.21,0.21,0.90259259,-0.16866667,3,0
2026-07-25,5.7475651,-0.001415177,0.382,0.238,0.15,0.18,0.29,0.29,0.8,-0.338,2,0.00030188889
2026-07-26,5.7343242,-0.0023037472,0.382,0.238,0.15,0.18,0.29,0.29,0.8,-0.338,2,0
2026-07-27,5.7719666,0.0065644012,0.382,0.238,0.15,0.18,0.29,0.29,0.8,-0.338,2,0
2026-07-28,5.7429213,-0.0050321393,0.382,0.238,0.15,0.18,0.29,0.29,0.8,-0.338,2,0
2026-07-29,5.7735347,0.005330643,0.382,0.238,0.15,0.18,0.29,0.29,0.8,-0.338,2,0
2026-07-30,5.7598117,-0.0023768854,0.382,0.238,0.15,0.18,0.29,0.29,0.8,-0.338,2,0
2026-07-31,5.7886471,0.0050063186,0.382,0.238,0.15,0.18,0.29,0.29,0.8,-0.338,2,0
2026-08-01,5.7883754,-4.6946037e-05,0.55792593,0.16466667,0.047407407,0.18,0.29,0.29,0.90259259,-0.26466667,2,0.00037388889
2026-08-02,5.7865118,-0.00032194772,0.50992593,0.15266667,0.047407407,0.24,0.23,0.23,0.90259259,-0.25266667,3,9e-05
2026-08-03,5.7861893,-5.5733715e-05,0.46192593,0.14066667,0.047407407,0.3,0.17,0.17,0.99259259,-0.090666667,4,9e-05
2026-08-04,5.7828002,-0.00058572112,0.50992593,0.15266667,0.047407407,0.24,0.23,0.23,0.90259259,-0.25266667,3,9e-05
2026-08-05,5.9207815,0.023860624,0.44592593,0.13666667,0.047407407,0.32,0.15,0.15,1.1125926,-0.13666667,5,0.00012
2026-08-06,5.9098793,-0.0018413342,0.55792593,0.16466667,0.047407407,0.18,0.29,0.29,0.90259259,-0.26466667,2,0.00021
2026-08-07,5.9737023,0.010799374,0.49392593,0.14866667,0.047407407,0.26,0.21,0.21,1.0225926,-0.14866667,4,0.00012
2026-08-08,5.9737853,1.3887354e-05,0.63792593,0.18466667,0.047407407,0.08,0.39,0.39,0.90259259,-0.18466667,1,0.00027
2026-08-09,5.9600623,-0.0022971976,0.63792593,0.18466667,0.047407407,0.08,0.39,0.39,0.90259259,-0.18466667,1,0
2026-08-10,6.0113278,0.0086015012,0.58992593,0.17266667,0.047407407,0.14,0.33,0.33,0.99259259,-0.022666667,2,9e-05
2026-08-11,5.9933336,-0.0029933729,0.63792593,0.18466667,0.047407407,0.08,0.39,0.39,0.90259259,-0.18466667,1,9e-05
2026-08-12,6.023152,0.0049752535,0.52592593,0.15666667,0.047407407,0.22,0.25,0.25,1.1125926,-0.056666667,4,0.00021
2026-08-13,5.9758681,-0.0078503647,0.63792593,0.18466667,0.047407407,0.08,0.39,0.39,0.90259259,-0.18466667,1,0.00021
2026-08-14,5.9889252,0.002184981,0.57392593,0.16866667,0.047407407,0.16,0.31,0.31,1.0225926,-0.068666667,3,0.00012
2026-08-15,5.9863089,-0.00043686341,0.63792593,0.18466667,0.047407407,0.08,0.39,0.39,0.90259259,-0.18466667,1,0.00012
2026-08-16,5.9808026,-0.00091981127,0.63792593,0.18466667,0.047407407,0.08,0.39,0.39,0.90259259,-0.18466667,1,0
2026-08-17,5.9965488,0.0026327957,0.63792593,0.18466667,0.047407407,0.08,0.39,0.39,0.90259259,-0.18466667,1,0
2026-08-18,5.9213836,-0.012534748,0.63792593,0.18466667,0.047407407,0.08,0.39,0.39,0.90259259,-0.18466667,1,0
2026-08-19,5.983627,0.010511624,0.63792593,0.18466667,0.047407407,0.08,0.39,0.39,0.90259259,-0.18466667,1,0
2026-08-20,5.9098973,-0.012321901,0.462,0.258,0.15,0.08,0.39,0.39,0.8,-0.258,1,0.00037388889
2026-08-21,5.8511176,-0.0099459804,0.462,0.258,0.15,0.08,0.39,0.39,0.8,-0.258,1,0
2026-08-22,5.8536222,0.00042805971,0.318,0.222,0.15,0.26,0.21,0.21,0.8,-0.042,3,0.00027
2026-08-23,5.8545303,0.00015512516,0.318,0.222,0.15,0.26,0.21,0.21,0.8,-0.042,3,0
2026-08-24,5.862799,0.0014123686,0.318,0.222,0.15,0.26,0.21,0.21,0.8,-0.042,3,0
2026-08-25,5.8559406,-0.0011698133,0.318,0.222,0.15,0.26,0.21,0.21,0.8,-0.042,3,0
2026-08-26,5.8356913,-0.0034579141,0.382,0.238,0.15,0.18,0.29,0.29,0.8,-0.138,2,0.00012
2026-08-27,5.8089592,-0.0045807932,0.382,0.238,0.15,0.18,0.29,0.29,0.8,-0.138,2,0
2026-08-28,5.7728403,-0.0062177953,0.382,0.238,0.15,0.18,0.29,0.29,0.8,-0.138,2,0
2026-08-29,5.7705907,-0.00038967469,0.382,0.238,0.15,0.18,0.29,0.29,0.8,-0.138,2,0
2026-08-30,5.7498462,-0.00359488,0.382,0.238,0.15,0.18,0.29,0.29,0.8,0.338,2,0
2026-08-31,5.7710261,0.0036835573,0.382,0.238,0.15,0.18,0.29,0.29,0.8,0.338,2,0
2026-09-01,5.6867843,-0.014597367,0.382,0.238,0.15,0.18,0.29,0.29,0.8,0.338,2,0
2026-09-02,5.6856114,-0.00020624439,0.27,0.21,0.15,0.32,0.15,0.15,1.01,0.41,5,0.00021
2026-09-03,5.8257344,0.024645201,0.382,0.238,0.15,0.18,0.29,0.29,0.8,0.338,2,0.00021
2026-09-04,5.7572565,-0.011754387,0.318,0.222,0.15,0.26,0.21,0.21,0.8,0.362,4,0.00012
2026-09-05,5.7609441,0.00064051176,0.382,0.238,0.15,0.18,0.29,0.29,0.8,0.338,2,0.00012
2026-09-06,5.767667,0.001166988,0.382,0.238,0.15,0.18,0.29,0.29,0.8,0.338,2,0
