date,nav,daily_ret,w_gold,w_ema,w_cash,w_tactical,idle,routed,gross,net_btc,n_active,turnover_cost
2020-01-01,0.99953216,-0.0004678413,0.48192593,0.34066667,0.047407407,0.08,0.39,0.39,0.68192593,0.1,2,0.0012338889
2020-01-02,1.0011224,0.0015909996,0.48192593,0.34066667,0.047407407,0,0.47,0.39,0.48192593,0,0,0
2020-01-03,1.0199806,0.01883705,0.51392593,0.38866667,0.047407407,0.08,0.39,0.47,0.71392593,0.1,2,0.00012
2020-01-04,1.0198635,-0.00011480467,0.48192593,0.34066667,0.047407407,0,0.47,0.39,0.48192593,0,0,0.00012
2020-01-05,1.0197464,-0.00011480467,0.51392593,0.38866667,0.047407407,0,0.47,0.47,0.51392593,0,0,0.00012
2020-01-06,1.0257936,0.0059300778,0.51392593,0.38866667,0.047407407,0.06,0.41,0.47,0.66392593,0.15,1,0
2020-01-07,1.0274461,0.0016109723,0.48992593,0.35266667,0.047407407,0.08,0.39,0.41,0.56992593,0,1,9e-05
2020-01-08,1.0179762,-0.0092169366,0.306,0.414,0.15,0.22,0.25,0.39,0.736,0.1,4,0.00036788889
2020-01-09,1.0168722,-0.0010845599,0.25,0.33,0.15,0.08,0.39,0.25,0.33,0,1,0.00021
2020-01-10,1.0195529,0.0026362815,0.306,0.414,0.15,0.16,0.31,0.39,0.586,0.1,3,0.00021
2020-01-11,1.0194782,-7.3284844e-05,0.274,0.366,0.15,0.08,0.39,0.31,0.354,0,1,0.00012
2020-01-12,1.0193971,-7.9561644e-05,0.306,0.414,0.15,0.08,0.39,0.39,0.386,0,1,0.00012
2020-01-13,1.0164944,-0.0028474673,0.306,0.414,0.15,0.24,0.23,0.39,0.636,0.25,3,0
2020-01-14,1.0241204,0.0075023048,0.242,0.318,0.15,0.18,0.29,0.23,0.422,0.1,2,0.00024
2020-01-15,1.0259555,0.0017917869,0.266,0.354,0.15,0.18,0.29,0.29,0.446,0.1,2,9e-05
2020-01-16,1.0243158,-0.0015981882,0.266,0.354,0.15,0.18,0.29,0.29,0.446,0.1,2,0
2020-01-17,1.0283937,0.0039811563,0.266,0.354,0.15,0.18,0.29,0.29,0.446,0.1,2,0
2020-01-18,1.0285002,0.00010351625,0.266,0.354,0.15,0.18,0.29,0.29,0.446,0.1,2,0
2020-01-19,1.0261704,-0.0022651984,0.266,0.354,0.15,0.18,0.29,0.29,0.446,0.1,2,0
2020-01-20,1.0255289,-0.00062522508,0.266,0.354,0.15,0.18,0.29,0.29,0.446,0.1,2,0
2020-01-21,1.0262728,0.00072543043,0.266,0.354,0.15,0.18,0.29,0.29,0.446,0.1,2,0
2020-01-22,1.0255002,-0.0007527941,0.266,0.354,0.15,0.18,0.29,0.29,0.446,0.1,2,0
2020-01-23,1.0239259,-0.0015352213,0.266,0.354,0.15,0.18,0.29,0.29,0.446,0.1,2,0
2020-01-24,1.0255883,0.0016236014,0.266,0.354,0.15,0.18,0.29,0.29,0.446,0.1,2,0
2020-01-25,1.0244337,-0.0011258136,0.266,0.354,0.15,0.18,0.29,0.29,0.446,0.1,2,0
2020-01-26,1.0278457,0.0033306172,0.266,0.354,0.15,0.18,0.29,0.29,0.446,0.1,2,0
2020-01-27,1.0323698,0.0044015605,0.266,0.354,0.15,0.18,0.29,0.29,0.446,0.1,2,0
2020-01-28,1.0365813,0.0040794883,0.266,0.354,0.15,0.18,0.29,0.29,0.446,0.1,2,0
2020-01-29,1.0360861,-0.00047778708,0.266,0.354,0.15,0.18,0.29,0.29,0.446,0.1,2,0
2020-01-30,1.0409353,0.0046802901,0.266,0.354,0.15,0.18,0.29,0.29,0.446,0.1,2,0
2020-01-31,1.0392353,-0.0016331321,0.266,0.354,0.15,0.18,0.29,0.29,0.446,0.1,2,0
2020-02-01,1.0397625,0.00050735287,0.266,0.354,0.15,0.18,0.29,0.29,0.446,0.1,2,0
2020-02-02,1.0392984,-0.00044641924,0.266,0.354,0.15,0.18,0.29,0.29,0.446,0.1,2,0
2020-02-03,1.0359394,-0.0032319718,0.266,0.354,0.15,0.24,0.23,0.29,0.596,0.25,3,0
2020-02-04,1.0307008,-0.0050568347,0.242,0.318,0.15,0.18,0.29,0.23,0.422,0.1,2,9e-05
2020-02-05,1.0542063,0.022805389,0.266,0.354,0.15,0.32,0.15,0.29,0.796,0.2,5,9e-05
2020-02-06,1.0570454,0.0026930618,0.21,0.27,0.15,0.18,0.29,0.15,0.39,0.1,2,0.00021
2020-02-07,1.0593055,0.0021381348,0.266,0.354,0.15,0.26,0.21,0.29,0.646,0.2,4,0.00021
2020-02-08,1.0602448,0.00088674374,0.234,0.306,0.15,0.18,0.29,0.21,0.414,0.1,2,0.00012
2020-02-09,1.0630876,0.0026812816,0.266,0.354,0.15,0.18,0.29,0.29,0.446,0.1,2,0.00012
2020-02-10,1.0595242,-0.0033519597,0.266,0.354,0.15,0.3,0.17,0.29,0.656,0.25,4,0
2020-02-11,1.0621435,0.0024721064,0.218,0.282,0.15,0.18,0.29,0.17,0.398,0.1,2,0.00018
2020-02-12,1.0954955,0.031400726,0.266,0.354,0.15,0.38,0.09,0.29,0.856,0.2,6,0.00018
2020-02-13,1.0960145,0.00047370709,0.186,0.234,0.15,0.24,0.23,0.09,0.426,0.1,3,0.0003
2020-02-14,1.1037073,0.007018898,0.242,0.318,0.15,0.32,0.15,0.23,0.682,0.2,5,0.00021
2020-02-15,1.0943103,-0.0085140571,0.21,0.27,0.15,0.24,0.23,0.15,0.45,0.1,3,0.00012
2020-02-16,1.0944661,0.00014236322,0.242,0.318,0.15,0.18,0.29,0.23,0.422,0.1,2,0.00012
2020-02-17,1.0922249,-0.0020477138,0.266,0.354,0.15,0.18,0.29,0.29,0.446,0.1,2,9e-05
2020-02-18,1.1006422,0.0077065202,0.266,0.354,0.15,0.18,0.29,0.29,0.446,0.1,2,0
2020-02-19,1.0901176,-0.0095621924,0.266,0.354,0.15,0.24,0.23,0.29,0.506,0.1,3,0
2020-02-20,1.0915869,0.0013478016,0.242,0.318,0.15,0.18,0.29,0.23,0.422,0.1,2,9e-05
2020-02-21,1.0974791,0.0053978479,0.266,0.354,0.15,0.18,0.29,0.29,0.446,0.1,2,9e-05
2020-02-22,1.0972284,-0.00022840757,0.266,0.354,0.15,0.18,0.29,0.29,0.446,0.1,2,0
2020-02-23,1.1006104,0.0030823232,0.266,0.354,0.15,0.18,0.29,0.29,0.446,0.1,2,0
2020-02-24,1.1025375,0.0017509084,0.266,0.354,0.15,0.18,0.29,0.29,0.446,0.1,2,0
2020-02-25,1.0942926,-0.0074781313,0.266,0.354,0.15,0.18,0.29,0.29,0.446,0.1,2,0
2020-02-26,1.0889794,-0.0048553388,0.266,0.354,0.15,0.18,0.29,0.29,0.446,0.1,2,0
2020-02-27,1.0886105,-0.00033880316,0.44192593,0.28066667,0.047407407,0.08,0.39,0.29,0.52192593,0,1,0.00037388889
2020-02-28,1.0642121,-0.022412368,0.48192593,0.34066667,0.047407407,0.08,0.39,0.39,0.56192593,0,1,0.00015
2020-02-29,1.0643744,0.00015243293,0.48192593,0.34066667,0.047407407,0.08,0.39,0.39,0.56192593,0,1,0
2020-03-01,1.063974,-0.00037617827,0.63792593,0.18466667,0.047407407,0.08,0.39,0.39,0.71792593,0,1,0.000468
2020-03-02,1.076397,0.011676067,0.48192593,0.34066667,0.047407407,0.14,0.33,0.39,0.71192593,0.15,2,0.000468
2020-03-03,1.0917475,0.014261042,0.45792593,0.30466667,0.047407407,0.08,0.39,0.33,0.53792593,0,1,9e-05
2020-03-04,1.0887539,-0.0027420175,0.48192593,0.34066667,0.047407407,0.22,0.25,0.39,0.91192593,0.1,4,9e-05
2020-03-05,1.0957262,0.006403892,0.42592593,0.25666667,0.047407407,0.08,0.39,0.25,0.50592593,0,1,0.00021
2020-03-06,1.1004672,0.0043267773,0.48192593,0.34066667,0.047407407,0.16,0.31,0.39,0.76192593,0.1,3,0.00021
2020-03-07,1.1004326,-3.1383868e-05,0.44992593,0.29266667,0.047407407,0.08,0.39,0.31,0.52992593,0,1,0.00012
2020-03-08,1.100436,3.0777323e-06,0.48192593,0.34066667,0.047407407,0.08,0.39,0.39,0.56192593,0,1,0.00012
2020-03-09,1.099763,-0.00061158327,0.63792593,0.18466667,0.047407407,0.14,0.33,0.39,0.77792593,0.06,2,0.000468
2020-03-10,1.0937295,-0.0054862294,0.58992593,0.17266667,0.047407407,0.08,0.39,0.33,0.66992593,0,1,9e-05
2020-03-11,1.0805093,-0.012087245,0.63792593,0.18466667,0.047407407,0.22,0.25,0.39,0.85792593,0.04,4,9e-05
2020-03-12,1.0622552,-0.016893976,0.52592593,0.15666667,0.047407407,0.08,0.39,0.25,0.60592593,0,1,0.00021
2020-03-13,1.0364911,-0.024254129,0.63792593,0.18466667,0.047407407,0.16,0.31,0.39,0.79792593,0.04,3,0.00021
2020-03-14,1.0362629,-0.00022015827,0.57392593,0.16866667,0.047407407,0.08,0.39,0.31,0.65392593,0,1,0.00012
2020-03-15,1.0286471,-0.0073492682,0.63792593,0.18466667,0.047407407,0.08,0.39,0.39,0.90259259,-0.18466667,1,0.00012
2020-03-16,1.0275259,-0.0010900595,0.63792593,0.18466667,0.047407407,0,0.47,0.39,0.82259259,-0.18466667,0,0
2020-03-17,1.0347077,0.0069894075,0.70192593,0.20066667,0.047407407,0,0.47,0.47,0.90259259,-0.20066667,0,0.00012
2020-03-18,1.0088996,-0.024942357,0.70192593,0.20066667,0.047407407,0,0.47,0.47,0.90259259,-0.20066667,0,0
2020-03-19,0.98064766,-0.028002734,0.70192593,0.20066667,0.047407407,0,0.47,0.47,0.90259259,-0.20066667,0,0
2020-03-20,0.98169806,0.0010711301,0.70192593,0.20066667,0.047407407,0,0.47,0.47,0.90259259,-0.20066667,0,0
2020-03-21,0.98238156,0.00069623988,0.70192593,0.20066667,0.047407407,0,0.47,0.47,0.90259259,-0.20066667,0,0
2020-03-22,0.99420088,0.012031288,0.70192593,0.20066667,0.047407407,0,0.47,0.47,0.90259259,-0.20066667,0,0
2020-03-23,1.0109028,0.016799308,0.70192593,0.20066667,0.047407407,0,0.47,0.47,0.90259259,-0.20066667,0,0
2020-03-24,1.0444101,0.033145983,0.70192593,0.20066667,0.047407407,0,0.47,0.47,0.90259259,-0.20066667,0,0
2020-03-25,1.0341866,-0.0097887825,0.70192593,0.20066667,0.047407407,0,0.47,0.47,0.90259259,-0.20066667,0,0
2020-03-26,1.0402455,0.005858581,0.70192593,0.20066667,0.047407407,0,0.47,0.47,0.90259259,-0.20066667,0,0
2020-03-27,1.0403044,5.6587514e-05,0.70192593,0.20066667,0.047407407,0.08,0.39,0.47,0.98259259,-0.20066667,1,0
2020-03-28,1.0438219,0.0033813046,0.63792593,0.18466667,0.047407407,0.08,0.39,0.39,0.90259259,-0.18466667,1,0.00012
2020-03-29,1.0547415,0.010461113,0.63792593,0.18466667,0.047407407,0.08,0.39,0.39,0.90259259,-0.18466667,1,0
2020-03-30,1.0367989,-0.017011368,0.63792593,0.18466667,0.047407407,0.08,0.39,0.39,0.90259259,-0.18466667,1,0
2020-03-31,1.0205835,-0.015639821,0.63792593,0.18466667,0.047407407,0,0.47,0.39,0.82259259,-0.18466667,0,0
2020-04-01,1.0072504,-0.013064201,0.70192593,0.20066667,0.047407407,0.14,0.33,0.47,1.0425926,-0.16066667,3,0.00012
2020-04-02,1.0209704,0.013621239,0.58992593,0.17266667,0.047407407,0,0.47,0.33,0.76259259,-0.17266667,0,0.00021
2020-04-03,1.0268462,0.0057550995,0.70192593,0.20066667,0.047407407,0.08,0.39,0.47,0.98259259,-0.16066667,2,0.00021
2020-04-04,1.0232679,-0.0034847705,0.63792593,0.18466667,0.047407407,0,0.47,0.39,0.82259259,-0.18466667,0,0.00012
2020-04-05,1.0256721,0.0023495624,0.70192593,0.20066667,0.047407407,0,0.47,0.47,0.90259259,-0.20066667,0,0.00012
2020-04-06,1.0295928,0.0038225736,0.70192593,0.20066667,0.047407407,0.06,0.41,0.47,0.96259259,-0.14066667,1,0
2020-04-07,1.028121,-0.001429509,0.65392593,0.18866667,0.047407407,0,0.47,0.41,0.84259259,-0.18866667,0,9e-05
2020-04-08,1.0218229,-0.0061258533,0.70192593,0.20066667,0.047407407,0.14,0.33,0.47,1.0425926,-0.16066667,3,9e-05
2020-04-09,1.0443858,0.022081058,0.45792593,0.30466667,0.047407407,0.08,0.39,0.33,0.84259259,-0.30466667,1,0.000522
2020-04-10,1.0619031,0.016772755,0.48192593,0.34066667,0.047407407,0.16,0.31,0.39,0.98259259,-0.30066667,3,9e-05
2020-04-11,1.0610459,-0.00080722677,0.57392593,0.16866667,0.047407407,0.08,0.39,0.31,0.82259259,-0.16866667,1,0.000396
2020-04-12,1.0585484,-0.0023537383,0.306,0.414,0.15,0.08,0.39,0.39,0.8,-0.414,1,0.00076988889
2020-04-13,1.0648202,0.005924885,0.306,0.414,0.15,0.14,0.33,0.39,0.86,-0.354,2,0
2020-04-14,1.064964,0.0001350104,0.282,0.378,0.15,0.08,0.39,0.33,0.74,-0.378,1,9e-05
2020-04-15,1.0751999,0.0096114787,0.306,0.414,0.15,0.08,0.39,0.39,0.8,-0.414,1,9e-05
2020-04-16,1.0416057,-0.031244547,0.306,0.414,0.15,0,0.47,0.39,0.72,-0.414,0,0
2020-04-17,1.0401537,-0.0013940468,0.338,0.462,0.15,0,0.47,0.47,0.8,-0.462,0,0.00012
2020-04-18,1.0250551,-0.014515667,0.338,0.462,0.15,0,0.47,0.47,0.8,-0.462,0,0
2020-04-19,1.0334255,0.0081657803,0.338,0.462,0.15,0,0.47,0.47,0.8,-0.462,0,0
2020-04-20,1.0557132,0.021566762,0.338,0.462,0.15,0,0.47,0.47,0.8,-0.462,0,0
2020-04-21,1.0497847,-0.0056156448,0.338,0.462,0.15,0,0.47,0.47,0.8,-0.462,0,0
2020-04-22,1.0403622,-0.0089756276,0.338,0.462,0.15,0,0.47,0.47,0.8,-0.462,0,0
2020-04-23,1.0172157,-0.022248525,0.338,0.462,0.15,0,0.47,0.47,0.8,-0.462,0,0
2020-04-24,1.0138683,-0.0032906618,0.338,0.462,0.15,0,0.47,0.47,0.8,-0.462,0,0
2020-04-25,1.0117836,-0.0020562519,0.338,0.462,0.15,0,0.47,0.47,0.8,-0.462,0,0
2020-04-26,1.0022246,-0.0094476528,0.338,0.462,0.15,0,0.47,0.47,0.8,-0.462,0,0
2020-04-27,0.99505463,-0.0071540495,0.338,0.462,0.15,0,0.47,0.47,0.8,-0.462,0,0
2020-04-28,0.99684761,0.0018018914,0.338,0.462,0.15,0.08,0.39,0.47,0.88,-0.462,1,0
2020-04-29,0.94006416,-0.056963018,0.306,0.414,0.15,0.08,0.39,0.39,0.8,-0.414,1,0.00012
2020-04-30,0.94395801,0.0041421123,0.306,0.414,0.15,0.08,0.39,0.39,0.8,-0.414,1,0
2020-05-01,0.93820295,-0.0060967339,0.306,0.414,0.15,0.16,0.31,0.39,1,-0.314,3,0
2020-05-02,0.93402633,-0.0044517264,0.274,0.366,0.15,0.18,0.29,0.31,0.82,-0.266,2,0.00012
2020-05-03,0.93610687,0.0022274928,0.266,0.354,0.15,0.18,0.29,0.29,0.8,-0.254,2,3e-05
2020-05-04,0.94150716,0.005768888,0.266,0.354,0.15,0.24,0.23,0.29,0.95,-0.104,3,0
2020-05-05,0.93765962,-0.0040865806,0.242,0.318,0.15,0.18,0.29,0.23,0.74,-0.218,2,9e-05
2020-05-06,0.9342417,-0.0036451566,0.266,0.354,0.15,0.32,0.15,0.29,1.15,-0.154,5,9e-05
2020-05-07,0.92381125,-0.011164618,0.21,0.27,0.15,0.18,0.29,0.15,0.66,-0.17,2,0.00021
2020-05-08,0.92467608,0.00093615652,0.266,0.354,0.15,0.26,0.21,0.29,1,-0.154,4,0.00021
2020-05-09,0.92977591,0.0055152581,0.234,0.306,0.15,0.18,0.29,0.21,0.72,-0.206,2,0.00012
2020-05-10,0.89309641,-0.039449831,0.266,0.354,0.15,0.18,0.29,0.29,0.8,0.454,2,0.00012
2020-05-11,0.88262685,-0.011722761,0.266,0.34435798,0.15,0.23564202,0.23,0.29,0.846,0.5,3,1.4463035e-05
2020-05-12,0.89448409,0.013434037,0.242,0.318,0.15,0.18,0.29,0.23,0.74,0.418,2,7.5536965e-05
2020-05-13,0.92199838,0.030759948,0.266,0.354,0.15,0.32,0.15,0.29,0.94,0.494,5,9e-05
2020-05-14,0.94226103,0.021976887,0.21,0.27,0.15,0.18,0.29,0.15,0.66,0.37,2,0.00021
2020-05-15,0.92352737,-0.019881601,0.266,0.354,0.15,0.18,0.29,0.29,0.8,0.454,2,0.00021
2020-05-16,0.92648327,0.0032006544,0.266,0.354,0.15,0.18,0.29,0.29,0.8,0.454,2,0
2020-05-17,0.93990394,0.014485615,0.266,0.354,0.15,0.18,0.29,0.29,0.8,0.454,2,0
2020-05-18,0.93922512,-0.00072222838,0.266,0.354,0.15,0.18,0.29,0.29,0.8,0.454,2,0
2020-05-19,0.9428727,0.0038836094,0.266,0.354,0.15,0.18,0.29,0.29,0.8,0.454,2,0
2020-05-20,0.93226634,-0.011248986,0.266,0.354,0.15,0.18,0.29,0.29,0.8,0.454,2,0
2020-05-21,0.90832037,-0.025685759,0.266,0.354,0.15,0.18,0.29,0.29,0.8,0.454,2,0
2020-05-22,0.91492357,0.0072696814,0.266,0.354,0.15,0.18,0.29,0.29,0.8,0.454,2,0
2020-05-23,0.9153559,0.00047252817,0.266,0.354,0.15,0.18,0.29,0.29,0.8,0.454,2,0
2020-05-24,0.89461709,-0.022656554,0.266,0.354,0.15,0.18,0.29,0.29,0.8,0.454,2,0
2020-05-25,0.90301466,0.0093867708,0.266,0.354,0.15,0.18,0.29,0.29,0.8,0.454,2,0
2020-05-26,0.89618793,-0.0075599298,0.266,0.354,0.15,0.18,0.29,0.29,0.8,0.454,2,0
2020-05-27,0.91367048,0.01950769,0.266,0.354,0.15,0.18,0.29,0.29,0.8,0.454,2,0
2020-05-28,0.93085469,0.018807886,0.266,0.354,0.15,0.18,0.29,0.29,0.8,0.454,2,0
2020-05-29,0.92771578,-0.0033720784,0.266,0.354,0.15,0.18,0.29,0.29,0.8,0.454,2,0
2020-05-30,0.93984541,0.013074722,0.266,0.354,0.15,0.18,0.29,0.29,0.8,0.454,2,0
2020-05-31,0.92890786,-0.011637595,0.266,0.354,0.15,0.18,0.29,0.29,0.8,0.454,2,0
2020-06-01,0.95706828,0.030315622,0.266,0.29304636,0.15,0.21245033,0.23,0.29,0.846,0.5,3,9.1430464e-05
2020-06-02,0.92604717,-0.03241264,0.242,0.318,0.15,0.24,0.23,0.23,0.8,0.418,3,7.3430464e-05
2020-06-03,0.93035163,0.0046482081,0.242,0.318,0.15,0.32,0.15,0.23,0.88,0.458,5,0
2020-06-04,0.9370795,0.0072315322,0.21,0.27,0.15,0.18,0.29,0.15,0.66,0.37,2,0.00012
2020-06-05,0.92301073,-0.015013427,0.266,0.354,0.15,0.26,0.21,0.29,0.88,0.494,4,0.00021
2020-06-06,0.92469549,0.0018252856,0.234,0.306,0.15,0.18,0.29,0.21,0.72,0.406,2,0.00012
2020-06-07,0.92733729,0.0028569435,0.44192593,0.28066667,0.047407407,0.18,0.29,0.29,0.90259259,0.38066667,2,0.00034988889
2020-06-08,0.93333128,0.0064636539,0.44192593,0.26444724,0.047407407,0.23075377,0.23,0.29,1.0219259,0.5,3,2.4329146e-05
2020-06-09,0.9367489,0.0036617432,0.41792593,0.24466667,0.047407407,0.18,0.29,0.23,0.84259259,0.34466667,2,6.5670854e-05
2020-06-10,0.94211235,0.0057256013,0.266,0.31949458,0.15,0.30635379,0.15,0.29,1.096,0.5,5,0.00034013077
2020-06-11,0.92284032,-0.020456192,0.21,0.27,0.15,0.18,0.29,0.15,0.66,0.37,2,0.00015824188
2020-06-12,0.93333348,0.011370505,0.266,0.31949458,0.15,0.24635379,0.21,0.29,0.946,0.5,4,0.00015824188
2020-06-13,0.93329599,-4.0162257e-05,0.40992593,0.23266667,0.047407407,0.18,0.29,0.21,0.82259259,0.33266667,2,0.00034613077
2020-06-14,0.92819391,-0.0054667323,0.44192593,0.28066667,0.047407407,0.18,0.29,0.29,0.90259259,0.38066667,2,0.00012
2020-06-15,0.92839493,0.0002165647,0.44192593,0.28066667,0.047407407,0.08,0.39,0.29,0.80259259,0.28066667,1,0
2020-06-16,0.93402367,0.0060628792,0.48192593,0.34066667,0.047407407,0.08,0.39,0.39,0.90259259,0.34066667,1,0.00015
2020-06-17,0.93191036,-0.0022625943,0.48192593,0.34066667,0.047407407,0.08,0.39,0.39,0.90259259,0.34066667,1,0
2020-06-18,0.92811832,-0.0040690955,0.48192593,0.34066667,0.047407407,0.08,0.39,0.39,0.90259259,0.34066667,1,0
2020-06-19,0.93104055,0.0031485534,0.48192593,0.34066667,0.047407407,0.08,0.39,0.39,0.90259259,0.34066667,1,0
2020-06-20,0.93272093,0.0018048369,0.48192593,0.34066667,0.047407407,0.08,0.39,0.39,0.90259259,0.34066667,1,0
2020-06-21,0.93054829,-0.0023293524,0.48192593,0.34066667,0.047407407,0.08,0.39,0.39,0.90259259,0.34066667,1,0
2020-06-22,0.94668269,0.017338593,0.48192593,0.34066667,0.047407407,0.08,0.39,0.39,0.90259259,0.34066667,1,0
2020-06-23,0.94644796,-0.00024794744,0.306,0.414,0.15,0.08,0.39,0.39,0.8,0.414,1,0.00037388889
2020-06-24,0.93208845,-0.015172008,0.306,0.414,0.15,0.08,0.39,0.39,0.8,0.414,1,0
2020-06-25,0.92922058,-0.0030768242,0.48192593,0.34066667,0.047407407,0.08,0.39,0.39,0.90259259,0.34066667,1,0.00037388889
2020-06-26,0.92890322,-0.00034152429,0.48192593,0.34066667,0.047407407,0.08,0.39,0.39,0.90259259,0.34066667,1,0
2020-06-27,0.92374236,-0.0055558698,0.48192593,0.34066667,0.047407407,0.08,0.39,0.39,0.90259259,0.34066667,1,0
2020-06-28,0.92740931,0.0039696702,0.48192593,0.34066667,0.047407407,0.08,0.39,0.39,0.90259259,0.34066667,1,0
2020-06-29,0.9306575,0.0035024297,0.48192593,0.34066667,0.047407407,0.08,0.39,0.39,0.90259259,0.34066667,1,0
2020-06-30,0.9334212,0.0029696223,0.48192593,0.34066667,0.047407407,0.08,0.39,0.39,0.90259259,0.34066667,1,0
2020-07-01,0.93708973,0.0039301946,0.48192593,0.34066667,0.047407407,0.22,0.25,0.39,1.2525926,0.44066667,4,0
2020-07-02,0.93556164,-0.0016306698,0.42592593,0.25666667,0.047407407,0.08,0.39,0.25,0.76259259,0.25666667,1,0.00021
2020-07-03,0.93440744,-0.0012337016,0.48192593,0.34066667,0.047407407,0.16,0.31,0.39,1.1025926,0.44066667,3,0.00021
2020-07-04,0.93665327,0.0024034786,0.44992593,0.29266667,0.047407407,0.08,0.39,0.31,0.82259259,0.29266667,1,0.00012
2020-07-05,0.9342612,-0.0025538479,0.48192593,0.34066667,0.047407407,0.08,0.39,0.39,0.90259259,0.34066667,1,0.00012
2020-07-06,0.94791904,0.01461887,0.48192593,0.34066667,0.047407407,0.14,0.33,0.39,1.0525926,0.49066667,2,0
2020-07-07,0.94898883,0.0011285657,0.45792593,0.30466667,0.047407407,0.08,0.39,0.33,0.84259259,0.30466667,1,9e-05
2020-07-08,0.96691511,0.018889876,0.48192593,0.34066667,0.047407407,0.22,0.25,0.39,1.2525926,0.44066667,4,9e-05
2020-07-09,0.95768712,-0.0095437445,0.42592593,0.25666667,0.047407407,0.08,0.39,0.25,0.76259259,0.25666667,1,0.00021
2020-07-10,0.95806451,0.00039406772,0.48192593,0.34066667,0.047407407,0.16,0.31,0.39,1.1025926,0.44066667,3,0.00021
2020-07-11,0.95633802,-0.0018020606,0.44992593,0.29266667,0.047407407,0.08,0.39,0.31,0.82259259,0.29266667,1,0.00012
2020-07-12,0.95867574,0.0024444495,0.48192593,0.34066667,0.047407407,0.08,0.39,0.39,0.90259259,0.34066667,1,0.00012
2020-07-13,0.960151,0.001538848,0.48192593,0.34066667,0.047407407,0.14,0.33,0.39,1.0525926,0.49066667,2,0
2020-07-14,0.96041422,0.00027414956,0.45792593,0.30466667,0.047407407,0.08,0.39,0.33,0.84259259,0.30466667,1,9e-05
2020-07-15,0.95850129,-0.0019917797,0.48192593,0.34066667,0.047407407,0.08,0.39,0.39,0.90259259,0.34066667,1,9e-05
2020-07-16,0.95302278,-0.0057157087,0.48192593,0.34066667,0.047407407,0.08,0.39,0.39,0.90259259,0.34066667,1,0
2020-07-17,0.95623416,0.0033696833,0.48192593,0.34066667,0.047407407,0.08,0.39,0.39,0.90259259,0.34066667,1,0
2020-07-18,0.95683002,0.00062312694,0.48192593,0.34066667,0.047407407,0.08,0.39,0.39,0.90259259,0.34066667,1,0
2020-07-19,0.95823391,0.0014672328,0.48192593,0.34066667,0.047407407,0.08,0.39,0.39,0.90259259,0.34066667,1,0
2020-07-20,0.9584938,0.00027122283,0.48192593,0.34066667,0.047407407,0.08,0.39,0.39,0.90259259,0.34066667,1,0
2020-07-21,0.97343309,0.015586215,0.48192593,0.34066667,0.047407407,0.08,0.39,0.39,0.90259259,0.34066667,1,0
2020-07-22,0.98351297,0.010354972,0.48192593,0.34066667,0.047407407,0.08,0.39,0.39,0.90259259,0.34066667,1,0
2020-07-23,0.99289434,0.0095386392,0.48192593,0.34066667,0.047407407,0.08,0.39,0.39,0.90259259,0.34066667,1,0
2020-07-24,0.99269439,-0.00020137886,0.48192593,0.34066667,0.047407407,0.08,0.39,0.39,0.90259259,0.34066667,1,0
2020-07-25,0.99848933,0.0058375802,0.48192593,0.34066667,0.047407407,0.08,0.39,0.39,0.90259259,0.34066667,1,0
2020-07-26,1.0066671,0.0081901914,0.48192593,0.34066667,0.047407407,0.08,0.39,0.39,0.90259259,0.34066667,1,0
2020-07-27,1.0580219,0.051014607,0.306,0.414,0.15,0.08,0.39,0.39,0.8,0.414,1,0.00037388889
2020-07-28,1.0546155,-0.0032195771,0.306,0.414,0.15,0.14,0.33,0.39,0.86,0.414,2,0
2020-07-29,1.0652308,0.010065552,0.282,0.378,0.15,0.24,0.23,0.33,0.9,0.478,3,9e-05
2020-07-30,1.0671989,0.0018476434,0.242,0.318,0.15,0.24,0.23,0.23,0.8,0.418,3,0.00015
2020-07-31,1.0817487,0.013633606,0.242,0.318,0.15,0.24,0.23,0.23,0.8,0.418,3,0
2020-08-01,1.1080587,0.02432173,0.242,0.318,0.15,0.24,0.23,0.23,0.8,0.418,3,0
2020-08-02,1.076973,-0.02805421,0.242,0.318,0.15,0.24,0.23,0.23,0.8,0.418,3,0
2020-08-03,1.0853103,0.0077414409,0.242,0.27992958,0.15,0.22084507,0.23,0.23,0.822,0.5,3,5.7105634e-05
2020-08-04,1.089354,0.0037258479,0.242,0.318,0.15,0.24,0.23,0.23,0.8,0.418,3,5.7105634e-05
2020-08-05,1.125671,0.033338077,0.242,0.30694981,0.15,0.31513514,0.15,0.23,1.072,0.5,5,1.657529e-05
2020-08-06,1.1275679,0.0016851291,0.21,0.27,0.15,0.24,0.23,0.15,0.72,0.37,3,0.00010342471
2020-08-07,1.1113261,-0.014404307,0.242,0.30694981,0.15,0.31513514,0.15,0.23,0.982,0.5,5,0.00010342471
2020-08-08,1.1202946,0.0080701505,0.21,0.27,0.15,0.24,0.23,0.15,0.72,0.37,3,0.00010342471
2020-08-09,1.1158786,-0.0039418815,0.242,0.318,0.15,0.24,0.23,0.23,0.8,0.418,3,0.00012
2020-08-10,1.1250634,0.0082310183,0.242,0.27992958,0.15,0.28084507,0.17,0.23,0.882,0.5,4,5.7105634e-05
2020-08-11,1.093097,-0.028412921,0.218,0.282,0.15,0.24,0.23,0.17,0.74,0.382,3,3.9105634e-05
2020-08-12,1.1079152,0.013556089,0.242,0.30694981,0.15,0.37513514,0.09,0.23,1.132,0.5,6,7.342471e-05
2020-08-13,1.1233829,0.013961137,0.186,0.234,0.15,0.24,0.23,0.09,0.66,0.334,3,0.00019342471
2020-08-14,1.1227732,-0.00054276313,0.242,0.30694981,0.15,0.31513514,0.15,0.23,0.982,0.5,5,0.00019342471
2020-08-15,1.1250916,0.0020649257,0.21,0.27,0.15,0.24,0.23,0.15,0.72,0.37,3,0.00010342471
2020-08-16,1.1275896,0.0022202662,0.242,0.318,0.15,0.24,0.23,0.23,0.8,0.418,3,0.00012
2020-08-17,1.1487278,0.018746315,0.242,0.318,0.15,0.24,0.23,0.23,0.8,0.418,3,0
2020-08-18,1.1364658,-0.010674409,0.242,0.318,0.15,0.24,0.23,0.23,0.8,0.418,3,0
2020-08-19,1.1211137,-0.013508666,0.242,0.318,0.15,0.24,0.23,0.23,0.8,0.418,3,0
2020-08-20,1.1230768,0.0017510563,0.242,0.318,0.15,0.24,0.23,0.23,0.8,0.418,3,0
2020-08-21,1.1058415,-0.01534649,0.242,0.318,0.15,0.24,0.23,0.23,0.8,0.418,3,0
2020-08-22,1.1111623,0.0048115369,0.242,0.318,0.15,0.18,0.29,0.23,0.74,0.418,2,0
2020-08-23,1.1104658,-0.00062684391,0.266,0.354,0.15,0.18,0.29,0.29,0.8,0.454,2,9e-05
2020-08-24,1.1137884,0.0029920614,0.266,0.354,0.15,0.18,0.29,0.29,0.8,0.454,2,0
2020-08-25,1.0886629,-0.022558573,0.266,0.354,0.15,0.24,0.23,0.29,0.86,0.454,3,0
2020-08-26,1.0983555,0.0089032321,0.242,0.318,0.15,0.18,0.29,0.23,0.74,0.418,2,9e-05
2020-08-27,1.0884389,-0.0090285819,0.44192593,0.28066667,0.047407407,0.18,0.29,0.29,0.90259259,0.38066667,2,0.00035588889
2020-08-28,1.1064211,0.01652107,0.44192593,0.28066667,0.047407407,0.18,0.29,0.29,0.90259259,0.38066667,2,0
2020-08-29,1.1008477,-0.0050372974,0.44192593,0.28066667,0.047407407,0.18,0.29,0.29,0.90259259,0.38066667,2,0
2020-08-30,1.1142443,0.012169379,0.44192593,0.28066667,0.047407407,0.18,0.29,0.29,0.90259259,0.38066667,2,0
2020-08-31,1.1099659,-0.003839747,0.44192593,0.28066667,0.047407407,0.24,0.23,0.29,0.96259259,0.38066667,3,0
2020-09-01,1.1211891,0.010111255,0.41792593,0.24466667,0.047407407,0.18,0.29,0.23,0.84259259,0.34466667,2,9e-05
2020-09-02,1.0657804,-0.049419565,0.266,0.31949458,0.15,0.36635379,0.09,0.29,1.156,0.5,6,0.00034013077
2020-09-03,1.0311473,-0.032495497,0.36192593,0.16066667,0.047407407,0.18,0.29,0.09,0.70259259,0.26066667,2,0.00038213077
2020-09-04,1.0437205,0.012193339,0.44192593,0.28066667,0.047407407,0.16,0.31,0.29,1.0025926,0.38066667,3,0.0003
2020-09-05,1.0411002,-0.0025104692,0.57392593,0.16866667,0.047407407,0.08,0.39,0.31,0.82259259,0.16866667,1,0.000366
2020-09-06,1.0409849,-0.00011079035,0.63792593,0.18466667,0.047407407,0.08,0.39,0.39,0.90259259,0.18466667,1,0.00012
2020-09-07,1.0460925,0.0049064829,0.63792593,0.18466667,0.047407407,0.14,0.33,0.39,1.0525926,0.33466667,2,0
2020-09-08,1.0402903,-0.0055465403,0.58992593,0.17266667,0.047407407,0.08,0.39,0.33,0.84259259,0.17266667,1,9e-05
2020-09-09,1.0640619,0.022850919,0.63792593,0.18466667,0.047407407,0.22,0.25,0.39,1.2525926,0.28466667,4,9e-05
2020-09-10,1.0661928,0.0020026402,0.52592593,0.15666667,0.047407407,0.08,0.39,0.25,0.76259259,0.15666667,1,0.00021
2020-09-11,1.0680763,0.0017665455,0.48192593,0.34066667,0.047407407,0.16,0.31,0.39,1.1025926,0.44066667,3,0.000342
2020-09-12,1.0693312,0.0011749236,0.57392593,0.16866667,0.047407407,0.08,0.39,0.31,0.82259259,0.16866667,1,0.000396
2020-09-13,1.0665601,-0.0025914277,0.63792593,0.18466667,0.047407407,0.08,0.39,0.39,0.90259259,0.18466667,1,0.00012
2020-09-14,1.0837496,0.016116745,0.63792593,0.18466667,0.047407407,0.14,0.33,0.39,1.0525926,0.33466667,2,0
2020-09-15,1.0857486,0.0018445762,0.45792593,0.30466667,0.047407407,0.08,0.39,0.33,0.84259259,0.30466667,1,0.00045
2020-09-16,1.0937613,0.0073798332,0.48192593,0.34066667,0.047407407,0.08,0.39,0.39,0.90259259,0.34066667,1,9e-05
2020-09-17,1.0910001,-0.002524467,0.63792593,0.18466667,0.047407407,0.08,0.39,0.39,0.90259259,0.18466667,1,0.000468
2020-09-18,1.0891609,-0.0016857506,0.48192593,0.34066667,0.047407407,0.08,0.39,0.39,0.90259259,0.34066667,1,0.000468
2020-09-19,1.0958434,0.0061354573,0.48192593,0.34066667,0.047407407,0.08,0.39,0.39,0.90259259,0.34066667,1,0
2020-09-20,1.0894898,-0.0057979836,0.48192593,0.34066667,0.047407407,0.08,0.39,0.39,0.90259259,0.34066667,1,0
2020-09-21,1.0611374,-0.026023497,0.48192593,0.34066667,0.047407407,0.08,0.39,0.39,0.90259259,0.34066667,1,0
2020-09-22,1.0576948,-0.0032442413,0.63792593,0.18466667,0.047407407,0,0.47,0.39,0.82259259,0.18466667,0,0.000468
2020-09-23,1.0358909,-0.020614565,0.51392593,0.38866667,0.047407407,0,0.47,0.47,0.90259259,0.38866667,0,0.000492
2020-09-24,1.0521543,0.015699845,0.70192593,0.20066667,0.047407407,0,0.47,0.47,0.90259259,0.20066667,0,0.000564
2020-09-25,1.0456087,-0.0062211129,0.51392593,0.38866667,0.047407407,0,0.47,0.47,0.90259259,0.38866667,0,0.000564
2020-09-26,1.0463427,0.00070195485,0.51392593,0.38866667,0.047407407,0,0.47,0.47,0.90259259,0.38866667,0,0
2020-09-27,1.0477699,0.001363991,0.51392593,0.38866667,0.047407407,0.08,0.39,0.47,0.98259259,0.38866667,1,0
2020-09-28,1.0519527,0.003992126,0.48192593,0.34066667,0.047407407,0.08,0.39,0.39,0.90259259,0.34066667,1,0.00012
2020-09-29,1.0615218,0.0090965719,0.48192593,0.34066667,0.047407407,0.08,0.39,0.39,0.90259259,0.34066667,1,0
2020-09-30,1.0562715,-0.0049460246,0.48192593,0.34066667,0.047407407,0.08,0.39,0.39,0.90259259,0.34066667,1,0
2020-10-01,1.0541616,-0.001997574,0.48192593,0.34066667,0.047407407,0.08,0.39,0.39,0.90259259,0.34066667,1,0
2020-10-02,1.0486758,-0.0052038578,0.63792593,0.18466667,0.047407407,0.16,0.31,0.39,1.1025926,0.28466667,3,0.000468
2020-10-03,1.0456117,-0.0029219085,0.44992593,0.29266667,0.047407407,0.08,0.39,0.31,0.82259259,0.29266667,1,0.000444
2020-10-04,1.0523309,0.0064261144,0.48192593,0.34066667,0.047407407,0.08,0.39,0.39,0.90259259,0.34066667,1,0.00012
2020-10-05,1.0575149,0.0049261683,0.48192593,0.34066667,0.047407407,0.14,0.33,0.39,1.0525926,0.49066667,2,0
2020-10-06,1.0447414,-0.012078775,0.282,0.378,0.15,0.08,0.39,0.33,0.74,0.378,1,0.00035588889
2020-10-07,1.050266,0.0052880293,0.48192593,0.34066667,0.047407407,0.22,0.25,0.39,1.2525926,0.44066667,4,0.00035588889
2020-10-08,1.0589641,0.0082818099,0.42592593,0.25666667,0.047407407,0.08,0.39,0.25,0.76259259,0.25666667,1,0.00021
2020-10-09,1.0736353,0.01385429,0.306,0.40272374,0.15,0.15891051,0.31,0.39,0.986,0.5,3,0.00039897449
2020-10-10,1.0816691,0.007482734,0.274,0.366,0.15,0.08,0.39,0.31,0.72,0.366,1,0.0001030856
2020-10-11,1.0854591,0.0035039045,0.306,0.414,0.15,0.08,0.39,0.39,0.8,0.414,1,0.00012
2020-10-12,1.0911501,0.0052429269,0.306,0.36702128,0.15,0.13319149,0.33,0.39,0.886,0.5,2,7.0468085e-05
2020-10-13,1.083989,-0.0065629014,0.282,0.378,0.15,0.08,0.39,0.33,0.74,0.378,1,5.2468085e-05
2020-10-14,1.0849447,0.00088169791,0.306,0.40272374,0.15,0.21891051,0.25,0.39,1.136,0.5,4,7.3085603e-05
2020-10-15,1.0890607,0.0037936994,0.25,0.33,0.15,0.08,0.39,0.25,0.66,0.33,1,0.0001930856
2020-10-16,1.0803071,-0.0080377677,0.306,0.414,0.15,0.08,0.39,0.39,0.8,0.414,1,0.00021
2020-10-17,1.0813997,0.0010114321,0.48192593,0.34066667,0.047407407,0.08,0.39,0.39,0.90259259,0.34066667,1,0.00037388889
2020-10-18,1.0858089,0.0040772694,0.48192593,0.34066667,0.047407407,0.18,0.29,0.39,1.0025926,0.44066667,2,0
2020-10-19,1.095518,0.0089418345,0.266,0.354,0.15,0.18,0.29,0.29,0.8,0.454,2,0.00034388889
2020-10-20,1.1024122,0.0062930615,0.266,0.354,0.15,0.24,0.23,0.29,0.86,0.454,3,0
2020-10-21,1.1415216,0.035476186,0.242,0.318,0.15,0.24,0.23,0.23,0.8,0.418,3,9e-05
2020-10-22,1.1495646,0.0070459224,0.242,0.318,0.15,0.24,0.23,0.23,0.8,0.418,3,0
2020-10-23,1.1464541,-0.002705859,0.242,0.318,0.15,0.24,0.23,0.23,0.8,0.418,3,0
2020-10-24,1.155687,0.0080534629,0.242,0.318,0.15,0.24,0.23,0.23,0.8,0.418,3,0
2020-10-25,1.150658,-0.0043515285,0.242,0.318,0.15,0.24,0.23,0.23,0.8,0.418,3,0
2020-10-26,1.1490147,-0.001428098,0.242,0.318,0.15,0.24,0.23,0.23,0.8,0.418,3,0
2020-10-27,1.1736873,0.021472802,0.242,0.318,0.15,0.24,0.23,0.23,0.8,0.418,3,0
2020-10-28,1.1549266,-0.015984381,0.242,0.318,0.15,0.24,0.23,0.23,0.8,0.418,3,0
2020-10-29,1.1583394,0.0029549566,0.242,0.318,0.15,0.24,0.23,0.23,0.8,0.418,3,0
2020-10-30,1.1643053,0.0051504041,0.242,0.318,0.15,0.24,0.23,0.23,0.8,0.418,3,0
2020-10-31,1.1733086,0.0077327119,0.242,0.318,0.15,0.24,0.23,0.23,0.8,0.418,3,0
2020-11-01,1.173159,-0.00012748292,0.242,0.318,0.15,0.16,0.31,0.23,0.72,0.418,2,0
2020-11-02,1.1656325,-0.0064156089,0.274,0.29707792,0.15,0.18987013,0.25,0.31,0.834,0.5,3,7.9383117e-05
2020-11-03,1.1861414,0.017594694,0.25,0.33,0.15,0.16,0.31,0.25,0.74,0.43,2,8.5383117e-05
2020-11-04,1.1984143,0.010346889,0.274,0.32332155,0.15,0.28367491,0.17,0.31,1.084,0.5,5,4.6017668e-05
2020-11-05,1.2532479,0.045755136,0.218,0.282,0.15,0.16,0.31,0.17,0.66,0.382,2,0.00014598233
2020-11-06,1.2659859,0.010164005,0.274,0.32332155,0.15,0.22367491,0.23,0.31,0.934,0.5,4,0.00014598233
2020-11-07,1.2377032,-0.022340429,0.242,0.318,0.15,0.24,0.23,0.23,0.8,0.418,3,5.5982332e-05
2020-11-08,1.2649988,0.022053406,0.242,0.318,0.15,0.24,0.23,0.23,0.8,0.418,3,0
2020-11-09,1.2422571,-0.017977659,0.242,0.27992958,0.15,0.28084507,0.17,0.23,0.882,0.5,4,5.7105634e-05
2020-11-10,1.2443963,0.0017220606,0.218,0.282,0.15,0.24,0.23,0.17,0.74,0.382,3,3.9105634e-05
2020-11-11,1.2648819,0.016462228,0.242,0.30694981,0.15,0.37513514,0.09,0.23,1.132,0.5,6,7.342471e-05
2020-11-12,1.2827695,0.014141741,0.186,0.234,0.15,0.24,0.23,0.09,0.66,0.334,3,0.00019342471
2020-11-13,1.2874397,0.0036406922,0.242,0.30694981,0.15,0.31513514,0.15,0.23,0.982,0.5,5,0.00019342471
2020-11-14,1.2771568,-0.0079870595,0.21,0.27,0.15,0.24,0.23,0.15,0.72,0.37,3,0.00010342471
2020-11-15,1.2711062,-0.0047375691,0.242,0.318,0.15,0.24,0.23,0.23,0.8,0.418,3,0.00012
2020-11-16,1.2993265,0.022201364,0.242,0.318,0.15,0.24,0.23,0.23,0.8,0.418,3,0
2020-11-17,1.3330588,0.025961395,0.242,0.318,0.15,0.24,0.23,0.23,0.8,0.418,3,0
2020-11-18,1.3329739,-6.3706711e-05,0.242,0.318,0.15,0.24,0.23,0.23,0.8,0.418,3,0
2020-11-19,1.3307659,-0.0016564442,0.242,0.318,0.15,0.24,0.23,0.23,0.8,0.418,3,0
2020-11-20,1.3663927,0.026771628,0.242,0.318,0.15,0.24,0.23,0.23,0.8,0.418,3,0
2020-11-21,1.3748537,0.0061922763,0.242,0.318,0.15,0.24,0.23,0.23,0.8,0.418,3,0
2020-11-22,1.3667324,-0.0059070264,0.242,0.318,0.15,0.24,0.23,0.23,0.8,0.418,3,0
2020-11-23,1.3682342,0.001098816,0.242,0.318,0.15,0.24,0.23,0.23,0.8,0.418,3,0
2020-11-24,1.3873758,0.013990003,0.242,0.318,0.15,0.24,0.23,0.23,0.8,0.418,3,0
2020-11-25,1.3690135,-0.013235284,0.242,0.318,0.15,0.24,0.23,0.23,0.8,0.418,3,0
2020-11-26,1.3143708,-0.039913966,0.242,0.318,0.15,0.24,0.23,0.23,0.8,0.418,3,0
2020-11-27,1.3096254,-0.0036103813,0.242,0.318,0.15,0.18,0.29,0.23,0.74,0.418,2,0
2020-11-28,1.3291019,0.014871819,0.266,0.354,0.15,0.18,0.29,0.29,0.8,0.454,2,9e-05
2020-11-29,1.3455104,0.012345586,0.266,0.354,0.15,0.18,0.29,0.29,0.8,0.454,2,0
2020-11-30,1.395921,0.037465735,0.266,0.354,0.15,0.18,0.29,0.29,0.8,0.454,2,0
2020-12-01,1.3703259,-0.018335586,0.266,0.354,0.15,0.24,0.23,0.29,0.86,0.454,3,0
2020-12-02,1.38758,0.012591201,0.242,0.318,0.15,0.38,0.09,0.23,0.94,0.458,6,9e-05
2020-12-03,1.3971246,0.0068786191,0.186,0.234,0.15,0.24,0.23,0.09,0.66,0.334,3,0.00021
2020-12-04,1.3627052,-0.024635904,0.242,0.318,0.15,0.32,0.15,0.23,0.88,0.458,5,0.00021
2020-12-05,1.3771778,0.010620474,0.21,0.27,0.15,0.18,0.29,0.15,0.66,0.37,2,0.00012
2020-12-06,1.3824921,0.0038588313,0.266,0.354,0.15,0.24,0.23,0.29,0.86,0.454,3,0.00021
2020-12-07,1.3817589,-0.0005303537,0.242,0.27992958,0.15,0.28084507,0.17,0.23,0.882,0.5,4,0.00014710563
2020-12-08,1.3528972,-0.020887607,0.218,0.282,0.15,0.24,0.23,0.17,0.74,0.382,3,3.9105634e-05
2020-12-09,1.3590563,0.0045525055,0.242,0.30694981,0.15,0.31513514,0.15,0.23,1.072,0.5,5,7.342471e-05
2020-12-10,1.3510854,-0.0058650486,0.21,0.27,0.15,0.18,0.29,0.15,0.66,0.37,2,0.00010342471
2020-12-11,1.3441793,-0.0051114918,0.266,0.31949458,0.15,0.24635379,0.21,0.29,0.946,0.5,4,0.00015824188
2020-12-12,1.3682342,0.017895585,0.234,0.306,0.15,0.18,0.29,0.21,0.72,0.406,2,6.8241877e-05
2020-12-13,1.3833843,0.011072787,0.266,0.354,0.15,0.24,0.23,0.29,0.86,0.454,3,0.00012
2020-12-14,1.3838479,0.0003351017,0.242,0.27992958,0.15,0.28084507,0.17,0.23,0.882,0.5,4,0.00014710563
2020-12-15,1.3917438,0.0057057286,0.218,0.282,0.15,0.24,0.23,0.17,0.74,0.382,3,3.9105634e-05
2020-12-16,1.4571113,0.046968061,0.242,0.318,0.15,0.24,0.23,0.23,0.8,0.418,3,9e-05
2020-12-17,1.5058718,0.033463847,0.242,0.318,0.15,0.24,0.23,0.23,0.8,0.418,3,0
2020-12-18,1.5151043,0.006130985,0.242,0.318,0.15,0.24,0.23,0.23,0.8,0.418,3,0
2020-12-19,1.5345802,0.012854509,0.242,0.318,0.15,0.24,0.23,0.23,0.8,0.418,3,0
2020-12-20,1.5238028,-0.0070230553,0.242,0.318,0.15,0.24,0.23,0.23,0.8,0.418,3,0
2020-12-21,1.4992378,-0.016120834,0.242,0.318,0.15,0.24,0.23,0.23,0.8,0.418,3,0
2020-12-22,1.5306302,0.020938921,0.242,0.318,0.15,0.24,0.23,0.23,0.8,0.418,3,0
2020-12-23,1.5081691,-0.014674441,0.242,0.318,0.15,0.24,0.23,0.23,0.8,0.418,3,0
2020-12-24,1.5272964,0.012682495,0.242,0.318,0.15,0.24,0.23,0.23,0.8,0.418,3,0
2020-12-25,1.5585662,0.020473919,0.242,0.318,0.15,0.24,0.23,0.23,0.8,0.418,3,0
2020-12-26,1.6091853,0.032478027,0.242,0.318,0.15,0.24,0.23,0.23,0.8,0.418,3,0
2020-12-27,1.6147917,0.0034839904,0.242,0.318,0.15,0.24,0.23,0.23,0.8,0.418,3,0
2020-12-28,1.6389679,0.014971678,0.242,0.318,0.15,0.24,0.23,0.23,0.8,0.418,3,0
2020-12-29,1.6469385,0.0048631992,0.242,0.318,0.15,0.24,0.23,0.23,0.8,0.418,3,0
2020-12-30,1.6882324,0.025073105,0.242,0.318,0.15,0.24,0.23,0.23,0.8,0.418,3,0
2020-12-31,1.6900011,0.0010476958,0.242,0.318,0.15,0.24,0.23,0.23,0.8,0.418,3,0
2021-01-01,1.7000892,0.0059692955,0.242,0.30694981,0.15,0.31513514,0.15,0.23,0.982,0.5,5,1.657529e-05
2021-01-02,1.7722189,0.042427001,0.21,0.27,0.15,0.24,0.23,0.15,0.72,0.37,3,0.00010342471
2021-01-03,1.8186299,0.026188055,0.242,0.318,0.15,0.24,0.23,0.23,0.8,0.418,3,0.00012
2021-01-04,1.8025525,-0.0088403532,0.242,0.27992958,0.15,0.28084507,0.17,0.23,0.882,0.5,4,5.7105634e-05
2021-01-05,1.854643,0.02889814,0.218,0.282,0.15,0.24,0.23,0.17,0.74,0.382,3,3.9105634e-05
2021-01-06,1.9415327,0.046849845,0.242,0.30694981,0.15,0.37513514,0.09,0.23,1.132,0.5,6,7.342471e-05
2021-01-07,1.9892896,0.024597519,0.186,0.234,0.15,0.24,0.23,0.09,0.66,0.334,3,0.00019342471
2021-01-08,2.0231825,0.01703772,0.242,0.30694981,0.15,0.31513514,0.15,0.23,0.982,0.5,5,0.00019342471
2021-01-09,2.019872,-0.0016362963,0.21,0.27,0.15,0.24,0.23,0.15,0.72,0.37,3,0.00010342471
2021-01-10,1.9795882,-0.019943737,0.242,0.318,0.15,0.24,0.23,0.23,0.8,0.418,3,0.00012
2021-01-11,1.9085419,-0.035889463,0.242,0.318,0.15,0.24,0.23,0.23,0.8,0.478,3,0
2021-01-12,1.8794872,-0.015223484,0.242,0.318,0.15,0.18,0.29,0.23,0.74,0.418,2,0
2021-01-13,1.9651283,0.0455662,0.266,0.354,0.15,0.32,0.15,0.29,0.94,0.494,5,9e-05
2021-01-14,2.0022171,0.018873502,0.21,0.27,0.15,0.18,0.29,0.15,0.66,0.37,2,0.00021
2021-01-15,1.9314516,-0.035343617,0.266,0.354,0.15,0.24,0.23,0.29,0.86,0.454,3,0.00021
2021-01-16,1.917763,-0.0070871708,0.242,0.318,0.15,0.18,0.29,0.23,0.74,0.418,2,9e-05
2021-01-17,1.9102332,-0.0039263703,0.266,0.354,0.15,0.18,0.29,0.29,0.8,0.454,2,9e-05
2021-01-18,1.9342703,0.012583358,0.266,0.354,0.15,0.18,0.29,0.29,0.8,0.454,2,0
2021-01-19,1.9169055,-0.0089774707,0.266,0.354,0.15,0.18,0.29,0.29,0.8,0.454,2,0
2021-01-20,1.9156641,-0.00064757307,0.266,0.354,0.15,0.18,0.29,0.29,0.8,0.454,2,0
2021-01-21,1.7982898,-0.061270842,0.266,0.354,0.15,0.18,0.29,0.29,0.8,0.454,2,0
2021-01-22,1.8369225,0.021483035,0.266,0.354,0.15,0.08,0.39,0.29,0.7,0.354,1,0
2021-01-23,1.8178714,-0.010371209,0.306,0.414,0.15,0.08,0.39,0.39,0.8,0.414,1,0.00015
2021-01-24,1.8196971,0.0010043016,0.306,0.414,0.15,0.08,0.39,0.39,0.8,0.414,1,0
2021-01-25,1.8200039,0.00016858306,0.306,0.414,0.15,0.08,0.39,0.39,0.8,0.414,1,0
2021-01-26,1.8266079,0.0036285648,0.306,0.414,0.15,0.08,0.39,0.39,0.8,0.414,1,0
2021-01-27,1.7725414,-0.029599353,0.306,0.414,0.15,0.08,0.39,0.39,0.8,0.414,1,0
2021-01-28,1.846909,0.04195531,0.306,0.414,0.15,0.08,0.39,0.39,0.8,0.414,1,0
2021-01-29,1.8699879,0.012495958,0.306,0.414,0.15,0.16,0.31,0.39,0.88,0.494,2,0
2021-01-30,1.8654122,-0.0024469057,0.274,0.366,0.15,0.16,0.31,0.31,0.8,0.446,2,0.00012
2021-01-31,1.8416582,-0.012733923,0.274,0.366,0.15,0.16,0.31,0.31,0.8,0.446,2,0
2021-02-01,1.8464279,0.0025898904,0.274,0.36166008,0.15,0.21833992,0.25,0.31,0.854,0.5,3,6.5098814e-06
2021-02-02,1.8660294,0.010615928,0.42592593,0.25666667,0.047407407,0.08,0.39,0.25,0.76259259,0.25666667,1,0.00038537901
2021-02-03,1.9195439,0.02867829,0.306,0.414,0.15,0.22,0.25,0.39,0.94,0.454,4,0.00041588889
2021-02-04,1.8979798,-0.011233993,0.25,0.33,0.15,0.08,0.39,0.25,0.66,0.33,1,0.00021
2021-02-05,1.9391601,0.021696922,0.306,0.414,0.15,0.16,0.31,0.39,0.88,0.454,3,0.00021
2021-02-06,1.953177,0.0072283513,0.44992593,0.29266667,0.047407407,0.08,0.39,0.31,0.82259259,0.29266667,1,0.00039788889
2021-02-07,1.9428581,-0.0052831421,0.48192593,0.34066667,0.047407407,0.14,0.33,0.39,0.96259259,0.34066667,2,0.00012
2021-02-08,2.0868877,0.07413283,0.45792593,0.30466667,0.047407407,0.2,0.27,0.33,0.96259259,0.36466667,3,9e-05
2021-02-09,2.0908051,0.0018771395,0.258,0.342,0.15,0.14,0.33,0.27,0.74,0.342,2,0.00035588889
2021-02-10,2.0502424,-0.019400523,0.282,0.36486486,0.15,0.37513514,0.09,0.33,1.022,0.5,6,7.0297297e-05
2021-02-11,2.0975125,0.02305588,0.186,0.234,0.15,0.24,0.23,0.09,0.66,0.334,3,0.0003402973
2021-02-12,2.0921177,-0.0025720292,0.242,0.318,0.15,0.32,0.15,0.23,0.88,0.458,5,0.00021
2021-02-13,2.0897297,-0.001141399,0.21,0.27,0.15,0.24,0.23,0.15,0.72,0.37,3,0.00012
2021-02-14,2.1138383,0.011536682,0.242,0.318,0.15,0.24,0.23,0.23,0.8,0.418,3,0.00012
2021-02-15,2.0989502,-0.0070431252,0.242,0.318,0.15,0.24,0.23,0.23,0.8,0.418,3,0
2021-02-16,2.1170163,0.0086071987,0.242,0.318,0.15,0.24,0.23,0.23,0.8,0.418,3,0
2021-02-17,2.1710289,0.025513559,0.242,0.318,0.15,0.24,0.23,0.23,0.8,0.418,3,0
2021-02-18,2.1645685,-0.0029757403,0.242,0.318,0.15,0.24,0.23,0.23,0.8,0.418,3,0
2021-02-19,2.2494665,0.039221685,0.242,0.318,0.15,0.24,0.23,0.23,0.8,0.418,3,0
2021-02-20,2.2482557,-0.00053827325,0.242,0.318,0.15,0.24,0.23,0.23,0.8,0.418,3,0
2021-02-21,2.2794719,0.013884626,0.242,0.318,0.15,0.24,0.23,0.23,0.8,0.418,3,0
2021-02-22,2.2139084,-0.028762602,0.242,0.318,0.15,0.24,0.23,0.23,0.8,0.418,3,0
2021-02-23,2.1241478,-0.040543956,0.242,0.318,0.15,0.18,0.29,0.23,0.74,0.418,2,0
2021-02-24,2.1369567,0.0060301509,0.266,0.354,0.15,0.18,0.29,0.29,0.8,0.454,2,9e-05
2021-02-25,2.0748112,-0.029081316,0.266,0.354,0.15,0.18,0.29,0.29,0.8,0.454,2,0
2021-02-26,2.0507199,-0.011611293,0.266,0.354,0.15,0.18,0.29,0.29,0.8,0.454,2,0
2021-02-27,2.0479535,-0.001349027,0.266,0.354,0.15,0.18,0.29,0.29,0.8,0.454,2,0
2021-02-28,2.0209395,-0.013190733,0.266,0.354,0.15,0.18,0.29,0.29,0.8,0.454,2,0
2021-03-01,2.0922565,0.035289036,0.266,0.354,0.15,0.14,0.33,0.29,0.76,0.414,2,0
2021-03-02,2.0817167,-0.0050375124,0.282,0.378,0.15,0.08,0.39,0.33,0.74,0.378,1,6e-05
2021-03-03,2.1237634,0.020198099,0.306,0.414,0.15,0.22,0.25,0.39,0.94,0.454,4,9e-05
2021-03-04,2.0923621,-0.014785672,0.25,0.33,0.15,0.08,0.39,0.25,0.66,0.33,1,0.00021
2021-03-05,2.1013017,0.0042724701,0.306,0.414,0.15,0.16,0.31,0.39,0.88,0.454,3,0.00021
2021-03-06,2.1050432,0.0017805445,0.274,0.366,0.15,0.08,0.39,0.31,0.72,0.366,1,0.00012
2021-03-07,2.1433518,0.018198506,0.306,0.414,0.15,0.08,0.39,0.39,0.8,0.414,1,0.00012
2021-03-08,2.1635229,0.0094110139,0.306,0.414,0.15,0.14,0.33,0.39,0.86,0.474,2,0
2021-03-09,2.2111502,0.022013784,0.282,0.378,0.15,0.08,0.39,0.33,0.74,0.378,1,9e-05
2021-03-10,2.2341243,0.010390113,0.306,0.414,0.15,0.28,0.19,0.39,1,0.454,5,9e-05
2021-03-11,2.2598787,0.011527723,0.226,0.294,0.15,0.14,0.33,0.19,0.66,0.294,2,0.0003
2021-03-12,2.230665,-0.012927101,0.282,0.378,0.15,0.22,0.25,0.33,1,0.478,4,0.00021
2021-03-13,2.2954812,0.029056903,0.25,0.33,0.15,0.14,0.33,0.25,0.72,0.33,2,0.00012
2021-03-14,2.2468833,-0.021171155,0.282,0.378,0.15,0.24,0.23,0.33,0.9,0.478,3,0.00012
2021-03-15,2.1868652,-0.026711689,0.242,0.318,0.15,0.24,0.23,0.23,0.8,0.418,3,0.00015
2021-03-16,2.2065721,0.009011473,0.242,0.318,0.15,0.08,0.39,0.23,0.64,0.318,1,0
2021-03-17,2.2435953,0.016778604,0.306,0.414,0.15,0.08,0.39,0.39,0.8,0.414,1,0.00024
2021-03-18,2.2132856,-0.013509407,0.306,0.414,0.15,0.14,0.33,0.39,0.86,0.414,2,0
2021-03-19,2.2246265,0.0051240044,0.282,0.378,0.15,0.08,0.39,0.33,0.74,0.378,1,9e-05
2021-03-20,2.22464,6.073805e-06,0.306,0.414,0.15,0.08,0.39,0.39,0.8,0.414,1,9e-05
2021-03-21,2.209791,-0.006674817,0.306,0.414,0.15,0.08,0.39,0.39,0.8,0.414,1,0
2021-03-22,2.1627619,-0.021282121,0.48192593,0.34066667,0.047407407,0.08,0.39,0.39,0.90259259,0.34066667,1,0.00037388889
2021-03-23,2.1660129,0.001503176,0.48192593,0.34066667,0.047407407,0.08,0.39,0.39,0.90259259,0.34066667,1,0
2021-03-24,2.1371961,-0.013304115,0.48192593,0.34066667,0.047407407,0.08,0.39,0.39,0.90259259,0.34066667,1,0
2021-03-25,2.1171646,-0.0093727953,0.48192593,0.34066667,0.047407407,0.08,0.39,0.39,0.90259259,0.34066667,1,0
2021-03-26,2.1773759,0.028439622,0.48192593,0.34066667,0.047407407,0.08,0.39,0.39,0.90259259,0.34066667,1,0
2021-03-27,2.1866352,0.0042524744,0.306,0.414,0.15,0.08,0.39,0.39,0.8,0.414,1,0.00037388889
2021-03-28,2.1914078,0.0021826325,0.306,0.414,0.15,0.08,0.39,0.39,0.8,0.414,1,0
2021-03-29,2.2133286,0.01000309,0.306,0.414,0.15,0.08,0.39,0.39,0.8,0.414,1,0
2021-03-30,2.2220347,0.0039334667,0.306,0.414,0.15,0.08,0.39,0.39,0.8,0.414,1,0
2021-03-31,2.2328268,0.0048568718,0.306,0.414,0.15,0.14,0.33,0.39,0.86,0.414,2,0
2021-04-01,2.2465367,0.0061401492,0.282,0.378,0.15,0.14,0.33,0.33,0.8,0.378,2,9e-05
2021-04-02,2.2587856,0.0054523532,0.282,0.378,0.15,0.22,0.25,0.33,1,0.478,4,0
2021-04-03,2.2253992,-0.014780683,0.25,0.33,0.15,0.14,0.33,0.25,0.72,0.33,2,0.00012
2021-04-04,2.2472735,0.0098293801,0.282,0.378,0.15,0.08,0.39,0.33,0.74,0.378,1,0.00012
2021-04-05,2.2711312,0.010616295,0.306,0.36702128,0.15,0.19319149,0.27,0.39,0.946,0.5,3,5.2468085e-05
2021-04-06,2.2607728,-0.0045609279,0.258,0.342,0.15,0.14,0.33,0.27,0.74,0.342,2,0.00010953191
2021-04-07,2.1927427,-0.030091508,0.282,0.378,0.15,0.22,0.25,0.33,1.09,0.478,4,9e-05
2021-04-08,2.2247221,0.014584185,0.25,0.33,0.15,0.08,0.39,0.25,0.66,0.33,1,0.00012
2021-04-09,2.2200058,-0.0021199469,0.306,0.40272374,0.15,0.15891051,0.31,0.39,0.986,0.5,3,0.0001930856
2021-04-10,2.2438671,0.010748324,0.44992593,0.29266667,0.047407407,0.14,0.33,0.31,0.88259259,0.29266667,2,0.00038097449
2021-04-11,2.2476523,0.0016868979,0.45792593,0.30466667,0.047407407,0.14,0.33,0.33,0.90259259,0.30466667,2,3e-05
2021-04-12,2.2375653,-0.0044877777,0.45792593,0.30466667,0.047407407,0.2,0.27,0.33,1.0525926,0.45466667,3,0
2021-04-13,2.2877094,0.022410094,0.43392593,0.26866667,0.047407407,0.14,0.33,0.27,0.84259259,0.26866667,2,9e-05
2021-04-14,2.292438,0.002066981,0.282,0.378,0.15,0.28,0.19,0.33,1.15,0.478,5,0.00039188889
2021-04-15,2.3048177,0.0054002294,0.226,0.294,0.15,0.14,0.33,0.19,0.66,0.294,2,0.00021
2021-04-16,2.2812723,-0.010215725,0.282,0.378,0.15,0.14,0.33,0.33,0.8,0.378,2,0.00021
2021-04-17,2.260767,-0.0089885761,0.45792593,0.30466667,0.047407407,0.14,0.33,0.33,0.90259259,0.30466667,2,0.00037388889
2021-04-18,2.2227635,-0.016809983,0.45792593,0.30466667,0.047407407,0.08,0.39,0.33,0.84259259,0.30466667,1,0
2021-04-19,2.2058324,-0.0076171514,0.48192593,0.34066667,0.047407407,0.08,0.39,0.39,0.90259259,0.34066667,1,9e-05
2021-04-20,2.2201393,0.0064859342,0.48192593,0.34066667,0.047407407,0.08,0.39,0.39,0.90259259,0.34066667,1,0
2021-04-21,2.2009609,-0.0086383677,0.48192593,0.34066667,0.047407407,0.08,0.39,0.39,0.90259259,0.34066667,1,0
2021-04-22,2.1599955,-0.018612479,0.48192593,0.34066667,0.047407407,0.08,0.39,0.39,0.90259259,0.34066667,1,0
2021-04-23,2.158108,-0.00087387623,0.48192593,0.34066667,0.047407407,0.08,0.39,0.39,0.90259259,0.34066667,1,0
2021-04-24,2.1324217,-0.011902196,0.48192593,0.34066667,0.047407407,0.08,0.39,0.39,0.90259259,0.34066667,1,0
2021-04-25,2.1142906,-0.0085026147,0.48192593,0.34066667,0.047407407,0.08,0.39,0.39,0.90259259,0.34066667,1,0
2021-04-26,2.1622358,0.022676726,0.63792593,0.18466667,0.047407407,0.08,0.39,0.39,0.90259259,0.18466667,1,0.000468
2021-04-27,2.1732308,0.0050850163,0.48192593,0.34066667,0.047407407,0.08,0.39,0.39,0.90259259,0.34066667,1,0.000468
2021-04-28,2.1745836,0.00062249338,0.48192593,0.34066667,0.047407407,0.08,0.39,0.39,0.90259259,0.34066667,1,0
2021-04-29,2.1512237,-0.01074224,0.48192593,0.34066667,0.047407407,0.08,0.39,0.39,0.90259259,0.34066667,1,0
2021-04-30,2.2064491,0.025671626,0.48192593,0.34066667,0.047407407,0.08,0.39,0.39,0.90259259,0.34066667,1,0
2021-05-01,2.2112867,0.0021924981,0.48192593,0.34066667,0.047407407,0.08,0.39,0.39,0.90259259,0.34066667,1,0
2021-05-02,2.1931647,-0.0081952359,0.48192593,0.34066667,0.047407407,0.08,0.39,0.39,0.90259259,0.34066667,1,0
2021-05-03,2.2099912,0.0076722433,0.48192593,0.34066667,0.047407407,0.14,0.33,0.39,1.0525926,0.49066667,2,0
2021-05-04,2.1546378,-0.025046917,0.45792593,0.30466667,0.047407407,0.08,0.39,0.33,0.84259259,0.30466667,1,9e-05
2021-05-05,2.236621,0.038049662,0.48192593,0.34066667,0.047407407,0.22,0.25,0.39,1.2525926,0.44066667,4,9e-05
2021-05-06,2.2456689,0.0040453288,0.42592593,0.25666667,0.047407407,0.08,0.39,0.25,0.76259259,0.25666667,1,0.00021
2021-05-07,2.2813731,0.015899152,0.48192593,0.34066667,0.047407407,0.16,0.31,0.39,1.1025926,0.44066667,3,0.00021
2021-05-08,2.3025484,0.0092818104,0.44992593,0.29266667,0.047407407,0.08,0.39,0.31,0.82259259,0.29266667,1,0.00012
2021-05-09,2.3097524,0.0031287428,0.48192593,0.34066667,0.047407407,0.08,0.39,0.39,0.90259259,0.34066667,1,0.00012
2021-05-10,2.25709,-0.022800046,0.48192593,0.34066667,0.047407407,0.14,0.33,0.39,1.0525926,0.49066667,2,0
2021-05-11,2.2581051,0.00044976743,0.45792593,0.30466667,0.047407407,0.08,0.39,0.33,0.84259259,0.30466667,1,9e-05
2021-05-12,2.1373034,-0.053496962,0.48192593,0.34066667,0.047407407,0.22,0.25,0.39,1.2525926,0.44066667,4,9e-05
2021-05-13,2.1568351,0.009138469,0.52592593,0.15666667,0.047407407,0.08,0.39,0.25,0.76259259,0.15666667,1,0.000342
2021-05-14,2.1752243,0.0085260119,0.63792593,0.18466667,0.047407407,0.16,0.31,0.39,0.98259259,0.22466667,3,0.00021
2021-05-15,2.1605415,-0.0067499828,0.57392593,0.16866667,0.047407407,0.08,0.39,0.31,0.82259259,0.16866667,1,0.00012
2021-05-16,2.2033975,0.019835764,0.63792593,0.18466667,0.047407407,0.08,0.39,0.39,0.90259259,0.18466667,1,0.00012
2021-05-17,2.1453376,-0.026350186,0.63792593,0.18466667,0.047407407,0.08,0.39,0.39,0.90259259,0.18466667,1,0
2021-05-18,2.1249747,-0.0094917105,0.63792593,0.18466667,0.047407407,0.08,0.39,0.39,0.90259259,0.18466667,1,0
2021-05-19,2.0599978,-0.030577737,0.63792593,0.18466667,0.047407407,0.08,0.39,0.39,0.90259259,0.18466667,1,0
2021-05-20,2.108308,0.023451621,0.63792593,0.18466667,0.047407407,0.08,0.39,0.39,0.90259259,0.18466667,1,0
2021-05-21,2.0913415,-0.0080474746,0.63792593,0.18466667,0.047407407,0.08,0.39,0.39,0.90259259,0.18466667,1,0
2021-05-22,2.0940478,0.0012940492,0.63792593,0.18466667,0.047407407,0.08,0.39,0.39,0.90259259,0.18466667,1,0
2021-05-23,2.0608437,-0.015856414,0.63792593,0.18466667,0.047407407,0.08,0.39,0.39,0.90259259,0.18466667,1,0
2021-05-24,2.0969505,0.017520377,0.63792593,0.18466667,0.047407407,0.08,0.39,0.39,0.90259259,0.18466667,1,0
2021-05-25,2.1042566,0.0034841867,0.63792593,0.18466667,0.047407407,0,0.47,0.39,0.82259259,0.18466667,0,0
2021-05-26,2.1185468,0.0067910637,0.70192593,0.20066667,0.047407407,0.08,0.39,0.47,0.98259259,0.20066667,1,0.00012
2021-05-27,2.1114626,-0.0033438837,0.63792593,0.18466667,0.047407407,0.08,0.39,0.39,0.90259259,0.18466667,1,0.00012
2021-05-28,2.0952755,-0.0076662914,0.63792593,0.18466667,0.047407407,0.08,0.39,0.39,0.90259259,0.18466667,1,0
2021-05-29,2.0910999,-0.0019928853,0.63792593,0.18466667,0.047407407,0.08,0.39,0.39,0.90259259,0.18466667,1,0
2021-05-30,2.0661343,-0.011938937,0.63792593,0.18466667,0.047407407,0.08,0.39,0.39,0.90259259,-0.18466667,1,0
2021-05-31,2.0508188,-0.0074126418,0.63792593,0.18466667,0.047407407,0.08,0.39,0.39,0.90259259,-0.18466667,1,0
2021-06-01,2.0535691,0.0013410716,0.63792593,0.18466667,0.047407407,0.08,0.39,0.39,0.90259259,-0.18466667,1,0
2021-06-02,2.060282,0.0032688868,0.63792593,0.18466667,0.047407407,0.22,0.25,0.39,1.0425926,-0.14466667,4,0
2021-06-03,2.0267894,-0.016256312,0.52592593,0.15666667,0.047407407,0.08,0.39,0.25,0.76259259,-0.15666667,1,0.00021
2021-06-04,2.0596412,0.016208772,0.63792593,0.18466667,0.047407407,0.16,0.31,0.39,0.98259259,-0.14466667,3,0.00021
2021-06-05,2.0728537,0.0064149668,0.57392593,0.16866667,0.047407407,0.08,0.39,0.31,0.82259259,-0.16866667,1,0.00012
2021-06-06,2.0660782,-0.0032686721,0.63792593,0.18466667,0.047407407,0.08,0.39,0.39,0.90259259,-0.18466667,1,0.00012
2021-06-07,2.086966,0.010109843,0.63792593,0.18466667,0.047407407,0.14,0.33,0.39,0.96259259,-0.12466667,2,0
2021-06-08,2.0867632,-9.7171911e-05,0.58992593,0.17266667,0.047407407,0.08,0.39,0.33,0.84259259,-0.17266667,1,9e-05
2021-06-09,2.0502541,-0.01749556,0.63792593,0.18466667,0.047407407,0.22,0.25,0.39,1.0425926,-0.14466667,4,9e-05
2021-06-10,2.0593646,0.0044436229,0.52592593,0.15666667,0.047407407,0.08,0.39,0.25,0.76259259,-0.15666667,1,0.00021
2021-06-11,2.0459098,-0.0065334734,0.63792593,0.18466667,0.047407407,0.16,0.31,0.39,0.98259259,-0.14466667,3,0.00021
2021-06-12,2.0635285,0.0086116535,0.57392593,0.16866667,0.047407407,0.08,0.39,0.31,0.82259259,-0.16866667,1,0.00012
2021-06-13,2.0199661,-0.021110628,0.63792593,0.18466667,0.047407407,0.08,0.39,0.39,0.90259259,-0.18466667,1,0.00012
2021-06-14,2.0026765,-0.0085593449,0.63792593,0.18466667,0.047407407,0.22,0.25,0.39,1.0425926,-0.044666667,3,0
2021-06-15,1.9991471,-0.0017623641,0.52592593,0.15666667,0.047407407,0.16,0.31,0.25,0.84259259,-0.076666667,2,0.00021
2021-06-16,1.9944998,-0.00232464,0.57392593,0.16866667,0.047407407,0.16,0.31,0.31,0.90259259,-0.088666667,2,9e-05
2021-06-17,1.9765284,-0.0090104781,0.57392593,0.16866667,0.047407407,0.16,0.31,0.31,0.90259259,-0.088666667,2,0
2021-06-18,1.9859548,0.0047691511,0.57392593,0.16866667,0.047407407,0.08,0.39,0.31,0.82259259,-0.16866667,1,0
2021-06-19,1.9899838,0.0020287529,0.48192593,0.34066667,0.047407407,0.08,0.39,0.39,0.90259259,-0.34066667,1,0.000396
2021-06-20,1.9925605,0.0012948297,0.63792593,0.18466667,0.047407407,0.08,0.39,0.39,0.90259259,-0.18466667,1,0.000468
2021-06-21,2.0728636,0.040301469,0.48192593,0.34066667,0.047407407,0.08,0.39,0.39,0.90259259,-0.34066667,1,0.000468
2021-06-22,2.0557132,-0.0082737803,0.63792593,0.18466667,0.047407407,0.08,0.39,0.39,0.90259259,-0.18466667,1,0.000468
2021-06-23,2.0300827,-0.012467928,0.48192593,0.34066667,0.047407407,0.08,0.39,0.39,0.90259259,-0.34066667,1,0.000468
2021-06-24,2.0151037,-0.0073784883,0.63792593,0.18466667,0.047407407,0,0.47,0.39,0.82259259,-0.18466667,0,0.000468
2021-06-25,2.0842082,0.034293269,0.51392593,0.38866667,0.047407407,0,0.47,0.47,0.90259259,-0.38866667,0,0.000492
2021-06-26,2.0758334,-0.004018245,0.70192593,0.20066667,0.047407407,0,0.47,0.47,0.90259259,-0.20066667,0,0.000564
2021-06-27,2.0525494,-0.011216686,0.70192593,0.20066667,0.047407407,0,0.47,0.47,0.90259259,-0.20066667,0,0
2021-06-28,2.0532507,0.00034165996,0.51392593,0.38866667,0.047407407,0,0.47,0.47,0.90259259,-0.38866667,0,0.000564
2021-06-29,2.0098282,-0.021148175,0.51392593,0.38866667,0.047407407,0,0.47,0.47,0.90259259,-0.38866667,0,0
2021-06-30,2.034325,0.012188511,0.51392593,0.38866667,0.047407407,0,0.47,0.47,0.90259259,-0.38866667,0,0
2021-07-01,2.0688993,0.016995472,0.51392593,0.38866667,0.047407407,0,0.47,0.47,0.90259259,-0.38866667,0,0
2021-07-02,2.0739907,0.0024609348,0.51392593,0.38866667,0.047407407,0.08,0.39,0.47,0.98259259,-0.34866667,2,0
2021-07-03,2.063124,-0.005239536,0.63792593,0.18466667,0.047407407,0,0.47,0.39,0.82259259,-0.18466667,0,0.000492
2021-07-04,2.0576553,-0.0026506842,0.70192593,0.20066667,0.047407407,0,0.47,0.47,0.90259259,-0.20066667,0,0.00012
2021-07-05,2.0880007,0.01474755,0.51392593,0.38866667,0.047407407,0.14,0.33,0.47,1.0425926,-0.32866667,2,0.000564
2021-07-06,2.0819256,-0.0029094895,0.45792593,0.30466667,0.047407407,0.08,0.39,0.33,0.84259259,-0.30466667,1,0.00021
2021-07-07,2.0966016,0.0070492078,0.48192593,0.34066667,0.047407407,0.22,0.25,0.39,1.0425926,-0.30066667,4,9e-05
2021-07-08,2.1149764,0.0087641092,0.42592593,0.25666667,0.047407407,0.08,0.39,0.25,0.76259259,-0.25666667,1,0.00021
2021-07-09,2.1002444,-0.0069655476,0.48192593,0.34066667,0.047407407,0.16,0.31,0.39,1.1025926,-0.24066667,3,0.00021
2021-07-10,2.1027801,0.0012073313,0.44992593,0.29266667,0.047407407,0.08,0.39,0.31,0.82259259,-0.29266667,1,0.00012
2021-07-11,2.0872412,-0.0073897086,0.48192593,0.34066667,0.047407407,0.08,0.39,0.39,0.90259259,-0.34066667,1,0.00012
2021-07-12,2.0983941,0.0053433805,0.48192593,0.34066667,0.047407407,0.14,0.33,0.39,1.0525926,-0.19066667,2,0
2021-07-13,2.1060218,0.0036349992,0.45792593,0.30466667,0.047407407,0.08,0.39,0.33,0.84259259,-0.30466667,1,9e-05
2021-07-14,2.1479223,0.019895558,0.63792593,0.18466667,0.047407407,0.22,0.25,0.39,1.2525926,-0.084666667,4,0.00045
2021-07-15,2.1604986,0.0058551355,0.52592593,0.15666667,0.047407407,0.08,0.39,0.25,0.76259259,-0.15666667,1,0.00021
2021-07-16,2.1472888,-0.0061142731,0.63792593,0.18466667,0.047407407,0.08,0.39,0.39,0.90259259,-0.18466667,1,0.00021
2021-07-17,2.1467342,-0.00025826765,0.63792593,0.18466667,0.047407407,0.08,0.39,0.39,0.90259259,-0.18466667,1,0
2021-07-18,2.1463071,-0.0001989262,0.63792593,0.18466667,0.047407407,0.08,0.39,0.39,0.90259259,-0.18466667,1,0
2021-07-19,2.1588403,0.0058393935,0.63792593,0.18466667,0.047407407,0.08,0.39,0.39,0.90259259,-0.18466667,1,0
2021-07-20,2.1657533,0.0032022084,0.63792593,0.18466667,0.047407407,0.08,0.39,0.39,0.90259259,-0.18466667,1,0
2021-07-21,2.131754,-0.015698623,0.63792593,0.18466667,0.047407407,0.08,0.39,0.39,0.90259259,-0.18466667,1,0
2021-07-22,2.1276432,-0.0019283699,0.48192593,0.34066667,0.047407407,0,0.47,0.39,0.82259259,-0.34066667,0,0.000468
2021-07-23,2.0959804,-0.014881638,0.51392593,0.38866667,0.047407407,0,0.47,0.47,0.90259259,-0.38866667,0,0.00012
2021-07-24,2.0809655,-0.0071636271,0.51392593,0.38866667,0.047407407,0,0.47,0.47,0.90259259,-0.38866667,0,0
2021-07-25,2.0530737,-0.013403299,0.51392593,0.38866667,0.047407407,0,0.47,0.47,0.90259259,-0.38866667,0,0
2021-07-26,1.9967688,-0.027424705,0.338,0.462,0.15,0.14,0.33,0.47,0.94,-0.382,2,0.00037388889
2021-07-27,1.9484265,-0.024210262,0.282,0.378,0.15,0.14,0.33,0.33,0.8,-0.298,2,0.00021
2021-07-28,1.9343308,-0.0072344177,0.282,0.378,0.15,0.14,0.33,0.33,0.8,-0.298,2,0
2021-07-29,1.9391824,0.0025081645,0.282,0.378,0.15,0.14,0.33,0.33,0.8,-0.298,2,0
2021-07-30,1.8956692,-0.022438956,0.282,0.378,0.15,0,0.47,0.33,0.66,-0.378,0,0
2021-07-31,1.9092403,0.0071590104,0.338,0.462,0.15,0,0.47,0.47,0.8,-0.462,0,0.00021
2021-08-01,1.9419837,0.017150003,0.338,0.462,0.15,0.08,0.39,0.47,0.88,-0.462,1,0
2021-08-02,1.956657,0.0075557859,0.306,0.414,0.15,0.14,0.33,0.39,0.95,-0.264,2,0.00012
2021-08-03,1.9725922,0.0081440931,0.282,0.378,0.15,0.08,0.39,0.33,0.74,-0.378,1,9e-05
2021-08-04,1.9824986,0.0050220353,0.306,0.414,0.15,0.22,0.25,0.39,1.15,-0.314,4,9e-05
2021-08-05,1.9606978,-0.010996628,0.25,0.33,0.15,0.08,0.39,0.25,0.66,-0.33,1,0.00021
2021-08-06,1.9124039,-0.024630978,0.306,0.414,0.15,0.16,0.31,0.39,1,-0.314,3,0.00021
2021-08-07,1.8850993,-0.014277609,0.274,0.366,0.15,0.08,0.39,0.31,0.72,-0.366,1,0.00012
2021-08-08,1.8847785,-0.00017018471,0.306,0.414,0.15,0.08,0.39,0.39,0.8,-0.414,1,0.00012
2021-08-09,1.8593388,-0.01349747,0.306,0.414,0.15,0.14,0.33,0.39,0.95,-0.264,2,0
2021-08-10,1.8678302,0.0045668932,0.282,0.378,0.15,0.08,0.39,0.33,0.74,-0.378,1,9e-05
2021-08-11,1.8914359,0.012638035,0.306,0.414,0.15,0.22,0.25,0.39,1.15,-0.314,4,9e-05
2021-08-12,1.9071977,0.0083332839,0.25,0.33,0.15,0.08,0.39,0.25,0.66,-0.33,1,0.00021
2021-08-13,1.860949,-0.024249573,0.306,0.414,0.15,0.12,0.35,0.39,0.9,-0.314,2,0.00021
2021-08-14,1.8695826,0.0046393447,0.29,0.39,0.15,0.08,0.39,0.35,0.76,-0.39,1,6e-05
2021-08-15,1.8683911,-0.00063728454,0.306,0.414,0.15,0.08,0.39,0.39,0.8,0.414,1,6e-05
2021-08-16,1.8545665,-0.0073992134,0.306,0.414,0.15,0.08,0.39,0.39,0.8,0.414,1,0
2021-08-17,1.8326077,-0.011840428,0.306,0.414,0.15,0.08,0.39,0.39,0.8,0.414,1,0
2021-08-18,1.8341437,0.00083815236,0.306,0.414,0.15,0.08,0.39,0.39,0.8,0.414,1,0
2021-08-19,1.8671684,0.018005525,0.306,0.414,0.15,0.08,0.39,0.39,0.8,0.414,1,0
2021-08-20,1.910218,0.023056077,0.306,0.414,0.15,0.08,0.39,0.39,0.8,0.414,1,0
2021-08-21,1.9030079,-0.0037744697,0.306,0.414,0.15,0.08,0.39,0.39,0.8,0.414,1,0
2021-08-22,1.9079148,0.0025784969,0.306,0.414,0.15,0.08,0.39,0.39,0.8,0.414,1,0
2021-08-23,1.9200445,0.0063575754,0.306,0.414,0.15,0.08,0.39,0.39,0.8,0.414,1,0
2021-08-24,1.8899599,-0.015668714,0.306,0.414,0.15,0.08,0.39,0.39,0.8,0.414,1,0
2021-08-25,1.9096913,0.010440112,0.306,0.414,0.15,0.08,0.39,0.39,0.8,0.414,1,0
2021-08-26,1.8755849,-0.017859621,0.306,0.414,0.15,0.08,0.39,0.39,0.8,0.414,1,0
2021-08-27,1.9202207,0.023798339,0.306,0.414,0.15,0.08,0.39,0.39,0.8,0.414,1,0
2021-08-28,1.9168799,-0.0017398232,0.306,0.414,0.15,0.08,0.39,0.39,0.8,0.414,1,0
2021-08-29,1.9145654,-0.0012074134,0.306,0.414,0.15,0.08,0.39,0.39,0.8,0.414,1,0
2021-08-30,1.8840411,-0.015943191,0.306,0.414,0.15,0.08,0.39,0.39,0.8,0.414,1,0
2021-08-31,1.886798,0.0014632692,0.306,0.414,0.15,0.08,0.39,0.39,0.8,0.414,1,0
2021-09-01,1.9463069,0.031539644,0.306,0.40272374,0.15,0.21891051,0.25,0.39,1.136,0.5,4,1.6914397e-05
2021-09-02,1.9508608,0.0023397307,0.25,0.33,0.15,0.08,0.39,0.25,0.66,0.33,1,0.0001930856
2021-09-03,1.9794823,0.01467125,0.306,0.40272374,0.15,0.15891051,0.31,0.39,0.986,0.5,3,0.0001930856
2021-09-04,1.9764413,-0.0015362816,0.274,0.366,0.15,0.08,0.39,0.31,0.72,0.366,1,0.0001030856
2021-09-05,2.007793,0.015862724,0.306,0.414,0.15,0.08,0.39,0.39,0.8,0.414,1,0.00012
2021-09-06,2.0191521,0.0056575063,0.306,0.36702128,0.15,0.13319149,0.33,0.39,0.886,0.5,2,7.0468085e-05
2021-09-07,1.9241749,-0.047038161,0.282,0.378,0.15,0.08,0.39,0.33,0.74,0.378,1,5.2468085e-05
2021-09-08,1.9153006,-0.0046120062,0.306,0.414,0.15,0.3,0.17,0.39,1.23,0.434,5,9e-05
2021-09-09,1.9193598,0.0021193472,0.39392593,0.20866667,0.047407407,0.16,0.31,0.17,0.76259259,0.12866667,2,0.00043988889
2021-09-10,1.8863269,-0.017210358,0.44992593,0.29266667,0.047407407,0.24,0.23,0.31,1.1025926,0.31266667,4,0.00021
2021-09-11,1.8909026,0.0024257227,0.41792593,0.24466667,0.047407407,0.16,0.31,0.23,0.82259259,0.16466667,2,0.00012
2021-09-12,1.8987971,0.0041749456,0.44992593,0.29266667,0.047407407,0.08,0.39,0.31,0.82259259,0.29266667,1,0.00012
2021-09-13,1.8842135,-0.0076804171,0.48192593,0.34066667,0.047407407,0.14,0.33,0.39,1.0525926,0.49066667,2,0.00012
2021-09-14,1.9147055,0.016182899,0.45792593,0.30466667,0.047407407,0.08,0.39,0.33,0.84259259,0.30466667,1,9e-05
2021-09-15,1.9249929,0.0053728151,0.48192593,0.34066667,0.047407407,0.08,0.39,0.39,0.90259259,0.34066667,1,9e-05
2021-09-16,1.9022789,-0.01179953,0.48192593,0.34066667,0.047407407,0.08,0.39,0.39,0.90259259,0.34066667,1,0
2021-09-17,1.8947514,-0.0039570913,0.306,0.414,0.15,0.08,0.39,0.39,0.8,0.414,1,0.00037388889
2021-09-18,1.9122775,0.0092498289,0.306,0.414,0.15,0.08,0.39,0.39,0.8,0.414,1,0
2021-09-19,1.8953559,-0.0088489178,0.48192593,0.34066667,0.047407407,0.08,0.39,0.39,0.90259259,0.34066667,1,0.00037388889
2021-09-20,1.8438637,-0.027167594,0.48192593,0.34066667,0.047407407,0.08,0.39,0.39,0.90259259,0.34066667,1,0
2021-09-21,1.829633,-0.0077178527,0.63792593,0.18466667,0.047407407,0.08,0.39,0.39,0.90259259,0.18466667,1,0.000468
2021-09-22,1.8444777,0.0081134866,0.63792593,0.18466667,0.047407407,0.08,0.39,0.39,0.90259259,0.18466667,1,0
2021-09-23,1.8455523,0.00058258027,0.63792593,0.18466667,0.047407407,0.08,0.39,0.39,0.90259259,0.18466667,1,0
2021-09-24,1.817406,-0.015250879,0.48192593,0.34066667,0.047407407,0.08,0.39,0.39,0.90259259,0.34066667,1,0.000468
2021-09-25,1.8135278,-0.0021338921,0.63792593,0.18466667,0.047407407,0.08,0.39,0.39,0.90259259,0.18466667,1,0.000468
2021-09-26,1.8203001,0.0037343126,0.48192593,0.34066667,0.047407407,0.08,0.39,0.39,0.90259259,0.34066667,1,0.000468
2021-09-27,1.8122685,-0.0044122663,0.63792593,0.18466667,0.047407407,0.08,0.39,0.39,0.90259259,0.18466667,1,0.000468
2021-09-28,1.7948518,-0.0096103969,0.63792593,0.18466667,0.047407407,0.08,0.39,0.39,0.90259259,0.18466667,1,0
2021-09-29,1.7949654,6.3249635e-05,0.63792593,0.18466667,0.047407407,0.08,0.39,0.39,0.90259259,0.18466667,1,0
2021-09-30,1.8291781,0.019060375,0.63792593,0.18466667,0.047407407,0.08,0.39,0.39,0.90259259,0.18466667,1,0
2021-10-01,1.9162303,0.047590889,0.48192593,0.34066667,0.047407407,0.16,0.31,0.39,1.1025926,0.44066667,3,0.000468
2021-10-02,1.9096055,-0.0034572203,0.44992593,0.29266667,0.047407407,0.16,0.31,0.31,0.90259259,0.37266667,2,0.00012
2021-10-03,1.9196592,0.0052648215,0.44992593,0.29266667,0.047407407,0.16,0.31,0.31,0.90259259,0.37266667,2,0
2021-10-04,1.9403895,0.010798944,0.44992593,0.27997449,0.047407407,0.21392857,0.25,0.31,1.0299259,0.5,3,1.9038265e-05
2021-10-05,1.9588074,0.0094918837,0.42592593,0.25666667,0.047407407,0.16,0.31,0.25,0.84259259,0.33666667,2,7.0961735e-05
2021-10-06,2.0238431,0.033201652,0.44992593,0.29266667,0.047407407,0.22,0.25,0.31,1.1725926,0.39266667,4,9e-05
2021-10-07,2.003082,-0.01025824,0.25,0.33,0.15,0.08,0.39,0.25,0.66,0.33,1,0.00035588889
2021-10-08,2.0083557,0.0026328123,0.306,0.40272374,0.15,0.15891051,0.31,0.39,0.986,0.5,3,0.0001930856
2021-10-09,2.0218403,0.0067142054,0.274,0.366,0.15,0.08,0.39,0.31,0.72,0.366,1,0.0001030856
2021-10-10,2.015864,-0.0029558331,0.306,0.414,0.15,0.08,0.39,0.39,0.8,0.414,1,0.00012
2021-10-11,2.0583919,0.021096618,0.306,0.36702128,0.15,0.13319149,0.33,0.39,0.886,0.5,2,7.0468085e-05
2021-10-12,2.0397251,-0.0090686614,0.282,0.378,0.15,0.08,0.39,0.33,0.74,0.378,1,5.2468085e-05
2021-10-13,2.0665941,0.013172885,0.306,0.40272374,0.15,0.21891051,0.25,0.39,1.136,0.5,4,7.3085603e-05
2021-10-14,2.067236,0.00031056739,0.25,0.33,0.15,0.08,0.39,0.25,0.66,0.33,1,0.0001930856
2021-10-15,2.1226805,0.026820601,0.306,0.414,0.15,0.08,0.39,0.39,0.8,0.414,1,0.00021
2021-10-16,2.1086237,-0.0066221671,0.306,0.414,0.15,0.14,0.33,0.39,0.86,0.414,2,0
2021-10-17,2.1194472,0.0051329661,0.282,0.378,0.15,0.14,0.33,0.33,0.8,0.378,2,9e-05
2021-10-18,2.1204841,0.0004892151,0.282,0.378,0.15,0.14,0.33,0.33,0.8,0.378,2,0
2021-10-19,2.156444,0.016958367,0.282,0.378,0.15,0.14,0.33,0.33,0.8,0.378,2,0
2021-10-20,2.1903233,0.015710717,0.282,0.378,0.15,0.14,0.33,0.33,0.8,0.378,2,0
2021-10-21,2.1406898,-0.022660379,0.282,0.378,0.15,0.14,0.33,0.33,0.8,0.378,2,0
2021-10-22,2.124679,-0.0074792468,0.282,0.378,0.15,0.08,0.39,0.33,0.74,0.378,1,0
2021-10-23,2.1340207,0.0043967709,0.306,0.414,0.15,0.08,0.39,0.39,0.8,0.414,1,9e-05
2021-10-24,2.1286892,-0.0024983315,0.306,0.414,0.15,0.08,0.39,0.39,0.8,0.414,1,0
2021-10-25,2.1650959,0.017102838,0.306,0.414,0.15,0.08,0.39,0.39,0.8,0.414,1,0
2021-10-26,2.1169871,-0.022220144,0.306,0.414,0.15,0.14,0.33,0.39,0.86,0.414,2,0
2021-10-27,2.0938999,-0.010905703,0.282,0.378,0.15,0.08,0.39,0.33,0.74,0.378,1,9e-05
2021-10-28,2.1259033,0.015284093,0.306,0.414,0.15,0.08,0.39,0.39,0.8,0.414,1,9e-05
2021-10-29,2.1432073,0.0081395968,0.306,0.414,0.15,0.08,0.39,0.39,0.8,0.414,1,0
2021-10-30,2.1392264,-0.0018574235,0.306,0.414,0.15,0.08,0.39,0.39,0.8,0.414,1,0
2021-10-31,2.1288786,-0.0048371724,0.306,0.414,0.15,0.08,0.39,0.39,0.8,0.414,1,0
2021-11-01,2.1286722,-9.6937614e-05,0.306,0.36702128,0.15,0.13319149,0.33,0.39,0.886,0.5,2,7.0468085e-05
2021-11-02,2.15859,0.014054657,0.282,0.378,0.15,0.08,0.39,0.33,0.74,0.378,1,5.2468085e-05
2021-11-03,2.1479105,-0.0049474645,0.306,0.40272374,0.15,0.27891051,0.19,0.39,1.196,0.5,5,7.3085603e-05
2021-11-04,2.1341491,-0.0064068322,0.226,0.294,0.15,0.14,0.33,0.19,0.66,0.294,2,0.0002830856
2021-11-05,2.1329791,-0.00054826966,0.282,0.378,0.15,0.16,0.31,0.33,0.94,0.478,3,0.00021
2021-11-06,2.1406604,0.0036012118,0.274,0.366,0.15,0.08,0.39,0.31,0.72,0.366,1,3e-05
2021-11-07,2.1658681,0.011775694,0.306,0.414,0.15,0.08,0.39,0.39,0.8,0.414,1,0.00012
2021-11-08,2.2298247,0.029529306,0.306,0.36702128,0.15,0.19319149,0.27,0.39,0.946,0.5,3,7.0468085e-05
2021-11-09,2.2231329,-0.0030010501,0.258,0.342,0.15,0.14,0.33,0.27,0.74,0.342,2,0.00010953191
2021-11-10,2.206723,-0.0073814201,0.282,0.378,0.15,0.28,0.19,0.33,1.15,0.478,5,9e-05
2021-11-11,2.210585,0.0017500772,0.226,0.294,0.15,0.14,0.33,0.19,0.66,0.294,2,0.00021
2021-11-12,2.1918056,-0.0084951838,0.282,0.378,0.15,0.22,0.25,0.33,1,0.478,4,0.00021
2021-11-13,2.1949002,0.0014118625,0.25,0.33,0.15,0.08,0.39,0.25,0.66,0.33,1,0.00012
2021-11-14,2.2099164,0.0068414138,0.306,0.414,0.15,0.14,0.33,0.39,0.86,0.414,2,0.00021
2021-11-15,2.1825143,-0.012399595,0.282,0.378,0.15,0.14,0.33,0.33,0.8,0.378,2,9e-05
2021-11-16,2.1383014,-0.02025779,0.45792593,0.30466667,0.047407407,0.08,0.39,0.33,0.84259259,0.30466667,1,0.00037388889
2021-11-17,2.1477499,0.004418676,0.48192593,0.34066667,0.047407407,0.08,0.39,0.39,0.90259259,0.34066667,1,9e-05
2021-11-18,2.100958,-0.021786463,0.48192593,0.34066667,0.047407407,0.08,0.39,0.39,0.90259259,0.34066667,1,0
2021-11-19,2.0985786,-0.0011325247,0.63792593,0.18466667,0.047407407,0.08,0.39,0.39,0.90259259,0.18466667,1,0.000468
2021-11-20,2.1075143,0.0042579642,0.63792593,0.18466667,0.047407407,0.08,0.39,0.39,0.90259259,0.18466667,1,0
2021-11-21,2.0935369,-0.0066321673,0.48192593,0.34066667,0.047407407,0.08,0.39,0.39,0.90259259,0.34066667,1,0.000468
2021-11-22,2.0471875,-0.022139249,0.48192593,0.34066667,0.047407407,0.08,0.39,0.39,0.90259259,0.34066667,1,0
2021-11-23,2.0529467,0.0028132008,0.48192593,0.34066667,0.047407407,0.08,0.39,0.39,0.90259259,0.34066667,1,0
2021-11-24,2.048112,-0.0023549948,0.48192593,0.34066667,0.047407407,0.08,0.39,0.39,0.90259259,0.34066667,1,0
2021-11-25,2.0726462,0.011978935,0.48192593,0.34066667,0.047407407,0.08,0.39,0.39,0.90259259,0.34066667,1,0
2021-11-26,2.0095185,-0.030457565,0.48192593,0.34066667,0.047407407,0.08,0.39,0.39,0.90259259,0.34066667,1,0
2021-11-27,2.0206317,0.0055302864,0.48192593,0.34066667,0.047407407,0.08,0.39,0.39,0.90259259,0.34066667,1,0
2021-11-28,2.0539036,0.016466094,0.48192593,0.34066667,0.047407407,0.08,0.39,0.39,0.90259259,0.34066667,1,0
2021-11-29,2.0573475,0.0016767652,0.48192593,0.34066667,0.047407407,0.08,0.39,0.39,0.90259259,0.34066667,1,0
2021-11-30,2.0402158,-0.0083270578,0.48192593,0.34066667,0.047407407,0.08,0.39,0.39,0.90259259,0.34066667,1,0
2021-12-01,2.0437846,0.0017492028,0.48192593,0.34066667,0.047407407,0.22,0.25,0.39,1.2525926,0.44066667,4,0
2021-12-02,2.0311138,-0.006199659,0.42592593,0.25666667,0.047407407,0.08,0.39,0.25,0.76259259,0.25666667,1,0.00021
2021-12-03,2.0239191,-0.0035422571,0.63792593,0.18466667,0.047407407,0.16,0.31,0.39,1.1025926,0.28466667,3,0.000426
2021-12-04,1.9953862,-0.014097829,0.57392593,0.16866667,0.047407407,0.08,0.39,0.31,0.82259259,0.16866667,1,0.00012
2021-12-05,1.9984583,0.0015395682,0.63792593,0.18466667,0.047407407,0.08,0.39,0.39,0.90259259,0.18466667,1,0.00012
2021-12-06,2.0090496,0.0052997275,0.63792593,0.18466667,0.047407407,0.14,0.33,0.39,1.0525926,0.33466667,2,0
2021-12-07,2.0125847,0.0017596351,0.58992593,0.17266667,0.047407407,0.08,0.39,0.33,0.84259259,0.17266667,1,9e-05
2021-12-08,2.008137,-0.002209954,0.63792593,0.18466667,0.047407407,0.22,0.25,0.39,1.2525926,0.28466667,4,9e-05
2021-12-09,1.9830291,-0.012503104,0.52592593,0.15666667,0.047407407,0.08,0.39,0.25,0.76259259,0.15666667,1,0.00021
2021-12-10,1.9934955,0.005277994,0.63792593,0.18466667,0.047407407,0.16,0.31,0.39,1.1025926,0.28466667,3,0.00021
2021-12-11,2.0106423,0.0086013987,0.57392593,0.16866667,0.047407407,0.08,0.39,0.31,0.82259259,0.16866667,1,0.00012
2021-12-12,2.0147323,0.0020341397,0.63792593,0.18466667,0.047407407,0.08,0.39,0.39,0.90259259,0.18466667,1,0.00012
2021-12-13,1.9824438,-0.0160262,0.63792593,0.18466667,0.047407407,0.14,0.33,0.39,1.0525926,0.33466667,2,0
2021-12-14,1.9851768,0.0013786177,0.58992593,0.17266667,0.047407407,0.08,0.39,0.33,0.84259259,0.17266667,1,9e-05
2021-12-15,1.9918661,0.0033696186,0.63792593,0.18466667,0.047407407,0.08,0.39,0.39,0.90259259,0.18466667,1,9e-05
2021-12-16,1.9976452,0.0029013738,0.63792593,0.18466667,0.047407407,0.08,0.39,0.39,0.90259259,0.18466667,1,0
2021-12-17,1.9889008,-0.0043773957,0.63792593,0.18466667,0.047407407,0.08,0.39,0.39,0.90259259,0.18466667,1,0
2021-12-18,1.9938496,0.0024882542,0.63792593,0.18466667,0.047407407,0.08,0.39,0.39,0.90259259,0.18466667,1,0
2021-12-19,1.9952612,0.00070793216,0.63792593,0.18466667,0.047407407,0.08,0.39,0.39,0.90259259,-0.18466667,1,0
2021-12-20,1.9899531,-0.0026603418,0.63792593,0.18466667,0.047407407,0.08,0.39,0.39,0.90259259,-0.18466667,1,0
2021-12-21,1.9724172,-0.0088122201,0.63792593,0.18466667,0.047407407,0.08,0.39,0.39,0.90259259,-0.18466667,1,0
2021-12-22,1.9824291,0.0050759697,0.63792593,0.18466667,0.047407407,0.08,0.39,0.39,0.90259259,-0.18466667,1,0
2021-12-23,1.9711183,-0.0057055076,0.63792593,0.18466667,0.047407407,0.08,0.39,0.39,0.90259259,-0.18466667,1,0
2021-12-24,1.9726962,0.00080046937,0.63792593,0.18466667,0.047407407,0.08,0.39,0.39,0.90259259,-0.18466667,1,0
2021-12-25,1.9750743,0.0012055141,0.63792593,0.18466667,0.047407407,0.08,0.39,0.39,0.90259259,-0.18466667,1,0
2021-12-26,1.9710245,-0.0020504246,0.63792593,0.18466667,0.047407407,0.08,0.39,0.39,0.90259259,-0.18466667,1,0
2021-12-27,1.9737571,0.0013863686,0.48192593,0.34066667,0.047407407,0.08,0.39,0.39,0.90259259,-0.34066667,1,0.000468
2021-12-28,2.0120311,0.019391431,0.48192593,0.34066667,0.047407407,0.08,0.39,0.39,0.90259259,-0.34066667,1,0
2021-12-29,2.0195812,0.0037524959,0.63792593,0.18466667,0.047407407,0.08,0.39,0.39,0.90259259,-0.18466667,1,0.000468
2021-12-30,2.0229052,0.0016458643,0.63792593,0.18466667,0.047407407,0.08,0.39,0.39,0.90259259,-0.18466667,1,0
2021-12-31,2.0378916,0.0074083952,0.63792593,0.18466667,0.047407407,0.08,0.39,0.39,0.90259259,-0.18466667,1,0
2022-01-01,2.0271074,-0.0052918474,0.63792593,0.18466667,0.047407407,0.08,0.39,0.39,0.90259259,-0.18466667,1,0
2022-01-02,2.0291824,0.0010236213,0.63792593,0.18466667,0.047407407,0.08,0.39,0.39,0.90259259,-0.18466667,1,0
2022-01-03,2.0138589,-0.0075516002,0.63792593,0.18466667,0.047407407,0.14,0.33,0.39,1.0525926,-0.034666667,2,0
2022-01-04,2.0252018,0.0056324654,0.45792593,0.30466667,0.047407407,0.08,0.39,0.33,0.84259259,-0.30466667,1,0.00045
2022-01-05,2.0503457,0.012415461,0.48192593,0.34066667,0.047407407,0.3,0.17,0.39,1.3325926,-0.32066667,5,9e-05
2022-01-06,2.0459383,-0.0021495581,0.46192593,0.14066667,0.047407407,0.16,0.31,0.17,0.76259259,-0.22066667,2,0.00033
2022-01-07,2.0599004,0.0068242796,0.57392593,0.16866667,0.047407407,0.24,0.23,0.31,1.1025926,-0.14866667,4,0.00021
2022-01-08,2.0552438,-0.0022605702,0.50992593,0.15266667,0.047407407,0.16,0.31,0.23,0.82259259,-0.23266667,2,0.00012
2022-01-09,2.0528635,-0.0011581666,0.57392593,0.16866667,0.047407407,0.08,0.39,0.31,0.82259259,-0.16866667,1,0.00012
2022-01-10,2.0514849,-0.00067156219,0.63792593,0.18466667,0.047407407,0.14,0.33,0.39,1.0525926,-0.034666667,2,0.00012
2022-01-11,2.055751,0.002079511,0.58992593,0.17266667,0.047407407,0.08,0.39,0.33,0.84259259,-0.17266667,1,9e-05
2022-01-12,2.0807713,0.012170894,0.63792593,0.18466667,0.047407407,0.22,0.25,0.39,1.2525926,-0.084666667,4,9e-05
2022-01-13,2.0923535,0.0055663075,0.42592593,0.25666667,0.047407407,0.08,0.39,0.25,0.76259259,-0.25666667,1,0.000426
2022-01-14,2.0802569,-0.0057813592,0.63792593,0.18466667,0.047407407,0.16,0.31,0.39,1.1025926,-0.084666667,3,0.000426
2022-01-15,2.080474,0.00010437423,0.57392593,0.16866667,0.047407407,0,0.47,0.31,0.74259259,-0.16866667,0,0.00012
2022-01-16,2.0791133,-0.0006540295,0.51392593,0.38866667,0.047407407,0.08,0.39,0.47,0.98259259,-0.38866667,1,0.00042
2022-01-17,2.0910163,0.0057250448,0.48192593,0.34066667,0.047407407,0.08,0.39,0.39,0.90259259,-0.34066667,1,0.00012
2022-01-18,2.088537,-0.0011856964,0.48192593,0.34066667,0.047407407,0.08,0.39,0.39,0.90259259,-0.34066667,1,0
2022-01-19,2.1140349,0.012208508,0.48192593,0.34066667,0.047407407,0.08,0.39,0.39,0.90259259,-0.34066667,1,0
2022-01-20,2.1215518,0.0035556879,0.63792593,0.18466667,0.047407407,0.08,0.39,0.39,0.90259259,-0.18466667,1,0.000468
2022-01-21,2.160192,0.018213173,0.63792593,0.18466667,0.047407407,0.08,0.39,0.39,0.90259259,-0.18466667,1,0
2022-01-22,2.1737676,0.0062844431,0.63792593,0.18466667,0.047407407,0.08,0.39,0.39,0.90259259,-0.18466667,1,0
2022-01-23,2.1633784,-0.004779325,0.63792593,0.18466667,0.047407407,0.08,0.39,0.39,0.90259259,-0.18466667,1,0
2022-01-24,2.162573,-0.00037230425,0.63792593,0.18466667,0.047407407,0.08,0.39,0.39,0.90259259,-0.18466667,1,0
2022-01-25,2.1644196,0.00085390691,0.63792593,0.18466667,0.047407407,0.14,0.33,0.39,0.96259259,-0.18466667,2,0
2022-01-26,2.150701,-0.0063382606,0.58992593,0.17266667,0.047407407,0.14,0.33,0.33,0.90259259,-0.17266667,2,9e-05
2022-01-27,2.132,-0.008695273,0.58992593,0.17266667,0.047407407,0.14,0.33,0.33,0.90259259,-0.17266667,2,0
2022-01-28,2.1176815,-0.006716008,0.58992593,0.17266667,0.047407407,0.14,0.33,0.33,0.90259259,-0.17266667,2,0
2022-01-29,2.1140246,-0.0017268294,0.58992593,0.17266667,0.047407407,0.08,0.39,0.33,0.84259259,-0.17266667,1,0
2022-01-30,2.1183048,0.0020246588,0.63792593,0.18466667,0.047407407,0.08,0.39,0.39,0.90259259,-0.18466667,1,9e-05
2022-01-31,2.1182757,-1.3725043e-05,0.63792593,0.18466667,0.047407407,0.08,0.39,0.39,0.90259259,-0.18466667,1,0
2022-02-01,2.1146509,-0.0017112282,0.63792593,0.18466667,0.047407407,0.16,0.31,0.39,0.98259259,-0.10466667,2,0
2022-02-02,2.128833,0.0067065926,0.57392593,0.16866667,0.047407407,0.3,0.17,0.31,1.2525926,0.011333333,5,0.00012
2022-02-03,2.1257529,-0.0014468367,0.46192593,0.14066667,0.047407407,0.16,0.31,0.17,0.76259259,-0.060666667,2,0.00021
2022-02-04,2.0936263,-0.01511304,0.57392593,0.16866667,0.047407407,0.24,0.23,0.31,1.1025926,0.011333333,4,0.00021
2022-02-05,2.0948345,0.00057708143,0.41792593,0.24466667,0.047407407,0.08,0.39,0.23,0.74259259,-0.24466667,1,0.000348
2022-02-06,2.0771776,-0.0084287707,0.48192593,0.34066667,0.047407407,0.08,0.39,0.39,0.90259259,-0.34066667,1,0.00024
2022-02-07,2.0670018,-0.0048988978,0.48192593,0.34066667,0.047407407,0.14,0.33,0.39,1.0525926,-0.19066667,2,0
2022-02-08,2.0649688,-0.00098353343,0.282,0.378,0.15,0.08,0.39,0.33,0.74,-0.378,1,0.00035588889
2022-02-09,2.0894358,0.011848606,0.306,0.414,0.15,0.22,0.25,0.39,1.15,-0.314,4,9e-05
2022-02-10,2.101273,0.0056652451,0.25,0.33,0.15,0.08,0.39,0.25,0.66,-0.33,1,0.00021
2022-02-11,2.1424881,0.019614357,0.48192593,0.34066667,0.047407407,0.16,0.31,0.39,1.1025926,-0.24066667,3,0.00036388889
2022-02-12,2.1476961,0.0024308466,0.44992593,0.29266667,0.047407407,0.08,0.39,0.31,0.82259259,-0.29266667,1,0.00012
2022-02-13,2.1580669,0.0048287861,0.48192593,0.34066667,0.047407407,0.08,0.39,0.39,0.90259259,-0.34066667,1,0.00012
2022-02-14,2.1514699,-0.0030568846,0.48192593,0.34066667,0.047407407,0.14,0.33,0.39,1.0525926,-0.19066667,2,0
2022-02-15,2.1067251,-0.020797325,0.45792593,0.30466667,0.047407407,0.08,0.39,0.33,0.84259259,-0.30466667,1,9e-05
2022-02-16,2.1289066,0.010528876,0.48192593,0.34066667,0.047407407,0.08,0.39,0.39,0.90259259,-0.34066667,1,9e-05
2022-02-17,2.2063513,0.036377702,0.48192593,0.34066667,0.047407407,0.08,0.39,0.39,0.90259259,-0.34066667,1,0
2022-02-18,2.2141766,0.0035467058,0.48192593,0.34066667,0.047407407,0.08,0.39,0.39,0.90259259,-0.34066667,1,0
2022-02-19,2.2150354,0.00038787785,0.48192593,0.34066667,0.047407407,0.08,0.39,0.39,0.90259259,-0.34066667,1,0
2022-02-20,2.2591626,0.019921689,0.48192593,0.34066667,0.047407407,0.08,0.39,0.39,0.90259259,-0.34066667,1,0
2022-02-21,2.297293,0.016878082,0.306,0.414,0.15,0.08,0.39,0.39,0.8,-0.414,1,0.00037388889
2022-02-22,2.2486425,-0.021177298,0.306,0.414,0.15,0.08,0.39,0.39,0.8,-0.414,1,0
2022-02-23,2.2770309,0.012624667,0.306,0.414,0.15,0.08,0.39,0.39,0.8,-0.414,1,0
2022-02-24,2.2629088,-0.0062019886,0.48192593,0.34066667,0.047407407,0,0.47,0.39,0.82259259,-0.34066667,0,0.00037388889
2022-02-25,2.2163369,-0.020580524,0.51392593,0.38866667,0.047407407,0,0.47,0.47,0.90259259,-0.38866667,0,0.00012
2022-02-26,2.2174276,0.00049211184,0.338,0.462,0.15,0,0.47,0.47,0.8,-0.462,0,0.00037388889
2022-02-27,2.2651333,0.021513998,0.338,0.462,0.15,0.08,0.39,0.47,0.88,-0.462,1,0
2022-02-28,2.1398729,-0.055299386,0.48192593,0.34066667,0.047407407,0.08,0.39,0.39,0.90259259,-0.34066667,1,0.00039788889
2022-03-01,2.124665,-0.007106897,0.306,0.414,0.15,0.08,0.39,0.39,0.8,-0.414,1,0.00037388889
2022-03-02,2.1296084,0.0023266564,0.306,0.414,0.15,0.22,0.25,0.39,0.94,-0.374,4,0
2022-03-03,2.1547759,0.011817933,0.25,0.33,0.15,0.08,0.39,0.25,0.66,-0.33,1,0.00021
2022-03-04,2.2344298,0.036966207,0.306,0.414,0.15,0.16,0.31,0.39,0.88,-0.374,3,0.00021
2022-03-05,2.2297022,-0.0021157921,0.274,0.366,0.15,0.14,0.33,0.31,0.78,-0.366,2,0.00012
2022-03-06,2.2556669,0.011644891,0.282,0.378,0.15,0.14,0.33,0.33,0.8,-0.378,2,3e-05
2022-03-07,2.2737893,0.0080341907,0.45792593,0.30466667,0.047407407,0.2,0.27,0.33,1.0525926,-0.15466667,3,0.00037388889
2022-03-08,2.2862349,0.0054735111,0.43392593,0.26866667,0.047407407,0.14,0.33,0.27,0.84259259,-0.26866667,2,9e-05
2022-03-09,2.2209329,-0.028563128,0.45792593,0.30466667,0.047407407,0.22,0.25,0.33,1.1925926,-0.20466667,4,9e-05
2022-03-10,2.2563637,0.015953123,0.42592593,0.25666667,0.047407407,0.08,0.39,0.25,0.76259259,-0.25666667,1,0.00012
2022-03-11,2.2581519,0.00079250536,0.63792593,0.18466667,0.047407407,0.16,0.31,0.39,0.98259259,-0.14466667,3,0.000426
2022-03-12,2.2603893,0.00099078723,0.57392593,0.16866667,0.047407407,0.08,0.39,0.31,0.82259259,-0.16866667,1,0.00012
2022-03-13,2.2659385,0.0024549746,0.63792593,0.18466667,0.047407407,0.08,0.39,0.39,0.90259259,-0.18466667,1,0.00012
2022-03-14,2.2267725,-0.017284659,0.63792593,0.18466667,0.047407407,0.06,0.41,0.39,0.88259259,-0.12466667,1,0
2022-03-15,2.2150825,-0.005249754,0.48992593,0.35266667,0.047407407,0,0.47,0.41,0.84259259,-0.35266667,0,0.000474
2022-03-16,2.1816702,-0.015084009,0.51392593,0.38866667,0.047407407,0.08,0.39,0.47,0.98259259,-0.38866667,1,9e-05
2022-03-17,2.1920734,0.0047684633,0.48192593,0.34066667,0.047407407,0.08,0.39,0.39,0.90259259,-0.34066667,1,0.00012
2022-03-18,2.1616305,-0.013887706,0.48192593,0.34066667,0.047407407,0.08,0.39,0.39,0.90259259,-0.34066667,1,0
2022-03-19,2.1500763,-0.0053451445,0.48192593,0.34066667,0.047407407,0.08,0.39,0.39,0.90259259,-0.34066667,1,0
2022-03-20,2.1707657,0.0096226584,0.48192593,0.34066667,0.047407407,0.08,0.39,0.39,0.90259259,-0.34066667,1,0
2022-03-21,2.181978,0.0051651421,0.48192593,0.34066667,0.047407407,0.08,0.39,0.39,0.90259259,-0.34066667,1,0
2022-03-22,2.1486573,-0.015270884,0.48192593,0.34066667,0.047407407,0.08,0.39,0.39,0.90259259,-0.34066667,1,0
2022-03-23,2.1466391,-0.00093928322,0.306,0.414,0.15,0.08,0.39,0.39,0.8,-0.414,1,0.00037388889
2022-03-24,2.1274113,-0.0089571466,0.306,0.414,0.15,0.08,0.39,0.39,0.8,-0.414,1,0
2022-03-25,2.1213643,-0.0028424287,0.306,0.414,0.15,0.08,0.39,0.39,0.8,-0.414,1,0
2022-03-26,2.1191511,-0.0010433104,0.306,0.414,0.15,0.08,0.39,0.39,0.8,-0.414,1,0
2022-03-27,2.0699006,-0.023240677,0.306,0.414,0.15,0.08,0.39,0.39,0.8,-0.414,1,0
2022-03-28,2.0558394,-0.0067931823,0.306,0.414,0.15,0.08,0.39,0.39,0.8,-0.414,1,0
2022-03-29,2.0473362,-0.0041361043,0.306,0.414,0.15,0.08,0.39,0.39,0.8,-0.414,1,0
2022-03-30,2.0582219,0.0053169889,0.306,0.414,0.15,0.08,0.39,0.39,0.8,-0.414,1,0
2022-03-31,2.0887886,0.01485104,0.306,0.414,0.15,0.08,0.39,0.39,0.8,-0.414,1,0
2022-04-01,2.0783173,-0.0050131163,0.48192593,0.34066667,0.047407407,0.16,0.31,0.39,1.1025926,-0.24066667,3,0.00037388889
2022-04-02,2.0851433,0.0032844142,0.274,0.366,0.15,0.08,0.39,0.31,0.72,-0.366,1,0.00034988889
2022-04-03,2.0740719,-0.0053096455,0.306,0.414,0.15,0.08,0.39,0.39,0.8,-0.414,1,0.00012
2022-04-04,2.0673625,-0.0032349259,0.306,0.414,0.15,0.14,0.33,0.39,0.95,-0.264,2,0
2022-04-05,2.0818054,0.0069861794,0.282,0.378,0.15,0.08,0.39,0.33,0.74,-0.378,1,9e-05
2022-04-06,2.0940368,0.0058753405,0.306,0.414,0.15,0.22,0.25,0.39,1.15,-0.314,4,9e-05
2022-04-07,2.0911932,-0.0013579354,0.25,0.33,0.15,0.08,0.39,0.25,0.66,-0.33,1,0.00021
2022-04-08,2.113607,0.010718171,0.306,0.414,0.15,0.16,0.31,0.39,1,-0.314,3,0.00021
2022-04-09,2.1049892,-0.0040772795,0.44992593,0.29266667,0.047407407,0.08,0.39,0.31,0.82259259,-0.29266667,1,0.00039788889
2022-04-10,2.1150246,0.0047674607,0.306,0.414,0.15,0.08,0.39,0.39,0.8,-0.414,1,0.00039788889
2022-04-11,2.1591562,0.020865741,0.306,0.414,0.15,0.14,0.33,0.39,0.95,-0.264,2,0
2022-04-12,2.1568133,-0.0010851038,0.45792593,0.30466667,0.047407407,0.08,0.39,0.33,0.84259259,-0.30466667,1,0.00039188889
2022-04-13,2.1514955,-0.0024655959,0.306,0.414,0.15,0.22,0.25,0.39,1.15,-0.314,4,0.00039188889
2022-04-14,2.165422,0.0064729767,0.42592593,0.25666667,0.047407407,0.08,0.39,0.25,0.76259259,-0.25666667,1,0.00041588889
2022-04-15,2.1558126,-0.0044376861,0.48192593,0.34066667,0.047407407,0.08,0.39,0.39,0.90259259,-0.34066667,1,0.00021
2022-04-16,2.1584591,0.0012276031,0.48192593,0.34066667,0.047407407,0.08,0.39,0.39,0.90259259,-0.34066667,1,0
2022-04-17,2.1754689,0.0078805313,0.48192593,0.34066667,0.047407407,0.08,0.39,0.39,0.90259259,-0.34066667,1,0
2022-04-18,2.1507661,-0.011355162,0.48192593,0.34066667,0.047407407,0.08,0.39,0.39,0.90259259,-0.34066667,1,0
2022-04-19,2.1242347,-0.012335775,0.48192593,0.34066667,0.047407407,0.08,0.39,0.39,0.90259259,-0.34066667,1,0
2022-04-20,2.1324046,0.0038460343,0.48192593,0.34066667,0.047407407,0.08,0.39,0.39,0.90259259,-0.34066667,1,0
2022-04-21,2.1447015,0.0057667022,0.48192593,0.34066667,0.047407407,0.08,0.39,0.39,0.90259259,-0.34066667,1,0
2022-04-22,2.1464596,0.00081972303,0.48192593,0.34066667,0.047407407,0.08,0.39,0.39,0.90259259,-0.34066667,1,0
2022-04-23,2.1508146,0.0020289433,0.48192593,0.34066667,0.047407407,0.08,0.39,0.39,0.90259259,-0.34066667,1,0
2022-04-24,2.1502067,-0.00028265682,0.63792593,0.18466667,0.047407407,0.08,0.39,0.39,0.90259259,-0.18466667,1,0.000468
2022-04-25,2.121964,-0.013134856,0.63792593,0.18466667,0.047407407,0,0.47,0.39,0.82259259,-0.18466667,0,0
2022-04-26,2.1675563,0.021485891,0.51392593,0.38866667,0.047407407,0,0.47,0.47,0.90259259,-0.38866667,0,0.000492
2022-04-27,2.1407696,-0.012358045,0.70192593,0.20066667,0.047407407,0,0.47,0.47,0.90259259,-0.20066667,0,0.000564
2022-04-28,2.1372394,-0.0016490271,0.70192593,0.20066667,0.047407407,0.1,0.37,0.47,1.0025926,-0.30066667,1,0
2022-04-29,2.1598291,0.010569595,0.62192593,0.18066667,0.047407407,0.1,0.37,0.37,0.90259259,-0.28066667,1,0.00015
2022-04-30,2.1700683,0.0047407304,0.62192593,0.18066667,0.047407407,0.1,0.37,0.37,0.90259259,-0.28066667,1,0
2022-05-01,2.1607878,-0.0042766014,0.62192593,0.18066667,0.047407407,0.1,0.37,0.37,0.90259259,-0.28066667,1,0
2022-05-02,2.1300074,-0.014244958,0.62192593,0.18066667,0.047407407,0.24,0.23,0.37,1.1325926,-0.13066667,3,0
2022-05-03,2.1407451,0.0050411263,0.50992593,0.15266667,0.047407407,0.18,0.29,0.23,0.84259259,-0.25266667,2,0.00021
2022-05-04,2.1514587,0.005004633,0.55792593,0.16466667,0.047407407,0.32,0.15,0.29,1.2525926,-0.16466667,5,9e-05
2022-05-05,2.1842152,0.015225262,0.44592593,0.13666667,0.047407407,0.18,0.29,0.15,0.76259259,-0.23666667,2,0.00021
2022-05-06,2.1852205,0.00046022268,0.55792593,0.16466667,0.047407407,0.34,0.13,0.29,1.1825926,-0.24466667,5,0.00021
2022-05-07,2.1929845,0.0035529564,0.42992593,0.13266667,0.047407407,0.26,0.21,0.13,0.82259259,-0.31266667,3,0.00024
2022-05-08,2.2132935,0.0092609196,0.49392593,0.14866667,0.047407407,0.26,0.21,0.21,0.90259259,-0.32866667,3,0.00012
2022-05-09,2.2376766,0.011016665,0.49392593,0.14866667,0.047407407,0.32,0.15,0.21,1.0525926,-0.17866667,4,0
2022-05-10,2.209685,-0.01250926,0.44592593,0.13666667,0.047407407,0.18,0.29,0.15,0.76259259,-0.23666667,2,9e-05
2022-05-11,2.2259553,0.0073631957,0.55792593,0.16466667,0.047407407,0.32,0.15,0.29,1.2525926,-0.16466667,5,0.00021
2022-05-12,2.2139001,-0.0054157481,0.44592593,0.13666667,0.047407407,0.18,0.29,0.15,0.76259259,-0.23666667,2,0.00021
2022-05-13,2.1938478,-0.0090574526,0.55792593,0.16466667,0.047407407,0.34,0.13,0.29,1.1825926,-0.084666667,5,0.00021
2022-05-14,2.1780748,-0.0071896275,0.42992593,0.13266667,0.047407407,0.26,0.21,0.13,0.82259259,-0.15266667,3,0.00024
2022-05-15,2.1519276,-0.012004759,0.49392593,0.14866667,0.047407407,0.26,0.21,0.21,0.90259259,-0.16866667,3,0.00012
2022-05-16,2.1855244,0.015612432,0.49392593,0.14866667,0.047407407,0.26,0.21,0.21,0.90259259,-0.16866667,3,0
2022-05-17,2.1704498,-0.0068974604,0.49392593,0.14866667,0.047407407,0.18,0.29,0.21,0.82259259,-0.24866667,2,0
2022-05-18,2.2021531,0.014606795,0.55792593,0.16466667,0.047407407,0.18,0.29,0.29,0.90259259,-0.26466667,2,0.00012
2022-05-19,2.1925976,-0.0043391866,0.55792593,0.16466667,0.047407407,0.18,0.29,0.29,0.90259259,-0.26466667,2,0
2022-05-20,2.2140642,0.0097905105,0.55792593,0.16466667,0.047407407,0.18,0.29,0.29,0.90259259,-0.26466667,2,0
2022-05-21,2.2105119,-0.0016044321,0.55792593,0.16466667,0.047407407,0.18,0.29,0.29,0.90259259,-0.26466667,2,0
2022-05-22,2.1923437,-0.008219015,0.55792593,0.16466667,0.047407407,0.18,0.29,0.29,0.90259259,-0.26466667,2,0
2022-05-23,2.2170811,0.011283536,0.55792593,0.16466667,0.047407407,0.18,0.29,0.29,0.90259259,-0.26466667,2,0
2022-05-24,2.2154103,-0.00075360363,0.55792593,0.16466667,0.047407407,0.18,0.29,0.29,0.90259259,-0.26466667,2,0
2022-05-25,2.209094,-0.0028510549,0.55792593,0.16466667,0.047407407,0.18,0.29,0.29,0.90259259,-0.26466667,2,0
2022-05-26,2.2132277,0.0018712163,0.55792593,0.16466667,0.047407407,0.18,0.29,0.29,0.90259259,-0.26466667,2,0
2022-05-27,2.2247574,0.0052094433,0.55792593,0.16466667,0.047407407,0.18,0.29,0.29,0.90259259,-0.26466667,2,0
2022-05-28,2.2179017,-0.0030815712,0.55792593,0.16466667,0.047407407,0.18,0.29,0.29,0.90259259,-0.26466667,2,0
2022-05-29,2.2057997,-0.0054565002,0.55792593,0.16466667,0.047407407,0.18,0.29,0.29,0.90259259,-0.26466667,2,0
2022-05-30,2.1662911,-0.017911226,0.55792593,0.16466667,0.047407407,0.18,0.29,0.29,0.90259259,-0.26466667,2,0
2022-05-31,2.1514866,-0.0068340346,0.55792593,0.16466667,0.047407407,0.18,0.29,0.29,0.90259259,-0.26466667,2,0
2022-06-01,2.1909465,0.018340783,0.55792593,0.16466667,0.047407407,0.32,0.15,0.29,1.0425926,-0.22466667,5,0
2022-06-02,2.1887466,-0.0010041098,0.44592593,0.13666667,0.047407407,0.18,0.29,0.15,0.76259259,-0.23666667,2,0.00021
2022-06-03,2.1886949,-2.3596906e-05,0.55792593,0.16466667,0.047407407,0.26,0.21,0.29,0.98259259,-0.22466667,4,0.00021
2022-06-04,2.1883708,-0.00014812082,0.49392593,0.14866667,0.047407407,0.18,0.29,0.21,0.82259259,-0.24866667,2,0.00012
2022-06-05,2.1824804,-0.0026916572,0.55792593,0.16466667,0.047407407,0.18,0.29,0.29,0.90259259,-0.26466667,2,0.00012
2022-06-06,2.1477942,-0.015893025,0.55792593,0.16466667,0.047407407,0.24,0.23,0.29,0.96259259,-0.20466667,3,0
2022-06-07,2.1596122,0.0055024092,0.50992593,0.15266667,0.047407407,0.18,0.29,0.23,0.84259259,-0.25266667,2,9e-05
2022-06-08,2.1832,0.010922203,0.44192593,0.28066667,0.047407407,0.32,0.15,0.29,1.0425926,-0.34066667,5,0.000294
2022-06-09,2.1803001,-0.0013282383,0.38592593,0.19666667,0.047407407,0.18,0.29,0.15,0.76259259,-0.29666667,2,0.00021
2022-06-10,2.2073903,0.012424961,0.44192593,0.28066667,0.047407407,0.26,0.21,0.29,1.1025926,-0.28066667,4,0.00021
2022-06-11,2.229429,0.0099840447,0.40992593,0.23266667,0.047407407,0.24,0.23,0.21,0.88259259,-0.33266667,3,0.00012
2022-06-12,2.2822797,0.023705925,0.41792593,0.24466667,0.047407407,0.24,0.23,0.23,0.90259259,-0.34466667,3,3e-05
2022-06-13,2.3533107,0.031122853,0.41792593,0.24466667,0.047407407,0.3,0.17,0.23,1.0525926,-0.19466667,4,0
2022-06-14,2.3559015,0.0011009314,0.46192593,0.14066667,0.047407407,0.24,0.23,0.17,0.84259259,-0.24066667,3,0.000222
2022-06-15,2.3582082,0.00097909531,0.50992593,0.15266667,0.047407407,0.18,0.29,0.23,0.84259259,-0.25266667,2,9e-05
2022-06-16,2.4338732,0.032085816,0.55792593,0.16466667,0.047407407,0.18,0.29,0.29,0.90259259,-0.26466667,2,9e-05
2022-06-17,2.4193435,-0.0059698067,0.55792593,0.16466667,0.047407407,0.1,0.37,0.29,0.82259259,-0.26466667,1,0
2022-06-18,2.4548817,0.014689223,0.62192593,0.18066667,0.047407407,0.1,0.37,0.37,0.90259259,-0.28066667,1,0.00012
2022-06-19,2.4117174,-0.01758307,0.62192593,0.18066667,0.047407407,0.1,0.37,0.37,0.90259259,-0.28066667,1,0
2022-06-20,2.4166139,0.0020303161,0.62192593,0.18066667,0.047407407,0.1,0.37,0.37,0.90259259,-0.28066667,1,0
2022-06-21,2.4003199,-0.0067425066,0.62192593,0.18066667,0.047407407,0.1,0.37,0.37,0.90259259,-0.28066667,1,0
2022-06-22,2.4297343,0.012254385,0.62192593,0.18066667,0.047407407,0.18,0.29,0.37,0.98259259,-0.28066667,2,0
2022-06-23,2.383781,-0.018912915,0.55792593,0.16466667,0.047407407,0.18,0.29,0.29,0.90259259,-0.26466667,2,0.00012
2022-06-24,2.3763968,-0.0030976615,0.55792593,0.16466667,0.047407407,0.18,0.29,0.29,0.90259259,-0.26466667,2,0
2022-06-25,2.3694874,-0.0029075168,0.55792593,0.16466667,0.047407407,0.24,0.23,0.29,0.96259259,-0.26466667,3,0
2022-06-26,2.3859162,0.0069334839,0.50992593,0.15266667,0.047407407,0.24,0.23,0.23,0.90259259,-0.25266667,3,9e-05
2022-06-27,2.3944269,0.0035670536,0.50992593,0.15266667,0.047407407,0.24,0.23,0.23,0.90259259,-0.25266667,3,0
2022-06-28,2.4046619,0.0042744825,0.50992593,0.15266667,0.047407407,0.24,0.23,0.23,0.90259259,-0.25266667,3,0
2022-06-29,2.4094504,0.0019913396,0.50992593,0.15266667,0.047407407,0.18,0.29,0.23,0.84259259,-0.25266667,2,0
2022-06-30,2.4090396,-0.00017045838,0.55792593,0.16466667,0.047407407,0.18,0.29,0.29,0.90259259,-0.26466667,2,9e-05
2022-07-01,2.4225027,0.0055885494,0.55792593,0.16466667,0.047407407,0.26,0.21,0.29,0.98259259,-0.22466667,4,0
2022-07-02,2.4270494,0.0018768883,0.49392593,0.14866667,0.047407407,0.18,0.29,0.21,0.82259259,-0.24866667,2,0.00012
2022-07-03,2.4254454,-0.00066091869,0.55792593,0.16466667,0.047407407,0.18,0.29,0.29,0.90259259,-0.26466667,2,0.00012
2022-07-04,2.4012062,-0.0099937,0.55792593,0.16466667,0.047407407,0.24,0.23,0.29,0.96259259,-0.20466667,3,0
2022-07-05,2.373174,-0.011674196,0.50992593,0.15266667,0.047407407,0.18,0.29,0.23,0.84259259,-0.25266667,2,9e-05
2022-07-06,2.3447935,-0.011958906,0.55792593,0.16466667,0.047407407,0.32,0.15,0.29,1.0425926,-0.22466667,5,9e-05
2022-07-07,2.3133484,-0.013410599,0.44592593,0.13666667,0.047407407,0.18,0.29,0.15,0.76259259,-0.23666667,2,0.00021
2022-07-08,2.3058043,-0.0032611091,0.55792593,0.16466667,0.047407407,0.34,0.13,0.29,1.0625926,-0.14466667,5,0.00021
2022-07-09,2.3018533,-0.0017135259,0.42992593,0.13266667,0.047407407,0.26,0.21,0.13,0.82259259,-0.15266667,3,0.00024
2022-07-10,2.322995,0.0091846681,0.49392593,0.14866667,0.047407407,0.26,0.21,0.21,0.90259259,-0.16866667,3,0.00012
2022-07-11,2.3410604,0.0077767513,0.49392593,0.14866667,0.047407407,0.32,0.15,0.21,0.96259259,-0.10866667,4,0
2022-07-12,2.3536968,0.0053977533,0.44592593,0.13666667,0.047407407,0.18,0.29,0.15,0.76259259,-0.23666667,2,9e-05
2022-07-13,2.3348351,-0.0080136539,0.55792593,0.16466667,0.047407407,0.32,0.15,0.29,1.0425926,-0.22466667,5,0.00021
2022-07-14,2.311529,-0.0099819065,0.44592593,0.13666667,0.047407407,0.18,0.29,0.15,0.76259259,-0.23666667,2,0.00021
2022-07-15,2.2941901,-0.0075010499,0.44192593,0.28066667,0.047407407,0.18,0.29,0.29,0.90259259,-0.38066667,2,0.000222
2022-07-16,2.2747379,-0.0084789157,0.44192593,0.28066667,0.047407407,0.18,0.29,0.29,0.90259259,-0.38066667,2,0
2022-07-17,2.298216,0.010321237,0.44192593,0.28066667,0.047407407,0.24,0.23,0.29,0.96259259,-0.38066667,3,0
2022-07-18,2.2411098,-0.02484803,0.41792593,0.24466667,0.047407407,0.24,0.23,0.23,0.90259259,-0.34466667,3,9e-05
2022-07-19,2.2062052,-0.015574694,0.242,0.318,0.15,0.24,0.23,0.23,0.8,-0.418,3,0.00037388889
2022-07-20,2.2151428,0.0040511151,0.242,0.318,0.15,0.24,0.23,0.23,0.8,-0.418,3,0
2022-07-21,2.2253229,0.0045956542,0.242,0.318,0.15,0.24,0.23,0.23,0.8,-0.418,3,0
2022-07-22,2.2476335,0.010025785,0.242,0.318,0.15,0.18,0.29,0.23,0.74,-0.418,2,0
2022-07-23,2.2566346,0.0040047187,0.266,0.354,0.15,0.18,0.29,0.29,0.8,-0.454,2,9e-05
2022-07-24,2.2508427,-0.0025666309,0.266,0.354,0.15,0.18,0.29,0.29,0.8,-0.454,2,0
2022-07-25,2.305545,0.024303047,0.266,0.354,0.15,0.18,0.29,0.29,0.8,-0.454,2,0
2022-07-26,2.3091977,0.0015842981,0.44192593,0.28066667,0.047407407,0.18,0.29,0.29,0.90259259,-0.38066667,2,0.00037388889
2022-07-27,2.2669614,-0.018290458,0.44192593,0.28066667,0.047407407,0.08,0.39,0.29,0.80259259,-0.28066667,1,0
2022-07-28,2.2349496,-0.014121011,0.306,0.414,0.15,0.14,0.33,0.39,0.86,-0.414,2,0.00040388889
2022-07-29,2.2423016,0.0032895613,0.282,0.378,0.15,0.14,0.33,0.33,0.8,-0.378,2,9e-05
2022-07-30,2.2459044,0.0016067186,0.282,0.378,0.15,0.14,0.33,0.33,0.8,-0.378,2,0
2022-07-31,2.2570432,0.0049596239,0.282,0.378,0.15,0.14,0.33,0.33,0.8,-0.378,2,0
2022-08-01,2.254782,-0.0010018585,0.282,0.378,0.15,0.2,0.27,0.33,0.95,-0.228,3,0
2022-08-02,2.2577081,0.0012977604,0.258,0.342,0.15,0.08,0.39,0.27,0.68,-0.342,1,9e-05
2022-08-03,2.280168,0.0099481007,0.306,0.414,0.15,0.22,0.25,0.39,1.15,-0.314,4,0.00018
2022-08-04,2.2955734,0.0067562532,0.25,0.33,0.15,0.08,0.39,0.25,0.66,-0.33,1,0.00021
2022-08-05,2.2619542,-0.01464525,0.306,0.414,0.15,0.16,0.31,0.39,1,-0.314,3,0.00021
2022-08-06,2.272739,0.0047679386,0.274,0.366,0.15,0.08,0.39,0.31,0.72,-0.366,1,0.00012
2022-08-07,2.2634995,-0.0040653765,0.306,0.414,0.15,0.08,0.39,0.39,0.8,-0.414,1,0.00012
2022-08-08,2.2505995,-0.0056991359,0.306,0.414,0.15,0.14,0.33,0.39,0.95,-0.264,2,0
2022-08-09,2.2769169,0.011693512,0.282,0.378,0.15,0.08,0.39,0.33,0.74,-0.378,1,9e-05
2022-08-10,2.3008757,0.010522483,0.306,0.414,0.15,0.22,0.25,0.39,1.15,-0.314,4,9e-05
2022-08-11,2.2988398,-0.00088486772,0.25,0.33,0.15,0.08,0.39,0.25,0.66,-0.33,1,0.00021
2022-08-12,2.2808107,-0.0078426605,0.306,0.414,0.15,0.16,0.31,0.39,1,-0.314,3,0.00021
2022-08-13,2.2789495,-0.00081606769,0.274,0.366,0.15,0.08,0.39,0.31,0.72,-0.366,1,0.00012
2022-08-14,2.2831969,0.0018637582,0.306,0.414,0.15,0.08,0.39,0.39,0.8,-0.414,1,0.00012
2022-08-15,2.2847788,0.0006928538,0.306,0.414,0.15,0.08,0.39,0.39,0.8,-0.414,1,0
2022-08-16,2.2930704,0.0036290614,0.306,0.414,0.15,0.08,0.39,0.39,0.8,-0.414,1,0
2022-08-17,2.3079586,0.0064927092,0.306,0.414,0.15,0.08,0.39,0.39,0.8,-0.414,1,0
2022-08-18,2.3084582,0.00021645398,0.48192593,0.34066667,0.047407407,0.08,0.39,0.39,0.90259259,-0.34066667,1,0.00037388889
2022-08-19,2.3812029,0.03151226,0.48192593,0.34066667,0.047407407,0.16,0.31,0.39,0.98259259,-0.42066667,2,0
2022-08-20,2.3767658,-0.0018633852,0.57392593,0.16866667,0.047407407,0.16,0.31,0.31,0.90259259,-0.24866667,2,0.000396
2022-08-21,2.3657516,-0.0046341081,0.44992593,0.29266667,0.047407407,0.16,0.31,0.31,0.90259259,-0.37266667,2,0.000372
2022-08-22,2.3643006,-0.00061334217,0.44992593,0.29266667,0.047407407,0.16,0.31,0.31,0.90259259,-0.37266667,2,0
2022-08-23,2.3699649,0.0023957704,0.44992593,0.29266667,0.047407407,0,0.47,0.31,0.74259259,-0.29266667,0,0
2022-08-24,2.3749042,0.0020841089,0.51392593,0.38866667,0.047407407,0,0.47,0.47,0.90259259,-0.38866667,0,0.00024
2022-08-25,2.3708642,-0.0017011193,0.51392593,0.38866667,0.047407407,0,0.47,0.47,0.90259259,-0.38866667,0,0
2022-08-26,2.4112053,0.017015339,0.51392593,0.38866667,0.047407407,0,0.47,0.47,0.90259259,-0.38866667,0,0
2022-08-27,2.4157007,0.0018643746,0.70192593,0.20066667,0.047407407,0,0.47,0.47,0.90259259,-0.20066667,0,0.000564
2022-08-28,2.4234507,0.0032081983,0.70192593,0.20066667,0.047407407,0,0.47,0.47,0.90259259,-0.20066667,0,0
2022-08-29,2.4102375,-0.0054522427,0.70192593,0.20066667,0.047407407,0,0.47,0.47,0.90259259,-0.20066667,0,0
2022-08-30,2.405906,-0.0017970994,0.70192593,0.20066667,0.047407407,0,0.47,0.47,0.90259259,-0.20066667,0,0
2022-08-31,2.3892719,-0.0069138608,0.70192593,0.20066667,0.047407407,0,0.47,0.47,0.90259259,-0.20066667,0,0
2022-09-01,2.3745347,-0.006168094,0.70192593,0.20066667,0.047407407,0,0.47,0.47,0.90259259,-0.20066667,0,0
2022-09-02,2.3961578,0.0091062531,0.70192593,0.20066667,0.047407407,0.08,0.39,0.47,1.1025926,-0.10066667,2,0
2022-09-03,2.4012375,0.0021199273,0.63792593,0.18466667,0.047407407,0,0.47,0.39,0.82259259,-0.18466667,0,0.00012
2022-09-04,2.3948931,-0.0026421131,0.70192593,0.20066667,0.047407407,0,0.47,0.47,0.90259259,-0.20066667,0,0.00012
2022-09-05,2.4058523,0.0045760496,0.70192593,0.20066667,0.047407407,0.14,0.33,0.47,1.1325926,-0.050666667,2,0
2022-09-06,2.4140165,0.0033934722,0.58992593,0.17266667,0.047407407,0.08,0.39,0.33,0.84259259,-0.17266667,1,0.00021
2022-09-07,2.4116396,-0.0009846202,0.63792593,0.18466667,0.047407407,0.32,0.15,0.39,1.3525926,-0.18466667,5,9e-05
2022-09-08,2.4068576,-0.0019828695,0.44592593,0.13666667,0.047407407,0.18,0.29,0.15,0.76259259,-0.23666667,2,0.00036
2022-09-09,2.3720273,-0.014471289,0.55792593,0.16466667,0.047407407,0.26,0.21,0.29,1.1025926,-0.16466667,4,0.00021
2022-09-10,2.3691084,-0.0012305416,0.49392593,0.14866667,0.047407407,0.08,0.39,0.21,0.72259259,-0.14866667,1,0.00012
2022-09-11,2.3624516,-0.0028098259,0.48192593,0.34066667,0.047407407,0.08,0.39,0.39,0.90259259,-0.34066667,1,0.000306
2022-09-12,2.362302,-6.3343375e-05,0.63792593,0.18466667,0.047407407,0.14,0.33,0.39,1.0525926,-0.034666667,2,0.000468
2022-09-13,2.4176081,0.023411971,0.45792593,0.30466667,0.047407407,0.08,0.39,0.33,0.84259259,-0.30466667,1,0.00045
2022-09-14,2.4085053,-0.0037652175,0.63792593,0.18466667,0.047407407,0.22,0.25,0.39,1.2525926,-0.084666667,4,0.00045
2022-09-15,2.3915754,-0.0070292124,0.52592593,0.15666667,0.047407407,0.08,0.39,0.25,0.76259259,-0.15666667,1,0.00021
2022-09-16,2.3999406,0.0034977703,0.63792593,0.18466667,0.047407407,0.14,0.33,0.39,0.96259259,-0.18466667,2,0.00021
2022-09-17,2.3944293,-0.0022964153,0.58992593,0.17266667,0.047407407,0.14,0.33,0.33,0.90259259,-0.17266667,2,9e-05
2022-09-18,2.4082823,0.0057855036,0.58992593,0.17266667,0.047407407,0.14,0.33,0.33,0.90259259,-0.17266667,2,0
2022-09-19,2.4003404,-0.0032977537,0.45792593,0.30466667,0.047407407,0.14,0.33,0.33,0.90259259,-0.30466667,2,0.000396
2022-09-20,2.4183203,0.0074905557,0.45792593,0.30466667,0.047407407,0.14,0.33,0.33,0.90259259,-0.30466667,2,0
2022-09-21,2.4290765,0.0044478145,0.58992593,0.17266667,0.047407407,0.14,0.33,0.33,0.90259259,-0.17266667,2,0.000396
2022-09-22,2.4116477,-0.0071750907,0.58992593,0.17266667,0.047407407,0.14,0.33,0.33,0.90259259,-0.17266667,2,0
2022-09-23,2.3963855,-0.0063285134,0.45792593,0.30466667,0.047407407,0.08,0.39,0.33,0.84259259,-0.30466667,1,0.000396
2022-09-24,2.4118352,0.0064470816,0.48192593,0.34066667,0.047407407,0.08,0.39,0.39,0.90259259,-0.34066667,1,9e-05
2022-09-25,2.4096386,-0.00091075867,0.63792593,0.18466667,0.047407407,0.08,0.39,0.39,0.90259259,-0.18466667,1,0.000468
2022-09-26,2.3795267,-0.012496445,0.48192593,0.34066667,0.047407407,0.08,0.39,0.39,0.90259259,-0.34066667,1,0.000468
2022-09-27,2.3879722,0.0035492254,0.48192593,0.34066667,0.047407407,0.08,0.39,0.39,0.90259259,-0.34066667,1,0
2022-09-28,2.3922142,0.0017764046,0.48192593,0.34066667,0.047407407,0.08,0.39,0.39,0.90259259,-0.34066667,1,0
2022-09-29,2.3896604,-0.0010675324,0.48192593,0.34066667,0.047407407,0.08,0.39,0.39,0.90259259,-0.34066667,1,0
2022-09-30,2.3974443,0.0032573043,0.48192593,0.34066667,0.047407407,0.08,0.39,0.39,0.90259259,-0.34066667,1,0
2022-10-01,2.4014931,0.0016888221,0.48192593,0.34066667,0.047407407,0.08,0.39,0.39,0.90259259,-0.34066667,1,0
2022-10-02,2.4130017,0.0047922479,0.48192593,0.34066667,0.047407407,0.08,0.39,0.39,0.90259259,-0.34066667,1,0
2022-10-03,2.4216163,0.0035700877,0.48192593,0.34066667,0.047407407,0.14,0.33,0.39,1.0525926,-0.19066667,2,0
2022-10-04,2.4105224,-0.0045812085,0.45792593,0.30466667,0.047407407,0.08,0.39,0.33,0.84259259,-0.30466667,1,9e-05
2022-10-05,2.3999224,-0.004397362,0.48192593,0.34066667,0.047407407,0.22,0.25,0.39,1.2525926,-0.24066667,4,9e-05
2022-10-06,2.4019397,0.00084054897,0.42592593,0.25666667,0.047407407,0.08,0.39,0.25,0.76259259,-0.25666667,1,0.00021
2022-10-07,2.4072252,0.0022005164,0.306,0.414,0.15,0.16,0.31,0.39,1,-0.314,3,0.00041588889
2022-10-08,2.4090726,0.00076744045,0.44992593,0.29266667,0.047407407,0.08,0.39,0.31,0.82259259,-0.29266667,1,0.00039788889
2022-10-09,2.4086072,-0.00019319957,0.48192593,0.34066667,0.047407407,0.08,0.39,0.39,0.90259259,-0.34066667,1,0.00012
2022-10-10,2.401548,-0.0029308145,0.48192593,0.34066667,0.047407407,0.14,0.33,0.39,1.0525926,-0.19066667,2,0
2022-10-11,2.3996258,-0.00080038006,0.58992593,0.17266667,0.047407407,0.08,0.39,0.33,0.84259259,-0.17266667,1,0.000414
2022-10-12,2.4083494,0.0036353868,0.63792593,0.18466667,0.047407407,0.22,0.25,0.39,1.2525926,-0.084666667,4,9e-05
2022-10-13,2.3982468,-0.0041948179,0.52592593,0.15666667,0.047407407,0.08,0.39,0.25,0.76259259,-0.15666667,1,0.00021
2022-10-14,2.3888261,-0.0039281614,0.48192593,0.34066667,0.047407407,0.16,0.31,0.39,1.1025926,-0.24066667,3,0.000342
2022-10-15,2.3924966,0.0015365271,0.44992593,0.29266667,0.047407407,0.08,0.39,0.31,0.82259259,-0.29266667,1,0.00012
2022-10-16,2.3867777,-0.0023903537,0.48192593,0.34066667,0.047407407,0.08,0.39,0.39,0.90259259,-0.34066667,1,0.00012
2022-10-17,2.3775068,-0.0038842744,0.48192593,0.34066667,0.047407407,0.08,0.39,0.39,0.90259259,-0.34066667,1,0
2022-10-18,2.3867909,0.0039049817,0.48192593,0.34066667,0.047407407,0.08,0.39,0.39,0.90259259,-0.34066667,1,0
2022-10-19,2.3779348,-0.0037104535,0.48192593,0.34066667,0.047407407,0.08,0.39,0.39,0.90259259,-0.34066667,1,0
2022-10-20,2.3814573,0.0014812936,0.48192593,0.34066667,0.047407407,0.08,0.39,0.39,0.90259259,-0.34066667,1,0
2022-10-21,2.3961789,0.0061817788,0.48192593,0.34066667,0.047407407,0.16,0.31,0.39,0.98259259,-0.42066667,2,0
2022-10-22,2.3944089,-0.00073868239,0.44992593,0.29266667,0.047407407,0.16,0.31,0.31,0.90259259,-0.37266667,2,0.00012
2022-10-23,2.3836384,-0.0044981928,0.44992593,0.29266667,0.047407407,0.16,0.31,0.31,0.90259259,-0.37266667,2,0
2022-10-24,2.3831945,-0.0001862345,0.44992593,0.29266667,0.047407407,0.22,0.25,0.31,0.96259259,-0.37266667,3,0
2022-10-25,2.3605797,-0.0094892545,0.42592593,0.25666667,0.047407407,0.14,0.33,0.25,0.82259259,-0.25666667,2,9e-05
2022-10-26,2.3342463,-0.011155506,0.282,0.378,0.15,0.14,0.33,0.33,0.8,-0.378,2,0.00039788889
2022-10-27,2.3506776,0.0070392621,0.282,0.378,0.15,0.14,0.33,0.33,0.8,-0.378,2,0
2022-10-28,2.3294208,-0.0090428365,0.282,0.378,0.15,0.14,0.33,0.33,0.8,-0.378,2,0
2022-10-29,2.3183506,-0.0047523675,0.282,0.378,0.15,0.14,0.33,0.33,0.8,-0.378,2,0
2022-10-30,2.3260719,0.0033305183,0.282,0.378,0.15,0.08,0.39,0.33,0.74,-0.378,1,0
2022-10-31,2.3275137,0.00061983763,0.306,0.414,0.15,0.08,0.39,0.39,0.8,-0.414,1,9e-05
2022-11-01,2.3327037,0.0022298798,0.306,0.414,0.15,0.08,0.39,0.39,0.8,-0.414,1,0
2022-11-02,2.3268837,-0.0024949718,0.306,0.414,0.15,0.22,0.25,0.39,1.15,-0.314,4,0
2022-11-03,2.3230702,-0.001638893,0.42592593,0.25666667,0.047407407,0.08,0.39,0.25,0.76259259,-0.25666667,1,0.00041588889
2022-11-04,2.3312029,0.003500862,0.48192593,0.34066667,0.047407407,0.16,0.31,0.39,1.1025926,-0.24066667,3,0.00021
2022-11-05,2.3261041,-0.0021872029,0.44992593,0.29266667,0.047407407,0.08,0.39,0.31,0.82259259,-0.29266667,1,0.00012
2022-11-06,2.3405084,0.0061924503,0.306,0.414,0.15,0.08,0.39,0.39,0.8,-0.414,1,0.00039788889
2022-11-07,2.3524524,0.0051031671,0.306,0.414,0.15,0.14,0.33,0.39,0.95,-0.264,2,0
2022-11-08,2.4549086,0.043552943,0.282,0.378,0.15,0.08,0.39,0.33,0.74,-0.378,1,9e-05
2022-11-09,2.5058583,0.020754185,0.48192593,0.34066667,0.047407407,0.22,0.25,0.39,1.2525926,-0.24066667,4,0.00035588889
2022-11-10,2.5019531,-0.0015584288,0.52592593,0.15666667,0.047407407,0.08,0.39,0.25,0.76259259,-0.15666667,1,0.000342
2022-11-11,2.5608791,0.023551995,0.48192593,0.34066667,0.047407407,0.26,0.21,0.39,1.0825926,-0.40066667,4,0.000342
2022-11-12,2.5377466,-0.0090330263,0.49392593,0.14866667,0.047407407,0.1,0.37,0.21,0.74259259,-0.24866667,1,0.000306
2022-11-13,2.5639523,0.010326368,0.62192593,0.18066667,0.047407407,0.1,0.37,0.37,0.90259259,-0.28066667,1,0.00024
2022-11-14,2.5634425,-0.00019881237,0.62192593,0.18066667,0.047407407,0.16,0.31,0.37,0.96259259,-0.22066667,2,0
2022-11-15,2.5743138,0.0042408936,0.57392593,0.16866667,0.047407407,0.1,0.37,0.31,0.84259259,-0.26866667,1,9e-05
2022-11-16,2.5770422,0.001059864,0.62192593,0.18066667,0.047407407,0.1,0.37,0.37,0.90259259,-0.28066667,1,9e-05
2022-11-17,2.5675942,-0.0036662522,0.62192593,0.18066667,0.047407407,0.1,0.37,0.37,0.90259259,-0.28066667,1,0
2022-11-18,2.5527252,-0.005790992,0.62192593,0.18066667,0.047407407,0.1,0.37,0.37,0.90259259,-0.28066667,1,0
2022-11-19,2.5582,0.0021446703,0.62192593,0.18066667,0.047407407,0.1,0.37,0.37,0.90259259,-0.28066667,1,0
2022-11-20,2.5781108,0.0077831462,0.62192593,0.18066667,0.047407407,0.1,0.37,0.37,0.90259259,-0.28066667,1,0
2022-11-21,2.5883823,0.0039841204,0.62192593,0.18066667,0.047407407,0.1,0.37,0.37,0.90259259,-0.28066667,1,0
2022-11-22,2.5688081,-0.0075623367,0.62192593,0.18066667,0.047407407,0.1,0.37,0.37,0.90259259,-0.28066667,1,0
2022-11-23,2.5585461,-0.0039948467,0.62192593,0.18066667,0.047407407,0.1,0.37,0.37,0.90259259,-0.28066667,1,0
2022-11-24,2.5612999,0.0010763078,0.62192593,0.18066667,0.047407407,0.18,0.29,0.37,0.98259259,-0.28066667,2,0
2022-11-25,2.5657866,0.0017517172,0.55792593,0.16466667,0.047407407,0.18,0.29,0.29,0.90259259,-0.26466667,2,0.00012
2022-11-26,2.5676043,0.00070846192,0.55792593,0.16466667,0.047407407,0.18,0.29,0.29,0.90259259,-0.26466667,2,0
2022-11-27,2.5680318,0.00016648702,0.55792593,0.16466667,0.047407407,0.18,0.29,0.29,0.90259259,-0.26466667,2,0
2022-11-28,2.5712408,0.0012496001,0.55792593,0.16466667,0.047407407,0.18,0.29,0.29,0.90259259,-0.26466667,2,0
2022-11-29,2.5624581,-0.0034157386,0.55792593,0.16466667,0.047407407,0.18,0.29,0.29,0.90259259,-0.26466667,2,0
2022-11-30,2.5508287,-0.0045383827,0.55792593,0.16466667,0.047407407,0.18,0.29,0.29,0.90259259,-0.26466667,2,0
2022-12-01,2.5807839,0.011743328,0.55792593,0.16466667,0.047407407,0.18,0.29,0.29,0.90259259,-0.26466667,2,0
2022-12-02,2.5729864,-0.0030213894,0.55792593,0.16466667,0.047407407,0.26,0.21,0.29,0.98259259,-0.22466667,4,0
2022-12-03,2.5804976,0.0029192453,0.49392593,0.14866667,0.047407407,0.18,0.29,0.21,0.82259259,-0.24866667,2,0.00012
2022-12-04,2.5745407,-0.0023084182,0.55792593,0.16466667,0.047407407,0.18,0.29,0.29,0.90259259,-0.26466667,2,0.00012
2022-12-05,2.5620935,-0.0048347371,0.55792593,0.16466667,0.047407407,0.24,0.23,0.29,0.96259259,-0.20466667,3,0
2022-12-06,2.5586902,-0.0013282998,0.50992593,0.15266667,0.047407407,0.18,0.29,0.23,0.84259259,-0.25266667,2,9e-05
2022-12-07,2.5735897,0.0058230849,0.55792593,0.16466667,0.047407407,0.32,0.15,0.29,1.0425926,-0.22466667,5,9e-05
2022-12-08,2.5590531,-0.0056483906,0.44592593,0.13666667,0.047407407,0.18,0.29,0.15,0.76259259,-0.23666667,2,0.00021
2022-12-09,2.5643934,0.0020868412,0.44192593,0.28066667,0.047407407,0.26,0.21,0.29,1.1025926,-0.28066667,4,0.000222
2022-12-10,2.5625986,-0.00069990856,0.234,0.306,0.15,0.18,0.29,0.21,0.72,-0.406,2,0.00034988889
2022-12-11,2.5672991,0.0018342917,0.44192593,0.28066667,0.047407407,0.18,0.29,0.29,0.90259259,-0.38066667,2,0.00034988889
2022-12-12,2.5497099,-0.0068512701,0.44192593,0.28066667,0.047407407,0.24,0.23,0.29,1.0525926,-0.23066667,3,0
2022-12-13,2.5392587,-0.0040989817,0.41792593,0.24466667,0.047407407,0.18,0.29,0.23,0.84259259,-0.34466667,2,9e-05
2022-12-14,2.5331748,-0.0023959139,0.266,0.354,0.15,0.32,0.15,0.29,1.15,-0.354,5,0.00039188889
2022-12-15,2.5533064,0.0079471908,0.21,0.27,0.15,0.18,0.29,0.15,0.66,-0.37,2,0.00021
2022-12-16,2.5986316,0.017751552,0.44192593,0.28066667,0.047407407,0.18,0.29,0.29,0.90259259,-0.38066667,2,0.00036388889
2022-12-17,2.590735,-0.0030387491,0.44192593,0.28066667,0.047407407,0.18,0.29,0.29,0.90259259,-0.38066667,2,0
2022-12-18,2.5911202,0.00014870446,0.44192593,0.28066667,0.047407407,0.18,0.29,0.29,0.90259259,-0.38066667,2,0
2022-12-19,2.6081662,0.0065785855,0.44192593,0.28066667,0.047407407,0.18,0.29,0.29,0.90259259,-0.38066667,2,0
2022-12-20,2.5902327,-0.0068758954,0.44192593,0.28066667,0.047407407,0.18,0.29,0.29,0.90259259,-0.38066667,2,0
2022-12-21,2.5954266,0.0020051772,0.44192593,0.28066667,0.047407407,0.18,0.29,0.29,0.90259259,-0.38066667,2,0
2022-12-22,2.5871062,-0.0032057823,0.266,0.354,0.15,0.08,0.39,0.29,0.7,-0.354,1,0.00037388889
2022-12-23,2.5961796,0.0035071513,0.48192593,0.34066667,0.047407407,0.08,0.39,0.39,0.90259259,-0.34066667,1,0.00034388889
2022-12-24,2.5904282,-0.00221532,0.48192593,0.34066667,0.047407407,0.08,0.39,0.39,0.90259259,-0.34066667,1,0
2022-12-25,2.5892775,-0.00044419537,0.48192593,0.34066667,0.047407407,0.08,0.39,0.39,0.90259259,-0.34066667,1,0
2022-12-26,2.5847194,-0.001760372,0.48192593,0.34066667,0.047407407,0.08,0.39,0.39,0.90259259,-0.34066667,1,0
2022-12-27,2.6062241,0.0083199041,0.48192593,0.34066667,0.047407407,0.08,0.39,0.39,0.90259259,-0.34066667,1,0
2022-12-28,2.6105718,0.0016682112,0.48192593,0.34066667,0.047407407,0.08,0.39,0.39,0.90259259,-0.34066667,1,0
2022-12-29,2.610187,-0.00014737684,0.48192593,0.34066667,0.047407407,0.08,0.39,0.39,0.90259259,-0.34066667,1,0
2022-12-30,2.6164981,0.0024178642,0.48192593,0.34066667,0.047407407,0.08,0.39,0.39,0.90259259,-0.34066667,1,0
2022-12-31,2.6200675,0.0013641713,0.48192593,0.34066667,0.047407407,0.08,0.39,0.39,0.90259259,-0.34066667,1,0
2023-01-01,2.6174988,-0.00098037437,0.48192593,0.34066667,0.047407407,0.08,0.39,0.39,0.90259259,-0.34066667,1,0
2023-01-02,2.6148137,-0.0010258363,0.48192593,0.34066667,0.047407407,0.14,0.33,0.39,1.0525926,-0.19066667,2,0
2023-01-03,2.6263511,0.0044123082,0.45792593,0.30466667,0.047407407,0.08,0.39,0.33,0.84259259,-0.30466667,1,9e-05
2023-01-04,2.6376651,0.0043078857,0.48192593,0.34066667,0.047407407,0.22,0.25,0.39,1.2525926,-0.24066667,4,9e-05
2023-01-05,2.6274702,-0.0038651114,0.42592593,0.25666667,0.047407407,0.14,0.33,0.25,0.82259259,-0.25666667,2,0.00021
2023-01-06,2.6312546,0.0014403012,0.45792593,0.30466667,0.047407407,0.22,0.25,0.33,1.1025926,-0.20466667,4,0.00012
2023-01-07,2.6351576,0.0014833314,0.42592593,0.25666667,0.047407407,0.14,0.33,0.25,0.82259259,-0.25666667,2,0.00012
2023-01-08,2.6246408,-0.0039909601,0.45792593,0.30466667,0.047407407,0.14,0.33,0.33,0.90259259,-0.30466667,2,0.00012
2023-01-09,2.627681,0.0011583178,0.45792593,0.30466667,0.047407407,0.2,0.27,0.33,1.0525926,-0.15466667,3,0
2023-01-10,2.6185259,-0.0034840747,0.43392593,0.26866667,0.047407407,0.14,0.33,0.27,0.84259259,-0.26866667,2,9e-05
2023-01-11,2.6004909,-0.0068874627,0.45792593,0.30466667,0.047407407,0.22,0.25,0.33,1.1925926,-0.20466667,4,9e-05
2023-01-12,2.5732616,-0.010470855,0.42592593,0.25666667,0.047407407,0.14,0.33,0.25,0.82259259,-0.25666667,2,0.00012
2023-01-13,2.518237,-0.021383206,0.282,0.378,0.15,0.22,0.25,0.33,1,-0.278,4,0.00039788889
2023-01-14,2.4861174,-0.012754792,0.25,0.33,0.15,0.24,0.23,0.25,0.82,-0.23,3,0.00012
2023-01-15,2.4921684,0.0024339261,0.242,0.318,0.15,0.24,0.23,0.23,0.8,-0.218,3,3e-05
2023-01-16,2.4796502,-0.0050230359,0.242,0.318,0.15,0.18,0.29,0.23,0.74,-0.218,2,0
2023-01-17,2.4817378,0.00084190068,0.266,0.354,0.15,0.18,0.29,0.29,0.8,-0.254,2,9e-05
2023-01-18,2.4951292,0.0053959753,0.266,0.354,0.15,0.18,0.29,0.29,0.8,-0.254,2,0
2023-01-19,2.4933449,-0.00071508773,0.266,0.354,0.15,0.18,0.29,0.29,0.8,-0.254,2,0
2023-01-20,2.4416835,-0.02071974,0.266,0.354,0.15,0.18,0.29,0.29,0.8,-0.254,2,0
2023-01-21,2.4382583,-0.001402782,0.266,0.354,0.15,0.18,0.29,0.29,0.8,-0.254,2,0
2023-01-22,2.4410948,0.0011633024,0.266,0.354,0.15,0.18,0.29,0.29,0.8,-0.254,2,0
2023-01-23,2.4361795,-0.0020135584,0.266,0.354,0.15,0.18,0.29,0.29,0.8,-0.254,2,0
2023-01-24,2.4432558,0.0029046641,0.266,0.354,0.15,0.18,0.29,0.29,0.8,-0.254,2,0
2023-01-25,2.436048,-0.0029500787,0.266,0.354,0.15,0.18,0.29,0.29,0.8,-0.254,2,0
2023-01-26,2.4371852,0.00046681989,0.266,0.354,0.15,0.18,0.29,0.29,0.8,-0.254,2,0
2023-01-27,2.4341959,-0.0012265003,0.266,0.354,0.15,0.18,0.29,0.29,0.8,-0.254,2,0
2023-01-28,2.435676,0.00060801005,0.266,0.354,0.15,0.18,0.29,0.29,0.8,-0.254,2,0
2023-01-29,2.4687106,0.013562842,0.266,0.354,0.15,0.18,0.29,0.29,0.8,0.454,2,0
2023-01-30,2.4193865,-0.019979739,0.266,0.354,0.15,0.18,0.29,0.29,0.8,0.454,2,0
2023-01-31,2.4345502,0.0062675825,0.266,0.354,0.15,0.18,0.29,0.29,0.8,0.454,2,0
2023-02-01,2.4693203,0.014281952,0.266,0.31949458,0.15,0.30635379,0.15,0.29,1.096,0.5,5,5.1758123e-05
2023-02-02,2.4569403,-0.0050135121,0.21,0.27,0.15,0.18,0.29,0.15,0.66,0.37,2,0.00015824188
2023-02-03,2.4382924,-0.0075898822,0.266,0.31949458,0.15,0.24635379,0.21,0.29,0.946,0.5,4,0.00015824188
2023-02-04,2.4307333,-0.0031001642,0.234,0.306,0.15,0.18,0.29,0.21,0.72,0.406,2,6.8241877e-05
2023-02-05,2.4112082,-0.0080326229,0.266,0.354,0.15,0.18,0.29,0.29,0.8,0.454,2,0.00012
2023-02-06,2.4111338,-3.0837344e-05,0.266,0.29304636,0.15,0.21245033,0.23,0.29,0.846,0.5,3,9.1430464e-05
2023-02-07,2.4300294,0.0078368166,0.242,0.318,0.15,0.18,0.29,0.23,0.74,0.418,2,7.3430464e-05
2023-02-08,2.4124166,-0.0072479905,0.266,0.31949458,0.15,0.30635379,0.15,0.29,1.096,0.5,5,3.8241877e-05
2023-02-09,2.362698,-0.02060944,0.21,0.27,0.15,0.18,0.29,0.15,0.66,0.37,2,0.00015824188
2023-02-10,2.345906,-0.007107124,0.266,0.31949458,0.15,0.24635379,0.21,0.29,0.946,0.5,4,0.00015824188
2023-02-11,2.358078,0.0051886011,0.234,0.306,0.15,0.18,0.29,0.21,0.72,0.406,2,6.8241877e-05
2023-02-12,2.3526278,-0.0023113044,0.266,0.354,0.15,0.18,0.29,0.29,0.8,0.454,2,0.00012
2023-02-13,2.3401395,-0.0053082462,0.266,0.29304636,0.15,0.21245033,0.23,0.29,0.846,0.5,3,9.1430464e-05
2023-02-14,2.3693422,0.012479067,0.41792593,0.24466667,0.047407407,0.18,0.29,0.23,0.84259259,0.34466667,2,0.00030045843
2023-02-15,2.4686576,0.041916871,0.266,0.354,0.15,0.18,0.29,0.29,0.8,0.454,2,0.00039188889
2023-02-16,2.4298324,-0.015727264,0.266,0.354,0.15,0.18,0.29,0.29,0.8,0.454,2,0
2023-02-17,2.4771589,0.019477254,0.266,0.354,0.15,0.18,0.29,0.29,0.8,0.454,2,0
2023-02-18,2.4830004,0.0023581467,0.266,0.354,0.15,0.18,0.29,0.29,0.8,0.454,2,0
2023-02-19,2.4662544,-0.0067442616,0.266,0.354,0.15,0.18,0.29,0.29,0.8,0.454,2,0
2023-02-20,2.4905087,0.0098344812,0.266,0.354,0.15,0.18,0.29,0.29,0.8,0.454,2,0
2023-02-21,2.4713976,-0.0076735838,0.266,0.354,0.15,0.18,0.29,0.29,0.8,0.454,2,0
2023-02-22,2.4587477,-0.0051184865,0.266,0.354,0.15,0.18,0.29,0.29,0.8,0.454,2,0
2023-02-23,2.4487339,-0.0040727392,0.266,0.354,0.15,0.18,0.29,0.29,0.8,0.454,2,0
2023-02-24,2.408721,-0.016340241,0.266,0.354,0.15,0.18,0.29,0.29,0.8,0.454,2,0
2023-02-25,2.4025806,-0.0025492272,0.44192593,0.28066667,0.047407407,0.18,0.29,0.29,0.90259259,0.38066667,2,0.00037388889
2023-02-26,2.420112,0.0072968768,0.44192593,0.28066667,0.047407407,0.18,0.29,0.29,0.90259259,0.38066667,2,0
2023-02-27,2.4230607,0.0012184233,0.44192593,0.28066667,0.047407407,0.18,0.29,0.29,0.90259259,0.38066667,2,0
2023-02-28,2.4117057,-0.0046862269,0.44192593,0.28066667,0.047407407,0.18,0.29,0.29,0.90259259,0.38066667,2,0
2023-03-01,2.4440529,0.013412581,0.44192593,0.28066667,0.047407407,0.32,0.15,0.29,1.2525926,0.48066667,5,0
2023-03-02,2.4411679,-0.0011804054,0.38592593,0.19666667,0.047407407,0.18,0.29,0.15,0.76259259,0.29666667,2,0.00021
2023-03-03,2.4064385,-0.014226567,0.44192593,0.28066667,0.047407407,0.34,0.13,0.29,1.1825926,0.40066667,5,0.00021
2023-03-04,2.4102291,0.0015752163,0.37792593,0.18466667,0.047407407,0.26,0.21,0.13,0.82259259,0.20466667,3,0.00024
2023-03-05,2.4104355,8.562127e-05,0.40992593,0.23266667,0.047407407,0.26,0.21,0.21,0.90259259,0.25266667,3,0.00012
2023-03-06,2.4035688,-0.0028487191,0.40992593,0.23266667,0.047407407,0.32,0.15,0.21,1.0525926,0.40266667,4,0
2023-03-07,2.3829629,-0.0085730491,0.38592593,0.19666667,0.047407407,0.18,0.29,0.15,0.76259259,0.29666667,2,9e-05
2023-03-08,2.358655,-0.01020073,0.44192593,0.28066667,0.047407407,0.32,0.15,0.29,1.2525926,0.48066667,5,0.00021
2023-03-09,2.3247644,-0.014368573,0.38592593,0.19666667,0.047407407,0.18,0.29,0.15,0.76259259,0.29666667,2,0.00021
2023-03-10,2.3564638,0.013635524,0.55792593,0.16466667,0.047407407,0.16,0.31,0.29,1.0025926,0.26466667,3,0.000306
2023-03-11,2.3835041,0.011474951,0.57392593,0.16866667,0.047407407,0.08,0.39,0.31,0.82259259,0.16866667,1,3e-05
2023-03-12,2.4516724,0.028600013,0.48192593,0.34066667,0.047407407,0.08,0.39,0.39,0.90259259,0.34066667,1,0.000396
2023-03-13,2.5714534,0.048856868,0.48192593,0.34066667,0.047407407,0.14,0.33,0.39,1.0525926,0.49066667,2,0
2023-03-14,2.5871033,0.0060860226,0.282,0.378,0.15,0.08,0.39,0.33,0.74,0.378,1,0.00035588889
2023-03-15,2.5782214,-0.0034331717,0.306,0.414,0.15,0.08,0.39,0.39,0.8,0.414,1,9e-05
2023-03-16,2.6031073,0.0096523656,0.306,0.414,0.15,0.08,0.39,0.39,0.8,0.414,1,0
2023-03-17,2.7282132,0.048060202,0.306,0.414,0.15,0.08,0.39,0.39,0.8,0.414,1,0
2023-03-18,2.708208,-0.0073327097,0.306,0.414,0.15,0.16,0.31,0.39,0.88,0.494,2,0
2023-03-19,2.7482423,0.014782586,0.274,0.366,0.15,0.16,0.31,0.31,0.8,0.446,2,0.00012
2023-03-20,2.7420725,-0.0022450095,0.274,0.366,0.15,0.16,0.31,0.31,0.8,0.446,2,0
2023-03-21,2.7417534,-0.00011636775,0.274,0.366,0.15,0.16,0.31,0.31,0.8,0.446,2,0
2023-03-22,2.7225026,-0.0070213486,0.274,0.366,0.15,0.08,0.39,0.31,0.72,0.366,1,0
2023-03-23,2.7726137,0.018406281,0.306,0.414,0.15,0.08,0.39,0.39,0.8,0.414,1,0.00012
2023-03-24,2.7364807,-0.013032106,0.306,0.414,0.15,0.08,0.39,0.39,0.8,0.414,1,0
2023-03-25,2.7419361,0.0019935808,0.306,0.414,0.15,0.08,0.39,0.39,0.8,0.414,1,0
2023-03-26,2.7590805,0.0062526646,0.306,0.414,0.15,0.08,0.39,0.39,0.8,0.414,1,0
2023-03-27,2.7208813,-0.013844911,0.306,0.414,0.15,0.08,0.39,0.39,0.8,0.414,1,0
2023-03-28,2.7286987,0.0028731189,0.306,0.414,0.15,0.08,0.39,0.39,0.8,0.414,1,0
2023-03-29,2.7725988,0.016088273,0.306,0.414,0.15,0.08,0.39,0.39,0.8,0.414,1,0
2023-03-30,2.760143,-0.0044924427,0.306,0.414,0.15,0.08,0.39,0.39,0.8,0.414,1,0
2023-03-31,2.7750463,0.0053994428,0.306,0.414,0.15,0.08,0.39,0.39,0.8,0.414,1,0
2023-04-01,2.7746462,-0.00014418028,0.306,0.414,0.15,0.08,0.39,0.39,0.8,0.414,1,0
2023-04-02,2.7616694,-0.0046768868,0.306,0.414,0.15,0.08,0.39,0.39,0.8,0.414,1,0
2023-04-03,2.7572466,-0.0016015259,0.306,0.36702128,0.15,0.13319149,0.33,0.39,0.886,0.5,2,7.0468085e-05
2023-04-04,2.7861065,0.010466951,0.282,0.378,0.15,0.08,0.39,0.33,0.74,0.378,1,5.2468085e-05
2023-04-05,2.7949932,0.0031896401,0.306,0.40272374,0.15,0.21891051,0.25,0.39,1.136,0.5,4,7.3085603e-05
2023-04-06,2.785226,-0.0034945426,0.25,0.33,0.15,0.08,0.39,0.25,0.66,0.33,1,0.0001930856
2023-04-07,2.7758057,-0.0033822362,0.306,0.40272374,0.15,0.15891051,0.31,0.39,0.986,0.5,3,0.0001930856
2023-04-08,2.7759876,6.5551916e-05,0.274,0.366,0.15,0.08,0.39,0.31,0.72,0.366,1,0.0001030856
2023-04-09,2.7919721,0.0057581142,0.306,0.414,0.15,0.08,0.39,0.39,0.8,0.414,1,0.00012
2023-04-10,2.8440228,0.018642975,0.306,0.36702128,0.15,0.13319149,0.33,0.39,0.886,0.5,2,7.0468085e-05
2023-04-11,2.8712168,0.0095618101,0.282,0.378,0.15,0.08,0.39,0.33,0.74,0.378,1,5.2468085e-05
2023-04-12,2.8658633,-0.001864514,0.306,0.40272374,0.15,0.21891051,0.25,0.39,1.136,0.5,4,7.3085603e-05
2023-04-13,2.887145,0.0074259297,0.25,0.33,0.15,0.08,0.39,0.25,0.66,0.33,1,0.0001930856
2023-04-14,2.8770011,-0.0035134884,0.306,0.40272374,0.15,0.15891051,0.31,0.39,0.986,0.5,3,0.0001930856
2023-04-15,2.871235,-0.0020042014,0.274,0.366,0.15,0.08,0.39,0.31,0.72,0.366,1,0.0001030856
2023-04-16,2.8722467,0.00035236794,0.306,0.414,0.15,0.08,0.39,0.39,0.8,0.414,1,0.00012
2023-04-17,2.8354343,-0.012816614,0.306,0.414,0.15,0.08,0.39,0.39,0.8,0.414,1,0
2023-04-18,2.8733875,0.013385329,0.306,0.414,0.15,0.08,0.39,0.39,0.8,0.414,1,0
2023-04-19,2.8075572,-0.022910348,0.306,0.414,0.15,0.08,0.39,0.39,0.8,0.414,1,0
2023-04-20,2.790883,-0.0059390247,0.48192593,0.34066667,0.047407407,0.08,0.39,0.39,0.90259259,0.34066667,1,0.00037388889
2023-04-21,2.7425259,-0.017326829,0.48192593,0.34066667,0.047407407,0.08,0.39,0.39,0.90259259,0.34066667,1,0
2023-04-22,2.7609012,0.0067001577,0.48192593,0.34066667,0.047407407,0.08,0.39,0.39,0.90259259,0.34066667,1,0
2023-04-23,2.7559661,-0.001787512,0.48192593,0.34066667,0.047407407,0.08,0.39,0.39,0.90259259,0.34066667,1,0
2023-04-24,2.7593095,0.0012131515,0.48192593,0.34066667,0.047407407,0.08,0.39,0.39,0.90259259,0.34066667,1,0
2023-04-25,2.7910203,0.011492289,0.48192593,0.34066667,0.047407407,0.08,0.39,0.39,0.90259259,0.34066667,1,0
2023-04-26,2.7848445,-0.0022127328,0.48192593,0.34066667,0.047407407,0.08,0.39,0.39,0.90259259,0.34066667,1,0
2023-04-27,2.8188407,0.012207572,0.48192593,0.34066667,0.047407407,0.08,0.39,0.39,0.90259259,0.34066667,1,0
2023-04-28,2.8119449,-0.0024463196,0.306,0.414,0.15,0.08,0.39,0.39,0.8,0.414,1,0.00037388889
2023-04-29,2.8157878,0.0013666274,0.48192593,0.34066667,0.047407407,0.08,0.39,0.39,0.90259259,0.34066667,1,0.00037388889
2023-04-30,2.8166008,0.00028873476,0.48192593,0.34066667,0.047407407,0.08,0.39,0.39,0.90259259,0.34066667,1,0
2023-05-01,2.7719733,-0.015844465,0.48192593,0.34066667,0.047407407,0.14,0.33,0.39,1.0525926,0.49066667,2,0
2023-05-02,2.8019469,0.010813102,0.45792593,0.30466667,0.047407407,0.08,0.39,0.33,0.84259259,0.30466667,1,9e-05
2023-05-03,2.8298423,0.0099557337,0.48192593,0.34066667,0.047407407,0.22,0.25,0.39,1.2525926,0.44066667,4,9e-05
2023-05-04,2.8275618,-0.00080587514,0.42592593,0.25666667,0.047407407,0.08,0.39,0.25,0.76259259,0.25666667,1,0.00021
2023-05-05,2.8329238,0.0018963146,0.48192593,0.34066667,0.047407407,0.16,0.31,0.39,1.1025926,0.44066667,3,0.00021
2023-05-06,2.8154567,-0.0061657534,0.44992593,0.29266667,0.047407407,0.08,0.39,0.31,0.82259259,0.29266667,1,0.00012
2023-05-07,2.7979066,-0.0062334773,0.48192593,0.34066667,0.047407407,0.08,0.39,0.39,0.90259259,0.34066667,1,0.00012
2023-05-08,2.768292,-0.010584562,0.48192593,0.34066667,0.047407407,0.14,0.33,0.39,1.0525926,0.49066667,2,0
2023-05-09,2.7749835,0.0024172049,0.45792593,0.30466667,0.047407407,0.08,0.39,0.33,0.84259259,0.30466667,1,9e-05
2023-05-10,2.7838468,0.0031940088,0.48192593,0.34066667,0.047407407,0.22,0.25,0.39,1.2525926,0.44066667,4,9e-05
2023-05-11,2.7559662,-0.010015123,0.42592593,0.25666667,0.047407407,0.08,0.39,0.25,0.76259259,0.25666667,1,0.00021
2023-05-12,2.7509375,-0.001824686,0.63792593,0.18466667,0.047407407,0.16,0.31,0.39,1.1025926,0.28466667,3,0.000426
2023-05-13,2.7464014,-0.0016489052,0.57392593,0.16866667,0.047407407,0.08,0.39,0.31,0.82259259,0.16866667,1,0.00012
2023-05-14,2.7479327,0.00055757281,0.63792593,0.18466667,0.047407407,0.08,0.39,0.39,0.90259259,0.18466667,1,0.00012
2023-05-15,2.7516939,0.0013687046,0.63792593,0.18466667,0.047407407,0.08,0.39,0.39,0.90259259,0.18466667,1,0
2023-05-16,2.7302003,-0.007811017,0.63792593,0.18466667,0.047407407,0.08,0.39,0.39,0.90259259,0.18466667,1,0
2023-05-17,2.7371914,0.0025606413,0.63792593,0.18466667,0.047407407,0.08,0.39,0.39,0.90259259,0.18466667,1,0
2023-05-18,2.7055255,-0.011568741,0.48192593,0.34066667,0.047407407,0.08,0.39,0.39,0.90259259,0.34066667,1,0.000468
2023-05-19,2.721094,0.0057543384,0.63792593,0.18466667,0.047407407,0.08,0.39,0.39,0.90259259,0.18466667,1,0.000468
2023-05-20,2.7248848,0.0013930997,0.48192593,0.34066667,0.047407407,0.08,0.39,0.39,0.90259259,0.34066667,1,0.000468
2023-05-21,2.7101536,-0.0054061628,0.48192593,0.34066667,0.047407407,0.08,0.39,0.39,0.90259259,0.34066667,1,0
2023-05-22,2.7077783,-0.00087646279,0.48192593,0.34066667,0.047407407,0.08,0.39,0.39,0.90259259,0.34066667,1,0
2023-05-23,2.7238763,0.0059450971,0.48192593,0.34066667,0.047407407,0.08,0.39,0.39,0.90259259,0.34066667,1,0
2023-05-24,2.6843067,-0.014526928,0.48192593,0.34066667,0.047407407,0.08,0.39,0.39,0.90259259,0.34066667,1,0
2023-05-25,2.6848102,0.00018757726,0.48192593,0.34066667,0.047407407,0.08,0.39,0.39,0.90259259,0.34066667,1,0
2023-05-26,2.691579,0.0025211304,0.48192593,0.34066667,0.047407407,0.08,0.39,0.39,0.90259259,0.34066667,1,0
2023-05-27,2.6980584,0.0024072985,0.48192593,0.34066667,0.047407407,0.08,0.39,0.39,0.90259259,0.34066667,1,0
2023-05-28,2.7382524,0.014897363,0.48192593,0.34066667,0.047407407,0.08,0.39,0.39,0.90259259,0.34066667,1,0
2023-05-29,2.7241888,-0.0051359797,0.48192593,0.34066667,0.047407407,0.14,0.33,0.39,0.96259259,0.34066667,2,0
2023-05-30,2.7291377,0.0018166712,0.45792593,0.30466667,0.047407407,0.14,0.33,0.33,0.90259259,0.30466667,2,9e-05
2023-05-31,2.7140378,-0.005532856,0.45792593,0.30466667,0.047407407,0.14,0.33,0.33,0.90259259,0.30466667,2,0
2023-06-01,2.709664,-0.0016115363,0.45792593,0.30466667,0.047407407,0.14,0.33,0.33,0.90259259,0.30466667,2,0
2023-06-02,2.7055282,-0.0015263288,0.45792593,0.30466667,0.047407407,0.16,0.31,0.33,1.0425926,0.40466667,3,0
2023-06-03,2.6942484,-0.0041691615,0.44992593,0.29266667,0.047407407,0.08,0.39,0.31,0.82259259,0.29266667,1,3e-05
2023-06-04,2.6955521,0.00048386039,0.48192593,0.34066667,0.047407407,0.08,0.39,0.39,0.90259259,0.34066667,1,0.00012
2023-06-05,2.6147011,-0.029994209,0.48192593,0.34066667,0.047407407,0.14,0.33,0.39,1.0525926,0.49066667,2,0
2023-06-06,2.6517338,0.014163274,0.58992593,0.17266667,0.047407407,0.14,0.33,0.33,0.90259259,0.17266667,2,0.000414
2023-06-07,2.6040868,-0.017968264,0.45792593,0.30466667,0.047407407,0.28,0.19,0.33,1.2525926,0.40466667,5,0.000396
2023-06-08,2.6049162,0.0003185109,0.40192593,0.22066667,0.047407407,0.14,0.33,0.19,0.76259259,0.22066667,2,0.00021
2023-06-09,2.6024822,-0.00093437684,0.45792593,0.30466667,0.047407407,0.22,0.25,0.33,1.1025926,0.40466667,4,0.00021
2023-06-10,2.5884689,-0.0053846067,0.42592593,0.25666667,0.047407407,0.08,0.39,0.25,0.76259259,0.25666667,1,0.00012
2023-06-11,2.5895455,0.00041590749,0.48192593,0.34066667,0.047407407,0.08,0.39,0.39,0.90259259,0.34066667,1,0.00021
2023-06-12,2.5972525,0.002976229,0.48192593,0.34066667,0.047407407,0.14,0.33,0.39,1.0525926,0.49066667,2,0
2023-06-13,2.5887282,-0.0032820551,0.45792593,0.30466667,0.047407407,0.08,0.39,0.33,0.84259259,0.30466667,1,9e-05
2023-06-14,2.5583473,-0.011735833,0.48192593,0.34066667,0.047407407,0.22,0.25,0.39,1.2525926,0.44066667,4,9e-05
2023-06-15,2.5777135,0.0075697883,0.42592593,0.25666667,0.047407407,0.14,0.33,0.25,0.82259259,0.25666667,2,0.00021
2023-06-16,2.6072141,0.011444508,0.45792593,0.30466667,0.047407407,0.14,0.33,0.33,0.90259259,0.30466667,2,0.00012
2023-06-17,2.6022001,-0.001923135,0.45792593,0.30466667,0.047407407,0.14,0.33,0.33,0.90259259,0.30466667,2,0
2023-06-18,2.5962581,-0.0022834436,0.45792593,0.30466667,0.047407407,0.14,0.33,0.33,0.90259259,0.30466667,2,0
2023-06-19,2.6102205,0.0053778848,0.45792593,0.30466667,0.047407407,0.08,0.39,0.33,0.84259259,0.30466667,1,0
2023-06-20,2.6571785,0.017990036,0.48192593,0.34066667,0.047407407,0.08,0.39,0.39,0.90259259,0.34066667,1,9e-05
2023-06-21,2.7217842,0.024313654,0.306,0.414,0.15,0.08,0.39,0.39,0.8,0.414,1,0.00037388889
2023-06-22,2.7108727,-0.0040089637,0.306,0.414,0.15,0.08,0.39,0.39,0.8,0.414,1,0
2023-06-23,2.74116,0.011172545,0.306,0.414,0.15,0.08,0.39,0.39,0.8,0.414,1,0
2023-06-24,2.7353146,-0.0021324596,0.306,0.414,0.15,0.08,0.39,0.39,0.8,0.414,1,0
2023-06-25,2.7317065,-0.0013190769,0.306,0.414,0.15,0.08,0.39,0.39,0.8,0.414,1,0
2023-06-26,2.7250286,-0.0024445766,0.306,0.414,0.15,0.08,0.39,0.39,0.8,0.414,1,0
2023-06-27,2.7400841,0.0055248961,0.306,0.414,0.15,0.08,0.39,0.39,0.8,0.414,1,0
2023-06-28,2.7117252,-0.01034966,0.306,0.414,0.15,0.08,0.39,0.39,0.8,0.414,1,0
2023-06-29,2.7265102,0.0054522581,0.306,0.414,0.15,0.08,0.39,0.39,0.8,0.414,1,0
2023-06-30,2.7315024,0.0018309883,0.306,0.414,0.15,0.08,0.39,0.39,0.8,0.414,1,0
2023-07-01,2.7327636,0.00046172848,0.306,0.414,0.15,0.08,0.39,0.39,0.8,0.414,1,0
2023-07-02,2.7349082,0.00078475825,0.306,0.414,0.15,0.08,0.39,0.39,0.8,0.414,1,0
2023-07-03,2.7558384,0.0076529932,0.306,0.36702128,0.15,0.13319149,0.33,0.39,0.886,0.5,2,7.0468085e-05
2023-07-04,2.7431857,-0.0045912554,0.282,0.378,0.15,0.08,0.39,0.33,0.74,0.378,1,5.2468085e-05
2023-07-05,2.7145942,-0.010422717,0.306,0.40272374,0.15,0.21891051,0.25,0.39,1.136,0.5,4,7.3085603e-05
2023-07-06,2.6955441,-0.0070176608,0.25,0.33,0.15,0.08,0.39,0.25,0.66,0.33,1,0.0001930856
2023-07-07,2.7206427,0.0093111418,0.306,0.40272374,0.15,0.15891051,0.31,0.39,0.986,0.5,3,0.0001930856
2023-07-08,2.7180619,-0.00094862477,0.274,0.366,0.15,0.08,0.39,0.31,0.72,0.366,1,0.0001030856
2023-07-09,2.7136536,-0.0016218418,0.306,0.414,0.15,0.08,0.39,0.39,0.8,0.414,1,0.00012
2023-07-10,2.7249208,0.004152052,0.306,0.36702128,0.15,0.13319149,0.33,0.39,0.886,0.5,2,7.0468085e-05
2023-07-11,2.7368327,0.0043714468,0.282,0.378,0.15,0.08,0.39,0.33,0.74,0.378,1,5.2468085e-05
2023-07-12,2.7385786,0.000637931,0.306,0.40272374,0.15,0.21891051,0.25,0.39,1.136,0.5,4,7.3085603e-05
2023-07-13,2.7679506,0.010725282,0.25,0.33,0.15,0.08,0.39,0.25,0.66,0.33,1,0.0001930856
2023-07-14,2.7174327,-0.018251002,0.306,0.40272374,0.15,0.15891051,0.31,0.39,0.986,0.5,3,0.0001930856
2023-07-15,2.7145235,-0.0010705774,0.274,0.366,0.15,0.08,0.39,0.31,0.72,0.366,1,0.0001030856
2023-07-16,2.7138687,-0.00024124054,0.306,0.414,0.15,0.08,0.39,0.39,0.8,0.414,1,0.00012
2023-07-17,2.7074337,-0.0023711385,0.306,0.414,0.15,0.08,0.39,0.39,0.8,0.414,1,0
2023-07-18,2.706217,-0.00044937467,0.306,0.414,0.15,0.08,0.39,0.39,0.8,0.414,1,0
2023-07-19,2.7081902,0.00072913406,0.306,0.414,0.15,0.08,0.39,0.39,0.8,0.414,1,0
2023-07-20,2.7020426,-0.0022700162,0.306,0.414,0.15,0.08,0.39,0.39,0.8,0.414,1,0
2023-07-21,2.7016462,-0.00014672083,0.306,0.414,0.15,0.08,0.39,0.39,0.8,0.414,1,0
2023-07-22,2.6993718,-0.00084183789,0.48192593,0.34066667,0.047407407,0.08,0.39,0.39,0.90259259,0.34066667,1,0.00037388889
2023-07-23,2.7124276,0.0048365887,0.48192593,0.34066667,0.047407407,0.08,0.39,0.39,0.90259259,0.34066667,1,0
2023-07-24,2.6866567,-0.0095010364,0.48192593,0.34066667,0.047407407,0.08,0.39,0.39,0.90259259,0.34066667,1,0
2023-07-25,2.6943856,0.0028767599,0.48192593,0.34066667,0.047407407,0.08,0.39,0.39,0.90259259,0.34066667,1,0
2023-07-26,2.7049942,0.0039373022,0.48192593,0.34066667,0.047407407,0.08,0.39,0.39,0.90259259,0.34066667,1,0
2023-07-27,2.6923054,-0.0046908511,0.48192593,0.34066667,0.047407407,0.08,0.39,0.39,0.90259259,0.34066667,1,0
2023-07-28,2.7005771,0.0030723463,0.48192593,0.34066667,0.047407407,0.08,0.39,0.39,0.90259259,0.34066667,1,0
2023-07-29,2.6998531,-0.00026811229,0.48192593,0.34066667,0.047407407,0.08,0.39,0.39,0.90259259,0.34066667,1,0
2023-07-30,2.697656,-0.00081376957,0.48192593,0.34066667,0.047407407,0.08,0.39,0.39,0.90259259,0.34066667,1,0
2023-07-31,2.7008501,0.0011840054,0.48192593,0.34066667,0.047407407,0.08,0.39,0.39,0.90259259,0.34066667,1,0
2023-08-01,2.7118282,0.0040647054,0.48192593,0.34066667,0.047407407,0.08,0.39,0.39,0.90259259,0.34066667,1,0
2023-08-02,2.6759898,-0.013215576,0.48192593,0.34066667,0.047407407,0.22,0.25,0.39,1.2525926,0.44066667,4,0
2023-08-03,2.6786399,0.0009903019,0.42592593,0.25666667,0.047407407,0.08,0.39,0.25,0.76259259,0.25666667,1,0.00021
2023-08-04,2.6835229,0.0018229576,0.48192593,0.34066667,0.047407407,0.16,0.31,0.39,1.1025926,0.44066667,3,0.00021
2023-08-05,2.6815165,-0.00074769843,0.44992593,0.29266667,0.047407407,0.08,0.39,0.31,0.82259259,0.29266667,1,0.00012
2023-08-06,2.6804546,-0.0003959825,0.48192593,0.34066667,0.047407407,0.08,0.39,0.39,0.90259259,0.34066667,1,0.00012
2023-08-07,2.6837518,0.0012300726,0.48192593,0.34066667,0.047407407,0.14,0.33,0.39,1.0525926,0.49066667,2,0
2023-08-08,2.6903846,0.0024714739,0.45792593,0.30466667,0.047407407,0.08,0.39,0.33,0.84259259,0.30466667,1,9e-05
2023-08-09,2.6763114,-0.0052309376,0.48192593,0.34066667,0.047407407,0.22,0.25,0.39,1.2525926,0.44066667,4,9e-05
2023-08-10,2.6711113,-0.0019430074,0.42592593,0.25666667,0.047407407,0.08,0.39,0.25,0.76259259,0.25666667,1,0.00021
2023-08-11,2.6655902,-0.0020669489,0.48192593,0.34066667,0.047407407,0.16,0.31,0.39,1.1025926,0.44066667,3,0.00021
2023-08-12,2.661689,-0.0014635648,0.44992593,0.29266667,0.047407407,0.08,0.39,0.31,0.82259259,0.29266667,1,0.00012
2023-08-13,2.658891,-0.0010511935,0.48192593,0.34066667,0.047407407,0.08,0.39,0.39,0.90259259,0.34066667,1,0.00012
2023-08-14,2.6601471,0.00047239259,0.48192593,0.34066667,0.047407407,0.14,0.33,0.39,1.0525926,0.49066667,2,0
2023-08-15,2.6517047,-0.0031736545,0.45792593,0.30466667,0.047407407,0.08,0.39,0.33,0.84259259,0.30466667,1,9e-05
2023-08-16,2.6339062,-0.0067120931,0.48192593,0.34066667,0.047407407,0.14,0.33,0.39,0.96259259,0.34066667,2,9e-05
2023-08-17,2.5625598,-0.02708767,0.45792593,0.30466667,0.047407407,0.14,0.33,0.33,0.90259259,0.30466667,2,9e-05
2023-08-18,2.5620729,-0.00019002477,0.58992593,0.17266667,0.047407407,0.22,0.25,0.33,0.98259259,0.092666667,3,0.000396
2023-08-19,2.5702437,0.0031891507,0.52592593,0.15666667,0.047407407,0.22,0.25,0.25,0.90259259,0.076666667,3,0.00012
2023-08-20,2.5774088,0.00278773,0.52592593,0.15666667,0.047407407,0.22,0.25,0.25,0.90259259,0.076666667,3,0
2023-08-21,2.5781736,0.00029670459,0.52592593,0.15666667,0.047407407,0.16,0.31,0.25,0.84259259,0.076666667,2,0
2023-08-22,2.5845617,0.0024777836,0.57392593,0.16866667,0.047407407,0.1,0.37,0.31,0.84259259,0.068666667,1,9e-05
2023-08-23,2.6058866,0.0082508723,0.62192593,0.18066667,0.047407407,0.18,0.29,0.37,0.98259259,0.080666667,2,9e-05
2023-08-24,2.599712,-0.0023695024,0.44192593,0.28066667,0.047407407,0.18,0.29,0.29,0.90259259,0.18066667,2,0.00042
2023-08-25,2.5935065,-0.0023869886,0.55792593,0.16466667,0.047407407,0.18,0.29,0.29,0.90259259,0.064666667,2,0.000348
2023-08-26,2.5940292,0.00020156852,0.55792593,0.16466667,0.047407407,0.18,0.29,0.29,0.90259259,0.064666667,2,0
2023-08-27,2.5873852,-0.0025612758,0.55792593,0.16466667,0.047407407,0.18,0.29,0.29,0.90259259,-0.26466667,2,0
2023-08-28,2.5914991,0.0015899884,0.55792593,0.16466667,0.047407407,0.18,0.29,0.29,0.90259259,-0.26466667,2,0
2023-08-29,2.5556531,-0.013832149,0.55792593,0.16466667,0.047407407,0.18,0.29,0.29,0.90259259,-0.26466667,2,0
2023-08-30,2.5753246,0.0076972575,0.44192593,0.28066667,0.047407407,0.18,0.29,0.29,0.90259259,-0.38066667,2,0.000348
2023-08-31,2.6212248,0.017823046,0.44192593,0.28066667,0.047407407,0.18,0.29,0.29,0.90259259,-0.38066667,2,0
2023-09-01,2.6204993,-0.00027676546,0.55792593,0.16466667,0.047407407,0.26,0.21,0.29,1.1025926,-0.16466667,4,0.000348
2023-09-02,2.6165555,-0.0015049976,0.49392593,0.14866667,0.047407407,0.18,0.29,0.21,0.82259259,-0.24866667,2,0.00012
2023-09-03,2.6158374,-0.00027441726,0.55792593,0.16466667,0.047407407,0.18,0.29,0.29,0.90259259,-0.26466667,2,0.00012
2023-09-04,2.6210154,0.0019794653,0.55792593,0.16466667,0.047407407,0.24,0.23,0.29,1.0525926,-0.11466667,3,0
2023-09-05,2.6161054,-0.0018733274,0.50992593,0.15266667,0.047407407,0.18,0.29,0.23,0.84259259,-0.25266667,2,9e-05
2023-09-06,2.6038447,-0.0046866331,0.55792593,0.16466667,0.047407407,0.32,0.15,0.29,1.2525926,-0.16466667,5,9e-05
2023-09-07,2.5976166,-0.00239186,0.44592593,0.13666667,0.047407407,0.18,0.29,0.15,0.76259259,-0.23666667,2,0.00021
2023-09-08,2.5954956,-0.00081651267,0.55792593,0.16466667,0.047407407,0.26,0.21,0.29,1.1025926,-0.16466667,4,0.00021
2023-09-09,2.5920425,-0.0013304509,0.49392593,0.14866667,0.047407407,0.18,0.29,0.21,0.82259259,-0.24866667,2,0.00012
2023-09-10,2.5933461,0.00050294863,0.55792593,0.16466667,0.047407407,0.18,0.29,0.29,0.90259259,-0.26466667,2,0.00012
2023-09-11,2.6045804,0.0043319567,0.55792593,0.16466667,0.047407407,0.24,0.23,0.29,1.0525926,-0.11466667,3,0
2023-09-12,2.5789709,-0.0098324757,0.50992593,0.15266667,0.047407407,0.18,0.29,0.23,0.84259259,-0.25266667,2,9e-05
2023-09-13,2.5685844,-0.0040273908,0.55792593,0.16466667,0.047407407,0.32,0.15,0.29,1.2525926,-0.16466667,5,9e-05
2023-09-14,2.5641166,-0.0017394078,0.44592593,0.13666667,0.047407407,0.18,0.29,0.15,0.76259259,-0.23666667,2,0.00021
2023-09-15,2.5702981,0.002410778,0.44192593,0.28066667,0.047407407,0.18,0.29,0.29,0.90259259,-0.38066667,2,0.000222
2023-09-16,2.5691408,-0.00045023995,0.44192593,0.28066667,0.047407407,0.18,0.29,0.29,0.90259259,-0.38066667,2,0
2023-09-17,2.5718199,0.0010427745,0.44192593,0.28066667,0.047407407,0.08,0.39,0.29,0.80259259,-0.28066667,1,0
2023-09-18,2.5714633,-0.00013864753,0.48192593,0.34066667,0.047407407,0.08,0.39,0.39,0.90259259,-0.34066667,1,0.00015
2023-09-19,2.5568179,-0.0056953341,0.48192593,0.34066667,0.047407407,0.08,0.39,0.39,0.90259259,-0.34066667,1,0
2023-09-20,2.5586994,0.00073585437,0.48192593,0.34066667,0.047407407,0.08,0.39,0.39,0.90259259,-0.34066667,1,0
2023-09-21,2.5701869,0.0044896006,0.48192593,0.34066667,0.047407407,0,0.47,0.39,0.82259259,-0.34066667,0,0
2023-09-22,2.5708321,0.00025100445,0.51392593,0.38866667,0.047407407,0.06,0.41,0.47,0.96259259,-0.38866667,1,0.00012
2023-09-23,2.5714328,0.00023366871,0.48992593,0.35266667,0.047407407,0.06,0.41,0.41,0.90259259,-0.35266667,1,9e-05
2023-09-24,2.5817902,0.0040278721,0.48992593,0.35266667,0.047407407,0.14,0.33,0.41,0.98259259,-0.35266667,2,0
2023-09-25,2.5773613,-0.0017154358,0.45792593,0.30466667,0.047407407,0.14,0.33,0.33,0.90259259,-0.30466667,2,0.00012
2023-09-26,2.5742904,-0.0011914906,0.45792593,0.30466667,0.047407407,0.08,0.39,0.33,0.84259259,-0.30466667,1,0
2023-09-27,2.5572835,-0.0066064252,0.48192593,0.34066667,0.047407407,0.08,0.39,0.39,0.90259259,-0.34066667,1,9e-05
2023-09-28,2.5293147,-0.010936938,0.48192593,0.34066667,0.047407407,0.08,0.39,0.39,0.90259259,-0.34066667,1,0
2023-09-29,2.5284042,-0.00035997637,0.48192593,0.34066667,0.047407407,0.08,0.39,0.39,0.90259259,-0.34066667,1,0
2023-09-30,2.5293344,0.00036790139,0.48192593,0.34066667,0.047407407,0.14,0.33,0.39,0.96259259,-0.34066667,2,0
2023-10-01,2.4979192,-0.012420325,0.45792593,0.30466667,0.047407407,0.14,0.33,0.33,0.90259259,-0.30466667,2,9e-05
2023-10-02,2.5049765,0.0028252445,0.282,0.378,0.15,0.2,0.27,0.33,0.95,-0.228,3,0.00037388889
2023-10-03,2.5023918,-0.0010318068,0.258,0.342,0.15,0.14,0.33,0.27,0.74,-0.342,2,9e-05
2023-10-04,2.489495,-0.0051537815,0.282,0.378,0.15,0.22,0.25,0.33,1.09,-0.278,4,9e-05
2023-10-05,2.4980713,0.0034449969,0.25,0.33,0.15,0.08,0.39,0.25,0.66,-0.33,1,0.00012
2023-10-06,2.4815509,-0.0066132576,0.306,0.414,0.15,0.22,0.25,0.39,1.06,-0.314,4,0.00021
2023-10-07,2.4849259,0.0013600189,0.25,0.33,0.15,0.14,0.33,0.25,0.72,-0.33,2,0.00021
2023-10-08,2.4885934,0.0014758875,0.282,0.378,0.15,0.24,0.23,0.33,0.9,-0.278,3,0.00012
2023-10-09,2.4915642,0.0011937949,0.242,0.318,0.15,0.3,0.17,0.23,0.95,-0.068,4,0.00015
2023-10-10,2.4932398,0.00067247223,0.218,0.282,0.15,0.18,0.29,0.17,0.68,-0.182,2,9e-05
2023-10-11,2.5113604,0.0072678915,0.266,0.354,0.15,0.32,0.15,0.29,1.15,-0.154,5,0.00018
2023-10-12,2.511912,0.0002196469,0.21,0.27,0.15,0.18,0.29,0.15,0.66,-0.17,2,0.00021
2023-10-13,2.5366293,0.0098400299,0.44192593,0.28066667,0.047407407,0.32,0.15,0.29,1.1625926,-0.080666667,5,0.00036388889
2023-10-14,2.5364455,-7.2456865e-05,0.38592593,0.19666667,0.047407407,0.24,0.23,0.15,0.82259259,-0.096666667,3,0.00021
2023-10-15,2.5270069,-0.0037211823,0.41792593,0.24466667,0.047407407,0.14,0.33,0.23,0.80259259,-0.24466667,2,0.00012
2023-10-16,2.4834726,-0.017227609,0.45792593,0.30466667,0.047407407,0.14,0.33,0.33,0.90259259,-0.30466667,2,0.00015
2023-10-17,2.4900754,0.0026587137,0.282,0.378,0.15,0.08,0.39,0.33,0.74,-0.378,1,0.00037388889
2023-10-18,2.5013777,0.0045389182,0.306,0.414,0.15,0.08,0.39,0.39,0.8,-0.414,1,9e-05
2023-10-19,2.4985554,-0.0011283109,0.306,0.414,0.15,0.18,0.29,0.39,0.9,-0.314,2,0
2023-10-20,2.4781231,-0.0081776338,0.266,0.354,0.15,0.1,0.37,0.29,0.72,-0.254,1,0.00015
2023-10-21,2.4717933,-0.0025542483,0.298,0.402,0.15,0.1,0.37,0.37,0.8,-0.302,1,0.00012
2023-10-22,2.4735777,0.0007218685,0.298,0.40039841,0.15,0.17960159,0.29,0.37,0.878,0.5,2,2.4023904e-06
2023-10-23,2.5800767,0.043054674,0.266,0.33146067,0.15,0.24853933,0.21,0.29,0.846,0.5,3,0.0001514066
2023-10-24,2.615578,0.013759763,0.234,0.306,0.15,0.26,0.21,0.21,0.8,0.486,3,8.6191011e-05
2023-10-25,2.6454915,0.011436676,0.234,0.306,0.15,0.26,0.21,0.21,0.8,0.486,3,0
2023-10-26,2.6423284,-0.0011956559,0.234,0.306,0.15,0.26,0.21,0.21,0.8,0.486,3,0
2023-10-27,2.6408838,-0.00054670912,0.234,0.306,0.15,0.18,0.29,0.21,0.72,0.406,2,0
2023-10-28,2.6470055,0.0023180467,0.266,0.354,0.15,0.18,0.29,0.29,0.8,0.454,2,0.00012
2023-10-29,2.6617363,0.0055650967,0.266,0.354,0.15,0.18,0.29,0.29,0.8,0.454,2,0
2023-10-30,2.657554,-0.0015712741,0.266,0.354,0.15,0.18,0.29,0.29,0.8,0.454,2,0
2023-10-31,2.65986,0.00086770719,0.266,0.354,0.15,0.18,0.29,0.29,0.8,0.454,2,0
2023-11-01,2.6878136,0.010509421,0.266,0.31949458,0.15,0.30635379,0.15,0.29,1.096,0.5,5,5.1758123e-05
2023-11-02,2.6737376,-0.0052369708,0.21,0.27,0.15,0.18,0.29,0.15,0.66,0.37,2,0.00015824188
2023-11-03,2.6691412,-0.0017190753,0.266,0.31949458,0.15,0.24635379,0.21,0.29,0.946,0.5,4,0.00015824188
2023-11-04,2.6782607,0.003416629,0.234,0.306,0.15,0.18,0.29,0.21,0.72,0.406,2,6.8241877e-05
2023-11-05,2.6741328,-0.0015412457,0.266,0.354,0.15,0.18,0.29,0.29,0.8,0.454,2,0.00012
2023-11-06,2.6746837,0.00020600853,0.266,0.29304636,0.15,0.21245033,0.23,0.29,0.846,0.5,3,9.1430464e-05
2023-11-07,2.6828794,0.003064153,0.242,0.318,0.15,0.18,0.29,0.23,0.74,0.418,2,7.3430464e-05
2023-11-08,2.685288,0.00089778863,0.266,0.31949458,0.15,0.30635379,0.15,0.29,1.096,0.5,5,3.8241877e-05
2023-11-09,2.7188111,0.012483955,0.21,0.27,0.15,0.18,0.29,0.15,0.66,0.37,2,0.00015824188
2023-11-10,2.7244558,0.0020761707,0.266,0.31949458,0.15,0.24635379,0.21,0.29,0.946,0.5,4,0.00015824188
2023-11-11,2.7179897,-0.0023733486,0.234,0.306,0.15,0.18,0.29,0.21,0.72,0.406,2,6.8241877e-05
2023-11-12,2.7152864,-0.00099460578,0.266,0.354,0.15,0.18,0.29,0.29,0.8,0.454,2,0.00012
2023-11-13,2.6996722,-0.0057504519,0.266,0.29304636,0.15,0.21245033,0.23,0.29,0.846,0.5,3,9.1430464e-05
2023-11-14,2.6758087,-0.0088394244,0.242,0.318,0.15,0.18,0.29,0.23,0.74,0.418,2,7.3430464e-05
2023-11-15,2.7534092,0.029000773,0.266,0.354,0.15,0.18,0.29,0.29,0.8,0.454,2,9e-05
2023-11-16,2.7055113,-0.017395847,0.266,0.354,0.15,0.18,0.29,0.29,0.8,0.454,2,0
2023-11-17,2.7234892,0.0066449265,0.266,0.354,0.15,0.18,0.29,0.29,0.8,0.454,2,0
2023-11-18,2.7194739,-0.0014743331,0.266,0.354,0.15,0.18,0.29,0.29,0.8,0.454,2,0
2023-11-19,2.7452087,0.0094631483,0.266,0.354,0.15,0.18,0.29,0.29,0.8,0.454,2,0
2023-11-20,2.7497786,0.0016646906,0.266,0.354,0.15,0.18,0.29,0.29,0.8,0.454,2,0
2023-11-21,2.6989485,-0.018485162,0.266,0.354,0.15,0.18,0.29,0.29,0.8,0.454,2,0
2023-11-22,2.7580121,0.021883917,0.266,0.354,0.15,0.18,0.29,0.29,0.8,0.454,2,0
2023-11-23,2.7535655,-0.0016122473,0.266,0.354,0.15,0.18,0.29,0.29,0.8,0.454,2,0
2023-11-24,2.7695812,0.0058163608,0.266,0.354,0.15,0.18,0.29,0.29,0.8,0.454,2,0
2023-11-25,2.7711881,0.00058018528,0.266,0.354,0.15,0.18,0.29,0.29,0.8,0.454,2,0
2023-11-26,2.7605748,-0.0038298756,0.266,0.354,0.15,0.18,0.29,0.29,0.8,0.454,2,0
2023-11-27,2.758646,-0.0006986955,0.266,0.354,0.15,0.18,0.29,0.29,0.8,0.454,2,0
2023-11-28,2.7876871,0.010527323,0.266,0.354,0.15,0.18,0.29,0.29,0.8,0.454,2,0
2023-11-29,2.78973,0.00073281829,0.266,0.354,0.15,0.18,0.29,0.29,0.8,0.454,2,0
2023-11-30,2.7847376,-0.001789555,0.266,0.354,0.15,0.18,0.29,0.29,0.8,0.454,2,0
2023-12-01,2.8237733,0.014017718,0.266,0.31949458,0.15,0.24635379,0.21,0.29,0.946,0.5,4,5.1758123e-05
2023-12-02,2.8442413,0.0072484633,0.234,0.306,0.15,0.26,0.21,0.21,0.8,0.486,3,6.8241877e-05
2023-12-03,2.8783748,0.01200092,0.234,0.306,0.15,0.32,0.15,0.21,0.86,0.486,4,0
2023-12-04,2.910885,0.011294613,0.21,0.225,0.15,0.34,0.09,0.15,0.85,0.5,5,0.0001575
2023-12-05,2.9617935,0.017489016,0.186,0.234,0.15,0.32,0.15,0.09,0.74,0.414,4,4.95e-05
2023-12-06,2.9529044,-0.0030012457,0.21,0.27,0.15,0.46,0.01,0.15,0.94,0.49,7,9e-05
2023-12-07,2.9454488,-0.0025248461,0.154,0.186,0.15,0.18,0.29,0.01,0.52,0.286,2,0.00021
2023-12-08,2.964956,0.0066228272,0.266,0.354,0.15,0.26,0.21,0.29,0.88,0.494,4,0.00042
2023-12-09,2.9502452,-0.0049615507,0.234,0.306,0.15,0.18,0.29,0.21,0.72,0.406,2,0.00012
2023-12-10,2.9496683,-0.00019555139,0.266,0.354,0.15,0.18,0.29,0.29,0.8,0.454,2,0.00012
2023-12-11,2.8632781,-0.029288084,0.266,0.34435798,0.15,0.23564202,0.23,0.29,0.846,0.5,3,1.4463035e-05
2023-12-12,2.8680009,0.0016494113,0.242,0.318,0.15,0.18,0.29,0.23,0.74,0.418,2,7.5536965e-05
2023-12-13,2.9376799,0.02429532,0.266,0.354,0.15,0.32,0.15,0.29,0.94,0.494,5,9e-05
2023-12-14,2.9429075,0.0017795112,0.21,0.27,0.15,0.18,0.29,0.15,0.66,0.37,2,0.00021
2023-12-15,2.9033741,-0.013433442,0.266,0.354,0.15,0.18,0.29,0.29,0.8,0.454,2,0.00021
2023-12-16,2.9110214,0.002633929,0.266,0.354,0.15,0.18,0.29,0.29,0.8,0.454,2,0
2023-12-17,2.8844522,-0.0091271183,0.266,0.354,0.15,0.18,0.29,0.29,0.8,0.454,2,0
2023-12-18,2.9298081,0.015724289,0.266,0.354,0.15,0.18,0.29,0.29,0.8,0.454,2,0
2023-12-19,2.921509,-0.0028326506,0.266,0.354,0.15,0.18,0.29,0.29,0.8,0.454,2,0
2023-12-20,2.9622845,0.013957009,0.266,0.354,0.15,0.18,0.29,0.29,0.8,0.454,2,0
2023-12-21,2.9755246,0.0044695608,0.266,0.354,0.15,0.18,0.29,0.29,0.8,0.454,2,0
2023-12-22,2.9782833,0.00092711924,0.266,0.354,0.15,0.18,0.29,0.29,0.8,0.454,2,0
2023-12-23,2.9694424,-0.0029684636,0.266,0.354,0.15,0.18,0.29,0.29,0.8,0.454,2,0
2023-12-24,2.9488583,-0.0069319601,0.266,0.354,0.15,0.18,0.29,0.29,0.8,0.454,2,0
2023-12-25,2.9680223,0.0064987884,0.266,0.354,0.15,0.18,0.29,0.29,0.8,0.454,2,0
2023-12-26,2.9372439,-0.010370021,0.266,0.354,0.15,0.18,0.29,0.29,0.8,0.454,2,0
2023-12-27,2.9729038,0.012140599,0.266,0.354,0.15,0.18,0.29,0.29,0.8,0.454,2,0
2023-12-28,2.9439962,-0.0097236663,0.266,0.354,0.15,0.18,0.29,0.29,0.8,0.454,2,0
2023-12-29,2.9242116,-0.0067203354,0.266,0.354,0.15,0.18,0.29,0.29,0.8,0.454,2,0
2023-12-30,2.9245483,0.00011512802,0.266,0.354,0.15,0.18,0.29,0.29,0.8,0.454,2,0
2023-12-31,2.9289527,0.0015060076,0.266,0.354,0.15,0.18,0.29,0.29,0.8,0.454,2,0
2024-01-01,2.9831435,0.018501788,0.266,0.29304636,0.15,0.21245033,0.23,0.29,0.846,0.5,3,9.1430464e-05
2024-01-02,3.0071361,0.0080427284,0.242,0.318,0.15,0.18,0.29,0.23,0.74,0.418,2,7.3430464e-05
2024-01-03,2.8756244,-0.043733219,0.266,0.31949458,0.15,0.30635379,0.15,0.29,1.096,0.5,5,3.8241877e-05
2024-01-04,2.9023126,0.0092808256,0.38592593,0.19666667,0.047407407,0.18,0.29,0.15,0.76259259,0.29666667,2,0.00036413077
2024-01-05,2.9039826,0.00057542081,0.44192593,0.28066667,0.047407407,0.26,0.21,0.29,1.1025926,0.48066667,4,0.00021
2024-01-06,2.8986558,-0.0018343103,0.40992593,0.23266667,0.047407407,0.08,0.39,0.21,0.72259259,0.23266667,1,0.00012
2024-01-07,2.8963822,-0.00078435174,0.48192593,0.34066667,0.047407407,0.08,0.39,0.39,0.90259259,0.34066667,1,0.00027
2024-01-08,2.9781242,0.028222078,0.48192593,0.34066667,0.047407407,0.14,0.33,0.39,1.0525926,0.49066667,2,0
2024-01-09,2.9581381,-0.0067109661,0.282,0.378,0.15,0.16,0.31,0.33,0.82,0.458,2,0.00035588889
2024-01-10,2.976483,0.0062014961,0.274,0.366,0.15,0.3,0.17,0.31,0.94,0.486,5,3e-05
2024-01-11,2.9719562,-0.0015208483,0.218,0.282,0.15,0.16,0.31,0.17,0.66,0.362,2,0.00021
2024-01-12,2.9066773,-0.021964938,0.274,0.33516484,0.15,0.22989011,0.23,0.31,0.954,0.5,4,0.00016374725
2024-01-13,2.9043381,-0.00080477416,0.41792593,0.24466667,0.047407407,0.16,0.31,0.23,0.82259259,0.16466667,2,0.00035163614
2024-01-14,2.8843462,-0.0068834545,0.44992593,0.29266667,0.047407407,0.16,0.31,0.31,0.90259259,0.21266667,2,0.00012
2024-01-15,2.9115501,0.0094315352,0.44992593,0.29266667,0.047407407,0.16,0.31,0.31,0.90259259,0.21266667,2,0
2024-01-16,2.9099694,-0.00054289327,0.44992593,0.29266667,0.047407407,0.16,0.31,0.31,0.90259259,0.21266667,2,0
2024-01-17,2.8944762,-0.0053241855,0.44992593,0.29266667,0.047407407,0.08,0.39,0.31,0.82259259,0.29266667,1,0
2024-01-18,2.8684739,-0.0089833981,0.48192593,0.34066667,0.047407407,0.08,0.39,0.39,0.90259259,0.34066667,1,0.00012
2024-01-19,2.8722825,0.0013277265,0.48192593,0.34066667,0.047407407,0.08,0.39,0.39,0.90259259,0.34066667,1,0
2024-01-20,2.8759903,0.0012909011,0.48192593,0.34066667,0.047407407,0.08,0.39,0.39,0.90259259,0.34066667,1,0
2024-01-21,2.8692263,-0.0023519109,0.48192593,0.34066667,0.047407407,0.08,0.39,0.39,0.90259259,0.34066667,1,0
2024-01-22,2.8171853,-0.018137634,0.48192593,0.34066667,0.047407407,0.08,0.39,0.39,0.90259259,0.34066667,1,0
2024-01-23,2.8306895,0.004793503,0.48192593,0.34066667,0.047407407,0.08,0.39,0.39,0.90259259,0.34066667,1,0
2024-01-24,2.8319035,0.00042887291,0.48192593,0.34066667,0.047407407,0.08,0.39,0.39,0.90259259,0.34066667,1,0
2024-01-25,2.8283258,-0.0012633324,0.48192593,0.34066667,0.047407407,0.08,0.39,0.39,0.90259259,0.34066667,1,0
2024-01-26,2.8705919,0.014943842,0.48192593,0.34066667,0.047407407,0.08,0.39,0.39,0.90259259,0.34066667,1,0
2024-01-27,2.8769246,0.0022060677,0.48192593,0.34066667,0.047407407,0.08,0.39,0.39,0.90259259,0.34066667,1,0
2024-01-28,2.8811577,0.0014713813,0.48192593,0.34066667,0.047407407,0.08,0.39,0.39,0.90259259,0.34066667,1,0
2024-01-29,2.912319,0.010815545,0.48192593,0.34066667,0.047407407,0.08,0.39,0.39,0.90259259,0.34066667,1,0
2024-01-30,2.9082984,-0.0013805343,0.48192593,0.34066667,0.047407407,0.08,0.39,0.39,0.90259259,0.34066667,1,0
2024-01-31,2.9055982,-0.00092845968,0.48192593,0.34066667,0.047407407,0.08,0.39,0.39,0.90259259,0.34066667,1,0
2024-02-01,2.926373,0.0071499344,0.48192593,0.34066667,0.047407407,0.08,0.39,0.39,0.90259259,0.34066667,1,0
2024-02-02,2.9197727,-0.0022554579,0.48192593,0.34066667,0.047407407,0.16,0.31,0.39,0.98259259,0.38066667,3,0
2024-02-03,2.911866,-0.0027079679,0.44992593,0.29266667,0.047407407,0.08,0.39,0.31,0.82259259,0.29266667,1,0.00012
2024-02-04,2.9017191,-0.003484693,0.48192593,0.34066667,0.047407407,0.08,0.39,0.39,0.90259259,0.34066667,1,0.00012
2024-02-05,2.8966154,-0.0017588501,0.48192593,0.34066667,0.047407407,0.14,0.33,0.39,0.96259259,0.40066667,2,0
2024-02-06,2.9097801,0.0045448662,0.45792593,0.30466667,0.047407407,0.08,0.39,0.33,0.84259259,0.30466667,1,9e-05
2024-02-07,2.9427565,0.011332951,0.48192593,0.34066667,0.047407407,0.22,0.25,0.39,1.0425926,0.38066667,4,9e-05
2024-02-08,2.9557059,0.0044004344,0.42592593,0.25666667,0.047407407,0.08,0.39,0.25,0.76259259,0.25666667,1,0.00021
2024-02-09,3.0042999,0.016440746,0.48192593,0.34066667,0.047407407,0.16,0.31,0.39,1.1025926,0.44066667,3,0.00021
2024-02-10,3.0146299,0.0034383916,0.44992593,0.29266667,0.047407407,0.16,0.31,0.31,0.90259259,0.37266667,2,0.00012
2024-02-11,3.0305585,0.005283787,0.44992593,0.29266667,0.047407407,0.16,0.31,0.31,0.90259259,0.37266667,2,0
2024-02-12,3.0742488,0.014416554,0.274,0.30704698,0.15,0.19744966,0.25,0.31,0.854,0.5,3,0.00028545936
2024-02-13,3.0648913,-0.003043834,0.25,0.33,0.15,0.16,0.31,0.25,0.74,0.41,2,7.042953e-05
2024-02-14,3.1628637,0.031966032,0.274,0.366,0.15,0.22,0.25,0.31,1.07,0.466,4,9e-05
2024-02-15,3.1657331,0.00090721653,0.25,0.33,0.15,0.18,0.29,0.25,0.76,0.43,2,9e-05
2024-02-16,3.1741332,0.0026534676,0.266,0.354,0.15,0.18,0.29,0.29,0.8,0.454,2,6e-05
2024-02-17,3.1630916,-0.0034786355,0.266,0.354,0.15,0.18,0.29,0.29,0.8,0.454,2,0
2024-02-18,3.1770347,0.0044080506,0.266,0.354,0.15,0.18,0.29,0.29,0.8,0.454,2,0
2024-02-19,3.1663396,-0.0033663543,0.266,0.354,0.15,0.18,0.29,0.29,0.8,0.454,2,0
2024-02-20,3.1862896,0.0063006445,0.266,0.354,0.15,0.18,0.29,0.29,0.8,0.454,2,0
2024-02-21,3.1742423,-0.003780972,0.266,0.354,0.15,0.18,0.29,0.29,0.8,0.454,2,0
2024-02-22,3.1583726,-0.0049995254,0.266,0.354,0.15,0.18,0.29,0.29,0.8,0.454,2,0
2024-02-23,3.1462304,-0.0038444581,0.266,0.354,0.15,0.18,0.29,0.29,0.8,0.454,2,0
2024-02-24,3.1695542,0.0074132642,0.266,0.354,0.15,0.18,0.29,0.29,0.8,0.454,2,0
2024-02-25,3.1741939,0.0014638139,0.266,0.354,0.15,0.18,0.29,0.29,0.8,0.454,2,0
2024-02-26,3.2497208,0.023794052,0.266,0.354,0.15,0.18,0.29,0.29,0.8,0.454,2,0
2024-02-27,3.3194644,0.021461403,0.266,0.354,0.15,0.18,0.29,0.29,0.8,0.454,2,0
2024-02-28,3.4685004,0.044897614,0.266,0.354,0.15,0.18,0.29,0.29,0.8,0.454,2,0
2024-02-29,3.4253343,-0.012445171,0.266,0.354,0.15,0.18,0.29,0.29,0.8,0.454,2,0
2024-03-01,3.4785379,0.015532371,0.266,0.31949458,0.15,0.24635379,0.21,0.29,0.946,0.5,4,5.1758123e-05
2024-03-02,3.4745358,-0.0011505228,0.234,0.306,0.15,0.18,0.29,0.21,0.72,0.406,2,6.8241877e-05
2024-03-03,3.4995793,0.0072077332,0.266,0.354,0.15,0.18,0.29,0.29,0.8,0.454,2,0.00012
2024-03-04,3.6494061,0.042812807,0.266,0.29304636,0.15,0.21245033,0.23,0.29,0.846,0.5,3,9.1430464e-05
2024-03-05,3.5539043,-0.026169138,0.242,0.318,0.15,0.24,0.23,0.23,0.8,0.418,3,7.3430464e-05
2024-03-06,3.6661156,0.031574086,0.242,0.318,0.15,0.32,0.15,0.23,0.88,0.458,5,0
2024-03-07,3.6913373,0.00687969,0.21,0.27,0.15,0.24,0.23,0.15,0.72,0.37,3,0.00012
2024-03-08,3.7258163,0.0093405251,0.242,0.318,0.15,0.32,0.15,0.23,0.88,0.458,5,0.00012
2024-03-09,3.7303763,0.001223887,0.21,0.27,0.15,0.24,0.23,0.15,0.72,0.37,3,0.00012
2024-03-10,3.748232,0.0047865667,0.242,0.318,0.15,0.24,0.23,0.23,0.8,0.418,3,0.00012
2024-03-11,3.8511872,0.027467658,0.242,0.318,0.15,0.3,0.17,0.23,0.86,0.478,4,0
2024-03-12,3.8275074,-0.006148681,0.218,0.282,0.15,0.24,0.23,0.17,0.74,0.382,3,9e-05
2024-03-13,3.8673421,0.01040746,0.242,0.318,0.15,0.38,0.09,0.23,0.94,0.458,6,9e-05
2024-03-14,3.827344,-0.010342528,0.186,0.234,0.15,0.24,0.23,0.09,0.66,0.334,3,0.00021
2024-03-15,3.771474,-0.014597586,0.242,0.318,0.15,0.24,0.23,0.23,0.8,0.418,3,0.00021
2024-03-16,3.656016,-0.030613494,0.242,0.318,0.15,0.24,0.23,0.23,0.8,0.418,3,0
2024-03-17,3.7302911,0.020315863,0.242,0.318,0.15,0.18,0.29,0.23,0.74,0.418,2,0
2024-03-18,3.7202008,-0.0027049678,0.266,0.354,0.15,0.18,0.29,0.29,0.8,0.454,2,9e-05
2024-03-19,3.5741727,-0.039252738,0.266,0.354,0.15,0.18,0.29,0.29,0.8,0.454,2,0
2024-03-20,3.7526458,0.049934084,0.266,0.354,0.15,0.18,0.29,0.29,0.8,0.454,2,0
2024-03-21,3.6890838,-0.016937902,0.266,0.354,0.15,0.18,0.29,0.29,0.8,0.454,2,0
2024-03-22,3.6348375,-0.014704542,0.266,0.354,0.15,0.18,0.29,0.29,0.8,0.454,2,0
2024-03-23,3.6381899,0.0009222904,0.266,0.354,0.15,0.18,0.29,0.29,0.8,0.454,2,0
2024-03-24,3.7291505,0.025001594,0.266,0.354,0.15,0.18,0.29,0.29,0.8,0.454,2,0
2024-03-25,3.8003498,0.019092654,0.266,0.354,0.15,0.18,0.29,0.29,0.8,0.454,2,0
2024-03-26,3.8004161,1.7434951e-05,0.266,0.354,0.15,0.24,0.23,0.29,0.86,0.454,3,0
2024-03-27,3.785419,-0.0039461777,0.242,0.318,0.15,0.24,0.23,0.23,0.8,0.418,3,9e-05
2024-03-28,3.8324562,0.012425902,0.242,0.318,0.15,0.18,0.29,0.23,0.74,0.418,2,0
2024-03-29,3.8123032,-0.0052585206,0.266,0.354,0.15,0.18,0.29,0.29,0.8,0.454,2,9e-05
2024-03-30,3.8000358,-0.0032178535,0.266,0.354,0.15,0.18,0.29,0.29,0.8,0.454,2,0
2024-03-31,3.8503293,0.013235027,0.266,0.354,0.15,0.18,0.29,0.29,0.8,0.454,2,0
2024-04-01,3.8138449,-0.0094756547,0.266,0.34435798,0.15,0.23564202,0.23,0.29,0.846,0.5,3,1.4463035e-05
2024-04-02,3.7311704,-0.021677489,0.242,0.318,0.15,0.18,0.29,0.23,0.74,0.418,2,7.5536965e-05
2024-04-03,3.7691018,0.010166093,0.44192593,0.28066667,0.047407407,0.32,0.15,0.29,1.0425926,0.42066667,5,0.00035588889
2024-04-04,3.7916088,0.0059714469,0.38592593,0.19666667,0.047407407,0.18,0.29,0.15,0.76259259,0.29666667,2,0.00021
2024-04-05,3.7919545,9.1183125e-05,0.266,0.354,0.15,0.26,0.21,0.29,0.88,0.494,4,0.00041588889
2024-04-06,3.7958244,0.001020552,0.40992593,0.23266667,0.047407407,0.08,0.39,0.21,0.72259259,0.23266667,1,0.00039788889
2024-04-07,3.7933049,-0.00066375835,0.48192593,0.34066667,0.047407407,0.08,0.39,0.39,0.90259259,0.34066667,1,0.00027
2024-04-08,3.8649114,0.01887709,0.48192593,0.34066667,0.047407407,0.14,0.33,0.39,0.96259259,0.40066667,2,0
2024-04-09,3.8200069,-0.011618506,0.45792593,0.30466667,0.047407407,0.2,0.27,0.33,0.96259259,0.30466667,3,9e-05
2024-04-10,3.8288914,0.0023257787,0.43392593,0.26866667,0.047407407,0.28,0.19,0.27,0.98259259,0.30866667,5,9e-05
2024-04-11,3.8433051,0.0037644568,0.40192593,0.22066667,0.047407407,0.2,0.27,0.19,0.82259259,0.22066667,3,0.00012
2024-04-12,3.7692894,-0.019258358,0.43392593,0.26866667,0.047407407,0.28,0.19,0.27,0.98259259,0.30866667,5,0.00012
2024-04-13,3.7943387,0.0066456299,0.40192593,0.22066667,0.047407407,0.14,0.33,0.19,0.76259259,0.22066667,2,0.00012
2024-04-14,3.7582304,-0.0095163495,0.58992593,0.17266667,0.047407407,0.14,0.33,0.33,0.90259259,0.17266667,2,0.000354
2024-04-15,3.7502203,-0.0021313685,0.45792593,0.30466667,0.047407407,0.14,0.33,0.33,0.90259259,0.30466667,2,0.000396
2024-04-16,3.737685,-0.0033425301,0.45792593,0.30466667,0.047407407,0.14,0.33,0.33,0.90259259,0.30466667,2,0
2024-04-17,3.6871456,-0.013521593,0.45792593,0.30466667,0.047407407,0.08,0.39,0.33,0.84259259,0.30466667,1,0
2024-04-18,3.7229087,0.0096994079,0.48192593,0.34066667,0.047407407,0.08,0.39,0.39,0.90259259,0.34066667,1,9e-05
2024-04-19,3.7374343,0.0039016825,0.48192593,0.34066667,0.047407407,0.08,0.39,0.39,0.90259259,0.34066667,1,0
2024-04-20,3.7568808,0.0052031627,0.48192593,0.34066667,0.047407407,0.08,0.39,0.39,0.90259259,0.34066667,1,0
2024-04-21,3.7470914,-0.0026057302,0.48192593,0.34066667,0.047407407,0.08,0.39,0.39,0.90259259,0.34066667,1,0
2024-04-22,3.7422685,-0.0012871036,0.48192593,0.34066667,0.047407407,0.08,0.39,0.39,0.90259259,0.34066667,1,0
2024-04-23,3.7244663,-0.0047570423,0.48192593,0.34066667,0.047407407,0.08,0.39,0.39,0.90259259,0.34066667,1,0
2024-04-24,3.6738354,-0.013594142,0.48192593,0.34066667,0.047407407,0.08,0.39,0.39,0.90259259,0.34066667,1,0
2024-04-25,3.7018593,0.0076279718,0.48192593,0.34066667,0.047407407,0.08,0.39,0.39,0.90259259,0.34066667,1,0
2024-04-26,3.7014614,-0.00010749306,0.48192593,0.34066667,0.047407407,0.08,0.39,0.39,0.90259259,0.34066667,1,0
2024-04-27,3.7045782,0.0008420526,0.48192593,0.34066667,0.047407407,0.08,0.39,0.39,0.90259259,0.34066667,1,0
2024-04-28,3.6981648,-0.0017312267,0.63792593,0.18466667,0.047407407,0.08,0.39,0.39,0.90259259,0.18466667,1,0.000468
2024-04-29,3.7023372,0.0011282324,0.48192593,0.34066667,0.047407407,0.08,0.39,0.39,0.90259259,0.34066667,1,0.000468
2024-04-30,3.6073946,-0.025643948,0.48192593,0.34066667,0.047407407,0.08,0.39,0.39,0.90259259,0.34066667,1,0
2024-05-01,3.5749392,-0.0089969247,0.63792593,0.18466667,0.047407407,0.22,0.25,0.39,1.0425926,0.22466667,4,0.000468
2024-05-02,3.5636806,-0.0031492881,0.52592593,0.15666667,0.047407407,0.16,0.31,0.25,0.84259259,0.076666667,2,0.00021
2024-05-03,3.633017,0.0194564,0.44992593,0.29266667,0.047407407,0.24,0.23,0.31,0.98259259,0.25266667,4,0.000318
2024-05-04,3.6425649,0.0026280888,0.41792593,0.24466667,0.047407407,0.16,0.31,0.23,0.82259259,0.16466667,2,0.00012
2024-05-05,3.6421785,-0.00010609762,0.44992593,0.29266667,0.047407407,0.16,0.31,0.31,0.90259259,0.21266667,2,0.00012
2024-05-06,3.6379591,-0.0011584612,0.44992593,0.29266667,0.047407407,0.14,0.33,0.31,0.88259259,0.35266667,2,0
2024-05-07,3.6120973,-0.0071088819,0.45792593,0.30466667,0.047407407,0.08,0.39,0.33,0.84259259,0.30466667,1,3e-05
2024-05-08,3.6020641,-0.0027776617,0.63792593,0.18466667,0.047407407,0.22,0.25,0.39,1.0425926,0.22466667,4,0.00045
2024-05-09,3.6541832,0.014469231,0.52592593,0.15666667,0.047407407,0.08,0.39,0.25,0.76259259,0.15666667,1,0.00021
2024-05-10,3.6014584,-0.014428611,0.48192593,0.34066667,0.047407407,0.16,0.31,0.39,0.98259259,0.38066667,3,0.000342
2024-05-11,3.6074526,0.0016643688,0.57392593,0.16866667,0.047407407,0.08,0.39,0.31,0.82259259,0.16866667,1,0.000396
2024-05-12,3.6172399,0.002713073,0.63792593,0.18466667,0.047407407,0.08,0.39,0.39,0.90259259,0.18466667,1,0.00012
2024-05-13,3.6343505,0.0047302864,0.48192593,0.34066667,0.047407407,0.14,0.33,0.39,0.96259259,0.40066667,2,0.000468
2024-05-14,3.6244887,-0.0027134907,0.45792593,0.30466667,0.047407407,0.08,0.39,0.33,0.84259259,0.30466667,1,9e-05
2024-05-15,3.746895,0.033772022,0.48192593,0.34066667,0.047407407,0.08,0.39,0.39,0.90259259,0.34066667,1,9e-05
2024-05-16,3.7138052,-0.0088312664,0.48192593,0.34066667,0.047407407,0.08,0.39,0.39,0.90259259,0.34066667,1,0
2024-05-17,3.7705153,0.015270081,0.48192593,0.34066667,0.047407407,0.08,0.39,0.39,0.90259259,0.34066667,1,0
2024-05-18,3.7642435,-0.0016633853,0.306,0.414,0.15,0.08,0.39,0.39,0.8,0.414,1,0.00037388889
2024-05-19,3.7590719,-0.0013738624,0.306,0.414,0.15,0.08,0.39,0.39,0.8,0.414,1,0
2024-05-20,3.8644459,0.028031922,0.48192593,0.34066667,0.047407407,0.08,0.39,0.39,0.90259259,0.34066667,1,0.00037388889
2024-05-21,3.8335971,-0.0079827275,0.306,0.414,0.15,0.08,0.39,0.39,0.8,0.414,1,0.00037388889
2024-05-22,3.7979461,-0.0092996156,0.306,0.414,0.15,0.08,0.39,0.39,0.8,0.414,1,0
2024-05-23,3.7420142,-0.014726881,0.48192593,0.34066667,0.047407407,0.08,0.39,0.39,0.90259259,0.34066667,1,0.00037388889
2024-05-24,3.7553169,0.0035549458,0.48192593,0.34066667,0.047407407,0.08,0.39,0.39,0.90259259,0.34066667,1,0
2024-05-25,3.7708609,0.0041391996,0.306,0.414,0.15,0.08,0.39,0.39,0.8,0.414,1,0.00037388889
2024-05-26,3.7558337,-0.0039850892,0.306,0.414,0.15,0.08,0.39,0.39,0.8,0.414,1,0
2024-05-27,3.7799987,0.0064339898,0.306,0.414,0.15,0.08,0.39,0.39,0.8,0.414,1,0
2024-05-28,3.7533216,-0.0070574375,0.306,0.414,0.15,0.08,0.39,0.39,0.8,0.414,1,0
2024-05-29,3.7243158,-0.0077280222,0.306,0.414,0.15,0.08,0.39,0.39,0.8,0.414,1,0
2024-05-30,3.7467866,0.0060335367,0.306,0.414,0.15,0.08,0.39,0.39,0.8,0.414,1,0
2024-05-31,3.7255854,-0.0056584997,0.306,0.414,0.15,0.08,0.39,0.39,0.8,0.414,1,0
2024-06-01,3.7367835,0.0030057136,0.306,0.414,0.15,0.08,0.39,0.39,0.8,0.414,1,0
2024-06-02,3.7325163,-0.0011419295,0.306,0.414,0.15,0.08,0.39,0.39,0.8,0.414,1,0
2024-06-03,3.7627629,0.0081035312,0.306,0.36702128,0.15,0.13319149,0.33,0.39,0.886,0.5,2,7.0468085e-05
2024-06-04,3.7930155,0.008039994,0.282,0.378,0.15,0.08,0.39,0.33,0.74,0.378,1,5.2468085e-05
2024-06-05,3.8273999,0.0090652024,0.306,0.40272374,0.15,0.27891051,0.19,0.39,1.196,0.5,5,7.3085603e-05
2024-06-06,3.8203244,-0.0018486541,0.226,0.294,0.15,0.14,0.33,0.19,0.66,0.294,2,0.0002830856
2024-06-07,3.7678404,-0.013738106,0.282,0.378,0.15,0.16,0.31,0.33,0.94,0.478,3,0.00021
2024-06-08,3.7629599,-0.0012953047,0.274,0.366,0.15,0.08,0.39,0.31,0.72,0.366,1,3e-05
2024-06-09,3.775755,0.0034002852,0.306,0.414,0.15,0.08,0.39,0.39,0.8,0.414,1,0.00012
2024-06-10,3.7780733,0.00061399909,0.306,0.36702128,0.15,0.13319149,0.33,0.39,0.886,0.5,2,7.0468085e-05
2024-06-11,3.7313984,-0.012354162,0.282,0.378,0.15,0.08,0.39,0.33,0.74,0.378,1,5.2468085e-05
2024-06-12,3.7770954,0.012246633,0.306,0.40272374,0.15,0.21891051,0.25,0.39,1.136,0.5,4,7.3085603e-05
2024-06-13,3.7423577,-0.0091969504,0.25,0.33,0.15,0.08,0.39,0.25,0.66,0.33,1,0.0001930856
2024-06-14,3.7397626,-0.00069342233,0.306,0.40272374,0.15,0.15891051,0.31,0.39,0.986,0.5,3,0.0001930856
2024-06-15,3.7502001,0.0027909491,0.44992593,0.29266667,0.047407407,0.08,0.39,0.31,0.82259259,0.29266667,1,0.00038097449
2024-06-16,3.7530909,0.0007708347,0.48192593,0.34066667,0.047407407,0.08,0.39,0.39,0.90259259,0.34066667,1,0.00012
2024-06-17,3.7405607,-0.0033386394,0.48192593,0.34066667,0.047407407,0.08,0.39,0.39,0.90259259,0.34066667,1,0
2024-06-18,3.7190947,-0.0057387078,0.48192593,0.34066667,0.047407407,0.08,0.39,0.39,0.90259259,0.34066667,1,0
2024-06-19,3.7129399,-0.0016549293,0.48192593,0.34066667,0.047407407,0.08,0.39,0.39,0.90259259,0.34066667,1,0
2024-06-20,3.7341552,0.0057138979,0.48192593,0.34066667,0.047407407,0.08,0.39,0.39,0.90259259,0.34066667,1,0
2024-06-21,3.7008139,-0.0089287487,0.48192593,0.34066667,0.047407407,0.08,0.39,0.39,0.90259259,0.34066667,1,0
2024-06-22,3.700159,-0.00017694829,0.48192593,0.34066667,0.047407407,0.08,0.39,0.39,0.90259259,0.34066667,1,0
2024-06-23,3.6765147,-0.006390078,0.48192593,0.34066667,0.047407407,0.08,0.39,0.39,0.90259259,0.34066667,1,0
2024-06-24,3.6172696,-0.016114474,0.48192593,0.34066667,0.047407407,0.14,0.33,0.39,0.96259259,0.34066667,2,0
2024-06-25,3.6223198,0.0013961386,0.58992593,0.17266667,0.047407407,0.14,0.33,0.33,0.90259259,0.17266667,2,0.000414
2024-06-26,3.5968099,-0.0070424213,0.45792593,0.30466667,0.047407407,0.14,0.33,0.33,0.90259259,0.30466667,2,0.000396
2024-06-27,3.6170887,0.0056379755,0.58992593,0.17266667,0.047407407,0.14,0.33,0.33,0.90259259,0.17266667,2,0.000396
2024-06-28,3.5936447,-0.0064814451,0.45792593,0.30466667,0.047407407,0.08,0.39,0.33,0.84259259,0.30466667,1,0.000396
2024-06-29,3.5972769,0.0010107248,0.63792593,0.18466667,0.047407407,0.08,0.39,0.39,0.90259259,0.18466667,1,0.00045
2024-06-30,3.6208057,0.0065407361,0.63792593,0.18466667,0.047407407,0.08,0.39,0.39,0.90259259,0.18466667,1,0
2024-07-01,3.6246931,0.0010736237,0.48192593,0.34066667,0.047407407,0.14,0.33,0.39,1.0525926,0.49066667,2,0.000468
2024-07-02,3.6175059,-0.0019828428,0.45792593,0.30466667,0.047407407,0.08,0.39,0.33,0.84259259,0.30466667,1,9e-05
2024-07-03,3.5600337,-0.015887262,0.48192593,0.34066667,0.047407407,0.22,0.25,0.39,1.2525926,0.44066667,4,9e-05
2024-07-04,3.517664,-0.011901491,0.52592593,0.15666667,0.047407407,0.08,0.39,0.25,0.76259259,0.15666667,1,0.000342
2024-07-05,3.5480858,0.0086483127,0.63792593,0.18466667,0.047407407,0.16,0.31,0.39,1.1025926,0.28466667,3,0.00021
2024-07-06,3.564648,0.0046679176,0.57392593,0.16866667,0.047407407,0.08,0.39,0.31,0.82259259,0.16866667,1,0.00012
2024-07-07,3.5384668,-0.0073446746,0.63792593,0.18466667,0.047407407,0.08,0.39,0.39,0.90259259,0.18466667,1,0.00012
2024-07-08,3.5459378,0.002111368,0.63792593,0.18466667,0.047407407,0.14,0.33,0.39,1.0525926,0.33466667,2,0
2024-07-09,3.5583283,0.00349429,0.58992593,0.17266667,0.047407407,0.08,0.39,0.33,0.84259259,0.17266667,1,9e-05
2024-07-10,3.5702968,0.0033635021,0.63792593,0.18466667,0.047407407,0.22,0.25,0.39,1.2525926,0.28466667,4,9e-05
2024-07-11,3.5954252,0.0070381738,0.52592593,0.15666667,0.047407407,0.08,0.39,0.25,0.76259259,0.15666667,1,0.00021
2024-07-12,3.6092526,0.0038458376,0.63792593,0.18466667,0.047407407,0.22,0.25,0.39,1.1625926,0.28466667,4,0.00021
2024-07-13,3.621825,0.0034833923,0.52592593,0.15666667,0.047407407,0.14,0.33,0.25,0.82259259,0.15666667,2,0.00021
2024-07-14,3.639596,0.0049066378,0.58992593,0.17266667,0.047407407,0.14,0.33,0.33,0.90259259,0.17266667,2,0.00012
2024-07-15,3.7181806,0.021591563,0.45792593,0.30466667,0.047407407,0.14,0.33,0.33,0.90259259,0.30466667,2,0.000396
2024-07-16,3.7542849,0.0097102179,0.45792593,0.30466667,0.047407407,0.08,0.39,0.33,0.84259259,0.30466667,1,0
2024-07-17,3.7322114,-0.0058795419,0.48192593,0.34066667,0.047407407,0.08,0.39,0.39,0.90259259,0.34066667,1,9e-05
2024-07-18,3.7177402,-0.0038773787,0.48192593,0.34066667,0.047407407,0.08,0.39,0.39,0.90259259,0.34066667,1,0
2024-07-19,3.7588667,0.011062214,0.48192593,0.34066667,0.047407407,0.08,0.39,0.39,0.90259259,0.34066667,1,0
2024-07-20,3.7605879,0.00045790469,0.48192593,0.34066667,0.047407407,0.08,0.39,0.39,0.90259259,0.34066667,1,0
2024-07-21,3.7884754,0.0074157202,0.48192593,0.34066667,0.047407407,0.08,0.39,0.39,0.90259259,0.34066667,1,0
2024-07-22,3.7634634,-0.0066021216,0.306,0.414,0.15,0.08,0.39,0.39,0.8,0.414,1,0.00037388889
2024-07-23,3.7305972,-0.0087329536,0.306,0.414,0.15,0.08,0.39,0.39,0.8,0.414,1,0
2024-07-24,3.7117725,-0.005046031,0.48192593,0.34066667,0.047407407,0.08,0.39,0.39,0.90259259,0.34066667,1,0.00037388889
2024-07-25,3.7109952,-0.00020941459,0.306,0.414,0.15,0.08,0.39,0.39,0.8,0.414,1,0.00037388889
2024-07-26,3.7684912,0.015493409,0.306,0.414,0.15,0.08,0.39,0.39,0.8,0.414,1,0
2024-07-27,3.7669112,-0.00041925101,0.306,0.414,0.15,0.08,0.39,0.39,0.8,0.414,1,0
2024-07-28,3.7790187,0.003214153,0.306,0.414,0.15,0.08,0.39,0.39,0.8,0.414,1,0
2024-07-29,3.7421822,-0.009747621,0.306,0.414,0.15,0.08,0.39,0.39,0.8,0.414,1,0
2024-07-30,3.7356476,-0.0017462107,0.306,0.414,0.15,0.08,0.39,0.39,0.8,0.414,1,0
2024-07-31,3.7154939,-0.005394968,0.306,0.414,0.15,0.08,0.39,0.39,0.8,0.414,1,0
2024-08-01,3.7254844,0.0026888744,0.48192593,0.34066667,0.047407407,0.08,0.39,0.39,0.90259259,0.34066667,1,0.00037388889
2024-08-02,3.6504079,-0.020152137,0.306,0.40272374,0.15,0.15891051,0.31,0.39,0.986,0.5,3,0.00035697449
2024-08-03,3.6422462,-0.002235828,0.44992593,0.29266667,0.047407407,0.14,0.33,0.31,0.88259259,0.29266667,2,0.00038097449
2024-08-04,3.5785576,-0.017486095,0.282,0.378,0.15,0.14,0.33,0.33,0.8,0.378,2,0.00037988889
2024-08-05,3.4823391,-0.026887513,0.45792593,0.30466667,0.047407407,0.2,0.27,0.33,1.0525926,0.45466667,3,0.00037388889
2024-08-06,3.5101223,0.0079783235,0.43392593,0.26866667,0.047407407,0.14,0.33,0.27,0.84259259,0.26866667,2,9e-05
2024-08-07,3.4699187,-0.011453621,0.45792593,0.30466667,0.047407407,0.22,0.25,0.33,0.98259259,0.34466667,4,9e-05
2024-08-08,3.6021443,0.038106247,0.42592593,0.25666667,0.047407407,0.08,0.39,0.25,0.76259259,0.25666667,1,0.00012
2024-08-09,3.5743698,-0.0077105438,0.306,0.414,0.15,0.16,0.31,0.39,0.88,0.454,3,0.00041588889
2024-08-10,3.5790567,0.0013112684,0.274,0.366,0.15,0.08,0.39,0.31,0.72,0.366,1,0.00012
2024-08-11,3.5267287,-0.014620619,0.306,0.414,0.15,0.08,0.39,0.39,0.8,0.414,1,0.00012
2024-08-12,3.5644957,0.010708799,0.48192593,0.34066667,0.047407407,0.14,0.33,0.39,0.96259259,0.40066667,2,0.00037388889
2024-08-13,3.5796174,0.0042423012,0.45792593,0.30466667,0.047407407,0.08,0.39,0.33,0.84259259,0.30466667,1,9e-05
2024-08-14,3.5233269,-0.01572527,0.48192593,0.34066667,0.047407407,0.22,0.25,0.39,1.0425926,0.38066667,4,9e-05
2024-08-15,3.5098926,-0.0038129746,0.42592593,0.25666667,0.047407407,0.08,0.39,0.25,0.76259259,0.25666667,1,0.00021
2024-08-16,3.5596434,0.014174453,0.63792593,0.18466667,0.047407407,0.08,0.39,0.39,0.90259259,0.18466667,1,0.000426
2024-08-17,3.588618,0.0081397432,0.48192593,0.34066667,0.047407407,0,0.47,0.39,0.82259259,0.34066667,0,0.000468
2024-08-18,3.554453,-0.0095203793,0.51392593,0.38866667,0.047407407,0,0.47,0.47,0.90259259,0.38866667,0,0.00012
2024-08-19,3.5687945,0.004034794,0.70192593,0.20066667,0.047407407,0,0.47,0.47,0.90259259,0.20066667,0,0.000564
2024-08-20,3.5607008,-0.0022678979,0.70192593,0.20066667,0.047407407,0,0.47,0.47,0.90259259,0.20066667,0,0
2024-08-21,3.5826671,0.0061691016,0.70192593,0.20066667,0.047407407,0,0.47,0.47,0.90259259,0.20066667,0,0
2024-08-22,3.5511265,-0.0088036652,0.51392593,0.38866667,0.047407407,0,0.47,0.47,0.90259259,0.38866667,0,0.000564
2024-08-23,3.6531983,0.028743489,0.51392593,0.38866667,0.047407407,0,0.47,0.47,0.90259259,0.38866667,0,0
2024-08-24,3.6549416,0.00047720797,0.51392593,0.38866667,0.047407407,0.08,0.39,0.47,0.98259259,0.46866667,1,0
2024-08-25,3.6568925,0.00053376007,0.48192593,0.34066667,0.047407407,0.08,0.39,0.39,0.90259259,0.42066667,1,0.00012
2024-08-26,3.626963,-0.0081844016,0.48192593,0.34066667,0.047407407,0.08,0.39,0.39,0.90259259,0.42066667,1,0
2024-08-27,3.5596784,-0.018551236,0.48192593,0.34066667,0.047407407,0.08,0.39,0.39,0.90259259,0.42066667,1,0
2024-08-28,3.5453828,-0.0040159759,0.63792593,0.18466667,0.047407407,0.08,0.39,0.39,0.90259259,0.18466667,1,0.000468
2024-08-29,3.5580402,0.0035701176,0.63792593,0.18466667,0.047407407,0.08,0.39,0.39,0.90259259,0.18466667,1,0
2024-08-30,3.543718,-0.0040253179,0.63792593,0.18466667,0.047407407,0.08,0.39,0.39,0.90259259,0.18466667,1,0
2024-08-31,3.5390311,-0.0013225868,0.48192593,0.34066667,0.047407407,0.08,0.39,0.39,0.90259259,0.34066667,1,0.000468
2024-09-01,3.569376,0.0085743524,0.48192593,0.34066667,0.047407407,0.08,0.39,0.39,0.90259259,-0.34066667,1,0
2024-09-02,3.5356861,-0.0094385974,0.48192593,0.34066667,0.047407407,0.14,0.33,0.39,0.96259259,-0.28066667,2,0
2024-09-03,3.5627937,0.0076668539,0.45792593,0.30466667,0.047407407,0.08,0.39,0.33,0.84259259,-0.30466667,1,9e-05
2024-09-04,3.5589633,-0.0010751019,0.48192593,0.34066667,0.047407407,0.22,0.25,0.39,1.0425926,-0.30066667,4,9e-05
2024-09-05,3.5972497,0.010757733,0.25,0.33,0.15,0.08,0.39,0.25,0.66,-0.33,1,0.00036388889
2024-09-06,3.6348439,0.01045082,0.48192593,0.34066667,0.047407407,0.16,0.31,0.39,0.98259259,-0.30066667,3,0.00036388889
2024-09-07,3.6245979,-0.0028188358,0.44992593,0.29266667,0.047407407,0.08,0.39,0.31,0.82259259,-0.29266667,1,0.00012
2024-09-08,3.6179324,-0.0018389671,0.63792593,0.18466667,0.047407407,0.08,0.39,0.39,0.90259259,-0.18466667,1,0.000444
2024-09-09,3.5772976,-0.011231494,0.48192593,0.34066667,0.047407407,0.24,0.23,0.39,1.1525926,-0.29066667,3,0.000468
2024-09-10,3.5701782,-0.0019901495,0.41792593,0.24466667,0.047407407,0.1,0.37,0.23,0.76259259,-0.34466667,1,0.00024
2024-09-11,3.5471463,-0.0064512037,0.47392593,0.32866667,0.047407407,0.24,0.23,0.37,1.2525926,-0.32866667,4,0.00021
2024-09-12,3.5530794,0.001672651,0.41792593,0.24466667,0.047407407,0.1,0.37,0.23,0.76259259,-0.34466667,1,0.00021
2024-09-13,3.5075226,-0.012821766,0.47392593,0.32866667,0.047407407,0.18,0.29,0.37,1.1025926,-0.32866667,3,0.00021
2024-09-14,3.5147357,0.0020564664,0.44192593,0.28066667,0.047407407,0,0.47,0.29,0.72259259,-0.28066667,0,0.00012
2024-09-15,3.5348128,0.0057122603,0.51392593,0.38866667,0.047407407,0,0.47,0.47,0.90259259,-0.38866667,0,0.00027
2024-09-16,3.5653172,0.0086297047,0.51392593,0.38866667,0.047407407,0,0.47,0.47,0.90259259,-0.38866667,0,0
2024-09-17,3.5082785,-0.015998228,0.51392593,0.38866667,0.047407407,0,0.47,0.47,0.90259259,-0.38866667,0,0
2024-09-18,3.472813,-0.010109075,0.51392593,0.38866667,0.047407407,0,0.47,0.47,0.90259259,-0.38866667,0,0
2024-09-19,3.4549264,-0.0051504672,0.51392593,0.38866667,0.047407407,0.08,0.39,0.47,0.98259259,-0.38866667,1,0
2024-09-20,3.462347,0.0021478289,0.306,0.414,0.15,0.08,0.39,0.39,0.8,-0.414,1,0.00034988889
2024-09-21,3.4621873,-4.6116324e-05,0.48192593,0.34066667,0.047407407,0.08,0.39,0.39,0.90259259,-0.34066667,1,0.00037388889
2024-09-22,3.4522776,-0.0028622704,0.48192593,0.34066667,0.047407407,0.08,0.39,0.39,0.90259259,-0.34066667,1,0
2024-09-23,3.4599215,0.0022141445,0.48192593,0.34066667,0.047407407,0.08,0.39,0.39,0.90259259,-0.34066667,1,0
2024-09-24,3.458651,-0.00036718557,0.48192593,0.34066667,0.047407407,0.08,0.39,0.39,0.90259259,-0.34066667,1,0
2024-09-25,3.4796721,0.0060778192,0.48192593,0.34066667,0.047407407,0.08,0.39,0.39,0.90259259,-0.34066667,1,0
2024-09-26,3.4462106,-0.0096162673,0.48192593,0.34066667,0.047407407,0.08,0.39,0.39,0.90259259,-0.34066667,1,0
2024-09-27,3.4284169,-0.0051632647,0.306,0.414,0.15,0.08,0.39,0.39,0.8,-0.414,1,0.00037388889
2024-09-28,3.4297806,0.00039775316,0.306,0.414,0.15,0.08,0.39,0.39,0.8,-0.414,1,0
2024-09-29,3.4234024,-0.001859652,0.306,0.414,0.15,0.08,0.39,0.39,0.8,0.414,1,0
2024-09-30,3.3641472,-0.017308848,0.306,0.414,0.15,0.08,0.39,0.39,0.8,0.414,1,0
2024-10-01,3.3252235,-0.011570161,0.306,0.414,0.15,0.08,0.39,0.39,0.8,0.414,1,0
2024-10-02,3.2859055,-0.011824159,0.306,0.40272374,0.15,0.21891051,0.25,0.39,1.136,0.5,4,1.6914397e-05
2024-10-03,3.2845113,-0.00042431941,0.42592593,0.25666667,0.047407407,0.08,0.39,0.25,0.76259259,0.25666667,1,0.00039897449
2024-10-04,3.3143427,0.0090824528,0.306,0.40272374,0.15,0.15891051,0.31,0.39,0.986,0.5,3,0.00039897449
2024-10-05,3.3213587,0.0021168564,0.274,0.366,0.15,0.08,0.39,0.31,0.72,0.366,1,0.0001030856
2024-10-06,3.335646,0.0043016544,0.306,0.414,0.15,0.08,0.39,0.39,0.8,0.414,1,0.00012
2024-10-07,3.3182778,-0.0052068473,0.306,0.36702128,0.15,0.13319149,0.33,0.39,0.886,0.5,2,7.0468085e-05
2024-10-08,3.3084615,-0.0029582629,0.282,0.378,0.15,0.08,0.39,0.33,0.74,0.378,1,5.2468085e-05
2024-10-09,3.2598566,-0.014691092,0.306,0.40272374,0.15,0.21891051,0.25,0.39,1.136,0.5,4,7.3085603e-05
2024-10-10,3.260661,0.00024678339,0.25,0.33,0.15,0.08,0.39,0.25,0.66,0.33,1,0.0001930856
2024-10-11,3.321855,0.018767347,0.48192593,0.34066667,0.047407407,0.24,0.23,0.39,1.1825926,0.36066667,4,0.00036388889
2024-10-12,3.3270674,0.0015691154,0.242,0.318,0.15,0.16,0.31,0.23,0.72,0.238,2,0.00039388889
2024-10-13,3.3194423,-0.0022918194,0.274,0.366,0.15,0.16,0.31,0.31,0.8,0.286,2,0.00012
2024-10-14,3.3796952,0.018151513,0.44992593,0.29266667,0.047407407,0.22,0.25,0.31,1.0525926,0.36266667,3,0.00037388889
2024-10-15,3.3988339,0.0056628419,0.25,0.33,0.15,0.08,0.39,0.25,0.66,0.33,1,0.00035588889
2024-10-16,3.4124262,0.0039991046,0.306,0.414,0.15,0.08,0.39,0.39,0.8,0.414,1,0.00021
2024-10-17,3.4189505,0.0019119236,0.306,0.414,0.15,0.08,0.39,0.39,0.8,0.414,1,0
2024-10-18,3.4487221,0.0087078055,0.306,0.414,0.15,0.08,0.39,0.39,0.8,0.414,1,0
2024-10-19,3.4520751,0.00097225404,0.306,0.414,0.15,0.08,0.39,0.39,0.8,0.414,1,0
2024-10-20,3.4670411,0.0043353537,0.306,0.414,0.15,0.08,0.39,0.39,0.8,0.414,1,0
2024-10-21,3.4304578,-0.01055173,0.306,0.414,0.15,0.08,0.39,0.39,0.8,0.414,1,0
2024-10-22,3.441214,0.0031355208,0.306,0.414,0.15,0.08,0.39,0.39,0.8,0.414,1,0
2024-10-23,3.4177204,-0.0068271309,0.306,0.414,0.15,0.08,0.39,0.39,0.8,0.414,1,0
2024-10-24,3.4561729,0.011250916,0.306,0.414,0.15,0.14,0.33,0.39,0.86,0.414,2,0
2024-10-25,3.4296085,-0.0076860705,0.282,0.378,0.15,0.14,0.33,0.33,0.8,0.378,2,9e-05
2024-10-26,3.435858,0.0018222048,0.282,0.378,0.15,0.14,0.33,0.33,0.8,0.378,2,0
2024-10-27,3.4426703,0.0019827069,0.45792593,0.30466667,0.047407407,0.14,0.33,0.33,0.90259259,0.30466667,2,0.00037388889
2024-10-28,3.474408,0.0092189199,0.45792593,0.30466667,0.047407407,0.08,0.39,0.33,0.84259259,0.30466667,1,0
2024-10-29,3.5357226,0.017647503,0.306,0.414,0.15,0.16,0.31,0.39,0.88,0.494,2,0.00039188889
2024-10-30,3.5374219,0.0004806192,0.274,0.366,0.15,0.22,0.25,0.31,0.86,0.446,3,0.00012
2024-10-31,3.4840335,-0.01509248,0.25,0.33,0.15,0.22,0.25,0.25,0.8,0.41,3,9e-05
2024-11-01,3.4862396,0.00063322529,0.25,0.32352941,0.15,0.29764706,0.17,0.25,0.99,0.5,5,9.7058824e-06
2024-11-02,3.4841905,-0.00058778571,0.218,0.282,0.15,0.14,0.33,0.17,0.64,0.282,2,0.00011029412
2024-11-03,3.4703426,-0.0039744931,0.282,0.378,0.15,0.08,0.39,0.33,0.74,0.378,1,0.00024
2024-11-04,3.4446612,-0.0074002353,0.306,0.36702128,0.15,0.13319149,0.33,0.39,0.886,0.5,2,5.2468085e-05
2024-11-05,3.4713489,0.0077475526,0.282,0.378,0.15,0.08,0.39,0.33,0.74,0.378,1,5.2468085e-05
2024-11-06,3.6263914,0.044663469,0.306,0.40272374,0.15,0.21891051,0.25,0.39,1.136,0.5,4,7.3085603e-05
2024-11-07,3.6623624,0.009919234,0.25,0.33,0.15,0.14,0.33,0.25,0.72,0.33,2,0.0001930856
2024-11-08,3.6712102,0.002415863,0.282,0.378,0.15,0.22,0.25,0.33,1,0.478,4,0.00012
2024-11-09,3.6830688,0.003230165,0.25,0.33,0.15,0.14,0.33,0.25,0.72,0.33,2,0.00012
2024-11-10,3.7676145,0.022955217,0.282,0.378,0.15,0.18,0.29,0.33,0.84,0.478,2,0.00012
2024-11-11,3.9137894,0.038797755,0.266,0.29304636,0.15,0.21245033,0.23,0.29,0.846,0.5,3,0.00015143046
2024-11-12,3.8833393,-0.0077802119,0.242,0.318,0.15,0.18,0.29,0.23,0.74,0.418,2,7.3430464e-05
2024-11-13,3.9283876,0.011600392,0.266,0.354,0.15,0.32,0.15,0.29,0.94,0.494,5,9e-05
2024-11-14,3.8770653,-0.013064474,0.21,0.27,0.15,0.18,0.29,0.15,0.66,0.37,2,0.00021
2024-11-15,3.955959,0.020348816,0.266,0.354,0.15,0.18,0.29,0.29,0.8,0.454,2,0.00021
2024-11-16,3.944071,-0.0030050683,0.266,0.354,0.15,0.18,0.29,0.29,0.8,0.454,2,0
2024-11-17,3.9367638,-0.0018527072,0.266,0.354,0.15,0.18,0.29,0.29,0.8,0.454,2,0
2024-11-18,3.966191,0.0074749567,0.266,0.354,0.15,0.18,0.29,0.29,0.8,0.454,2,0
2024-11-19,4.012091,0.011572836,0.266,0.354,0.15,0.18,0.29,0.29,0.8,0.454,2,0
2024-11-20,4.051206,0.009749264,0.266,0.354,0.15,0.24,0.23,0.29,0.86,0.454,3,0
2024-11-21,4.1526836,0.025048752,0.242,0.318,0.15,0.24,0.23,0.23,0.8,0.418,3,9e-05
2024-11-22,4.1804995,0.0066982823,0.242,0.318,0.15,0.24,0.23,0.23,0.8,0.418,3,0
2024-11-23,4.1644742,-0.0038333432,0.242,0.318,0.15,0.24,0.23,0.23,0.8,0.418,3,0
2024-11-24,4.169318,0.0011631207,0.242,0.318,0.15,0.24,0.23,0.23,0.8,0.418,3,0
2024-11-25,4.0491561,-0.02882052,0.242,0.318,0.15,0.24,0.23,0.23,0.8,0.418,3,0
2024-11-26,4.033042,-0.0039796077,0.242,0.318,0.15,0.18,0.29,0.23,0.74,0.418,2,0
2024-11-27,4.1137942,0.020022639,0.266,0.354,0.15,0.18,0.29,0.29,0.8,0.454,2,9e-05
2024-11-28,4.1009989,-0.0031103264,0.266,0.354,0.15,0.24,0.23,0.29,0.86,0.454,3,0
2024-11-29,4.1347227,0.0082233184,0.242,0.318,0.15,0.24,0.23,0.23,0.8,0.418,3,9e-05
2024-11-30,4.1235739,-0.002696401,0.242,0.318,0.15,0.24,0.23,0.23,0.8,0.418,3,0
2024-12-01,4.1447664,0.0051393589,0.242,0.318,0.15,0.24,0.23,0.23,0.8,0.418,3,0
2024-12-02,4.1050657,-0.0095785048,0.242,0.318,0.15,0.3,0.17,0.23,0.86,0.478,4,0
2024-12-03,4.1024421,-0.00063911553,0.218,0.282,0.15,0.24,0.23,0.17,0.74,0.382,3,9e-05
2024-12-04,4.1864921,0.020487797,0.242,0.318,0.15,0.38,0.09,0.23,0.94,0.458,6,9e-05
2024-12-05,4.1559038,-0.0073064354,0.186,0.234,0.15,0.24,0.23,0.09,0.66,0.334,3,0.00021
2024-12-06,4.2203271,0.015501632,0.242,0.318,0.15,0.32,0.15,0.23,0.88,0.458,5,0.00021
2024-12-07,4.2203344,1.7399427e-06,0.21,0.27,0.15,0.24,0.23,0.15,0.72,0.37,3,0.00012
2024-12-08,4.2450947,0.005866894,0.242,0.318,0.15,0.24,0.23,0.23,0.8,0.418,3,0.00012
2024-12-09,4.1622609,-0.019512817,0.242,0.27992958,0.15,0.28084507,0.17,0.23,0.882,0.5,4,5.7105634e-05
2024-12-10,4.1577965,-0.0010725924,0.218,0.282,0.15,0.24,0.23,0.17,0.74,0.382,3,3.9105634e-05
2024-12-11,4.2990946,0.033983885,0.242,0.30694981,0.15,0.37513514,0.09,0.23,1.132,0.5,6,7.342471e-05
2024-12-12,4.2790669,-0.0046585852,0.186,0.234,0.15,0.24,0.23,0.09,0.66,0.334,3,0.00019342471
2024-12-13,4.2989289,0.0046416793,0.242,0.30694981,0.15,0.31513514,0.15,0.23,0.982,0.5,5,0.00019342471
2024-12-14,4.2917628,-0.0016669648,0.21,0.27,0.15,0.24,0.23,0.15,0.72,0.37,3,0.00010342471
2024-12-15,4.354302,0.014571929,0.242,0.318,0.15,0.24,0.23,0.23,0.8,0.418,3,0.00012
2024-12-16,4.3832275,0.0066429666,0.242,0.318,0.15,0.32,0.15,0.23,0.88,0.498,4,0
2024-12-17,4.3763564,-0.0015675985,0.21,0.27,0.15,0.32,0.15,0.15,0.8,0.45,4,0.00012
2024-12-18,4.2672854,-0.024922783,0.21,0.27,0.15,0.26,0.21,0.15,0.74,0.45,3,0
2024-12-19,4.2227344,-0.010440121,0.234,0.306,0.15,0.26,0.21,0.21,0.8,0.486,3,9e-05
2024-12-20,4.2365208,0.003264804,0.234,0.306,0.15,0.18,0.29,0.21,0.72,0.406,2,0
2024-12-21,4.2223949,-0.0033343136,0.44192593,0.28066667,0.047407407,0.18,0.29,0.29,0.90259259,0.38066667,2,0.00034988889
2024-12-22,4.1891514,-0.0078731516,0.44192593,0.28066667,0.047407407,0.18,0.29,0.29,0.90259259,0.38066667,2,0
2024-12-23,4.181344,-0.0018637233,0.44192593,0.28066667,0.047407407,0.18,0.29,0.29,0.90259259,0.38066667,2,0
2024-12-24,4.2505514,0.016551472,0.44192593,0.28066667,0.047407407,0.18,0.29,0.29,0.90259259,0.38066667,2,0
2024-12-25,4.2653806,0.0034887738,0.44192593,0.28066667,0.047407407,0.18,0.29,0.29,0.90259259,0.38066667,2,0
2024-12-26,4.2021399,-0.014826495,0.266,0.354,0.15,0.18,0.29,0.29,0.8,0.454,2,0.00037388889
2024-12-27,4.1680704,-0.0081076689,0.44192593,0.28066667,0.047407407,0.18,0.29,0.29,0.90259259,0.38066667,2,0.00037388889
2024-12-28,4.1940701,0.0062378446,0.44192593,0.28066667,0.047407407,0.18,0.29,0.29,0.90259259,0.38066667,2,0
2024-12-29,4.1645322,-0.0070427927,0.44192593,0.28066667,0.047407407,0.18,0.29,0.29,0.90259259,0.38066667,2,0
2024-12-30,4.127788,-0.0088231264,0.44192593,0.28066667,0.047407407,0.18,0.29,0.29,0.90259259,0.38066667,2,0
2024-12-31,4.1495355,0.0052685587,0.44192593,0.28066667,0.047407407,0.18,0.29,0.29,0.90259259,0.38066667,2,0
2025-01-01,4.1614534,0.0028721108,0.44192593,0.28066667,0.047407407,0.32,0.15,0.29,1.2525926,0.48066667,5,0
2025-01-02,4.2084271,0.011287806,0.38592593,0.19666667,0.047407407,0.18,0.29,0.15,0.76259259,0.29666667,2,0.00021
2025-01-03,4.2194327,0.0026151467,0.44192593,0.28066667,0.047407407,0.26,0.21,0.29,1.1025926,0.48066667,4,0.00021
2025-01-04,4.2190198,-9.785598e-05,0.40992593,0.23266667,0.047407407,0.18,0.29,0.21,0.82259259,0.33266667,2,0.00012
2025-01-05,4.2191404,2.8586243e-05,0.44192593,0.28066667,0.047407407,0.18,0.29,0.29,0.90259259,0.38066667,2,0.00012
2025-01-06,4.2861595,0.01588454,0.44192593,0.28066667,0.047407407,0.14,0.33,0.29,0.95259259,0.43066667,2,0
2025-01-07,4.194224,-0.021449405,0.45792593,0.30466667,0.047407407,0.14,0.33,0.33,0.90259259,0.30466667,2,6e-05
2025-01-08,4.1518697,-0.010098239,0.45792593,0.30466667,0.047407407,0.22,0.25,0.33,1.1925926,0.40466667,4,0
2025-01-09,4.1266584,-0.0060722658,0.42592593,0.25666667,0.047407407,0.08,0.39,0.25,0.76259259,0.25666667,1,0.00012
2025-01-10,4.1676488,0.0099330561,0.48192593,0.34066667,0.047407407,0.16,0.31,0.39,1.1025926,0.44066667,3,0.00021
2025-01-11,4.1732667,0.0013479939,0.44992593,0.29266667,0.047407407,0.08,0.39,0.31,0.82259259,0.29266667,1,0.00012
2025-01-12,4.1720117,-0.00030072183,0.48192593,0.34066667,0.047407407,0.08,0.39,0.39,0.90259259,0.34066667,1,0.00012
2025-01-13,4.1362745,-0.0085659533,0.48192593,0.34066667,0.047407407,0.14,0.33,0.39,1.0525926,0.49066667,2,0
2025-01-14,4.1655111,0.0070683497,0.45792593,0.30466667,0.047407407,0.14,0.33,0.33,0.90259259,0.30466667,2,9e-05
2025-01-15,4.2303438,0.015564151,0.45792593,0.30466667,0.047407407,0.14,0.33,0.33,0.90259259,0.30466667,2,0
2025-01-16,4.2398595,0.0022493927,0.45792593,0.30466667,0.047407407,0.14,0.33,0.33,0.90259259,0.30466667,2,0
2025-01-17,4.2818511,0.009904012,0.45792593,0.30466667,0.047407407,0.14,0.33,0.33,0.90259259,0.30466667,2,0
2025-01-18,4.2843359,0.00058031183,0.45792593,0.30466667,0.047407407,0.08,0.39,0.33,0.84259259,0.30466667,1,0
2025-01-19,4.2213184,-0.014708809,0.306,0.414,0.15,0.08,0.39,0.39,0.8,0.414,1,0.00039188889
2025-01-20,4.2474514,0.0061907206,0.48192593,0.34066667,0.047407407,0.08,0.39,0.39,0.90259259,0.34066667,1,0.00037388889
2025-01-21,4.331106,0.01969524,0.306,0.414,0.15,0.08,0.39,0.39,0.8,0.414,1,0.00037388889
2025-01-22,4.2973685,-0.0077895894,0.306,0.414,0.15,0.08,0.39,0.39,0.8,0.414,1,0
2025-01-23,4.2986396,0.00029579528,0.306,0.414,0.15,0.08,0.39,0.39,0.8,0.414,1,0
2025-01-24,4.3204779,0.0050802858,0.306,0.414,0.15,0.08,0.39,0.39,0.8,0.414,1,0
2025-01-25,4.322827,0.00054371132,0.306,0.414,0.15,0.08,0.39,0.39,0.8,0.414,1,0
2025-01-26,4.2833085,-0.0091418138,0.306,0.414,0.15,0.08,0.39,0.39,0.8,0.414,1,0
2025-01-27,4.2646499,-0.0043561377,0.306,0.414,0.15,0.08,0.39,0.39,0.8,0.414,1,0
2025-01-28,4.253066,-0.0027162396,0.306,0.414,0.15,0.14,0.33,0.39,0.86,0.414,2,0
2025-01-29,4.2934599,0.0094975955,0.282,0.378,0.15,0.14,0.33,0.33,0.8,0.378,2,9e-05
2025-01-30,4.3341786,0.0094838808,0.282,0.378,0.15,0.14,0.33,0.33,0.8,0.378,2,0
2025-01-31,4.3075493,-0.0061440226,0.282,0.378,0.15,0.14,0.33,0.33,0.8,0.378,2,0
2025-02-01,4.2704823,-0.0086051208,0.282,0.378,0.15,0.14,0.33,0.33,0.8,0.378,2,0
2025-02-02,4.2302965,-0.0094101296,0.45792593,0.30466667,0.047407407,0.08,0.39,0.33,0.84259259,0.30466667,1,0.00037388889
2025-02-03,4.3263219,0.022699449,0.48192593,0.34066667,0.047407407,0.14,0.33,0.39,1.0525926,0.49066667,2,9e-05
2025-02-04,4.2808307,-0.010514999,0.45792593,0.30466667,0.047407407,0.14,0.33,0.33,0.90259259,0.30466667,2,9e-05
2025-02-05,4.3253396,0.010397255,0.45792593,0.30466667,0.047407407,0.22,0.25,0.33,1.1925926,0.40466667,4,0
2025-02-06,4.2995717,-0.0059574101,0.42592593,0.25666667,0.047407407,0.08,0.39,0.25,0.76259259,0.25666667,1,0.00012
2025-02-07,4.3117021,0.0028212978,0.48192593,0.34066667,0.047407407,0.16,0.31,0.39,1.1025926,0.44066667,3,0.00021
2025-02-08,4.3103865,-0.00030511912,0.44992593,0.29266667,0.047407407,0.08,0.39,0.31,0.82259259,0.29266667,1,0.00012
2025-02-09,4.3275509,0.0039820978,0.48192593,0.34066667,0.047407407,0.08,0.39,0.39,0.90259259,0.34066667,1,0.00012
2025-02-10,4.3662694,0.0089469696,0.48192593,0.34066667,0.047407407,0.14,0.33,0.39,1.0525926,0.49066667,2,0
2025-02-11,4.3324516,-0.0077452324,0.45792593,0.30466667,0.047407407,0.08,0.39,0.33,0.84259259,0.30466667,1,9e-05
2025-02-12,4.3920187,0.013749051,0.48192593,0.34066667,0.047407407,0.22,0.25,0.39,1.2525926,0.44066667,4,9e-05
2025-02-13,4.3907026,-0.00029965188,0.42592593,0.25666667,0.047407407,0.08,0.39,0.25,0.76259259,0.25666667,1,0.00021
2025-02-14,4.373394,-0.0039421047,0.48192593,0.34066667,0.047407407,0.16,0.31,0.39,1.1025926,0.44066667,3,0.00021
2025-02-15,4.3697719,-0.00082820477,0.44992593,0.29266667,0.047407407,0.08,0.39,0.31,0.82259259,0.29266667,1,0.00012
2025-02-16,4.3420787,-0.0063374608,0.48192593,0.34066667,0.047407407,0.08,0.39,0.39,0.90259259,0.34066667,1,0.00012
2025-02-17,4.3463291,0.00097888705,0.48192593,0.34066667,0.047407407,0.08,0.39,0.39,0.90259259,0.34066667,1,0
2025-02-18,4.3699476,0.0054341211,0.48192593,0.34066667,0.047407407,0.08,0.39,0.39,0.90259259,0.34066667,1,0
2025-02-19,4.3844735,0.0033240446,0.48192593,0.34066667,0.047407407,0.08,0.39,0.39,0.90259259,0.34066667,1,0
2025-02-20,4.4145091,0.0068504488,0.48192593,0.34066667,0.047407407,0.08,0.39,0.39,0.90259259,0.34066667,1,0
2025-02-21,4.3799008,-0.0078396761,0.48192593,0.34066667,0.047407407,0.08,0.39,0.39,0.90259259,0.34066667,1,0
2025-02-22,4.3892918,0.0021441124,0.48192593,0.34066667,0.047407407,0.08,0.39,0.39,0.90259259,0.34066667,1,0
2025-02-23,4.3905341,0.00028304113,0.48192593,0.34066667,0.047407407,0.08,0.39,0.39,0.90259259,0.34066667,1,0
2025-02-24,4.33532,-0.012575726,0.48192593,0.34066667,0.047407407,0.08,0.39,0.39,0.90259259,0.34066667,1,0
2025-02-25,4.2638252,-0.01649124,0.63792593,0.18466667,0.047407407,0.08,0.39,0.39,0.90259259,0.18466667,1,0.000468
2025-02-26,4.2190265,-0.010506681,0.63792593,0.18466667,0.047407407,0.08,0.39,0.39,0.90259259,0.18466667,1,0
2025-02-27,4.1811527,-0.008976915,0.63792593,0.18466667,0.047407407,0.08,0.39,0.39,0.90259259,0.18466667,1,0
2025-02-28,4.1530312,-0.0067257635,0.63792593,0.18466667,0.047407407,0.08,0.39,0.39,0.90259259,0.18466667,1,0
2025-03-01,4.1630629,0.0024155115,0.63792593,0.18466667,0.047407407,0.08,0.39,0.39,0.90259259,0.18466667,1,0
2025-03-02,4.2558924,0.02229836,0.63792593,0.18466667,0.047407407,0.08,0.39,0.39,0.90259259,0.18466667,1,0
2025-03-03,4.11691,-0.03265647,0.48192593,0.34066667,0.047407407,0.14,0.33,0.39,1.0525926,0.49066667,2,0.000468
2025-03-04,4.157614,0.0098870378,0.58992593,0.17266667,0.047407407,0.08,0.39,0.33,0.84259259,0.17266667,1,0.000414
2025-03-05,4.2036824,0.011080491,0.63792593,0.18466667,0.047407407,0.22,0.25,0.39,1.0425926,0.22466667,4,9e-05
2025-03-06,4.1919478,-0.0027915154,0.52592593,0.15666667,0.047407407,0.08,0.39,0.25,0.76259259,0.15666667,1,0.00021
2025-03-07,4.1497058,-0.010076925,0.48192593,0.34066667,0.047407407,0.16,0.31,0.39,0.98259259,0.38066667,3,0.000342
2025-03-08,4.1499431,5.7173734e-05,0.57392593,0.16866667,0.047407407,0.08,0.39,0.31,0.82259259,0.16866667,1,0.000396
2025-03-09,4.0980175,-0.012512364,0.63792593,0.18466667,0.047407407,0.08,0.39,0.39,0.90259259,0.18466667,1,0.00012
2025-03-10,4.0322881,-0.01603931,0.63792593,0.18466667,0.047407407,0.14,0.33,0.39,0.96259259,0.24466667,2,0
2025-03-11,4.0942491,0.015366221,0.58992593,0.17266667,0.047407407,0.08,0.39,0.33,0.84259259,0.17266667,1,9e-05
2025-03-12,4.1130181,0.0045842197,0.63792593,0.18466667,0.047407407,0.22,0.25,0.39,1.0425926,0.22466667,4,9e-05
2025-03-13,4.134301,0.0051745225,0.52592593,0.15666667,0.047407407,0.08,0.39,0.25,0.76259259,0.15666667,1,0.00021
2025-03-14,4.1586602,0.0058919705,0.63792593,0.18466667,0.047407407,0.16,0.31,0.39,0.98259259,0.22466667,3,0.00021
2025-03-15,4.1659005,0.0017410258,0.57392593,0.16866667,0.047407407,0.08,0.39,0.31,0.82259259,0.16866667,1,0.00012
2025-03-16,4.1794925,0.003262668,0.63792593,0.18466667,0.047407407,0.08,0.39,0.39,0.90259259,-0.18466667,1,0.00012
2025-03-17,4.1750159,-0.0010710749,0.63792593,0.18466667,0.047407407,0.08,0.39,0.39,0.90259259,-0.18466667,1,0
2025-03-18,4.2364774,0.014721268,0.63792593,0.18466667,0.047407407,0.08,0.39,0.39,0.90259259,-0.18466667,1,0
2025-03-19,4.1948228,-0.0098323712,0.63792593,0.18466667,0.047407407,0.08,0.39,0.39,0.90259259,-0.18466667,1,0
2025-03-20,4.2307103,0.0085551904,0.48192593,0.34066667,0.047407407,0.14,0.33,0.39,0.96259259,-0.34066667,2,0.000468
2025-03-21,4.2145434,-0.0038213354,0.58992593,0.17266667,0.047407407,0.14,0.33,0.33,0.90259259,-0.17266667,2,0.000414
2025-03-22,4.2247956,0.0024325924,0.58992593,0.17266667,0.047407407,0.14,0.33,0.33,0.90259259,-0.17266667,2,0
2025-03-23,4.2083942,-0.003882184,0.58992593,0.17266667,0.047407407,0.14,0.33,0.33,0.90259259,-0.17266667,2,0
2025-03-24,4.1680279,-0.0095918468,0.58992593,0.17266667,0.047407407,0.08,0.39,0.33,0.84259259,-0.17266667,1,0
2025-03-25,4.1740112,0.0014355134,0.48192593,0.34066667,0.047407407,0.08,0.39,0.39,0.90259259,-0.34066667,1,0.000414
2025-03-26,4.1785667,0.0010913962,0.48192593,0.34066667,0.047407407,0.08,0.39,0.39,0.90259259,-0.34066667,1,0
2025-03-27,4.1972981,0.0044827484,0.48192593,0.34066667,0.047407407,0.08,0.39,0.39,0.90259259,-0.34066667,1,0
2025-03-28,4.2658555,0.016333696,0.48192593,0.34066667,0.047407407,0.08,0.39,0.39,0.90259259,-0.34066667,1,0
2025-03-29,4.3137824,0.011235004,0.48192593,0.34066667,0.047407407,0.08,0.39,0.39,0.90259259,-0.34066667,1,0
2025-03-30,4.3117552,-0.00046993959,0.48192593,0.34066667,0.047407407,0.08,0.39,0.39,0.90259259,-0.34066667,1,0
2025-03-31,4.3356956,0.0055523479,0.48192593,0.34066667,0.047407407,0.08,0.39,0.39,0.90259259,-0.34066667,1,0
2025-04-01,4.2778045,-0.013352196,0.48192593,0.34066667,0.047407407,0.08,0.39,0.39,0.90259259,-0.34066667,1,0
2025-04-02,4.3627022,0.019846094,0.48192593,0.34066667,0.047407407,0.22,0.25,0.39,1.0425926,-0.30066667,4,0
2025-04-03,4.3145747,-0.011031595,0.42592593,0.25666667,0.047407407,0.08,0.39,0.25,0.76259259,-0.25666667,1,0.00021
2025-04-04,4.2575225,-0.013223138,0.48192593,0.34066667,0.047407407,0.16,0.31,0.39,1.1025926,-0.24066667,3,0.00021
2025-04-05,4.2704675,0.003040501,0.44992593,0.29266667,0.047407407,0.08,0.39,0.31,0.82259259,-0.29266667,1,0.00012
2025-04-06,4.3160174,0.010666273,0.48192593,0.34066667,0.047407407,0.08,0.39,0.39,0.90259259,-0.34066667,1,0.00012
2025-04-07,4.3200093,0.00092488992,0.48192593,0.34066667,0.047407407,0.14,0.33,0.39,1.0525926,-0.19066667,2,0
2025-04-08,4.3642782,0.010247414,0.45792593,0.30466667,0.047407407,0.08,0.39,0.33,0.84259259,-0.30466667,1,9e-05
2025-04-09,4.4219466,0.013213736,0.48192593,0.34066667,0.047407407,0.22,0.25,0.39,1.2525926,-0.24066667,4,9e-05
2025-04-10,4.5153278,0.021117653,0.25,0.33,0.15,0.08,0.39,0.25,0.66,-0.33,1,0.00036388889
2025-04-11,4.4910277,-0.0053816772,0.48192593,0.34066667,0.047407407,0.16,0.31,0.39,1.1025926,-0.24066667,3,0.00036388889
2025-04-12,4.4471351,-0.0097734082,0.44992593,0.29266667,0.047407407,0.08,0.39,0.31,0.82259259,-0.29266667,1,0.00012
2025-04-13,4.4803693,0.0074731881,0.306,0.414,0.15,0.08,0.39,0.39,0.8,-0.414,1,0.00039788889
2025-04-14,4.4588955,-0.0047928692,0.48192593,0.34066667,0.047407407,0.14,0.33,0.39,1.0525926,-0.19066667,2,0.00037388889
2025-04-15,4.4914143,0.0072930154,0.45792593,0.30466667,0.047407407,0.08,0.39,0.33,0.84259259,-0.30466667,1,9e-05
2025-04-16,4.5582336,0.014877105,0.48192593,0.34066667,0.047407407,0.08,0.39,0.39,0.90259259,-0.34066667,1,9e-05
2025-04-17,4.5211806,-0.0081287945,0.48192593,0.34066667,0.047407407,0.08,0.39,0.39,0.90259259,-0.34066667,1,0
2025-04-18,4.533733,0.0027763576,0.48192593,0.34066667,0.047407407,0.08,0.39,0.39,0.90259259,-0.34066667,1,0
2025-04-19,4.5195113,-0.0031368684,0.48192593,0.34066667,0.047407407,0.08,0.39,0.39,0.90259259,-0.34066667,1,0
2025-04-20,4.5319839,0.0027597145,0.48192593,0.34066667,0.047407407,0.08,0.39,0.39,0.90259259,-0.34066667,1,0
2025-04-21,4.5493178,0.0038248004,0.48192593,0.34066667,0.047407407,0.08,0.39,0.39,0.90259259,-0.34066667,1,0
2025-04-22,4.3829009,-0.036580622,0.48192593,0.34066667,0.047407407,0.16,0.31,0.39,0.98259259,-0.26066667,2,0
2025-04-23,4.3857801,0.0006569153,0.274,0.366,0.15,0.22,0.25,0.31,0.86,-0.286,3,0.00034988889
2025-04-24,4.4029714,0.0039197703,0.25,0.33,0.15,0.22,0.25,0.25,0.8,-0.25,3,9e-05
2025-04-25,4.3782676,-0.0056107011,0.25,0.33,0.15,0.22,0.25,0.25,0.8,-0.25,3,0
2025-04-26,4.3766468,-0.00037018428,0.25,0.33,0.15,0.14,0.33,0.25,0.72,-0.33,2,0
2025-04-27,4.3565,-0.0046032518,0.282,0.378,0.15,0.08,0.39,0.33,0.74,0.378,1,0.00012
2025-04-28,4.3980655,0.0095410234,0.306,0.40272374,0.15,0.097276265,0.37,0.39,0.806,0.5,1,7.3085603e-05
2025-04-29,4.3719746,-0.0059323604,0.298,0.40039841,0.15,0.099601594,0.37,0.37,0.798,0.5,1,1.5487994e-05
2025-04-30,4.3563321,-0.0035779102,0.298,0.40039841,0.15,0.099601594,0.37,0.37,0.798,0.5,1,0
2025-05-01,4.3973586,0.0094176827,0.298,0.40039841,0.15,0.099601594,0.37,0.37,0.798,0.5,1,0
2025-05-02,4.3999874,0.00059781451,0.298,0.33388704,0.15,0.15627907,0.29,0.37,0.898,0.5,3,9.9767045e-05
2025-05-03,4.3802636,-0.0044826919,0.266,0.354,0.15,0.1,0.37,0.29,0.72,0.454,1,7.8169435e-05
2025-05-04,4.3457513,-0.007879057,0.298,0.40039841,0.15,0.099601594,0.37,0.37,0.798,0.5,1,0.00011759761
2025-05-05,4.3850722,0.0090481251,0.298,0.30828221,0.15,0.12269939,0.31,0.37,0.798,0.5,2,0.0001381743
2025-05-06,4.4518033,0.01521778,0.274,0.366,0.15,0.1,0.37,0.31,0.74,0.466,1,0.00012257669
2025-05-07,4.449616,-0.00049132075,0.298,0.33388704,0.15,0.21627907,0.23,0.37,1.048,0.5,4,8.4169435e-05
2025-05-08,4.5492346,0.022388129,0.242,0.318,0.15,0.1,0.37,0.23,0.66,0.418,1,0.00010783056
2025-05-09,4.602581,0.011726465,0.298,0.33388704,0.15,0.21627907,0.23,0.37,0.958,0.5,4,0.00010783056
2025-05-10,4.6615896,0.012820769,0.242,0.318,0.15,0.24,0.23,0.23,0.8,0.418,3,0.00010783056
2025-05-11,4.6302763,-0.0067173009,0.242,0.318,0.15,0.24,0.23,0.23,0.8,0.418,3,0
2025-05-12,4.5806053,-0.010727447,0.242,0.27992958,0.15,0.28084507,0.17,0.23,0.882,0.5,4,5.7105634e-05
2025-05-13,4.6281452,0.010378515,0.218,0.282,0.15,0.24,0.23,0.17,0.74,0.382,3,3.9105634e-05
2025-05-14,4.5577041,-0.015220153,0.242,0.30694981,0.15,0.37513514,0.09,0.23,1.132,0.5,6,7.342471e-05
2025-05-15,4.5675616,0.0021628235,0.186,0.234,0.15,0.24,0.23,0.09,0.66,0.334,3,0.00019342471
2025-05-16,4.5514652,-0.0035240733,0.242,0.318,0.15,0.24,0.23,0.23,0.8,0.418,3,0.00021
2025-05-17,4.5402789,-0.0024577248,0.242,0.318,0.15,0.24,0.23,0.23,0.8,0.418,3,0
2025-05-18,4.6110971,0.015597762,0.242,0.318,0.15,0.24,0.23,0.23,0.8,0.418,3,0
2025-05-19,4.5951973,-0.0034481565,0.242,0.318,0.15,0.24,0.23,0.23,0.8,0.418,3,0
2025-05-20,4.6411687,0.01000423,0.242,0.318,0.15,0.24,0.23,0.23,0.8,0.418,3,0
2025-05-21,4.7016224,0.013025532,0.242,0.318,0.15,0.24,0.23,0.23,0.8,0.418,3,0
2025-05-22,4.7464964,0.0095443654,0.242,0.318,0.15,0.24,0.23,0.23,0.8,0.418,3,0
2025-05-23,4.6721829,-0.015656508,0.242,0.318,0.15,0.24,0.23,0.23,0.8,0.418,3,0
2025-05-24,4.6810839,0.0019051037,0.242,0.318,0.15,0.24,0.23,0.23,0.8,0.418,3,0
2025-05-25,4.7014037,0.0043408453,0.242,0.318,0.15,0.24,0.23,0.23,0.8,0.418,3,0
2025-05-26,4.7141042,0.0027014236,0.242,0.318,0.15,0.24,0.23,0.23,0.8,0.418,3,0
2025-05-27,4.7036853,-0.0022101687,0.242,0.318,0.15,0.24,0.23,0.23,0.8,0.418,3,0
2025-05-28,4.6708989,-0.0069703645,0.242,0.318,0.15,0.3,0.17,0.23,0.86,0.418,4,0
2025-05-29,4.6460134,-0.0053277632,0.218,0.282,0.15,0.3,0.17,0.17,0.8,0.382,4,9e-05
2025-05-30,4.6134847,-0.0070014172,0.218,0.282,0.15,0.24,0.23,0.17,0.74,0.382,3,0
2025-05-31,4.6229467,0.0020509469,0.242,0.318,0.15,0.24,0.23,0.23,0.8,0.418,3,9e-05
2025-06-01,4.6502857,0.0059137589,0.242,0.318,0.15,0.18,0.29,0.23,0.74,0.418,2,0
2025-06-02,4.6792029,0.0062183558,0.266,0.29304636,0.15,0.21245033,0.23,0.29,0.846,0.5,3,7.3430464e-05
2025-06-03,4.6609215,-0.0039069386,0.242,0.318,0.15,0.18,0.29,0.23,0.74,0.418,2,7.3430464e-05
2025-06-04,4.6479788,-0.0027768497,0.266,0.31949458,0.15,0.30635379,0.15,0.29,1.096,0.5,5,3.8241877e-05
2025-06-05,4.6063571,-0.008954813,0.21,0.27,0.15,0.08,0.39,0.15,0.56,0.27,1,0.00015824188
2025-06-06,4.6303838,0.0052160073,0.48192593,0.34066667,0.047407407,0.16,0.31,0.39,1.1025926,0.44066667,3,0.00051388889
2025-06-07,4.648791,0.0039752971,0.274,0.366,0.15,0.08,0.39,0.31,0.72,0.366,1,0.00034988889
2025-06-08,4.6555561,0.0014552401,0.48192593,0.34066667,0.047407407,0.08,0.39,0.39,0.90259259,0.34066667,1,0.00034988889
2025-06-09,4.745919,0.019409693,0.48192593,0.34066667,0.047407407,0.14,0.33,0.39,1.0525926,0.49066667,2,0
2025-06-10,4.7559277,0.0021089056,0.282,0.378,0.15,0.2,0.27,0.33,0.86,0.378,3,0.00035588889
2025-06-11,4.7549347,-0.00020880045,0.258,0.342,0.15,0.28,0.19,0.27,1.09,0.442,5,9e-05
2025-06-12,4.7259112,-0.0061038599,0.226,0.294,0.15,0.14,0.33,0.19,0.66,0.294,2,0.00012
2025-06-13,4.7698797,0.0093037021,0.45792593,0.30466667,0.047407407,0.22,0.25,0.33,1.1025926,0.40466667,4,0.00036388889
2025-06-14,4.7768682,0.0014651438,0.42592593,0.25666667,0.047407407,0.08,0.39,0.25,0.76259259,0.25666667,1,0.00012
2025-06-15,4.771662,-0.0010898861,0.48192593,0.34066667,0.047407407,0.08,0.39,0.39,0.90259259,0.34066667,1,0.00021
2025-06-16,4.7607306,-0.0022909013,0.48192593,0.34066667,0.047407407,0.08,0.39,0.39,0.90259259,0.34066667,1,0
2025-06-17,4.7142514,-0.0097630389,0.48192593,0.34066667,0.047407407,0.08,0.39,0.39,0.90259259,0.34066667,1,0
2025-06-18,4.7072514,-0.0014848605,0.48192593,0.34066667,0.047407407,0.08,0.39,0.39,0.90259259,0.34066667,1,0
2025-06-19,4.7000601,-0.0015277037,0.48192593,0.34066667,0.047407407,0.08,0.39,0.39,0.90259259,0.34066667,1,0
2025-06-20,4.6825885,-0.003717326,0.48192593,0.34066667,0.047407407,0.08,0.39,0.39,0.90259259,0.34066667,1,0
2025-06-21,4.665672,-0.0036126185,0.48192593,0.34066667,0.047407407,0.22,0.25,0.39,1.0425926,0.26066667,3,0
2025-06-22,4.657958,-0.0016533558,0.42592593,0.25666667,0.047407407,0.22,0.25,0.25,0.90259259,0.17666667,3,0.00021
2025-06-23,4.6934625,0.0076223353,0.42592593,0.25666667,0.047407407,0.22,0.25,0.25,0.90259259,0.17666667,3,0
2025-06-24,4.6904757,-0.00063638361,0.42592593,0.25666667,0.047407407,0.22,0.25,0.25,0.90259259,0.17666667,3,0
2025-06-25,4.7097614,0.0041116621,0.42592593,0.25666667,0.047407407,0.08,0.39,0.25,0.76259259,0.25666667,1,0
2025-06-26,4.6882365,-0.0045702613,0.48192593,0.34066667,0.047407407,0.14,0.33,0.39,0.96259259,0.34066667,2,0.00021
2025-06-27,4.6654885,-0.0048521535,0.45792593,0.30466667,0.047407407,0.08,0.39,0.33,0.84259259,0.30466667,1,9e-05
2025-06-28,4.664346,-0.00024488487,0.48192593,0.34066667,0.047407407,0.08,0.39,0.39,0.90259259,0.34066667,1,9e-05
2025-06-29,4.6715426,0.0015429071,0.48192593,0.34066667,0.047407407,0.08,0.39,0.39,0.90259259,0.34066667,1,0
2025-06-30,4.6833505,0.0025276149,0.48192593,0.34066667,0.047407407,0.08,0.39,0.39,0.90259259,0.34066667,1,0
2025-07-01,4.6798259,-0.00075257949,0.48192593,0.34066667,0.047407407,0.08,0.39,0.39,0.90259259,0.34066667,1,0
2025-07-02,4.798067,0.025266139,0.48192593,0.34066667,0.047407407,0.22,0.25,0.39,1.2525926,0.44066667,4,0
2025-07-03,4.7956065,-0.00051280738,0.42592593,0.25666667,0.047407407,0.08,0.39,0.25,0.76259259,0.25666667,1,0.00021
2025-07-04,4.7590678,-0.007619202,0.48192593,0.34066667,0.047407407,0.16,0.31,0.39,1.1025926,0.44066667,3,0.00021
2025-07-05,4.7618172,0.00057770435,0.44992593,0.29266667,0.047407407,0.08,0.39,0.31,0.82259259,0.29266667,1,0.00012
2025-07-06,4.77456,0.002676042,0.306,0.414,0.15,0.08,0.39,0.39,0.8,0.414,1,0.00039788889
2025-07-07,4.751079,-0.0049179396,0.48192593,0.34066667,0.047407407,0.14,0.33,0.39,1.0525926,0.49066667,2,0.00037388889
2025-07-08,4.7421161,-0.0018864988,0.45792593,0.30466667,0.047407407,0.08,0.39,0.33,0.84259259,0.30466667,1,9e-05
2025-07-09,4.8533466,0.023455878,0.48192593,0.34066667,0.047407407,0.28,0.19,0.39,1.3125926,0.44066667,5,9e-05
2025-07-10,4.9271642,0.015209636,0.40192593,0.22066667,0.047407407,0.2,0.27,0.19,0.82259259,0.22066667,3,0.0003
2025-07-11,4.9831119,0.011354943,0.258,0.342,0.15,0.28,0.19,0.27,1,0.442,5,0.00039788889
2025-07-12,4.9972855,0.0028443284,0.226,0.294,0.15,0.2,0.27,0.19,0.72,0.294,3,0.00012
2025-07-13,5.0335925,0.0072653513,0.258,0.342,0.15,0.2,0.27,0.27,0.8,0.342,3,0.00012
2025-07-14,5.0300472,-0.000704337,0.258,0.342,0.15,0.2,0.27,0.27,0.89,0.492,3,0
2025-07-15,5.0086477,-0.0042543227,0.258,0.342,0.15,0.14,0.33,0.27,0.74,0.342,2,0
2025-07-16,5.050241,0.0083042907,0.282,0.378,0.15,0.14,0.33,0.33,0.8,0.378,2,9e-05
2025-07-17,5.0664989,0.0032192392,0.282,0.378,0.15,0.24,0.23,0.33,0.9,0.478,3,0
2025-07-18,5.052439,-0.0027750716,0.242,0.318,0.15,0.24,0.23,0.23,0.8,0.418,3,0.00015
2025-07-19,5.0584326,0.0011862782,0.242,0.318,0.15,0.24,0.23,0.23,0.8,0.418,3,0
2025-07-20,5.0601692,0.00034330244,0.242,0.318,0.15,0.24,0.23,0.23,0.8,0.418,3,0
2025-07-21,5.0789002,0.0037016538,0.242,0.318,0.15,0.24,0.23,0.23,0.8,0.418,3,0
2025-07-22,5.1349941,0.011044489,0.242,0.318,0.15,0.24,0.23,0.23,0.8,0.418,3,0
2025-07-23,5.0928111,-0.0082148071,0.242,0.318,0.15,0.24,0.23,0.23,0.8,0.418,3,0
2025-07-24,5.0856467,-0.0014067614,0.242,0.318,0.15,0.24,0.23,0.23,0.8,0.418,3,0
2025-07-25,5.0644202,-0.0041738068,0.242,0.318,0.15,0.24,0.23,0.23,0.8,0.418,3,0
2025-07-26,5.0727524,0.0016452473,0.242,0.318,0.15,0.32,0.15,0.23,0.88,0.338,4,0
2025-07-27,5.1030698,0.0059765099,0.21,0.27,0.15,0.32,0.15,0.15,0.8,0.29,4,0.00012
2025-07-28,5.0672472,-0.0070198019,0.21,0.27,0.15,0.32,0.15,0.15,0.8,0.29,4,0
2025-07-29,5.0698404,0.00051174176,0.21,0.27,0.15,0.32,0.15,0.15,0.8,0.29,4,0
2025-07-30,5.0580579,-0.0023240317,0.21,0.27,0.15,0.24,0.23,0.15,0.72,0.37,3,0
2025-07-31,5.0096823,-0.0095640646,0.242,0.318,0.15,0.24,0.23,0.23,0.8,0.418,3,0.00012
2025-08-01,4.9539878,-0.011117377,0.242,0.30694981,0.15,0.31513514,0.15,0.23,0.982,0.5,5,1.657529e-05
2025-08-02,4.9408584,-0.0026502568,0.38592593,0.19666667,0.047407407,0.18,0.29,0.15,0.76259259,0.29666667,2,0.0003813136
2025-08-03,4.9700559,0.0059093996,0.44192593,0.28066667,0.047407407,0.18,0.29,0.29,0.90259259,0.38066667,2,0.00021
2025-08-04,5.0093897,0.0079141537,0.266,0.29304636,0.15,0.27245033,0.17,0.29,0.906,0.5,4,0.00028245843
2025-08-05,4.9870903,-0.0044515281,0.218,0.282,0.15,0.24,0.23,0.17,0.74,0.382,3,8.8569536e-05
2025-08-06,5.0224597,0.0070921832,0.41792593,0.24466667,0.047407407,0.38,0.09,0.23,1.2525926,0.44466667,6,0.00035588889
2025-08-07,5.0709322,0.0096511548,0.186,0.234,0.15,0.14,0.33,0.09,0.56,0.234,2,0.00036388889
2025-08-08,5.0677593,-0.00062570653,0.282,0.378,0.15,0.22,0.25,0.33,1,0.478,4,0.00036
2025-08-09,5.0811799,0.0026482411,0.42592593,0.25666667,0.047407407,0.14,0.33,0.25,0.82259259,0.25666667,2,0.00039788889
2025-08-10,5.1168833,0.0070265948,0.45792593,0.30466667,0.047407407,0.14,0.33,0.33,0.90259259,0.30466667,2,0.00012
2025-08-11,5.0643676,-0.010263217,0.45792593,0.30466667,0.047407407,0.2,0.27,0.33,1.0525926,0.45466667,3,0
2025-08-12,5.103954,0.0078166404,0.43392593,0.26866667,0.047407407,0.14,0.33,0.27,0.84259259,0.26866667,2,9e-05
2025-08-13,5.2120608,0.021181001,0.45792593,0.30466667,0.047407407,0.34,0.13,0.33,1.3125926,0.40466667,6,9e-05
2025-08-14,5.1402668,-0.013774603,0.37792593,0.18466667,0.047407407,0.2,0.27,0.13,0.76259259,0.18466667,3,0.0003
2025-08-15,5.11718,-0.0044913462,0.43392593,0.26866667,0.047407407,0.2,0.27,0.27,0.90259259,0.26866667,3,0.00021
2025-08-16,5.1132246,-0.00077296189,0.43392593,0.26866667,0.047407407,0.14,0.33,0.27,0.84259259,0.26866667,2,0
2025-08-17,5.1090956,-0.00080751564,0.45792593,0.30466667,0.047407407,0.08,0.39,0.33,0.84259259,0.30466667,1,9e-05
2025-08-18,5.096623,-0.0024412684,0.48192593,0.34066667,0.047407407,0.08,0.39,0.39,0.90259259,0.34066667,1,9e-05
2025-08-19,5.0331399,-0.012455908,0.48192593,0.34066667,0.047407407,0.08,0.39,0.39,0.90259259,0.34066667,1,0
2025-08-20,5.0743817,0.008194058,0.48192593,0.34066667,0.047407407,0.08,0.39,0.39,0.90259259,0.34066667,1,0
2025-08-21,5.0415143,-0.0064771376,0.48192593,0.34066667,0.047407407,0.08,0.39,0.39,0.90259259,0.34066667,1,0
2025-08-22,5.1335974,0.018264971,0.48192593,0.34066667,0.047407407,0.08,0.39,0.39,0.90259259,0.34066667,1,0
2025-08-23,5.1083289,-0.0049221826,0.48192593,0.34066667,0.047407407,0.08,0.39,0.39,0.90259259,0.34066667,1,0
2025-08-24,5.0792897,-0.0056846789,0.48192593,0.34066667,0.047407407,0.08,0.39,0.39,0.90259259,0.34066667,1,0
2025-08-25,5.0149828,-0.012660603,0.48192593,0.34066667,0.047407407,0.08,0.39,0.39,0.90259259,0.34066667,1,0
2025-08-26,5.0659257,0.01015814,0.48192593,0.34066667,0.047407407,0.08,0.39,0.39,0.90259259,0.34066667,1,0
2025-08-27,5.0653536,-0.00011292679,0.48192593,0.34066667,0.047407407,0.08,0.39,0.39,0.90259259,0.34066667,1,0
2025-08-28,5.1058703,0.0079987891,0.48192593,0.34066667,0.047407407,0.08,0.39,0.39,0.90259259,0.34066667,1,0
2025-08-29,5.07437,-0.0061694245,0.48192593,0.34066667,0.047407407,0.08,0.39,0.39,0.90259259,0.34066667,1,0
2025-08-30,5.0821147,0.0015262409,0.48192593,0.34066667,0.047407407,0.08,0.39,0.39,0.90259259,0.34066667,1,0
2025-08-31,5.0714866,-0.0020912905,0.48192593,0.34066667,0.047407407,0.08,0.39,0.39,0.90259259,0.34066667,1,0
2025-09-01,5.1239783,0.010350368,0.48192593,0.34066667,0.047407407,0.14,0.33,0.39,1.0525926,0.49066667,2,0
2025-09-02,5.1823671,0.011395198,0.45792593,0.30466667,0.047407407,0.08,0.39,0.33,0.84259259,0.30466667,1,9e-05
2025-09-03,5.2541015,0.01384203,0.48192593,0.34066667,0.047407407,0.22,0.25,0.39,1.2525926,0.44066667,4,9e-05
2025-09-04,5.2313632,-0.0043277245,0.42592593,0.25666667,0.047407407,0.08,0.39,0.25,0.76259259,0.25666667,1,0.00021
2025-09-05,5.2742562,0.0081992032,0.48192593,0.34066667,0.047407407,0.16,0.31,0.39,1.1025926,0.44066667,3,0.00021
2025-09-06,5.288486,0.0026979716,0.44992593,0.29266667,0.047407407,0.08,0.39,0.31,0.82259259,0.29266667,1,0.00012
2025-09-07,5.2868454,-0.00031023612,0.48192593,0.34066667,0.047407407,0.08,0.39,0.39,0.90259259,0.34066667,1,0.00012
2025-09-08,5.3364799,0.0093883128,0.48192593,0.34066667,0.047407407,0.14,0.33,0.39,1.0525926,0.49066667,2,0
2025-09-09,5.3301588,-0.0011845115,0.45792593,0.30466667,0.047407407,0.08,0.39,0.33,0.84259259,0.30466667,1,9e-05
2025-09-10,5.3943615,0.012045183,0.48192593,0.34066667,0.047407407,0.22,0.25,0.39,1.2525926,0.44066667,4,9e-05
2025-09-11,5.4054056,0.0020473284,0.42592593,0.25666667,0.047407407,0.08,0.39,0.25,0.76259259,0.25666667,1,0.00021
2025-09-12,5.4225195,0.0031660706,0.48192593,0.34066667,0.047407407,0.16,0.31,0.39,1.1025926,0.44066667,3,0.00021
2025-09-13,5.418203,-0.00079601693,0.44992593,0.29266667,0.047407407,0.08,0.39,0.31,0.82259259,0.29266667,1,0.00012
2025-09-14,5.4114726,-0.0012421966,0.48192593,0.34066667,0.047407407,0.08,0.39,0.39,0.90259259,0.34066667,1,0.00012
2025-09-15,5.4410631,0.0054681193,0.48192593,0.34066667,0.047407407,0.08,0.39,0.39,0.90259259,0.34066667,1,0
2025-09-16,5.4793366,0.0070341946,0.48192593,0.34066667,0.047407407,0.08,0.39,0.39,0.90259259,0.34066667,1,0
2025-09-17,5.4503564,-0.0052890129,0.48192593,0.34066667,0.047407407,0.08,0.39,0.39,0.90259259,0.34066667,1,0
2025-09-18,5.4414015,-0.0016429934,0.48192593,0.34066667,0.047407407,0.08,0.39,0.39,0.90259259,0.34066667,1,0
2025-09-19,5.4509572,0.00175611,0.48192593,0.34066667,0.047407407,0.08,0.39,0.39,0.90259259,0.34066667,1,0
2025-09-20,5.4489267,-0.00037250068,0.48192593,0.34066667,0.047407407,0.08,0.39,0.39,0.90259259,0.34066667,1,0
2025-09-21,5.4456603,-0.00059944976,0.48192593,0.34066667,0.047407407,0.08,0.39,0.39,0.90259259,0.34066667,1,0
2025-09-22,5.451166,0.0010110239,0.48192593,0.34066667,0.047407407,0.08,0.39,0.39,0.90259259,0.34066667,1,0
2025-09-23,5.4521566,0.00018172617,0.48192593,0.34066667,0.047407407,0.08,0.39,0.39,0.90259259,0.34066667,1,0
2025-09-24,5.4604135,0.0015144276,0.48192593,0.34066667,0.047407407,0.08,0.39,0.39,0.90259259,0.34066667,1,0
2025-09-25,5.3885767,-0.01315593,0.48192593,0.34066667,0.047407407,0.08,0.39,0.39,0.90259259,0.34066667,1,0
2025-09-26,5.4132308,0.0045752507,0.48192593,0.34066667,0.047407407,0.08,0.39,0.39,0.90259259,0.34066667,1,0
2025-09-27,5.4144864,0.00023195021,0.48192593,0.34066667,0.047407407,0.08,0.39,0.39,0.90259259,0.34066667,1,0
2025-09-28,5.4578668,0.0080119236,0.48192593,0.34066667,0.047407407,0.08,0.39,0.39,0.90259259,0.34066667,1,0
2025-09-29,5.5434284,0.015676738,0.48192593,0.34066667,0.047407407,0.08,0.39,0.39,0.90259259,0.34066667,1,0
2025-09-30,5.5486158,0.00093577023,0.306,0.414,0.15,0.08,0.39,0.39,0.8,0.414,1,0.00037388889
2025-10-01,5.7020656,0.027655508,0.306,0.40272374,0.15,0.21891051,0.25,0.39,1.136,0.5,4,1.6914397e-05
2025-10-02,5.7403784,0.006719112,0.25,0.33,0.15,0.14,0.33,0.25,0.72,0.33,2,0.0001930856
2025-10-03,5.773554,0.0057793475,0.282,0.33870968,0.15,0.28752688,0.17,0.33,1.022,0.5,5,6.1064516e-05
2025-10-04,5.7828963,0.0016181127,0.218,0.282,0.15,0.16,0.31,0.17,0.66,0.362,2,0.00018106452
2025-10-05,5.8086323,0.0044503711,0.274,0.366,0.15,0.16,0.31,0.31,0.8,0.446,2,0.00021
2025-10-06,5.8637253,0.0094846718,0.274,0.26293103,0.15,0.25241379,0.15,0.31,0.854,0.5,4,0.00015460345
2025-10-07,5.812112,-0.0088021391,0.21,0.27,0.15,0.26,0.21,0.15,0.74,0.45,3,0.00010660345
2025-10-08,5.8697466,0.0099163058,0.234,0.26109215,0.15,0.36771331,0.07,0.21,1.064,0.5,6,4.9361775e-05
2025-10-09,5.8355999,-0.0058174178,0.178,0.222,0.15,0.26,0.21,0.07,0.66,0.402,3,0.00014263823
2025-10-10,5.651857,-0.031486551,0.234,0.30237154,0.15,0.25833992,0.21,0.21,0.914,0.5,4,0.00020455731
2025-10-11,5.6303751,-0.0038008405,0.40992593,0.23266667,0.047407407,0.08,0.39,0.21,0.72259259,0.23266667,1,0.0003684462
2025-10-12,5.7338117,0.018371163,0.48192593,0.34066667,0.047407407,0.08,0.39,0.39,0.90259259,0.34066667,1,0.00027
2025-10-13,5.8112401,0.01350383,0.48192593,0.34066667,0.047407407,0.14,0.33,0.39,1.0525926,0.49066667,2,0
2025-10-14,5.7998809,-0.0019546963,0.45792593,0.30466667,0.047407407,0.08,0.39,0.33,0.84259259,0.30466667,1,9e-05
2025-10-15,5.8010946,0.00020926308,0.48192593,0.34066667,0.047407407,0,0.47,0.39,0.82259259,0.34066667,0,9e-05
2025-10-16,5.8876408,0.014918945,0.51392593,0.38866667,0.047407407,0,0.47,0.47,0.90259259,0.38866667,0,0.00012
2025-10-17,5.7154812,-0.029240855,0.51392593,0.38866667,0.047407407,0,0.47,0.47,0.90259259,0.38866667,0,0
2025-10-18,5.7339228,0.0032266114,0.51392593,0.38866667,0.047407407,0,0.47,0.47,0.90259259,0.38866667,0,0
2025-10-19,5.7640194,0.0052488623,0.51392593,0.38866667,0.047407407,0,0.47,0.47,0.90259259,0.38866667,0,0
2025-10-20,5.8879357,0.021498247,0.51392593,0.38866667,0.047407407,0,0.47,0.47,0.90259259,0.38866667,0,0
2025-10-21,5.6574191,-0.039150654,0.51392593,0.38866667,0.047407407,0,0.47,0.47,0.90259259,0.38866667,0,0
2025-10-22,5.6379895,-0.0034343665,0.51392593,0.38866667,0.047407407,0,0.47,0.47,0.90259259,0.38866667,0,0
2025-10-23,5.7073508,0.012302492,0.51392593,0.38866667,0.047407407,0,0.47,0.47,0.90259259,0.38866667,0,0
2025-10-24,5.7211185,0.0024122685,0.51392593,0.38866667,0.047407407,0,0.47,0.47,0.90259259,0.38866667,0,0
2025-10-25,5.7334506,0.0021555433,0.51392593,0.38866667,0.047407407,0.08,0.39,0.47,0.98259259,0.38866667,1,0
2025-10-26,5.7499386,0.0028757563,0.48192593,0.34066667,0.047407407,0.08,0.39,0.39,0.90259259,0.34066667,1,0.00012
2025-10-27,5.6961215,-0.0093595926,0.48192593,0.34066667,0.047407407,0.08,0.39,0.39,0.90259259,0.34066667,1,0
2025-10-28,5.6592718,-0.0064692578,0.48192593,0.34066667,0.047407407,0.08,0.39,0.39,0.90259259,0.34066667,1,0
2025-10-29,5.6018712,-0.010142768,0.48192593,0.34066667,0.047407407,0.08,0.39,0.39,0.90259259,0.34066667,1,0
2025-10-30,5.6257169,0.0042567376,0.48192593,0.34066667,0.047407407,0.08,0.39,0.39,0.90259259,0.34066667,1,0
2025-10-31,5.6256643,-9.3489666e-06,0.48192593,0.34066667,0.047407407,0.08,0.39,0.39,0.90259259,0.34066667,1,0
2025-11-01,5.6399882,0.0025461753,0.48192593,0.34066667,0.047407407,0.08,0.39,0.39,0.90259259,0.34066667,1,0
2025-11-02,5.6279316,-0.0021376958,0.48192593,0.34066667,0.047407407,0.08,0.39,0.39,0.90259259,0.34066667,1,0
2025-11-03,5.5659834,-0.011007287,0.48192593,0.34066667,0.047407407,0.14,0.33,0.39,1.0525926,0.49066667,2,0
2025-11-04,5.4733447,-0.016643722,0.58992593,0.17266667,0.047407407,0.14,0.33,0.33,0.90259259,0.17266667,2,0.000414
2025-11-05,5.5957944,0.022372016,0.58992593,0.17266667,0.047407407,0.28,0.19,0.33,1.2525926,0.27266667,5,0
2025-11-06,5.5870621,-0.0015605208,0.47792593,0.14466667,0.047407407,0.14,0.33,0.19,0.76259259,0.14466667,2,0.00021
2025-11-07,5.5772959,-0.0017480017,0.58992593,0.17266667,0.047407407,0.22,0.25,0.33,1.1025926,0.27266667,4,0.00021
2025-11-08,5.5660969,-0.0020079517,0.52592593,0.15666667,0.047407407,0.08,0.39,0.25,0.76259259,0.15666667,1,0.00012
2025-11-09,5.552899,-0.0023711301,0.63792593,0.18466667,0.047407407,0.08,0.39,0.39,0.90259259,-0.18466667,1,0.00021
2025-11-10,5.5982443,0.0081660599,0.48192593,0.34066667,0.047407407,0.14,0.33,0.39,1.0525926,-0.19066667,2,0.000468
2025-11-11,5.6535912,0.0098864757,0.45792593,0.30466667,0.047407407,0.08,0.39,0.33,0.84259259,-0.30466667,1,9e-05
2025-11-12,5.7263555,0.012870452,0.63792593,0.18466667,0.047407407,0.22,0.25,0.39,1.2525926,-0.084666667,4,0.00045
2025-11-13,5.7409899,0.0025556281,0.52592593,0.15666667,0.047407407,0.08,0.39,0.25,0.76259259,-0.15666667,1,0.00021
2025-11-14,5.6622133,-0.013721785,0.63792593,0.18466667,0.047407407,0.16,0.31,0.39,1.1025926,-0.084666667,3,0.00021
2025-11-15,5.6664817,0.00075383573,0.57392593,0.16866667,0.047407407,0.14,0.33,0.31,0.88259259,-0.16866667,2,0.00012
2025-11-16,5.6771571,0.0018839531,0.58992593,0.17266667,0.047407407,0.14,0.33,0.33,0.90259259,-0.17266667,2,3e-05
2025-11-17,5.6472548,-0.0052671248,0.58992593,0.17266667,0.047407407,0.14,0.33,0.33,0.90259259,-0.17266667,2,0
2025-11-18,5.6744392,0.0048137406,0.58992593,0.17266667,0.047407407,0.16,0.31,0.33,0.92259259,-0.25266667,2,0
2025-11-19,5.7173609,0.00756404,0.57392593,0.16866667,0.047407407,0.16,0.31,0.31,0.90259259,-0.24866667,2,3e-05
2025-11-20,5.7578314,0.007078534,0.57392593,0.16866667,0.047407407,0.16,0.31,0.31,0.90259259,-0.24866667,2,0
2025-11-21,5.7739431,0.0027982244,0.57392593,0.16866667,0.047407407,0.22,0.25,0.31,0.96259259,-0.24866667,3,0
2025-11-22,5.7735243,-7.2528031e-05,0.52592593,0.15666667,0.047407407,0.14,0.33,0.25,0.82259259,-0.15666667,2,9e-05
2025-11-23,5.7564288,-0.002961027,0.58992593,0.17266667,0.047407407,0.14,0.33,0.33,0.90259259,-0.17266667,2,0.00012
2025-11-24,5.8047645,0.0083968239,0.58992593,0.17266667,0.047407407,0.14,0.33,0.33,0.90259259,-0.17266667,2,0
2025-11-25,5.8028846,-0.00032385874,0.58992593,0.17266667,0.047407407,0.08,0.39,0.33,0.84259259,-0.17266667,1,0
2025-11-26,5.7971108,-0.00099498369,0.63792593,0.18466667,0.047407407,0.08,0.39,0.39,0.90259259,-0.18466667,1,9e-05
2025-11-27,5.7830483,-0.0024257819,0.63792593,0.18466667,0.047407407,0.08,0.39,0.39,0.90259259,-0.18466667,1,0
2025-11-28,5.8522897,0.011973181,0.63792593,0.18466667,0.047407407,0.08,0.39,0.39,0.90259259,-0.18466667,1,0
2025-11-29,5.8668843,0.0024938234,0.63792593,0.18466667,0.047407407,0.08,0.39,0.39,0.90259259,-0.18466667,1,0
2025-11-30,5.8637203,-0.0005393029,0.63792593,0.18466667,0.047407407,0.08,0.39,0.39,0.90259259,-0.18466667,1,0
2025-12-01,5.9050297,0.0070449146,0.63792593,0.18466667,0.047407407,0.14,0.33,0.39,1.0525926,-0.034666667,2,0
2025-12-02,5.8200655,-0.014388449,0.58992593,0.17266667,0.047407407,0.08,0.39,0.33,0.84259259,-0.17266667,1,9e-05
2025-12-03,5.8138782,-0.0010631007,0.63792593,0.18466667,0.047407407,0.3,0.17,0.39,1.1225926,-0.064666667,5,9e-05
2025-12-04,5.8220445,0.0014046297,0.46192593,0.14066667,0.047407407,0.22,0.25,0.17,0.82259259,-0.060666667,3,0.00033
2025-12-05,5.8508462,0.0049469984,0.42592593,0.25666667,0.047407407,0.3,0.17,0.25,0.98259259,-0.13666667,5,0.000228
2025-12-06,5.8503655,-8.2150494e-05,0.46192593,0.14066667,0.047407407,0.22,0.25,0.17,0.82259259,-0.060666667,3,0.000228
2025-12-07,5.836482,-0.0023731087,0.52592593,0.15666667,0.047407407,0.14,0.33,0.25,0.82259259,-0.15666667,2,0.00012
2025-12-08,5.8209891,-0.0026544786,0.58992593,0.17266667,0.047407407,0.14,0.33,0.33,0.90259259,-0.11266667,2,0.00012
2025-12-09,5.8078242,-0.0022616401,0.58992593,0.17266667,0.047407407,0.08,0.39,0.33,0.84259259,-0.17266667,1,0
2025-12-10,5.83899,0.0053661806,0.63792593,0.18466667,0.047407407,0.22,0.25,0.39,1.0425926,-0.14466667,4,9e-05
2025-12-11,5.8662414,0.0046671393,0.52592593,0.15666667,0.047407407,0.08,0.39,0.25,0.76259259,-0.15666667,1,0.00021
2025-12-12,5.9109956,0.0076291132,0.63792593,0.18466667,0.047407407,0.16,0.31,0.39,0.98259259,-0.14466667,3,0.00021
2025-12-13,5.9169713,0.001010947,0.57392593,0.16866667,0.047407407,0.08,0.39,0.31,0.82259259,-0.16866667,1,0.00012
2025-12-14,5.9607692,0.0074020781,0.48192593,0.34066667,0.047407407,0.08,0.39,0.39,0.90259259,-0.34066667,1,0.000396
2025-12-15,6.0001876,0.0066129732,0.48192593,0.34066667,0.047407407,0.08,0.39,0.39,0.90259259,-0.34066667,1,0
2025-12-16,5.9708595,-0.0048878572,0.48192593,0.34066667,0.047407407,0.08,0.39,0.39,0.90259259,-0.34066667,1,0
2025-12-17,6.0325671,0.010334797,0.48192593,0.34066667,0.047407407,0.08,0.39,0.39,0.90259259,-0.34066667,1,0
2025-12-18,6.0432665,0.0017736029,0.48192593,0.34066667,0.047407407,0.08,0.39,0.39,0.90259259,-0.34066667,1,0
2025-12-19,5.9824305,-0.010066753,0.48192593,0.34066667,0.047407407,0.08,0.39,0.39,0.90259259,-0.34066667,1,0
2025-12-20,5.9778612,-0.00076377233,0.48192593,0.34066667,0.047407407,0.08,0.39,0.39,0.90259259,-0.34066667,1,0
2025-12-21,5.9811881,0.00055653238,0.48192593,0.34066667,0.047407407,0.08,0.39,0.39,0.90259259,-0.34066667,1,0
2025-12-22,6.0598732,0.013155433,0.48192593,0.34066667,0.047407407,0.08,0.39,0.39,0.90259259,-0.34066667,1,0
2025-12-23,6.1163588,0.0093212379,0.48192593,0.34066667,0.047407407,0.08,0.39,0.39,0.90259259,-0.34066667,1,0
2025-12-24,6.0899115,-0.0043240246,0.48192593,0.34066667,0.047407407,0.08,0.39,0.39,0.90259259,-0.34066667,1,0
2025-12-25,6.1131001,0.0038077099,0.48192593,0.34066667,0.047407407,0.08,0.39,0.39,0.90259259,-0.34066667,1,0
2025-12-26,6.1367194,0.0038637235,0.48192593,0.34066667,0.047407407,0.08,0.39,0.39,0.90259259,-0.34066667,1,0
2025-12-27,6.1338428,-0.00046874586,0.48192593,0.34066667,0.047407407,0.08,0.39,0.39,0.90259259,-0.34066667,1,0
2025-12-28,6.1179665,-0.0025883255,0.48192593,0.34066667,0.047407407,0.08,0.39,0.39,0.90259259,-0.34066667,1,0
2025-12-29,6.0150546,-0.01682125,0.48192593,0.34066667,0.047407407,0.08,0.39,0.39,0.90259259,-0.34066667,1,0
2025-12-30,5.9833494,-0.0052709748,0.48192593,0.34066667,0.047407407,0.08,0.39,0.39,0.90259259,-0.34066667,1,0
2025-12-31,5.9871334,0.00063242062,0.48192593,0.34066667,0.047407407,0.08,0.39,0.39,0.90259259,-0.34066667,1,0
2026-01-01,5.9767486,-0.0017345164,0.48192593,0.34066667,0.047407407,0.08,0.39,0.39,0.90259259,-0.34066667,1,0
2026-01-02,5.942211,-0.0057786656,0.48192593,0.34066667,0.047407407,0.16,0.31,0.39,1.1025926,-0.24066667,3,0
2026-01-03,5.9385533,-0.00061554557,0.44992593,0.29266667,0.047407407,0.08,0.39,0.31,0.82259259,-0.29266667,1,0.00012
2026-01-04,5.9366673,-0.00031758943,0.48192593,0.34066667,0.047407407,0.08,0.39,0.39,0.90259259,-0.34066667,1,0.00012
2026-01-05,5.9438772,0.0012144736,0.48192593,0.34066667,0.047407407,0.22,0.25,0.39,1.1325926,-0.11066667,3,0
2026-01-06,5.967016,0.003892871,0.25,0.33,0.15,0.16,0.31,0.25,0.74,-0.25,2,0.00036388889
2026-01-07,5.9521874,-0.0024850935,0.44992593,0.29266667,0.047407407,0.3,0.17,0.31,1.2525926,-0.11266667,5,0.00035588889
2026-01-08,5.9570145,0.00081098922,0.39392593,0.20866667,0.047407407,0.16,0.31,0.17,0.76259259,-0.12866667,2,0.00021
2026-01-09,5.9704929,0.002262598,0.44992593,0.29266667,0.047407407,0.16,0.31,0.31,1.0225926,-0.19266667,3,0.00021
2026-01-10,5.9821697,0.0019557673,0.44992593,0.29266667,0.047407407,0.08,0.39,0.31,0.82259259,-0.29266667,1,0
2026-01-11,5.9833962,0.00020502641,0.48192593,0.34066667,0.047407407,0.08,0.39,0.39,0.90259259,-0.34066667,1,0.00012
2026-01-12,6.0151239,0.005302619,0.48192593,0.34066667,0.047407407,0.14,0.33,0.39,1.0525926,-0.19066667,2,0
2026-01-13,5.8987296,-0.019350285,0.45792593,0.30466667,0.047407407,0.18,0.29,0.33,0.94259259,-0.40466667,2,9e-05
2026-01-14,5.8868655,-0.0020112953,0.266,0.354,0.15,0.38,0.09,0.29,1.21,-0.354,6,0.00036188889
2026-01-15,5.9102225,0.0039676527,0.186,0.234,0.15,0.32,0.15,0.09,0.74,-0.254,4,0.0003
2026-01-16,5.9032029,-0.0011876988,0.21,0.27,0.15,0.32,0.15,0.15,0.8,-0.29,4,9e-05
2026-01-17,5.9126297,0.0015968967,0.21,0.27,0.15,0.32,0.15,0.15,0.8,-0.29,4,0
2026-01-18,5.9656662,0.0089700325,0.21,0.27,0.15,0.26,0.21,0.15,0.74,-0.29,3,0
2026-01-19,5.9917256,0.0043682278,0.234,0.306,0.15,0.18,0.29,0.21,0.72,-0.406,2,9e-05
2026-01-20,6.1626455,0.028525992,0.44192593,0.28066667,0.047407407,0.18,0.29,0.29,0.90259259,-0.38066667,2,0.00034988889
2026-01-21,6.1317534,-0.0050127998,0.44192593,0.28066667,0.047407407,0.18,0.29,0.29,0.90259259,-0.38066667,2,0
2026-01-22,6.2307257,0.016140945,0.44192593,0.28066667,0.047407407,0.18,0.29,0.29,0.90259259,-0.38066667,2,0
2026-01-23,6.2448714,0.0022703069,0.44192593,0.28066667,0.047407407,0.18,0.29,0.29,0.90259259,-0.38066667,2,0
2026-01-24,6.2894135,0.0071325858,0.44192593,0.28066667,0.047407407,0.18,0.29,0.29,0.90259259,-0.38066667,2,0
2026-01-25,6.3583277,0.010957178,0.44192593,0.28066667,0.047407407,0.18,0.29,0.29,0.90259259,-0.38066667,2,0
2026-01-26,6.3047774,-0.0084220706,0.44192593,0.28066667,0.047407407,0.18,0.29,0.29,0.90259259,-0.38066667,2,0
2026-01-27,6.3547092,0.0079196792,0.44192593,0.28066667,0.047407407,0.18,0.29,0.29,0.90259259,-0.38066667,2,0
2026-01-28,6.5419131,0.029459084,0.44192593,0.28066667,0.047407407,0.18,0.29,0.29,0.90259259,-0.38066667,2,0
2026-01-29,6.6394061,0.014902823,0.44192593,0.28066667,0.047407407,0.18,0.29,0.29,0.90259259,-0.38066667,2,0
2026-01-30,6.3538758,-0.043005393,0.44192593,0.28066667,0.047407407,0.18,0.29,0.29,0.90259259,-0.38066667,2,0
2026-01-31,6.4646052,0.017427062,0.44192593,0.28066667,0.047407407,0.24,0.23,0.29,0.96259259,-0.38066667,3,0
2026-02-01,6.443172,-0.0033154668,0.50992593,0.15266667,0.047407407,0.24,0.23,0.23,0.90259259,-0.25266667,3,0.000294
2026-02-02,6.4783718,0.005463112,0.50992593,0.15266667,0.047407407,0.3,0.17,0.23,1.0525926,-0.10266667,4,0
2026-02-03,6.6432486,0.025450338,0.46192593,0.14066667,0.047407407,0.24,0.23,0.17,0.84259259,-0.24066667,3,9e-05
2026-02-04,6.726198,0.012486275,0.50992593,0.15266667,0.047407407,0.32,0.15,0.23,0.98259259,-0.21266667,5,9e-05
2026-02-05,6.7512968,0.0037315037,0.44592593,0.13666667,0.047407407,0.18,0.29,0.15,0.76259259,-0.23666667,2,0.00012
2026-02-06,6.7468651,-0.00065643128,0.55792593,0.16466667,0.047407407,0.26,0.21,0.29,0.98259259,-0.22466667,4,0.00021
2026-02-07,6.8105892,0.0094449959,0.49392593,0.14866667,0.047407407,0.18,0.29,0.21,0.82259259,-0.24866667,2,0.00012
2026-02-08,6.8207875,0.0014974195,0.55792593,0.16466667,0.047407407,0.18,0.29,0.29,0.90259259,-0.26466667,2,0.00012
2026-02-09,6.8176848,-0.00045488216,0.55792593,0.16466667,0.047407407,0.16,0.31,0.29,0.88259259,-0.20466667,2,0
2026-02-10,6.8571673,0.0057911928,0.57392593,0.16866667,0.047407407,0.1,0.37,0.31,0.84259259,-0.26866667,1,3e-05
2026-02-11,6.905568,0.0070584104,0.62192593,0.18066667,0.047407407,0.24,0.23,0.37,1.0425926,-0.24066667,4,9e-05
2026-02-12,6.8245822,-0.011727616,0.50992593,0.15266667,0.047407407,0.1,0.37,0.23,0.76259259,-0.25266667,1,0.00021
2026-02-13,6.8540572,0.0043189514,0.62192593,0.18066667,0.047407407,0.18,0.29,0.37,0.98259259,-0.24066667,3,0.00021
2026-02-14,6.8115059,-0.0062082033,0.55792593,0.16466667,0.047407407,0.1,0.37,0.29,0.82259259,-0.26466667,1,0.00012
2026-02-15,6.8387342,0.0039973991,0.62192593,0.18066667,0.047407407,0.1,0.37,0.37,0.90259259,-0.28066667,1,0.00012
2026-02-16,6.8148314,-0.0034952022,0.62192593,0.18066667,0.047407407,0.1,0.37,0.37,0.90259259,-0.28066667,1,0
2026-02-17,6.7416064,-0.010744953,0.62192593,0.18066667,0.047407407,0.1,0.37,0.37,0.90259259,-0.28066667,1,0
2026-02-18,6.8679276,0.018737564,0.62192593,0.18066667,0.047407407,0.18,0.29,0.37,0.98259259,-0.28066667,2,0
2026-02-19,6.865929,-0.00029100702,0.55792593,0.16466667,0.047407407,0.18,0.29,0.29,0.90259259,-0.26466667,2,0.00012
2026-02-20,6.9291646,0.0092100474,0.55792593,0.16466667,0.047407407,0.18,0.29,0.29,0.90259259,-0.26466667,2,0
2026-02-21,6.9499412,0.0029984297,0.55792593,0.16466667,0.047407407,0.18,0.29,0.29,0.90259259,-0.26466667,2,0
2026-02-22,6.9927992,0.0061666711,0.55792593,0.16466667,0.047407407,0.18,0.29,0.29,0.90259259,-0.26466667,2,0
2026-02-23,7.1258115,0.019021333,0.55792593,0.16466667,0.047407407,0.18,0.29,0.29,0.90259259,-0.26466667,2,0
2026-02-24,7.0752887,-0.0070901184,0.55792593,0.16466667,0.047407407,0.18,0.29,0.29,0.90259259,-0.26466667,2,0
2026-02-25,6.9684085,-0.015106117,0.55792593,0.16466667,0.047407407,0.18,0.29,0.29,0.90259259,-0.26466667,2,0
2026-02-26,6.9970778,0.0041141705,0.55792593,0.16466667,0.047407407,0.18,0.29,0.29,0.90259259,-0.26466667,2,0
2026-02-27,7.1130107,0.016568769,0.55792593,0.16466667,0.047407407,0.18,0.29,0.29,0.90259259,-0.26466667,2,0
2026-02-28,7.1409027,0.0039212561,0.55792593,0.16466667,0.047407407,0.18,0.29,0.29,0.90259259,-0.26466667,2,0
2026-03-01,7.2242173,0.011667244,0.55792593,0.16466667,0.047407407,0.18,0.29,0.29,0.90259259,-0.26466667,2,0
2026-03-02,7.0941762,-0.018000727,0.55792593,0.16466667,0.047407407,0.24,0.23,0.29,0.96259259,-0.20466667,3,0
2026-03-03,6.9596391,-0.01896444,0.50992593,0.15266667,0.047407407,0.18,0.29,0.23,0.84259259,-0.25266667,2,9e-05
2026-03-04,6.9388007,-0.002994176,0.55792593,0.16466667,0.047407407,0.32,0.15,0.29,1.0425926,-0.22466667,5,9e-05
2026-03-05,6.9455797,0.00097696998,0.38592593,0.19666667,0.047407407,0.18,0.29,0.15,0.76259259,-0.29666667,2,0.000306
2026-03-06,7.0814109,0.0195565,0.44192593,0.28066667,0.047407407,0.26,0.21,0.29,0.98259259,-0.34066667,4,0.00021
2026-03-07,7.1043762,0.003243032,0.40992593,0.23266667,0.047407407,0.18,0.29,0.21,0.82259259,-0.33266667,2,0.00012
2026-03-08,7.1311815,0.0037730747,0.266,0.354,0.15,0.18,0.29,0.29,0.8,-0.454,2,0.00039788889
2026-03-09,7.0672504,-0.0089650068,0.44192593,0.28066667,0.047407407,0.16,0.31,0.29,0.88259259,-0.32066667,2,0.00037388889
2026-03-10,7.0390034,-0.0039968954,0.44992593,0.29266667,0.047407407,0.1,0.37,0.31,0.84259259,-0.39266667,1,3e-05
2026-03-11,7.0020432,-0.0052507683,0.47392593,0.32866667,0.047407407,0.24,0.23,0.37,1.0425926,-0.38866667,4,9e-05
2026-03-12,6.9732916,-0.0041061651,0.41792593,0.24466667,0.047407407,0.1,0.37,0.23,0.76259259,-0.34466667,1,0.00021
2026-03-13,6.9185596,-0.0078488142,0.47392593,0.32866667,0.047407407,0.18,0.29,0.37,0.98259259,-0.38866667,3,0.00021
2026-03-14,6.900755,-0.0025734472,0.266,0.354,0.15,0.1,0.37,0.29,0.72,-0.454,1,0.00034988889
2026-03-15,6.809345,-0.013246373,0.298,0.402,0.15,0.1,0.37,0.37,0.8,-0.502,1,0.00012
2026-03-16,6.7169647,-0.013566702,0.298,0.402,0.15,0.1,0.37,0.37,0.8,-0.502,1,0
2026-03-17,6.7561069,0.0058273632,0.298,0.402,0.15,0.16,0.31,0.37,0.86,-0.502,2,0
2026-03-18,6.8037987,0.0070590622,0.274,0.366,0.15,0.16,0.31,0.31,0.8,-0.466,2,9e-05
2026-03-19,6.7341514,-0.010236524,0.44992593,0.29266667,0.047407407,0.16,0.31,0.31,0.90259259,-0.39266667,2,0.00037388889
2026-03-20,6.6165035,-0.01747034,0.44992593,0.29266667,0.047407407,0.16,0.31,0.31,0.90259259,-0.39266667,2,0
2026-03-21,6.6811791,0.0097748881,0.274,0.366,0.15,0.1,0.37,0.31,0.74,-0.466,1,0.00037388889
2026-03-22,6.7026837,0.0032186896,0.47392593,0.32866667,0.047407407,0.1,0.37,0.37,0.90259259,-0.42866667,1,0.00035588889
2026-03-23,6.553735,-0.022222244,0.47392593,0.32866667,0.047407407,0.1,0.37,0.37,0.90259259,-0.42866667,1,0
2026-03-24,6.6357664,0.012516738,0.47392593,0.32866667,0.047407407,0,0.47,0.37,0.80259259,-0.32866667,0,0
2026-03-25,6.5708691,-0.0097799245,0.51392593,0.38866667,0.047407407,0,0.47,0.47,0.90259259,-0.38866667,0,0.00015
2026-03-26,6.6303017,0.0090448559,0.338,0.462,0.15,0.08,0.39,0.47,0.88,-0.462,1,0.00037388889
2026-03-27,6.7670503,0.020624793,0.306,0.414,0.15,0.08,0.39,0.39,0.8,-0.414,1,0.00012
2026-03-28,6.7658891,-0.00017160142,0.48192593,0.34066667,0.047407407,0.08,0.39,0.39,0.90259259,-0.34066667,1,0.00037388889
2026-03-29,6.7440116,-0.0032334935,0.48192593,0.34066667,0.047407407,0.08,0.39,0.39,0.90259259,-0.34066667,1,0
2026-03-30,6.7590423,0.0022287512,0.48192593,0.34066667,0.047407407,0,0.47,0.39,0.82259259,-0.34066667,0,0
2026-03-31,6.8344381,0.011154796,0.51392593,0.38866667,0.047407407,0,0.47,0.47,0.90259259,-0.38866667,0,0.00012
2026-04-01,6.9109174,0.011190286,0.51392593,0.38866667,0.047407407,0.14,0.33,0.47,1.0425926,-0.34866667,3,0
2026-04-02,6.8803205,-0.0044273205,0.45792593,0.30466667,0.047407407,0,0.47,0.33,0.76259259,-0.30466667,0,0.00021
2026-04-03,6.8587378,-0.0031368859,0.51392593,0.38866667,0.047407407,0.08,0.39,0.47,1.1025926,-0.28866667,2,0.00021
2026-04-04,6.8459735,-0.0018610261,0.48192593,0.34066667,0.047407407,0,0.47,0.39,0.82259259,-0.34066667,0,0.00012
2026-04-05,6.7389724,-0.015629776,0.51392593,0.38866667,0.047407407,0,0.47,0.47,0.90259259,-0.38866667,0,0.00012
2026-04-06,6.7836723,0.0066330321,0.51392593,0.38866667,0.047407407,0.14,0.33,0.47,1.1325926,-0.23866667,2,0
2026-04-07,6.8007684,0.0025201938,0.45792593,0.30466667,0.047407407,0.08,0.39,0.33,0.84259259,-0.30466667,1,0.00021
2026-04-08,6.8322879,0.0046346893,0.306,0.414,0.15,0.22,0.25,0.39,1.15,-0.314,4,0.00039188889
2026-04-09,6.8396226,0.001073537,0.42592593,0.25666667,0.047407407,0.08,0.39,0.25,0.76259259,-0.25666667,1,0.00041588889
2026-04-10,6.8045596,-0.0051264569,0.48192593,0.34066667,0.047407407,0.16,0.31,0.39,1.1025926,-0.24066667,3,0.00021
2026-04-11,6.800102,-0.00065508251,0.44992593,0.29266667,0.047407407,0.08,0.39,0.31,0.82259259,-0.29266667,1,0.00012
2026-04-12,6.8196617,0.0028763791,0.48192593,0.34066667,0.047407407,0.08,0.39,0.39,0.90259259,-0.34066667,1,0.00012
2026-04-13,6.7752778,-0.0065082221,0.48192593,0.34066667,0.047407407,0.14,0.33,0.39,1.0525926,-0.19066667,2,0
2026-04-14,6.8389008,0.0093904655,0.45792593,0.30466667,0.047407407,0,0.47,0.33,0.76259259,-0.30466667,0,9e-05
2026-04-15,6.8013712,-0.0054876642,0.51392593,0.38866667,0.047407407,0,0.47,0.47,0.90259259,-0.38866667,0,0.00021
2026-04-16,6.7636435,-0.0055470785,0.51392593,0.38866667,0.047407407,0,0.47,0.47,0.90259259,-0.38866667,0,0
2026-04-17,6.729339,-0.0050718915,0.51392593,0.38866667,0.047407407,0,0.47,0.47,0.90259259,-0.38866667,0,0
2026-04-18,6.761222,0.0047378993,0.338,0.462,0.15,0,0.47,0.47,0.8,-0.462,0,0.00037388889
2026-04-19,6.8224549,0.0090564981,0.338,0.462,0.15,0,0.47,0.47,0.8,-0.462,0,0
2026-04-20,6.7958489,-0.0038997723,0.51392593,0.38866667,0.047407407,0,0.47,0.47,0.90259259,-0.38866667,0,0.00037388889
2026-04-21,6.7354149,-0.0088927852,0.338,0.462,0.15,0,0.47,0.47,0.8,-0.462,0,0.00037388889
2026-04-22,6.6535978,-0.012147302,0.338,0.462,0.15,0,0.47,0.47,0.8,-0.462,0,0
2026-04-23,6.6367983,-0.0025248683,0.338,0.462,0.15,0,0.47,0.47,0.8,-0.462,0,0
2026-04-24,6.6744267,0.0056696566,0.338,0.462,0.15,0,0.47,0.47,0.8,-0.462,0,0
2026-04-25,6.6639376,-0.0015715318,0.338,0.462,0.15,0,0.47,0.47,0.8,-0.462,0,0
2026-04-26,6.6152272,-0.0073095508,0.338,0.462,0.15,0,0.47,0.47,0.8,-0.462,0,0
2026-04-27,6.6703744,0.0083364048,0.338,0.462,0.15,0,0.47,0.47,0.8,-0.462,0,0
2026-04-28,6.6660644,-0.0006461438,0.338,0.462,0.15,0,0.47,0.47,0.8,-0.462,0,0
2026-04-29,6.6723961,0.00094984048,0.338,0.462,0.15,0,0.47,0.47,0.8,-0.462,0,0
2026-04-30,6.6802631,0.0011790327,0.338,0.462,0.15,0,0.47,0.47,0.8,-0.462,0,0
2026-05-01,6.6194108,-0.0091092592,0.338,0.462,0.15,0.08,0.39,0.47,1,-0.362,2,0
2026-05-02,6.6001744,-0.0029060602,0.306,0.414,0.15,0,0.47,0.39,0.72,-0.414,0,0.00012
2026-05-03,6.6078832,0.0011679674,0.338,0.462,0.15,0,0.47,0.47,0.8,-0.462,0,0.00012
2026-05-04,6.5175724,-0.013667131,0.338,0.462,0.15,0.06,0.41,0.47,0.95,-0.312,1,0
2026-05-05,6.5114269,-0.00094290822,0.314,0.426,0.15,0,0.47,0.41,0.74,-0.426,0,9e-05
2026-05-06,6.5255713,0.0021722373,0.338,0.462,0.15,0.14,0.33,0.47,1.15,-0.362,3,9e-05
2026-05-07,6.5716601,0.0070627937,0.282,0.378,0.15,0,0.47,0.33,0.66,-0.378,0,0.00021
2026-05-08,6.5659843,-0.00086366831,0.338,0.462,0.15,0.08,0.39,0.47,1,-0.362,2,0.00021
2026-05-09,6.5513409,-0.0022302001,0.306,0.414,0.15,0,0.47,0.39,0.72,-0.414,0,0.00012
2026-05-10,6.4810869,-0.01072361,0.338,0.462,0.15,0,0.47,0.47,0.8,-0.462,0,0.00012
2026-05-11,6.5431053,0.0095691471,0.338,0.462,0.15,0.06,0.41,0.47,0.95,-0.312,1,0
2026-05-12,6.5654179,0.0034100907,0.314,0.426,0.15,0,0.47,0.41,0.74,-0.426,0,9e-05
2026-05-13,6.5590319,-0.00097267057,0.338,0.462,0.15,0.14,0.33,0.47,1.15,-0.362,3,9e-05
2026-05-14,6.4866739,-0.01103182,0.282,0.378,0.15,0.08,0.39,0.33,0.74,-0.378,1,0.00021
2026-05-15,6.5056981,0.0029328215,0.306,0.414,0.15,0.08,0.39,0.39,0.8,-0.414,1,9e-05
2026-05-16,6.5359643,0.0046522495,0.306,0.414,0.15,0.14,0.33,0.39,0.86,-0.414,2,0
2026-05-17,6.5498049,0.0021176136,0.45792593,0.30466667,0.047407407,0.14,0.33,0.33,0.90259259,-0.30466667,2,0.00039188889
2026-05-18,6.5889636,0.0059786122,0.45792593,0.30466667,0.047407407,0.14,0.33,0.33,0.90259259,-0.30466667,2,0
2026-05-19,6.5367316,-0.0079272054,0.45792593,0.30466667,0.047407407,0.14,0.33,0.33,0.90259259,-0.30466667,2,0
2026-05-20,6.5514002,0.0022440379,0.45792593,0.30466667,0.047407407,0.08,0.39,0.33,0.84259259,-0.30466667,1,0
2026-05-21,6.5408899,-0.0016042826,0.48192593,0.34066667,0.047407407,0.08,0.39,0.39,0.90259259,-0.34066667,1,9e-05
2026-05-22,6.5793707,0.0058831007,0.48192593,0.34066667,0.047407407,0.08,0.39,0.39,0.90259259,-0.34066667,1,0
2026-05-23,6.563784,-0.0023690165,0.48192593,0.34066667,0.047407407,0.14,0.33,0.39,0.96259259,-0.34066667,2,0
2026-05-24,6.5778529,0.0021434066,0.45792593,0.30466667,0.047407407,0.14,0.33,0.33,0.90259259,-0.30466667,2,9e-05
2026-05-25,6.5648839,-0.0019716114,0.45792593,0.30466667,0.047407407,0.14,0.33,0.33,0.90259259,-0.30466667,2,0
2026-05-26,6.5807873,0.0024224859,0.45792593,0.30466667,0.047407407,0.14,0.33,0.33,0.90259259,-0.30466667,2,0
2026-05-27,6.5720889,-0.0013217838,0.45792593,0.30466667,0.047407407,0.08,0.39,0.33,0.84259259,-0.30466667,1,0
2026-05-28,6.6246217,0.0079933207,0.48192593,0.34066667,0.047407407,0.08,0.39,0.39,0.90259259,-0.34066667,1,9e-05
2026-05-29,6.6630836,0.0058059103,0.48192593,0.34066667,0.047407407,0.08,0.39,0.39,0.90259259,-0.34066667,1,0
2026-05-30,6.6419137,-0.0031772021,0.48192593,0.34066667,0.047407407,0.08,0.39,0.39,0.90259259,-0.34066667,1,0
2026-05-31,6.6566589,0.0022200204,0.48192593,0.34066667,0.047407407,0.08,0.39,0.39,0.90259259,-0.34066667,1,0
2026-06-01,6.6849649,0.0042522865,0.48192593,0.34066667,0.047407407,0.24,0.23,0.39,1.1525926,-0.29066667,3,0
2026-06-02,6.8264257,0.021161043,0.41792593,0.24466667,0.047407407,0.18,0.29,0.23,0.84259259,-0.34466667,2,0.00024
2026-06-03,6.8455378,0.0027997223,0.55792593,0.16466667,0.047407407,0.38,0.09,0.29,1.3125926,-0.16466667,6,0.00033
2026-06-04,6.857983,0.0018179988,0.39792593,0.12466667,0.047407407,0.24,0.23,0.09,0.76259259,-0.22466667,3,0.0003
2026-06-05,6.7640922,-0.013690735,0.50992593,0.15266667,0.047407407,0.32,0.15,0.23,1.1025926,-0.15266667,5,0.00021
2026-06-06,6.7565464,-0.0011155667,0.44592593,0.13666667,0.047407407,0.24,0.23,0.15,0.82259259,-0.23666667,3,0.00012
2026-06-07,6.7166995,-0.0058975208,0.50992593,0.15266667,0.047407407,0.18,0.29,0.23,0.84259259,-0.25266667,2,0.00012
2026-06-08,6.7114282,-0.00078480491,0.55792593,0.16466667,0.047407407,0.24,0.23,0.29,1.0525926,-0.11466667,3,9e-05
2026-06-09,6.6740223,-0.0055734641,0.50992593,0.15266667,0.047407407,0.18,0.29,0.23,0.84259259,-0.25266667,2,9e-05
2026-06-10,6.5282226,-0.021845844,0.55792593,0.16466667,0.047407407,0.32,0.15,0.29,1.2525926,-0.16466667,5,9e-05
2026-06-11,6.5909016,0.0096012272,0.44592593,0.13666667,0.047407407,0.18,0.29,0.15,0.76259259,-0.23666667,2,0.00021
2026-06-12,6.5771964,-0.0020794083,0.55792593,0.16466667,0.047407407,0.26,0.21,0.29,1.1025926,-0.16466667,4,0.00021
2026-06-13,6.5618944,-0.0023265274,0.49392593,0.14866667,0.047407407,0.18,0.29,0.21,0.82259259,-0.24866667,2,0.00012
2026-06-14,6.5843536,0.0034226788,0.55792593,0.16466667,0.047407407,0.18,0.29,0.29,0.90259259,-0.26466667,2,0.00012
2026-06-15,6.5840905,-3.9966906e-05,0.55792593,0.16466667,0.047407407,0.24,0.23,0.29,0.96259259,-0.26466667,3,0
2026-06-16,6.6066166,0.003421299,0.50992593,0.15266667,0.047407407,0.24,0.23,0.23,0.90259259,-0.25266667,3,9e-05
2026-06-17,6.5936823,-0.0019577804,0.50992593,0.15266667,0.047407407,0.16,0.31,0.23,0.82259259,-0.25266667,2,0
2026-06-18,6.554075,-0.0060068558,0.57392593,0.16866667,0.047407407,0.16,0.31,0.31,0.90259259,-0.26866667,2,0.00012
2026-06-19,6.5110339,-0.0065670727,0.57392593,0.16866667,0.047407407,0.1,0.37,0.31,0.84259259,-0.26866667,1,0
2026-06-20,6.488064,-0.0035278462,0.62192593,0.18066667,0.047407407,0.1,0.37,0.37,0.90259259,-0.28066667,1,9e-05
2026-06-21,6.4988676,0.0016651398,0.62192593,0.18066667,0.047407407,0.18,0.29,0.37,0.98259259,-0.28066667,2,0
2026-06-22,6.5196467,0.0031973566,0.55792593,0.16466667,0.047407407,0.18,0.29,0.29,0.90259259,-0.26466667,2,0.00012
2026-06-23,6.4784317,-0.0063216633,0.55792593,0.16466667,0.047407407,0.18,0.29,0.29,0.90259259,-0.26466667,2,0
2026-06-24,6.4513891,-0.0041742491,0.55792593,0.16466667,0.047407407,0.18,0.29,0.29,0.90259259,-0.26466667,2,0
2026-06-25,6.4874792,0.0055941462,0.55792593,0.16466667,0.047407407,0.18,0.29,0.29,0.90259259,-0.26466667,2,0
2026-06-26,6.540267,0.0081368824,0.55792593,0.16466667,0.047407407,0.18,0.29,0.29,0.90259259,-0.26466667,2,0
2026-06-27,6.5365091,-0.00057458845,0.55792593,0.16466667,0.047407407,0.18,0.29,0.29,0.90259259,-0.26466667,2,0
2026-06-28,6.5350461,-0.00022381931,0.55792593,0.16466667,0.047407407,0.18,0.29,0.29,0.90259259,-0.26466667,2,0
2026-06-29,6.4741753,-0.0093145095,0.55792593,0.16466667,0.047407407,0.18,0.29,0.29,0.90259259,-0.26466667,2,0
2026-06-30,6.5124734,0.0059155157,0.55792593,0.16466667,0.047407407,0.18,0.29,0.29,0.90259259,-0.26466667,2,0
2026-07-01,6.5213128,0.001357311,0.55792593,0.16466667,0.047407407,0.32,0.15,0.29,1.2525926,-0.16466667,5,0
2026-07-02,6.5464999,0.0038622709,0.44592593,0.13666667,0.047407407,0.18,0.29,0.15,0.76259259,-0.23666667,2,0.00021
2026-07-03,6.5562322,0.0014866306,0.44192593,0.28066667,0.047407407,0.26,0.21,0.29,1.1025926,-0.28066667,4,0.000222
2026-07-04,6.5356341,-0.0031417524,0.40992593,0.23266667,0.047407407,0.18,0.29,0.21,0.82259259,-0.33266667,2,0.00012
2026-07-05,6.5231618,-0.0019083486,0.44192593,0.28066667,0.047407407,0.18,0.29,0.29,0.90259259,-0.38066667,2,0.00012
2026-07-06,6.4948479,-0.004340528,0.44192593,0.28066667,0.047407407,0.24,0.23,0.29,1.0525926,-0.23066667,3,0
2026-07-07,6.4996309,0.00073642847,0.242,0.318,0.15,0.18,0.29,0.23,0.74,-0.418,2,0.00035588889
2026-07-08,6.4804009,-0.0029586218,0.44192593,0.28066667,0.047407407,0.32,0.15,0.29,1.2525926,-0.28066667,5,0.00035588889
2026-07-09,6.4774408,-0.00045678437,0.38592593,0.19666667,0.047407407,0.18,0.29,0.15,0.76259259,-0.29666667,2,0.00021
2026-07-10,6.4506493,-0.0041361101,0.44192593,0.28066667,0.047407407,0.26,0.21,0.29,1.1025926,-0.28066667,4,0.00021
2026-07-11,6.454217,0.00055306471,0.40992593,0.23266667,0.047407407,0.18,0.29,0.21,0.82259259,-0.33266667,2,0.00012
2026-07-12,6.4400402,-0.0021965064,0.44192593,0.28066667,0.047407407,0.18,0.29,0.29,0.90259259,-0.38066667,2,0.00012
2026-07-13,6.4236167,-0.0025502185,0.44192593,0.28066667,0.047407407,0.24,0.23,0.29,1.0525926,-0.23066667,3,0
2026-07-14,6.3599423,-0.0099125459,0.41792593,0.24466667,0.047407407,0.18,0.29,0.23,0.84259259,-0.34466667,2,9e-05
2026-07-15,6.3739892,0.002208641,0.44192593,0.28066667,0.047407407,0.32,0.15,0.29,1.0425926,-0.30066667,4,9e-05
2026-07-16,6.3595059,-0.0022722458,0.38592593,0.19666667,0.047407407,0.32,0.15,0.15,0.90259259,-0.21666667,4,0.00021
2026-07-17,6.3684623,0.0014083545,0.38592593,0.19666667,0.047407407,0.32,0.15,0.15,0.90259259,-0.21666667,4,0
2026-07-18,6.3440519,-0.0038330158,0.38592593,0.19666667,0.047407407,0.32,0.15,0.15,0.90259259,-0.21666667,4,0
2026-07-19,6.3356257,-0.0013282107,0.38592593,0.19666667,0.047407407,0.18,0.29,0.15,0.76259259,-0.29666667,2,0
2026-07-20,6.3247129,-0.0017224485,0.44192593,0.28066667,0.047407407,0.18,0.29,0.29,0.90259259,-0.38066667,2,0.00021
2026-07-21,6.3229668,-0.0002760759,0.44192593,0.28066667,0.047407407,0.26,0.21,0.29,0.98259259,-0.30066667,3,0
2026-07-22,6.355104,0.0050826116,0.234,0.306,0.15,0.26,0.21,0.21,0.8,-0.326,3,0.00034988889
2026-07-23,6.3314972,-0.0037146166,0.40992593,0.23266667,0.047407407,0.26,0.21,0.21,0.90259259,-0.25266667,3,0.00037388889
2026-07-24,6.3667887,0.0055739632,0.40992593,0.23266667,0.047407407,0.26,0.21,0.21,0.90259259,-0.25266667,3,0
2026-07-25,6.3554899,-0.0017746586,0.234,0.306,0.15,0.18,0.29,0.21,0.72,-0.406,2,0.00037388889
2026-07-26,6.3224629,-0.0051966074,0.266,0.354,0.15,0.18,0.29,0.29,0.8,-0.454,2,0.00012
2026-07-27,6.386173,0.010076792,0.266,0.354,0.15,0.18,0.29,0.29,0.8,-0.454,2,0
2026-07-28,6.3603593,-0.0040421265,0.266,0.354,0.15,0.18,0.29,0.29,0.8,-0.454,2,0
2026-07-29,6.3825294,0.0034856633,0.266,0.354,0.15,0.18,0.29,0.29,0.8,-0.454,2,0
2026-07-30,6.3546811,-0.0043631988,0.266,0.354,0.15,0.18,0.29,0.29,0.8,-0.454,2,0
2026-07-31,6.4174864,0.00988331,0.266,0.354,0.15,0.18,0.29,0.29,0.8,-0.454,2,0
2026-08-01,6.4178886,6.2664818e-05,0.44192593,0.28066667,0.047407407,0.18,0.29,0.29,0.90259259,-0.38066667,2,0.00037388889
2026-08-02,6.4040716,-0.0021528854,0.44192593,0.28066667,0.047407407,0.24,0.23,0.29,0.96259259,-0.38066667,3,0
2026-08-03,6.4056245,0.00024248784,0.41792593,0.24466667,0.047407407,0.3,0.17,0.23,1.0525926,-0.19466667,4,9e-05
2026-08-04,6.39554,-0.0015743167,0.39392593,0.20866667,0.047407407,0.24,0.23,0.17,0.84259259,-0.30866667,3,9e-05
2026-08-05,6.5333622,0.021549735,0.41792593,0.24466667,0.047407407,0.32,0.15,0.23,1.1925926,-0.24466667,5,9e-05
2026-08-06,6.5291614,-0.00064297808,0.38592593,0.19666667,0.047407407,0.18,0.29,0.15,0.76259259,-0.29666667,2,0.00012
2026-08-07,6.5834005,0.0083072041,0.44192593,0.28066667,0.047407407,0.26,0.21,0.29,1.1025926,-0.28066667,4,0.00021
2026-08-08,6.5833996,-1.2475687e-07,0.40992593,0.23266667,0.047407407,0.08,0.39,0.21,0.72259259,-0.23266667,1,0.00012
2026-08-09,6.5714725,-0.0018116956,0.48192593,0.34066667,0.047407407,0.08,0.39,0.39,0.90259259,-0.34066667,1,0.00027
2026-08-10,6.6334437,0.009430327,0.48192593,0.34066667,0.047407407,0.14,0.33,0.39,1.0525926,-0.19066667,2,0
2026-08-11,6.6256536,-0.0011743634,0.45792593,0.30466667,0.047407407,0.08,0.39,0.33,0.84259259,-0.30466667,1,9e-05
2026-08-12,6.6590494,0.0050403789,0.48192593,0.34066667,0.047407407,0.22,0.25,0.39,1.2525926,-0.24066667,4,9e-05
2026-08-13,6.6235791,-0.0053266245,0.42592593,0.25666667,0.047407407,0.08,0.39,0.25,0.76259259,-0.25666667,1,0.00021
2026-08-14,6.642185,0.0028090292,0.48192593,0.34066667,0.047407407,0.16,0.31,0.39,1.1025926,-0.24066667,3,0.00021
2026-08-15,6.6392164,-0.00044692361,0.44992593,0.29266667,0.047407407,0.08,0.39,0.31,0.82259259,-0.29266667,1,0.00012
2026-08-16,6.6377627,-0.00021896119,0.48192593,0.34066667,0.047407407,0.08,0.39,0.39,0.90259259,-0.34066667,1,0.00012
2026-08-17,6.6163533,-0.0032253984,0.48192593,0.34066667,0.047407407,0.08,0.39,0.39,0.90259259,-0.34066667,1,0
2026-08-18,6.5497391,-0.010068108,0.48192593,0.34066667,0.047407407,0.08,0.39,0.39,0.90259259,-0.34066667,1,0
2026-08-19,6.5079518,-0.0063799945,0.48192593,0.34066667,0.047407407,0.08,0.39,0.39,0.90259259,-0.34066667,1,0
2026-08-20,6.3698918,-0.021214054,0.306,0.414,0.15,0.08,0.39,0.39,0.8,-0.414,1,0.00037388889
2026-08-21,6.2153315,-0.024264187,0.306,0.414,0.15,0.08,0.39,0.39,0.8,-0.414,1,0
2026-08-22,6.2390871,0.0038220911,0.306,0.414,0.15,0.26,0.21,0.39,0.98,-0.234,3,0
2026-08-23,6.2308866,-0.0013143736,0.234,0.306,0.15,0.26,0.21,0.21,0.8,-0.126,3,0.00027
2026-08-24,6.2246094,-0.001007436,0.234,0.306,0.15,0.26,0.21,0.21,0.8,-0.126,3,0
2026-08-25,6.2232961,-0.00021098462,0.234,0.306,0.15,0.26,0.21,0.21,0.8,-0.126,3,0
2026-08-26,6.2059868,-0.0027813714,0.234,0.306,0.15,0.18,0.29,0.21,0.72,-0.206,2,0
2026-08-27,6.1703076,-0.0057491529,0.266,0.354,0.15,0.18,0.29,0.29,0.8,-0.254,2,0.00012
2026-08-28,6.1728407,0.00041052663,0.266,0.354,0.15,0.18,0.29,0.29,0.8,-0.254,2,0
2026-08-29,6.1664317,-0.0010382495,0.266,0.354,0.15,0.18,0.29,0.29,0.8,-0.254,2,0
2026-08-30,6.1398787,-0.0043060627,0.266,0.354,0.15,0.18,0.29,0.29,0.8,0.454,2,0
2026-08-31,6.1712393,0.0051076905,0.266,0.354,0.15,0.18,0.29,0.29,0.8,0.454,2,0
2026-09-01,6.0889614,-0.013332466,0.266,0.354,0.15,0.18,0.29,0.29,0.8,0.454,2,0
2026-09-02,6.087983,-0.00016068661,0.266,0.31949458,0.15,0.30635379,0.15,0.29,1.096,0.5,5,5.1758123e-05
2026-09-03,6.2272838,0.022881272,0.21,0.27,0.15,0.18,0.29,0.15,0.66,0.37,2,0.00015824188
2026-09-04,6.1409079,-0.01387056,0.266,0.354,0.15,0.26,0.21,0.29,0.88,0.494,4,0.00021
2026-09-05,6.1456986,0.00078011862,0.234,0.306,0.15,0.18,0.29,0.21,0.72,0.406,2,0.00012
2026-09-06,6.1584349,0.0020724047,0.266,0.354,0.15,0.18,0.29,0.29,0.8,0.454,2,0.00012
