date,nav,daily_ret,w_gold,w_ema,w_cash,w_tactical,idle,routed,gross,net_btc,n_active,turnover_cost
2020-01-01,0.99953216,-0.0004678413,0.48192593,0.34066667,0.047407407,0.08,0.39,0.39,0.68192593,0.1,2,0.0012338889
2020-01-02,1.0011077,0.0015762974,0.51392593,0.38866667,0.047407407,0,0.47,0.47,0.51392593,0,0,0.00012
2020-01-03,1.0194466,0.018318586,0.48192593,0.34066667,0.047407407,0.08,0.39,0.39,0.68192593,0.1,2,0.00012
2020-01-04,1.0193296,-0.00011480467,0.51392593,0.38866667,0.047407407,0,0.47,0.47,0.51392593,0,0,0.00012
2020-01-05,1.0193349,5.1953323e-06,0.51392593,0.38866667,0.047407407,0,0.47,0.47,0.51392593,0,0,0
2020-01-06,1.0250194,0.005576716,0.48992593,0.35266667,0.047407407,0.06,0.41,0.41,0.63992593,0.15,1,9e-05
2020-01-07,1.0267029,0.0016423676,0.48192593,0.34066667,0.047407407,0.08,0.39,0.39,0.56192593,0,1,3e-05
2020-01-08,1.0177706,-0.0086998933,0.25,0.33,0.15,0.22,0.25,0.25,0.68,0.1,4,0.00036388889
2020-01-09,1.0164582,-0.0012895195,0.306,0.414,0.15,0.08,0.39,0.39,0.386,0,1,0.00021
2020-01-10,1.0191078,0.0026066698,0.274,0.366,0.15,0.16,0.31,0.31,0.554,0.1,3,0.00012
2020-01-11,1.0190331,-7.3284844e-05,0.306,0.414,0.15,0.08,0.39,0.39,0.386,0,1,0.00012
2020-01-12,1.0190743,4.0438356e-05,0.306,0.414,0.15,0.08,0.39,0.39,0.386,0,1,0
2020-01-13,1.016309,-0.0027135357,0.242,0.318,0.15,0.24,0.23,0.23,0.572,0.25,3,0.00024
2020-01-14,1.0239916,0.0075593056,0.266,0.354,0.15,0.18,0.29,0.29,0.446,0.1,2,9e-05
2020-01-15,1.0259185,0.0018817869,0.266,0.354,0.15,0.18,0.29,0.29,0.446,0.1,2,0
2020-01-16,1.0242789,-0.0015981882,0.266,0.354,0.15,0.18,0.29,0.29,0.446,0.1,2,0
2020-01-17,1.0283567,0.0039811563,0.266,0.354,0.15,0.18,0.29,0.29,0.446,0.1,2,0
2020-01-18,1.0284632,0.00010351625,0.266,0.354,0.15,0.18,0.29,0.29,0.446,0.1,2,0
2020-01-19,1.0261335,-0.0022651984,0.266,0.354,0.15,0.18,0.29,0.29,0.446,0.1,2,0
2020-01-20,1.025492,-0.00062522508,0.266,0.354,0.15,0.18,0.29,0.29,0.446,0.1,2,0
2020-01-21,1.0262359,0.00072543043,0.266,0.354,0.15,0.18,0.29,0.29,0.446,0.1,2,0
2020-01-22,1.0254633,-0.0007527941,0.266,0.354,0.15,0.18,0.29,0.29,0.446,0.1,2,0
2020-01-23,1.023889,-0.0015352213,0.266,0.354,0.15,0.18,0.29,0.29,0.446,0.1,2,0
2020-01-24,1.0255514,0.0016236014,0.266,0.354,0.15,0.18,0.29,0.29,0.446,0.1,2,0
2020-01-25,1.0243968,-0.0011258136,0.266,0.354,0.15,0.18,0.29,0.29,0.446,0.1,2,0
2020-01-26,1.0278087,0.0033306172,0.266,0.354,0.15,0.18,0.29,0.29,0.446,0.1,2,0
2020-01-27,1.0323327,0.0044015605,0.266,0.354,0.15,0.18,0.29,0.29,0.446,0.1,2,0
2020-01-28,1.0365441,0.0040794883,0.266,0.354,0.15,0.18,0.29,0.29,0.446,0.1,2,0
2020-01-29,1.0360488,-0.00047778708,0.266,0.354,0.15,0.18,0.29,0.29,0.446,0.1,2,0
2020-01-30,1.0408978,0.0046802901,0.266,0.354,0.15,0.18,0.29,0.29,0.446,0.1,2,0
2020-01-31,1.0391979,-0.0016331321,0.266,0.354,0.15,0.18,0.29,0.29,0.446,0.1,2,0
2020-02-01,1.0397251,0.00050735287,0.266,0.354,0.15,0.18,0.29,0.29,0.446,0.1,2,0
2020-02-02,1.039261,-0.00044641924,0.266,0.354,0.15,0.18,0.29,0.29,0.446,0.1,2,0
2020-02-03,1.0358984,-0.003235547,0.242,0.318,0.15,0.24,0.23,0.23,0.572,0.25,3,9e-05
2020-02-04,1.0302376,-0.0054646449,0.266,0.354,0.15,0.18,0.29,0.29,0.446,0.1,2,9e-05
2020-02-05,1.0533336,0.022418102,0.21,0.27,0.15,0.32,0.15,0.15,0.74,0.2,5,0.00021
2020-02-06,1.0564467,0.0029554805,0.266,0.354,0.15,0.18,0.29,0.29,0.446,0.1,2,0.00021
2020-02-07,1.058725,0.0021565739,0.234,0.306,0.15,0.26,0.21,0.21,0.614,0.2,4,0.00012
2020-02-08,1.0596638,0.00088674374,0.266,0.354,0.15,0.18,0.29,0.29,0.446,0.1,2,0.00012
2020-02-09,1.0626322,0.0028012816,0.266,0.354,0.15,0.18,0.29,0.29,0.446,0.1,2,0
2020-02-10,1.0586807,-0.0037186222,0.218,0.282,0.15,0.3,0.17,0.17,0.608,0.25,4,0.00018
2020-02-11,1.0610042,0.002194721,0.266,0.354,0.15,0.18,0.29,0.29,0.446,0.1,2,0.00018
2020-02-12,1.0940956,0.031188746,0.186,0.234,0.15,0.38,0.09,0.09,0.776,0.2,6,0.0003
2020-02-13,1.0950133,0.00083881061,0.242,0.318,0.15,0.24,0.23,0.23,0.482,0.1,3,0.00021
2020-02-14,1.1026286,0.0069544956,0.21,0.27,0.15,0.32,0.15,0.15,0.65,0.2,5,0.00012
2020-02-15,1.0932407,-0.0085140571,0.242,0.318,0.15,0.24,0.23,0.23,0.482,0.1,3,0.00012
2020-02-16,1.0934292,0.00017236322,0.266,0.354,0.15,0.18,0.29,0.29,0.446,0.1,2,9e-05
2020-02-17,1.0912885,-0.0019577138,0.266,0.354,0.15,0.18,0.29,0.29,0.446,0.1,2,0
2020-02-18,1.0996986,0.0077065202,0.266,0.354,0.15,0.18,0.29,0.29,0.446,0.1,2,0
2020-02-19,1.0889604,-0.0097646924,0.242,0.318,0.15,0.24,0.23,0.23,0.482,0.1,3,9e-05
2020-02-20,1.090576,0.0014836644,0.266,0.354,0.15,0.18,0.29,0.29,0.446,0.1,2,9e-05
2020-02-21,1.0965609,0.0054878479,0.266,0.354,0.15,0.18,0.29,0.29,0.446,0.1,2,0
2020-02-22,1.0963105,-0.00022840757,0.266,0.354,0.15,0.18,0.29,0.29,0.446,0.1,2,0
2020-02-23,1.0996897,0.0030823232,0.266,0.354,0.15,0.18,0.29,0.29,0.446,0.1,2,0
2020-02-24,1.1016151,0.0017509084,0.266,0.354,0.15,0.18,0.29,0.29,0.446,0.1,2,0
2020-02-25,1.0933771,-0.0074781313,0.266,0.354,0.15,0.18,0.29,0.29,0.446,0.1,2,0
2020-02-26,1.0880684,-0.0048553388,0.266,0.354,0.15,0.18,0.29,0.29,0.446,0.1,2,0
2020-02-27,1.0877324,-0.00030880316,0.48192593,0.34066667,0.047407407,0.08,0.39,0.39,0.56192593,0,1,0.00034388889
2020-02-28,1.0635169,-0.022262368,0.48192593,0.34066667,0.047407407,0.08,0.39,0.39,0.56192593,0,1,0
2020-02-29,1.063679,0.00015243293,0.48192593,0.34066667,0.047407407,0.08,0.39,0.39,0.56192593,0,1,0
2020-03-01,1.0632789,-0.00037617827,0.63792593,0.18466667,0.047407407,0.08,0.39,0.39,0.71792593,0,1,0.000468
2020-03-02,1.0752528,0.011261357,0.45792593,0.30466667,0.047407407,0.14,0.33,0.33,0.68792593,0.15,2,0.00045
2020-03-03,1.0913941,0.015011653,0.48192593,0.34066667,0.047407407,0.08,0.39,0.39,0.56192593,0,1,9e-05
2020-03-04,1.0883078,-0.0028279149,0.42592593,0.25666667,0.047407407,0.22,0.25,0.25,0.85592593,0.1,4,0.00021
2020-03-05,1.0962167,0.0072672171,0.48192593,0.34066667,0.047407407,0.08,0.39,0.39,0.56192593,0,1,0.00021
2020-03-06,1.1009659,0.0043322833,0.44992593,0.29266667,0.047407407,0.16,0.31,0.31,0.72992593,0.1,3,0.00012
2020-03-07,1.1009313,-3.1383868e-05,0.48192593,0.34066667,0.047407407,0.08,0.39,0.39,0.56192593,0,1,0.00012
2020-03-08,1.1010668,0.00012307773,0.48192593,0.34066667,0.047407407,0.08,0.39,0.39,0.56192593,0,1,0
2020-03-09,1.1003358,-0.00066387825,0.58992593,0.17266667,0.047407407,0.14,0.33,0.33,0.72992593,0.06,2,0.000414
2020-03-10,1.0938134,-0.0059276753,0.63792593,0.18466667,0.047407407,0.08,0.39,0.39,0.71792593,0,1,9e-05
2020-03-11,1.0817679,-0.011012383,0.52592593,0.15666667,0.047407407,0.22,0.25,0.25,0.74592593,0.04,4,0.00021
2020-03-12,1.0596468,-0.020448989,0.63792593,0.18466667,0.047407407,0.08,0.39,0.39,0.71792593,0,1,0.00021
2020-03-13,1.037182,-0.021200305,0.57392593,0.16866667,0.047407407,0.16,0.31,0.31,0.73392593,0.04,3,0.00012
2020-03-14,1.0369537,-0.00022015827,0.63792593,0.18466667,0.047407407,0.08,0.39,0.39,0.71792593,0,1,0.00012
2020-03-15,1.0294573,-0.0072292682,0.63792593,0.18466667,0.047407407,0.08,0.39,0.39,0.90259259,-0.18466667,1,0
2020-03-16,1.0279372,-0.0014765637,0.70192593,0.20066667,0.047407407,0,0.47,0.47,0.90259259,-0.20066667,0,0.00012
2020-03-17,1.0352452,0.0071094075,0.70192593,0.20066667,0.047407407,0,0.47,0.47,0.90259259,-0.20066667,0,0
2020-03-18,1.0094238,-0.024942357,0.70192593,0.20066667,0.047407407,0,0.47,0.47,0.90259259,-0.20066667,0,0
2020-03-19,0.98115714,-0.028002734,0.70192593,0.20066667,0.047407407,0,0.47,0.47,0.90259259,-0.20066667,0,0
2020-03-20,0.98220808,0.0010711301,0.70192593,0.20066667,0.047407407,0,0.47,0.47,0.90259259,-0.20066667,0,0
2020-03-21,0.98289193,0.00069623988,0.70192593,0.20066667,0.047407407,0,0.47,0.47,0.90259259,-0.20066667,0,0
2020-03-22,0.99471739,0.012031288,0.70192593,0.20066667,0.047407407,0,0.47,0.47,0.90259259,-0.20066667,0,0
2020-03-23,1.011428,0.016799308,0.70192593,0.20066667,0.047407407,0,0.47,0.47,0.90259259,-0.20066667,0,0
2020-03-24,1.0449527,0.033145983,0.70192593,0.20066667,0.047407407,0,0.47,0.47,0.90259259,-0.20066667,0,0
2020-03-25,1.0347239,-0.0097887825,0.70192593,0.20066667,0.047407407,0,0.47,0.47,0.90259259,-0.20066667,0,0
2020-03-26,1.0407859,0.005858581,0.70192593,0.20066667,0.047407407,0,0.47,0.47,0.90259259,-0.20066667,0,0
2020-03-27,1.0408426,5.4491778e-05,0.63792593,0.18466667,0.047407407,0.08,0.39,0.39,0.90259259,-0.18466667,1,0.00012
2020-03-28,1.0444869,0.0035013046,0.63792593,0.18466667,0.047407407,0.08,0.39,0.39,0.90259259,-0.18466667,1,0
2020-03-29,1.0554134,0.010461113,0.63792593,0.18466667,0.047407407,0.08,0.39,0.39,0.90259259,-0.18466667,1,0
2020-03-30,1.0374594,-0.017011368,0.63792593,0.18466667,0.047407407,0.08,0.39,0.39,0.90259259,-0.18466667,1,0
2020-03-31,1.0194874,-0.017323064,0.70192593,0.20066667,0.047407407,0,0.47,0.47,0.90259259,-0.20066667,0,0.00012
2020-04-01,1.0074871,-0.011770936,0.58992593,0.17266667,0.047407407,0.14,0.33,0.33,0.90259259,-0.13266667,3,0.00021
2020-04-02,1.0239646,0.016354985,0.70192593,0.20066667,0.047407407,0,0.47,0.47,0.90259259,-0.20066667,0,0.00021
2020-04-03,1.0294826,0.0053888825,0.63792593,0.18466667,0.047407407,0.08,0.39,0.39,0.90259259,-0.14466667,2,0.00012
2020-04-04,1.0255945,-0.0037767531,0.70192593,0.20066667,0.047407407,0,0.47,0.47,0.90259259,-0.20066667,0,0.00012
2020-04-05,1.0281272,0.0024695624,0.70192593,0.20066667,0.047407407,0,0.47,0.47,0.90259259,-0.20066667,0,0
2020-04-06,1.0316717,0.0034474721,0.65392593,0.18866667,0.047407407,0.06,0.41,0.41,0.90259259,-0.12866667,1,9e-05
2020-04-07,1.0300606,-0.0015616519,0.70192593,0.20066667,0.047407407,0,0.47,0.47,0.90259259,-0.20066667,0,9e-05
2020-04-08,1.0242424,-0.0056483572,0.58992593,0.17266667,0.047407407,0.14,0.33,0.33,0.90259259,-0.13266667,3,0.00021
2020-04-09,1.0484038,0.023589537,0.48192593,0.34066667,0.047407407,0.08,0.39,0.39,0.90259259,-0.34066667,1,0.000414
2020-04-10,1.0630232,0.013944424,0.44992593,0.29266667,0.047407407,0.16,0.31,0.31,0.90259259,-0.25266667,3,0.00012
2020-04-11,1.0620697,-0.00089700595,0.63792593,0.18466667,0.047407407,0.08,0.39,0.39,0.90259259,-0.18466667,1,0.000444
2020-04-12,1.0594934,-0.0024257383,0.306,0.414,0.15,0.08,0.39,0.39,0.8,-0.414,1,0.00084188889
2020-04-13,1.0651855,0.0053724703,0.282,0.378,0.15,0.14,0.33,0.33,0.8,-0.318,2,9e-05
2020-04-14,1.065331,0.00013659327,0.306,0.414,0.15,0.08,0.39,0.39,0.8,-0.414,1,9e-05
2020-04-15,1.0756663,0.0097014787,0.306,0.414,0.15,0.08,0.39,0.39,0.8,-0.414,1,0
2020-04-16,1.0380445,-0.034975315,0.338,0.462,0.15,0,0.47,0.47,0.8,-0.462,0,0.00012
2020-04-17,1.036722,-0.0012740468,0.338,0.462,0.15,0,0.47,0.47,0.8,-0.462,0,0
2020-04-18,1.0216733,-0.014515667,0.338,0.462,0.15,0,0.47,0.47,0.8,-0.462,0,0
2020-04-19,1.030016,0.0081657803,0.338,0.462,0.15,0,0.47,0.47,0.8,-0.462,0,0
2020-04-20,1.0522301,0.021566762,0.338,0.462,0.15,0,0.47,0.47,0.8,-0.462,0,0
2020-04-21,1.0463212,-0.0056156448,0.338,0.462,0.15,0,0.47,0.47,0.8,-0.462,0,0
2020-04-22,1.0369298,-0.0089756276,0.338,0.462,0.15,0,0.47,0.47,0.8,-0.462,0,0
2020-04-23,1.0138596,-0.022248525,0.338,0.462,0.15,0,0.47,0.47,0.8,-0.462,0,0
2020-04-24,1.0105234,-0.0032906618,0.338,0.462,0.15,0,0.47,0.47,0.8,-0.462,0,0
2020-04-25,1.0084455,-0.0020562519,0.338,0.462,0.15,0,0.47,0.47,0.8,-0.462,0,0
2020-04-26,0.99891803,-0.0094476528,0.338,0.462,0.15,0,0.47,0.47,0.8,-0.462,0,0
2020-04-27,0.99177172,-0.0071540495,0.338,0.462,0.15,0,0.47,0.47,0.8,-0.462,0,0
2020-04-28,0.9932475,0.0014880225,0.306,0.414,0.15,0.08,0.39,0.39,0.8,-0.414,1,0.00012
2020-04-29,0.93678832,-0.056843018,0.306,0.414,0.15,0.08,0.39,0.39,0.8,-0.414,1,0
2020-04-30,0.9406686,0.0041421123,0.306,0.414,0.15,0.08,0.39,0.39,0.8,-0.414,1,0
2020-05-01,0.93572069,-0.0052599906,0.274,0.366,0.15,0.16,0.31,0.31,0.92,-0.266,3,0.00012
2020-05-02,0.9318239,-0.0041644807,0.266,0.354,0.15,0.18,0.29,0.29,0.8,-0.254,2,3e-05
2020-05-03,0.93392748,0.0022574928,0.266,0.354,0.15,0.18,0.29,0.29,0.8,-0.254,2,0
2020-05-04,0.93898321,0.0054134039,0.242,0.318,0.15,0.24,0.23,0.23,0.89,-0.068,3,9e-05
2020-05-05,0.93454195,-0.0047298637,0.266,0.354,0.15,0.18,0.29,0.29,0.8,-0.254,2,9e-05
2020-05-06,0.93269714,-0.0019740216,0.21,0.27,0.15,0.32,0.15,0.15,1.01,-0.07,5,0.00021
2020-05-07,0.91622214,-0.017663827,0.266,0.354,0.15,0.18,0.29,0.29,0.8,-0.254,2,0.00021
2020-05-08,0.91654413,0.00035143046,0.234,0.306,0.15,0.26,0.21,0.21,0.92,-0.106,4,0.00012
2020-05-09,0.92276904,0.006791714,0.266,0.354,0.15,0.18,0.29,0.29,0.8,-0.254,2,0.00012
2020-05-10,0.88647669,-0.039329831,0.266,0.354,0.15,0.18,0.29,0.29,0.8,0.454,2,0
2020-05-11,0.87655414,-0.011193244,0.242,0.318,0.15,0.24,0.23,0.23,0.8,0.478,3,9e-05
2020-05-12,0.8893488,0.014596546,0.266,0.354,0.15,0.18,0.29,0.29,0.8,0.454,2,9e-05
2020-05-13,0.91209342,0.02557447,0.21,0.27,0.15,0.32,0.15,0.15,0.8,0.41,5,0.00021
2020-05-14,0.93683146,0.027122267,0.266,0.354,0.15,0.18,0.29,0.29,0.8,0.454,2,0.00021
2020-05-15,0.91840249,-0.019671601,0.266,0.354,0.15,0.18,0.29,0.29,0.8,0.454,2,0
2020-05-16,0.92134198,0.0032006544,0.266,0.354,0.15,0.18,0.29,0.29,0.8,0.454,2,0
2020-05-17,0.93468818,0.014485615,0.266,0.354,0.15,0.18,0.29,0.29,0.8,0.454,2,0
2020-05-18,0.93401313,-0.00072222838,0.266,0.354,0.15,0.18,0.29,0.29,0.8,0.454,2,0
2020-05-19,0.93764047,0.0038836094,0.266,0.354,0.15,0.18,0.29,0.29,0.8,0.454,2,0
2020-05-20,0.92709296,-0.011248986,0.266,0.354,0.15,0.18,0.29,0.29,0.8,0.454,2,0
2020-05-21,0.90327988,-0.025685759,0.266,0.354,0.15,0.18,0.29,0.29,0.8,0.454,2,0
2020-05-22,0.90984643,0.0072696814,0.266,0.354,0.15,0.18,0.29,0.29,0.8,0.454,2,0
2020-05-23,0.91027636,0.00047252817,0.266,0.354,0.15,0.18,0.29,0.29,0.8,0.454,2,0
2020-05-24,0.88965264,-0.022656554,0.266,0.354,0.15,0.18,0.29,0.29,0.8,0.454,2,0
2020-05-25,0.8980036,0.0093867708,0.266,0.354,0.15,0.18,0.29,0.29,0.8,0.454,2,0
2020-05-26,0.89121476,-0.0075599298,0.266,0.354,0.15,0.18,0.29,0.29,0.8,0.454,2,0
2020-05-27,0.9086003,0.01950769,0.266,0.354,0.15,0.18,0.29,0.29,0.8,0.454,2,0
2020-05-28,0.92568915,0.018807886,0.266,0.354,0.15,0.18,0.29,0.29,0.8,0.454,2,0
2020-05-29,0.92256765,-0.0033720784,0.266,0.354,0.15,0.18,0.29,0.29,0.8,0.454,2,0
2020-05-30,0.93462997,0.013074722,0.266,0.354,0.15,0.18,0.29,0.29,0.8,0.454,2,0
2020-05-31,0.92375312,-0.011637595,0.266,0.354,0.15,0.18,0.29,0.29,0.8,0.454,2,0
2020-06-01,0.95113372,0.029640597,0.242,0.27992958,0.15,0.22084507,0.23,0.23,0.822,0.5,3,0.00014710563
2020-06-02,0.92032049,-0.032396315,0.242,0.318,0.15,0.24,0.23,0.23,0.8,0.418,3,5.7105634e-05
2020-06-03,0.9242678,0.0042890565,0.21,0.27,0.15,0.32,0.15,0.15,0.8,0.41,5,0.00012
2020-06-04,0.93249822,0.0089048014,0.266,0.354,0.15,0.18,0.29,0.29,0.8,0.454,2,0.00021
2020-06-05,0.92009113,-0.013305212,0.234,0.306,0.15,0.26,0.21,0.21,0.8,0.446,4,0.00012
2020-06-06,0.92197777,0.0020504892,0.266,0.354,0.15,0.18,0.29,0.29,0.8,0.454,2,0.00012
2020-06-07,0.92458968,0.0028329435,0.44192593,0.28066667,0.047407407,0.18,0.29,0.29,0.90259259,0.38066667,2,0.00037388889
2020-06-08,0.93012888,0.0059909791,0.41792593,0.24466667,0.047407407,0.24,0.23,0.23,0.99259259,0.49466667,3,9e-05
2020-06-09,0.93369491,0.0038339173,0.44192593,0.28066667,0.047407407,0.18,0.29,0.29,0.90259259,0.38066667,2,9e-05
2020-06-10,0.93861604,0.00527059,0.21,0.27,0.15,0.32,0.15,0.15,1.01,0.47,5,0.00036388889
2020-06-11,0.91511829,-0.025034457,0.266,0.354,0.15,0.18,0.29,0.29,0.8,0.454,2,0.00021
2020-06-12,0.92558118,0.011433366,0.234,0.30237154,0.15,0.25833992,0.21,0.21,0.914,0.5,4,0.00012544269
2020-06-13,0.9255841,3.1572357e-06,0.44192593,0.28066667,0.047407407,0.18,0.29,0.29,0.90259259,0.38066667,2,0.0003444462
2020-06-14,0.92063525,-0.0053467323,0.44192593,0.28066667,0.047407407,0.18,0.29,0.29,0.90259259,0.38066667,2,0
2020-06-15,0.92100108,0.00039736745,0.48192593,0.34066667,0.047407407,0.08,0.39,0.39,0.90259259,0.34066667,1,0.00015
2020-06-16,0.92672315,0.0062128792,0.48192593,0.34066667,0.047407407,0.08,0.39,0.39,0.90259259,0.34066667,1,0
2020-06-17,0.92462635,-0.0022625943,0.48192593,0.34066667,0.047407407,0.08,0.39,0.39,0.90259259,0.34066667,1,0
2020-06-18,0.92086396,-0.0040690955,0.48192593,0.34066667,0.047407407,0.08,0.39,0.39,0.90259259,0.34066667,1,0
2020-06-19,0.92376335,0.0031485534,0.48192593,0.34066667,0.047407407,0.08,0.39,0.39,0.90259259,0.34066667,1,0
2020-06-20,0.92543059,0.0018048369,0.48192593,0.34066667,0.047407407,0.08,0.39,0.39,0.90259259,0.34066667,1,0
2020-06-21,0.92327493,-0.0023293524,0.48192593,0.34066667,0.047407407,0.08,0.39,0.39,0.90259259,0.34066667,1,0
2020-06-22,0.93928322,0.017338593,0.48192593,0.34066667,0.047407407,0.08,0.39,0.39,0.90259259,0.34066667,1,0
2020-06-23,0.93905033,-0.00024794744,0.306,0.414,0.15,0.08,0.39,0.39,0.8,0.414,1,0.00037388889
2020-06-24,0.92480305,-0.015172008,0.306,0.414,0.15,0.08,0.39,0.39,0.8,0.414,1,0
2020-06-25,0.92195759,-0.0030768242,0.48192593,0.34066667,0.047407407,0.08,0.39,0.39,0.90259259,0.34066667,1,0.00037388889
2020-06-26,0.92164272,-0.00034152429,0.48192593,0.34066667,0.047407407,0.08,0.39,0.39,0.90259259,0.34066667,1,0
2020-06-27,0.91652219,-0.0055558698,0.48192593,0.34066667,0.047407407,0.08,0.39,0.39,0.90259259,0.34066667,1,0
2020-06-28,0.92016049,0.0039696702,0.48192593,0.34066667,0.047407407,0.08,0.39,0.39,0.90259259,0.34066667,1,0
2020-06-29,0.92338328,0.0035024297,0.48192593,0.34066667,0.047407407,0.08,0.39,0.39,0.90259259,0.34066667,1,0
2020-06-30,0.92612538,0.0029696223,0.48192593,0.34066667,0.047407407,0.08,0.39,0.39,0.90259259,0.34066667,1,0
2020-07-01,0.92934795,0.0034796245,0.42592593,0.25666667,0.047407407,0.22,0.25,0.25,1.1125926,0.35666667,4,0.00021
2020-07-02,0.92691947,-0.0026130995,0.48192593,0.34066667,0.047407407,0.08,0.39,0.39,0.90259259,0.34066667,1,0.00021
2020-07-03,0.92599783,-0.00099431138,0.44992593,0.29266667,0.047407407,0.16,0.31,0.31,1.0225926,0.39266667,3,0.00012
2020-07-04,0.92860225,0.0028125638,0.48192593,0.34066667,0.047407407,0.08,0.39,0.39,0.90259259,0.34066667,1,0.00012
2020-07-05,0.92634218,-0.0024338479,0.48192593,0.34066667,0.047407407,0.08,0.39,0.39,0.90259259,0.34066667,1,0
2020-07-06,0.9387344,0.013377584,0.45792593,0.30466667,0.047407407,0.14,0.33,0.33,0.99259259,0.45466667,2,9e-05
2020-07-07,0.93967763,0.0010047952,0.48192593,0.34066667,0.047407407,0.08,0.39,0.39,0.90259259,0.34066667,1,9e-05
2020-07-08,0.95546226,0.016797916,0.42592593,0.25666667,0.047407407,0.22,0.25,0.25,1.1125926,0.35666667,4,0.00021
2020-07-09,0.9441312,-0.011859246,0.48192593,0.34066667,0.047407407,0.08,0.39,0.39,0.90259259,0.34066667,1,0.00021
2020-07-10,0.94433057,0.0002111737,0.44992593,0.29266667,0.047407407,0.16,0.31,0.31,1.0225926,0.39266667,3,0.00012
2020-07-11,0.94236379,-0.0020827221,0.48192593,0.34066667,0.047407407,0.08,0.39,0.39,0.90259259,0.34066667,1,0.00012
2020-07-12,0.94478044,0.0025644495,0.48192593,0.34066667,0.047407407,0.08,0.39,0.39,0.90259259,0.34066667,1,0
2020-07-13,0.94620772,0.0015107023,0.45792593,0.30466667,0.047407407,0.14,0.33,0.33,0.99259259,0.45466667,2,9e-05
2020-07-14,0.94651087,0.00032037914,0.48192593,0.34066667,0.047407407,0.08,0.39,0.39,0.90259259,0.34066667,1,9e-05
2020-07-15,0.94471081,-0.0019017797,0.48192593,0.34066667,0.047407407,0.08,0.39,0.39,0.90259259,0.34066667,1,0
2020-07-16,0.93931112,-0.0057157087,0.48192593,0.34066667,0.047407407,0.08,0.39,0.39,0.90259259,0.34066667,1,0
2020-07-17,0.9424763,0.0033696833,0.48192593,0.34066667,0.047407407,0.08,0.39,0.39,0.90259259,0.34066667,1,0
2020-07-18,0.94306358,0.00062312694,0.48192593,0.34066667,0.047407407,0.08,0.39,0.39,0.90259259,0.34066667,1,0
2020-07-19,0.94444728,0.0014672328,0.48192593,0.34066667,0.047407407,0.08,0.39,0.39,0.90259259,0.34066667,1,0
2020-07-20,0.94470343,0.00027122283,0.48192593,0.34066667,0.047407407,0.08,0.39,0.39,0.90259259,0.34066667,1,0
2020-07-21,0.95942778,0.015586215,0.48192593,0.34066667,0.047407407,0.08,0.39,0.39,0.90259259,0.34066667,1,0
2020-07-22,0.96936263,0.010354972,0.48192593,0.34066667,0.047407407,0.08,0.39,0.39,0.90259259,0.34066667,1,0
2020-07-23,0.97860903,0.0095386392,0.48192593,0.34066667,0.047407407,0.08,0.39,0.39,0.90259259,0.34066667,1,0
2020-07-24,0.97841196,-0.00020137886,0.48192593,0.34066667,0.047407407,0.08,0.39,0.39,0.90259259,0.34066667,1,0
2020-07-25,0.98412352,0.0058375802,0.48192593,0.34066667,0.047407407,0.08,0.39,0.39,0.90259259,0.34066667,1,0
2020-07-26,0.99218368,0.0081901914,0.48192593,0.34066667,0.047407407,0.08,0.39,0.39,0.90259259,0.34066667,1,0
2020-07-27,1.0427995,0.051014607,0.306,0.414,0.15,0.08,0.39,0.39,0.8,0.414,1,0.00037388889
2020-07-28,1.0395917,-0.0030761469,0.282,0.378,0.15,0.14,0.33,0.33,0.8,0.378,2,9e-05
2020-07-29,1.0486942,0.0087558395,0.242,0.318,0.15,0.24,0.23,0.23,0.8,0.418,3,0.00015
2020-07-30,1.0507891,0.0019976434,0.242,0.318,0.15,0.24,0.23,0.23,0.8,0.418,3,0
2020-07-31,1.0651152,0.013633606,0.242,0.318,0.15,0.24,0.23,0.23,0.8,0.418,3,0
2020-08-01,1.0910206,0.02432173,0.242,0.318,0.15,0.24,0.23,0.23,0.8,0.418,3,0
2020-08-02,1.0604129,-0.02805421,0.242,0.318,0.15,0.24,0.23,0.23,0.8,0.418,3,0
2020-08-03,1.068622,0.0077414409,0.242,0.27992958,0.15,0.22084507,0.23,0.23,0.822,0.5,3,5.7105634e-05
2020-08-04,1.0726036,0.0037258479,0.242,0.318,0.15,0.24,0.23,0.23,0.8,0.418,3,5.7105634e-05
2020-08-05,1.1060813,0.031211702,0.21,0.27,0.15,0.32,0.15,0.15,1.01,0.47,5,0.00012
2020-08-06,1.1083617,0.0020616811,0.242,0.318,0.15,0.24,0.23,0.23,0.8,0.418,3,0.00012
2020-08-07,1.0935905,-0.013327128,0.21,0.27,0.15,0.32,0.15,0.15,0.92,0.47,5,0.00012
2020-08-08,1.1031547,0.0087456988,0.242,0.318,0.15,0.24,0.23,0.23,0.8,0.418,3,0.00012
2020-08-09,1.0989385,-0.0038218815,0.242,0.318,0.15,0.24,0.23,0.23,0.8,0.418,3,0
2020-08-10,1.1074761,0.0077688745,0.218,0.26503759,0.15,0.29037594,0.17,0.17,0.858,0.5,4,0.00011544361
2020-08-11,1.0730406,-0.031093631,0.242,0.318,0.15,0.24,0.23,0.23,0.8,0.418,3,0.00011544361
2020-08-12,1.0862944,0.012351625,0.186,0.234,0.15,0.38,0.09,0.09,1.01,0.434,6,0.00021
2020-08-13,1.1038294,0.016142062,0.242,0.318,0.15,0.24,0.23,0.23,0.8,0.418,3,0.00021
2020-08-14,1.1037193,-9.980748e-05,0.21,0.27,0.15,0.32,0.15,0.15,0.92,0.47,5,0.00012
2020-08-15,1.1063939,0.0024232719,0.242,0.318,0.15,0.24,0.23,0.23,0.8,0.418,3,0.00012
2020-08-16,1.1089831,0.0023402662,0.242,0.318,0.15,0.24,0.23,0.23,0.8,0.418,3,0
2020-08-17,1.1297725,0.018746315,0.242,0.318,0.15,0.24,0.23,0.23,0.8,0.418,3,0
2020-08-18,1.1177128,-0.010674409,0.242,0.318,0.15,0.24,0.23,0.23,0.8,0.418,3,0
2020-08-19,1.102614,-0.013508666,0.242,0.318,0.15,0.24,0.23,0.23,0.8,0.418,3,0
2020-08-20,1.1045448,0.0017510563,0.242,0.318,0.15,0.24,0.23,0.23,0.8,0.418,3,0
2020-08-21,1.0875939,-0.01534649,0.242,0.318,0.15,0.24,0.23,0.23,0.8,0.418,3,0
2020-08-22,1.0931759,0.005132445,0.266,0.354,0.15,0.18,0.29,0.29,0.8,0.454,2,9e-05
2020-08-23,1.092589,-0.00053684391,0.266,0.354,0.15,0.18,0.29,0.29,0.8,0.454,2,0
2020-08-24,1.0958581,0.0029920614,0.266,0.354,0.15,0.18,0.29,0.29,0.8,0.454,2,0
2020-08-25,1.0726986,-0.021133643,0.242,0.318,0.15,0.24,0.23,0.23,0.8,0.418,3,9e-05
2020-08-26,1.0831262,0.0097208959,0.266,0.354,0.15,0.18,0.29,0.29,0.8,0.454,2,9e-05
2020-08-27,1.0733276,-0.0090465819,0.44192593,0.28066667,0.047407407,0.18,0.29,0.29,0.90259259,0.38066667,2,0.00037388889
2020-08-28,1.0910602,0.01652107,0.44192593,0.28066667,0.047407407,0.18,0.29,0.29,0.90259259,0.38066667,2,0
2020-08-29,1.0855642,-0.0050372974,0.44192593,0.28066667,0.047407407,0.18,0.29,0.29,0.90259259,0.38066667,2,0
2020-08-30,1.0987748,0.012169379,0.44192593,0.28066667,0.047407407,0.18,0.29,0.29,0.90259259,0.38066667,2,0
2020-08-31,1.0948064,-0.0036116446,0.41792593,0.24466667,0.047407407,0.24,0.23,0.23,0.90259259,0.34466667,3,9e-05
2020-09-01,1.1069283,0.011072163,0.44192593,0.28066667,0.047407407,0.18,0.29,0.29,0.90259259,0.38066667,2,9e-05
2020-09-02,1.0564365,-0.045614295,0.186,0.234,0.15,0.38,0.09,0.09,1.01,0.434,6,0.00045388889
2020-09-03,1.0067334,-0.047047901,0.44192593,0.28066667,0.047407407,0.18,0.29,0.29,0.90259259,0.38066667,2,0.00045388889
2020-09-04,1.019666,0.012846048,0.44992593,0.29266667,0.047407407,0.16,0.31,0.31,1.0225926,0.39266667,3,3e-05
2020-09-05,1.0168561,-0.0027557008,0.63792593,0.18466667,0.047407407,0.08,0.39,0.39,0.90259259,0.18466667,1,0.000444
2020-09-06,1.0168654,9.2096493e-06,0.63792593,0.18466667,0.047407407,0.08,0.39,0.39,0.90259259,0.18466667,1,0
2020-09-07,1.0214608,0.0045191437,0.58992593,0.17266667,0.047407407,0.14,0.33,0.33,0.99259259,0.32266667,2,9e-05
2020-09-08,1.0153891,-0.0059441414,0.63792593,0.18466667,0.047407407,0.08,0.39,0.39,0.90259259,0.18466667,1,9e-05
2020-09-09,1.0370839,0.021365971,0.52592593,0.15666667,0.047407407,0.22,0.25,0.25,1.1125926,0.25666667,4,0.00021
2020-09-10,1.039579,0.0024058645,0.63792593,0.18466667,0.047407407,0.08,0.39,0.39,0.90259259,0.18466667,1,0.00021
2020-09-11,1.0411958,0.0015552711,0.44992593,0.29266667,0.047407407,0.16,0.31,0.31,1.0225926,0.39266667,3,0.000444
2020-09-12,1.0425332,0.0012845086,0.63792593,0.18466667,0.047407407,0.08,0.39,0.39,0.90259259,0.18466667,1,0.000444
2020-09-13,1.0399567,-0.0024714277,0.63792593,0.18466667,0.047407407,0.08,0.39,0.39,0.90259259,0.18466667,1,0
2020-09-14,1.0558042,0.015238661,0.58992593,0.17266667,0.047407407,0.14,0.33,0.33,0.99259259,0.32266667,2,9e-05
2020-09-15,1.0581428,0.0022149602,0.48192593,0.34066667,0.047407407,0.08,0.39,0.39,0.90259259,0.34066667,1,0.000414
2020-09-16,1.0660469,0.0074698332,0.48192593,0.34066667,0.047407407,0.08,0.39,0.39,0.90259259,0.34066667,1,0
2020-09-17,1.0633557,-0.002524467,0.63792593,0.18466667,0.047407407,0.08,0.39,0.39,0.90259259,0.18466667,1,0.000468
2020-09-18,1.0615632,-0.0016857506,0.48192593,0.34066667,0.047407407,0.08,0.39,0.39,0.90259259,0.34066667,1,0.000468
2020-09-19,1.0680763,0.0061354573,0.48192593,0.34066667,0.047407407,0.08,0.39,0.39,0.90259259,0.34066667,1,0
2020-09-20,1.0618837,-0.0057979836,0.48192593,0.34066667,0.047407407,0.08,0.39,0.39,0.90259259,0.34066667,1,0
2020-09-21,1.0342497,-0.026023497,0.48192593,0.34066667,0.047407407,0.08,0.39,0.39,0.90259259,0.34066667,1,0
2020-09-22,1.0305031,-0.0036225495,0.70192593,0.20066667,0.047407407,0,0.47,0.47,0.90259259,0.20066667,0,0.00054
2020-09-23,1.0091855,-0.020686565,0.51392593,0.38866667,0.047407407,0,0.47,0.47,0.90259259,0.38866667,0,0.000564
2020-09-24,1.0250296,0.015699845,0.70192593,0.20066667,0.047407407,0,0.47,0.47,0.90259259,0.20066667,0,0.000564
2020-09-25,1.0186528,-0.0062211129,0.51392593,0.38866667,0.047407407,0,0.47,0.47,0.90259259,0.38866667,0,0.000564
2020-09-26,1.0193678,0.00070195485,0.51392593,0.38866667,0.047407407,0,0.47,0.47,0.90259259,0.38866667,0,0
2020-09-27,1.0204429,0.0010546318,0.48192593,0.34066667,0.047407407,0.08,0.39,0.39,0.90259259,0.34066667,1,0.00012
2020-09-28,1.0246391,0.004112126,0.48192593,0.34066667,0.047407407,0.08,0.39,0.39,0.90259259,0.34066667,1,0
2020-09-29,1.0339598,0.0090965719,0.48192593,0.34066667,0.047407407,0.08,0.39,0.39,0.90259259,0.34066667,1,0
2020-09-30,1.0288458,-0.0049460246,0.48192593,0.34066667,0.047407407,0.08,0.39,0.39,0.90259259,0.34066667,1,0
2020-10-01,1.0267906,-0.001997574,0.48192593,0.34066667,0.047407407,0.08,0.39,0.39,0.90259259,0.34066667,1,0
2020-10-02,1.0215303,-0.0051230047,0.57392593,0.16866667,0.047407407,0.16,0.31,0.31,1.0225926,0.26866667,3,0.000396
2020-10-03,1.018338,-0.0031250907,0.48192593,0.34066667,0.047407407,0.08,0.39,0.39,0.90259259,0.34066667,1,0.000396
2020-10-04,1.0250041,0.0065461144,0.48192593,0.34066667,0.047407407,0.08,0.39,0.39,0.90259259,0.34066667,1,0
2020-10-05,1.029482,0.0043686534,0.45792593,0.30466667,0.047407407,0.14,0.33,0.33,0.99259259,0.45466667,2,9e-05
2020-10-06,1.0159113,-0.013182094,0.306,0.414,0.15,0.08,0.39,0.39,0.8,0.414,1,0.00039188889
2020-10-07,1.0204305,0.0044484415,0.42592593,0.25666667,0.047407407,0.22,0.25,0.25,1.1125926,0.35666667,4,0.00041588889
2020-10-08,1.0312646,0.010617166,0.48192593,0.34066667,0.047407407,0.08,0.39,0.39,0.90259259,0.34066667,1,0.00021
2020-10-09,1.0446317,0.012961851,0.274,0.366,0.15,0.16,0.31,0.31,0.92,0.466,3,0.00034988889
2020-10-10,1.0534718,0.0084623984,0.306,0.414,0.15,0.08,0.39,0.39,0.8,0.414,1,0.00012
2020-10-11,1.0572894,0.0036239045,0.306,0.414,0.15,0.08,0.39,0.39,0.8,0.414,1,0
2020-10-12,1.0628873,0.0052945411,0.282,0.35795455,0.15,0.13681818,0.33,0.33,0.862,0.5,2,0.00012006818
2020-10-13,1.0552092,-0.0072237981,0.306,0.414,0.15,0.08,0.39,0.39,0.8,0.414,1,0.00012006818
2020-10-14,1.0559979,0.000747445,0.25,0.33,0.15,0.22,0.25,0.25,1.01,0.43,4,0.00021
2020-10-15,1.061001,0.0047377755,0.306,0.414,0.15,0.08,0.39,0.39,0.8,0.414,1,0.00021
2020-10-16,1.0526957,-0.0078277677,0.306,0.414,0.15,0.08,0.39,0.39,0.8,0.414,1,0
2020-10-17,1.0537605,0.0010114321,0.48192593,0.34066667,0.047407407,0.08,0.39,0.39,0.90259259,0.34066667,1,0.00037388889
2020-10-18,1.0572342,0.0032965382,0.44192593,0.28066667,0.047407407,0.18,0.29,0.29,0.90259259,0.38066667,2,0.00015
2020-10-19,1.0666561,0.0089118345,0.266,0.354,0.15,0.18,0.29,0.29,0.8,0.454,2,0.00037388889
2020-10-20,1.0725691,0.005543426,0.242,0.318,0.15,0.24,0.23,0.23,0.8,0.418,3,9e-05
2020-10-21,1.1107163,0.035566186,0.242,0.318,0.15,0.24,0.23,0.23,0.8,0.418,3,0
2020-10-22,1.1185423,0.0070459224,0.242,0.318,0.15,0.24,0.23,0.23,0.8,0.418,3,0
2020-10-23,1.1155157,-0.002705859,0.242,0.318,0.15,0.24,0.23,0.23,0.8,0.418,3,0
2020-10-24,1.1244994,0.0080534629,0.242,0.318,0.15,0.24,0.23,0.23,0.8,0.418,3,0
2020-10-25,1.1196061,-0.0043515285,0.242,0.318,0.15,0.24,0.23,0.23,0.8,0.418,3,0
2020-10-26,1.1180072,-0.001428098,0.242,0.318,0.15,0.24,0.23,0.23,0.8,0.418,3,0
2020-10-27,1.142014,0.021472802,0.242,0.318,0.15,0.24,0.23,0.23,0.8,0.418,3,0
2020-10-28,1.1237596,-0.015984381,0.242,0.318,0.15,0.24,0.23,0.23,0.8,0.418,3,0
2020-10-29,1.1270802,0.0029549566,0.242,0.318,0.15,0.24,0.23,0.23,0.8,0.418,3,0
2020-10-30,1.1328852,0.0051504041,0.242,0.318,0.15,0.24,0.23,0.23,0.8,0.418,3,0
2020-10-31,1.1416454,0.0077327119,0.242,0.318,0.15,0.24,0.23,0.23,0.8,0.418,3,0
2020-11-01,1.1411196,-0.00046056453,0.274,0.366,0.15,0.16,0.31,0.31,0.8,0.466,2,0.00012
2020-11-02,1.1333915,-0.0067724331,0.25,0.28448276,0.15,0.19793103,0.25,0.25,0.81,0.5,3,0.00015827586
2020-11-03,1.1548802,0.01895965,0.274,0.366,0.15,0.16,0.31,0.31,0.8,0.466,2,0.00015827586
2020-11-04,1.1665511,0.010105716,0.218,0.282,0.15,0.3,0.17,0.17,1.01,0.482,5,0.00021
2020-11-05,1.2312828,0.05548982,0.274,0.366,0.15,0.16,0.31,0.31,0.8,0.466,2,0.00021
2020-11-06,1.2440561,0.010374018,0.242,0.30694981,0.15,0.23513514,0.23,0.23,0.902,0.5,4,0.00013657529
2020-11-07,1.2163124,-0.022301022,0.242,0.318,0.15,0.24,0.23,0.23,0.8,0.418,3,1.657529e-05
2020-11-08,1.2431362,0.022053406,0.242,0.318,0.15,0.24,0.23,0.23,0.8,0.418,3,0
2020-11-09,1.2219748,-0.017022639,0.218,0.26503759,0.15,0.29037594,0.17,0.17,0.858,0.5,4,0.00011544361
2020-11-10,1.224123,0.0017579885,0.242,0.318,0.15,0.24,0.23,0.23,0.8,0.418,3,0.00011544361
2020-11-11,1.2425246,0.015032498,0.186,0.234,0.15,0.38,0.09,0.09,1.01,0.434,6,0.00021
2020-11-12,1.2646599,0.017814747,0.242,0.318,0.15,0.24,0.23,0.23,0.8,0.418,3,0.00021
2020-11-13,1.2690271,0.0034532564,0.21,0.27,0.15,0.32,0.15,0.15,0.92,0.47,5,0.00012
2020-11-14,1.2578803,-0.0087836894,0.242,0.318,0.15,0.24,0.23,0.23,0.8,0.418,3,0.00012
2020-11-15,1.252072,-0.0046175691,0.242,0.318,0.15,0.24,0.23,0.23,0.8,0.418,3,0
2020-11-16,1.2798697,0.022201364,0.242,0.318,0.15,0.24,0.23,0.23,0.8,0.418,3,0
2020-11-17,1.3130969,0.025961395,0.242,0.318,0.15,0.24,0.23,0.23,0.8,0.418,3,0
2020-11-18,1.3130132,-6.3706711e-05,0.242,0.318,0.15,0.24,0.23,0.23,0.8,0.418,3,0
2020-11-19,1.3108383,-0.0016564442,0.242,0.318,0.15,0.24,0.23,0.23,0.8,0.418,3,0
2020-11-20,1.3459316,0.026771628,0.242,0.318,0.15,0.24,0.23,0.23,0.8,0.418,3,0
2020-11-21,1.354266,0.0061922763,0.242,0.318,0.15,0.24,0.23,0.23,0.8,0.418,3,0
2020-11-22,1.3462663,-0.0059070264,0.242,0.318,0.15,0.24,0.23,0.23,0.8,0.418,3,0
2020-11-23,1.3477456,0.001098816,0.242,0.318,0.15,0.24,0.23,0.23,0.8,0.418,3,0
2020-11-24,1.3666005,0.013990003,0.242,0.318,0.15,0.24,0.23,0.23,0.8,0.418,3,0
2020-11-25,1.3485132,-0.013235284,0.242,0.318,0.15,0.24,0.23,0.23,0.8,0.418,3,0
2020-11-26,1.2946887,-0.039913966,0.242,0.318,0.15,0.24,0.23,0.23,0.8,0.418,3,0
2020-11-27,1.2894331,-0.0040593426,0.266,0.354,0.15,0.18,0.29,0.29,0.8,0.454,2,9e-05
2020-11-28,1.3087254,0.014961819,0.266,0.354,0.15,0.18,0.29,0.29,0.8,0.454,2,0
2020-11-29,1.3248824,0.012345586,0.266,0.354,0.15,0.18,0.29,0.29,0.8,0.454,2,0
2020-11-30,1.37452,0.037465735,0.266,0.354,0.15,0.18,0.29,0.29,0.8,0.454,2,0
2020-12-01,1.3507672,-0.01728081,0.242,0.318,0.15,0.24,0.23,0.23,0.8,0.418,3,9e-05
2020-12-02,1.3647775,0.010372113,0.186,0.234,0.15,0.38,0.09,0.09,0.8,0.374,6,0.00021
2020-12-03,1.3760169,0.0082353052,0.242,0.318,0.15,0.24,0.23,0.23,0.8,0.418,3,0.00021
2020-12-04,1.3451958,-0.022398754,0.21,0.27,0.15,0.32,0.15,0.15,0.8,0.41,5,0.00012
2020-12-05,1.3626738,0.012992869,0.266,0.354,0.15,0.18,0.29,0.29,0.8,0.454,2,0.00021
2020-12-06,1.3677227,0.0037051188,0.242,0.318,0.15,0.24,0.23,0.23,0.8,0.418,3,9e-05
2020-12-07,1.3664042,-0.00096394417,0.218,0.26503759,0.15,0.29037594,0.17,0.17,0.858,0.5,4,0.00011544361
2020-12-08,1.3355488,-0.022581516,0.242,0.318,0.15,0.24,0.23,0.23,0.8,0.418,3,0.00011544361
2020-12-09,1.3417291,0.0046275737,0.21,0.27,0.15,0.32,0.15,0.15,1.01,0.47,5,0.00012
2020-12-10,1.3319451,-0.0072920924,0.266,0.354,0.15,0.18,0.29,0.29,0.8,0.454,2,0.00021
2020-12-11,1.3253087,-0.0049824594,0.234,0.30237154,0.15,0.25833992,0.21,0.21,0.914,0.5,4,0.00012544269
2020-12-12,1.3517744,0.019969399,0.266,0.354,0.15,0.18,0.29,0.29,0.8,0.454,2,0.00012544269
2020-12-13,1.3658342,0.010401037,0.242,0.318,0.15,0.24,0.23,0.23,0.8,0.418,3,9e-05
2020-12-14,1.3664529,0.00045297539,0.218,0.26503759,0.15,0.29037594,0.17,0.17,0.858,0.5,4,0.00011544361
2020-12-15,1.3749014,0.0061827618,0.242,0.318,0.15,0.24,0.23,0.23,0.8,0.418,3,0.00011544361
2020-12-16,1.4396015,0.047058061,0.242,0.318,0.15,0.24,0.23,0.23,0.8,0.418,3,0
2020-12-17,1.4877762,0.033463847,0.242,0.318,0.15,0.24,0.23,0.23,0.8,0.418,3,0
2020-12-18,1.4968977,0.006130985,0.242,0.318,0.15,0.24,0.23,0.23,0.8,0.418,3,0
2020-12-19,1.5161396,0.012854509,0.242,0.318,0.15,0.24,0.23,0.23,0.8,0.418,3,0
2020-12-20,1.5054916,-0.0070230553,0.242,0.318,0.15,0.24,0.23,0.23,0.8,0.418,3,0
2020-12-21,1.4812219,-0.016120834,0.242,0.318,0.15,0.24,0.23,0.23,0.8,0.418,3,0
2020-12-22,1.512237,0.020938921,0.242,0.318,0.15,0.24,0.23,0.23,0.8,0.418,3,0
2020-12-23,1.4900458,-0.014674441,0.242,0.318,0.15,0.24,0.23,0.23,0.8,0.418,3,0
2020-12-24,1.5089433,0.012682495,0.242,0.318,0.15,0.24,0.23,0.23,0.8,0.418,3,0
2020-12-25,1.5398373,0.020473919,0.242,0.318,0.15,0.24,0.23,0.23,0.8,0.418,3,0
2020-12-26,1.5898482,0.032478027,0.242,0.318,0.15,0.24,0.23,0.23,0.8,0.418,3,0
2020-12-27,1.5953872,0.0034839904,0.242,0.318,0.15,0.24,0.23,0.23,0.8,0.418,3,0
2020-12-28,1.6192728,0.014971678,0.242,0.318,0.15,0.24,0.23,0.23,0.8,0.418,3,0
2020-12-29,1.6271477,0.0048631992,0.242,0.318,0.15,0.24,0.23,0.23,0.8,0.418,3,0
2020-12-30,1.6679453,0.025073105,0.242,0.318,0.15,0.24,0.23,0.23,0.8,0.418,3,0
2020-12-31,1.6696928,0.0010476958,0.242,0.318,0.15,0.24,0.23,0.23,0.8,0.418,3,0
2021-01-01,1.6784738,0.0052590339,0.21,0.27,0.15,0.32,0.15,0.15,0.92,0.47,5,0.00012
2021-01-02,1.7581761,0.047485028,0.242,0.318,0.15,0.24,0.23,0.23,0.8,0.418,3,0.00012
2021-01-03,1.8044303,0.026308055,0.242,0.318,0.15,0.24,0.23,0.23,0.8,0.418,3,0
2021-01-04,1.7869559,-0.0096842118,0.218,0.26503759,0.15,0.29037594,0.17,0.17,0.858,0.5,4,0.00011544361
2021-01-05,1.8427954,0.031248409,0.242,0.318,0.15,0.24,0.23,0.23,0.8,0.418,3,0.00011544361
2021-01-06,1.9217209,0.042829224,0.186,0.234,0.15,0.38,0.09,0.09,1.01,0.434,6,0.00021
2021-01-07,1.9803568,0.030512184,0.242,0.318,0.15,0.24,0.23,0.23,0.8,0.418,3,0.00021
2021-01-08,2.0155461,0.017769201,0.21,0.27,0.15,0.32,0.15,0.15,0.92,0.47,5,0.00012
2021-01-09,2.0109822,-0.0022643576,0.242,0.318,0.15,0.24,0.23,0.23,0.8,0.418,3,0.00012
2021-01-10,1.971117,-0.019823737,0.242,0.318,0.15,0.24,0.23,0.23,0.8,0.418,3,0
2021-01-11,1.9003747,-0.035889463,0.242,0.318,0.15,0.24,0.23,0.23,0.8,0.478,3,0
2021-01-12,1.8687763,-0.016627451,0.266,0.354,0.15,0.18,0.29,0.29,0.8,0.454,2,9e-05
2021-01-13,1.9388904,0.037518738,0.21,0.27,0.15,0.32,0.15,0.15,0.8,0.41,5,0.00021
2021-01-14,1.9839025,0.02321536,0.266,0.354,0.15,0.18,0.29,0.29,0.8,0.454,2,0.00021
2021-01-15,1.9191617,-0.032633074,0.242,0.318,0.15,0.24,0.23,0.23,0.8,0.418,3,9e-05
2021-01-16,1.9044213,-0.0076806163,0.266,0.354,0.15,0.18,0.29,0.29,0.8,0.454,2,9e-05
2021-01-17,1.8971152,-0.0038363703,0.266,0.354,0.15,0.18,0.29,0.29,0.8,0.454,2,0
2021-01-18,1.9209873,0.012583358,0.266,0.354,0.15,0.18,0.29,0.29,0.8,0.454,2,0
2021-01-19,1.9037417,-0.0089774707,0.266,0.354,0.15,0.18,0.29,0.29,0.8,0.454,2,0
2021-01-20,1.9025089,-0.00064757307,0.266,0.354,0.15,0.18,0.29,0.29,0.8,0.454,2,0
2021-01-21,1.7859406,-0.061270842,0.266,0.354,0.15,0.18,0.29,0.29,0.8,0.454,2,0
2021-01-22,1.8306195,0.025017029,0.306,0.414,0.15,0.08,0.39,0.39,0.8,0.414,1,0.00015
2021-01-23,1.8119084,-0.010221209,0.306,0.414,0.15,0.08,0.39,0.39,0.8,0.414,1,0
2021-01-24,1.8137281,0.0010043016,0.306,0.414,0.15,0.08,0.39,0.39,0.8,0.414,1,0
2021-01-25,1.8140338,0.00016858306,0.306,0.414,0.15,0.08,0.39,0.39,0.8,0.414,1,0
2021-01-26,1.8206162,0.0036285648,0.306,0.414,0.15,0.08,0.39,0.39,0.8,0.414,1,0
2021-01-27,1.7667271,-0.029599353,0.306,0.414,0.15,0.08,0.39,0.39,0.8,0.414,1,0
2021-01-28,1.8408507,0.04195531,0.306,0.414,0.15,0.08,0.39,0.39,0.8,0.414,1,0
2021-01-29,1.8608264,0.010851347,0.274,0.366,0.15,0.16,0.31,0.31,0.8,0.446,2,0.00012
2021-01-30,1.8564964,-0.0023269057,0.274,0.366,0.15,0.16,0.31,0.31,0.8,0.446,2,0
2021-01-31,1.832856,-0.012733923,0.274,0.366,0.15,0.16,0.31,0.31,0.8,0.446,2,0
2021-02-01,1.8369088,0.0022112196,0.25,0.33,0.15,0.22,0.25,0.25,0.8,0.47,3,9e-05
2021-02-02,1.8644065,0.014969532,0.48192593,0.34066667,0.047407407,0.08,0.39,0.39,0.90259259,0.34066667,1,0.00036388889
2021-02-03,1.9086053,0.023706645,0.25,0.33,0.15,0.22,0.25,0.25,0.8,0.37,4,0.00036388889
2021-02-04,1.8820385,-0.013919467,0.306,0.414,0.15,0.08,0.39,0.39,0.8,0.414,1,0.00021
2021-02-05,1.9189807,0.019628799,0.274,0.366,0.15,0.16,0.31,0.31,0.8,0.406,3,0.00012
2021-02-06,1.9351831,0.0084432301,0.48192593,0.34066667,0.047407407,0.08,0.39,0.39,0.90259259,0.34066667,1,0.00034988889
2021-02-07,1.9256764,-0.0049125488,0.45792593,0.30466667,0.047407407,0.14,0.33,0.33,0.90259259,0.30466667,2,9e-05
2021-02-08,2.0546357,0.066968321,0.43392593,0.26866667,0.047407407,0.2,0.27,0.27,0.90259259,0.32866667,3,9e-05
2021-02-09,2.0586531,0.0019552806,0.282,0.378,0.15,0.14,0.33,0.33,0.8,0.378,2,0.00039188889
2021-02-10,2.0268736,-0.015437035,0.186,0.234,0.15,0.38,0.09,0.09,0.8,0.374,6,0.00036
2021-02-11,2.0846617,0.028510967,0.242,0.318,0.15,0.24,0.23,0.23,0.8,0.418,3,0.00021
2021-02-12,2.0807108,-0.0018952415,0.21,0.27,0.15,0.32,0.15,0.15,0.8,0.41,5,0.00012
2021-02-13,2.078227,-0.0011937033,0.242,0.318,0.15,0.24,0.23,0.23,0.8,0.418,3,0.00012
2021-02-14,2.1024523,0.011656682,0.242,0.318,0.15,0.24,0.23,0.23,0.8,0.418,3,0
2021-02-15,2.0876444,-0.0070431252,0.242,0.318,0.15,0.24,0.23,0.23,0.8,0.418,3,0
2021-02-16,2.1056132,0.0086071987,0.242,0.318,0.15,0.24,0.23,0.23,0.8,0.418,3,0
2021-02-17,2.1593349,0.025513559,0.242,0.318,0.15,0.24,0.23,0.23,0.8,0.418,3,0
2021-02-18,2.1529093,-0.0029757403,0.242,0.318,0.15,0.24,0.23,0.23,0.8,0.418,3,0
2021-02-19,2.23735,0.039221685,0.242,0.318,0.15,0.24,0.23,0.23,0.8,0.418,3,0
2021-02-20,2.2361457,-0.00053827325,0.242,0.318,0.15,0.24,0.23,0.23,0.8,0.418,3,0
2021-02-21,2.2671937,0.013884626,0.242,0.318,0.15,0.24,0.23,0.23,0.8,0.418,3,0
2021-02-22,2.2019833,-0.028762602,0.242,0.318,0.15,0.24,0.23,0.23,0.8,0.418,3,0
2021-02-23,2.1047927,-0.044137792,0.266,0.354,0.15,0.18,0.29,0.29,0.8,0.454,2,9e-05
2021-02-24,2.1176743,0.0061201509,0.266,0.354,0.15,0.18,0.29,0.29,0.8,0.454,2,0
2021-02-25,2.0560896,-0.029081316,0.266,0.354,0.15,0.18,0.29,0.29,0.8,0.454,2,0
2021-02-26,2.0322157,-0.011611293,0.266,0.354,0.15,0.18,0.29,0.29,0.8,0.454,2,0
2021-02-27,2.0294742,-0.001349027,0.266,0.354,0.15,0.18,0.29,0.29,0.8,0.454,2,0
2021-02-28,2.0027039,-0.013190733,0.266,0.354,0.15,0.18,0.29,0.29,0.8,0.454,2,0
2021-03-01,2.0776783,0.03743657,0.282,0.378,0.15,0.14,0.33,0.33,0.8,0.438,2,6e-05
2021-03-02,2.0660784,-0.0055831111,0.306,0.414,0.15,0.08,0.39,0.39,0.8,0.414,1,9e-05
2021-03-03,2.1028828,0.017813652,0.25,0.33,0.15,0.22,0.25,0.25,0.8,0.37,4,0.00021
2021-03-04,2.0640738,-0.018455134,0.306,0.414,0.15,0.08,0.39,0.39,0.8,0.414,1,0.00021
2021-03-05,2.0722038,0.0039388103,0.274,0.366,0.15,0.16,0.31,0.31,0.8,0.406,3,0.00012
2021-03-06,2.0763728,0.0020118501,0.306,0.414,0.15,0.08,0.39,0.39,0.8,0.414,1,0.00012
2021-03-07,2.1144088,0.018318506,0.306,0.414,0.15,0.08,0.39,0.39,0.8,0.414,1,0
2021-03-08,2.1323533,0.0084867687,0.282,0.378,0.15,0.14,0.33,0.33,0.8,0.438,2,9e-05
2021-03-09,2.1836692,0.024065373,0.306,0.414,0.15,0.08,0.39,0.39,0.8,0.414,1,9e-05
2021-03-10,2.2002353,0.0075863613,0.226,0.294,0.15,0.28,0.19,0.19,0.8,0.334,5,0.0003
2021-03-11,2.2323994,0.014618478,0.282,0.378,0.15,0.14,0.33,0.33,0.8,0.378,2,0.00021
2021-03-12,2.204922,-0.012308446,0.25,0.33,0.15,0.22,0.25,0.25,0.92,0.43,4,0.00012
2021-03-13,2.276565,0.03249232,0.282,0.378,0.15,0.14,0.33,0.33,0.8,0.378,2,0.00012
2021-03-14,2.2337823,-0.018792678,0.242,0.318,0.15,0.24,0.23,0.23,0.8,0.418,3,0.00015
2021-03-15,2.1744493,-0.026561689,0.242,0.318,0.15,0.24,0.23,0.23,0.8,0.418,3,0
2021-03-16,2.1992524,0.011406635,0.306,0.414,0.15,0.08,0.39,0.39,0.8,0.414,1,0.00024
2021-03-17,2.2366806,0.017018604,0.306,0.414,0.15,0.08,0.39,0.39,0.8,0.414,1,0
2021-03-18,2.2085125,-0.012593701,0.282,0.378,0.15,0.14,0.33,0.33,0.8,0.378,2,9e-05
2021-03-19,2.2208502,0.0055863972,0.306,0.414,0.15,0.08,0.39,0.39,0.8,0.414,1,9e-05
2021-03-20,2.2210635,9.6073805e-05,0.306,0.414,0.15,0.08,0.39,0.39,0.8,0.414,1,0
2021-03-21,2.2062383,-0.006674817,0.306,0.414,0.15,0.08,0.39,0.39,0.8,0.414,1,0
2021-03-22,2.1592849,-0.021282121,0.48192593,0.34066667,0.047407407,0.08,0.39,0.39,0.90259259,0.34066667,1,0.00037388889
2021-03-23,2.1625307,0.001503176,0.48192593,0.34066667,0.047407407,0.08,0.39,0.39,0.90259259,0.34066667,1,0
2021-03-24,2.1337601,-0.013304115,0.48192593,0.34066667,0.047407407,0.08,0.39,0.39,0.90259259,0.34066667,1,0
2021-03-25,2.1137608,-0.0093727953,0.48192593,0.34066667,0.047407407,0.08,0.39,0.39,0.90259259,0.34066667,1,0
2021-03-26,2.1738754,0.028439622,0.48192593,0.34066667,0.047407407,0.08,0.39,0.39,0.90259259,0.34066667,1,0
2021-03-27,2.1831197,0.0042524744,0.306,0.414,0.15,0.08,0.39,0.39,0.8,0.414,1,0.00037388889
2021-03-28,2.1878847,0.0021826325,0.306,0.414,0.15,0.08,0.39,0.39,0.8,0.414,1,0
2021-03-29,2.2097703,0.01000309,0.306,0.414,0.15,0.08,0.39,0.39,0.8,0.414,1,0
2021-03-30,2.2184624,0.0039334667,0.306,0.414,0.15,0.08,0.39,0.39,0.8,0.414,1,0
2021-03-31,2.2286572,0.0045954783,0.282,0.378,0.15,0.14,0.33,0.33,0.8,0.378,2,9e-05
2021-04-01,2.2425421,0.0062301492,0.282,0.378,0.15,0.14,0.33,0.33,0.8,0.378,2,0
2021-04-02,2.2541922,0.0051950398,0.25,0.33,0.15,0.22,0.25,0.25,0.92,0.43,4,0.00012
2021-04-03,2.2171994,-0.016410654,0.282,0.378,0.15,0.14,0.33,0.33,0.8,0.378,2,0.00012
2021-04-04,2.241086,0.010773285,0.306,0.414,0.15,0.08,0.39,0.39,0.8,0.414,1,9e-05
2021-04-05,2.2652767,0.010794217,0.258,0.342,0.15,0.2,0.27,0.27,0.89,0.492,3,0.00018
2021-04-06,2.2538149,-0.0050598154,0.282,0.378,0.15,0.14,0.33,0.33,0.8,0.378,2,9e-05
2021-04-07,2.189787,-0.028408643,0.25,0.33,0.15,0.22,0.25,0.25,1.01,0.43,4,0.00012
2021-04-08,2.2295326,0.018150413,0.306,0.414,0.15,0.08,0.39,0.39,0.8,0.414,1,0.00021
2021-04-09,2.2255847,-0.0017707156,0.274,0.366,0.15,0.16,0.31,0.31,0.92,0.466,3,0.00012
2021-04-10,2.2503166,0.011112546,0.45792593,0.30466667,0.047407407,0.14,0.33,0.33,0.90259259,0.30466667,2,0.00036788889
2021-04-11,2.2541802,0.0017168979,0.45792593,0.30466667,0.047407407,0.14,0.33,0.33,0.90259259,0.30466667,2,0
2021-04-12,2.2443206,-0.0043739269,0.43392593,0.26866667,0.047407407,0.2,0.27,0.27,0.99259259,0.41866667,3,9e-05
2021-04-13,2.2997607,0.024702425,0.45792593,0.30466667,0.047407407,0.14,0.33,0.33,0.90259259,0.30466667,2,9e-05
2021-04-14,2.3064408,0.0029046676,0.226,0.294,0.15,0.28,0.19,0.19,1.01,0.394,5,0.00036388889
2021-04-15,2.320904,0.006270795,0.282,0.378,0.15,0.14,0.33,0.33,0.8,0.378,2,0.00021
2021-04-16,2.2976816,-0.010005725,0.282,0.378,0.15,0.14,0.33,0.33,0.8,0.378,2,0
2021-04-17,2.2770288,-0.0089885761,0.45792593,0.30466667,0.047407407,0.14,0.33,0.33,0.90259259,0.30466667,2,0.00037388889
2021-04-18,2.2335943,-0.019075049,0.48192593,0.34066667,0.047407407,0.08,0.39,0.39,0.90259259,0.34066667,1,9e-05
2021-04-19,2.2167817,-0.0075271514,0.48192593,0.34066667,0.047407407,0.08,0.39,0.39,0.90259259,0.34066667,1,0
2021-04-20,2.2311596,0.0064859342,0.48192593,0.34066667,0.047407407,0.08,0.39,0.39,0.90259259,0.34066667,1,0
2021-04-21,2.211886,-0.0086383677,0.48192593,0.34066667,0.047407407,0.08,0.39,0.39,0.90259259,0.34066667,1,0
2021-04-22,2.1707174,-0.018612479,0.48192593,0.34066667,0.047407407,0.08,0.39,0.39,0.90259259,0.34066667,1,0
2021-04-23,2.1688204,-0.00087387623,0.48192593,0.34066667,0.047407407,0.08,0.39,0.39,0.90259259,0.34066667,1,0
2021-04-24,2.1430067,-0.011902196,0.48192593,0.34066667,0.047407407,0.08,0.39,0.39,0.90259259,0.34066667,1,0
2021-04-25,2.1247855,-0.0085026147,0.48192593,0.34066667,0.047407407,0.08,0.39,0.39,0.90259259,0.34066667,1,0
2021-04-26,2.1729687,0.022676726,0.63792593,0.18466667,0.047407407,0.08,0.39,0.39,0.90259259,0.18466667,1,0.000468
2021-04-27,2.1840183,0.0050850163,0.48192593,0.34066667,0.047407407,0.08,0.39,0.39,0.90259259,0.34066667,1,0.000468
2021-04-28,2.1853778,0.00062249338,0.48192593,0.34066667,0.047407407,0.08,0.39,0.39,0.90259259,0.34066667,1,0
2021-04-29,2.161902,-0.01074224,0.48192593,0.34066667,0.047407407,0.08,0.39,0.39,0.90259259,0.34066667,1,0
2021-04-30,2.2174015,0.025671626,0.48192593,0.34066667,0.047407407,0.08,0.39,0.39,0.90259259,0.34066667,1,0
2021-05-01,2.2222632,0.0021924981,0.48192593,0.34066667,0.047407407,0.08,0.39,0.39,0.90259259,0.34066667,1,0
2021-05-02,2.2040512,-0.0081952359,0.48192593,0.34066667,0.047407407,0.08,0.39,0.39,0.90259259,0.34066667,1,0
2021-05-03,2.2194765,0.0069986002,0.45792593,0.30466667,0.047407407,0.14,0.33,0.33,0.99259259,0.45466667,2,9e-05
2021-05-04,2.1578827,-0.027751504,0.48192593,0.34066667,0.047407407,0.08,0.39,0.39,0.90259259,0.34066667,1,9e-05
2021-05-05,2.2244238,0.030836299,0.42592593,0.25666667,0.047407407,0.22,0.25,0.25,1.1125926,0.35666667,4,0.00021
2021-05-06,2.2325827,0.0036679006,0.48192593,0.34066667,0.047407407,0.08,0.39,0.39,0.90259259,0.34066667,1,0.00021
2021-05-07,2.2655874,0.014783166,0.44992593,0.29266667,0.047407407,0.16,0.31,0.31,1.0225926,0.39266667,3,0.00012
2021-05-08,2.2897734,0.010675365,0.48192593,0.34066667,0.047407407,0.08,0.39,0.39,0.90259259,0.34066667,1,0.00012
2021-05-09,2.2972122,0.0032487428,0.48192593,0.34066667,0.047407407,0.08,0.39,0.39,0.90259259,0.34066667,1,0
2021-05-10,2.2484479,-0.021227618,0.45792593,0.30466667,0.047407407,0.14,0.33,0.33,0.99259259,0.45466667,2,9e-05
2021-05-11,2.2502003,0.00077937506,0.48192593,0.34066667,0.047407407,0.08,0.39,0.39,0.90259259,0.34066667,1,9e-05
2021-05-12,2.1553894,-0.042134415,0.42592593,0.25666667,0.047407407,0.22,0.25,0.25,1.1125926,0.35666667,4,0.00021
2021-05-13,2.179229,0.011060436,0.63792593,0.18466667,0.047407407,0.08,0.39,0.39,0.90259259,0.18466667,1,0.000426
2021-05-14,2.197049,0.0081772202,0.57392593,0.16866667,0.047407407,0.16,0.31,0.31,0.90259259,0.20866667,3,0.00012
2021-05-15,2.1809666,-0.007320017,0.63792593,0.18466667,0.047407407,0.08,0.39,0.39,0.90259259,0.18466667,1,0.00012
2021-05-16,2.2244894,0.019955764,0.63792593,0.18466667,0.047407407,0.08,0.39,0.39,0.90259259,0.18466667,1,0
2021-05-17,2.1658737,-0.026350186,0.63792593,0.18466667,0.047407407,0.08,0.39,0.39,0.90259259,0.18466667,1,0
2021-05-18,2.1453158,-0.0094917105,0.63792593,0.18466667,0.047407407,0.08,0.39,0.39,0.90259259,0.18466667,1,0
2021-05-19,2.0797169,-0.030577737,0.63792593,0.18466667,0.047407407,0.08,0.39,0.39,0.90259259,0.18466667,1,0
2021-05-20,2.1284897,0.023451621,0.63792593,0.18466667,0.047407407,0.08,0.39,0.39,0.90259259,0.18466667,1,0
2021-05-21,2.1113607,-0.0080474746,0.63792593,0.18466667,0.047407407,0.08,0.39,0.39,0.90259259,0.18466667,1,0
2021-05-22,2.1140929,0.0012940492,0.63792593,0.18466667,0.047407407,0.08,0.39,0.39,0.90259259,0.18466667,1,0
2021-05-23,2.080571,-0.015856414,0.63792593,0.18466667,0.047407407,0.08,0.39,0.39,0.90259259,0.18466667,1,0
2021-05-24,2.1170234,0.017520377,0.63792593,0.18466667,0.047407407,0.08,0.39,0.39,0.90259259,0.18466667,1,0
2021-05-25,2.1249494,0.0037439292,0.70192593,0.20066667,0.047407407,0,0.47,0.47,0.90259259,0.20066667,0,0.00012
2021-05-26,2.138148,0.0062112523,0.63792593,0.18466667,0.047407407,0.08,0.39,0.39,0.90259259,0.18466667,1,0.00012
2021-05-27,2.1312548,-0.0032238837,0.63792593,0.18466667,0.047407407,0.08,0.39,0.39,0.90259259,0.18466667,1,0
2021-05-28,2.114916,-0.0076662914,0.63792593,0.18466667,0.047407407,0.08,0.39,0.39,0.90259259,0.18466667,1,0
2021-05-29,2.1107012,-0.0019928853,0.63792593,0.18466667,0.047407407,0.08,0.39,0.39,0.90259259,0.18466667,1,0
2021-05-30,2.0855017,-0.011938937,0.63792593,0.18466667,0.047407407,0.08,0.39,0.39,0.90259259,-0.18466667,1,0
2021-05-31,2.0700426,-0.0074126418,0.63792593,0.18466667,0.047407407,0.08,0.39,0.39,0.90259259,-0.18466667,1,0
2021-06-01,2.0728187,0.0013410716,0.63792593,0.18466667,0.047407407,0.08,0.39,0.39,0.90259259,-0.18466667,1,0
2021-06-02,2.0806133,0.0037604183,0.52592593,0.15666667,0.047407407,0.22,0.25,0.25,0.90259259,-0.11666667,4,0.00021
2021-06-03,2.0401659,-0.019440146,0.63792593,0.18466667,0.047407407,0.08,0.39,0.39,0.90259259,-0.18466667,1,0.00021
2021-06-04,2.0698005,0.014525579,0.57392593,0.16866667,0.047407407,0.16,0.31,0.31,0.90259259,-0.12866667,3,0.00012
2021-06-05,2.0843721,0.0070401038,0.63792593,0.18466667,0.047407407,0.08,0.39,0.39,0.90259259,-0.18466667,1,0.00012
2021-06-06,2.0778091,-0.0031486721,0.63792593,0.18466667,0.047407407,0.08,0.39,0.39,0.90259259,-0.18466667,1,0
2021-06-07,2.0971393,0.0093031432,0.58992593,0.17266667,0.047407407,0.14,0.33,0.33,0.90259259,-0.11266667,2,9e-05
2021-06-08,2.0969085,-0.00011004971,0.63792593,0.18466667,0.047407407,0.08,0.39,0.39,0.90259259,-0.18466667,1,9e-05
2021-06-09,2.0671661,-0.014183904,0.52592593,0.15666667,0.047407407,0.22,0.25,0.25,0.90259259,-0.11666667,4,0.00021
2021-06-10,2.0781872,0.0053314871,0.63792593,0.18466667,0.047407407,0.08,0.39,0.39,0.90259259,-0.18466667,1,0.00021
2021-06-11,2.0661871,-0.005774322,0.57392593,0.16866667,0.047407407,0.16,0.31,0.31,0.90259259,-0.12866667,3,0.00012
2021-06-12,2.0857131,0.0094502885,0.63792593,0.18466667,0.047407407,0.08,0.39,0.39,0.90259259,-0.18466667,1,0.00012
2021-06-13,2.0419327,-0.020990628,0.63792593,0.18466667,0.047407407,0.08,0.39,0.39,0.90259259,-0.18466667,1,0
2021-06-14,2.0272355,-0.0071977035,0.52592593,0.15666667,0.047407407,0.22,0.25,0.25,0.90259259,-0.016666667,3,0.00021
2021-06-15,2.0234301,-0.0018771132,0.57392593,0.16866667,0.047407407,0.16,0.31,0.31,0.90259259,-0.088666667,2,9e-05
2021-06-16,2.0189085,-0.00223464,0.57392593,0.16866667,0.047407407,0.16,0.31,0.31,0.90259259,-0.088666667,2,0
2021-06-17,2.0007172,-0.0090104781,0.57392593,0.16866667,0.047407407,0.16,0.31,0.31,0.90259259,-0.088666667,2,0
2021-06-18,2.0107436,0.0050114028,0.63792593,0.18466667,0.047407407,0.08,0.39,0.39,0.90259259,-0.18466667,1,0.00012
2021-06-19,2.0146781,0.0019567529,0.48192593,0.34066667,0.047407407,0.08,0.39,0.39,0.90259259,-0.34066667,1,0.000468
2021-06-20,2.0172868,0.0012948297,0.63792593,0.18466667,0.047407407,0.08,0.39,0.39,0.90259259,-0.18466667,1,0.000468
2021-06-21,2.0985864,0.040301469,0.48192593,0.34066667,0.047407407,0.08,0.39,0.39,0.90259259,-0.34066667,1,0.000468
2021-06-22,2.0812231,-0.0082737803,0.63792593,0.18466667,0.047407407,0.08,0.39,0.39,0.90259259,-0.18466667,1,0.000468
2021-06-23,2.0552746,-0.012467928,0.48192593,0.34066667,0.047407407,0.08,0.39,0.39,0.90259259,-0.34066667,1,0.000468
2021-06-24,2.0386877,-0.0080704037,0.70192593,0.20066667,0.047407407,0,0.47,0.47,0.90259259,-0.20066667,0,0.00054
2021-06-25,2.1084542,0.034221269,0.51392593,0.38866667,0.047407407,0,0.47,0.47,0.90259259,-0.38866667,0,0.000564
2021-06-26,2.0999819,-0.004018245,0.70192593,0.20066667,0.047407407,0,0.47,0.47,0.90259259,-0.20066667,0,0.000564
2021-06-27,2.0764271,-0.011216686,0.70192593,0.20066667,0.047407407,0,0.47,0.47,0.90259259,-0.20066667,0,0
2021-06-28,2.0771365,0.00034165996,0.51392593,0.38866667,0.047407407,0,0.47,0.47,0.90259259,-0.38866667,0,0.000564
2021-06-29,2.0332088,-0.021148175,0.51392593,0.38866667,0.047407407,0,0.47,0.47,0.90259259,-0.38866667,0,0
2021-06-30,2.0579906,0.012188511,0.51392593,0.38866667,0.047407407,0,0.47,0.47,0.90259259,-0.38866667,0,0
2021-07-01,2.0929672,0.016995472,0.51392593,0.38866667,0.047407407,0,0.47,0.47,0.90259259,-0.38866667,0,0
2021-07-02,2.0981204,0.0024621779,0.48192593,0.34066667,0.047407407,0.08,0.39,0.39,0.90259259,-0.30066667,2,0.00012
2021-07-03,2.0861646,-0.0056983511,0.70192593,0.20066667,0.047407407,0,0.47,0.47,0.90259259,-0.20066667,0,0.00054
2021-07-04,2.0808852,-0.0025306842,0.70192593,0.20066667,0.047407407,0,0.47,0.47,0.90259259,-0.20066667,0,0
2021-07-05,2.1039747,0.01109604,0.45792593,0.30466667,0.047407407,0.14,0.33,0.33,0.90259259,-0.24466667,2,0.000522
2021-07-06,2.0971464,-0.0032454664,0.48192593,0.34066667,0.047407407,0.08,0.39,0.39,0.90259259,-0.34066667,1,9e-05
2021-07-07,2.1094481,0.0058659194,0.42592593,0.25666667,0.047407407,0.22,0.25,0.25,0.90259259,-0.21666667,4,0.00021
2021-07-08,2.1335184,0.011410714,0.48192593,0.34066667,0.047407407,0.08,0.39,0.39,0.90259259,-0.34066667,1,0.00021
2021-07-09,2.1216583,-0.0055589227,0.44992593,0.29266667,0.047407407,0.16,0.31,0.31,1.0225926,-0.19266667,3,0.00012
2021-07-10,2.1249522,0.0015524936,0.48192593,0.34066667,0.047407407,0.08,0.39,0.39,0.90259259,-0.34066667,1,0.00012
2021-07-11,2.1095044,-0.0072697086,0.48192593,0.34066667,0.047407407,0.08,0.39,0.39,0.90259259,-0.34066667,1,0
2021-07-12,2.1180706,0.0040607867,0.45792593,0.30466667,0.047407407,0.14,0.33,0.33,0.99259259,-0.15466667,2,9e-05
2021-07-13,2.1266386,0.0040451757,0.48192593,0.34066667,0.047407407,0.08,0.39,0.39,0.90259259,-0.34066667,1,9e-05
2021-07-14,2.1664895,0.018738897,0.52592593,0.15666667,0.047407407,0.22,0.25,0.25,1.1125926,-0.056666667,4,0.000342
2021-07-15,2.1816352,0.0069908903,0.63792593,0.18466667,0.047407407,0.08,0.39,0.39,0.90259259,-0.18466667,1,0.00021
2021-07-16,2.1687542,-0.0059042731,0.63792593,0.18466667,0.047407407,0.08,0.39,0.39,0.90259259,-0.18466667,1,0
2021-07-17,2.1681941,-0.00025826765,0.63792593,0.18466667,0.047407407,0.08,0.39,0.39,0.90259259,-0.18466667,1,0
2021-07-18,2.1677628,-0.0001989262,0.63792593,0.18466667,0.047407407,0.08,0.39,0.39,0.90259259,-0.18466667,1,0
2021-07-19,2.1804212,0.0058393935,0.63792593,0.18466667,0.047407407,0.08,0.39,0.39,0.90259259,-0.18466667,1,0
2021-07-20,2.1874033,0.0032022084,0.63792593,0.18466667,0.047407407,0.08,0.39,0.39,0.90259259,-0.18466667,1,0
2021-07-21,2.1530641,-0.015698623,0.63792593,0.18466667,0.047407407,0.08,0.39,0.39,0.90259259,-0.18466667,1,0
2021-07-22,2.1484074,-0.0021628419,0.51392593,0.38866667,0.047407407,0,0.47,0.47,0.90259259,-0.38866667,0,0.000492
2021-07-23,2.1166934,-0.014761638,0.51392593,0.38866667,0.047407407,0,0.47,0.47,0.90259259,-0.38866667,0,0
2021-07-24,2.1015302,-0.0071636271,0.51392593,0.38866667,0.047407407,0,0.47,0.47,0.90259259,-0.38866667,0,0
2021-07-25,2.0733627,-0.013403299,0.51392593,0.38866667,0.047407407,0,0.47,0.47,0.90259259,-0.38866667,0,0
2021-07-26,2.0261223,-0.022784466,0.282,0.378,0.15,0.14,0.33,0.33,0.8,-0.298,2,0.00036388889
2021-07-27,1.9774948,-0.024000262,0.282,0.378,0.15,0.14,0.33,0.33,0.8,-0.298,2,0
2021-07-28,1.9631888,-0.0072344177,0.282,0.378,0.15,0.14,0.33,0.33,0.8,-0.298,2,0
2021-07-29,1.9681128,0.0025081645,0.282,0.378,0.15,0.14,0.33,0.33,0.8,-0.298,2,0
2021-07-30,1.9137984,-0.027597212,0.338,0.462,0.15,0,0.47,0.47,0.8,-0.462,0,0.00021
2021-07-31,1.9279012,0.0073690104,0.338,0.462,0.15,0,0.47,0.47,0.8,-0.462,0,0
2021-08-01,1.9572756,0.015236499,0.306,0.414,0.15,0.08,0.39,0.39,0.8,-0.414,1,0.00012
2021-08-02,1.9707778,0.0068984734,0.282,0.378,0.15,0.14,0.33,0.33,0.89,-0.228,2,9e-05
2021-08-03,1.9883837,0.0089334599,0.306,0.414,0.15,0.08,0.39,0.39,0.8,-0.414,1,9e-05
2021-08-04,2.0044122,0.0080610812,0.25,0.33,0.15,0.22,0.25,0.25,1.01,-0.23,4,0.00021
2021-08-05,1.9769297,-0.01371099,0.306,0.414,0.15,0.08,0.39,0.39,0.8,-0.414,1,0.00021
2021-08-06,1.934343,-0.021541855,0.274,0.366,0.15,0.16,0.31,0.31,0.92,-0.266,3,0.00012
2021-08-07,1.9031058,-0.016148717,0.306,0.414,0.15,0.08,0.39,0.39,0.8,-0.414,1,0.00012
2021-08-08,1.9030103,-5.0184711e-05,0.306,0.414,0.15,0.08,0.39,0.39,0.8,-0.414,1,0
2021-08-09,1.8806943,-0.011726721,0.282,0.378,0.15,0.14,0.33,0.33,0.89,-0.228,2,9e-05
2021-08-10,1.8901262,0.0050151274,0.306,0.414,0.15,0.08,0.39,0.39,0.8,-0.414,1,9e-05
2021-08-11,1.9123903,0.011779168,0.25,0.33,0.15,0.22,0.25,0.25,1.01,-0.23,4,0.00021
2021-08-12,1.9324402,0.010484213,0.306,0.414,0.15,0.08,0.39,0.39,0.8,-0.414,1,0.00021
2021-08-13,1.8890146,-0.022471903,0.29,0.39,0.15,0.12,0.35,0.35,0.86,-0.29,2,6e-05
2021-08-14,1.8983357,0.0049343818,0.306,0.414,0.15,0.08,0.39,0.39,0.8,-0.414,1,6e-05
2021-08-15,1.8972398,-0.00057728454,0.306,0.414,0.15,0.08,0.39,0.39,0.8,0.414,1,0
2021-08-16,1.8832018,-0.0073992134,0.306,0.414,0.15,0.08,0.39,0.39,0.8,0.414,1,0
2021-08-17,1.8609038,-0.011840428,0.306,0.414,0.15,0.08,0.39,0.39,0.8,0.414,1,0
2021-08-18,1.8624636,0.00083815236,0.306,0.414,0.15,0.08,0.39,0.39,0.8,0.414,1,0
2021-08-19,1.8959982,0.018005525,0.306,0.414,0.15,0.08,0.39,0.39,0.8,0.414,1,0
2021-08-20,1.9397125,0.023056077,0.306,0.414,0.15,0.08,0.39,0.39,0.8,0.414,1,0
2021-08-21,1.9323911,-0.0037744697,0.306,0.414,0.15,0.08,0.39,0.39,0.8,0.414,1,0
2021-08-22,1.9373738,0.0025784969,0.306,0.414,0.15,0.08,0.39,0.39,0.8,0.414,1,0
2021-08-23,1.9496908,0.0063575754,0.306,0.414,0.15,0.08,0.39,0.39,0.8,0.414,1,0
2021-08-24,1.9191416,-0.015668714,0.306,0.414,0.15,0.08,0.39,0.39,0.8,0.414,1,0
2021-08-25,1.9391777,0.010440112,0.306,0.414,0.15,0.08,0.39,0.39,0.8,0.414,1,0
2021-08-26,1.9045447,-0.017859621,0.306,0.414,0.15,0.08,0.39,0.39,0.8,0.414,1,0
2021-08-27,1.9498697,0.023798339,0.306,0.414,0.15,0.08,0.39,0.39,0.8,0.414,1,0
2021-08-28,1.9464773,-0.0017398232,0.306,0.414,0.15,0.08,0.39,0.39,0.8,0.414,1,0
2021-08-29,1.9441271,-0.0012074134,0.306,0.414,0.15,0.08,0.39,0.39,0.8,0.414,1,0
2021-08-30,1.9131315,-0.015943191,0.306,0.414,0.15,0.08,0.39,0.39,0.8,0.414,1,0
2021-08-31,1.9159309,0.0014632692,0.306,0.414,0.15,0.08,0.39,0.39,0.8,0.414,1,0
2021-09-01,1.9707342,0.02860403,0.25,0.33,0.15,0.22,0.25,0.25,1.01,0.43,4,0.00021
2021-09-02,1.9765484,0.002950276,0.306,0.414,0.15,0.08,0.39,0.39,0.8,0.414,1,0.00021
2021-09-03,2.0042211,0.014000469,0.274,0.366,0.15,0.16,0.31,0.31,0.92,0.466,3,0.00012
2021-09-04,2.0007372,-0.0017382754,0.306,0.414,0.15,0.08,0.39,0.39,0.8,0.414,1,0.00012
2021-09-05,2.0327144,0.015982724,0.306,0.414,0.15,0.08,0.39,0.39,0.8,0.414,1,0
2021-09-06,2.0437854,0.0054464318,0.282,0.35795455,0.15,0.13681818,0.33,0.33,0.862,0.5,2,0.00012006818
2021-09-07,1.9384678,-0.051530664,0.306,0.414,0.15,0.08,0.39,0.39,0.8,0.414,1,0.00012006818
2021-09-08,1.9337051,-0.0024569622,0.218,0.282,0.15,0.3,0.17,0.17,1.01,0.302,5,0.00033
2021-09-09,1.9395973,0.0030471414,0.44992593,0.29266667,0.047407407,0.16,0.31,0.31,0.90259259,0.21266667,2,0.00036388889
2021-09-10,1.9095586,-0.015487077,0.41792593,0.24466667,0.047407407,0.24,0.23,0.23,1.0225926,0.26466667,4,0.00012
2021-09-11,1.9149866,0.0028425148,0.44992593,0.29266667,0.047407407,0.16,0.31,0.31,0.90259259,0.21266667,2,0.00012
2021-09-12,1.9245439,0.0049907854,0.48192593,0.34066667,0.047407407,0.08,0.39,0.39,0.90259259,0.34066667,1,0.00012
2021-09-13,1.9112983,-0.006882448,0.45792593,0.30466667,0.047407407,0.14,0.33,0.33,0.99259259,0.45466667,2,9e-05
2021-09-14,1.9457052,0.018001866,0.48192593,0.34066667,0.047407407,0.08,0.39,0.39,0.90259259,0.34066667,1,9e-05
2021-09-15,1.9563343,0.0054628151,0.48192593,0.34066667,0.047407407,0.08,0.39,0.39,0.90259259,0.34066667,1,0
2021-09-16,1.9332505,-0.01179953,0.48192593,0.34066667,0.047407407,0.08,0.39,0.39,0.90259259,0.34066667,1,0
2021-09-17,1.9256004,-0.0039570913,0.306,0.414,0.15,0.08,0.39,0.39,0.8,0.414,1,0.00037388889
2021-09-18,1.9434119,0.0092498289,0.306,0.414,0.15,0.08,0.39,0.39,0.8,0.414,1,0
2021-09-19,1.9262148,-0.0088489178,0.48192593,0.34066667,0.047407407,0.08,0.39,0.39,0.90259259,0.34066667,1,0.00037388889
2021-09-20,1.8738842,-0.027167594,0.48192593,0.34066667,0.047407407,0.08,0.39,0.39,0.90259259,0.34066667,1,0
2021-09-21,1.8594218,-0.0077178527,0.63792593,0.18466667,0.047407407,0.08,0.39,0.39,0.90259259,0.18466667,1,0.000468
2021-09-22,1.8745082,0.0081134866,0.63792593,0.18466667,0.047407407,0.08,0.39,0.39,0.90259259,0.18466667,1,0
2021-09-23,1.8756002,0.00058258027,0.63792593,0.18466667,0.047407407,0.08,0.39,0.39,0.90259259,0.18466667,1,0
2021-09-24,1.8469957,-0.015250879,0.48192593,0.34066667,0.047407407,0.08,0.39,0.39,0.90259259,0.34066667,1,0.000468
2021-09-25,1.8430544,-0.0021338921,0.63792593,0.18466667,0.047407407,0.08,0.39,0.39,0.90259259,0.18466667,1,0.000468
2021-09-26,1.8499369,0.0037343126,0.48192593,0.34066667,0.047407407,0.08,0.39,0.39,0.90259259,0.34066667,1,0.000468
2021-09-27,1.8417745,-0.0044122663,0.63792593,0.18466667,0.047407407,0.08,0.39,0.39,0.90259259,0.18466667,1,0.000468
2021-09-28,1.8240743,-0.0096103969,0.63792593,0.18466667,0.047407407,0.08,0.39,0.39,0.90259259,0.18466667,1,0
2021-09-29,1.8241897,6.3249635e-05,0.63792593,0.18466667,0.047407407,0.08,0.39,0.39,0.90259259,0.18466667,1,0
2021-09-30,1.8589595,0.019060375,0.63792593,0.18466667,0.047407407,0.08,0.39,0.39,0.90259259,0.18466667,1,0
2021-10-01,1.9386153,0.042849671,0.44992593,0.29266667,0.047407407,0.16,0.31,0.31,1.0225926,0.39266667,3,0.000444
2021-10-02,1.9321457,-0.0033372203,0.44992593,0.29266667,0.047407407,0.16,0.31,0.31,0.90259259,0.37266667,2,0
2021-10-03,1.9423181,0.0052648215,0.44992593,0.29266667,0.047407407,0.16,0.31,0.31,0.90259259,0.37266667,2,0
2021-10-04,1.962521,0.010401429,0.42592593,0.25666667,0.047407407,0.22,0.25,0.25,0.99259259,0.48666667,3,9e-05
2021-10-05,1.9840976,0.010994368,0.44992593,0.29266667,0.047407407,0.16,0.31,0.31,0.90259259,0.37266667,2,9e-05
2021-10-06,2.044613,0.030500208,0.42592593,0.25666667,0.047407407,0.22,0.25,0.25,1.1125926,0.35666667,4,9e-05
2021-10-07,2.0183772,-0.012831695,0.306,0.414,0.15,0.08,0.39,0.39,0.8,0.414,1,0.00041588889
2021-10-08,2.0235284,0.0025521616,0.274,0.366,0.15,0.16,0.31,0.31,0.92,0.466,3,0.00012
2021-10-09,2.0388778,0.0075854588,0.306,0.414,0.15,0.08,0.39,0.39,0.8,0.414,1,0.00012
2021-10-10,2.0330959,-0.0028358331,0.306,0.414,0.15,0.08,0.39,0.39,0.8,0.414,1,0
2021-10-11,2.0751451,0.020682364,0.282,0.35795455,0.15,0.13681818,0.33,0.33,0.862,0.5,2,0.00012006818
2021-10-12,2.0543827,-0.010005291,0.306,0.414,0.15,0.08,0.39,0.39,0.8,0.414,1,0.00012006818
2021-10-13,2.0752756,0.010169936,0.25,0.33,0.15,0.22,0.25,0.25,1.01,0.43,4,0.00021
2021-10-14,2.0760859,0.00039046587,0.306,0.414,0.15,0.08,0.39,0.39,0.8,0.414,1,0.00021
2021-10-15,2.1322038,0.027030601,0.306,0.414,0.15,0.08,0.39,0.39,0.8,0.414,1,0
2021-10-16,2.1189992,-0.0061929379,0.282,0.378,0.15,0.14,0.33,0.33,0.8,0.378,2,9e-05
2021-10-17,2.1300666,0.0052229661,0.282,0.378,0.15,0.14,0.33,0.33,0.8,0.378,2,0
2021-10-18,2.1311087,0.0004892151,0.282,0.378,0.15,0.14,0.33,0.33,0.8,0.378,2,0
2021-10-19,2.1672488,0.016958367,0.282,0.378,0.15,0.14,0.33,0.33,0.8,0.378,2,0
2021-10-20,2.2012979,0.015710717,0.282,0.378,0.15,0.14,0.33,0.33,0.8,0.378,2,0
2021-10-21,2.1514156,-0.022660379,0.282,0.378,0.15,0.14,0.33,0.33,0.8,0.378,2,0
2021-10-22,2.1335458,-0.0083060601,0.306,0.414,0.15,0.08,0.39,0.39,0.8,0.414,1,9e-05
2021-10-23,2.1431186,0.0044867709,0.306,0.414,0.15,0.08,0.39,0.39,0.8,0.414,1,0
2021-10-24,2.1377643,-0.0024983315,0.306,0.414,0.15,0.08,0.39,0.39,0.8,0.414,1,0
2021-10-25,2.1743262,0.017102838,0.306,0.414,0.15,0.08,0.39,0.39,0.8,0.414,1,0
2021-10-26,2.1297187,-0.02051553,0.282,0.378,0.15,0.14,0.33,0.33,0.8,0.378,2,9e-05
2021-10-27,2.1042578,-0.011955068,0.306,0.414,0.15,0.08,0.39,0.39,0.8,0.414,1,9e-05
2021-10-28,2.1366089,0.015374093,0.306,0.414,0.15,0.08,0.39,0.39,0.8,0.414,1,0
2021-10-29,2.154,0.0081395968,0.306,0.414,0.15,0.08,0.39,0.39,0.8,0.414,1,0
2021-10-30,2.1499991,-0.0018574235,0.306,0.414,0.15,0.08,0.39,0.39,0.8,0.414,1,0
2021-10-31,2.1395992,-0.0048371724,0.306,0.414,0.15,0.08,0.39,0.39,0.8,0.414,1,0
2021-11-01,2.1390803,-0.00024251023,0.282,0.35795455,0.15,0.13681818,0.33,0.33,0.862,0.5,2,0.00012006818
2021-11-02,2.1718614,0.015324863,0.306,0.414,0.15,0.08,0.39,0.39,0.8,0.414,1,0.00012006818
2021-11-03,2.1627612,-0.004190074,0.226,0.294,0.15,0.28,0.19,0.19,1.01,0.394,5,0.0003
2021-11-04,2.1456795,-0.0078980567,0.282,0.378,0.15,0.14,0.33,0.33,0.8,0.378,2,0.00021
2021-11-05,2.1448419,-0.00039037963,0.274,0.366,0.15,0.16,0.31,0.31,0.92,0.466,3,3e-05
2021-11-06,2.1533498,0.0039666633,0.306,0.414,0.15,0.08,0.39,0.39,0.8,0.414,1,0.00012
2021-11-07,2.1789654,0.011895694,0.306,0.414,0.15,0.08,0.39,0.39,0.8,0.414,1,0
2021-11-08,2.2391255,0.02760949,0.258,0.342,0.15,0.2,0.27,0.27,0.89,0.492,3,0.00018
2021-11-09,2.2319359,-0.0032108967,0.282,0.378,0.15,0.14,0.33,0.33,0.8,0.378,2,9e-05
2021-11-10,2.2196122,-0.0055215059,0.226,0.294,0.15,0.28,0.19,0.19,1.01,0.394,5,0.00021
2021-11-11,2.2238571,0.0019124107,0.282,0.378,0.15,0.14,0.33,0.33,0.8,0.378,2,0.00021
2021-11-12,2.2058957,-0.0080766791,0.25,0.33,0.15,0.22,0.25,0.25,0.92,0.43,4,0.00012
2021-11-13,2.2096225,0.0016894713,0.306,0.414,0.15,0.08,0.39,0.39,0.8,0.414,1,0.00021
2021-11-14,2.2235971,0.006324452,0.282,0.378,0.15,0.14,0.33,0.33,0.8,0.378,2,9e-05
2021-11-15,2.1962255,-0.012309595,0.282,0.378,0.15,0.14,0.33,0.33,0.8,0.378,2,0
2021-11-16,2.1470259,-0.022401899,0.48192593,0.34066667,0.047407407,0.08,0.39,0.39,0.90259259,0.34066667,1,0.00035588889
2021-11-17,2.1567062,0.004508676,0.48192593,0.34066667,0.047407407,0.08,0.39,0.39,0.90259259,0.34066667,1,0
2021-11-18,2.1097192,-0.021786463,0.48192593,0.34066667,0.047407407,0.08,0.39,0.39,0.90259259,0.34066667,1,0
2021-11-19,2.1073299,-0.0011325247,0.63792593,0.18466667,0.047407407,0.08,0.39,0.39,0.90259259,0.18466667,1,0.000468
2021-11-20,2.1163028,0.0042579642,0.63792593,0.18466667,0.047407407,0.08,0.39,0.39,0.90259259,0.18466667,1,0
2021-11-21,2.1022671,-0.0066321673,0.48192593,0.34066667,0.047407407,0.08,0.39,0.39,0.90259259,0.34066667,1,0.000468
2021-11-22,2.0557245,-0.022139249,0.48192593,0.34066667,0.047407407,0.08,0.39,0.39,0.90259259,0.34066667,1,0
2021-11-23,2.0615077,0.0028132008,0.48192593,0.34066667,0.047407407,0.08,0.39,0.39,0.90259259,0.34066667,1,0
2021-11-24,2.0566528,-0.0023549948,0.48192593,0.34066667,0.047407407,0.08,0.39,0.39,0.90259259,0.34066667,1,0
2021-11-25,2.0812893,0.011978935,0.48192593,0.34066667,0.047407407,0.08,0.39,0.39,0.90259259,0.34066667,1,0
2021-11-26,2.0178983,-0.030457565,0.48192593,0.34066667,0.047407407,0.08,0.39,0.39,0.90259259,0.34066667,1,0
2021-11-27,2.0290579,0.0055302864,0.48192593,0.34066667,0.047407407,0.08,0.39,0.39,0.90259259,0.34066667,1,0
2021-11-28,2.0624685,0.016466094,0.48192593,0.34066667,0.047407407,0.08,0.39,0.39,0.90259259,0.34066667,1,0
2021-11-29,2.0659268,0.0016767652,0.48192593,0.34066667,0.047407407,0.08,0.39,0.39,0.90259259,0.34066667,1,0
2021-11-30,2.0487237,-0.0083270578,0.48192593,0.34066667,0.047407407,0.08,0.39,0.39,0.90259259,0.34066667,1,0
2021-12-01,2.0506547,0.0009425318,0.42592593,0.25666667,0.047407407,0.22,0.25,0.25,1.1125926,0.35666667,4,0.00021
2021-12-02,2.0350491,-0.0076100781,0.48192593,0.34066667,0.047407407,0.08,0.39,0.39,0.90259259,0.34066667,1,0.00021
2021-12-03,2.0288999,-0.0030216556,0.57392593,0.16866667,0.047407407,0.16,0.31,0.31,1.0225926,0.26866667,3,0.000396
2021-12-04,1.9976026,-0.015425737,0.63792593,0.18466667,0.047407407,0.08,0.39,0.39,0.90259259,0.18466667,1,0.00012
2021-12-05,2.0009177,0.0016595682,0.63792593,0.18466667,0.047407407,0.08,0.39,0.39,0.90259259,0.18466667,1,0
2021-12-06,2.010726,0.0049018773,0.58992593,0.17266667,0.047407407,0.14,0.33,0.33,0.99259259,0.32266667,2,9e-05
2021-12-07,2.0145507,0.0019021761,0.63792593,0.18466667,0.047407407,0.08,0.39,0.39,0.90259259,0.18466667,1,9e-05
2021-12-08,2.0104927,-0.0020143569,0.52592593,0.15666667,0.047407407,0.22,0.25,0.25,1.1125926,0.25666667,4,0.00021
2021-12-09,1.9807046,-0.014816341,0.63792593,0.18466667,0.047407407,0.08,0.39,0.39,0.90259259,0.18466667,1,0.00021
2021-12-10,1.9909639,0.0051796111,0.57392593,0.16866667,0.047407407,0.16,0.31,0.31,1.0225926,0.26866667,3,0.00012
2021-12-11,2.0097519,0.0094366751,0.63792593,0.18466667,0.047407407,0.08,0.39,0.39,0.90259259,0.18466667,1,0.00012
2021-12-12,2.0140812,0.0021541397,0.63792593,0.18466667,0.047407407,0.08,0.39,0.39,0.90259259,0.18466667,1,0
2021-12-13,1.9829691,-0.01544732,0.58992593,0.17266667,0.047407407,0.14,0.33,0.33,0.99259259,0.32266667,2,9e-05
2021-12-14,1.9857938,0.0014245135,0.63792593,0.18466667,0.047407407,0.08,0.39,0.39,0.90259259,0.18466667,1,9e-05
2021-12-15,1.9926639,0.0034596186,0.63792593,0.18466667,0.047407407,0.08,0.39,0.39,0.90259259,0.18466667,1,0
2021-12-16,1.9984454,0.0029013738,0.63792593,0.18466667,0.047407407,0.08,0.39,0.39,0.90259259,0.18466667,1,0
2021-12-17,1.9896974,-0.0043773957,0.63792593,0.18466667,0.047407407,0.08,0.39,0.39,0.90259259,0.18466667,1,0
2021-12-18,1.9946483,0.0024882542,0.63792593,0.18466667,0.047407407,0.08,0.39,0.39,0.90259259,0.18466667,1,0
2021-12-19,1.9960603,0.00070793216,0.63792593,0.18466667,0.047407407,0.08,0.39,0.39,0.90259259,-0.18466667,1,0
2021-12-20,1.9907501,-0.0026603418,0.63792593,0.18466667,0.047407407,0.08,0.39,0.39,0.90259259,-0.18466667,1,0
2021-12-21,1.9732072,-0.0088122201,0.63792593,0.18466667,0.047407407,0.08,0.39,0.39,0.90259259,-0.18466667,1,0
2021-12-22,1.9832232,0.0050759697,0.63792593,0.18466667,0.047407407,0.08,0.39,0.39,0.90259259,-0.18466667,1,0
2021-12-23,1.9719079,-0.0057055076,0.63792593,0.18466667,0.047407407,0.08,0.39,0.39,0.90259259,-0.18466667,1,0
2021-12-24,1.9734863,0.00080046937,0.63792593,0.18466667,0.047407407,0.08,0.39,0.39,0.90259259,-0.18466667,1,0
2021-12-25,1.9758654,0.0012055141,0.63792593,0.18466667,0.047407407,0.08,0.39,0.39,0.90259259,-0.18466667,1,0
2021-12-26,1.971814,-0.0020504246,0.63792593,0.18466667,0.047407407,0.08,0.39,0.39,0.90259259,-0.18466667,1,0
2021-12-27,1.9745477,0.0013863686,0.48192593,0.34066667,0.047407407,0.08,0.39,0.39,0.90259259,-0.34066667,1,0.000468
2021-12-28,2.012837,0.019391431,0.48192593,0.34066667,0.047407407,0.08,0.39,0.39,0.90259259,-0.34066667,1,0
2021-12-29,2.0203901,0.0037524959,0.63792593,0.18466667,0.047407407,0.08,0.39,0.39,0.90259259,-0.18466667,1,0.000468
2021-12-30,2.0237154,0.0016458643,0.63792593,0.18466667,0.047407407,0.08,0.39,0.39,0.90259259,-0.18466667,1,0
2021-12-31,2.0387079,0.0074083952,0.63792593,0.18466667,0.047407407,0.08,0.39,0.39,0.90259259,-0.18466667,1,0
2022-01-01,2.0279194,-0.0052918474,0.63792593,0.18466667,0.047407407,0.08,0.39,0.39,0.90259259,-0.18466667,1,0
2022-01-02,2.0299952,0.0010236213,0.63792593,0.18466667,0.047407407,0.08,0.39,0.39,0.90259259,-0.18466667,1,0
2022-01-03,2.0154306,-0.0071746816,0.58992593,0.17266667,0.047407407,0.14,0.33,0.33,0.99259259,-0.022666667,2,9e-05
2022-01-04,2.0280282,0.0062505777,0.48192593,0.34066667,0.047407407,0.08,0.39,0.39,0.90259259,-0.34066667,1,0.000414
2022-01-05,2.0389122,0.0053667597,0.39392593,0.20866667,0.047407407,0.3,0.17,0.17,1.1125926,-0.18866667,5,0.00033
2022-01-06,2.0326248,-0.0030836959,0.57392593,0.16866667,0.047407407,0.16,0.31,0.31,0.90259259,-0.24866667,2,0.00033
2022-01-07,2.0449555,0.0060664082,0.50992593,0.15266667,0.047407407,0.24,0.23,0.23,1.0225926,-0.13266667,4,0.00012
2022-01-08,2.0397361,-0.0025523663,0.57392593,0.16866667,0.047407407,0.16,0.31,0.31,0.90259259,-0.24866667,2,0.00012
2022-01-09,2.0371563,-0.0012647333,0.63792593,0.18466667,0.047407407,0.08,0.39,0.39,0.90259259,-0.18466667,1,0.00012
2022-01-10,2.0354439,-0.00084061656,0.58992593,0.17266667,0.047407407,0.14,0.33,0.33,0.99259259,-0.022666667,2,9e-05
2022-01-11,2.0401218,0.0022982614,0.63792593,0.18466667,0.047407407,0.08,0.39,0.39,0.90259259,-0.18466667,1,9e-05
2022-01-12,2.0648963,0.012143609,0.52592593,0.15666667,0.047407407,0.22,0.25,0.25,1.1125926,-0.056666667,4,0.00021
2022-01-13,2.0813631,0.0079746321,0.48192593,0.34066667,0.047407407,0.08,0.39,0.39,0.90259259,-0.34066667,1,0.000342
2022-01-14,2.0697835,-0.0055634462,0.57392593,0.16866667,0.047407407,0.16,0.31,0.31,1.0225926,-0.068666667,3,0.000396
2022-01-15,2.0698589,3.643038e-05,0.70192593,0.20066667,0.047407407,0,0.47,0.47,0.90259259,-0.20066667,0,0.00024
2022-01-16,2.0682639,-0.00077057588,0.48192593,0.34066667,0.047407407,0.08,0.39,0.39,0.90259259,-0.34066667,1,0.00054
2022-01-17,2.080353,0.0058450448,0.48192593,0.34066667,0.047407407,0.08,0.39,0.39,0.90259259,-0.34066667,1,0
2022-01-18,2.0778864,-0.0011856964,0.48192593,0.34066667,0.047407407,0.08,0.39,0.39,0.90259259,-0.34066667,1,0
2022-01-19,2.1032543,0.012208508,0.48192593,0.34066667,0.047407407,0.08,0.39,0.39,0.90259259,-0.34066667,1,0
2022-01-20,2.1107328,0.0035556879,0.63792593,0.18466667,0.047407407,0.08,0.39,0.39,0.90259259,-0.18466667,1,0.000468
2022-01-21,2.1491759,0.018213173,0.63792593,0.18466667,0.047407407,0.08,0.39,0.39,0.90259259,-0.18466667,1,0
2022-01-22,2.1626823,0.0062844431,0.63792593,0.18466667,0.047407407,0.08,0.39,0.39,0.90259259,-0.18466667,1,0
2022-01-23,2.1523461,-0.004779325,0.63792593,0.18466667,0.047407407,0.08,0.39,0.39,0.90259259,-0.18466667,1,0
2022-01-24,2.1515448,-0.00037230425,0.63792593,0.18466667,0.047407407,0.08,0.39,0.39,0.90259259,-0.18466667,1,0
2022-01-25,2.1530631,0.0007056813,0.58992593,0.17266667,0.047407407,0.14,0.33,0.33,0.90259259,-0.17266667,2,9e-05
2022-01-26,2.1396102,-0.0062482606,0.58992593,0.17266667,0.047407407,0.14,0.33,0.33,0.90259259,-0.17266667,2,0
2022-01-27,2.1210057,-0.008695273,0.58992593,0.17266667,0.047407407,0.14,0.33,0.33,0.90259259,-0.17266667,2,0
2022-01-28,2.106761,-0.006716008,0.58992593,0.17266667,0.047407407,0.14,0.33,0.33,0.90259259,-0.17266667,2,0
2022-01-29,2.1026879,-0.0019333656,0.63792593,0.18466667,0.047407407,0.08,0.39,0.39,0.90259259,-0.18466667,1,9e-05
2022-01-30,2.1071344,0.0021146588,0.63792593,0.18466667,0.047407407,0.08,0.39,0.39,0.90259259,-0.18466667,1,0
2022-01-31,2.1071054,-1.3725043e-05,0.63792593,0.18466667,0.047407407,0.08,0.39,0.39,0.90259259,-0.18466667,1,0
2022-02-01,2.1035957,-0.0016656868,0.57392593,0.16866667,0.047407407,0.16,0.31,0.31,0.90259259,-0.088666667,2,0.00012
2022-02-02,2.1137328,0.0048189668,0.46192593,0.14066667,0.047407407,0.3,0.17,0.17,1.1125926,0.039333333,5,0.00021
2022-02-03,2.1101391,-0.0017001866,0.57392593,0.16866667,0.047407407,0.16,0.31,0.31,0.90259259,-0.088666667,2,0.00021
2022-02-04,2.0820722,-0.013300974,0.50992593,0.15266667,0.047407407,0.24,0.23,0.23,1.0225926,0.027333333,4,0.00012
2022-02-05,2.0841718,0.0010084248,0.48192593,0.34066667,0.047407407,0.08,0.39,0.39,0.90259259,-0.34066667,1,0.000324
2022-02-06,2.067105,-0.0081887707,0.48192593,0.34066667,0.047407407,0.08,0.39,0.39,0.90259259,-0.34066667,1,0
2022-02-07,2.0591359,-0.00385519,0.45792593,0.30466667,0.047407407,0.14,0.33,0.33,0.99259259,-0.15466667,2,9e-05
2022-02-08,2.0568829,-0.0010941253,0.306,0.414,0.15,0.08,0.39,0.39,0.8,-0.414,1,0.00039188889
2022-02-09,2.0818605,0.012143385,0.25,0.33,0.15,0.22,0.25,0.25,1.01,-0.23,4,0.00021
2022-02-10,2.096795,0.0071736449,0.306,0.414,0.15,0.08,0.39,0.39,0.8,-0.414,1,0.00021
2022-02-11,2.1339742,0.017731458,0.44992593,0.29266667,0.047407407,0.16,0.31,0.31,1.0225926,-0.19266667,3,0.00039788889
2022-02-12,2.1397577,0.002710185,0.48192593,0.34066667,0.047407407,0.08,0.39,0.39,0.90259259,-0.34066667,1,0.00012
2022-02-13,2.1503469,0.0049487861,0.48192593,0.34066667,0.047407407,0.08,0.39,0.39,0.90259259,-0.34066667,1,0
2022-02-14,2.1446591,-0.0026450462,0.45792593,0.30466667,0.047407407,0.14,0.33,0.33,0.99259259,-0.15466667,2,9e-05
2022-02-15,2.0956981,-0.022829299,0.48192593,0.34066667,0.047407407,0.08,0.39,0.39,0.90259259,-0.34066667,1,9e-05
2022-02-16,2.117952,0.010618876,0.48192593,0.34066667,0.047407407,0.08,0.39,0.39,0.90259259,-0.34066667,1,0
2022-02-17,2.1949982,0.036377702,0.48192593,0.34066667,0.047407407,0.08,0.39,0.39,0.90259259,-0.34066667,1,0
2022-02-18,2.2027833,0.0035467058,0.48192593,0.34066667,0.047407407,0.08,0.39,0.39,0.90259259,-0.34066667,1,0
2022-02-19,2.2036377,0.00038787785,0.48192593,0.34066667,0.047407407,0.08,0.39,0.39,0.90259259,-0.34066667,1,0
2022-02-20,2.2475379,0.019921689,0.48192593,0.34066667,0.047407407,0.08,0.39,0.39,0.90259259,-0.34066667,1,0
2022-02-21,2.285472,0.016878082,0.306,0.414,0.15,0.08,0.39,0.39,0.8,-0.414,1,0.00037388889
2022-02-22,2.2370719,-0.021177298,0.306,0.414,0.15,0.08,0.39,0.39,0.8,-0.414,1,0
2022-02-23,2.2653141,0.012624667,0.306,0.414,0.15,0.08,0.39,0.39,0.8,-0.414,1,0
2022-02-24,2.248779,-0.0072992524,0.51392593,0.38866667,0.047407407,0,0.47,0.47,0.90259259,-0.38866667,0,0.00034988889
2022-02-25,2.2027678,-0.020460524,0.51392593,0.38866667,0.047407407,0,0.47,0.47,0.90259259,-0.38866667,0,0
2022-02-26,2.2038519,0.00049211184,0.338,0.462,0.15,0,0.47,0.47,0.8,-0.462,0,0.00037388889
2022-02-27,2.2461598,0.019197262,0.306,0.414,0.15,0.08,0.39,0.39,0.8,-0.414,1,0.00012
2022-02-28,2.1220024,-0.055275386,0.48192593,0.34066667,0.047407407,0.08,0.39,0.39,0.90259259,-0.34066667,1,0.00037388889
2022-03-01,2.1069216,-0.007106897,0.306,0.414,0.15,0.08,0.39,0.39,0.8,-0.414,1,0.00037388889
2022-03-02,2.1094603,0.0012049351,0.25,0.33,0.15,0.22,0.25,0.25,0.8,-0.29,4,0.00021
2022-03-03,2.1407512,0.014833593,0.306,0.414,0.15,0.08,0.39,0.39,0.8,-0.414,1,0.00021
2022-03-04,2.2109101,0.032773053,0.274,0.366,0.15,0.16,0.31,0.31,0.8,-0.326,3,0.00012
2022-03-05,2.2062983,-0.00208594,0.282,0.378,0.15,0.14,0.33,0.33,0.8,-0.378,2,3e-05
2022-03-06,2.2320566,0.011674891,0.282,0.378,0.15,0.14,0.33,0.33,0.8,-0.378,2,0
2022-03-07,2.2486669,0.007441722,0.43392593,0.26866667,0.047407407,0.2,0.27,0.27,0.99259259,-0.11866667,3,0.00039188889
2022-03-08,2.2607397,0.005368846,0.45792593,0.30466667,0.047407407,0.14,0.33,0.33,0.90259259,-0.30466667,2,9e-05
2022-03-09,2.2071739,-0.023693913,0.42592593,0.25666667,0.047407407,0.22,0.25,0.25,1.1125926,-0.15666667,4,0.00012
2022-03-10,2.2535109,0.0209938,0.48192593,0.34066667,0.047407407,0.08,0.39,0.39,0.90259259,-0.34066667,1,0.00021
2022-03-11,2.2555255,0.00089400123,0.57392593,0.16866667,0.047407407,0.16,0.31,0.31,0.90259259,-0.12866667,3,0.000396
2022-03-12,2.2580512,0.0011197784,0.63792593,0.18466667,0.047407407,0.08,0.39,0.39,0.90259259,-0.18466667,1,0.00012
2022-03-13,2.2638656,0.0025749746,0.63792593,0.18466667,0.047407407,0.08,0.39,0.39,0.90259259,-0.18466667,1,0
2022-03-14,2.2237389,-0.017724883,0.65392593,0.18866667,0.047407407,0.06,0.41,0.41,0.90259259,-0.12866667,1,3e-05
2022-03-15,2.2118743,-0.005335397,0.51392593,0.38866667,0.047407407,0,0.47,0.47,0.90259259,-0.38866667,0,0.00051
2022-03-16,2.182959,-0.013072771,0.48192593,0.34066667,0.047407407,0.08,0.39,0.39,0.90259259,-0.34066667,1,0.00012
2022-03-17,2.1936303,0.0048884633,0.48192593,0.34066667,0.047407407,0.08,0.39,0.39,0.90259259,-0.34066667,1,0
2022-03-18,2.1631658,-0.013887706,0.48192593,0.34066667,0.047407407,0.08,0.39,0.39,0.90259259,-0.34066667,1,0
2022-03-19,2.1516034,-0.0053451445,0.48192593,0.34066667,0.047407407,0.08,0.39,0.39,0.90259259,-0.34066667,1,0
2022-03-20,2.1723075,0.0096226584,0.48192593,0.34066667,0.047407407,0.08,0.39,0.39,0.90259259,-0.34066667,1,0
2022-03-21,2.1835278,0.0051651421,0.48192593,0.34066667,0.047407407,0.08,0.39,0.39,0.90259259,-0.34066667,1,0
2022-03-22,2.1501834,-0.015270884,0.48192593,0.34066667,0.047407407,0.08,0.39,0.39,0.90259259,-0.34066667,1,0
2022-03-23,2.1481638,-0.00093928322,0.306,0.414,0.15,0.08,0.39,0.39,0.8,-0.414,1,0.00037388889
2022-03-24,2.1289224,-0.0089571466,0.306,0.414,0.15,0.08,0.39,0.39,0.8,-0.414,1,0
2022-03-25,2.1228711,-0.0028424287,0.306,0.414,0.15,0.08,0.39,0.39,0.8,-0.414,1,0
2022-03-26,2.1206562,-0.0010433104,0.306,0.414,0.15,0.08,0.39,0.39,0.8,-0.414,1,0
2022-03-27,2.0713708,-0.023240677,0.306,0.414,0.15,0.08,0.39,0.39,0.8,-0.414,1,0
2022-03-28,2.0572996,-0.0067931823,0.306,0.414,0.15,0.08,0.39,0.39,0.8,-0.414,1,0
2022-03-29,2.0487903,-0.0041361043,0.306,0.414,0.15,0.08,0.39,0.39,0.8,-0.414,1,0
2022-03-30,2.0596837,0.0053169889,0.306,0.414,0.15,0.08,0.39,0.39,0.8,-0.414,1,0
2022-03-31,2.0902722,0.01485104,0.306,0.414,0.15,0.08,0.39,0.39,0.8,-0.414,1,0
2022-04-01,2.0819312,-0.0039903854,0.44992593,0.29266667,0.047407407,0.16,0.31,0.31,1.0225926,-0.19266667,3,0.00039788889
2022-04-02,2.0896547,0.0037097868,0.306,0.414,0.15,0.08,0.39,0.39,0.8,-0.414,1,0.00039788889
2022-04-03,2.0788102,-0.0051896455,0.306,0.414,0.15,0.08,0.39,0.39,0.8,-0.414,1,0
2022-04-04,2.0719699,-0.0032904429,0.282,0.378,0.15,0.14,0.33,0.33,0.89,-0.228,2,9e-05
2022-04-05,2.0878703,0.0076740054,0.306,0.414,0.15,0.08,0.39,0.39,0.8,-0.414,1,9e-05
2022-04-06,2.0906727,0.001342234,0.25,0.33,0.15,0.22,0.25,0.25,1.01,-0.23,4,0.00021
2022-04-07,2.0871464,-0.0016866846,0.306,0.414,0.15,0.08,0.39,0.39,0.8,-0.414,1,0.00021
2022-04-08,2.1063671,0.0092091066,0.274,0.366,0.15,0.16,0.31,0.31,0.92,-0.266,3,0.00012
2022-04-09,2.0966442,-0.004615962,0.48192593,0.34066667,0.047407407,0.08,0.39,0.39,0.90259259,-0.34066667,1,0.00034988889
2022-04-10,2.1066902,0.0047914607,0.306,0.414,0.15,0.08,0.39,0.39,0.8,-0.414,1,0.00037388889
2022-04-11,2.1454435,0.018395373,0.282,0.378,0.15,0.14,0.33,0.33,0.89,-0.228,2,9e-05
2022-04-12,2.1425244,-0.0013606338,0.48192593,0.34066667,0.047407407,0.08,0.39,0.39,0.90259259,-0.34066667,1,0.00035588889
2022-04-13,2.1414492,-0.00050183215,0.25,0.33,0.15,0.22,0.25,0.25,1.01,-0.23,4,0.00036388889
2022-04-14,2.1605099,0.0089008358,0.48192593,0.34066667,0.047407407,0.08,0.39,0.39,0.90259259,-0.34066667,1,0.00036388889
2022-04-15,2.1513759,-0.0042276861,0.48192593,0.34066667,0.047407407,0.08,0.39,0.39,0.90259259,-0.34066667,1,0
2022-04-16,2.154017,0.0012276031,0.48192593,0.34066667,0.047407407,0.08,0.39,0.39,0.90259259,-0.34066667,1,0
2022-04-17,2.1709918,0.0078805313,0.48192593,0.34066667,0.047407407,0.08,0.39,0.39,0.90259259,-0.34066667,1,0
2022-04-18,2.1463398,-0.011355162,0.48192593,0.34066667,0.047407407,0.08,0.39,0.39,0.90259259,-0.34066667,1,0
2022-04-19,2.119863,-0.012335775,0.48192593,0.34066667,0.047407407,0.08,0.39,0.39,0.90259259,-0.34066667,1,0
2022-04-20,2.1280161,0.0038460343,0.48192593,0.34066667,0.047407407,0.08,0.39,0.39,0.90259259,-0.34066667,1,0
2022-04-21,2.1402877,0.0057667022,0.48192593,0.34066667,0.047407407,0.08,0.39,0.39,0.90259259,-0.34066667,1,0
2022-04-22,2.1420422,0.00081972303,0.48192593,0.34066667,0.047407407,0.08,0.39,0.39,0.90259259,-0.34066667,1,0
2022-04-23,2.1463883,0.0020289433,0.48192593,0.34066667,0.047407407,0.08,0.39,0.39,0.90259259,-0.34066667,1,0
2022-04-24,2.1457816,-0.00028265682,0.63792593,0.18466667,0.047407407,0.08,0.39,0.39,0.90259259,-0.18466667,1,0.000468
2022-04-25,2.1146449,-0.014510626,0.70192593,0.20066667,0.047407407,0,0.47,0.47,0.90259259,-0.20066667,0,0.00012
2022-04-26,2.1599277,0.021413891,0.51392593,0.38866667,0.047407407,0,0.47,0.47,0.90259259,-0.38866667,0,0.000564
2022-04-27,2.1332352,-0.012358045,0.70192593,0.20066667,0.047407407,0,0.47,0.47,0.90259259,-0.20066667,0,0.000564
2022-04-28,2.1294069,-0.0017946203,0.62192593,0.18066667,0.047407407,0.1,0.37,0.37,0.90259259,-0.28066667,1,0.00015
2022-04-29,2.1522333,0.010719595,0.62192593,0.18066667,0.047407407,0.1,0.37,0.37,0.90259259,-0.28066667,1,0
2022-04-30,2.1624364,0.0047407304,0.62192593,0.18066667,0.047407407,0.1,0.37,0.37,0.90259259,-0.28066667,1,0
2022-05-01,2.1531885,-0.0042766014,0.62192593,0.18066667,0.047407407,0.1,0.37,0.37,0.90259259,-0.28066667,1,0
2022-05-02,2.1264574,-0.012414658,0.50992593,0.15266667,0.047407407,0.24,0.23,0.23,0.99259259,-0.10266667,3,0.00021
2022-05-03,2.1379597,0.0054091336,0.55792593,0.16466667,0.047407407,0.18,0.29,0.29,0.90259259,-0.26466667,2,9e-05
2022-05-04,2.1488268,0.0050829164,0.44592593,0.13666667,0.047407407,0.32,0.15,0.15,1.1125926,-0.13666667,5,0.00021
2022-05-05,2.1845179,0.016609582,0.55792593,0.16466667,0.047407407,0.18,0.29,0.29,0.90259259,-0.26466667,2,0.00021
2022-05-06,2.1833843,-0.00051891887,0.42992593,0.13266667,0.047407407,0.34,0.13,0.13,1.0225926,-0.21266667,5,0.00024
2022-05-07,2.1920772,0.0039813822,0.49392593,0.14866667,0.047407407,0.26,0.21,0.21,0.90259259,-0.32866667,3,0.00012
2022-05-08,2.2126409,0.0093809196,0.49392593,0.14866667,0.047407407,0.26,0.21,0.21,0.90259259,-0.32866667,3,0
2022-05-09,2.235361,0.01026832,0.44592593,0.13666667,0.047407407,0.32,0.15,0.15,0.99259259,-0.16666667,4,9e-05
2022-05-10,2.2023395,-0.014772344,0.55792593,0.16466667,0.047407407,0.18,0.29,0.29,0.90259259,-0.26466667,2,0.00021
2022-05-11,2.2113917,0.0041102474,0.44592593,0.13666667,0.047407407,0.32,0.15,0.15,1.1125926,-0.13666667,5,0.00021
2022-05-12,2.1963773,-0.0067895334,0.55792593,0.16466667,0.047407407,0.18,0.29,0.29,0.90259259,-0.26466667,2,0.00021
2022-05-13,2.1808689,-0.0070609069,0.42992593,0.13266667,0.047407407,0.34,0.13,0.13,1.0225926,-0.052666667,5,0.00024
2022-05-14,2.1646523,-0.0074358322,0.49392593,0.14866667,0.047407407,0.26,0.21,0.21,0.90259259,-0.16866667,3,0.00012
2022-05-15,2.138926,-0.011884759,0.49392593,0.14866667,0.047407407,0.26,0.21,0.21,0.90259259,-0.16866667,3,0
2022-05-16,2.1723198,0.015612432,0.49392593,0.14866667,0.047407407,0.26,0.21,0.21,0.90259259,-0.16866667,3,0
2022-05-17,2.155803,-0.0076033228,0.55792593,0.16466667,0.047407407,0.18,0.29,0.29,0.90259259,-0.26466667,2,0.00012
2022-05-18,2.187551,0.014726795,0.55792593,0.16466667,0.047407407,0.18,0.29,0.29,0.90259259,-0.26466667,2,0
2022-05-19,2.1780588,-0.0043391866,0.55792593,0.16466667,0.047407407,0.18,0.29,0.29,0.90259259,-0.26466667,2,0
2022-05-20,2.1993831,0.0097905105,0.55792593,0.16466667,0.047407407,0.18,0.29,0.29,0.90259259,-0.26466667,2,0
2022-05-21,2.1958544,-0.0016044321,0.55792593,0.16466667,0.047407407,0.18,0.29,0.29,0.90259259,-0.26466667,2,0
2022-05-22,2.1778066,-0.008219015,0.55792593,0.16466667,0.047407407,0.18,0.29,0.29,0.90259259,-0.26466667,2,0
2022-05-23,2.20238,0.011283536,0.55792593,0.16466667,0.047407407,0.18,0.29,0.29,0.90259259,-0.26466667,2,0
2022-05-24,2.2007203,-0.00075360363,0.55792593,0.16466667,0.047407407,0.18,0.29,0.29,0.90259259,-0.26466667,2,0
2022-05-25,2.1944459,-0.0028510549,0.55792593,0.16466667,0.047407407,0.18,0.29,0.29,0.90259259,-0.26466667,2,0
2022-05-26,2.1985522,0.0018712163,0.55792593,0.16466667,0.047407407,0.18,0.29,0.29,0.90259259,-0.26466667,2,0
2022-05-27,2.2100054,0.0052094433,0.55792593,0.16466667,0.047407407,0.18,0.29,0.29,0.90259259,-0.26466667,2,0
2022-05-28,2.2031951,-0.0030815712,0.55792593,0.16466667,0.047407407,0.18,0.29,0.29,0.90259259,-0.26466667,2,0
2022-05-29,2.1911734,-0.0054565002,0.55792593,0.16466667,0.047407407,0.18,0.29,0.29,0.90259259,-0.26466667,2,0
2022-05-30,2.1519268,-0.017911226,0.55792593,0.16466667,0.047407407,0.18,0.29,0.29,0.90259259,-0.26466667,2,0
2022-05-31,2.1372204,-0.0068340346,0.55792593,0.16466667,0.047407407,0.18,0.29,0.29,0.90259259,-0.26466667,2,0
2022-06-01,2.1702608,0.015459517,0.44592593,0.13666667,0.047407407,0.32,0.15,0.15,0.90259259,-0.19666667,5,0.00021
2022-06-02,2.1691254,-0.00052316012,0.55792593,0.16466667,0.047407407,0.18,0.29,0.29,0.90259259,-0.26466667,2,0.00021
2022-06-03,2.1693771,0.00011600189,0.49392593,0.14866667,0.047407407,0.26,0.21,0.21,0.90259259,-0.20866667,4,0.00012
2022-06-04,2.1692381,-6.4057835e-05,0.55792593,0.16466667,0.047407407,0.18,0.29,0.29,0.90259259,-0.26466667,2,0.00012
2022-06-05,2.1636596,-0.0025716572,0.55792593,0.16466667,0.047407407,0.18,0.29,0.29,0.90259259,-0.26466667,2,0
2022-06-06,2.1309553,-0.015115263,0.50992593,0.15266667,0.047407407,0.24,0.23,0.23,0.90259259,-0.19266667,3,9e-05
2022-06-07,2.1436037,0.0059355744,0.55792593,0.16466667,0.047407407,0.18,0.29,0.29,0.90259259,-0.26466667,2,9e-05
2022-06-08,2.1616654,0.0084258268,0.38592593,0.19666667,0.047407407,0.32,0.15,0.15,0.90259259,-0.25666667,5,0.000306
2022-06-09,2.1587124,-0.0013660483,0.44192593,0.28066667,0.047407407,0.18,0.29,0.29,0.90259259,-0.38066667,2,0.00021
2022-06-10,2.1812902,0.010458893,0.40992593,0.23266667,0.047407407,0.26,0.21,0.21,1.0225926,-0.23266667,4,0.00012
2022-06-11,2.2039488,0.010387709,0.41792593,0.24466667,0.047407407,0.24,0.23,0.23,0.90259259,-0.34466667,3,3e-05
2022-06-12,2.2562615,0.023735925,0.41792593,0.24466667,0.047407407,0.24,0.23,0.23,0.90259259,-0.34466667,3,0
2022-06-13,2.3153978,0.026209865,0.39392593,0.20866667,0.047407407,0.3,0.17,0.17,0.99259259,-0.15866667,4,9e-05
2022-06-14,2.3176281,0.00096323782,0.50992593,0.15266667,0.047407407,0.24,0.23,0.23,0.90259259,-0.25266667,3,0.000258
2022-06-15,2.320683,0.0013181093,0.55792593,0.16466667,0.047407407,0.18,0.29,0.29,0.90259259,-0.26466667,2,9e-05
2022-06-16,2.3953529,0.032175816,0.55792593,0.16466667,0.047407407,0.18,0.29,0.29,0.90259259,-0.26466667,2,0
2022-06-17,2.3792377,-0.0067276907,0.62192593,0.18066667,0.047407407,0.1,0.37,0.37,0.90259259,-0.28066667,1,0.00012
2022-06-18,2.4144723,0.014809223,0.62192593,0.18066667,0.047407407,0.1,0.37,0.37,0.90259259,-0.28066667,1,0
2022-06-19,2.3720185,-0.01758307,0.62192593,0.18066667,0.047407407,0.1,0.37,0.37,0.90259259,-0.28066667,1,0
2022-06-20,2.3768345,0.0020303161,0.62192593,0.18066667,0.047407407,0.1,0.37,0.37,0.90259259,-0.28066667,1,0
2022-06-21,2.3608086,-0.0067425066,0.62192593,0.18066667,0.047407407,0.1,0.37,0.37,0.90259259,-0.28066667,1,0
2022-06-22,2.3875389,0.011322496,0.55792593,0.16466667,0.047407407,0.18,0.29,0.29,0.90259259,-0.26466667,2,0.00012
2022-06-23,2.3426701,-0.018792915,0.55792593,0.16466667,0.047407407,0.18,0.29,0.29,0.90259259,-0.26466667,2,0
2022-06-24,2.3354133,-0.0030976615,0.55792593,0.16466667,0.047407407,0.18,0.29,0.29,0.90259259,-0.26466667,2,0
2022-06-25,2.3287473,-0.0028542809,0.50992593,0.15266667,0.047407407,0.24,0.23,0.23,0.90259259,-0.25266667,3,9e-05
2022-06-26,2.3451033,0.0070234839,0.50992593,0.15266667,0.047407407,0.24,0.23,0.23,0.90259259,-0.25266667,3,0
2022-06-27,2.3534684,0.0035670536,0.50992593,0.15266667,0.047407407,0.24,0.23,0.23,0.90259259,-0.25266667,3,0
2022-06-28,2.3635282,0.0042744825,0.50992593,0.15266667,0.047407407,0.24,0.23,0.23,0.90259259,-0.25266667,3,0
2022-06-29,2.3682434,0.0019949904,0.55792593,0.16466667,0.047407407,0.18,0.29,0.29,0.90259259,-0.26466667,2,9e-05
2022-06-30,2.3680529,-8.0458385e-05,0.55792593,0.16466667,0.047407407,0.18,0.29,0.29,0.90259259,-0.26466667,2,0
2022-07-01,2.3804953,0.0052542664,0.49392593,0.14866667,0.047407407,0.26,0.21,0.21,0.90259259,-0.20866667,4,0.00012
2022-07-02,2.3855224,0.0021117938,0.55792593,0.16466667,0.047407407,0.18,0.29,0.29,0.90259259,-0.26466667,2,0.00012
2022-07-03,2.384232,-0.00054091869,0.55792593,0.16466667,0.047407407,0.18,0.29,0.29,0.90259259,-0.26466667,2,0
2022-07-04,2.3614911,-0.0095380622,0.50992593,0.15266667,0.047407407,0.24,0.23,0.23,0.90259259,-0.19266667,3,9e-05
2022-07-05,2.3312599,-0.012801731,0.55792593,0.16466667,0.047407407,0.18,0.29,0.29,0.90259259,-0.26466667,2,9e-05
2022-07-06,2.3080441,-0.0099584684,0.44592593,0.13666667,0.047407407,0.32,0.15,0.15,0.90259259,-0.19666667,5,0.00021
2022-07-07,2.2731671,-0.015111089,0.55792593,0.16466667,0.047407407,0.18,0.29,0.29,0.90259259,-0.26466667,2,0.00021
2022-07-08,2.2654171,-0.0034093213,0.42992593,0.13266667,0.047407407,0.34,0.13,0.13,0.90259259,-0.11266667,5,0.00024
2022-07-09,2.2614793,-0.0017382356,0.49392593,0.14866667,0.047407407,0.26,0.21,0.21,0.90259259,-0.16866667,3,0.00012
2022-07-10,2.2825216,0.0093046681,0.49392593,0.14866667,0.047407407,0.26,0.21,0.21,0.90259259,-0.16866667,3,0
2022-07-11,2.2995149,0.0074449604,0.44592593,0.13666667,0.047407407,0.32,0.15,0.15,0.90259259,-0.096666667,4,9e-05
2022-07-12,2.3125105,0.0056514531,0.55792593,0.16466667,0.047407407,0.18,0.29,0.29,0.90259259,-0.26466667,2,0.00021
2022-07-13,2.2953636,-0.0074148201,0.44592593,0.13666667,0.047407407,0.32,0.15,0.15,0.90259259,-0.19666667,5,0.00021
2022-07-14,2.2680712,-0.01189025,0.55792593,0.16466667,0.047407407,0.18,0.29,0.29,0.90259259,-0.26466667,2,0.00021
2022-07-15,2.2507725,-0.0076270499,0.44192593,0.28066667,0.047407407,0.18,0.29,0.29,0.90259259,-0.38066667,2,0.000348
2022-07-16,2.2316884,-0.0084789157,0.44192593,0.28066667,0.047407407,0.18,0.29,0.29,0.90259259,-0.38066667,2,0
2022-07-17,2.2527308,0.0094289149,0.41792593,0.24466667,0.047407407,0.24,0.23,0.23,0.90259259,-0.34466667,3,9e-05
2022-07-18,2.1969576,-0.02475803,0.41792593,0.24466667,0.047407407,0.24,0.23,0.23,0.90259259,-0.34466667,3,0
2022-07-19,2.1627406,-0.015574694,0.242,0.318,0.15,0.24,0.23,0.23,0.8,-0.418,3,0.00037388889
2022-07-20,2.1715022,0.0040511151,0.242,0.318,0.15,0.24,0.23,0.23,0.8,-0.418,3,0
2022-07-21,2.1814816,0.0045956542,0.242,0.318,0.15,0.24,0.23,0.23,0.8,-0.418,3,0
2022-07-22,2.2050773,0.010816342,0.266,0.354,0.15,0.18,0.29,0.29,0.8,-0.454,2,9e-05
2022-07-23,2.2141065,0.0040947187,0.266,0.354,0.15,0.18,0.29,0.29,0.8,-0.454,2,0
2022-07-24,2.2084237,-0.0025666309,0.266,0.354,0.15,0.18,0.29,0.29,0.8,-0.454,2,0
2022-07-25,2.2620951,0.024303047,0.266,0.354,0.15,0.18,0.29,0.29,0.8,-0.454,2,0
2022-07-26,2.2656789,0.0015842981,0.44192593,0.28066667,0.047407407,0.18,0.29,0.29,0.90259259,-0.38066667,2,0.00037388889
2022-07-27,2.2138836,-0.022860827,0.48192593,0.34066667,0.047407407,0.08,0.39,0.39,0.90259259,-0.34066667,1,0.00015
2022-07-28,2.1854216,-0.012856155,0.282,0.378,0.15,0.14,0.33,0.33,0.8,-0.378,2,0.00035588889
2022-07-29,2.1928074,0.0033795613,0.282,0.378,0.15,0.14,0.33,0.33,0.8,-0.378,2,0
2022-07-30,2.1963306,0.0016067186,0.282,0.378,0.15,0.14,0.33,0.33,0.8,-0.378,2,0
2022-07-31,2.2072236,0.0049596239,0.282,0.378,0.15,0.14,0.33,0.33,0.8,-0.378,2,0
2022-08-01,2.2044869,-0.0012398805,0.258,0.342,0.15,0.2,0.27,0.27,0.89,-0.192,3,9e-05
2022-08-02,2.2079256,0.0015599034,0.306,0.414,0.15,0.08,0.39,0.39,0.8,-0.414,1,0.00018
2022-08-03,2.2279632,0.0090752765,0.25,0.33,0.15,0.22,0.25,0.25,1.01,-0.23,4,0.00021
2022-08-04,2.2466754,0.0083987835,0.306,0.414,0.15,0.08,0.39,0.39,0.8,-0.414,1,0.00021
2022-08-05,2.217864,-0.012823983,0.274,0.366,0.15,0.16,0.31,0.31,0.92,-0.266,3,0.00012
2022-08-06,2.2298743,0.0054152463,0.306,0.414,0.15,0.08,0.39,0.39,0.8,-0.414,1,0.00012
2022-08-07,2.2210766,-0.0039453765,0.306,0.414,0.15,0.08,0.39,0.39,0.8,-0.414,1,0
2022-08-08,2.2099895,-0.0049917998,0.282,0.378,0.15,0.14,0.33,0.33,0.89,-0.228,2,9e-05
2022-08-09,2.2382756,0.012799232,0.306,0.414,0.15,0.08,0.39,0.39,0.8,-0.414,1,9e-05
2022-08-10,2.2683699,0.013445313,0.25,0.33,0.15,0.22,0.25,0.25,1.01,-0.23,4,0.00021
2022-08-11,2.2660212,-0.0010354106,0.306,0.414,0.15,0.08,0.39,0.39,0.8,-0.414,1,0.00021
2022-08-12,2.2499748,-0.0070813221,0.274,0.366,0.15,0.16,0.31,0.31,0.92,-0.266,3,0.00012
2022-08-13,2.2479317,-0.00090805768,0.306,0.414,0.15,0.08,0.39,0.39,0.8,-0.414,1,0.00012
2022-08-14,2.2523911,0.0019837582,0.306,0.414,0.15,0.08,0.39,0.39,0.8,-0.414,1,0
2022-08-15,2.2539516,0.0006928538,0.306,0.414,0.15,0.08,0.39,0.39,0.8,-0.414,1,0
2022-08-16,2.2621314,0.0036290614,0.306,0.414,0.15,0.08,0.39,0.39,0.8,-0.414,1,0
2022-08-17,2.2768187,0.0064927092,0.306,0.414,0.15,0.08,0.39,0.39,0.8,-0.414,1,0
2022-08-18,2.2773116,0.00021645398,0.48192593,0.34066667,0.047407407,0.08,0.39,0.39,0.90259259,-0.34066667,1,0.00037388889
2022-08-19,2.3382338,0.02675183,0.44992593,0.29266667,0.047407407,0.16,0.31,0.31,0.90259259,-0.37266667,2,0.00012
2022-08-20,2.3339329,-0.0018393852,0.57392593,0.16866667,0.047407407,0.16,0.31,0.31,0.90259259,-0.24866667,2,0.000372
2022-08-21,2.3231172,-0.0046341081,0.44992593,0.29266667,0.047407407,0.16,0.31,0.31,0.90259259,-0.37266667,2,0.000372
2022-08-22,2.3216923,-0.00061334217,0.44992593,0.29266667,0.047407407,0.16,0.31,0.31,0.90259259,-0.37266667,2,0
2022-08-23,2.3267242,0.0021673388,0.51392593,0.38866667,0.047407407,0,0.47,0.47,0.90259259,-0.38866667,0,0.00024
2022-08-24,2.3321318,0.0023241089,0.51392593,0.38866667,0.047407407,0,0.47,0.47,0.90259259,-0.38866667,0,0
2022-08-25,2.3281646,-0.0017011193,0.51392593,0.38866667,0.047407407,0,0.47,0.47,0.90259259,-0.38866667,0,0
2022-08-26,2.3677791,0.017015339,0.51392593,0.38866667,0.047407407,0,0.47,0.47,0.90259259,-0.38866667,0,0
2022-08-27,2.3721935,0.0018643746,0.70192593,0.20066667,0.047407407,0,0.47,0.47,0.90259259,-0.20066667,0,0.000564
2022-08-28,2.379804,0.0032081983,0.70192593,0.20066667,0.047407407,0,0.47,0.47,0.90259259,-0.20066667,0,0
2022-08-29,2.3668287,-0.0054522427,0.70192593,0.20066667,0.047407407,0,0.47,0.47,0.90259259,-0.20066667,0,0
2022-08-30,2.3625753,-0.0017970994,0.70192593,0.20066667,0.047407407,0,0.47,0.47,0.90259259,-0.20066667,0,0
2022-08-31,2.3462407,-0.0069138608,0.70192593,0.20066667,0.047407407,0,0.47,0.47,0.90259259,-0.20066667,0,0
2022-09-01,2.3317689,-0.006168094,0.70192593,0.20066667,0.047407407,0,0.47,0.47,0.90259259,-0.20066667,0,0
2022-09-02,2.3513303,0.0083890734,0.63792593,0.18466667,0.047407407,0.08,0.39,0.39,1.0225926,-0.084666667,2,0.00012
2022-09-03,2.3568064,0.0023289353,0.70192593,0.20066667,0.047407407,0,0.47,0.47,0.90259259,-0.20066667,0,0.00012
2022-09-04,2.3508623,-0.0025221131,0.70192593,0.20066667,0.047407407,0,0.47,0.47,0.90259259,-0.20066667,0,0
2022-09-05,2.3596836,0.0037523784,0.58992593,0.17266667,0.047407407,0.14,0.33,0.33,0.99259259,-0.022666667,2,0.00021
2022-09-06,2.3684188,0.0037018602,0.63792593,0.18466667,0.047407407,0.08,0.39,0.39,0.90259259,-0.18466667,1,9e-05
2022-09-07,2.3644569,-0.0016728123,0.44592593,0.13666667,0.047407407,0.32,0.15,0.15,1.1125926,-0.13666667,5,0.00036
2022-09-08,2.3592555,-0.0021998223,0.55792593,0.16466667,0.047407407,0.18,0.29,0.29,0.90259259,-0.26466667,2,0.00021
2022-09-09,2.3286923,-0.012954611,0.49392593,0.14866667,0.047407407,0.26,0.21,0.21,1.0225926,-0.14866667,4,0.00012
2022-09-10,2.3249345,-0.0016136884,0.63792593,0.18466667,0.047407407,0.08,0.39,0.39,0.90259259,-0.18466667,1,0.00027
2022-09-11,2.3180252,-0.0029718259,0.48192593,0.34066667,0.047407407,0.08,0.39,0.39,0.90259259,-0.34066667,1,0.000468
2022-09-12,2.3184688,0.00019139191,0.58992593,0.17266667,0.047407407,0.14,0.33,0.33,0.99259259,-0.022666667,2,0.000414
2022-09-13,2.3803365,0.026684722,0.48192593,0.34066667,0.047407407,0.08,0.39,0.39,0.90259259,-0.34066667,1,0.000414
2022-09-14,2.3725936,-0.0032528831,0.52592593,0.15666667,0.047407407,0.22,0.25,0.25,1.1125926,-0.056666667,4,0.000342
2022-09-15,2.3521333,-0.0086235858,0.63792593,0.18466667,0.047407407,0.08,0.39,0.39,0.90259259,-0.18466667,1,0.00021
2022-09-16,2.359969,0.0033312964,0.58992593,0.17266667,0.047407407,0.14,0.33,0.33,0.90259259,-0.17266667,2,9e-05
2022-09-17,2.3547619,-0.0022064153,0.58992593,0.17266667,0.047407407,0.14,0.33,0.33,0.90259259,-0.17266667,2,0
2022-09-18,2.3683854,0.0057855036,0.58992593,0.17266667,0.047407407,0.14,0.33,0.33,0.90259259,-0.17266667,2,0
2022-09-19,2.360575,-0.0032977537,0.45792593,0.30466667,0.047407407,0.14,0.33,0.33,0.90259259,-0.30466667,2,0.000396
2022-09-20,2.378257,0.0074905557,0.45792593,0.30466667,0.047407407,0.14,0.33,0.33,0.90259259,-0.30466667,2,0
2022-09-21,2.3888351,0.0044478145,0.58992593,0.17266667,0.047407407,0.14,0.33,0.33,0.90259259,-0.17266667,2,0.000396
2022-09-22,2.371695,-0.0071750907,0.58992593,0.17266667,0.047407407,0.14,0.33,0.33,0.90259259,-0.17266667,2,0
2022-09-23,2.356178,-0.0065425767,0.48192593,0.34066667,0.047407407,0.08,0.39,0.39,0.90259259,-0.34066667,1,0.000414
2022-09-24,2.3715805,0.0065370816,0.48192593,0.34066667,0.047407407,0.08,0.39,0.39,0.90259259,-0.34066667,1,0
2022-09-25,2.3694206,-0.00091075867,0.63792593,0.18466667,0.047407407,0.08,0.39,0.39,0.90259259,-0.18466667,1,0.000468
2022-09-26,2.3398112,-0.012496445,0.48192593,0.34066667,0.047407407,0.08,0.39,0.39,0.90259259,-0.34066667,1,0.000468
2022-09-27,2.3481157,0.0035492254,0.48192593,0.34066667,0.047407407,0.08,0.39,0.39,0.90259259,-0.34066667,1,0
2022-09-28,2.352287,0.0017764046,0.48192593,0.34066667,0.047407407,0.08,0.39,0.39,0.90259259,-0.34066667,1,0
2022-09-29,2.3497758,-0.0010675324,0.48192593,0.34066667,0.047407407,0.08,0.39,0.39,0.90259259,-0.34066667,1,0
2022-09-30,2.3574297,0.0032573043,0.48192593,0.34066667,0.047407407,0.08,0.39,0.39,0.90259259,-0.34066667,1,0
2022-10-01,2.361411,0.0016888221,0.48192593,0.34066667,0.047407407,0.08,0.39,0.39,0.90259259,-0.34066667,1,0
2022-10-02,2.3727275,0.0047922479,0.48192593,0.34066667,0.047407407,0.08,0.39,0.39,0.90259259,-0.34066667,1,0
2022-10-03,2.3821744,0.0039814657,0.45792593,0.30466667,0.047407407,0.14,0.33,0.33,0.99259259,-0.15466667,2,9e-05
2022-10-04,2.3689738,-0.0055414247,0.48192593,0.34066667,0.047407407,0.08,0.39,0.39,0.90259259,-0.34066667,1,9e-05
2022-10-05,2.3572867,-0.0049334058,0.42592593,0.25666667,0.047407407,0.22,0.25,0.25,1.1125926,-0.15666667,4,0.00021
2022-10-06,2.3607458,0.0014674205,0.48192593,0.34066667,0.047407407,0.08,0.39,0.39,0.90259259,-0.34066667,1,0.00021
2022-10-07,2.3642728,0.001493999,0.274,0.366,0.15,0.16,0.31,0.31,0.92,-0.266,3,0.00034988889
2022-10-08,2.3667627,0.0010531577,0.48192593,0.34066667,0.047407407,0.08,0.39,0.39,0.90259259,-0.34066667,1,0.00034988889
2022-10-09,2.3665895,-7.3199572e-05,0.48192593,0.34066667,0.047407407,0.08,0.39,0.39,0.90259259,-0.34066667,1,0
2022-10-10,2.3589686,-0.0032201901,0.45792593,0.30466667,0.047407407,0.14,0.33,0.33,0.99259259,-0.15466667,2,9e-05
2022-10-11,2.3568977,-0.00087789185,0.63792593,0.18466667,0.047407407,0.08,0.39,0.39,0.90259259,-0.18466667,1,0.00045
2022-10-12,2.3647187,0.0033183753,0.52592593,0.15666667,0.047407407,0.22,0.25,0.25,1.1125926,-0.056666667,4,0.00021
2022-10-13,2.3529266,-0.0049866823,0.63792593,0.18466667,0.047407407,0.08,0.39,0.39,0.90259259,-0.18466667,1,0.00021
2022-10-14,2.3432423,-0.004115875,0.44992593,0.29266667,0.047407407,0.16,0.31,0.31,1.0225926,-0.19266667,3,0.000444
2022-10-15,2.3474735,0.0018057006,0.48192593,0.34066667,0.047407407,0.08,0.39,0.39,0.90259259,-0.34066667,1,0.00012
2022-10-16,2.3421439,-0.0022703537,0.48192593,0.34066667,0.047407407,0.08,0.39,0.39,0.90259259,-0.34066667,1,0
2022-10-17,2.3330464,-0.0038842744,0.48192593,0.34066667,0.047407407,0.08,0.39,0.39,0.90259259,-0.34066667,1,0
2022-10-18,2.3421569,0.0039049817,0.48192593,0.34066667,0.047407407,0.08,0.39,0.39,0.90259259,-0.34066667,1,0
2022-10-19,2.3334664,-0.0037104535,0.48192593,0.34066667,0.047407407,0.08,0.39,0.39,0.90259259,-0.34066667,1,0
2022-10-20,2.3369229,0.0014812936,0.48192593,0.34066667,0.047407407,0.08,0.39,0.39,0.90259259,-0.34066667,1,0
2022-10-21,2.3504715,0.0057976056,0.44992593,0.29266667,0.047407407,0.16,0.31,0.31,0.90259259,-0.37266667,2,0.00012
2022-10-22,2.3490173,-0.00061868239,0.44992593,0.29266667,0.047407407,0.16,0.31,0.31,0.90259259,-0.37266667,2,0
2022-10-23,2.338451,-0.0044981928,0.44992593,0.29266667,0.047407407,0.16,0.31,0.31,0.90259259,-0.37266667,2,0
2022-10-24,2.33721,-0.00053067633,0.42592593,0.25666667,0.047407407,0.22,0.25,0.25,0.90259259,-0.33666667,3,9e-05
2022-10-25,2.3106976,-0.011343611,0.45792593,0.30466667,0.047407407,0.14,0.33,0.33,0.90259259,-0.30466667,2,0.00012
2022-10-26,2.2849761,-0.011131506,0.282,0.378,0.15,0.14,0.33,0.33,0.8,-0.378,2,0.00037388889
2022-10-27,2.3010606,0.0070392621,0.282,0.378,0.15,0.14,0.33,0.33,0.8,-0.378,2,0
2022-10-28,2.2802525,-0.0090428365,0.282,0.378,0.15,0.14,0.33,0.33,0.8,-0.378,2,0
2022-10-29,2.2694159,-0.0047523675,0.282,0.378,0.15,0.14,0.33,0.33,0.8,-0.378,2,0
2022-10-30,2.2774853,0.0035557006,0.306,0.414,0.15,0.08,0.39,0.39,0.8,-0.414,1,9e-05
2022-10-31,2.2791019,0.00070983763,0.306,0.414,0.15,0.08,0.39,0.39,0.8,-0.414,1,0
2022-11-01,2.284184,0.0022298798,0.306,0.414,0.15,0.08,0.39,0.39,0.8,-0.414,1,0
2022-11-02,2.2756785,-0.0037236674,0.25,0.33,0.15,0.22,0.25,0.25,1.01,-0.23,4,0.00021
2022-11-03,2.2713797,-0.0018890335,0.48192593,0.34066667,0.047407407,0.08,0.39,0.39,0.90259259,-0.34066667,1,0.00036388889
2022-11-04,2.2825996,0.0049397148,0.44992593,0.29266667,0.047407407,0.16,0.31,0.31,1.0225926,-0.19266667,3,0.00012
2022-11-05,2.2768256,-0.0025295815,0.48192593,0.34066667,0.047407407,0.08,0.39,0.39,0.90259259,-0.34066667,1,0.00012
2022-11-06,2.2909794,0.0062164503,0.306,0.414,0.15,0.08,0.39,0.39,0.8,-0.414,1,0.00037388889
2022-11-07,2.3011909,0.0044572609,0.282,0.378,0.15,0.14,0.33,0.33,0.89,-0.228,2,9e-05
2022-11-08,2.410831,0.047644953,0.306,0.414,0.15,0.08,0.39,0.39,0.8,-0.414,1,9e-05
2022-11-09,2.4324628,0.0089727559,0.42592593,0.25666667,0.047407407,0.22,0.25,0.25,1.1125926,-0.15666667,4,0.00041588889
2022-11-10,2.4293156,-0.001293821,0.63792593,0.18466667,0.047407407,0.08,0.39,0.39,0.90259259,-0.18466667,1,0.000426
2022-11-11,2.4752393,0.018903948,0.40992593,0.23266667,0.047407407,0.26,0.21,0.21,0.90259259,-0.29266667,4,0.000414
2022-11-12,2.4458416,-0.011876722,0.62192593,0.18066667,0.047407407,0.1,0.37,0.37,0.90259259,-0.28066667,1,0.000396
2022-11-13,2.4716852,0.010566368,0.62192593,0.18066667,0.047407407,0.1,0.37,0.37,0.90259259,-0.28066667,1,0
2022-11-14,2.4710885,-0.00024141446,0.57392593,0.16866667,0.047407407,0.16,0.31,0.31,0.90259259,-0.20866667,2,9e-05
2022-11-15,2.4828997,0.0047797627,0.62192593,0.18066667,0.047407407,0.1,0.37,0.37,0.90259259,-0.28066667,1,9e-05
2022-11-16,2.4857547,0.001149864,0.62192593,0.18066667,0.047407407,0.1,0.37,0.37,0.90259259,-0.28066667,1,0
2022-11-17,2.4766413,-0.0036662522,0.62192593,0.18066667,0.047407407,0.1,0.37,0.37,0.90259259,-0.28066667,1,0
2022-11-18,2.4622991,-0.005790992,0.62192593,0.18066667,0.047407407,0.1,0.37,0.37,0.90259259,-0.28066667,1,0
2022-11-19,2.4675799,0.0021446703,0.62192593,0.18066667,0.047407407,0.1,0.37,0.37,0.90259259,-0.28066667,1,0
2022-11-20,2.4867855,0.0077831462,0.62192593,0.18066667,0.047407407,0.1,0.37,0.37,0.90259259,-0.28066667,1,0
2022-11-21,2.4966931,0.0039841204,0.62192593,0.18066667,0.047407407,0.1,0.37,0.37,0.90259259,-0.28066667,1,0
2022-11-22,2.4778123,-0.0075623367,0.62192593,0.18066667,0.047407407,0.1,0.37,0.37,0.90259259,-0.28066667,1,0
2022-11-23,2.4679138,-0.0039948467,0.62192593,0.18066667,0.047407407,0.1,0.37,0.37,0.90259259,-0.28066667,1,0
2022-11-24,2.4699923,0.00084220718,0.55792593,0.16466667,0.047407407,0.18,0.29,0.29,0.90259259,-0.26466667,2,0.00012
2022-11-25,2.4746154,0.0018717172,0.55792593,0.16466667,0.047407407,0.18,0.29,0.29,0.90259259,-0.26466667,2,0
2022-11-26,2.4763686,0.00070846192,0.55792593,0.16466667,0.047407407,0.18,0.29,0.29,0.90259259,-0.26466667,2,0
2022-11-27,2.4767809,0.00016648702,0.55792593,0.16466667,0.047407407,0.18,0.29,0.29,0.90259259,-0.26466667,2,0
2022-11-28,2.4798759,0.0012496001,0.55792593,0.16466667,0.047407407,0.18,0.29,0.29,0.90259259,-0.26466667,2,0
2022-11-29,2.4714053,-0.0034157386,0.55792593,0.16466667,0.047407407,0.18,0.29,0.29,0.90259259,-0.26466667,2,0
2022-11-30,2.4601891,-0.0045383827,0.55792593,0.16466667,0.047407407,0.18,0.29,0.29,0.90259259,-0.26466667,2,0
2022-12-01,2.4890799,0.011743328,0.55792593,0.16466667,0.047407407,0.18,0.29,0.29,0.90259259,-0.26466667,2,0
2022-12-02,2.4818871,-0.0028897242,0.49392593,0.14866667,0.047407407,0.26,0.21,0.21,0.90259259,-0.20866667,4,0.00012
2022-12-03,2.4896145,0.0031135172,0.55792593,0.16466667,0.047407407,0.18,0.29,0.29,0.90259259,-0.26466667,2,0.00012
2022-12-04,2.4841662,-0.0021884182,0.55792593,0.16466667,0.047407407,0.18,0.29,0.29,0.90259259,-0.26466667,2,0
2022-12-05,2.4729545,-0.0045132813,0.50992593,0.15266667,0.047407407,0.24,0.23,0.23,0.90259259,-0.19266667,3,9e-05
2022-12-06,2.4695892,-0.0013608436,0.55792593,0.16466667,0.047407407,0.18,0.29,0.29,0.90259259,-0.26466667,2,9e-05
2022-12-07,2.4804696,0.0044057841,0.44592593,0.13666667,0.047407407,0.32,0.15,0.15,0.90259259,-0.19666667,5,0.00021
2022-12-08,2.4648607,-0.006292752,0.55792593,0.16466667,0.047407407,0.18,0.29,0.29,0.90259259,-0.26466667,2,0.00021
2022-12-09,2.4688321,0.0016112084,0.40992593,0.23266667,0.047407407,0.26,0.21,0.21,1.0225926,-0.23266667,4,0.000324
2022-12-10,2.4668609,-0.00079842177,0.266,0.354,0.15,0.18,0.29,0.29,0.8,-0.454,2,0.00039788889
2022-12-11,2.4713266,0.0018102917,0.44192593,0.28066667,0.047407407,0.18,0.29,0.29,0.90259259,-0.38066667,2,0.00037388889
2022-12-12,2.4554167,-0.006437811,0.41792593,0.24466667,0.047407407,0.24,0.23,0.23,0.99259259,-0.19466667,3,9e-05
2022-12-13,2.4434781,-0.0048621448,0.44192593,0.28066667,0.047407407,0.18,0.29,0.29,0.90259259,-0.38066667,2,9e-05
2022-12-14,2.4385502,-0.0020167701,0.21,0.27,0.15,0.32,0.15,0.15,1.01,-0.27,5,0.00036388889
2022-12-15,2.4623129,0.0097445935,0.266,0.354,0.15,0.18,0.29,0.29,0.8,-0.454,2,0.00021
2022-12-16,2.5059981,0.017741552,0.44192593,0.28066667,0.047407407,0.18,0.29,0.29,0.90259259,-0.38066667,2,0.00037388889
2022-12-17,2.498383,-0.0030387491,0.44192593,0.28066667,0.047407407,0.18,0.29,0.29,0.90259259,-0.38066667,2,0
2022-12-18,2.4987545,0.00014870446,0.44192593,0.28066667,0.047407407,0.18,0.29,0.29,0.90259259,-0.38066667,2,0
2022-12-19,2.5151928,0.0065785855,0.44192593,0.28066667,0.047407407,0.18,0.29,0.29,0.90259259,-0.38066667,2,0
2022-12-20,2.4978986,-0.0068758954,0.44192593,0.28066667,0.047407407,0.18,0.29,0.29,0.90259259,-0.38066667,2,0
2022-12-21,2.5029073,0.0020051772,0.44192593,0.28066667,0.047407407,0.18,0.29,0.29,0.90259259,-0.38066667,2,0
2022-12-22,2.4937342,-0.0036649992,0.306,0.414,0.15,0.08,0.39,0.39,0.8,-0.414,1,0.00040388889
2022-12-23,2.5024053,0.0034771513,0.48192593,0.34066667,0.047407407,0.08,0.39,0.39,0.90259259,-0.34066667,1,0.00037388889
2022-12-24,2.4968616,-0.00221532,0.48192593,0.34066667,0.047407407,0.08,0.39,0.39,0.90259259,-0.34066667,1,0
2022-12-25,2.4957525,-0.00044419537,0.48192593,0.34066667,0.047407407,0.08,0.39,0.39,0.90259259,-0.34066667,1,0
2022-12-26,2.4913591,-0.001760372,0.48192593,0.34066667,0.047407407,0.08,0.39,0.39,0.90259259,-0.34066667,1,0
2022-12-27,2.512087,0.0083199041,0.48192593,0.34066667,0.047407407,0.08,0.39,0.39,0.90259259,-0.34066667,1,0
2022-12-28,2.5162777,0.0016682112,0.48192593,0.34066667,0.047407407,0.08,0.39,0.39,0.90259259,-0.34066667,1,0
2022-12-29,2.5159068,-0.00014737684,0.48192593,0.34066667,0.047407407,0.08,0.39,0.39,0.90259259,-0.34066667,1,0
2022-12-30,2.5219899,0.0024178642,0.48192593,0.34066667,0.047407407,0.08,0.39,0.39,0.90259259,-0.34066667,1,0
2022-12-31,2.5254304,0.0013641713,0.48192593,0.34066667,0.047407407,0.08,0.39,0.39,0.90259259,-0.34066667,1,0
2023-01-01,2.5229545,-0.00098037437,0.48192593,0.34066667,0.047407407,0.08,0.39,0.39,0.90259259,-0.34066667,1,0
2023-01-02,2.5204792,-0.00098109505,0.45792593,0.30466667,0.047407407,0.14,0.33,0.33,0.99259259,-0.15466667,2,9e-05
2023-01-03,2.5321851,0.0046442925,0.48192593,0.34066667,0.047407407,0.08,0.39,0.39,0.90259259,-0.34066667,1,9e-05
2023-01-04,2.5441769,0.0047357414,0.42592593,0.25666667,0.047407407,0.22,0.25,0.25,1.1125926,-0.15666667,4,0.00021
2023-01-05,2.5339591,-0.0040161203,0.45792593,0.30466667,0.047407407,0.14,0.33,0.33,0.90259259,-0.30466667,2,0.00012
2023-01-06,2.5376719,0.001465191,0.42592593,0.25666667,0.047407407,0.22,0.25,0.25,1.0225926,-0.15666667,4,0.00012
2023-01-07,2.5417937,0.0016242653,0.45792593,0.30466667,0.047407407,0.14,0.33,0.33,0.90259259,-0.30466667,2,0.00012
2023-01-08,2.5319545,-0.0038709601,0.45792593,0.30466667,0.047407407,0.14,0.33,0.33,0.90259259,-0.30466667,2,0
2023-01-09,2.534797,0.0011226453,0.43392593,0.26866667,0.047407407,0.2,0.27,0.27,0.99259259,-0.11866667,3,9e-05
2023-01-10,2.5246697,-0.003995311,0.45792593,0.30466667,0.047407407,0.14,0.33,0.33,0.90259259,-0.30466667,2,9e-05
2023-01-11,2.5103511,-0.0056714777,0.42592593,0.25666667,0.047407407,0.22,0.25,0.25,1.1125926,-0.15666667,4,0.00012
2023-01-12,2.4784709,-0.012699499,0.45792593,0.30466667,0.047407407,0.14,0.33,0.33,0.90259259,-0.30466667,2,0.00012
2023-01-13,2.4319258,-0.018779768,0.25,0.33,0.15,0.22,0.25,0.25,0.92,-0.23,4,0.00034988889
2023-01-14,2.4026985,-0.01201815,0.242,0.318,0.15,0.24,0.23,0.23,0.8,-0.218,3,3e-05
2023-01-15,2.4086186,0.0024639261,0.242,0.318,0.15,0.24,0.23,0.23,0.8,-0.218,3,0
2023-01-16,2.3945724,-0.0058316435,0.266,0.354,0.15,0.18,0.29,0.29,0.8,-0.254,2,9e-05
2023-01-17,2.3968039,0.00093190068,0.266,0.354,0.15,0.18,0.29,0.29,0.8,-0.254,2,0
2023-01-18,2.409737,0.0053959753,0.266,0.354,0.15,0.18,0.29,0.29,0.8,-0.254,2,0
2023-01-19,2.4080138,-0.00071508773,0.266,0.354,0.15,0.18,0.29,0.29,0.8,-0.254,2,0
2023-01-20,2.3581204,-0.02071974,0.266,0.354,0.15,0.18,0.29,0.29,0.8,-0.254,2,0
2023-01-21,2.3548125,-0.001402782,0.266,0.354,0.15,0.18,0.29,0.29,0.8,-0.254,2,0
2023-01-22,2.3575519,0.0011633024,0.266,0.354,0.15,0.18,0.29,0.29,0.8,-0.254,2,0
2023-01-23,2.3528048,-0.0020135584,0.266,0.354,0.15,0.18,0.29,0.29,0.8,-0.254,2,0
2023-01-24,2.3596389,0.0029046641,0.266,0.354,0.15,0.18,0.29,0.29,0.8,-0.254,2,0
2023-01-25,2.3526778,-0.0029500787,0.266,0.354,0.15,0.18,0.29,0.29,0.8,-0.254,2,0
2023-01-26,2.353776,0.00046681989,0.266,0.354,0.15,0.18,0.29,0.29,0.8,-0.254,2,0
2023-01-27,2.3508891,-0.0012265003,0.266,0.354,0.15,0.18,0.29,0.29,0.8,-0.254,2,0
2023-01-28,2.3523185,0.00060801005,0.266,0.354,0.15,0.18,0.29,0.29,0.8,-0.254,2,0
2023-01-29,2.3842226,0.013562842,0.266,0.354,0.15,0.18,0.29,0.29,0.8,0.454,2,0
2023-01-30,2.3365865,-0.019979739,0.266,0.354,0.15,0.18,0.29,0.29,0.8,0.454,2,0
2023-01-31,2.3512312,0.0062675825,0.266,0.354,0.15,0.18,0.29,0.29,0.8,0.454,2,0
2023-02-01,2.3806574,0.012515206,0.21,0.27,0.15,0.32,0.15,0.15,1.01,0.47,5,0.00021
2023-02-02,2.3658493,-0.0062201748,0.266,0.354,0.15,0.18,0.29,0.29,0.8,0.454,2,0.00021
2023-02-03,2.3492974,-0.0069961674,0.234,0.30237154,0.15,0.25833992,0.21,0.21,0.914,0.5,4,0.00012544269
2023-02-04,2.340972,-0.0035437939,0.266,0.354,0.15,0.18,0.29,0.29,0.8,0.454,2,0.00012544269
2023-02-05,2.3224487,-0.0079126229,0.266,0.354,0.15,0.18,0.29,0.29,0.8,0.454,2,0
2023-02-06,2.3222355,-9.1809991e-05,0.242,0.27992958,0.15,0.22084507,0.23,0.23,0.822,0.5,3,0.00014710563
2023-02-07,2.3418098,0.0084290903,0.266,0.354,0.15,0.18,0.29,0.29,0.8,0.454,2,0.00014710563
2023-02-08,2.3254438,-0.0069886215,0.21,0.27,0.15,0.32,0.15,0.15,1.01,0.47,5,0.00021
2023-02-09,2.2664229,-0.025380485,0.266,0.354,0.15,0.18,0.29,0.29,0.8,0.454,2,0.00021
2023-02-10,2.2512477,-0.0066956945,0.234,0.30237154,0.15,0.25833992,0.21,0.21,0.914,0.5,4,0.00012544269
2023-02-11,2.2642226,0.005763458,0.266,0.354,0.15,0.18,0.29,0.29,0.8,0.454,2,0.00012544269
2023-02-12,2.259261,-0.0021913044,0.266,0.354,0.15,0.18,0.29,0.29,0.8,0.454,2,0
2023-02-13,2.2473825,-0.0052576998,0.242,0.27992958,0.15,0.22084507,0.23,0.23,0.822,0.5,3,0.00014710563
2023-02-14,2.2777846,0.013527775,0.44192593,0.28066667,0.047407407,0.18,0.29,0.29,0.90259259,0.38066667,2,0.00030099452
2023-02-15,2.3733032,0.041934871,0.266,0.354,0.15,0.18,0.29,0.29,0.8,0.454,2,0.00037388889
2023-02-16,2.3359776,-0.015727264,0.266,0.354,0.15,0.18,0.29,0.29,0.8,0.454,2,0
2023-02-17,2.3814761,0.019477254,0.266,0.354,0.15,0.18,0.29,0.29,0.8,0.454,2,0
2023-02-18,2.3870919,0.0023581467,0.266,0.354,0.15,0.18,0.29,0.29,0.8,0.454,2,0
2023-02-19,2.3709928,-0.0067442616,0.266,0.354,0.15,0.18,0.29,0.29,0.8,0.454,2,0
2023-02-20,2.3943102,0.0098344812,0.266,0.354,0.15,0.18,0.29,0.29,0.8,0.454,2,0
2023-02-21,2.3759373,-0.0076735838,0.266,0.354,0.15,0.18,0.29,0.29,0.8,0.454,2,0
2023-02-22,2.3637761,-0.0051184865,0.266,0.354,0.15,0.18,0.29,0.29,0.8,0.454,2,0
2023-02-23,2.3541491,-0.0040727392,0.266,0.354,0.15,0.18,0.29,0.29,0.8,0.454,2,0
2023-02-24,2.3156817,-0.016340241,0.266,0.354,0.15,0.18,0.29,0.29,0.8,0.454,2,0
2023-02-25,2.3097785,-0.0025492272,0.44192593,0.28066667,0.047407407,0.18,0.29,0.29,0.90259259,0.38066667,2,0.00037388889
2023-02-26,2.3266327,0.0072968768,0.44192593,0.28066667,0.047407407,0.18,0.29,0.29,0.90259259,0.38066667,2,0
2023-02-27,2.3294675,0.0012184233,0.44192593,0.28066667,0.047407407,0.18,0.29,0.29,0.90259259,0.38066667,2,0
2023-02-28,2.3185511,-0.0046862269,0.44192593,0.28066667,0.047407407,0.18,0.29,0.29,0.90259259,0.38066667,2,0
2023-03-01,2.3440552,0.011000013,0.38592593,0.19666667,0.047407407,0.32,0.15,0.15,1.1125926,0.39666667,5,0.00021
2023-03-02,2.3402846,-0.0016085813,0.44192593,0.28066667,0.047407407,0.18,0.29,0.29,0.90259259,0.38066667,2,0.00021
2023-03-03,2.3164101,-0.010201541,0.37792593,0.18466667,0.047407407,0.34,0.13,0.13,1.0225926,0.30466667,5,0.00024
2023-03-04,2.3206604,0.0018348841,0.40992593,0.23266667,0.047407407,0.26,0.21,0.21,0.90259259,0.25266667,3,0.00012
2023-03-05,2.3211376,0.00020562127,0.40992593,0.23266667,0.047407407,0.26,0.21,0.21,0.90259259,0.25266667,3,0
2023-03-06,2.3148143,-0.0027242192,0.38592593,0.19666667,0.047407407,0.32,0.15,0.15,0.99259259,0.36666667,4,9e-05
2023-03-07,2.2909412,-0.010313172,0.44192593,0.28066667,0.047407407,0.18,0.29,0.29,0.90259259,0.38066667,2,0.00021
2023-03-08,2.2717706,-0.0083679941,0.38592593,0.19666667,0.047407407,0.32,0.15,0.15,1.1125926,0.39666667,5,0.00021
2023-03-09,2.227601,-0.0194428,0.44192593,0.28066667,0.047407407,0.18,0.29,0.29,0.90259259,0.38066667,2,0.00021
2023-03-10,2.2587339,0.013975959,0.57392593,0.16866667,0.047407407,0.16,0.31,0.31,1.0225926,0.26866667,3,0.000366
2023-03-11,2.2872504,0.012625007,0.63792593,0.18466667,0.047407407,0.08,0.39,0.39,0.90259259,0.18466667,1,0.00012
2023-03-12,2.3525011,0.028528013,0.48192593,0.34066667,0.047407407,0.08,0.39,0.39,0.90259259,0.34066667,1,0.000468
2023-03-13,2.4585131,0.045063515,0.45792593,0.30466667,0.047407407,0.14,0.33,0.33,0.99259259,0.45466667,2,9e-05
2023-03-14,2.4749399,0.0066815903,0.306,0.414,0.15,0.08,0.39,0.39,0.8,0.414,1,0.00039188889
2023-03-15,2.4666657,-0.0033431717,0.306,0.414,0.15,0.08,0.39,0.39,0.8,0.414,1,0
2023-03-16,2.4904749,0.0096523656,0.306,0.414,0.15,0.08,0.39,0.39,0.8,0.414,1,0
2023-03-17,2.6101676,0.048060202,0.306,0.414,0.15,0.08,0.39,0.39,0.8,0.414,1,0
2023-03-18,2.5928597,-0.006630951,0.274,0.366,0.15,0.16,0.31,0.31,0.8,0.446,2,0.00012
2023-03-19,2.6315001,0.014902586,0.274,0.366,0.15,0.16,0.31,0.31,0.8,0.446,2,0
2023-03-20,2.6255923,-0.0022450095,0.274,0.366,0.15,0.16,0.31,0.31,0.8,0.446,2,0
2023-03-21,2.6252868,-0.00011636775,0.274,0.366,0.15,0.16,0.31,0.31,0.8,0.446,2,0
2023-03-22,2.60396,-0.0081235878,0.306,0.414,0.15,0.08,0.39,0.39,0.8,0.414,1,0.00012
2023-03-23,2.6522017,0.018526281,0.306,0.414,0.15,0.08,0.39,0.39,0.8,0.414,1,0
2023-03-24,2.617638,-0.013032106,0.306,0.414,0.15,0.08,0.39,0.39,0.8,0.414,1,0
2023-03-25,2.6228564,0.0019935808,0.306,0.414,0.15,0.08,0.39,0.39,0.8,0.414,1,0
2023-03-26,2.6392563,0.0062526646,0.306,0.414,0.15,0.08,0.39,0.39,0.8,0.414,1,0
2023-03-27,2.602716,-0.013844911,0.306,0.414,0.15,0.08,0.39,0.39,0.8,0.414,1,0
2023-03-28,2.6101939,0.0028731189,0.306,0.414,0.15,0.08,0.39,0.39,0.8,0.414,1,0
2023-03-29,2.6521874,0.016088273,0.306,0.414,0.15,0.08,0.39,0.39,0.8,0.414,1,0
2023-03-30,2.6402726,-0.0044924427,0.306,0.414,0.15,0.08,0.39,0.39,0.8,0.414,1,0
2023-03-31,2.6545286,0.0053994428,0.306,0.414,0.15,0.08,0.39,0.39,0.8,0.414,1,0
2023-04-01,2.6541459,-0.00014418028,0.306,0.414,0.15,0.08,0.39,0.39,0.8,0.414,1,0
2023-04-02,2.6417328,-0.0046768868,0.306,0.414,0.15,0.08,0.39,0.39,0.8,0.414,1,0
2023-04-03,2.6374988,-0.0016027283,0.282,0.35795455,0.15,0.13681818,0.33,0.33,0.862,0.5,2,0.00012006818
2023-04-04,2.667419,0.011344158,0.306,0.414,0.15,0.08,0.39,0.39,0.8,0.414,1,0.00012006818
2023-04-05,2.6750412,0.0028575377,0.25,0.33,0.15,0.22,0.25,0.25,1.01,0.43,4,0.00021
2023-04-06,2.6635285,-0.0043037681,0.306,0.414,0.15,0.08,0.39,0.39,0.8,0.414,1,0.00021
2023-04-07,2.6549426,-0.0032234869,0.274,0.366,0.15,0.16,0.31,0.31,0.92,0.466,3,0.00012
2023-04-08,2.655134,7.2081628e-05,0.306,0.414,0.15,0.08,0.39,0.39,0.8,0.414,1,0.00012
2023-04-09,2.6707412,0.0058781142,0.306,0.414,0.15,0.08,0.39,0.39,0.8,0.414,1,0
2023-04-10,2.7204677,0.018619009,0.282,0.35795455,0.15,0.13681818,0.33,0.33,0.862,0.5,2,0.00012006818
2023-04-11,2.748711,0.010381767,0.306,0.414,0.15,0.08,0.39,0.39,0.8,0.414,1,0.00012006818
2023-04-12,2.7449942,-0.0013522123,0.25,0.33,0.15,0.22,0.25,0.25,1.01,0.43,4,0.00021
2023-04-13,2.7704459,0.0092720429,0.306,0.414,0.15,0.08,0.39,0.39,0.8,0.414,1,0.00021
2023-04-14,2.7618138,-0.0031157478,0.274,0.366,0.15,0.16,0.31,0.31,0.92,0.466,3,0.00012
2023-04-15,2.7555281,-0.0022759651,0.306,0.414,0.15,0.08,0.39,0.39,0.8,0.414,1,0.00012
2023-04-16,2.7568297,0.00047236794,0.306,0.414,0.15,0.08,0.39,0.39,0.8,0.414,1,0
2023-04-17,2.7214965,-0.012816614,0.306,0.414,0.15,0.08,0.39,0.39,0.8,0.414,1,0
2023-04-18,2.7579246,0.013385329,0.306,0.414,0.15,0.08,0.39,0.39,0.8,0.414,1,0
2023-04-19,2.6947396,-0.022910348,0.306,0.414,0.15,0.08,0.39,0.39,0.8,0.414,1,0
2023-04-20,2.6787354,-0.0059390247,0.48192593,0.34066667,0.047407407,0.08,0.39,0.39,0.90259259,0.34066667,1,0.00037388889
2023-04-21,2.6323214,-0.017326829,0.48192593,0.34066667,0.047407407,0.08,0.39,0.39,0.90259259,0.34066667,1,0
2023-04-22,2.6499584,0.0067001577,0.48192593,0.34066667,0.047407407,0.08,0.39,0.39,0.90259259,0.34066667,1,0
2023-04-23,2.6452216,-0.001787512,0.48192593,0.34066667,0.047407407,0.08,0.39,0.39,0.90259259,0.34066667,1,0
2023-04-24,2.6484306,0.0012131515,0.48192593,0.34066667,0.047407407,0.08,0.39,0.39,0.90259259,0.34066667,1,0
2023-04-25,2.6788672,0.011492289,0.48192593,0.34066667,0.047407407,0.08,0.39,0.39,0.90259259,0.34066667,1,0
2023-04-26,2.6729396,-0.0022127328,0.48192593,0.34066667,0.047407407,0.08,0.39,0.39,0.90259259,0.34066667,1,0
2023-04-27,2.7055697,0.012207572,0.48192593,0.34066667,0.047407407,0.08,0.39,0.39,0.90259259,0.34066667,1,0
2023-04-28,2.698951,-0.0024463196,0.306,0.414,0.15,0.08,0.39,0.39,0.8,0.414,1,0.00037388889
2023-04-29,2.7026394,0.0013666274,0.48192593,0.34066667,0.047407407,0.08,0.39,0.39,0.90259259,0.34066667,1,0.00037388889
2023-04-30,2.7034198,0.00028873476,0.48192593,0.34066667,0.047407407,0.08,0.39,0.39,0.90259259,0.34066667,1,0
2023-05-01,2.6643504,-0.014451833,0.45792593,0.30466667,0.047407407,0.14,0.33,0.33,0.99259259,0.45466667,2,9e-05
2023-05-02,2.6958251,0.011813278,0.48192593,0.34066667,0.047407407,0.08,0.39,0.39,0.90259259,0.34066667,1,9e-05
2023-05-03,2.7172775,0.0079576473,0.42592593,0.25666667,0.047407407,0.22,0.25,0.25,1.1125926,0.35666667,4,0.00021
2023-05-04,2.7139816,-0.0012129498,0.48192593,0.34066667,0.047407407,0.08,0.39,0.39,0.90259259,0.34066667,1,0.00021
2023-05-05,2.7176713,0.0013595085,0.44992593,0.29266667,0.047407407,0.16,0.31,0.31,1.0225926,0.39266667,3,0.00012
2023-05-06,2.6980945,-0.0072035195,0.48192593,0.34066667,0.047407407,0.08,0.39,0.39,0.90259259,0.34066667,1,0.00012
2023-05-07,2.6815998,-0.0061134773,0.48192593,0.34066667,0.047407407,0.08,0.39,0.39,0.90259259,0.34066667,1,0
2023-05-08,2.6552086,-0.0098415606,0.45792593,0.30466667,0.047407407,0.14,0.33,0.33,0.99259259,0.45466667,2,9e-05
2023-05-09,2.6618957,0.0025184822,0.48192593,0.34066667,0.047407407,0.08,0.39,0.39,0.90259259,0.34066667,1,9e-05
2023-05-10,2.6700249,0.0030539025,0.42592593,0.25666667,0.047407407,0.22,0.25,0.25,1.1125926,0.35666667,4,0.00021
2023-05-11,2.6367729,-0.0124538,0.48192593,0.34066667,0.047407407,0.08,0.39,0.39,0.90259259,0.34066667,1,0.00021
2023-05-12,2.6323124,-0.0016916863,0.57392593,0.16866667,0.047407407,0.16,0.31,0.31,1.0225926,0.26866667,3,0.000396
2023-05-13,2.6275247,-0.0018187893,0.63792593,0.18466667,0.047407407,0.08,0.39,0.39,0.90259259,0.18466667,1,0.00012
2023-05-14,2.6293051,0.00067757281,0.63792593,0.18466667,0.047407407,0.08,0.39,0.39,0.90259259,0.18466667,1,0
2023-05-15,2.6329038,0.0013687046,0.63792593,0.18466667,0.047407407,0.08,0.39,0.39,0.90259259,0.18466667,1,0
2023-05-16,2.6123382,-0.007811017,0.63792593,0.18466667,0.047407407,0.08,0.39,0.39,0.90259259,0.18466667,1,0
2023-05-17,2.6190274,0.0025606413,0.63792593,0.18466667,0.047407407,0.08,0.39,0.39,0.90259259,0.18466667,1,0
2023-05-18,2.5887286,-0.011568741,0.48192593,0.34066667,0.047407407,0.08,0.39,0.39,0.90259259,0.34066667,1,0.000468
2023-05-19,2.603625,0.0057543384,0.63792593,0.18466667,0.047407407,0.08,0.39,0.39,0.90259259,0.18466667,1,0.000468
2023-05-20,2.6072521,0.0013930997,0.48192593,0.34066667,0.047407407,0.08,0.39,0.39,0.90259259,0.34066667,1,0.000468
2023-05-21,2.5931569,-0.0054061628,0.48192593,0.34066667,0.047407407,0.08,0.39,0.39,0.90259259,0.34066667,1,0
2023-05-22,2.5908841,-0.00087646279,0.48192593,0.34066667,0.047407407,0.08,0.39,0.39,0.90259259,0.34066667,1,0
2023-05-23,2.6062871,0.0059450971,0.48192593,0.34066667,0.047407407,0.08,0.39,0.39,0.90259259,0.34066667,1,0
2023-05-24,2.5684258,-0.014526928,0.48192593,0.34066667,0.047407407,0.08,0.39,0.39,0.90259259,0.34066667,1,0
2023-05-25,2.5689076,0.00018757726,0.48192593,0.34066667,0.047407407,0.08,0.39,0.39,0.90259259,0.34066667,1,0
2023-05-26,2.5753841,0.0025211304,0.48192593,0.34066667,0.047407407,0.08,0.39,0.39,0.90259259,0.34066667,1,0
2023-05-27,2.5815838,0.0024072985,0.48192593,0.34066667,0.047407407,0.08,0.39,0.39,0.90259259,0.34066667,1,0
2023-05-28,2.6200426,0.014897363,0.48192593,0.34066667,0.047407407,0.08,0.39,0.39,0.90259259,0.34066667,1,0
2023-05-29,2.6075829,-0.0047555428,0.45792593,0.30466667,0.047407407,0.14,0.33,0.33,0.90259259,0.30466667,2,9e-05
2023-05-30,2.6125547,0.0019066712,0.45792593,0.30466667,0.047407407,0.14,0.33,0.33,0.90259259,0.30466667,2,0
2023-05-31,2.5980998,-0.005532856,0.45792593,0.30466667,0.047407407,0.14,0.33,0.33,0.90259259,0.30466667,2,0
2023-06-01,2.5939129,-0.0016115363,0.45792593,0.30466667,0.047407407,0.14,0.33,0.33,0.90259259,0.30466667,2,0
2023-06-02,2.5896449,-0.0016453888,0.44992593,0.29266667,0.047407407,0.16,0.31,0.31,1.0225926,0.39266667,3,3e-05
2023-06-03,2.5774004,-0.0047282295,0.48192593,0.34066667,0.047407407,0.08,0.39,0.39,0.90259259,0.34066667,1,0.00012
2023-06-04,2.5789568,0.00060386039,0.48192593,0.34066667,0.047407407,0.08,0.39,0.39,0.90259259,0.34066667,1,0
2023-06-05,2.506947,-0.027922062,0.45792593,0.30466667,0.047407407,0.14,0.33,0.33,0.99259259,0.45466667,2,9e-05
2023-06-06,2.5424987,0.014181274,0.58992593,0.17266667,0.047407407,0.14,0.33,0.33,0.90259259,0.17266667,2,0.000396
2023-06-07,2.5047168,-0.014860142,0.40192593,0.22066667,0.047407407,0.28,0.19,0.19,1.1125926,0.32066667,5,0.000354
2023-06-08,2.5065682,0.00073912809,0.45792593,0.30466667,0.047407407,0.14,0.33,0.33,0.90259259,0.30466667,2,0.00021
2023-06-09,2.5047549,-0.00072340943,0.42592593,0.25666667,0.047407407,0.22,0.25,0.25,1.0225926,0.35666667,4,0.00012
2023-06-10,2.4862766,-0.0073772895,0.48192593,0.34066667,0.047407407,0.08,0.39,0.39,0.90259259,0.34066667,1,0.00021
2023-06-11,2.4878328,0.00062590749,0.48192593,0.34066667,0.047407407,0.08,0.39,0.39,0.90259259,0.34066667,1,0
2023-06-12,2.4946789,0.0027518312,0.45792593,0.30466667,0.047407407,0.14,0.33,0.33,0.99259259,0.45466667,2,9e-05
2023-06-13,2.4861268,-0.0034281028,0.48192593,0.34066667,0.047407407,0.08,0.39,0.39,0.90259259,0.34066667,1,9e-05
2023-06-14,2.4629212,-0.0093340471,0.42592593,0.25666667,0.047407407,0.22,0.25,0.25,1.1125926,0.35666667,4,0.00021
2023-06-15,2.4845723,0.0087908149,0.45792593,0.30466667,0.047407407,0.14,0.33,0.33,0.90259259,0.30466667,2,0.00012
2023-06-16,2.5133052,0.011564508,0.45792593,0.30466667,0.047407407,0.14,0.33,0.33,0.90259259,0.30466667,2,0
2023-06-17,2.5084717,-0.001923135,0.45792593,0.30466667,0.047407407,0.14,0.33,0.33,0.90259259,0.30466667,2,0
2023-06-18,2.5027438,-0.0022834436,0.45792593,0.30466667,0.047407407,0.14,0.33,0.33,0.90259259,0.30466667,2,0
2023-06-19,2.517641,0.0059523469,0.48192593,0.34066667,0.047407407,0.08,0.39,0.39,0.90259259,0.34066667,1,9e-05
2023-06-20,2.56316,0.018080036,0.48192593,0.34066667,0.047407407,0.08,0.39,0.39,0.90259259,0.34066667,1,0
2023-06-21,2.6254798,0.024313654,0.306,0.414,0.15,0.08,0.39,0.39,0.8,0.414,1,0.00037388889
2023-06-22,2.6149543,-0.0040089637,0.306,0.414,0.15,0.08,0.39,0.39,0.8,0.414,1,0
2023-06-23,2.64417,0.011172545,0.306,0.414,0.15,0.08,0.39,0.39,0.8,0.414,1,0
2023-06-24,2.6385315,-0.0021324596,0.306,0.414,0.15,0.08,0.39,0.39,0.8,0.414,1,0
2023-06-25,2.635051,-0.0013190769,0.306,0.414,0.15,0.08,0.39,0.39,0.8,0.414,1,0
2023-06-26,2.6286094,-0.0024445766,0.306,0.414,0.15,0.08,0.39,0.39,0.8,0.414,1,0
2023-06-27,2.6431322,0.0055248961,0.306,0.414,0.15,0.08,0.39,0.39,0.8,0.414,1,0
2023-06-28,2.6157767,-0.01034966,0.306,0.414,0.15,0.08,0.39,0.39,0.8,0.414,1,0
2023-06-29,2.6300386,0.0054522581,0.306,0.414,0.15,0.08,0.39,0.39,0.8,0.414,1,0
2023-06-30,2.6348542,0.0018309883,0.306,0.414,0.15,0.08,0.39,0.39,0.8,0.414,1,0
2023-07-01,2.6360708,0.00046172848,0.306,0.414,0.15,0.08,0.39,0.39,0.8,0.414,1,0
2023-07-02,2.6381394,0.00078475825,0.306,0.414,0.15,0.08,0.39,0.39,0.8,0.414,1,0
2023-07-03,2.6579964,0.0075268901,0.282,0.35795455,0.15,0.13681818,0.33,0.33,0.862,0.5,2,0.00012006818
2023-07-04,2.64445,-0.0050964784,0.306,0.414,0.15,0.08,0.39,0.39,0.8,0.414,1,0.00012006818
2023-07-05,2.6184214,-0.0098427286,0.25,0.33,0.15,0.22,0.25,0.25,1.01,0.43,4,0.00021
2023-07-06,2.5954532,-0.0087717684,0.306,0.414,0.15,0.08,0.39,0.39,0.8,0.414,1,0.00021
2023-07-07,2.6178542,0.0086308612,0.274,0.366,0.15,0.16,0.31,0.31,0.92,0.466,3,0.00012
2023-07-08,2.6150338,-0.0010773661,0.306,0.414,0.15,0.08,0.39,0.39,0.8,0.414,1,0.00012
2023-07-09,2.6111065,-0.0015018418,0.306,0.414,0.15,0.08,0.39,0.39,0.8,0.414,1,0
2023-07-10,2.6216414,0.0040346836,0.282,0.35795455,0.15,0.13681818,0.33,0.33,0.862,0.5,2,0.00012006818
2023-07-11,2.6339739,0.0047040863,0.306,0.414,0.15,0.08,0.39,0.39,0.8,0.414,1,0.00012006818
2023-07-12,2.634817,0.00032010673,0.25,0.33,0.15,0.22,0.25,0.25,1.01,0.43,4,0.00021
2023-07-13,2.6704024,0.013505838,0.306,0.414,0.15,0.08,0.39,0.39,0.8,0.414,1,0.00021
2023-07-14,2.6259355,-0.016651767,0.274,0.366,0.15,0.16,0.31,0.31,0.92,0.466,3,0.00012
2023-07-15,2.6227682,-0.0012061791,0.306,0.414,0.15,0.08,0.39,0.39,0.8,0.414,1,0.00012
2023-07-16,2.6224502,-0.00012124054,0.306,0.414,0.15,0.08,0.39,0.39,0.8,0.414,1,0
2023-07-17,2.616232,-0.0023711385,0.306,0.414,0.15,0.08,0.39,0.39,0.8,0.414,1,0
2023-07-18,2.6150563,-0.00044937467,0.306,0.414,0.15,0.08,0.39,0.39,0.8,0.414,1,0
2023-07-19,2.6169631,0.00072913406,0.306,0.414,0.15,0.08,0.39,0.39,0.8,0.414,1,0
2023-07-20,2.6110225,-0.0022700162,0.306,0.414,0.15,0.08,0.39,0.39,0.8,0.414,1,0
2023-07-21,2.6106394,-0.00014672083,0.306,0.414,0.15,0.08,0.39,0.39,0.8,0.414,1,0
2023-07-22,2.6084417,-0.00084183789,0.48192593,0.34066667,0.047407407,0.08,0.39,0.39,0.90259259,0.34066667,1,0.00037388889
2023-07-23,2.6210576,0.0048365887,0.48192593,0.34066667,0.047407407,0.08,0.39,0.39,0.90259259,0.34066667,1,0
2023-07-24,2.5961549,-0.0095010364,0.48192593,0.34066667,0.047407407,0.08,0.39,0.39,0.90259259,0.34066667,1,0
2023-07-25,2.6036234,0.0028767599,0.48192593,0.34066667,0.047407407,0.08,0.39,0.39,0.90259259,0.34066667,1,0
2023-07-26,2.6138746,0.0039373022,0.48192593,0.34066667,0.047407407,0.08,0.39,0.39,0.90259259,0.34066667,1,0
2023-07-27,2.6016133,-0.0046908511,0.48192593,0.34066667,0.047407407,0.08,0.39,0.39,0.90259259,0.34066667,1,0
2023-07-28,2.6096064,0.0030723463,0.48192593,0.34066667,0.047407407,0.08,0.39,0.39,0.90259259,0.34066667,1,0
2023-07-29,2.6089067,-0.00026811229,0.48192593,0.34066667,0.047407407,0.08,0.39,0.39,0.90259259,0.34066667,1,0
2023-07-30,2.6067837,-0.00081376957,0.48192593,0.34066667,0.047407407,0.08,0.39,0.39,0.90259259,0.34066667,1,0
2023-07-31,2.6098701,0.0011840054,0.48192593,0.34066667,0.047407407,0.08,0.39,0.39,0.90259259,0.34066667,1,0
2023-08-01,2.6204785,0.0040647054,0.48192593,0.34066667,0.047407407,0.08,0.39,0.39,0.90259259,0.34066667,1,0
2023-08-02,2.5905814,-0.011409021,0.42592593,0.25666667,0.047407407,0.22,0.25,0.25,1.1125926,0.35666667,4,0.00021
2023-08-03,2.5935798,0.0011574147,0.48192593,0.34066667,0.047407407,0.08,0.39,0.39,0.90259259,0.34066667,1,0.00021
2023-08-04,2.5984517,0.0018784574,0.44992593,0.29266667,0.047407407,0.16,0.31,0.31,1.0225926,0.39266667,3,0.00012
2023-08-05,2.5962867,-0.00083317357,0.48192593,0.34066667,0.047407407,0.08,0.39,0.39,0.90259259,0.34066667,1,0.00012
2023-08-06,2.5955702,-0.0002759825,0.48192593,0.34066667,0.047407407,0.08,0.39,0.39,0.90259259,0.34066667,1,0
2023-08-07,2.5980391,0.00095119836,0.45792593,0.30466667,0.047407407,0.14,0.33,0.33,0.99259259,0.45466667,2,9e-05
2023-08-08,2.605802,0.0029879952,0.48192593,0.34066667,0.047407407,0.08,0.39,0.39,0.90259259,0.34066667,1,9e-05
2023-08-09,2.5940001,-0.0045291095,0.42592593,0.25666667,0.047407407,0.22,0.25,0.25,1.1125926,0.35666667,4,0.00021
2023-08-10,2.5878031,-0.0023889742,0.48192593,0.34066667,0.047407407,0.08,0.39,0.39,0.90259259,0.34066667,1,0.00021
2023-08-11,2.5831148,-0.0018116691,0.44992593,0.29266667,0.047407407,0.16,0.31,0.31,1.0225926,0.39266667,3,0.00012
2023-08-12,2.5790921,-0.0015573351,0.48192593,0.34066667,0.047407407,0.08,0.39,0.39,0.90259259,0.34066667,1,0.00012
2023-08-13,2.5766904,-0.00093119354,0.48192593,0.34066667,0.047407407,0.08,0.39,0.39,0.90259259,0.34066667,1,0
2023-08-14,2.5774032,0.00027662878,0.45792593,0.30466667,0.047407407,0.14,0.33,0.33,0.99259259,0.45466667,2,9e-05
2023-08-15,2.5683978,-0.0034939836,0.48192593,0.34066667,0.047407407,0.08,0.39,0.39,0.90259259,0.34066667,1,9e-05
2023-08-16,2.5528074,-0.0060700786,0.45792593,0.30466667,0.047407407,0.14,0.33,0.33,0.90259259,0.30466667,2,9e-05
2023-08-17,2.4838876,-0.02699767,0.45792593,0.30466667,0.047407407,0.14,0.33,0.33,0.90259259,0.30466667,2,0
2023-08-18,2.4841895,0.0001215574,0.52592593,0.15666667,0.047407407,0.22,0.25,0.25,0.90259259,0.076666667,3,0.000324
2023-08-19,2.4924101,0.0033091507,0.52592593,0.15666667,0.047407407,0.22,0.25,0.25,0.90259259,0.076666667,3,0
2023-08-20,2.4993582,0.00278773,0.52592593,0.15666667,0.047407407,0.22,0.25,0.25,0.90259259,0.076666667,3,0
2023-08-21,2.4999945,0.00025456558,0.57392593,0.16866667,0.047407407,0.16,0.31,0.31,0.90259259,0.088666667,2,9e-05
2023-08-22,2.5066823,0.0026751199,0.62192593,0.18066667,0.047407407,0.1,0.37,0.37,0.90259259,0.080666667,1,9e-05
2023-08-23,2.5248401,0.0072437801,0.55792593,0.16466667,0.047407407,0.18,0.29,0.29,0.90259259,0.064666667,2,0.00012
2023-08-24,2.5190393,-0.0022975024,0.44192593,0.28066667,0.047407407,0.18,0.29,0.29,0.90259259,0.18066667,2,0.000348
2023-08-25,2.5130264,-0.0023869886,0.55792593,0.16466667,0.047407407,0.18,0.29,0.29,0.90259259,0.064666667,2,0.000348
2023-08-26,2.5135329,0.00020156852,0.55792593,0.16466667,0.047407407,0.18,0.29,0.29,0.90259259,0.064666667,2,0
2023-08-27,2.5070951,-0.0025612758,0.55792593,0.16466667,0.047407407,0.18,0.29,0.29,0.90259259,-0.26466667,2,0
2023-08-28,2.5110813,0.0015899884,0.55792593,0.16466667,0.047407407,0.18,0.29,0.29,0.90259259,-0.26466667,2,0
2023-08-29,2.4763477,-0.013832149,0.55792593,0.16466667,0.047407407,0.18,0.29,0.29,0.90259259,-0.26466667,2,0
2023-08-30,2.4954088,0.0076972575,0.44192593,0.28066667,0.047407407,0.18,0.29,0.29,0.90259259,-0.38066667,2,0.000348
2023-08-31,2.5398845,0.017823046,0.44192593,0.28066667,0.047407407,0.18,0.29,0.29,0.90259259,-0.38066667,2,0
2023-09-01,2.5392366,-0.0002551142,0.49392593,0.14866667,0.047407407,0.26,0.21,0.21,1.0225926,-0.14866667,4,0.000276
2023-09-02,2.5350592,-0.0016451215,0.55792593,0.16466667,0.047407407,0.18,0.29,0.29,0.90259259,-0.26466667,2,0.00012
2023-09-03,2.5346678,-0.00015441726,0.55792593,0.16466667,0.047407407,0.18,0.29,0.29,0.90259259,-0.26466667,2,0
2023-09-04,2.5390965,0.0017472629,0.50992593,0.15266667,0.047407407,0.24,0.23,0.23,0.99259259,-0.10266667,3,9e-05
2023-09-05,2.5338721,-0.0020575665,0.55792593,0.16466667,0.047407407,0.18,0.29,0.29,0.90259259,-0.26466667,2,9e-05
2023-09-06,2.5236823,-0.0040214515,0.44592593,0.13666667,0.047407407,0.32,0.15,0.15,1.1125926,-0.13666667,5,0.00021
2023-09-07,2.5177772,-0.0023398641,0.55792593,0.16466667,0.047407407,0.18,0.29,0.29,0.90259259,-0.26466667,2,0.00021
2023-09-08,2.5158417,-0.00076873875,0.49392593,0.14866667,0.047407407,0.26,0.21,0.21,1.0225926,-0.14866667,4,0.00012
2023-09-09,2.5120853,-0.0014931168,0.55792593,0.16466667,0.047407407,0.18,0.29,0.29,0.90259259,-0.26466667,2,0.00012
2023-09-10,2.5136502,0.00062294863,0.55792593,0.16466667,0.047407407,0.18,0.29,0.29,0.90259259,-0.26466667,2,0
2023-09-11,2.5232024,0.0038001605,0.50992593,0.15266667,0.047407407,0.24,0.23,0.23,0.99259259,-0.10266667,3,9e-05
2023-09-12,2.4968777,-0.01043307,0.55792593,0.16466667,0.047407407,0.18,0.29,0.29,0.90259259,-0.26466667,2,9e-05
2023-09-13,2.4879989,-0.003555979,0.44592593,0.13666667,0.047407407,0.32,0.15,0.15,1.1125926,-0.13666667,5,0.00021
2023-09-14,2.4836098,-0.0017640759,0.55792593,0.16466667,0.047407407,0.18,0.29,0.29,0.90259259,-0.26466667,2,0.00021
2023-09-15,2.4892843,0.002284778,0.44192593,0.28066667,0.047407407,0.18,0.29,0.29,0.90259259,-0.38066667,2,0.000348
2023-09-16,2.4881636,-0.00045023995,0.44192593,0.28066667,0.047407407,0.18,0.29,0.29,0.90259259,-0.38066667,2,0
2023-09-17,2.4907223,0.0010283851,0.48192593,0.34066667,0.047407407,0.08,0.39,0.39,0.90259259,-0.34066667,1,0.00015
2023-09-18,2.4907506,1.1352471e-05,0.48192593,0.34066667,0.047407407,0.08,0.39,0.39,0.90259259,-0.34066667,1,0
2023-09-19,2.476565,-0.0056953341,0.48192593,0.34066667,0.047407407,0.08,0.39,0.39,0.90259259,-0.34066667,1,0
2023-09-20,2.4783874,0.00073585437,0.48192593,0.34066667,0.047407407,0.08,0.39,0.39,0.90259259,-0.34066667,1,0
2023-09-21,2.4912463,0.0051884513,0.51392593,0.38866667,0.047407407,0,0.47,0.47,0.90259259,-0.38866667,0,0.00012
2023-09-22,2.4919245,0.00027221498,0.48992593,0.35266667,0.047407407,0.06,0.41,0.41,0.90259259,-0.35266667,1,9e-05
2023-09-23,2.4927311,0.00032366871,0.48992593,0.35266667,0.047407407,0.06,0.41,0.41,0.90259259,-0.35266667,1,0
2023-09-24,2.5010392,0.0033329432,0.45792593,0.30466667,0.047407407,0.14,0.33,0.33,0.90259259,-0.30466667,2,0.00012
2023-09-25,2.4970489,-0.0015954358,0.45792593,0.30466667,0.047407407,0.14,0.33,0.33,0.90259259,-0.30466667,2,0
2023-09-26,2.4938504,-0.0012809151,0.48192593,0.34066667,0.047407407,0.08,0.39,0.39,0.90259259,-0.34066667,1,9e-05
2023-09-27,2.4775994,-0.0065164252,0.48192593,0.34066667,0.047407407,0.08,0.39,0.39,0.90259259,-0.34066667,1,0
2023-09-28,2.4505021,-0.010936938,0.48192593,0.34066667,0.047407407,0.08,0.39,0.39,0.90259259,-0.34066667,1,0
2023-09-29,2.44962,-0.00035997637,0.48192593,0.34066667,0.047407407,0.08,0.39,0.39,0.90259259,-0.34066667,1,0
2023-09-30,2.4503568,0.00030078892,0.45792593,0.30466667,0.047407407,0.14,0.33,0.33,0.90259259,-0.30466667,2,9e-05
2023-10-01,2.4201431,-0.012330325,0.45792593,0.30466667,0.047407407,0.14,0.33,0.33,0.90259259,-0.30466667,2,0
2023-10-02,2.4262526,0.0025244275,0.258,0.342,0.15,0.2,0.27,0.27,0.89,-0.192,3,0.00035588889
2023-10-03,2.4235539,-0.0011122706,0.282,0.378,0.15,0.14,0.33,0.33,0.8,-0.378,2,9e-05
2023-10-04,2.4121022,-0.004725177,0.25,0.33,0.15,0.22,0.25,0.25,1.01,-0.23,4,0.00012
2023-10-05,2.4224389,0.004285335,0.306,0.414,0.15,0.08,0.39,0.39,0.8,-0.414,1,0.00021
2023-10-06,2.4095429,-0.005323567,0.25,0.33,0.15,0.22,0.25,0.25,0.92,-0.23,4,0.00021
2023-10-07,2.4135594,0.0016669288,0.282,0.378,0.15,0.14,0.33,0.33,0.8,-0.378,2,0.00012
2023-10-08,2.4163755,0.0011667858,0.242,0.318,0.15,0.24,0.23,0.23,0.8,-0.218,3,0.00015
2023-10-09,2.418262,0.00078070518,0.218,0.282,0.15,0.3,0.17,0.17,0.89,-0.032,4,9e-05
2023-10-10,2.420622,0.00097591854,0.266,0.354,0.15,0.18,0.29,0.29,0.8,-0.254,2,0.00018
2023-10-11,2.4333761,0.005268949,0.21,0.27,0.15,0.32,0.15,0.15,1.01,-0.07,5,0.00021
2023-10-12,2.4345741,0.00049231129,0.266,0.354,0.15,0.18,0.29,0.29,0.8,-0.254,2,0.00021
2023-10-13,2.4559834,0.0087938386,0.38592593,0.19666667,0.047407407,0.32,0.15,0.15,1.0225926,0.0033333333,5,0.00041588889
2023-10-14,2.4561502,6.7940024e-05,0.41792593,0.24466667,0.047407407,0.24,0.23,0.23,0.90259259,-0.14466667,3,0.00012
2023-10-15,2.4451276,-0.0044877755,0.45792593,0.30466667,0.047407407,0.14,0.33,0.33,0.90259259,-0.30466667,2,0.00015
2023-10-16,2.4033706,-0.017077609,0.45792593,0.30466667,0.047407407,0.14,0.33,0.33,0.90259259,-0.30466667,2,0
2023-10-17,2.4103682,0.0029115423,0.306,0.414,0.15,0.08,0.39,0.39,0.8,-0.414,1,0.00039188889
2023-10-18,2.4215256,0.0046289182,0.306,0.414,0.15,0.08,0.39,0.39,0.8,-0.414,1,0
2023-10-19,2.419402,-0.00087694613,0.266,0.354,0.15,0.18,0.29,0.29,0.8,-0.254,2,0.00015
2023-10-20,2.3959442,-0.0096957057,0.298,0.402,0.15,0.1,0.37,0.37,0.8,-0.302,1,0.00012
2023-10-21,2.3901119,-0.0024342483,0.298,0.402,0.15,0.1,0.37,0.37,0.8,-0.302,1,0
2023-10-22,2.3914186,0.00054674094,0.266,0.354,0.15,0.18,0.29,0.29,0.8,0.454,2,0.00012
2023-10-23,2.4903686,0.041377075,0.234,0.306,0.15,0.26,0.21,0.21,0.8,0.486,3,0.00012
2023-10-24,2.5248501,0.013845954,0.234,0.306,0.15,0.26,0.21,0.21,0.8,0.486,3,0
2023-10-25,2.553726,0.011436676,0.234,0.306,0.15,0.26,0.21,0.21,0.8,0.486,3,0
2023-10-26,2.5506726,-0.0011956559,0.234,0.306,0.15,0.26,0.21,0.21,0.8,0.486,3,0
2023-10-27,2.5489131,-0.00068982116,0.266,0.354,0.15,0.18,0.29,0.29,0.8,0.454,2,0.00012
2023-10-28,2.5551275,0.0024380467,0.266,0.354,0.15,0.18,0.29,0.29,0.8,0.454,2,0
2023-10-29,2.569347,0.0055650967,0.266,0.354,0.15,0.18,0.29,0.29,0.8,0.454,2,0
2023-10-30,2.5653098,-0.0015712741,0.266,0.354,0.15,0.18,0.29,0.29,0.8,0.454,2,0
2023-10-31,2.5675358,0.00086770719,0.266,0.354,0.15,0.18,0.29,0.29,0.8,0.454,2,0
2023-11-01,2.5920475,0.0095467795,0.21,0.27,0.15,0.32,0.15,0.15,1.01,0.47,5,0.00021
2023-11-02,2.5753154,-0.0064551566,0.266,0.354,0.15,0.18,0.29,0.29,0.8,0.454,2,0.00021
2023-11-03,2.570675,-0.0018018781,0.234,0.30237154,0.15,0.25833992,0.21,0.21,0.914,0.5,4,0.00012544269
2023-11-04,2.5803296,0.0037556548,0.266,0.354,0.15,0.18,0.29,0.29,0.8,0.454,2,0.00012544269
2023-11-05,2.5766623,-0.0014212457,0.266,0.354,0.15,0.18,0.29,0.29,0.8,0.454,2,0
2023-11-06,2.5772267,0.00021904383,0.242,0.27992958,0.15,0.22084507,0.23,0.23,0.822,0.5,3,0.00014710563
2023-11-07,2.5855838,0.0032426874,0.266,0.354,0.15,0.18,0.29,0.29,0.8,0.454,2,0.00014710563
2023-11-08,2.5881328,0.00098583259,0.21,0.27,0.15,0.32,0.15,0.15,1.01,0.47,5,0.00021
2023-11-09,2.6278539,0.015347386,0.266,0.354,0.15,0.18,0.29,0.29,0.8,0.454,2,0.00021
2023-11-10,2.6339566,0.0023223203,0.234,0.30237154,0.15,0.25833992,0.21,0.21,0.914,0.5,4,0.00012544269
2023-11-11,2.6267977,-0.0027179322,0.266,0.354,0.15,0.18,0.29,0.29,0.8,0.454,2,0.00012544269
2023-11-12,2.6245002,-0.00087460578,0.266,0.354,0.15,0.18,0.29,0.29,0.8,0.454,2,0
2023-11-13,2.6090998,-0.0058679649,0.242,0.27992958,0.15,0.22084507,0.23,0.23,0.822,0.5,3,0.00014710563
2023-11-14,2.583918,-0.0096515224,0.266,0.354,0.15,0.18,0.29,0.29,0.8,0.454,2,0.00014710563
2023-11-15,2.6590862,0.029090773,0.266,0.354,0.15,0.18,0.29,0.29,0.8,0.454,2,0
2023-11-16,2.6128291,-0.017395847,0.266,0.354,0.15,0.18,0.29,0.29,0.8,0.454,2,0
2023-11-17,2.6301912,0.0066449265,0.266,0.354,0.15,0.18,0.29,0.29,0.8,0.454,2,0
2023-11-18,2.6263134,-0.0014743331,0.266,0.354,0.15,0.18,0.29,0.29,0.8,0.454,2,0
2023-11-19,2.6511666,0.0094631483,0.266,0.354,0.15,0.18,0.29,0.29,0.8,0.454,2,0
2023-11-20,2.6555799,0.0016646906,0.266,0.354,0.15,0.18,0.29,0.29,0.8,0.454,2,0
2023-11-21,2.6064911,-0.018485162,0.266,0.354,0.15,0.18,0.29,0.29,0.8,0.454,2,0
2023-11-22,2.6635314,0.021883917,0.266,0.354,0.15,0.18,0.29,0.29,0.8,0.454,2,0
2023-11-23,2.6592371,-0.0016122473,0.266,0.354,0.15,0.18,0.29,0.29,0.8,0.454,2,0
2023-11-24,2.6747042,0.0058163608,0.266,0.354,0.15,0.18,0.29,0.29,0.8,0.454,2,0
2023-11-25,2.676256,0.00058018528,0.266,0.354,0.15,0.18,0.29,0.29,0.8,0.454,2,0
2023-11-26,2.6660063,-0.0038298756,0.266,0.354,0.15,0.18,0.29,0.29,0.8,0.454,2,0
2023-11-27,2.6641435,-0.0006986955,0.266,0.354,0.15,0.18,0.29,0.29,0.8,0.454,2,0
2023-11-28,2.6921898,0.010527323,0.266,0.354,0.15,0.18,0.29,0.29,0.8,0.454,2,0
2023-11-29,2.6941627,0.00073281829,0.266,0.354,0.15,0.18,0.29,0.29,0.8,0.454,2,0
2023-11-30,2.6893414,-0.001789555,0.266,0.354,0.15,0.18,0.29,0.29,0.8,0.454,2,0
2023-12-01,2.7252271,0.013343676,0.234,0.30237154,0.15,0.25833992,0.21,0.21,0.914,0.5,4,0.00012544269
2023-12-02,2.7451519,0.0073112625,0.234,0.306,0.15,0.26,0.21,0.21,0.8,0.486,3,5.4426877e-06
2023-12-03,2.7751235,0.010918023,0.21,0.27,0.15,0.32,0.15,0.15,0.8,0.45,4,9e-05
2023-12-04,2.8071223,0.011530552,0.186,0.20744681,0.15,0.35276596,0.09,0.09,0.826,0.5,5,0.00012982979
2023-12-05,2.8605361,0.01902798,0.21,0.27,0.15,0.32,0.15,0.15,0.8,0.45,4,0.00012982979
2023-12-06,2.8536993,-0.0023900464,0.154,0.186,0.15,0.46,0.01,0.01,0.8,0.406,7,0.00021
2023-12-07,2.8422836,-0.0040003215,0.266,0.354,0.15,0.18,0.29,0.29,0.8,0.454,2,0.00042
2023-12-08,2.8598056,0.0061647616,0.234,0.306,0.15,0.26,0.21,0.21,0.8,0.446,4,0.00012
2023-12-09,2.843921,-0.0055544463,0.266,0.354,0.15,0.18,0.29,0.29,0.8,0.454,2,0.00012
2023-12-10,2.8437061,-7.5551391e-05,0.266,0.354,0.15,0.18,0.29,0.29,0.8,0.454,2,0
2023-12-11,2.764698,-0.027783487,0.242,0.318,0.15,0.24,0.23,0.23,0.8,0.478,3,9e-05
2023-12-12,2.7695927,0.0017704077,0.266,0.354,0.15,0.18,0.29,0.29,0.8,0.454,2,9e-05
2023-12-13,2.8251181,0.020048235,0.21,0.27,0.15,0.32,0.15,0.15,0.8,0.41,5,0.00021
2023-12-14,2.8314657,0.0022468397,0.266,0.354,0.15,0.18,0.29,0.29,0.8,0.454,2,0.00021
2023-12-15,2.794024,-0.013223442,0.266,0.354,0.15,0.18,0.29,0.29,0.8,0.454,2,0
2023-12-16,2.8013832,0.002633929,0.266,0.354,0.15,0.18,0.29,0.29,0.8,0.454,2,0
2023-12-17,2.7758147,-0.0091271183,0.266,0.354,0.15,0.18,0.29,0.29,0.8,0.454,2,0
2023-12-18,2.8194624,0.015724289,0.266,0.354,0.15,0.18,0.29,0.29,0.8,0.454,2,0
2023-12-19,2.8114758,-0.0028326506,0.266,0.354,0.15,0.18,0.29,0.29,0.8,0.454,2,0
2023-12-20,2.8507156,0.013957009,0.266,0.354,0.15,0.18,0.29,0.29,0.8,0.454,2,0
2023-12-21,2.8634571,0.0044695608,0.266,0.354,0.15,0.18,0.29,0.29,0.8,0.454,2,0
2023-12-22,2.8661118,0.00092711924,0.266,0.354,0.15,0.18,0.29,0.29,0.8,0.454,2,0
2023-12-23,2.8576039,-0.0029684636,0.266,0.354,0.15,0.18,0.29,0.29,0.8,0.454,2,0
2023-12-24,2.8377951,-0.0069319601,0.266,0.354,0.15,0.18,0.29,0.29,0.8,0.454,2,0
2023-12-25,2.8562373,0.0064987884,0.266,0.354,0.15,0.18,0.29,0.29,0.8,0.454,2,0
2023-12-26,2.8266181,-0.010370021,0.266,0.354,0.15,0.18,0.29,0.29,0.8,0.454,2,0
2023-12-27,2.8609349,0.012140599,0.266,0.354,0.15,0.18,0.29,0.29,0.8,0.454,2,0
2023-12-28,2.8331162,-0.0097236663,0.266,0.354,0.15,0.18,0.29,0.29,0.8,0.454,2,0
2023-12-29,2.8140767,-0.0067203354,0.266,0.354,0.15,0.18,0.29,0.29,0.8,0.454,2,0
2023-12-30,2.8144006,0.00011512802,0.266,0.354,0.15,0.18,0.29,0.29,0.8,0.454,2,0
2023-12-31,2.8186392,0.0015060076,0.266,0.354,0.15,0.18,0.29,0.29,0.8,0.454,2,0
2024-01-01,2.8698747,0.01817742,0.242,0.27992958,0.15,0.22084507,0.23,0.23,0.822,0.5,3,0.00014710563
2024-01-02,2.8947431,0.0086653126,0.266,0.354,0.15,0.18,0.29,0.29,0.8,0.454,2,0.00014710563
2024-01-03,2.7726375,-0.042181847,0.21,0.27,0.15,0.32,0.15,0.15,1.01,0.47,5,0.00021
2024-01-04,2.8056999,0.011924535,0.44192593,0.28066667,0.047407407,0.18,0.29,0.29,0.90259259,0.38066667,2,0.00036388889
2024-01-05,2.8076296,0.00068776674,0.40992593,0.23266667,0.047407407,0.26,0.21,0.21,1.0225926,0.43266667,4,0.00012
2024-01-06,2.8004437,-0.0025593973,0.48192593,0.34066667,0.047407407,0.08,0.39,0.39,0.90259259,0.34066667,1,0.00027
2024-01-07,2.7990033,-0.00051435174,0.48192593,0.34066667,0.047407407,0.08,0.39,0.39,0.90259259,0.34066667,1,0
2024-01-08,2.8710799,0.025750806,0.45792593,0.30466667,0.047407407,0.14,0.33,0.33,0.99259259,0.45466667,2,9e-05
2024-01-09,2.8523033,-0.006539897,0.274,0.366,0.15,0.16,0.31,0.31,0.8,0.446,2,0.00036788889
2024-01-10,2.8678409,0.0054473663,0.218,0.282,0.15,0.3,0.17,0.17,0.8,0.402,5,0.00021
2024-01-11,2.8628173,-0.0017516963,0.274,0.366,0.15,0.16,0.31,0.31,0.8,0.446,2,0.00021
2024-01-12,2.8032262,-0.020815553,0.242,0.318,0.15,0.24,0.23,0.23,0.92,0.498,4,0.00012
2024-01-13,2.8010029,-0.00079311223,0.44992593,0.29266667,0.047407407,0.16,0.31,0.31,0.90259259,0.21266667,2,0.00034988889
2024-01-14,2.7820584,-0.0067634545,0.44992593,0.29266667,0.047407407,0.16,0.31,0.31,0.90259259,0.21266667,2,0
2024-01-15,2.8082975,0.0094315352,0.44992593,0.29266667,0.047407407,0.16,0.31,0.31,0.90259259,0.21266667,2,0
2024-01-16,2.8067729,-0.00054289327,0.44992593,0.29266667,0.047407407,0.16,0.31,0.31,0.90259259,0.21266667,2,0
2024-01-17,2.7897836,-0.0060529641,0.48192593,0.34066667,0.047407407,0.08,0.39,0.39,0.90259259,0.34066667,1,0.00012
2024-01-18,2.7650567,-0.0088633981,0.48192593,0.34066667,0.047407407,0.08,0.39,0.39,0.90259259,0.34066667,1,0
2024-01-19,2.7687279,0.0013277265,0.48192593,0.34066667,0.047407407,0.08,0.39,0.39,0.90259259,0.34066667,1,0
2024-01-20,2.7723021,0.0012909011,0.48192593,0.34066667,0.047407407,0.08,0.39,0.39,0.90259259,0.34066667,1,0
2024-01-21,2.7657819,-0.0023519109,0.48192593,0.34066667,0.047407407,0.08,0.39,0.39,0.90259259,0.34066667,1,0
2024-01-22,2.7156171,-0.018137634,0.48192593,0.34066667,0.047407407,0.08,0.39,0.39,0.90259259,0.34066667,1,0
2024-01-23,2.7286344,0.004793503,0.48192593,0.34066667,0.047407407,0.08,0.39,0.39,0.90259259,0.34066667,1,0
2024-01-24,2.7298047,0.00042887291,0.48192593,0.34066667,0.047407407,0.08,0.39,0.39,0.90259259,0.34066667,1,0
2024-01-25,2.726356,-0.0012633324,0.48192593,0.34066667,0.047407407,0.08,0.39,0.39,0.90259259,0.34066667,1,0
2024-01-26,2.7670982,0.014943842,0.48192593,0.34066667,0.047407407,0.08,0.39,0.39,0.90259259,0.34066667,1,0
2024-01-27,2.7732027,0.0022060677,0.48192593,0.34066667,0.047407407,0.08,0.39,0.39,0.90259259,0.34066667,1,0
2024-01-28,2.7772831,0.0014713813,0.48192593,0.34066667,0.047407407,0.08,0.39,0.39,0.90259259,0.34066667,1,0
2024-01-29,2.8073209,0.010815545,0.48192593,0.34066667,0.047407407,0.08,0.39,0.39,0.90259259,0.34066667,1,0
2024-01-30,2.8034453,-0.0013805343,0.48192593,0.34066667,0.047407407,0.08,0.39,0.39,0.90259259,0.34066667,1,0
2024-01-31,2.8008424,-0.00092845968,0.48192593,0.34066667,0.047407407,0.08,0.39,0.39,0.90259259,0.34066667,1,0
2024-02-01,2.8208683,0.0071499344,0.48192593,0.34066667,0.047407407,0.08,0.39,0.39,0.90259259,0.34066667,1,0
2024-02-02,2.8142872,-0.00233299,0.44992593,0.29266667,0.047407407,0.16,0.31,0.31,0.90259259,0.33266667,3,0.00012
2024-02-03,2.8058087,-0.0030126827,0.48192593,0.34066667,0.047407407,0.08,0.39,0.39,0.90259259,0.34066667,1,0.00012
2024-02-04,2.796368,-0.003364693,0.48192593,0.34066667,0.047407407,0.08,0.39,0.39,0.90259259,0.34066667,1,0
2024-02-05,2.7912661,-0.0018244618,0.45792593,0.30466667,0.047407407,0.14,0.33,0.33,0.90259259,0.36466667,2,9e-05
2024-02-06,2.8051371,0.0049694331,0.48192593,0.34066667,0.047407407,0.08,0.39,0.39,0.90259259,0.34066667,1,9e-05
2024-02-07,2.8296755,0.0087476519,0.42592593,0.25666667,0.047407407,0.22,0.25,0.25,0.90259259,0.29666667,4,0.00021
2024-02-08,2.8468459,0.0060679784,0.48192593,0.34066667,0.047407407,0.08,0.39,0.39,0.90259259,0.34066667,1,0.00021
2024-02-09,2.88884,0.014751085,0.44992593,0.29266667,0.047407407,0.16,0.31,0.31,1.0225926,0.39266667,3,0.00012
2024-02-10,2.8991196,0.0035583916,0.44992593,0.29266667,0.047407407,0.16,0.31,0.31,0.90259259,0.37266667,2,0
2024-02-11,2.9144379,0.005283787,0.44992593,0.29266667,0.047407407,0.16,0.31,0.31,0.90259259,0.37266667,2,0
2024-02-12,2.9562555,0.014348437,0.25,0.29464286,0.15,0.205,0.25,0.25,0.83,0.5,3,0.00030285317
2024-02-13,2.9460821,-0.0034413456,0.274,0.366,0.15,0.16,0.31,0.31,0.8,0.446,2,0.00014303571
2024-02-14,3.0360337,0.030532644,0.25,0.33,0.15,0.22,0.25,0.25,1.01,0.43,4,9e-05
2024-02-15,3.0390476,0.00099268529,0.266,0.354,0.15,0.18,0.29,0.29,0.8,0.454,2,6e-05
2024-02-16,3.0472939,0.0027134676,0.266,0.354,0.15,0.18,0.29,0.29,0.8,0.454,2,0
2024-02-17,3.0366935,-0.0034786355,0.266,0.354,0.15,0.18,0.29,0.29,0.8,0.454,2,0
2024-02-18,3.0500794,0.0044080506,0.266,0.354,0.15,0.18,0.29,0.29,0.8,0.454,2,0
2024-02-19,3.0398117,-0.0033663543,0.266,0.354,0.15,0.18,0.29,0.29,0.8,0.454,2,0
2024-02-20,3.0589645,0.0063006445,0.266,0.354,0.15,0.18,0.29,0.29,0.8,0.454,2,0
2024-02-21,3.0473986,-0.003780972,0.266,0.354,0.15,0.18,0.29,0.29,0.8,0.454,2,0
2024-02-22,3.0321631,-0.0049995254,0.266,0.354,0.15,0.18,0.29,0.29,0.8,0.454,2,0
2024-02-23,3.0205061,-0.0038444581,0.266,0.354,0.15,0.18,0.29,0.29,0.8,0.454,2,0
2024-02-24,3.0428979,0.0074132642,0.266,0.354,0.15,0.18,0.29,0.29,0.8,0.454,2,0
2024-02-25,3.0473521,0.0014638139,0.266,0.354,0.15,0.18,0.29,0.29,0.8,0.454,2,0
2024-02-26,3.119861,0.023794052,0.266,0.354,0.15,0.18,0.29,0.29,0.8,0.454,2,0
2024-02-27,3.1868176,0.021461403,0.266,0.354,0.15,0.18,0.29,0.29,0.8,0.454,2,0
2024-02-28,3.3298981,0.044897614,0.266,0.354,0.15,0.18,0.29,0.29,0.8,0.454,2,0
2024-02-29,3.2884569,-0.012445171,0.266,0.354,0.15,0.18,0.29,0.29,0.8,0.454,2,0
2024-03-01,3.3380281,0.015074285,0.234,0.30237154,0.15,0.25833992,0.21,0.21,0.914,0.5,4,0.00012544269
2024-03-02,3.3336026,-0.0013257595,0.266,0.354,0.15,0.18,0.29,0.29,0.8,0.454,2,0.00012544269
2024-03-03,3.3580304,0.0073277332,0.266,0.354,0.15,0.18,0.29,0.29,0.8,0.454,2,0
2024-03-04,3.4992087,0.042041996,0.242,0.27992958,0.15,0.22084507,0.23,0.23,0.822,0.5,3,0.00014710563
2024-03-05,3.4076945,-0.026152813,0.242,0.318,0.15,0.24,0.23,0.23,0.8,0.418,3,5.7105634e-05
2024-03-06,3.5076999,0.029346927,0.21,0.27,0.15,0.32,0.15,0.15,0.8,0.41,5,0.00012
2024-03-07,3.5348042,0.0077270752,0.242,0.318,0.15,0.24,0.23,0.23,0.8,0.418,3,0.00012
2024-03-08,3.5645177,0.0084059846,0.21,0.27,0.15,0.32,0.15,0.15,0.8,0.41,5,0.00012
2024-03-09,3.5693016,0.0013420955,0.242,0.318,0.15,0.24,0.23,0.23,0.8,0.418,3,0.00012
2024-03-10,3.5868146,0.0049065667,0.242,0.318,0.15,0.24,0.23,0.23,0.8,0.418,3,0
2024-03-11,3.6784027,0.025534647,0.218,0.282,0.15,0.3,0.17,0.17,0.8,0.442,4,9e-05
2024-03-12,3.6539811,-0.0066391646,0.242,0.318,0.15,0.24,0.23,0.23,0.8,0.418,3,9e-05
2024-03-13,3.6837517,0.0081474201,0.186,0.234,0.15,0.38,0.09,0.09,0.8,0.374,6,0.00021
2024-03-14,3.6377569,-0.012485834,0.242,0.318,0.15,0.24,0.23,0.23,0.8,0.418,3,0.00021
2024-03-15,3.5854184,-0.014387586,0.242,0.318,0.15,0.24,0.23,0.23,0.8,0.418,3,0
2024-03-16,3.4756562,-0.030613494,0.242,0.318,0.15,0.24,0.23,0.23,0.8,0.418,3,0
2024-03-17,3.5520382,0.021976265,0.266,0.354,0.15,0.18,0.29,0.29,0.8,0.454,2,9e-05
2024-03-18,3.5427497,-0.0026149678,0.266,0.354,0.15,0.18,0.29,0.29,0.8,0.454,2,0
2024-03-19,3.4036871,-0.039252738,0.266,0.354,0.15,0.18,0.29,0.29,0.8,0.454,2,0
2024-03-20,3.5736471,0.049934084,0.266,0.354,0.15,0.18,0.29,0.29,0.8,0.454,2,0
2024-03-21,3.513117,-0.016937902,0.266,0.354,0.15,0.18,0.29,0.29,0.8,0.454,2,0
2024-03-22,3.4614582,-0.014704542,0.266,0.354,0.15,0.18,0.29,0.29,0.8,0.454,2,0
2024-03-23,3.4646507,0.0009222904,0.266,0.354,0.15,0.18,0.29,0.29,0.8,0.454,2,0
2024-03-24,3.5512725,0.025001594,0.266,0.354,0.15,0.18,0.29,0.29,0.8,0.454,2,0
2024-03-25,3.6190757,0.019092654,0.266,0.354,0.15,0.18,0.29,0.29,0.8,0.454,2,0
2024-03-26,3.6188118,-7.2924059e-05,0.242,0.318,0.15,0.24,0.23,0.23,0.8,0.418,3,9e-05
2024-03-27,3.604857,-0.0038561777,0.242,0.318,0.15,0.24,0.23,0.23,0.8,0.418,3,0
2024-03-28,3.6533678,0.013457062,0.266,0.354,0.15,0.18,0.29,0.29,0.8,0.454,2,9e-05
2024-03-29,3.6344853,-0.0051685206,0.266,0.354,0.15,0.18,0.29,0.29,0.8,0.454,2,0
2024-03-30,3.62279,-0.0032178535,0.266,0.354,0.15,0.18,0.29,0.29,0.8,0.454,2,0
2024-03-31,3.6707377,0.013235027,0.266,0.354,0.15,0.18,0.29,0.29,0.8,0.454,2,0
2024-04-01,3.6372996,-0.0091093882,0.242,0.318,0.15,0.24,0.23,0.23,0.8,0.478,3,9e-05
2024-04-02,3.5517827,-0.023511084,0.266,0.354,0.15,0.18,0.29,0.29,0.8,0.454,2,9e-05
2024-04-03,3.5820605,0.0085246691,0.38592593,0.19666667,0.047407407,0.32,0.15,0.15,0.90259259,0.33666667,5,0.00041588889
2024-04-04,3.6122625,0.0084314656,0.44192593,0.28066667,0.047407407,0.18,0.29,0.29,0.90259259,0.38066667,2,0.00021
2024-04-05,3.612074,-5.2177741e-05,0.234,0.306,0.15,0.26,0.21,0.21,0.8,0.446,4,0.00034988889
2024-04-06,3.6203928,0.0023030553,0.48192593,0.34066667,0.047407407,0.08,0.39,0.39,0.90259259,0.34066667,1,0.00042388889
2024-04-07,3.6189673,-0.00039375835,0.48192593,0.34066667,0.047407407,0.08,0.39,0.39,0.90259259,0.34066667,1,0
2024-04-08,3.6816134,0.017310491,0.45792593,0.30466667,0.047407407,0.14,0.33,0.33,0.90259259,0.36466667,2,9e-05
2024-04-09,3.6429217,-0.010509425,0.43392593,0.26866667,0.047407407,0.2,0.27,0.27,0.90259259,0.26866667,3,9e-05
2024-04-10,3.6479792,0.0013883071,0.40192593,0.22066667,0.047407407,0.28,0.19,0.19,0.90259259,0.26066667,5,0.00012
2024-04-11,3.6622223,0.0039043605,0.43392593,0.26866667,0.047407407,0.2,0.27,0.27,0.90259259,0.26866667,3,0.00012
2024-04-12,3.5994455,-0.017141712,0.40192593,0.22066667,0.047407407,0.28,0.19,0.19,0.90259259,0.26066667,5,0.00012
2024-04-13,3.6169648,0.0048672363,0.45792593,0.30466667,0.047407407,0.14,0.33,0.33,0.90259259,0.30466667,2,0.00021
2024-04-14,3.5823926,-0.0095583495,0.58992593,0.17266667,0.047407407,0.14,0.33,0.33,0.90259259,0.17266667,2,0.000396
2024-04-15,3.5747572,-0.0021313685,0.45792593,0.30466667,0.047407407,0.14,0.33,0.33,0.90259259,0.30466667,2,0.000396
2024-04-16,3.5628085,-0.0033425301,0.45792593,0.30466667,0.047407407,0.14,0.33,0.33,0.90259259,0.30466667,2,0
2024-04-17,3.5089698,-0.015111305,0.48192593,0.34066667,0.047407407,0.08,0.39,0.39,0.90259259,0.34066667,1,9e-05
2024-04-18,3.5433206,0.0097894079,0.48192593,0.34066667,0.047407407,0.08,0.39,0.39,0.90259259,0.34066667,1,0
2024-04-19,3.5571455,0.0039016825,0.48192593,0.34066667,0.047407407,0.08,0.39,0.39,0.90259259,0.34066667,1,0
2024-04-20,3.5756539,0.0052031627,0.48192593,0.34066667,0.047407407,0.08,0.39,0.39,0.90259259,0.34066667,1,0
2024-04-21,3.5663367,-0.0026057302,0.48192593,0.34066667,0.047407407,0.08,0.39,0.39,0.90259259,0.34066667,1,0
2024-04-22,3.5617464,-0.0012871036,0.48192593,0.34066667,0.047407407,0.08,0.39,0.39,0.90259259,0.34066667,1,0
2024-04-23,3.5448031,-0.0047570423,0.48192593,0.34066667,0.047407407,0.08,0.39,0.39,0.90259259,0.34066667,1,0
2024-04-24,3.4966145,-0.013594142,0.48192593,0.34066667,0.047407407,0.08,0.39,0.39,0.90259259,0.34066667,1,0
2024-04-25,3.5232866,0.0076279718,0.48192593,0.34066667,0.047407407,0.08,0.39,0.39,0.90259259,0.34066667,1,0
2024-04-26,3.5229079,-0.00010749306,0.48192593,0.34066667,0.047407407,0.08,0.39,0.39,0.90259259,0.34066667,1,0
2024-04-27,3.5258743,0.0008420526,0.48192593,0.34066667,0.047407407,0.08,0.39,0.39,0.90259259,0.34066667,1,0
2024-04-28,3.5197702,-0.0017312267,0.63792593,0.18466667,0.047407407,0.08,0.39,0.39,0.90259259,0.18466667,1,0.000468
2024-04-29,3.5237414,0.0011282324,0.48192593,0.34066667,0.047407407,0.08,0.39,0.39,0.90259259,0.34066667,1,0.000468
2024-04-30,3.4333787,-0.025643948,0.48192593,0.34066667,0.047407407,0.08,0.39,0.39,0.90259259,0.34066667,1,0
2024-05-01,3.4052406,-0.0081954619,0.52592593,0.15666667,0.047407407,0.22,0.25,0.25,0.90259259,0.19666667,4,0.000342
2024-05-02,3.3940678,-0.0032810677,0.57392593,0.16866667,0.047407407,0.16,0.31,0.31,0.90259259,0.088666667,2,9e-05
2024-05-03,3.449556,0.016348591,0.41792593,0.24466667,0.047407407,0.24,0.23,0.23,0.90259259,0.20466667,4,0.000348
2024-05-04,3.4611366,0.0033571397,0.44992593,0.29266667,0.047407407,0.16,0.31,0.31,0.90259259,0.21266667,2,0.00012
2024-05-05,3.4611847,1.3902377e-05,0.44992593,0.29266667,0.047407407,0.16,0.31,0.31,0.90259259,0.21266667,2,0
2024-05-06,3.4567522,-0.0012806583,0.45792593,0.30466667,0.047407407,0.14,0.33,0.33,0.90259259,0.36466667,2,3e-05
2024-05-07,3.42975,-0.0078114163,0.48192593,0.34066667,0.047407407,0.08,0.39,0.39,0.90259259,0.34066667,1,9e-05
2024-05-08,3.4208074,-0.0026073748,0.52592593,0.15666667,0.047407407,0.22,0.25,0.25,0.90259259,0.19666667,4,0.000342
2024-05-09,3.4804203,0.017426556,0.63792593,0.18466667,0.047407407,0.08,0.39,0.39,0.90259259,0.18466667,1,0.00021
2024-05-10,3.4362515,-0.012690656,0.44992593,0.29266667,0.047407407,0.16,0.31,0.31,0.90259259,0.33266667,3,0.000444
2024-05-11,3.4425837,0.001842765,0.63792593,0.18466667,0.047407407,0.08,0.39,0.39,0.90259259,0.18466667,1,0.000444
2024-05-12,3.4523368,0.002833073,0.63792593,0.18466667,0.047407407,0.08,0.39,0.39,0.90259259,0.18466667,1,0
2024-05-13,3.4665994,0.0041313144,0.45792593,0.30466667,0.047407407,0.14,0.33,0.33,0.90259259,0.36466667,2,0.00045
2024-05-14,3.4552083,-0.0032859582,0.48192593,0.34066667,0.047407407,0.08,0.39,0.39,0.90259259,0.34066667,1,9e-05
2024-05-15,3.5722087,0.033862022,0.48192593,0.34066667,0.047407407,0.08,0.39,0.39,0.90259259,0.34066667,1,0
2024-05-16,3.5406616,-0.0088312664,0.48192593,0.34066667,0.047407407,0.08,0.39,0.39,0.90259259,0.34066667,1,0
2024-05-17,3.5947277,0.015270081,0.48192593,0.34066667,0.047407407,0.08,0.39,0.39,0.90259259,0.34066667,1,0
2024-05-18,3.5887483,-0.0016633853,0.306,0.414,0.15,0.08,0.39,0.39,0.8,0.414,1,0.00037388889
2024-05-19,3.5838179,-0.0013738624,0.306,0.414,0.15,0.08,0.39,0.39,0.8,0.414,1,0
2024-05-20,3.6842792,0.028031922,0.48192593,0.34066667,0.047407407,0.08,0.39,0.39,0.90259259,0.34066667,1,0.00037388889
2024-05-21,3.6548686,-0.0079827275,0.306,0.414,0.15,0.08,0.39,0.39,0.8,0.414,1,0.00037388889
2024-05-22,3.6208797,-0.0092996156,0.306,0.414,0.15,0.08,0.39,0.39,0.8,0.414,1,0
2024-05-23,3.5675554,-0.014726881,0.48192593,0.34066667,0.047407407,0.08,0.39,0.39,0.90259259,0.34066667,1,0.00037388889
2024-05-24,3.5802379,0.0035549458,0.48192593,0.34066667,0.047407407,0.08,0.39,0.39,0.90259259,0.34066667,1,0
2024-05-25,3.5950572,0.0041391996,0.306,0.414,0.15,0.08,0.39,0.39,0.8,0.414,1,0.00037388889
2024-05-26,3.5807306,-0.0039850892,0.306,0.414,0.15,0.08,0.39,0.39,0.8,0.414,1,0
2024-05-27,3.603769,0.0064339898,0.306,0.414,0.15,0.08,0.39,0.39,0.8,0.414,1,0
2024-05-28,3.5783356,-0.0070574375,0.306,0.414,0.15,0.08,0.39,0.39,0.8,0.414,1,0
2024-05-29,3.5506822,-0.0077280222,0.306,0.414,0.15,0.08,0.39,0.39,0.8,0.414,1,0
2024-05-30,3.5721053,0.0060335367,0.306,0.414,0.15,0.08,0.39,0.39,0.8,0.414,1,0
2024-05-31,3.5518926,-0.0056584997,0.306,0.414,0.15,0.08,0.39,0.39,0.8,0.414,1,0
2024-06-01,3.5625685,0.0030057136,0.306,0.414,0.15,0.08,0.39,0.39,0.8,0.414,1,0
2024-06-02,3.5585003,-0.0011419295,0.306,0.414,0.15,0.08,0.39,0.39,0.8,0.414,1,0
2024-06-03,3.586443,0.0078523622,0.282,0.35795455,0.15,0.13681818,0.33,0.33,0.862,0.5,2,0.00012006818
2024-06-04,3.6178377,0.0087537086,0.306,0.414,0.15,0.08,0.39,0.39,0.8,0.414,1,0.00012006818
2024-06-05,3.643614,0.0071247884,0.226,0.294,0.15,0.28,0.19,0.19,1.01,0.394,5,0.0003
2024-06-06,3.6363337,-0.0019980866,0.282,0.378,0.15,0.14,0.33,0.33,0.8,0.378,2,0.00021
2024-06-07,3.5885981,-0.013127402,0.274,0.366,0.15,0.16,0.31,0.31,0.92,0.466,3,3e-05
2024-06-08,3.5830673,-0.0015412208,0.306,0.414,0.15,0.08,0.39,0.39,0.8,0.414,1,0.00012
2024-06-09,3.5956807,0.0035202852,0.306,0.414,0.15,0.08,0.39,0.39,0.8,0.414,1,0
2024-06-10,3.5977792,0.00058362295,0.282,0.35795455,0.15,0.13681818,0.33,0.33,0.862,0.5,2,0.00012006818
2024-06-11,3.5488684,-0.013594736,0.306,0.414,0.15,0.08,0.39,0.39,0.8,0.414,1,0.00012006818
2024-06-12,3.5884626,0.011156858,0.25,0.33,0.15,0.22,0.25,0.25,1.01,0.43,4,0.00021
2024-06-13,3.547339,-0.01145995,0.306,0.414,0.15,0.08,0.39,0.39,0.8,0.414,1,0.00021
2024-06-14,3.5454075,-0.00054450195,0.274,0.366,0.15,0.16,0.31,0.31,0.92,0.466,3,0.00012
2024-06-15,3.5564741,0.0031213987,0.48192593,0.34066667,0.047407407,0.08,0.39,0.39,0.90259259,0.34066667,1,0.00034988889
2024-06-16,3.5596423,0.0008908347,0.48192593,0.34066667,0.047407407,0.08,0.39,0.39,0.90259259,0.34066667,1,0
2024-06-17,3.547758,-0.0033386394,0.48192593,0.34066667,0.047407407,0.08,0.39,0.39,0.90259259,0.34066667,1,0
2024-06-18,3.5273984,-0.0057387078,0.48192593,0.34066667,0.047407407,0.08,0.39,0.39,0.90259259,0.34066667,1,0
2024-06-19,3.5215608,-0.0016549293,0.48192593,0.34066667,0.047407407,0.08,0.39,0.39,0.90259259,0.34066667,1,0
2024-06-20,3.5416827,0.0057138979,0.48192593,0.34066667,0.047407407,0.08,0.39,0.39,0.90259259,0.34066667,1,0
2024-06-21,3.5100599,-0.0089287487,0.48192593,0.34066667,0.047407407,0.08,0.39,0.39,0.90259259,0.34066667,1,0
2024-06-22,3.5094388,-0.00017694829,0.48192593,0.34066667,0.047407407,0.08,0.39,0.39,0.90259259,0.34066667,1,0
2024-06-23,3.4870132,-0.006390078,0.48192593,0.34066667,0.047407407,0.08,0.39,0.39,0.90259259,0.34066667,1,0
2024-06-24,3.4363728,-0.014522568,0.45792593,0.30466667,0.047407407,0.14,0.33,0.33,0.90259259,0.30466667,2,9e-05
2024-06-25,3.4412323,0.0014141386,0.58992593,0.17266667,0.047407407,0.14,0.33,0.33,0.90259259,0.17266667,2,0.000396
2024-06-26,3.4169977,-0.0070424213,0.45792593,0.30466667,0.047407407,0.14,0.33,0.33,0.90259259,0.30466667,2,0.000396
2024-06-27,3.4362626,0.0056379755,0.58992593,0.17266667,0.047407407,0.14,0.33,0.33,0.90259259,0.17266667,2,0.000396
2024-06-28,3.4114012,-0.0072350084,0.48192593,0.34066667,0.047407407,0.08,0.39,0.39,0.90259259,0.34066667,1,0.000414
2024-06-29,3.4147878,0.00099272485,0.63792593,0.18466667,0.047407407,0.08,0.39,0.39,0.90259259,0.18466667,1,0.000468
2024-06-30,3.4371231,0.0065407361,0.63792593,0.18466667,0.047407407,0.08,0.39,0.39,0.90259259,0.18466667,1,0
2024-07-01,3.4405515,0.00099746541,0.45792593,0.30466667,0.047407407,0.14,0.33,0.33,0.99259259,0.45466667,2,0.00045
2024-07-02,3.4325451,-0.0023270611,0.48192593,0.34066667,0.047407407,0.08,0.39,0.39,0.90259259,0.34066667,1,9e-05
2024-07-03,3.3850515,-0.01383625,0.42592593,0.25666667,0.047407407,0.22,0.25,0.25,1.1125926,0.35666667,4,0.00021
2024-07-04,3.3370785,-0.014172026,0.63792593,0.18466667,0.047407407,0.08,0.39,0.39,0.90259259,0.18466667,1,0.000426
2024-07-05,3.3640622,0.008086025,0.57392593,0.16866667,0.047407407,0.16,0.31,0.31,1.0225926,0.26866667,3,0.00012
2024-07-06,3.3812874,0.005120363,0.63792593,0.18466667,0.047407407,0.08,0.39,0.39,0.90259259,0.18466667,1,0.00012
2024-07-07,3.3568587,-0.0072246746,0.63792593,0.18466667,0.047407407,0.08,0.39,0.39,0.90259259,0.18466667,1,0
2024-07-08,3.3637105,0.0020411202,0.58992593,0.17266667,0.047407407,0.14,0.33,0.33,0.99259259,0.32266667,2,9e-05
2024-07-09,3.376277,0.0037358991,0.63792593,0.18466667,0.047407407,0.08,0.39,0.39,0.90259259,0.18466667,1,9e-05
2024-07-10,3.3859805,0.0028740319,0.52592593,0.15666667,0.047407407,0.22,0.25,0.25,1.1125926,0.25666667,4,0.00021
2024-07-11,3.4151384,0.0086113712,0.63792593,0.18466667,0.047407407,0.08,0.39,0.39,0.90259259,0.18466667,1,0.00021
2024-07-12,3.4275166,0.0036244917,0.52592593,0.15666667,0.047407407,0.22,0.25,0.25,1.0225926,0.25666667,4,0.00021
2024-07-13,3.4410101,0.0039368238,0.58992593,0.17266667,0.047407407,0.14,0.33,0.33,0.90259259,0.17266667,2,0.00012
2024-07-14,3.4583068,0.0050266378,0.58992593,0.17266667,0.047407407,0.14,0.33,0.33,0.90259259,0.17266667,2,0
2024-07-15,3.5329771,0.021591563,0.45792593,0.30466667,0.047407407,0.14,0.33,0.33,0.90259259,0.30466667,2,0.000396
2024-07-16,3.5691109,0.010227584,0.48192593,0.34066667,0.047407407,0.08,0.39,0.39,0.90259259,0.34066667,1,9e-05
2024-07-17,3.5484474,-0.0057895419,0.48192593,0.34066667,0.047407407,0.08,0.39,0.39,0.90259259,0.34066667,1,0
2024-07-18,3.5346887,-0.0038773787,0.48192593,0.34066667,0.047407407,0.08,0.39,0.39,0.90259259,0.34066667,1,0
2024-07-19,3.5737902,0.011062214,0.48192593,0.34066667,0.047407407,0.08,0.39,0.39,0.90259259,0.34066667,1,0
2024-07-20,3.5754266,0.00045790469,0.48192593,0.34066667,0.047407407,0.08,0.39,0.39,0.90259259,0.34066667,1,0
2024-07-21,3.601941,0.0074157202,0.48192593,0.34066667,0.047407407,0.08,0.39,0.39,0.90259259,0.34066667,1,0
2024-07-22,3.5781605,-0.0066021216,0.306,0.414,0.15,0.08,0.39,0.39,0.8,0.414,1,0.00037388889
2024-07-23,3.5469126,-0.0087329536,0.306,0.414,0.15,0.08,0.39,0.39,0.8,0.414,1,0
2024-07-24,3.5290148,-0.005046031,0.48192593,0.34066667,0.047407407,0.08,0.39,0.39,0.90259259,0.34066667,1,0.00037388889
2024-07-25,3.5282758,-0.00020941459,0.306,0.414,0.15,0.08,0.39,0.39,0.8,0.414,1,0.00037388889
2024-07-26,3.5829408,0.015493409,0.306,0.414,0.15,0.08,0.39,0.39,0.8,0.414,1,0
2024-07-27,3.5814386,-0.00041925101,0.306,0.414,0.15,0.08,0.39,0.39,0.8,0.414,1,0
2024-07-28,3.5929499,0.003214153,0.306,0.414,0.15,0.08,0.39,0.39,0.8,0.414,1,0
2024-07-29,3.5579272,-0.009747621,0.306,0.414,0.15,0.08,0.39,0.39,0.8,0.414,1,0
2024-07-30,3.5517143,-0.0017462107,0.306,0.414,0.15,0.08,0.39,0.39,0.8,0.414,1,0
2024-07-31,3.5325529,-0.005394968,0.306,0.414,0.15,0.08,0.39,0.39,0.8,0.414,1,0
2024-08-01,3.5420515,0.0026888744,0.48192593,0.34066667,0.047407407,0.08,0.39,0.39,0.90259259,0.34066667,1,0.00037388889
2024-08-02,3.4771431,-0.0183251,0.274,0.366,0.15,0.16,0.31,0.31,0.92,0.466,3,0.00034988889
2024-08-03,3.4689731,-0.0023496184,0.45792593,0.30466667,0.047407407,0.14,0.33,0.33,0.90259259,0.30466667,2,0.00036788889
2024-08-04,3.4083351,-0.017480095,0.282,0.378,0.15,0.14,0.33,0.33,0.8,0.378,2,0.00037388889
2024-08-05,3.3272723,-0.023783704,0.43392593,0.26866667,0.047407407,0.2,0.27,0.27,0.99259259,0.41866667,3,0.00039188889
2024-08-06,3.3578935,0.0092030955,0.45792593,0.30466667,0.047407407,0.14,0.33,0.33,0.90259259,0.30466667,2,9e-05
2024-08-07,3.3223379,-0.010588677,0.42592593,0.25666667,0.047407407,0.22,0.25,0.25,0.90259259,0.29666667,4,0.00012
2024-08-08,3.4851744,0.049012652,0.48192593,0.34066667,0.047407407,0.08,0.39,0.39,0.90259259,0.34066667,1,0.00021
2024-08-09,3.4607393,-0.0070111649,0.274,0.366,0.15,0.16,0.31,0.31,0.8,0.406,3,0.00034988889
2024-08-10,3.465877,0.0014845708,0.306,0.414,0.15,0.08,0.39,0.39,0.8,0.414,1,0.00012
2024-08-11,3.4156197,-0.014500619,0.306,0.414,0.15,0.08,0.39,0.39,0.8,0.414,1,0
2024-08-12,3.449661,0.0099663626,0.45792593,0.30466667,0.047407407,0.14,0.33,0.33,0.90259259,0.36466667,2,0.00039188889
2024-08-13,3.4665219,0.0048877021,0.48192593,0.34066667,0.047407407,0.08,0.39,0.39,0.90259259,0.34066667,1,9e-05
2024-08-14,3.4216137,-0.012954816,0.42592593,0.25666667,0.047407407,0.22,0.25,0.25,0.90259259,0.29666667,4,0.00021
2024-08-15,3.4035998,-0.0052647363,0.48192593,0.34066667,0.047407407,0.08,0.39,0.39,0.90259259,0.34066667,1,0.00021
2024-08-16,3.451701,0.014132453,0.63792593,0.18466667,0.047407407,0.08,0.39,0.39,0.90259259,0.18466667,1,0.000468
2024-08-17,3.4826045,0.0089530988,0.51392593,0.38866667,0.047407407,0,0.47,0.47,0.90259259,0.38866667,0,0.000492
2024-08-18,3.4498667,-0.0094003793,0.51392593,0.38866667,0.047407407,0,0.47,0.47,0.90259259,0.38866667,0,0
2024-08-19,3.4637862,0.004034794,0.70192593,0.20066667,0.047407407,0,0.47,0.47,0.90259259,0.20066667,0,0.000564
2024-08-20,3.4559307,-0.0022678979,0.70192593,0.20066667,0.047407407,0,0.47,0.47,0.90259259,0.20066667,0,0
2024-08-21,3.4772506,0.0061691016,0.70192593,0.20066667,0.047407407,0,0.47,0.47,0.90259259,0.20066667,0,0
2024-08-22,3.4466381,-0.0088036652,0.51392593,0.38866667,0.047407407,0,0.47,0.47,0.90259259,0.38866667,0,0.000564
2024-08-23,3.5457065,0.028743489,0.51392593,0.38866667,0.047407407,0,0.47,0.47,0.90259259,0.38866667,0,0
2024-08-24,3.5466999,0.00028017664,0.48192593,0.34066667,0.047407407,0.08,0.39,0.39,0.90259259,0.42066667,1,0.00012
2024-08-25,3.5490186,0.00065376007,0.48192593,0.34066667,0.047407407,0.08,0.39,0.39,0.90259259,0.42066667,1,0
2024-08-26,3.519972,-0.0081844016,0.48192593,0.34066667,0.047407407,0.08,0.39,0.39,0.90259259,0.42066667,1,0
2024-08-27,3.4546722,-0.018551236,0.48192593,0.34066667,0.047407407,0.08,0.39,0.39,0.90259259,0.42066667,1,0
2024-08-28,3.4407983,-0.0040159759,0.63792593,0.18466667,0.047407407,0.08,0.39,0.39,0.90259259,0.18466667,1,0.000468
2024-08-29,3.4530824,0.0035701176,0.63792593,0.18466667,0.047407407,0.08,0.39,0.39,0.90259259,0.18466667,1,0
2024-08-30,3.4391826,-0.0040253179,0.63792593,0.18466667,0.047407407,0.08,0.39,0.39,0.90259259,0.18466667,1,0
2024-08-31,3.434634,-0.0013225868,0.48192593,0.34066667,0.047407407,0.08,0.39,0.39,0.90259259,0.34066667,1,0.000468
2024-09-01,3.4640837,0.0085743524,0.48192593,0.34066667,0.047407407,0.08,0.39,0.39,0.90259259,-0.34066667,1,0
2024-09-02,3.4349257,-0.0084172347,0.45792593,0.30466667,0.047407407,0.14,0.33,0.33,0.90259259,-0.24466667,2,9e-05
2024-09-03,3.4645675,0.0086295284,0.48192593,0.34066667,0.047407407,0.08,0.39,0.39,0.90259259,-0.34066667,1,9e-05
2024-09-04,3.4622504,-0.00066880603,0.42592593,0.25666667,0.047407407,0.22,0.25,0.25,0.90259259,-0.21666667,4,0.00021
2024-09-05,3.5089987,0.013502271,0.306,0.414,0.15,0.08,0.39,0.39,0.8,-0.414,1,0.00041588889
2024-09-06,3.5392623,0.0086245894,0.44992593,0.29266667,0.047407407,0.16,0.31,0.31,0.90259259,-0.25266667,3,0.00039788889
2024-09-07,3.5282553,-0.0031099666,0.48192593,0.34066667,0.047407407,0.08,0.39,0.39,0.90259259,-0.34066667,1,0.00012
2024-09-08,3.5216823,-0.0018629671,0.63792593,0.18466667,0.047407407,0.08,0.39,0.39,0.90259259,-0.18466667,1,0.000468
2024-09-09,3.4947781,-0.0076396012,0.41792593,0.24466667,0.047407407,0.24,0.23,0.23,0.99259259,-0.19466667,3,0.00042
2024-09-10,3.4857296,-0.0025891466,0.47392593,0.32866667,0.047407407,0.1,0.37,0.37,0.90259259,-0.42866667,1,0.00021
2024-09-11,3.4621162,-0.0067743017,0.41792593,0.24466667,0.047407407,0.24,0.23,0.23,1.1125926,-0.24466667,4,0.00021
2024-09-12,3.4669643,0.0014003394,0.47392593,0.32866667,0.047407407,0.1,0.37,0.37,0.90259259,-0.42866667,1,0.00021
2024-09-13,3.4285095,-0.011091775,0.44192593,0.28066667,0.047407407,0.18,0.29,0.29,1.0225926,-0.28066667,3,0.00012
2024-09-14,3.4380408,0.0027800016,0.51392593,0.38866667,0.047407407,0,0.47,0.47,0.90259259,-0.38866667,0,0.00027
2024-09-15,3.4586081,0.0059822603,0.51392593,0.38866667,0.047407407,0,0.47,0.47,0.90259259,-0.38866667,0,0
2024-09-16,3.4884548,0.0086297047,0.51392593,0.38866667,0.047407407,0,0.47,0.47,0.90259259,-0.38866667,0,0
2024-09-17,3.4326457,-0.015998228,0.51392593,0.38866667,0.047407407,0,0.47,0.47,0.90259259,-0.38866667,0,0
2024-09-18,3.3979449,-0.010109075,0.51392593,0.38866667,0.047407407,0,0.47,0.47,0.90259259,-0.38866667,0,0
2024-09-19,3.3826673,-0.0044961037,0.48192593,0.34066667,0.047407407,0.08,0.39,0.39,0.90259259,-0.34066667,1,0.00012
2024-09-20,3.3898515,0.0021238289,0.306,0.414,0.15,0.08,0.39,0.39,0.8,-0.414,1,0.00037388889
2024-09-21,3.3896952,-4.6116324e-05,0.48192593,0.34066667,0.047407407,0.08,0.39,0.39,0.90259259,-0.34066667,1,0.00037388889
2024-09-22,3.379993,-0.0028622704,0.48192593,0.34066667,0.047407407,0.08,0.39,0.39,0.90259259,-0.34066667,1,0
2024-09-23,3.3874768,0.0022141445,0.48192593,0.34066667,0.047407407,0.08,0.39,0.39,0.90259259,-0.34066667,1,0
2024-09-24,3.386233,-0.00036718557,0.48192593,0.34066667,0.047407407,0.08,0.39,0.39,0.90259259,-0.34066667,1,0
2024-09-25,3.4068139,0.0060778192,0.48192593,0.34066667,0.047407407,0.08,0.39,0.39,0.90259259,-0.34066667,1,0
2024-09-26,3.374053,-0.0096162673,0.48192593,0.34066667,0.047407407,0.08,0.39,0.39,0.90259259,-0.34066667,1,0
2024-09-27,3.3566319,-0.0051632647,0.306,0.414,0.15,0.08,0.39,0.39,0.8,-0.414,1,0.00037388889
2024-09-28,3.357967,0.00039775316,0.306,0.414,0.15,0.08,0.39,0.39,0.8,-0.414,1,0
2024-09-29,3.3517224,-0.001859652,0.306,0.414,0.15,0.08,0.39,0.39,0.8,0.414,1,0
2024-09-30,3.2937079,-0.017308848,0.306,0.414,0.15,0.08,0.39,0.39,0.8,0.414,1,0
2024-10-01,3.2555992,-0.011570161,0.306,0.414,0.15,0.08,0.39,0.39,0.8,0.414,1,0
2024-10-02,3.2176271,-0.01166362,0.25,0.33,0.15,0.22,0.25,0.25,1.01,0.43,4,0.00021
2024-10-03,3.2166331,-0.00030892691,0.48192593,0.34066667,0.047407407,0.08,0.39,0.39,0.90259259,0.34066667,1,0.00036388889
2024-10-04,3.2436837,0.0084095866,0.274,0.366,0.15,0.16,0.31,0.31,0.92,0.466,3,0.00034988889
2024-10-05,3.2513221,0.0023548823,0.306,0.414,0.15,0.08,0.39,0.39,0.8,0.414,1,0.00012
2024-10-06,3.2656984,0.0044216544,0.306,0.414,0.15,0.08,0.39,0.39,0.8,0.414,1,0
2024-10-07,3.249589,-0.0049328996,0.282,0.35795455,0.15,0.13681818,0.33,0.33,0.862,0.5,2,0.00012006818
2024-10-08,3.2389323,-0.0032793928,0.306,0.414,0.15,0.08,0.39,0.39,0.8,0.414,1,0.00012006818
2024-10-09,3.1973428,-0.012840498,0.25,0.33,0.15,0.22,0.25,0.25,1.01,0.43,4,0.00021
2024-10-10,3.1982087,0.00027080418,0.306,0.414,0.15,0.08,0.39,0.39,0.8,0.414,1,0.00021
2024-10-11,3.2447662,0.014557384,0.41792593,0.24466667,0.047407407,0.24,0.23,0.23,1.0225926,0.26466667,4,0.00042188889
2024-10-12,3.251076,0.0019446099,0.274,0.366,0.15,0.16,0.31,0.31,0.8,0.286,2,0.00039788889
2024-10-13,3.2440153,-0.0021718194,0.274,0.366,0.15,0.16,0.31,0.31,0.8,0.286,2,0
2024-10-14,3.2968998,0.016302181,0.42592593,0.25666667,0.047407407,0.22,0.25,0.25,0.99259259,0.32666667,3,0.00039188889
2024-10-15,3.3202847,0.0070930101,0.306,0.414,0.15,0.08,0.39,0.39,0.8,0.414,1,0.00041588889
2024-10-16,3.3342602,0.0042091046,0.306,0.414,0.15,0.08,0.39,0.39,0.8,0.414,1,0
2024-10-17,3.340635,0.0019119236,0.306,0.414,0.15,0.08,0.39,0.39,0.8,0.414,1,0
2024-10-18,3.3697246,0.0087078055,0.306,0.414,0.15,0.08,0.39,0.39,0.8,0.414,1,0
2024-10-19,3.3730009,0.00097225404,0.306,0.414,0.15,0.08,0.39,0.39,0.8,0.414,1,0
2024-10-20,3.387624,0.0043353537,0.306,0.414,0.15,0.08,0.39,0.39,0.8,0.414,1,0
2024-10-21,3.3518787,-0.01055173,0.306,0.414,0.15,0.08,0.39,0.39,0.8,0.414,1,0
2024-10-22,3.3623886,0.0031355208,0.306,0.414,0.15,0.08,0.39,0.39,0.8,0.414,1,0
2024-10-23,3.3394331,-0.0068271309,0.306,0.414,0.15,0.08,0.39,0.39,0.8,0.414,1,0
2024-10-24,3.373478,0.010194794,0.282,0.378,0.15,0.14,0.33,0.33,0.8,0.378,2,9e-05
2024-10-25,3.3478528,-0.0075960705,0.282,0.378,0.15,0.14,0.33,0.33,0.8,0.378,2,0
2024-10-26,3.3539533,0.0018222048,0.282,0.378,0.15,0.14,0.33,0.33,0.8,0.378,2,0
2024-10-27,3.3606032,0.0019827069,0.45792593,0.30466667,0.047407407,0.14,0.33,0.33,0.90259259,0.30466667,2,0.00037388889
2024-10-28,3.3948212,0.010182103,0.48192593,0.34066667,0.047407407,0.08,0.39,0.39,0.90259259,0.34066667,1,9e-05
2024-10-29,3.4478994,0.015635052,0.274,0.366,0.15,0.16,0.31,0.31,0.8,0.446,2,0.00034988889
2024-10-30,3.4497599,0.00053961742,0.25,0.33,0.15,0.22,0.25,0.25,0.8,0.41,3,9e-05
2024-10-31,3.398005,-0.01500248,0.25,0.33,0.15,0.22,0.25,0.25,0.8,0.41,3,0
2024-11-01,3.4019103,0.0011492899,0.218,0.282,0.15,0.3,0.17,0.17,0.92,0.462,5,0.00012
2024-11-02,3.3993754,-0.00074512014,0.282,0.378,0.15,0.14,0.33,0.33,0.8,0.378,2,0.00024
2024-11-03,3.3851701,-0.0041788175,0.306,0.414,0.15,0.08,0.39,0.39,0.8,0.414,1,9e-05
2024-11-04,3.3599046,-0.0074635731,0.282,0.35795455,0.15,0.13681818,0.33,0.33,0.862,0.5,2,0.00012006818
2024-11-05,3.388216,0.0084262516,0.306,0.414,0.15,0.08,0.39,0.39,0.8,0.414,1,0.00012006818
2024-11-06,3.5226877,0.039688055,0.25,0.33,0.15,0.22,0.25,0.25,1.01,0.43,4,0.00021
2024-11-07,3.5608208,0.010825003,0.282,0.378,0.15,0.14,0.33,0.33,0.8,0.378,2,0.00012
2024-11-08,3.5695113,0.0024405947,0.25,0.33,0.15,0.22,0.25,0.25,0.92,0.43,4,0.00012
2024-11-09,3.5811176,0.0032514988,0.282,0.378,0.15,0.14,0.33,0.33,0.8,0.378,2,0.00012
2024-11-10,3.6593989,0.021859451,0.266,0.354,0.15,0.18,0.29,0.29,0.8,0.454,2,6e-05
2024-11-11,3.8016091,0.038861632,0.242,0.27992958,0.15,0.22084507,0.23,0.23,0.822,0.5,3,0.00014710563
2024-11-12,3.768963,-0.0085874452,0.266,0.354,0.15,0.18,0.29,0.29,0.8,0.454,2,0.00014710563
2024-11-13,3.8031797,0.0090785507,0.21,0.27,0.15,0.32,0.15,0.15,0.8,0.41,5,0.00021
2024-11-14,3.7422976,-0.016008207,0.266,0.354,0.15,0.18,0.29,0.29,0.8,0.454,2,0.00021
2024-11-15,3.8192348,0.020558816,0.266,0.354,0.15,0.18,0.29,0.29,0.8,0.454,2,0
2024-11-16,3.8077577,-0.0030050683,0.266,0.354,0.15,0.18,0.29,0.29,0.8,0.454,2,0
2024-11-17,3.8007031,-0.0018527072,0.266,0.354,0.15,0.18,0.29,0.29,0.8,0.454,2,0
2024-11-18,3.8291132,0.0074749567,0.266,0.354,0.15,0.18,0.29,0.29,0.8,0.454,2,0
2024-11-19,3.8734269,0.011572836,0.266,0.354,0.15,0.18,0.29,0.29,0.8,0.454,2,0
2024-11-20,3.9075754,0.0088160948,0.242,0.318,0.15,0.24,0.23,0.23,0.8,0.418,3,9e-05
2024-11-21,4.0058069,0.025138752,0.242,0.318,0.15,0.24,0.23,0.23,0.8,0.418,3,0
2024-11-22,4.032639,0.0066982823,0.242,0.318,0.15,0.24,0.23,0.23,0.8,0.418,3,0
2024-11-23,4.0171805,-0.0038333432,0.242,0.318,0.15,0.24,0.23,0.23,0.8,0.418,3,0
2024-11-24,4.0218529,0.0011631207,0.242,0.318,0.15,0.24,0.23,0.23,0.8,0.418,3,0
2024-11-25,3.905941,-0.02882052,0.242,0.318,0.15,0.24,0.23,0.23,0.8,0.418,3,0
2024-11-26,3.8887153,-0.0044101439,0.266,0.354,0.15,0.18,0.29,0.29,0.8,0.454,2,9e-05
2024-11-27,3.9669276,0.020112639,0.266,0.354,0.15,0.18,0.29,0.29,0.8,0.454,2,0
2024-11-28,3.9548465,-0.0030454455,0.242,0.318,0.15,0.24,0.23,0.23,0.8,0.418,3,9e-05
2024-11-29,3.9877244,0.0083133184,0.242,0.318,0.15,0.24,0.23,0.23,0.8,0.418,3,0
2024-11-30,3.9769719,-0.002696401,0.242,0.318,0.15,0.24,0.23,0.23,0.8,0.418,3,0
2024-12-01,3.997411,0.0051393589,0.242,0.318,0.15,0.24,0.23,0.23,0.8,0.418,3,0
2024-12-02,3.9614034,-0.0090077318,0.218,0.282,0.15,0.3,0.17,0.17,0.8,0.442,4,9e-05
2024-12-03,3.958813,-0.00065391113,0.242,0.318,0.15,0.24,0.23,0.23,0.8,0.418,3,9e-05
2024-12-04,4.0297791,0.017926109,0.186,0.234,0.15,0.38,0.09,0.09,0.8,0.374,6,0.00021
2024-12-05,3.9936721,-0.0089600503,0.242,0.318,0.15,0.24,0.23,0.23,0.8,0.418,3,0.00021
2024-12-06,4.0503155,0.014183279,0.21,0.27,0.15,0.32,0.15,0.15,0.8,0.41,5,0.00012
2024-12-07,4.0503522,9.0620392e-06,0.242,0.318,0.15,0.24,0.23,0.23,0.8,0.418,3,0.00012
2024-12-08,4.0746012,0.005986894,0.242,0.318,0.15,0.24,0.23,0.23,0.8,0.418,3,0
2024-12-09,3.9947183,-0.019605082,0.218,0.26503759,0.15,0.29037594,0.17,0.17,0.858,0.5,4,0.00011544361
2024-12-10,3.9904217,-0.0010755844,0.242,0.318,0.15,0.24,0.23,0.23,0.8,0.418,3,0.00011544361
2024-12-11,4.1112336,0.030275495,0.186,0.234,0.15,0.38,0.09,0.09,1.01,0.434,6,0.00021
2024-12-12,4.0862252,-0.0060829445,0.242,0.318,0.15,0.24,0.23,0.23,0.8,0.418,3,0.00021
2024-12-13,4.1043402,0.0044331672,0.21,0.27,0.15,0.32,0.15,0.15,0.92,0.47,5,0.00012
2024-12-14,4.0967809,-0.0018417662,0.242,0.318,0.15,0.24,0.23,0.23,0.8,0.418,3,0.00012
2024-12-15,4.1569705,0.014691929,0.242,0.318,0.15,0.24,0.23,0.23,0.8,0.418,3,0
2024-12-16,4.1811405,0.0058143124,0.21,0.27,0.15,0.32,0.15,0.15,0.8,0.45,4,0.00012
2024-12-17,4.1750879,-0.0014475985,0.21,0.27,0.15,0.32,0.15,0.15,0.8,0.45,4,0
2024-12-18,4.0602588,-0.027503393,0.234,0.306,0.15,0.26,0.21,0.21,0.8,0.486,3,9e-05
2024-12-19,4.0182346,-0.010350121,0.234,0.306,0.15,0.26,0.21,0.21,0.8,0.486,3,0
2024-12-20,4.0325364,0.003559228,0.266,0.354,0.15,0.18,0.29,0.29,0.8,0.454,2,0.00012
2024-12-21,4.0189939,-0.0033583136,0.44192593,0.28066667,0.047407407,0.18,0.29,0.29,0.90259259,0.38066667,2,0.00037388889
2024-12-22,3.9873517,-0.0078731516,0.44192593,0.28066667,0.047407407,0.18,0.29,0.29,0.90259259,0.38066667,2,0
2024-12-23,3.9799204,-0.0018637233,0.44192593,0.28066667,0.047407407,0.18,0.29,0.29,0.90259259,0.38066667,2,0
2024-12-24,4.045794,0.016551472,0.44192593,0.28066667,0.047407407,0.18,0.29,0.29,0.90259259,0.38066667,2,0
2024-12-25,4.0599088,0.0034887738,0.44192593,0.28066667,0.047407407,0.18,0.29,0.29,0.90259259,0.38066667,2,0
2024-12-26,3.9997146,-0.014826495,0.266,0.354,0.15,0.18,0.29,0.29,0.8,0.454,2,0.00037388889
2024-12-27,3.9672862,-0.0081076689,0.44192593,0.28066667,0.047407407,0.18,0.29,0.29,0.90259259,0.38066667,2,0.00037388889
2024-12-28,3.9920336,0.0062378446,0.44192593,0.28066667,0.047407407,0.18,0.29,0.29,0.90259259,0.38066667,2,0
2024-12-29,3.9639185,-0.0070427927,0.44192593,0.28066667,0.047407407,0.18,0.29,0.29,0.90259259,0.38066667,2,0
2024-12-30,3.9289443,-0.0088231264,0.44192593,0.28066667,0.047407407,0.18,0.29,0.29,0.90259259,0.38066667,2,0
2024-12-31,3.9496442,0.0052685587,0.44192593,0.28066667,0.047407407,0.18,0.29,0.29,0.90259259,0.38066667,2,0
2025-01-01,3.9568932,0.0018353447,0.38592593,0.19666667,0.047407407,0.32,0.15,0.15,1.1125926,0.39666667,5,0.00021
2025-01-02,4.0122421,0.013987976,0.44192593,0.28066667,0.047407407,0.18,0.29,0.29,0.90259259,0.38066667,2,0.00021
2025-01-03,4.0211207,0.0022128758,0.40992593,0.23266667,0.047407407,0.26,0.21,0.21,1.0225926,0.43266667,4,0.00012
2025-01-04,4.0207697,-8.7293476e-05,0.44192593,0.28066667,0.047407407,0.18,0.29,0.29,0.90259259,0.38066667,2,0.00012
2025-01-05,4.0213671,0.00014858624,0.44192593,0.28066667,0.047407407,0.18,0.29,0.29,0.90259259,0.38066667,2,0
2025-01-06,4.0890458,0.016829768,0.45792593,0.30466667,0.047407407,0.14,0.33,0.33,0.99259259,0.45466667,2,6e-05
2025-01-07,4.0015835,-0.021389405,0.45792593,0.30466667,0.047407407,0.14,0.33,0.33,0.90259259,0.30466667,2,0
2025-01-08,3.9638189,-0.0094374255,0.42592593,0.25666667,0.047407407,0.22,0.25,0.25,1.1125926,0.35666667,4,0.00012
2025-01-09,3.9310243,-0.0082734922,0.48192593,0.34066667,0.047407407,0.08,0.39,0.39,0.90259259,0.34066667,1,0.00021
2025-01-10,3.9652399,0.008704003,0.44992593,0.29266667,0.047407407,0.16,0.31,0.31,1.0225926,0.39266667,3,0.00012
2025-01-11,3.9708513,0.0014151358,0.48192593,0.34066667,0.047407407,0.08,0.39,0.39,0.90259259,0.34066667,1,0.00012
2025-01-12,3.9701336,-0.00018072183,0.48192593,0.34066667,0.047407407,0.08,0.39,0.39,0.90259259,0.34066667,1,0
2025-01-13,3.9367358,-0.0084122747,0.45792593,0.30466667,0.047407407,0.14,0.33,0.33,0.99259259,0.45466667,2,9e-05
2025-01-14,3.9649163,0.0071583497,0.45792593,0.30466667,0.047407407,0.14,0.33,0.33,0.90259259,0.30466667,2,0
2025-01-15,4.0266269,0.015564151,0.45792593,0.30466667,0.047407407,0.14,0.33,0.33,0.90259259,0.30466667,2,0
2025-01-16,4.0356843,0.0022493927,0.45792593,0.30466667,0.047407407,0.14,0.33,0.33,0.90259259,0.30466667,2,0
2025-01-17,4.0756538,0.009904012,0.45792593,0.30466667,0.047407407,0.14,0.33,0.33,0.90259259,0.30466667,2,0
2025-01-18,4.078146,0.00061148162,0.48192593,0.34066667,0.047407407,0.08,0.39,0.39,0.90259259,0.34066667,1,9e-05
2025-01-19,4.0182347,-0.014690809,0.306,0.414,0.15,0.08,0.39,0.39,0.8,0.414,1,0.00037388889
2025-01-20,4.0431105,0.0061907206,0.48192593,0.34066667,0.047407407,0.08,0.39,0.39,0.90259259,0.34066667,1,0.00037388889
2025-01-21,4.1227405,0.01969524,0.306,0.414,0.15,0.08,0.39,0.39,0.8,0.414,1,0.00037388889
2025-01-22,4.0906261,-0.0077895894,0.306,0.414,0.15,0.08,0.39,0.39,0.8,0.414,1,0
2025-01-23,4.0918361,0.00029579528,0.306,0.414,0.15,0.08,0.39,0.39,0.8,0.414,1,0
2025-01-24,4.1126238,0.0050802858,0.306,0.414,0.15,0.08,0.39,0.39,0.8,0.414,1,0
2025-01-25,4.1148598,0.00054371132,0.306,0.414,0.15,0.08,0.39,0.39,0.8,0.414,1,0
2025-01-26,4.0772426,-0.0091418138,0.306,0.414,0.15,0.08,0.39,0.39,0.8,0.414,1,0
2025-01-27,4.0594815,-0.0043561377,0.306,0.414,0.15,0.08,0.39,0.39,0.8,0.414,1,0
2025-01-28,4.0484133,-0.0027265046,0.282,0.378,0.15,0.14,0.33,0.33,0.8,0.378,2,9e-05
2025-01-29,4.0872279,0.0095875955,0.282,0.378,0.15,0.14,0.33,0.33,0.8,0.378,2,0
2025-01-30,4.1259907,0.0094838808,0.282,0.378,0.15,0.14,0.33,0.33,0.8,0.378,2,0
2025-01-31,4.1006405,-0.0061440226,0.282,0.378,0.15,0.14,0.33,0.33,0.8,0.378,2,0
2025-02-01,4.065354,-0.0086051208,0.282,0.378,0.15,0.14,0.33,0.33,0.8,0.378,2,0
2025-02-02,4.0228686,-0.010450591,0.48192593,0.34066667,0.047407407,0.08,0.39,0.39,0.90259259,0.34066667,1,0.00035588889
2025-02-03,4.1083281,0.021243422,0.45792593,0.30466667,0.047407407,0.14,0.33,0.33,0.99259259,0.45466667,2,9e-05
2025-02-04,4.0654988,-0.010424999,0.45792593,0.30466667,0.047407407,0.14,0.33,0.33,0.90259259,0.30466667,2,0
2025-02-05,4.1067061,0.010135852,0.42592593,0.25666667,0.047407407,0.22,0.25,0.25,1.1125926,0.35666667,4,0.00012
2025-02-06,4.078589,-0.0068466224,0.48192593,0.34066667,0.047407407,0.08,0.39,0.39,0.90259259,0.34066667,1,0.00021
2025-02-07,4.0906048,0.0029460551,0.44992593,0.29266667,0.047407407,0.16,0.31,0.31,1.0225926,0.39266667,3,0.00012
2025-02-08,4.0892304,-0.00033598616,0.48192593,0.34066667,0.047407407,0.08,0.39,0.39,0.90259259,0.34066667,1,0.00012
2025-02-09,4.1060048,0.0041020978,0.48192593,0.34066667,0.047407407,0.08,0.39,0.39,0.90259259,0.34066667,1,0
2025-02-10,4.1398691,0.0082474946,0.45792593,0.30466667,0.047407407,0.14,0.33,0.33,0.99259259,0.45466667,2,9e-05
2025-02-11,4.1047345,-0.0084868771,0.48192593,0.34066667,0.047407407,0.08,0.39,0.39,0.90259259,0.34066667,1,9e-05
2025-02-12,4.1522804,0.011583175,0.42592593,0.25666667,0.047407407,0.22,0.25,0.25,1.1125926,0.35666667,4,0.00021
2025-02-13,4.1482875,-0.00096162173,0.48192593,0.34066667,0.047407407,0.08,0.39,0.39,0.90259259,0.34066667,1,0.00021
2025-02-14,4.1320446,-0.0039155475,0.44992593,0.29266667,0.047407407,0.16,0.31,0.31,1.0225926,0.39266667,3,0.00012
2025-02-15,4.1284908,-0.00086005852,0.48192593,0.34066667,0.047407407,0.08,0.39,0.39,0.90259259,0.34066667,1,0.00012
2025-02-16,4.1028221,-0.0062174608,0.48192593,0.34066667,0.047407407,0.08,0.39,0.39,0.90259259,0.34066667,1,0
2025-02-17,4.1068383,0.00097888705,0.48192593,0.34066667,0.047407407,0.08,0.39,0.39,0.90259259,0.34066667,1,0
2025-02-18,4.1291554,0.0054341211,0.48192593,0.34066667,0.047407407,0.08,0.39,0.39,0.90259259,0.34066667,1,0
2025-02-19,4.1428809,0.0033240446,0.48192593,0.34066667,0.047407407,0.08,0.39,0.39,0.90259259,0.34066667,1,0
2025-02-20,4.1712614,0.0068504488,0.48192593,0.34066667,0.047407407,0.08,0.39,0.39,0.90259259,0.34066667,1,0
2025-02-21,4.1385601,-0.0078396761,0.48192593,0.34066667,0.047407407,0.08,0.39,0.39,0.90259259,0.34066667,1,0
2025-02-22,4.1474336,0.0021441124,0.48192593,0.34066667,0.047407407,0.08,0.39,0.39,0.90259259,0.34066667,1,0
2025-02-23,4.1486075,0.00028304113,0.48192593,0.34066667,0.047407407,0.08,0.39,0.39,0.90259259,0.34066667,1,0
2025-02-24,4.0964358,-0.012575726,0.48192593,0.34066667,0.047407407,0.08,0.39,0.39,0.90259259,0.34066667,1,0
2025-02-25,4.0288805,-0.01649124,0.63792593,0.18466667,0.047407407,0.08,0.39,0.39,0.90259259,0.18466667,1,0.000468
2025-02-26,3.9865503,-0.010506681,0.63792593,0.18466667,0.047407407,0.08,0.39,0.39,0.90259259,0.18466667,1,0
2025-02-27,3.9507634,-0.008976915,0.63792593,0.18466667,0.047407407,0.08,0.39,0.39,0.90259259,0.18466667,1,0
2025-02-28,3.9241915,-0.0067257635,0.63792593,0.18466667,0.047407407,0.08,0.39,0.39,0.90259259,0.18466667,1,0
2025-03-01,3.9336704,0.0024155115,0.63792593,0.18466667,0.047407407,0.08,0.39,0.39,0.90259259,0.18466667,1,0
2025-03-02,4.0213848,0.02229836,0.63792593,0.18466667,0.047407407,0.08,0.39,0.39,0.90259259,0.18466667,1,0
2025-03-03,3.9020917,-0.029664693,0.45792593,0.30466667,0.047407407,0.14,0.33,0.33,0.99259259,0.45466667,2,0.00045
2025-03-04,3.9437019,0.010663577,0.63792593,0.18466667,0.047407407,0.08,0.39,0.39,0.90259259,0.18466667,1,0.00045
2025-03-05,3.9819672,0.009702888,0.52592593,0.15666667,0.047407407,0.22,0.25,0.25,0.90259259,0.19666667,4,0.00021
2025-03-06,3.9688055,-0.0033053282,0.63792593,0.18466667,0.047407407,0.08,0.39,0.39,0.90259259,0.18466667,1,0.00021
2025-03-07,3.9349077,-0.0085410731,0.44992593,0.29266667,0.047407407,0.16,0.31,0.31,0.90259259,0.33266667,3,0.000444
2025-03-08,3.9352117,7.7255865e-05,0.63792593,0.18466667,0.047407407,0.08,0.39,0.39,0.90259259,0.18466667,1,0.000444
2025-03-09,3.8864451,-0.012392364,0.63792593,0.18466667,0.047407407,0.08,0.39,0.39,0.90259259,0.18466667,1,0
2025-03-10,3.8274117,-0.015189563,0.58992593,0.17266667,0.047407407,0.14,0.33,0.33,0.90259259,0.23266667,2,9e-05
2025-03-11,3.8905994,0.016509242,0.63792593,0.18466667,0.047407407,0.08,0.39,0.39,0.90259259,0.18466667,1,9e-05
2025-03-12,3.9037079,0.0033692909,0.52592593,0.15666667,0.047407407,0.22,0.25,0.25,0.90259259,0.19666667,4,0.00021
2025-03-13,3.9290175,0.0064834811,0.63792593,0.18466667,0.047407407,0.08,0.39,0.39,0.90259259,0.18466667,1,0.00021
2025-03-14,3.9508847,0.0055655592,0.57392593,0.16866667,0.047407407,0.16,0.31,0.31,0.90259259,0.20866667,3,0.00012
2025-03-15,3.9585371,0.0019368749,0.63792593,0.18466667,0.047407407,0.08,0.39,0.39,0.90259259,0.18466667,1,0.00012
2025-03-16,3.9719275,0.003382668,0.63792593,0.18466667,0.047407407,0.08,0.39,0.39,0.90259259,-0.18466667,1,0
2025-03-17,3.9676733,-0.0010710749,0.63792593,0.18466667,0.047407407,0.08,0.39,0.39,0.90259259,-0.18466667,1,0
2025-03-18,4.0260824,0.014721268,0.63792593,0.18466667,0.047407407,0.08,0.39,0.39,0.90259259,-0.18466667,1,0
2025-03-19,3.9864965,-0.0098323712,0.63792593,0.18466667,0.047407407,0.08,0.39,0.39,0.90259259,-0.18466667,1,0
2025-03-20,4.0165583,0.0075409025,0.45792593,0.30466667,0.047407407,0.14,0.33,0.33,0.90259259,-0.30466667,2,0.00045
2025-03-21,4.001282,-0.0038033354,0.58992593,0.17266667,0.047407407,0.14,0.33,0.33,0.90259259,-0.17266667,2,0.000396
2025-03-22,4.0110155,0.0024325924,0.58992593,0.17266667,0.047407407,0.14,0.33,0.33,0.90259259,-0.17266667,2,0
2025-03-23,3.995444,-0.003882184,0.58992593,0.17266667,0.047407407,0.14,0.33,0.33,0.90259259,-0.17266667,2,0
2025-03-24,3.9537743,-0.01042929,0.63792593,0.18466667,0.047407407,0.08,0.39,0.39,0.90259259,-0.18466667,1,9e-05
2025-03-25,3.9592365,0.0013815134,0.48192593,0.34066667,0.047407407,0.08,0.39,0.39,0.90259259,-0.34066667,1,0.000468
2025-03-26,3.9635576,0.0010913962,0.48192593,0.34066667,0.047407407,0.08,0.39,0.39,0.90259259,-0.34066667,1,0
2025-03-27,3.9813252,0.0044827484,0.48192593,0.34066667,0.047407407,0.08,0.39,0.39,0.90259259,-0.34066667,1,0
2025-03-28,4.046355,0.016333696,0.48192593,0.34066667,0.047407407,0.08,0.39,0.39,0.90259259,-0.34066667,1,0
2025-03-29,4.0918158,0.011235004,0.48192593,0.34066667,0.047407407,0.08,0.39,0.39,0.90259259,-0.34066667,1,0
2025-03-30,4.0898929,-0.00046993959,0.48192593,0.34066667,0.047407407,0.08,0.39,0.39,0.90259259,-0.34066667,1,0
2025-03-31,4.1126014,0.0055523479,0.48192593,0.34066667,0.047407407,0.08,0.39,0.39,0.90259259,-0.34066667,1,0
2025-04-01,4.0576891,-0.013352196,0.48192593,0.34066667,0.047407407,0.08,0.39,0.39,0.90259259,-0.34066667,1,0
2025-04-02,4.1224384,0.015957185,0.42592593,0.25666667,0.047407407,0.22,0.25,0.25,0.90259259,-0.21666667,4,0.00021
2025-04-03,4.0693362,-0.012881275,0.48192593,0.34066667,0.047407407,0.08,0.39,0.39,0.90259259,-0.34066667,1,0.00021
2025-04-04,4.02048,-0.012005941,0.44992593,0.29266667,0.047407407,0.16,0.31,0.31,1.0225926,-0.19266667,3,0.00012
2025-04-05,4.0340612,0.0033780095,0.48192593,0.34066667,0.047407407,0.08,0.39,0.39,0.90259259,-0.34066667,1,0.00012
2025-04-06,4.0775737,0.010786273,0.48192593,0.34066667,0.047407407,0.08,0.39,0.39,0.90259259,-0.34066667,1,0
2025-04-07,4.0823178,0.0011634636,0.45792593,0.30466667,0.047407407,0.14,0.33,0.33,0.99259259,-0.15466667,2,9e-05
2025-04-08,4.1292944,0.011507349,0.48192593,0.34066667,0.047407407,0.08,0.39,0.39,0.90259259,-0.34066667,1,9e-05
2025-04-09,4.2044097,0.01819083,0.42592593,0.25666667,0.047407407,0.22,0.25,0.25,1.1125926,-0.15666667,4,0.00021
2025-04-10,4.314726,0.026238222,0.306,0.414,0.15,0.08,0.39,0.39,0.8,-0.414,1,0.00041588889
2025-04-11,4.2991842,-0.0036020193,0.44992593,0.29266667,0.047407407,0.16,0.31,0.31,1.0225926,-0.19266667,3,0.00039788889
2025-04-12,4.2516136,-0.011065034,0.48192593,0.34066667,0.047407407,0.08,0.39,0.39,0.90259259,-0.34066667,1,0.00012
2025-04-13,4.2834888,0.0074971881,0.306,0.414,0.15,0.08,0.39,0.39,0.8,-0.414,1,0.00037388889
2025-04-14,4.2646974,-0.0043869337,0.45792593,0.30466667,0.047407407,0.14,0.33,0.33,0.99259259,-0.15466667,2,0.00039188889
2025-04-15,4.2984048,0.0079038209,0.48192593,0.34066667,0.047407407,0.08,0.39,0.39,0.90259259,-0.34066667,1,9e-05
2025-04-16,4.3627395,0.014967105,0.48192593,0.34066667,0.047407407,0.08,0.39,0.39,0.90259259,-0.34066667,1,0
2025-04-17,4.3272757,-0.0081287945,0.48192593,0.34066667,0.047407407,0.08,0.39,0.39,0.90259259,-0.34066667,1,0
2025-04-18,4.3392897,0.0027763576,0.48192593,0.34066667,0.047407407,0.08,0.39,0.39,0.90259259,-0.34066667,1,0
2025-04-19,4.3256779,-0.0031368684,0.48192593,0.34066667,0.047407407,0.08,0.39,0.39,0.90259259,-0.34066667,1,0
2025-04-20,4.3376156,0.0027597145,0.48192593,0.34066667,0.047407407,0.08,0.39,0.39,0.90259259,-0.34066667,1,0
2025-04-21,4.3542061,0.0038248004,0.48192593,0.34066667,0.047407407,0.08,0.39,0.39,0.90259259,-0.34066667,1,0
2025-04-22,4.2131059,-0.03240549,0.44992593,0.29266667,0.047407407,0.16,0.31,0.31,0.90259259,-0.21266667,2,0.00012
2025-04-23,4.2166737,0.00084682332,0.25,0.33,0.15,0.22,0.25,0.25,0.8,-0.25,3,0.00035588889
2025-04-24,4.2335816,0.0040097703,0.25,0.33,0.15,0.22,0.25,0.25,0.8,-0.25,3,0
2025-04-25,4.2098282,-0.0056107011,0.25,0.33,0.15,0.22,0.25,0.25,0.8,-0.25,3,0
2025-04-26,4.2077467,-0.00049442639,0.282,0.378,0.15,0.14,0.33,0.33,0.8,-0.378,2,0.00012
2025-04-27,4.1867479,-0.0049905274,0.306,0.414,0.15,0.08,0.39,0.39,0.8,0.414,1,9e-05
2025-04-28,4.2265502,0.0095067368,0.298,0.40039841,0.15,0.099601594,0.37,0.37,0.798,0.5,1,3.240239e-05
2025-04-29,4.2015422,-0.0059168724,0.298,0.40039841,0.15,0.099601594,0.37,0.37,0.798,0.5,1,0
2025-04-30,4.1865095,-0.0035779102,0.298,0.40039841,0.15,0.099601594,0.37,0.37,0.798,0.5,1,0
2025-05-01,4.2259367,0.0094176827,0.298,0.40039841,0.15,0.099601594,0.37,0.37,0.798,0.5,1,0
2025-05-02,4.2277699,0.00043379355,0.266,0.31949458,0.15,0.16635379,0.29,0.29,0.866,0.5,3,0.00016935573
2025-05-03,4.2065716,-0.0050140572,0.298,0.40039841,0.15,0.099601594,0.37,0.37,0.798,0.5,1,0.00016935573
2025-05-04,4.1739225,-0.0077614593,0.298,0.40039841,0.15,0.099601594,0.37,0.37,0.798,0.5,1,0
2025-05-05,4.208612,0.0083110052,0.274,0.29707792,0.15,0.12987013,0.31,0.31,0.774,0.5,2,0.00019098073
2025-05-06,4.2773826,0.016340466,0.298,0.40039841,0.15,0.099601594,0.37,0.37,0.798,0.5,1,0.00019098073
2025-05-07,4.2766133,-0.0001798614,0.242,0.30694981,0.15,0.23513514,0.23,0.23,0.992,0.5,4,0.0002241729
2025-05-08,4.3900629,0.026527904,0.298,0.40039841,0.15,0.099601594,0.37,0.37,0.798,0.5,1,0.0002241729
2025-05-09,4.4408296,0.011564,0.242,0.30694981,0.15,0.23513514,0.23,0.23,0.902,0.5,4,0.0002241729
2025-05-10,4.4981697,0.012912024,0.242,0.318,0.15,0.24,0.23,0.23,0.8,0.418,3,1.657529e-05
2025-05-11,4.4679541,-0.0067173009,0.242,0.318,0.15,0.24,0.23,0.23,0.8,0.418,3,0
2025-05-12,4.4212761,-0.010447281,0.218,0.26503759,0.15,0.29037594,0.17,0.17,0.858,0.5,4,0.00011544361
2025-05-13,4.4693803,0.010880147,0.242,0.318,0.15,0.24,0.23,0.23,0.8,0.418,3,0.00011544361
2025-05-14,4.4075456,-0.013835175,0.186,0.234,0.15,0.38,0.09,0.09,1.01,0.434,6,0.00021
2025-05-15,4.421782,0.0032300065,0.242,0.318,0.15,0.24,0.23,0.23,0.8,0.418,3,0.00021
2025-05-16,4.4071279,-0.0033140733,0.242,0.318,0.15,0.24,0.23,0.23,0.8,0.418,3,0
2025-05-17,4.3962964,-0.0024577248,0.242,0.318,0.15,0.24,0.23,0.23,0.8,0.418,3,0
2025-05-18,4.4648688,0.015597762,0.242,0.318,0.15,0.24,0.23,0.23,0.8,0.418,3,0
2025-05-19,4.4494732,-0.0034481565,0.242,0.318,0.15,0.24,0.23,0.23,0.8,0.418,3,0
2025-05-20,4.4939868,0.01000423,0.242,0.318,0.15,0.24,0.23,0.23,0.8,0.418,3,0
2025-05-21,4.5525233,0.013025532,0.242,0.318,0.15,0.24,0.23,0.23,0.8,0.418,3,0
2025-05-22,4.5959743,0.0095443654,0.242,0.318,0.15,0.24,0.23,0.23,0.8,0.418,3,0
2025-05-23,4.5240174,-0.015656508,0.242,0.318,0.15,0.24,0.23,0.23,0.8,0.418,3,0
2025-05-24,4.5326361,0.0019051037,0.242,0.318,0.15,0.24,0.23,0.23,0.8,0.418,3,0
2025-05-25,4.5523116,0.0043408453,0.242,0.318,0.15,0.24,0.23,0.23,0.8,0.418,3,0
2025-05-26,4.5646093,0.0027014236,0.242,0.318,0.15,0.24,0.23,0.23,0.8,0.418,3,0
2025-05-27,4.5545207,-0.0022101687,0.242,0.318,0.15,0.24,0.23,0.23,0.8,0.418,3,0
2025-05-28,4.5255942,-0.0063511662,0.218,0.282,0.15,0.3,0.17,0.17,0.8,0.382,4,9e-05
2025-05-29,4.5018902,-0.0052377632,0.218,0.282,0.15,0.3,0.17,0.17,0.8,0.382,4,0
2025-05-30,4.4667171,-0.007812981,0.242,0.318,0.15,0.24,0.23,0.23,0.8,0.418,3,9e-05
2025-05-31,4.4762801,0.0021409469,0.242,0.318,0.15,0.24,0.23,0.23,0.8,0.418,3,0
2025-06-01,4.5047194,0.0063533383,0.266,0.354,0.15,0.18,0.29,0.29,0.8,0.454,2,9e-05
2025-06-02,4.5296062,0.0055246177,0.242,0.27992958,0.15,0.22084507,0.23,0.23,0.822,0.5,3,0.00014710563
2025-06-03,4.5099529,-0.0043388689,0.266,0.354,0.15,0.18,0.29,0.29,0.8,0.454,2,0.00014710563
2025-06-04,4.4957541,-0.0031483214,0.21,0.27,0.15,0.32,0.15,0.15,1.01,0.47,5,0.00021
2025-06-05,4.4336463,-0.01381477,0.306,0.414,0.15,0.08,0.39,0.39,0.8,0.414,1,0.00036
2025-06-06,4.4534587,0.0044686601,0.44992593,0.29266667,0.047407407,0.16,0.31,0.31,1.0225926,0.39266667,3,0.00039788889
2025-06-07,4.4734758,0.004494729,0.306,0.414,0.15,0.08,0.39,0.39,0.8,0.414,1,0.00039788889
2025-06-08,4.4798784,0.0014312401,0.48192593,0.34066667,0.047407407,0.08,0.39,0.39,0.90259259,0.34066667,1,0.00037388889
2025-06-09,4.5593368,0.017736717,0.45792593,0.30466667,0.047407407,0.14,0.33,0.33,0.99259259,0.45466667,2,9e-05
2025-06-10,4.5691401,0.0021501604,0.258,0.342,0.15,0.2,0.27,0.27,0.8,0.342,3,0.00035588889
2025-06-11,4.5695725,9.464447e-05,0.226,0.294,0.15,0.28,0.19,0.19,1.01,0.394,5,0.00012
2025-06-12,4.5329617,-0.0080118743,0.282,0.378,0.15,0.14,0.33,0.33,0.8,0.378,2,0.00021
2025-06-13,4.5718885,0.0085874933,0.42592593,0.25666667,0.047407407,0.22,0.25,0.25,1.0225926,0.35666667,4,0.00039788889
2025-06-14,4.5777096,0.0012732504,0.48192593,0.34066667,0.047407407,0.08,0.39,0.39,0.90259259,0.34066667,1,0.00021
2025-06-15,4.5736818,-0.00087988607,0.48192593,0.34066667,0.047407407,0.08,0.39,0.39,0.90259259,0.34066667,1,0
2025-06-16,4.5632039,-0.0022909013,0.48192593,0.34066667,0.047407407,0.08,0.39,0.39,0.90259259,0.34066667,1,0
2025-06-17,4.5186532,-0.0097630389,0.48192593,0.34066667,0.047407407,0.08,0.39,0.39,0.90259259,0.34066667,1,0
2025-06-18,4.5119436,-0.0014848605,0.48192593,0.34066667,0.047407407,0.08,0.39,0.39,0.90259259,0.34066667,1,0
2025-06-19,4.5050507,-0.0015277037,0.48192593,0.34066667,0.047407407,0.08,0.39,0.39,0.90259259,0.34066667,1,0
2025-06-20,4.4883039,-0.003717326,0.48192593,0.34066667,0.047407407,0.08,0.39,0.39,0.90259259,0.34066667,1,0
2025-06-21,4.4753611,-0.002883678,0.42592593,0.25666667,0.047407407,0.22,0.25,0.25,0.90259259,0.17666667,3,0.00021
2025-06-22,4.4689016,-0.0014433558,0.42592593,0.25666667,0.047407407,0.22,0.25,0.25,0.90259259,0.17666667,3,0
2025-06-23,4.502965,0.0076223353,0.42592593,0.25666667,0.047407407,0.22,0.25,0.25,0.90259259,0.17666667,3,0
2025-06-24,4.5000994,-0.00063638361,0.42592593,0.25666667,0.047407407,0.22,0.25,0.25,0.90259259,0.17666667,3,0
2025-06-25,4.5227676,0.005037261,0.48192593,0.34066667,0.047407407,0.08,0.39,0.39,0.90259259,0.34066667,1,0.00021
2025-06-26,4.5038851,-0.0041749831,0.45792593,0.30466667,0.047407407,0.14,0.33,0.33,0.90259259,0.30466667,2,9e-05
2025-06-27,4.4809899,-0.0050834464,0.48192593,0.34066667,0.047407407,0.08,0.39,0.39,0.90259259,0.34066667,1,9e-05
2025-06-28,4.4802958,-0.00015488487,0.48192593,0.34066667,0.047407407,0.08,0.39,0.39,0.90259259,0.34066667,1,0
2025-06-29,4.4872085,0.0015429071,0.48192593,0.34066667,0.047407407,0.08,0.39,0.39,0.90259259,0.34066667,1,0
2025-06-30,4.4985505,0.0025276149,0.48192593,0.34066667,0.047407407,0.08,0.39,0.39,0.90259259,0.34066667,1,0
2025-07-01,4.4951649,-0.00075257949,0.48192593,0.34066667,0.047407407,0.08,0.39,0.39,0.90259259,0.34066667,1,0
2025-07-02,4.5961116,0.022456724,0.42592593,0.25666667,0.047407407,0.22,0.25,0.25,1.1125926,0.35666667,4,0.00021
2025-07-03,4.5951221,-0.00021529945,0.48192593,0.34066667,0.047407407,0.08,0.39,0.39,0.90259259,0.34066667,1,0.00021
2025-07-04,4.5634316,-0.0068965414,0.44992593,0.29266667,0.047407407,0.16,0.31,0.31,1.0225926,0.39266667,3,0.00012
2025-07-05,4.5665363,0.00068033887,0.48192593,0.34066667,0.047407407,0.08,0.39,0.39,0.90259259,0.34066667,1,0.00012
2025-07-06,4.5788661,0.002700042,0.306,0.414,0.15,0.08,0.39,0.39,0.8,0.414,1,0.00037388889
2025-07-07,4.5576475,-0.0046340402,0.45792593,0.30466667,0.047407407,0.14,0.33,0.33,0.99259259,0.45466667,2,0.00039188889
2025-07-08,4.549174,-0.0018591833,0.48192593,0.34066667,0.047407407,0.08,0.39,0.39,0.90259259,0.34066667,1,9e-05
2025-07-09,4.6423206,0.020475503,0.40192593,0.22066667,0.047407407,0.28,0.19,0.19,1.1125926,0.32066667,5,0.0003
2025-07-10,4.7235002,0.01748685,0.43392593,0.26866667,0.047407407,0.2,0.27,0.27,0.90259259,0.26866667,3,0.00012
2025-07-11,4.7732016,0.010522158,0.226,0.294,0.15,0.28,0.19,0.19,0.92,0.394,5,0.00034988889
2025-07-12,4.7867033,0.0028286459,0.258,0.342,0.15,0.2,0.27,0.27,0.8,0.342,3,0.00012
2025-07-13,4.8220548,0.0073853513,0.258,0.342,0.15,0.2,0.27,0.27,0.8,0.342,3,0
2025-07-14,4.8186584,-0.000704337,0.258,0.342,0.15,0.2,0.27,0.27,0.89,0.492,3,0
2025-07-15,4.7943399,-0.0050467527,0.282,0.378,0.15,0.14,0.33,0.33,0.8,0.378,2,9e-05
2025-07-16,4.8345849,0.0083942907,0.282,0.378,0.15,0.14,0.33,0.33,0.8,0.378,2,0
2025-07-17,4.8487053,0.0029207008,0.242,0.318,0.15,0.24,0.23,0.23,0.8,0.418,3,0.00015
2025-07-18,4.8359771,-0.0026250716,0.242,0.318,0.15,0.24,0.23,0.23,0.8,0.418,3,0
2025-07-19,4.8417139,0.0011862782,0.242,0.318,0.15,0.24,0.23,0.23,0.8,0.418,3,0
2025-07-20,4.8433761,0.00034330244,0.242,0.318,0.15,0.24,0.23,0.23,0.8,0.418,3,0
2025-07-21,4.8613046,0.0037016538,0.242,0.318,0.15,0.24,0.23,0.23,0.8,0.418,3,0
2025-07-22,4.9149952,0.011044489,0.242,0.318,0.15,0.24,0.23,0.23,0.8,0.418,3,0
2025-07-23,4.8746195,-0.0082148071,0.242,0.318,0.15,0.24,0.23,0.23,0.8,0.418,3,0
2025-07-24,4.8677621,-0.0014067614,0.242,0.318,0.15,0.24,0.23,0.23,0.8,0.418,3,0
2025-07-25,4.847445,-0.0041738068,0.242,0.318,0.15,0.24,0.23,0.23,0.8,0.418,3,0
2025-07-26,4.853967,0.0013454527,0.21,0.27,0.15,0.32,0.15,0.15,0.8,0.29,4,0.00012
2025-07-27,4.8835592,0.0060965099,0.21,0.27,0.15,0.32,0.15,0.15,0.8,0.29,4,0
2025-07-28,4.8492776,-0.0070198019,0.21,0.27,0.15,0.32,0.15,0.15,0.8,0.29,4,0
2025-07-29,4.8517592,0.00051174176,0.21,0.27,0.15,0.32,0.15,0.15,0.8,0.29,4,0
2025-07-30,4.8380018,-0.0028355485,0.242,0.318,0.15,0.24,0.23,0.23,0.8,0.418,3,0.00012
2025-07-31,4.7923114,-0.0094440646,0.242,0.318,0.15,0.24,0.23,0.23,0.8,0.418,3,0
2025-08-01,4.7384538,-0.011238339,0.21,0.27,0.15,0.32,0.15,0.15,0.92,0.47,5,0.00012
2025-08-02,4.7231217,-0.0032356612,0.44192593,0.28066667,0.047407407,0.18,0.29,0.29,0.90259259,0.38066667,2,0.00036388889
2025-08-03,4.7520244,0.0061193996,0.44192593,0.28066667,0.047407407,0.18,0.29,0.29,0.90259259,0.38066667,2,0
2025-08-04,4.788308,0.007635399,0.218,0.26503759,0.15,0.29037594,0.17,0.17,0.858,0.5,4,0.0003593325
2025-08-05,4.7657064,-0.0047201667,0.242,0.318,0.15,0.24,0.23,0.23,0.8,0.418,3,0.00011544361
2025-08-06,4.7972455,0.0066179348,0.36192593,0.16066667,0.047407407,0.38,0.09,0.09,1.1125926,0.36066667,6,0.00041588889
2025-08-07,4.8611177,0.013314336,0.282,0.378,0.15,0.14,0.33,0.33,0.8,0.378,2,0.00044588889
2025-08-08,4.8611797,1.27689e-05,0.25,0.33,0.15,0.22,0.25,0.25,0.92,0.43,4,0.00012
2025-08-09,4.8737638,0.0025886913,0.45792593,0.30466667,0.047407407,0.14,0.33,0.33,0.90259259,0.30466667,2,0.00034988889
2025-08-10,4.9085947,0.0071465948,0.45792593,0.30466667,0.047407407,0.14,0.33,0.33,0.90259259,0.30466667,2,0
2025-08-11,4.8599576,-0.0099085569,0.43392593,0.26866667,0.047407407,0.2,0.27,0.27,0.99259259,0.41866667,3,9e-05
2025-08-12,4.8999152,0.0082218005,0.45792593,0.30466667,0.047407407,0.14,0.33,0.33,0.90259259,0.30466667,2,9e-05
2025-08-13,4.985625,0.017492101,0.37792593,0.18466667,0.047407407,0.34,0.13,0.13,1.1125926,0.28466667,6,0.0003
2025-08-14,4.8983605,-0.01750321,0.43392593,0.26866667,0.047407407,0.2,0.27,0.27,0.90259259,0.26866667,3,0.00021
2025-08-15,4.877389,-0.0042813462,0.43392593,0.26866667,0.047407407,0.2,0.27,0.27,0.90259259,0.26866667,3,0
2025-08-16,4.8732089,-0.00085702588,0.45792593,0.30466667,0.047407407,0.14,0.33,0.33,0.90259259,0.30466667,2,9e-05
2025-08-17,4.8691064,-0.00084185584,0.48192593,0.34066667,0.047407407,0.08,0.39,0.39,0.90259259,0.34066667,1,9e-05
2025-08-18,4.8576578,-0.0023512684,0.48192593,0.34066667,0.047407407,0.08,0.39,0.39,0.90259259,0.34066667,1,0
2025-08-19,4.7971513,-0.012455908,0.48192593,0.34066667,0.047407407,0.08,0.39,0.39,0.90259259,0.34066667,1,0
2025-08-20,4.8364594,0.008194058,0.48192593,0.34066667,0.047407407,0.08,0.39,0.39,0.90259259,0.34066667,1,0
2025-08-21,4.805133,-0.0064771376,0.48192593,0.34066667,0.047407407,0.08,0.39,0.39,0.90259259,0.34066667,1,0
2025-08-22,4.8928986,0.018264971,0.48192593,0.34066667,0.047407407,0.08,0.39,0.39,0.90259259,0.34066667,1,0
2025-08-23,4.8688149,-0.0049221826,0.48192593,0.34066667,0.047407407,0.08,0.39,0.39,0.90259259,0.34066667,1,0
2025-08-24,4.8411372,-0.0056846789,0.48192593,0.34066667,0.047407407,0.08,0.39,0.39,0.90259259,0.34066667,1,0
2025-08-25,4.7798455,-0.012660603,0.48192593,0.34066667,0.047407407,0.08,0.39,0.39,0.90259259,0.34066667,1,0
2025-08-26,4.8283998,0.01015814,0.48192593,0.34066667,0.047407407,0.08,0.39,0.39,0.90259259,0.34066667,1,0
2025-08-27,4.8278546,-0.00011292679,0.48192593,0.34066667,0.047407407,0.08,0.39,0.39,0.90259259,0.34066667,1,0
2025-08-28,4.8664716,0.0079987891,0.48192593,0.34066667,0.047407407,0.08,0.39,0.39,0.90259259,0.34066667,1,0
2025-08-29,4.8364482,-0.0061694245,0.48192593,0.34066667,0.047407407,0.08,0.39,0.39,0.90259259,0.34066667,1,0
2025-08-30,4.8438298,0.0015262409,0.48192593,0.34066667,0.047407407,0.08,0.39,0.39,0.90259259,0.34066667,1,0
2025-08-31,4.8337,-0.0020912905,0.48192593,0.34066667,0.047407407,0.08,0.39,0.39,0.90259259,0.34066667,1,0
2025-09-01,4.8802678,0.0096339878,0.45792593,0.30466667,0.047407407,0.14,0.33,0.33,0.99259259,0.45466667,2,9e-05
2025-09-02,4.9406034,0.012363183,0.48192593,0.34066667,0.047407407,0.08,0.39,0.39,0.90259259,0.34066667,1,9e-05
2025-09-03,5.0045682,0.012946756,0.42592593,0.25666667,0.047407407,0.22,0.25,0.25,1.1125926,0.35666667,4,0.00021
2025-09-04,4.9779947,-0.0053098443,0.48192593,0.34066667,0.047407407,0.08,0.39,0.39,0.90259259,0.34066667,1,0.00021
2025-09-05,5.0178649,0.0080092873,0.44992593,0.29266667,0.047407407,0.16,0.31,0.31,1.0225926,0.39266667,3,0.00012
2025-09-06,5.0318215,0.0027813811,0.48192593,0.34066667,0.047407407,0.08,0.39,0.39,0.90259259,0.34066667,1,0.00012
2025-09-07,5.0308643,-0.00019023612,0.48192593,0.34066667,0.047407407,0.08,0.39,0.39,0.90259259,0.34066667,1,0
2025-09-08,5.0748427,0.008741716,0.45792593,0.30466667,0.047407407,0.14,0.33,0.33,0.99259259,0.45466667,2,9e-05
2025-09-09,5.0680632,-0.0013358911,0.48192593,0.34066667,0.047407407,0.08,0.39,0.39,0.90259259,0.34066667,1,9e-05
2025-09-10,5.1193562,0.010120834,0.42592593,0.25666667,0.047407407,0.22,0.25,0.25,1.1125926,0.35666667,4,0.00021
2025-09-11,5.1347834,0.0030134936,0.48192593,0.34066667,0.047407407,0.08,0.39,0.39,0.90259259,0.34066667,1,0.00021
2025-09-12,5.1498883,0.0029416899,0.44992593,0.29266667,0.047407407,0.16,0.31,0.31,1.0225926,0.39266667,3,0.00012
2025-09-13,5.1454042,-0.00087072165,0.48192593,0.34066667,0.047407407,0.08,0.39,0.39,0.90259259,0.34066667,1,0.00012
2025-09-14,5.1396301,-0.0011221966,0.48192593,0.34066667,0.047407407,0.08,0.39,0.39,0.90259259,0.34066667,1,0
2025-09-15,5.1677342,0.0054681193,0.48192593,0.34066667,0.047407407,0.08,0.39,0.39,0.90259259,0.34066667,1,0
2025-09-16,5.204085,0.0070341946,0.48192593,0.34066667,0.047407407,0.08,0.39,0.39,0.90259259,0.34066667,1,0
2025-09-17,5.1765605,-0.0052890129,0.48192593,0.34066667,0.047407407,0.08,0.39,0.39,0.90259259,0.34066667,1,0
2025-09-18,5.1680555,-0.0016429934,0.48192593,0.34066667,0.047407407,0.08,0.39,0.39,0.90259259,0.34066667,1,0
2025-09-19,5.1771312,0.00175611,0.48192593,0.34066667,0.047407407,0.08,0.39,0.39,0.90259259,0.34066667,1,0
2025-09-20,5.1752027,-0.00037250068,0.48192593,0.34066667,0.047407407,0.08,0.39,0.39,0.90259259,0.34066667,1,0
2025-09-21,5.1721004,-0.00059944976,0.48192593,0.34066667,0.047407407,0.08,0.39,0.39,0.90259259,0.34066667,1,0
2025-09-22,5.1773295,0.0010110239,0.48192593,0.34066667,0.047407407,0.08,0.39,0.39,0.90259259,0.34066667,1,0
2025-09-23,5.1782704,0.00018172617,0.48192593,0.34066667,0.047407407,0.08,0.39,0.39,0.90259259,0.34066667,1,0
2025-09-24,5.1861125,0.0015144276,0.48192593,0.34066667,0.047407407,0.08,0.39,0.39,0.90259259,0.34066667,1,0
2025-09-25,5.1178844,-0.01315593,0.48192593,0.34066667,0.047407407,0.08,0.39,0.39,0.90259259,0.34066667,1,0
2025-09-26,5.1413,0.0045752507,0.48192593,0.34066667,0.047407407,0.08,0.39,0.39,0.90259259,0.34066667,1,0
2025-09-27,5.1424925,0.00023195021,0.48192593,0.34066667,0.047407407,0.08,0.39,0.39,0.90259259,0.34066667,1,0
2025-09-28,5.1836937,0.0080119236,0.48192593,0.34066667,0.047407407,0.08,0.39,0.39,0.90259259,0.34066667,1,0
2025-09-29,5.2649571,0.015676738,0.48192593,0.34066667,0.047407407,0.08,0.39,0.39,0.90259259,0.34066667,1,0
2025-09-30,5.2698839,0.00093577023,0.306,0.414,0.15,0.08,0.39,0.39,0.8,0.414,1,0.00037388889
2025-10-01,5.4000782,0.024705345,0.25,0.33,0.15,0.22,0.25,0.25,1.01,0.43,4,0.00021
2025-10-02,5.4407772,0.0075367414,0.282,0.378,0.15,0.14,0.33,0.33,0.8,0.378,2,0.00012
2025-10-03,5.4653798,0.0045218811,0.218,0.282,0.15,0.3,0.17,0.17,0.92,0.462,5,0.00024
2025-10-04,5.4760266,0.0019480509,0.274,0.366,0.15,0.16,0.31,0.31,0.8,0.446,2,0.00021
2025-10-05,5.5015469,0.0046603711,0.274,0.366,0.15,0.16,0.31,0.31,0.8,0.446,2,0
2025-10-06,5.5466878,0.0082051262,0.21,0.225,0.15,0.28,0.15,0.15,0.79,0.5,4,0.0003075
2025-10-07,5.4928463,-0.0097069621,0.234,0.306,0.15,0.26,0.21,0.21,0.8,0.486,3,0.0001575
2025-10-08,5.5425572,0.0090501062,0.178,0.22111554,0.15,0.39912351,0.07,0.07,1.008,0.5,6,0.00021132669
2025-10-09,5.5012686,-0.0074493672,0.234,0.306,0.15,0.26,0.21,0.21,0.8,0.486,3,0.00021132669
2025-10-10,5.329148,-0.031287437,0.234,0.30237154,0.15,0.25833992,0.21,0.21,0.914,0.5,4,5.4426877e-06
2025-10-11,5.2985778,-0.0057364226,0.48192593,0.34066667,0.047407407,0.08,0.39,0.39,0.90259259,0.34066667,1,0.00042933158
2025-10-12,5.3973494,0.018641163,0.48192593,0.34066667,0.047407407,0.08,0.39,0.39,0.90259259,0.34066667,1,0
2025-10-13,5.4660247,0.012723877,0.45792593,0.30466667,0.047407407,0.14,0.33,0.33,0.99259259,0.45466667,2,9e-05
2025-10-14,5.4527966,-0.0024200431,0.48192593,0.34066667,0.047407407,0.08,0.39,0.39,0.90259259,0.34066667,1,9e-05
2025-10-15,5.4511075,-0.00030976865,0.51392593,0.38866667,0.047407407,0,0.47,0.47,0.90259259,0.38866667,0,0.00012
2025-10-16,5.5330864,0.015038945,0.51392593,0.38866667,0.047407407,0,0.47,0.47,0.90259259,0.38866667,0,0
2025-10-17,5.3712943,-0.029240855,0.51392593,0.38866667,0.047407407,0,0.47,0.47,0.90259259,0.38866667,0,0
2025-10-18,5.3886253,0.0032266114,0.51392593,0.38866667,0.047407407,0,0.47,0.47,0.90259259,0.38866667,0,0
2025-10-19,5.4169095,0.0052488623,0.51392593,0.38866667,0.047407407,0,0.47,0.47,0.90259259,0.38866667,0,0
2025-10-20,5.5333636,0.021498247,0.51392593,0.38866667,0.047407407,0,0.47,0.47,0.90259259,0.38866667,0,0
2025-10-21,5.3167288,-0.039150654,0.51392593,0.38866667,0.047407407,0,0.47,0.47,0.90259259,0.38866667,0,0
2025-10-22,5.2984692,-0.0034343665,0.51392593,0.38866667,0.047407407,0,0.47,0.47,0.90259259,0.38866667,0,0
2025-10-23,5.3636535,0.012302492,0.51392593,0.38866667,0.047407407,0,0.47,0.47,0.90259259,0.38866667,0,0
2025-10-24,5.3765921,0.0024122685,0.51392593,0.38866667,0.047407407,0,0.47,0.47,0.90259259,0.38866667,0,0
2025-10-25,5.3860536,0.001759759,0.48192593,0.34066667,0.047407407,0.08,0.39,0.39,0.90259259,0.34066667,1,0.00012
2025-10-26,5.4021889,0.0029957563,0.48192593,0.34066667,0.047407407,0.08,0.39,0.39,0.90259259,0.34066667,1,0
2025-10-27,5.3516266,-0.0093595926,0.48192593,0.34066667,0.047407407,0.08,0.39,0.39,0.90259259,0.34066667,1,0
2025-10-28,5.3170056,-0.0064692578,0.48192593,0.34066667,0.047407407,0.08,0.39,0.39,0.90259259,0.34066667,1,0
2025-10-29,5.2630764,-0.010142768,0.48192593,0.34066667,0.047407407,0.08,0.39,0.39,0.90259259,0.34066667,1,0
2025-10-30,5.28548,0.0042567376,0.48192593,0.34066667,0.047407407,0.08,0.39,0.39,0.90259259,0.34066667,1,0
2025-10-31,5.2854305,-9.3489666e-06,0.48192593,0.34066667,0.047407407,0.08,0.39,0.39,0.90259259,0.34066667,1,0
2025-11-01,5.2988882,0.0025461753,0.48192593,0.34066667,0.047407407,0.08,0.39,0.39,0.90259259,0.34066667,1,0
2025-11-02,5.2875608,-0.0021376958,0.48192593,0.34066667,0.047407407,0.08,0.39,0.39,0.90259259,0.34066667,1,0
2025-11-03,5.235285,-0.0098865636,0.45792593,0.30466667,0.047407407,0.14,0.33,0.33,0.99259259,0.45466667,2,9e-05
2025-11-04,5.1482446,-0.016625722,0.58992593,0.17266667,0.047407407,0.14,0.33,0.33,0.90259259,0.17266667,2,0.000396
2025-11-05,5.2527029,0.020290096,0.47792593,0.14466667,0.047407407,0.28,0.19,0.19,1.1125926,0.24466667,5,0.00021
2025-11-06,5.243062,-0.0018354329,0.58992593,0.17266667,0.047407407,0.14,0.33,0.33,0.90259259,0.17266667,2,0.00021
2025-11-07,5.2322352,-0.0020649699,0.52592593,0.15666667,0.047407407,0.22,0.25,0.25,1.0225926,0.25666667,4,0.00012
2025-11-08,5.2194145,-0.0024503356,0.63792593,0.18466667,0.047407407,0.08,0.39,0.39,0.90259259,0.18466667,1,0.00021
2025-11-09,5.2081346,-0.0021611301,0.63792593,0.18466667,0.047407407,0.08,0.39,0.39,0.90259259,-0.18466667,1,0
2025-11-10,5.2496319,0.0079677794,0.45792593,0.30466667,0.047407407,0.14,0.33,0.33,0.99259259,-0.15466667,2,0.00045
2025-11-11,5.3072029,0.010966677,0.48192593,0.34066667,0.047407407,0.08,0.39,0.39,0.90259259,-0.34066667,1,9e-05
2025-11-12,5.3668327,0.011235627,0.52592593,0.15666667,0.047407407,0.22,0.25,0.25,1.1125926,-0.056666667,4,0.000342
2025-11-13,5.3831312,0.0030369026,0.63792593,0.18466667,0.047407407,0.08,0.39,0.39,0.90259259,-0.18466667,1,0.00021
2025-11-14,5.3136958,-0.012898705,0.57392593,0.16866667,0.047407407,0.16,0.31,0.31,1.0225926,-0.068666667,3,0.00012
2025-11-15,5.3183555,0.00087692506,0.58992593,0.17266667,0.047407407,0.14,0.33,0.33,0.90259259,-0.17266667,2,3e-05
2025-11-16,5.3285346,0.0019139531,0.58992593,0.17266667,0.047407407,0.14,0.33,0.33,0.90259259,-0.17266667,2,0
2025-11-17,5.3004685,-0.0052671248,0.58992593,0.17266667,0.047407407,0.14,0.33,0.33,0.90259259,-0.17266667,2,0
2025-11-18,5.3251458,0.0046556736,0.57392593,0.16866667,0.047407407,0.16,0.31,0.31,0.90259259,-0.24866667,2,3e-05
2025-11-19,5.3655852,0.00759404,0.57392593,0.16866667,0.047407407,0.16,0.31,0.31,0.90259259,-0.24866667,2,0
2025-11-20,5.4035656,0.007078534,0.57392593,0.16866667,0.047407407,0.16,0.31,0.31,0.90259259,-0.24866667,2,0
2025-11-21,5.4176409,0.0026048078,0.52592593,0.15666667,0.047407407,0.22,0.25,0.25,0.90259259,-0.23666667,3,9e-05
2025-11-22,5.4168119,-0.00015300722,0.58992593,0.17266667,0.047407407,0.14,0.33,0.33,0.90259259,-0.17266667,2,0.00012
2025-11-23,5.4014226,-0.002841027,0.58992593,0.17266667,0.047407407,0.14,0.33,0.33,0.90259259,-0.17266667,2,0
2025-11-24,5.4467774,0.0083968239,0.58992593,0.17266667,0.047407407,0.14,0.33,0.33,0.90259259,-0.17266667,2,0
2025-11-25,5.4442621,-0.0004618058,0.63792593,0.18466667,0.047407407,0.08,0.39,0.39,0.90259259,-0.18466667,1,9e-05
2025-11-26,5.4393351,-0.00090498369,0.63792593,0.18466667,0.047407407,0.08,0.39,0.39,0.90259259,-0.18466667,1,0
2025-11-27,5.4261405,-0.0024257819,0.63792593,0.18466667,0.047407407,0.08,0.39,0.39,0.90259259,-0.18466667,1,0
2025-11-28,5.4911086,0.011973181,0.63792593,0.18466667,0.047407407,0.08,0.39,0.39,0.90259259,-0.18466667,1,0
2025-11-29,5.5048025,0.0024938234,0.63792593,0.18466667,0.047407407,0.08,0.39,0.39,0.90259259,-0.18466667,1,0
2025-11-30,5.5018337,-0.0005393029,0.63792593,0.18466667,0.047407407,0.08,0.39,0.39,0.90259259,-0.18466667,1,0
2025-12-01,5.5367835,0.0063523858,0.58992593,0.17266667,0.047407407,0.14,0.33,0.33,0.99259259,-0.022666667,2,9e-05
2025-12-02,5.4513283,-0.015434095,0.63792593,0.18466667,0.047407407,0.08,0.39,0.39,0.90259259,-0.18466667,1,9e-05
2025-12-03,5.4494061,-0.00035260425,0.46192593,0.14066667,0.047407407,0.3,0.17,0.17,0.90259259,-0.020666667,5,0.00033
2025-12-04,5.4593564,0.0018259475,0.52592593,0.15666667,0.047407407,0.22,0.25,0.25,0.90259259,-0.076666667,3,0.00012
2025-12-05,5.4784316,0.0034940325,0.39392593,0.20866667,0.047407407,0.3,0.17,0.17,0.90259259,-0.088666667,5,0.000276
2025-12-06,5.4781124,-5.8264439e-05,0.52592593,0.15666667,0.047407407,0.22,0.25,0.25,0.90259259,-0.076666667,3,0.000276
2025-12-07,5.4639568,-0.0025840191,0.58992593,0.17266667,0.047407407,0.14,0.33,0.33,0.90259259,-0.17266667,2,0.00012
2025-12-08,5.4501086,-0.0025344786,0.58992593,0.17266667,0.047407407,0.14,0.33,0.33,0.90259259,-0.11266667,2,0
2025-12-09,5.4365341,-0.002490684,0.63792593,0.18466667,0.047407407,0.08,0.39,0.39,0.90259259,-0.18466667,1,9e-05
2025-12-10,5.4605452,0.0044166206,0.52592593,0.15666667,0.047407407,0.22,0.25,0.25,0.90259259,-0.11666667,4,0.00021
2025-12-11,5.4918476,0.0057324736,0.63792593,0.18466667,0.047407407,0.08,0.39,0.39,0.90259259,-0.18466667,1,0.00021
2025-12-12,5.530185,0.0069807865,0.57392593,0.16866667,0.047407407,0.16,0.31,0.31,0.90259259,-0.12866667,3,0.00012
2025-12-13,5.5364591,0.0011345119,0.63792593,0.18466667,0.047407407,0.08,0.39,0.39,0.90259259,-0.18466667,1,0.00012
2025-12-14,5.5770418,0.0073300781,0.48192593,0.34066667,0.047407407,0.08,0.39,0.39,0.90259259,-0.34066667,1,0.000468
2025-12-15,5.6139226,0.0066129732,0.48192593,0.34066667,0.047407407,0.08,0.39,0.39,0.90259259,-0.34066667,1,0
2025-12-16,5.5864825,-0.0048878572,0.48192593,0.34066667,0.047407407,0.08,0.39,0.39,0.90259259,-0.34066667,1,0
2025-12-17,5.6442177,0.010334797,0.48192593,0.34066667,0.047407407,0.08,0.39,0.39,0.90259259,-0.34066667,1,0
2025-12-18,5.6542283,0.0017736029,0.48192593,0.34066667,0.047407407,0.08,0.39,0.39,0.90259259,-0.34066667,1,0
2025-12-19,5.5973086,-0.010066753,0.48192593,0.34066667,0.047407407,0.08,0.39,0.39,0.90259259,-0.34066667,1,0
2025-12-20,5.5930335,-0.00076377233,0.48192593,0.34066667,0.047407407,0.08,0.39,0.39,0.90259259,-0.34066667,1,0
2025-12-21,5.5961462,0.00055653238,0.48192593,0.34066667,0.047407407,0.08,0.39,0.39,0.90259259,-0.34066667,1,0
2025-12-22,5.6697659,0.013155433,0.48192593,0.34066667,0.047407407,0.08,0.39,0.39,0.90259259,-0.34066667,1,0
2025-12-23,5.7226152,0.0093212379,0.48192593,0.34066667,0.047407407,0.08,0.39,0.39,0.90259259,-0.34066667,1,0
2025-12-24,5.6978705,-0.0043240246,0.48192593,0.34066667,0.047407407,0.08,0.39,0.39,0.90259259,-0.34066667,1,0
2025-12-25,5.7195663,0.0038077099,0.48192593,0.34066667,0.047407407,0.08,0.39,0.39,0.90259259,-0.34066667,1,0
2025-12-26,5.7416651,0.0038637235,0.48192593,0.34066667,0.047407407,0.08,0.39,0.39,0.90259259,-0.34066667,1,0
2025-12-27,5.7389737,-0.00046874586,0.48192593,0.34066667,0.047407407,0.08,0.39,0.39,0.90259259,-0.34066667,1,0
2025-12-28,5.7241194,-0.0025883255,0.48192593,0.34066667,0.047407407,0.08,0.39,0.39,0.90259259,-0.34066667,1,0
2025-12-29,5.6278326,-0.01682125,0.48192593,0.34066667,0.047407407,0.08,0.39,0.39,0.90259259,-0.34066667,1,0
2025-12-30,5.5981684,-0.0052709748,0.48192593,0.34066667,0.047407407,0.08,0.39,0.39,0.90259259,-0.34066667,1,0
2025-12-31,5.6017088,0.00063242062,0.48192593,0.34066667,0.047407407,0.08,0.39,0.39,0.90259259,-0.34066667,1,0
2026-01-01,5.5919925,-0.0017345164,0.48192593,0.34066667,0.047407407,0.08,0.39,0.39,0.90259259,-0.34066667,1,0
2026-01-02,5.5634017,-0.0051128102,0.44992593,0.29266667,0.047407407,0.16,0.31,0.31,1.0225926,-0.19266667,3,0.00012
2026-01-03,5.558712,-0.00084296472,0.48192593,0.34066667,0.047407407,0.08,0.39,0.39,0.90259259,-0.34066667,1,0.00012
2026-01-04,5.5576136,-0.00019758943,0.48192593,0.34066667,0.047407407,0.08,0.39,0.39,0.90259259,-0.34066667,1,0
2026-01-05,5.57075,0.0023636598,0.42592593,0.25666667,0.047407407,0.22,0.25,0.25,0.99259259,-0.026666667,3,0.00021
2026-01-06,5.5944543,0.0042551404,0.274,0.366,0.15,0.16,0.31,0.31,0.8,-0.286,2,0.00039188889
2026-01-07,5.5704776,-0.0042857876,0.39392593,0.20866667,0.047407407,0.3,0.17,0.17,1.1125926,-0.028666667,5,0.00041588889
2026-01-08,5.5766422,0.0011066404,0.44992593,0.29266667,0.047407407,0.16,0.31,0.31,0.90259259,-0.21266667,2,0.00021
2026-01-09,5.5904309,0.002472598,0.44992593,0.29266667,0.047407407,0.16,0.31,0.31,1.0225926,-0.19266667,3,0
2026-01-10,5.601692,0.0020143484,0.48192593,0.34066667,0.047407407,0.08,0.39,0.39,0.90259259,-0.34066667,1,0.00012
2026-01-11,5.6035127,0.00032502641,0.48192593,0.34066667,0.047407407,0.08,0.39,0.39,0.90259259,-0.34066667,1,0
2026-01-12,5.6312462,0.0049492986,0.45792593,0.30466667,0.047407407,0.14,0.33,0.33,0.99259259,-0.15466667,2,9e-05
2026-01-13,5.5287465,-0.01820195,0.44192593,0.28066667,0.047407407,0.18,0.29,0.29,0.90259259,-0.38066667,2,6e-05
2026-01-14,5.5255593,-0.00057647686,0.186,0.234,0.15,0.38,0.09,0.09,1.01,-0.234,6,0.00045388889
2026-01-15,5.5512802,0.0046548922,0.21,0.27,0.15,0.32,0.15,0.15,0.8,-0.29,4,9e-05
2026-01-16,5.5451866,-0.0010976988,0.21,0.27,0.15,0.32,0.15,0.15,0.8,-0.29,4,0
2026-01-17,5.5540417,0.0015968967,0.21,0.27,0.15,0.32,0.15,0.15,0.8,-0.29,4,0
2026-01-18,5.6086057,0.009824198,0.234,0.306,0.15,0.26,0.21,0.21,0.8,-0.326,3,9e-05
2026-01-19,5.6358697,0.0048611093,0.266,0.354,0.15,0.18,0.29,0.29,0.8,-0.454,2,0.00012
2026-01-20,5.7965032,0.028501992,0.44192593,0.28066667,0.047407407,0.18,0.29,0.29,0.90259259,-0.38066667,2,0.00037388889
2026-01-21,5.7674465,-0.0050127998,0.44192593,0.28066667,0.047407407,0.18,0.29,0.29,0.90259259,-0.38066667,2,0
2026-01-22,5.8605385,0.016140945,0.44192593,0.28066667,0.047407407,0.18,0.29,0.29,0.90259259,-0.38066667,2,0
2026-01-23,5.8738438,0.0022703069,0.44192593,0.28066667,0.047407407,0.18,0.29,0.29,0.90259259,-0.38066667,2,0
2026-01-24,5.9157395,0.0071325858,0.44192593,0.28066667,0.047407407,0.18,0.29,0.29,0.90259259,-0.38066667,2,0
2026-01-25,5.9805593,0.010957178,0.44192593,0.28066667,0.047407407,0.18,0.29,0.29,0.90259259,-0.38066667,2,0
2026-01-26,5.9301906,-0.0084220706,0.44192593,0.28066667,0.047407407,0.18,0.29,0.29,0.90259259,-0.38066667,2,0
2026-01-27,5.9771558,0.0079196792,0.44192593,0.28066667,0.047407407,0.18,0.29,0.29,0.90259259,-0.38066667,2,0
2026-01-28,6.1532373,0.029459084,0.44192593,0.28066667,0.047407407,0.18,0.29,0.29,0.90259259,-0.38066667,2,0
2026-01-29,6.2449379,0.014902823,0.44192593,0.28066667,0.047407407,0.18,0.29,0.29,0.90259259,-0.38066667,2,0
2026-01-30,5.9763719,-0.043005393,0.44192593,0.28066667,0.047407407,0.18,0.29,0.29,0.90259259,-0.38066667,2,0
2026-01-31,6.0683547,0.015391081,0.41792593,0.24466667,0.047407407,0.24,0.23,0.23,0.90259259,-0.34466667,3,9e-05
2026-02-01,6.0483446,-0.0032974668,0.50992593,0.15266667,0.047407407,0.24,0.23,0.23,0.90259259,-0.25266667,3,0.000276
2026-02-02,6.0800724,0.0052456998,0.46192593,0.14066667,0.047407407,0.3,0.17,0.17,0.99259259,-0.090666667,4,9e-05
2026-02-03,6.2478192,0.027589613,0.50992593,0.15266667,0.047407407,0.24,0.23,0.23,0.90259259,-0.25266667,3,9e-05
2026-02-04,6.3167249,0.011028761,0.44592593,0.13666667,0.047407407,0.32,0.15,0.15,0.90259259,-0.19666667,5,0.00012
2026-02-05,6.3179839,0.00019930502,0.55792593,0.16466667,0.047407407,0.18,0.29,0.29,0.90259259,-0.26466667,2,0.00021
2026-02-06,6.3058856,-0.0019148841,0.49392593,0.14866667,0.047407407,0.26,0.21,0.21,0.90259259,-0.20866667,4,0.00012
2026-02-07,6.3714023,0.010389766,0.55792593,0.16466667,0.047407407,0.18,0.29,0.29,0.90259259,-0.26466667,2,0.00012
2026-02-08,6.3817076,0.0016174195,0.55792593,0.16466667,0.047407407,0.18,0.29,0.29,0.90259259,-0.26466667,2,0
2026-02-09,6.3785496,-0.00049484702,0.57392593,0.16866667,0.047407407,0.16,0.31,0.31,0.90259259,-0.20866667,2,3e-05
2026-02-10,6.4169743,0.0060240453,0.62192593,0.18066667,0.047407407,0.1,0.37,0.37,0.90259259,-0.28066667,1,9e-05
2026-02-11,6.4528155,0.0055853831,0.50992593,0.15266667,0.047407407,0.24,0.23,0.23,0.90259259,-0.21266667,4,0.00021
2026-02-12,6.3586649,-0.014590627,0.62192593,0.18066667,0.047407407,0.1,0.37,0.37,0.90259259,-0.28066667,1,0.00021
2026-02-13,6.3809818,0.0035096782,0.55792593,0.16466667,0.047407407,0.18,0.29,0.29,0.90259259,-0.22466667,3,0.00012
2026-02-14,6.3381967,-0.0067050897,0.62192593,0.18066667,0.047407407,0.1,0.37,0.37,0.90259259,-0.28066667,1,0.00012
2026-02-15,6.3642936,0.0041173991,0.62192593,0.18066667,0.047407407,0.1,0.37,0.37,0.90259259,-0.28066667,1,0
2026-02-16,6.3420491,-0.0034952022,0.62192593,0.18066667,0.047407407,0.1,0.37,0.37,0.90259259,-0.28066667,1,0
2026-02-17,6.2739041,-0.010744953,0.62192593,0.18066667,0.047407407,0.1,0.37,0.37,0.90259259,-0.28066667,1,0
2026-02-18,6.3798149,0.016881159,0.55792593,0.16466667,0.047407407,0.18,0.29,0.29,0.90259259,-0.26466667,2,0.00012
2026-02-19,6.3787239,-0.00017100702,0.55792593,0.16466667,0.047407407,0.18,0.29,0.29,0.90259259,-0.26466667,2,0
2026-02-20,6.4374722,0.0092100474,0.55792593,0.16466667,0.047407407,0.18,0.29,0.29,0.90259259,-0.26466667,2,0
2026-02-21,6.4567745,0.0029984297,0.55792593,0.16466667,0.047407407,0.18,0.29,0.29,0.90259259,-0.26466667,2,0
2026-02-22,6.4965913,0.0061666711,0.55792593,0.16466667,0.047407407,0.18,0.29,0.29,0.90259259,-0.26466667,2,0
2026-02-23,6.6201651,0.019021333,0.55792593,0.16466667,0.047407407,0.18,0.29,0.29,0.90259259,-0.26466667,2,0
2026-02-24,6.5732274,-0.0070901184,0.55792593,0.16466667,0.047407407,0.18,0.29,0.29,0.90259259,-0.26466667,2,0
2026-02-25,6.4739314,-0.015106117,0.55792593,0.16466667,0.047407407,0.18,0.29,0.29,0.90259259,-0.26466667,2,0
2026-02-26,6.5005663,0.0041141705,0.55792593,0.16466667,0.047407407,0.18,0.29,0.29,0.90259259,-0.26466667,2,0
2026-02-27,6.6082727,0.016568769,0.55792593,0.16466667,0.047407407,0.18,0.29,0.29,0.90259259,-0.26466667,2,0
2026-02-28,6.6341854,0.0039212561,0.55792593,0.16466667,0.047407407,0.18,0.29,0.29,0.90259259,-0.26466667,2,0
2026-03-01,6.7115881,0.011667244,0.55792593,0.16466667,0.047407407,0.18,0.29,0.29,0.90259259,-0.26466667,2,0
2026-03-02,6.5984392,-0.016858731,0.50992593,0.15266667,0.047407407,0.24,0.23,0.23,0.90259259,-0.19266667,3,9e-05
2026-03-03,6.4610198,-0.020826053,0.55792593,0.16466667,0.047407407,0.18,0.29,0.29,0.90259259,-0.26466667,2,9e-05
2026-03-04,6.4472293,-0.0021344046,0.44592593,0.13666667,0.047407407,0.32,0.15,0.15,0.90259259,-0.19666667,5,0.00021
2026-03-05,6.4617116,0.0022462806,0.44192593,0.28066667,0.047407407,0.18,0.29,0.29,0.90259259,-0.38066667,2,0.000222
2026-03-06,6.5731186,0.017241095,0.40992593,0.23266667,0.047407407,0.26,0.21,0.21,0.90259259,-0.29266667,4,0.00012
2026-03-07,6.5979679,0.0037804455,0.44192593,0.28066667,0.047407407,0.18,0.29,0.29,0.90259259,-0.38066667,2,0.00012
2026-03-08,6.6230209,0.0037970747,0.266,0.354,0.15,0.18,0.29,0.29,0.8,-0.454,2,0.00037388889
2026-03-09,6.5613301,-0.0093146035,0.44992593,0.29266667,0.047407407,0.16,0.31,0.31,0.90259259,-0.33266667,2,0.00036788889
2026-03-10,6.5311323,-0.004602382,0.47392593,0.32866667,0.047407407,0.1,0.37,0.37,0.90259259,-0.42866667,1,9e-05
2026-03-11,6.5022572,-0.0044211625,0.41792593,0.24466667,0.047407407,0.24,0.23,0.23,0.90259259,-0.30466667,4,0.00021
2026-03-12,6.4709344,-0.004817213,0.47392593,0.32866667,0.047407407,0.1,0.37,0.37,0.90259259,-0.42866667,1,0.00021
2026-03-13,6.4257274,-0.0069861676,0.44192593,0.28066667,0.047407407,0.18,0.29,0.29,0.90259259,-0.34066667,3,0.00012
2026-03-14,6.4073201,-0.0028646195,0.298,0.402,0.15,0.1,0.37,0.37,0.8,-0.502,1,0.00039788889
2026-03-15,6.3232152,-0.013126373,0.298,0.402,0.15,0.1,0.37,0.37,0.8,-0.502,1,0
2026-03-16,6.2374301,-0.013566702,0.298,0.402,0.15,0.1,0.37,0.37,0.8,-0.502,1,0
2026-03-17,6.2705356,0.0053075573,0.274,0.366,0.15,0.16,0.31,0.31,0.8,-0.466,2,9e-05
2026-03-18,6.315364,0.0071490622,0.274,0.366,0.15,0.16,0.31,0.31,0.8,-0.466,2,0
2026-03-19,6.2507166,-0.010236524,0.44992593,0.29266667,0.047407407,0.16,0.31,0.31,0.90259259,-0.39266667,2,0.00037388889
2026-03-20,6.1415145,-0.01747034,0.44992593,0.29266667,0.047407407,0.16,0.31,0.31,0.90259259,-0.39266667,2,0
2026-03-21,6.2062189,0.01053558,0.298,0.402,0.15,0.1,0.37,0.37,0.8,-0.502,1,0.00039188889
2026-03-22,6.2260831,0.0032006896,0.47392593,0.32866667,0.047407407,0.1,0.37,0.37,0.90259259,-0.42866667,1,0.00037388889
2026-03-23,6.0877256,-0.022222244,0.47392593,0.32866667,0.047407407,0.1,0.37,0.37,0.90259259,-0.42866667,1,0
2026-03-24,6.170408,0.013581836,0.51392593,0.38866667,0.047407407,0,0.47,0.47,0.90259259,-0.38866667,0,0.00015
2026-03-25,6.1109875,-0.0096299245,0.51392593,0.38866667,0.047407407,0,0.47,0.47,0.90259259,-0.38866667,0,0
2026-03-26,6.1600036,0.0080209798,0.306,0.414,0.15,0.08,0.39,0.39,0.8,-0.414,1,0.00034988889
2026-03-27,6.2877916,0.020744793,0.306,0.414,0.15,0.08,0.39,0.39,0.8,-0.414,1,0
2026-03-28,6.2867126,-0.00017160142,0.48192593,0.34066667,0.047407407,0.08,0.39,0.39,0.90259259,-0.34066667,1,0.00037388889
2026-03-29,6.2663846,-0.0032334935,0.48192593,0.34066667,0.047407407,0.08,0.39,0.39,0.90259259,-0.34066667,1,0
2026-03-30,6.2786292,0.0019540281,0.51392593,0.38866667,0.047407407,0,0.47,0.47,0.90259259,-0.38866667,0,0.00012
2026-03-31,6.3494195,0.011274796,0.51392593,0.38866667,0.047407407,0,0.47,0.47,0.90259259,-0.38866667,0,0
2026-04-01,6.4116755,0.0098049916,0.45792593,0.30466667,0.047407407,0.14,0.33,0.33,0.90259259,-0.26466667,3,0.00021
2026-04-02,6.3853105,-0.0041120254,0.51392593,0.38866667,0.047407407,0,0.47,0.47,0.90259259,-0.38866667,0,0.00021
2026-04-03,6.3669811,-0.0028705649,0.48192593,0.34066667,0.047407407,0.08,0.39,0.39,1.0225926,-0.24066667,2,0.00012
2026-04-04,6.3535826,-0.002104366,0.51392593,0.38866667,0.047407407,0,0.47,0.47,0.90259259,-0.38866667,0,0.00012
2026-04-05,6.25504,-0.015509776,0.51392593,0.38866667,0.047407407,0,0.47,0.47,0.90259259,-0.38866667,0,0
2026-04-06,6.2903714,0.0056484698,0.45792593,0.30466667,0.047407407,0.14,0.33,0.33,0.99259259,-0.15466667,2,0.00021
2026-04-07,6.3022552,0.0018892077,0.48192593,0.34066667,0.047407407,0.08,0.39,0.39,0.90259259,-0.34066667,1,9e-05
2026-04-08,6.3332203,0.0049133343,0.25,0.33,0.15,0.22,0.25,0.25,1.01,-0.23,4,0.00036388889
2026-04-09,6.3383668,0.00081262457,0.48192593,0.34066667,0.047407407,0.08,0.39,0.39,0.90259259,-0.34066667,1,0.00036388889
2026-04-10,6.3119997,-0.004159928,0.44992593,0.29266667,0.047407407,0.16,0.31,0.31,1.0225926,-0.19266667,3,0.00012
2026-04-11,6.3074402,-0.00072234514,0.48192593,0.34066667,0.047407407,0.08,0.39,0.39,0.90259259,-0.34066667,1,0.00012
2026-04-12,6.3263397,0.0029963791,0.48192593,0.34066667,0.047407407,0.08,0.39,0.39,0.90259259,-0.34066667,1,0
2026-04-13,6.2936577,-0.0051660243,0.45792593,0.30466667,0.047407407,0.14,0.33,0.33,0.99259259,-0.15466667,2,9e-05
2026-04-14,6.3604278,0.010609115,0.51392593,0.38866667,0.047407407,0,0.47,0.47,0.90259259,-0.38866667,0,0.00021
2026-04-15,6.3268596,-0.0052776642,0.51392593,0.38866667,0.047407407,0,0.47,0.47,0.90259259,-0.38866667,0,0
2026-04-16,6.291764,-0.0055470785,0.51392593,0.38866667,0.047407407,0,0.47,0.47,0.90259259,-0.38866667,0,0
2026-04-17,6.2598529,-0.0050718915,0.51392593,0.38866667,0.047407407,0,0.47,0.47,0.90259259,-0.38866667,0,0
2026-04-18,6.2895115,0.0047378993,0.338,0.462,0.15,0,0.47,0.47,0.8,-0.462,0,0.00037388889
2026-04-19,6.3464724,0.0090564981,0.338,0.462,0.15,0,0.47,0.47,0.8,-0.462,0,0
2026-04-20,6.3217226,-0.0038997723,0.51392593,0.38866667,0.047407407,0,0.47,0.47,0.90259259,-0.38866667,0,0.00037388889
2026-04-21,6.2655049,-0.0088927852,0.338,0.462,0.15,0,0.47,0.47,0.8,-0.462,0,0.00037388889
2026-04-22,6.1893959,-0.012147302,0.338,0.462,0.15,0,0.47,0.47,0.8,-0.462,0,0
2026-04-23,6.1737685,-0.0025248683,0.338,0.462,0.15,0,0.47,0.47,0.8,-0.462,0,0
2026-04-24,6.2087716,0.0056696566,0.338,0.462,0.15,0,0.47,0.47,0.8,-0.462,0,0
2026-04-25,6.1990144,-0.0015715318,0.338,0.462,0.15,0,0.47,0.47,0.8,-0.462,0,0
2026-04-26,6.1537023,-0.0073095508,0.338,0.462,0.15,0,0.47,0.47,0.8,-0.462,0,0
2026-04-27,6.2050021,0.0083364048,0.338,0.462,0.15,0,0.47,0.47,0.8,-0.462,0,0
2026-04-28,6.2009928,-0.0006461438,0.338,0.462,0.15,0,0.47,0.47,0.8,-0.462,0,0
2026-04-29,6.2068827,0.00094984048,0.338,0.462,0.15,0,0.47,0.47,0.8,-0.462,0,0
2026-04-30,6.2142008,0.0011790327,0.338,0.462,0.15,0,0.47,0.47,0.8,-0.462,0,0
2026-05-01,6.1648304,-0.0079447732,0.306,0.414,0.15,0.08,0.39,0.39,0.92,-0.314,2,0.00012
2026-05-02,6.1449393,-0.0032265451,0.338,0.462,0.15,0,0.47,0.47,0.8,-0.462,0,0.00012
2026-05-03,6.1528538,0.0012879674,0.338,0.462,0.15,0,0.47,0.47,0.8,-0.462,0,0
2026-05-04,6.0747092,-0.012700547,0.314,0.426,0.15,0.06,0.41,0.41,0.89,-0.276,1,9e-05
2026-05-05,6.0683044,-0.0010543405,0.338,0.462,0.15,0,0.47,0.47,0.8,-0.462,0,9e-05
2026-05-06,6.0765433,0.0013576995,0.282,0.378,0.15,0.14,0.33,0.33,1.01,-0.278,3,0.00021
2026-05-07,6.1291776,0.0086618762,0.338,0.462,0.15,0,0.47,0.47,0.8,-0.462,0,0.00021
2026-05-08,6.124703,-0.00073005362,0.306,0.414,0.15,0.08,0.39,0.39,0.92,-0.314,2,0.00012
2026-05-09,6.1095072,-0.0024810678,0.338,0.462,0.15,0,0.47,0.47,0.8,-0.462,0,0.00012
2026-05-10,6.0447243,-0.01060361,0.338,0.462,0.15,0,0.47,0.47,0.8,-0.462,0,0
2026-05-11,6.0986004,0.0089129159,0.314,0.426,0.15,0.06,0.41,0.41,0.89,-0.276,1,9e-05
2026-05-12,6.1213396,0.0037285804,0.338,0.462,0.15,0,0.47,0.47,0.8,-0.462,0,9e-05
2026-05-13,6.108747,-0.0020571632,0.282,0.378,0.15,0.14,0.33,0.33,1.01,-0.278,3,0.00021
2026-05-14,6.0359677,-0.011913937,0.306,0.414,0.15,0.08,0.39,0.39,0.8,-0.414,1,9e-05
2026-05-15,6.0542134,0.0030228215,0.306,0.414,0.15,0.08,0.39,0.39,0.8,-0.414,1,0
2026-05-16,6.0793704,0.0041552838,0.282,0.378,0.15,0.14,0.33,0.33,0.8,-0.378,2,9e-05
2026-05-17,6.0923536,0.0021356136,0.45792593,0.30466667,0.047407407,0.14,0.33,0.33,0.90259259,-0.30466667,2,0.00037388889
2026-05-18,6.1287774,0.0059786122,0.45792593,0.30466667,0.047407407,0.14,0.33,0.33,0.90259259,-0.30466667,2,0
2026-05-19,6.0801933,-0.0079272054,0.45792593,0.30466667,0.047407407,0.14,0.33,0.33,0.90259259,-0.30466667,2,0
2026-05-20,6.0928611,0.0020834534,0.48192593,0.34066667,0.047407407,0.08,0.39,0.39,0.90259259,-0.34066667,1,9e-05
2026-05-21,6.0836348,-0.0015142826,0.48192593,0.34066667,0.047407407,0.08,0.39,0.39,0.90259259,-0.34066667,1,0
2026-05-22,6.1194254,0.0058831007,0.48192593,0.34066667,0.047407407,0.08,0.39,0.39,0.90259259,-0.34066667,1,0
2026-05-23,6.1069737,-0.0020347932,0.45792593,0.30466667,0.047407407,0.14,0.33,0.33,0.90259259,-0.30466667,2,9e-05
2026-05-24,6.120613,0.0022334066,0.45792593,0.30466667,0.047407407,0.14,0.33,0.33,0.90259259,-0.30466667,2,0
2026-05-25,6.1085455,-0.0019716114,0.45792593,0.30466667,0.047407407,0.14,0.33,0.33,0.90259259,-0.30466667,2,0
2026-05-26,6.1233434,0.0024224859,0.45792593,0.30466667,0.047407407,0.14,0.33,0.33,0.90259259,-0.30466667,2,0
2026-05-27,6.1166574,-0.0010918906,0.48192593,0.34066667,0.047407407,0.08,0.39,0.39,0.90259259,-0.34066667,1,9e-05
2026-05-28,6.1661003,0.0080833207,0.48192593,0.34066667,0.047407407,0.08,0.39,0.39,0.90259259,-0.34066667,1,0
2026-05-29,6.2019001,0.0058059103,0.48192593,0.34066667,0.047407407,0.08,0.39,0.39,0.90259259,-0.34066667,1,0
2026-05-30,6.1821954,-0.0031772021,0.48192593,0.34066667,0.047407407,0.08,0.39,0.39,0.90259259,-0.34066667,1,0
2026-05-31,6.19592,0.0022200204,0.48192593,0.34066667,0.047407407,0.08,0.39,0.39,0.90259259,-0.34066667,1,0
2026-06-01,6.2071054,0.0018052799,0.41792593,0.24466667,0.047407407,0.24,0.23,0.23,0.99259259,-0.19466667,3,0.00024
2026-06-02,6.353553,0.023593542,0.44192593,0.28066667,0.047407407,0.18,0.29,0.29,0.90259259,-0.38066667,2,9e-05
2026-06-03,6.3657605,0.0019213656,0.39792593,0.12466667,0.047407407,0.38,0.09,0.09,1.1125926,-0.12466667,6,0.0003
2026-06-04,6.3792283,0.00211567,0.50992593,0.15266667,0.047407407,0.24,0.23,0.23,0.90259259,-0.25266667,3,0.00021
2026-06-05,6.3003021,-0.012372377,0.44592593,0.13666667,0.047407407,0.32,0.15,0.15,1.0225926,-0.13666667,5,0.00012
2026-06-06,6.2915653,-0.0013867312,0.50992593,0.15266667,0.047407407,0.24,0.23,0.23,0.90259259,-0.25266667,3,0.00012
2026-06-07,6.2542047,-0.0059382023,0.55792593,0.16466667,0.047407407,0.18,0.29,0.29,0.90259259,-0.26466667,2,9e-05
2026-06-08,6.2508274,-0.00054000266,0.50992593,0.15266667,0.047407407,0.24,0.23,0.23,0.99259259,-0.10266667,3,9e-05
2026-06-09,6.2111749,-0.0063435613,0.55792593,0.16466667,0.047407407,0.18,0.29,0.29,0.90259259,-0.26466667,2,9e-05
2026-06-10,6.10152,-0.017654452,0.44592593,0.13666667,0.047407407,0.32,0.15,0.15,1.1125926,-0.13666667,5,0.00021
2026-06-11,6.1817205,0.013144343,0.55792593,0.16466667,0.047407407,0.18,0.29,0.29,0.90259259,-0.26466667,2,0.00021
2026-06-12,6.169611,-0.0019589128,0.49392593,0.14866667,0.047407407,0.26,0.21,0.21,1.0225926,-0.14866667,4,0.00012
2026-06-13,6.1548671,-0.0023897697,0.55792593,0.16466667,0.047407407,0.18,0.29,0.29,0.90259259,-0.26466667,2,0.00012
2026-06-14,6.1766718,0.0035426788,0.55792593,0.16466667,0.047407407,0.18,0.29,0.29,0.90259259,-0.26466667,2,0
2026-06-15,6.1752095,-0.00023674154,0.50992593,0.15266667,0.047407407,0.24,0.23,0.23,0.90259259,-0.25266667,3,9e-05
2026-06-16,6.1968925,0.003511299,0.50992593,0.15266667,0.047407407,0.24,0.23,0.23,0.90259259,-0.25266667,3,0
2026-06-17,6.1812298,-0.002527521,0.57392593,0.16866667,0.047407407,0.16,0.31,0.31,0.90259259,-0.26866667,2,0.00012
2026-06-18,6.1448418,-0.0058868558,0.57392593,0.16866667,0.047407407,0.16,0.31,0.31,0.90259259,-0.26866667,2,0
2026-06-19,6.1011562,-0.0071093069,0.62192593,0.18066667,0.047407407,0.1,0.37,0.37,0.90259259,-0.28066667,1,9e-05
2026-06-20,6.0801814,-0.0034378462,0.62192593,0.18066667,0.047407407,0.1,0.37,0.37,0.90259259,-0.28066667,1,0
2026-06-21,6.0896926,0.0015643,0.55792593,0.16466667,0.047407407,0.18,0.29,0.29,0.90259259,-0.26466667,2,0.00012
2026-06-22,6.1098943,0.0033173566,0.55792593,0.16466667,0.047407407,0.18,0.29,0.29,0.90259259,-0.26466667,2,0
2026-06-23,6.0712696,-0.0063216633,0.55792593,0.16466667,0.047407407,0.18,0.29,0.29,0.90259259,-0.26466667,2,0
2026-06-24,6.0459266,-0.0041742491,0.55792593,0.16466667,0.047407407,0.18,0.29,0.29,0.90259259,-0.26466667,2,0
2026-06-25,6.0797484,0.0055941462,0.55792593,0.16466667,0.047407407,0.18,0.29,0.29,0.90259259,-0.26466667,2,0
2026-06-26,6.1292186,0.0081368824,0.55792593,0.16466667,0.047407407,0.18,0.29,0.29,0.90259259,-0.26466667,2,0
2026-06-27,6.1256968,-0.00057458845,0.55792593,0.16466667,0.047407407,0.18,0.29,0.29,0.90259259,-0.26466667,2,0
2026-06-28,6.1243258,-0.00022381931,0.55792593,0.16466667,0.047407407,0.18,0.29,0.29,0.90259259,-0.26466667,2,0
2026-06-29,6.0672807,-0.0093145095,0.55792593,0.16466667,0.047407407,0.18,0.29,0.29,0.90259259,-0.26466667,2,0
2026-06-30,6.1031718,0.0059155157,0.55792593,0.16466667,0.047407407,0.18,0.29,0.29,0.90259259,-0.26466667,2,0
2026-07-01,6.1094016,0.0010207602,0.44592593,0.13666667,0.047407407,0.32,0.15,0.15,1.1125926,-0.13666667,5,0.00021
2026-07-02,6.1441314,0.0056846415,0.55792593,0.16466667,0.047407407,0.18,0.29,0.29,0.90259259,-0.26466667,2,0.00021
2026-07-03,6.1554243,0.0018380002,0.40992593,0.23266667,0.047407407,0.26,0.21,0.21,1.0225926,-0.23266667,4,0.000324
2026-07-04,6.1334046,-0.0035772855,0.44192593,0.28066667,0.047407407,0.18,0.29,0.29,0.90259259,-0.38066667,2,0.00012
2026-07-05,6.1224359,-0.0017883486,0.44192593,0.28066667,0.047407407,0.18,0.29,0.29,0.90259259,-0.38066667,2,0
2026-07-06,6.0976388,-0.0040502072,0.41792593,0.24466667,0.047407407,0.24,0.23,0.23,0.99259259,-0.19466667,3,9e-05
2026-07-07,6.1021973,0.00074758408,0.266,0.354,0.15,0.18,0.29,0.29,0.8,-0.454,2,0.00039188889
2026-07-08,6.0768618,-0.0041518678,0.38592593,0.19666667,0.047407407,0.32,0.15,0.15,1.1125926,-0.19666667,5,0.00041588889
2026-07-09,6.0700958,-0.001113396,0.44192593,0.28066667,0.047407407,0.18,0.29,0.29,0.90259259,-0.38066667,2,0.00021
2026-07-10,6.0500228,-0.0033068683,0.40992593,0.23266667,0.047407407,0.26,0.21,0.21,1.0225926,-0.23266667,4,0.00012
2026-07-11,6.0543905,0.00072193673,0.44192593,0.28066667,0.047407407,0.18,0.29,0.29,0.90259259,-0.38066667,2,0.00012
2026-07-12,6.0418186,-0.0020765064,0.44192593,0.28066667,0.047407407,0.18,0.29,0.29,0.90259259,-0.38066667,2,0
2026-07-13,6.0238364,-0.0029762785,0.41792593,0.24466667,0.047407407,0.24,0.23,0.23,0.99259259,-0.19466667,3,9e-05
2026-07-14,5.9564768,-0.011182176,0.44192593,0.28066667,0.047407407,0.18,0.29,0.29,0.90259259,-0.38066667,2,9e-05
2026-07-15,5.9663998,0.0016659106,0.38592593,0.19666667,0.047407407,0.32,0.15,0.15,0.90259259,-0.21666667,4,0.00021
2026-07-16,5.9540956,-0.0020622458,0.38592593,0.19666667,0.047407407,0.32,0.15,0.15,0.90259259,-0.21666667,4,0
2026-07-17,5.9624811,0.0014083545,0.38592593,0.19666667,0.047407407,0.32,0.15,0.15,0.90259259,-0.21666667,4,0
2026-07-18,5.9396268,-0.0038330158,0.38592593,0.19666667,0.047407407,0.32,0.15,0.15,0.90259259,-0.21666667,4,0
2026-07-19,5.9297515,-0.0016626099,0.44192593,0.28066667,0.047407407,0.18,0.29,0.29,0.90259259,-0.38066667,2,0.00021
2026-07-20,5.9207831,-0.0015124485,0.44192593,0.28066667,0.047407407,0.18,0.29,0.29,0.90259259,-0.38066667,2,0
2026-07-21,5.9209581,2.9559091e-05,0.40992593,0.23266667,0.047407407,0.26,0.21,0.21,0.90259259,-0.25266667,3,0.00012
2026-07-22,5.9509099,0.0050586116,0.234,0.306,0.15,0.26,0.21,0.21,0.8,-0.326,3,0.00037388889
2026-07-23,5.9288046,-0.0037146166,0.40992593,0.23266667,0.047407407,0.26,0.21,0.21,0.90259259,-0.25266667,3,0.00037388889
2026-07-24,5.9618515,0.0055739632,0.40992593,0.23266667,0.047407407,0.26,0.21,0.21,0.90259259,-0.25266667,3,0
2026-07-25,5.950129,-0.0019662441,0.266,0.354,0.15,0.18,0.29,0.29,0.8,-0.454,2,0.00039788889
2026-07-26,5.9199226,-0.0050766074,0.266,0.354,0.15,0.18,0.29,0.29,0.8,-0.454,2,0
2026-07-27,5.9795764,0.010076792,0.266,0.354,0.15,0.18,0.29,0.29,0.8,-0.454,2,0
2026-07-28,5.9554062,-0.0040421265,0.266,0.354,0.15,0.18,0.29,0.29,0.8,-0.454,2,0
2026-07-29,5.9761647,0.0034856633,0.266,0.354,0.15,0.18,0.29,0.29,0.8,-0.454,2,0
2026-07-30,5.9500895,-0.0043631988,0.266,0.354,0.15,0.18,0.29,0.29,0.8,-0.454,2,0
2026-07-31,6.0088961,0.00988331,0.266,0.354,0.15,0.18,0.29,0.29,0.8,-0.454,2,0
2026-08-01,6.0092727,6.2664818e-05,0.44192593,0.28066667,0.047407407,0.18,0.29,0.29,0.90259259,-0.38066667,2,0.00037388889
2026-08-02,5.9975157,-0.0019564673,0.41792593,0.24466667,0.047407407,0.24,0.23,0.23,0.90259259,-0.34466667,3,9e-05
2026-08-03,5.9995082,0.00033222094,0.39392593,0.20866667,0.047407407,0.3,0.17,0.17,0.99259259,-0.15866667,4,9e-05
2026-08-04,5.9886539,-0.001809203,0.41792593,0.24466667,0.047407407,0.24,0.23,0.23,0.90259259,-0.34466667,3,9e-05
2026-08-05,6.1104534,0.020338383,0.38592593,0.19666667,0.047407407,0.32,0.15,0.15,1.1125926,-0.19666667,5,0.00012
2026-08-06,6.1068175,-0.00059503408,0.44192593,0.28066667,0.047407407,0.18,0.29,0.29,0.90259259,-0.38066667,2,0.00021
2026-08-07,6.1564265,0.0081235454,0.40992593,0.23266667,0.047407407,0.26,0.21,0.21,1.0225926,-0.23266667,4,0.00012
2026-08-08,6.1553609,-0.00017309138,0.48192593,0.34066667,0.047407407,0.08,0.39,0.39,0.90259259,-0.34066667,1,0.00027
2026-08-09,6.1458712,-0.0015416956,0.48192593,0.34066667,0.047407407,0.08,0.39,0.39,0.90259259,-0.34066667,1,0
2026-08-10,6.1978155,0.0084519035,0.45792593,0.30466667,0.047407407,0.14,0.33,0.33,0.99259259,-0.15466667,2,9e-05
2026-08-11,6.190898,-0.0011161239,0.48192593,0.34066667,0.047407407,0.08,0.39,0.39,0.90259259,-0.34066667,1,9e-05
2026-08-12,6.2172102,0.0042501453,0.42592593,0.25666667,0.047407407,0.22,0.25,0.25,1.1125926,-0.15666667,4,0.00021
2026-08-13,6.1798391,-0.0060109133,0.48192593,0.34066667,0.047407407,0.08,0.39,0.39,0.90259259,-0.34066667,1,0.00021
2026-08-14,6.194595,0.0023877473,0.44992593,0.29266667,0.047407407,0.16,0.31,0.31,1.0225926,-0.19266667,3,0.00012
2026-08-15,6.1915602,-0.00048990981,0.48192593,0.34066667,0.047407407,0.08,0.39,0.39,0.90259259,-0.34066667,1,0.00012
2026-08-16,6.1909475,-9.896119e-05,0.48192593,0.34066667,0.047407407,0.08,0.39,0.39,0.90259259,-0.34066667,1,0
2026-08-17,6.1709792,-0.0032253984,0.48192593,0.34066667,0.047407407,0.08,0.39,0.39,0.90259259,-0.34066667,1,0
2026-08-18,6.1088491,-0.010068108,0.48192593,0.34066667,0.047407407,0.08,0.39,0.39,0.90259259,-0.34066667,1,0
2026-08-19,6.0698747,-0.0063799945,0.48192593,0.34066667,0.047407407,0.08,0.39,0.39,0.90259259,-0.34066667,1,0
2026-08-20,5.941108,-0.021214054,0.306,0.414,0.15,0.08,0.39,0.39,0.8,-0.414,1,0.00037388889
2026-08-21,5.7969519,-0.024264187,0.306,0.414,0.15,0.08,0.39,0.39,0.8,-0.414,1,0
2026-08-22,5.8084322,0.0019803995,0.234,0.306,0.15,0.26,0.21,0.21,0.8,-0.126,3,0.00027
2026-08-23,5.802366,-0.0010443736,0.234,0.306,0.15,0.26,0.21,0.21,0.8,-0.126,3,0
2026-08-24,5.7965205,-0.001007436,0.234,0.306,0.15,0.26,0.21,0.21,0.8,-0.126,3,0
2026-08-25,5.7952975,-0.00021098462,0.234,0.306,0.15,0.26,0.21,0.21,0.8,-0.126,3,0
2026-08-26,5.7755436,-0.0034085994,0.266,0.354,0.15,0.18,0.29,0.29,0.8,-0.254,2,0.00012
2026-08-27,5.7430322,-0.0056291529,0.266,0.354,0.15,0.18,0.29,0.29,0.8,-0.254,2,0
2026-08-28,5.7453899,0.00041052663,0.266,0.354,0.15,0.18,0.29,0.29,0.8,-0.254,2,0
2026-08-29,5.7394247,-0.0010382495,0.266,0.354,0.15,0.18,0.29,0.29,0.8,-0.254,2,0
2026-08-30,5.7147104,-0.0043060627,0.266,0.354,0.15,0.18,0.29,0.29,0.8,0.454,2,0
2026-08-31,5.7438994,0.0051076905,0.266,0.354,0.15,0.18,0.29,0.29,0.8,0.454,2,0
2026-09-01,5.6673191,-0.013332466,0.266,0.354,0.15,0.18,0.29,0.29,0.8,0.454,2,0
2026-09-02,5.6612725,-0.0010669178,0.21,0.27,0.15,0.32,0.15,0.15,1.01,0.47,5,0.00021
2026-09-03,5.8210276,0.028218949,0.266,0.354,0.15,0.18,0.29,0.29,0.8,0.454,2,0.00021
2026-09-04,5.7484513,-0.012467956,0.234,0.306,0.15,0.26,0.21,0.21,0.8,0.446,4,0.00012
2026-09-05,5.7535359,0.00088451538,0.266,0.354,0.15,0.18,0.29,0.29,0.8,0.454,2,0.00012
2026-09-06,5.76615,0.0021924047,0.266,0.354,0.15,0.18,0.29,0.29,0.8,0.454,2,0
