date,nav,daily_ret,w_gold,w_ema,w_cash,w_tactical,idle,routed,gross,net_btc,n_active,turnover_cost
2020-01-01,1.0005237,0.00052372897,0,0.18,0.3,0.08,0.39,0,0.2,0.1,2,0.00027
2020-01-02,1.0005566,3.2876712e-05,0,0.18,0.3,0,0.47,0,0,0,0,0
2020-01-03,1.0112207,0.010658103,0,0.18,0.3,0.08,0.39,0,0.2,0.1,2,0
2020-01-04,1.0112539,3.2876712e-05,0,0.18,0.3,0,0.47,0,0,0,0,0
2020-01-05,1.0112872,3.2876712e-05,0,0.18,0.3,0,0.47,0,0,0,0,0
2020-01-06,1.011609,0.00031824132,0,0.18,0.3,0.06,0.41,0,0.15,0.15,1,0
2020-01-07,1.0115856,-2.3123288e-05,0,0.18,0.3,0.08,0.39,0,0.08,0,1,0
2020-01-08,1.0054865,-0.0060291945,0,0.18,0.3,0.22,0.25,0,0.43,0.1,4,0
2020-01-09,1.0055437,5.6876712e-05,0,0.18,0.3,0.08,0.39,0,0.08,0,1,0
2020-01-10,1.0072722,0.0017189324,0,0.18,0.3,0.16,0.31,0,0.28,0.1,3,0
2020-01-11,1.0073358,6.3153512e-05,0,0.18,0.3,0.08,0.39,0,0.08,0,1,0
2020-01-12,1.0073931,5.6876712e-05,0,0.18,0.3,0.08,0.39,0,0.08,0,1,0
2020-01-13,1.0063422,-0.0010431685,0,0.18,0.3,0.24,0.23,0,0.33,0.25,3,0
2020-01-14,1.0150939,0.0086964854,0,0.18,0.3,0.18,0.29,0,0.18,0.1,2,0
2020-01-15,1.0153227,0.00022538618,0,0.18,0.3,0.18,0.29,0,0.18,0.1,2,0
2020-01-16,1.0142561,-0.0010504738,0,0.18,0.3,0.18,0.29,0,0.18,0.1,2,0
2020-01-17,1.0166038,0.0023146941,0,0.18,0.3,0.18,0.29,0,0.18,0.1,2,0
2020-01-18,1.0167257,0.00011995461,0,0.18,0.3,0.18,0.29,0,0.18,0.1,2,0
2020-01-19,1.0144393,-0.00224876,0,0.18,0.3,0.18,0.29,0,0.18,0.1,2,0
2020-01-20,1.0138218,-0.00060878672,0,0.18,0.3,0.18,0.29,0,0.18,0.1,2,0
2020-01-21,1.0149891,0.0011514187,0,0.18,0.3,0.18,0.29,0,0.18,0.1,2,0
2020-01-22,1.0144325,-0.00054836197,0,0.18,0.3,0.18,0.29,0,0.18,0.1,2,0
2020-01-23,1.0112783,-0.0031093317,0,0.18,0.3,0.18,0.29,0,0.18,0.1,2,0
2020-01-24,1.0118193,0.00053496495,0,0.18,0.3,0.18,0.29,0,0.18,0.1,2,0
2020-01-25,1.0106968,-0.0011093752,0,0.18,0.3,0.18,0.29,0,0.18,0.1,2,0
2020-01-26,1.0140797,0.0033470556,0,0.18,0.3,0.18,0.29,0,0.18,0.1,2,0
2020-01-27,1.0175812,0.0034529301,0,0.18,0.3,0.18,0.29,0,0.18,0.1,2,0
2020-01-28,1.0230538,0.0053780334,0,0.18,0.3,0.18,0.29,0,0.18,0.1,2,0
2020-01-29,1.0224778,-0.00056307315,0,0.18,0.3,0.18,0.29,0,0.18,0.1,2,0
2020-01-30,1.0249064,0.0023752945,0,0.18,0.3,0.18,0.29,0,0.18,0.1,2,0
2020-01-31,1.0233528,-0.0015159085,0,0.18,0.3,0.18,0.29,0,0.18,0.1,2,0
2020-02-01,1.0238888,0.00052379122,0,0.18,0.3,0.18,0.29,0,0.18,0.1,2,0
2020-02-02,1.0234486,-0.00042998088,0,0.18,0.3,0.18,0.29,0,0.18,0.1,2,0
2020-02-03,1.021138,-0.002257659,0,0.18,0.3,0.24,0.23,0,0.33,0.25,3,0
2020-02-04,1.0202819,-0.0008383101,0,0.18,0.3,0.18,0.29,0,0.18,0.1,2,0
2020-02-05,1.0423631,0.021642215,0,0.18,0.3,0.32,0.15,0,0.53,0.2,5,0
2020-02-06,1.0443805,0.00193543,0,0.18,0.3,0.18,0.29,0,0.18,0.1,2,0
2020-02-07,1.0462288,0.001769723,0,0.18,0.3,0.26,0.21,0,0.38,0.2,4,0
2020-02-08,1.0472993,0.0010231821,0,0.18,0.3,0.18,0.29,0,0.18,0.1,2,0
2020-02-09,1.0502503,0.0028177199,0,0.18,0.3,0.18,0.29,0,0.18,0.1,2,0
2020-02-10,1.0456607,-0.0043699428,0,0.18,0.3,0.3,0.17,0,0.39,0.25,4,0
2020-02-11,1.0497684,0.0039283369,0,0.18,0.3,0.18,0.29,0,0.18,0.1,2,0
2020-02-12,1.0826171,0.031291331,0,0.18,0.3,0.38,0.09,0,0.59,0.2,6,0
2020-02-13,1.0824833,-0.00012359125,0,0.18,0.3,0.24,0.23,0,0.24,0.1,3,0
2020-02-14,1.0890622,0.0060776682,0,0.18,0.3,0.32,0.15,0,0.44,0.2,5,0
2020-02-15,1.0799385,-0.0083776187,0,0.18,0.3,0.24,0.23,0,0.24,0.1,3,0
2020-02-16,1.0802396,0.00027880158,0,0.18,0.3,0.18,0.29,0,0.18,0.1,2,0
2020-02-17,1.0781425,-0.0019412755,0,0.18,0.3,0.18,0.29,0,0.18,0.1,2,0
2020-02-18,1.0833342,0.0048153873,0,0.18,0.3,0.18,0.29,0,0.18,0.1,2,0
2020-02-19,1.0716422,-0.010792629,0,0.18,0.3,0.24,0.23,0,0.24,0.1,3,0
2020-02-20,1.0717325,8.4290279e-05,0,0.18,0.3,0.18,0.29,0,0.18,0.1,2,0
2020-02-21,1.072694,0.00089708587,0,0.18,0.3,0.18,0.29,0,0.18,0.1,2,0
2020-02-22,1.0724666,-0.00021196922,0,0.18,0.3,0.18,0.29,0,0.18,0.1,2,0
2020-02-23,1.0757899,0.0030987616,0,0.18,0.3,0.18,0.29,0,0.18,0.1,2,0
2020-02-24,1.072854,-0.0027290738,0,0.18,0.3,0.18,0.29,0,0.18,0.1,2,0
2020-02-25,1.0692,-0.0034058451,0,0.18,0.3,0.18,0.29,0,0.18,0.1,2,0
2020-02-26,1.0652178,-0.0037244391,0,0.18,0.3,0.18,0.29,0,0.18,0.1,2,0
2020-02-27,1.0652847,6.2767112e-05,0,0.18,0.3,0.08,0.39,0,0.08,0,1,0
2020-02-28,1.0653583,6.9087112e-05,0,0.18,0.3,0.08,0.39,0,0.08,0,1,0
2020-02-29,1.0655502,0.00018011431,0,0.18,0.3,0.08,0.39,0,0.08,0,1,0
2020-03-01,1.0656775,0.00011950311,0,0.18,0.3,0.08,0.39,0,0.08,0,1,0
2020-03-02,1.0693891,0.0034828236,0,0.18,0.3,0.14,0.33,0,0.23,0.15,2,0
2020-03-03,1.0694499,5.6876712e-05,0,0.18,0.3,0.08,0.39,0,0.08,0,1,0
2020-03-04,1.0669572,-0.0023308547,0,0.18,0.3,0.22,0.25,0,0.43,0.1,4,0
2020-03-05,1.0670375,7.5278312e-05,0,0.18,0.3,0.08,0.39,0,0.08,0,1,0
2020-03-06,1.0705502,0.0032919636,0,0.18,0.3,0.16,0.31,0,0.28,0.1,3,0
2020-03-07,1.0706747,0.00011629751,0,0.18,0.3,0.08,0.39,0,0.08,0,1,0
2020-03-08,1.0708361,0.00015075911,0,0.18,0.3,0.08,0.39,0,0.08,0,1,0
2020-03-09,1.0691992,-0.0015285753,0,0.18,0.3,0.14,0.33,0,0.14,0.06,2,0
2020-03-10,1.06926,5.6876712e-05,0,0.18,0.3,0.08,0.39,0,0.08,0,1,0
2020-03-11,1.0637385,-0.0051639109,0,0.18,0.3,0.22,0.25,0,0.22,0.04,4,0
2020-03-12,1.0637781,3.7215112e-05,0,0.18,0.3,0.08,0.39,0,0.08,0,1,0
2020-03-13,1.0696562,0.0055257462,0,0.18,0.3,0.16,0.31,0,0.16,0.04,3,0
2020-03-14,1.0695787,-7.2476888e-05,0,0.18,0.3,0.08,0.39,0,0.08,0,1,0
2020-03-15,1.0620661,-0.0070238386,0,0.18,0.3,0.08,0.39,0,0.26,-0.18,1,0
2020-03-16,1.0739512,0.011190506,0,0.18,0.3,0,0.47,0,0.18,-0.18,0,0
2020-03-17,1.0630824,-0.010120415,0,0.18,0.3,0,0.47,0,0.18,-0.18,0,0
2020-03-18,1.0602214,-0.0026911927,0,0.18,0.3,0,0.47,0,0.18,-0.18,0,0
2020-03-19,1.0330325,-0.025644552,0,0.18,0.3,0,0.47,0,0.18,-0.18,0,0
2020-03-20,1.0316788,-0.0013104701,0,0.18,0.3,0,0.47,0,0.18,-0.18,0,0
2020-03-21,1.0323522,0.00065275056,0,0.18,0.3,0,0.47,0,0.18,-0.18,0,0
2020-03-22,1.0435226,0.010820401,0,0.18,0.3,0,0.47,0,0.18,-0.18,0,0
2020-03-23,1.022529,-0.020118047,0,0.18,0.3,0,0.47,0,0.18,-0.18,0,0
2020-03-24,1.0146677,-0.0076880768,0,0.18,0.3,0,0.47,0,0.18,-0.18,0,0
2020-03-25,1.0165232,0.0018286814,0,0.18,0.3,0,0.47,0,0.18,-0.18,0,0
2020-03-26,1.0149145,-0.0015826251,0,0.18,0.3,0,0.47,0,0.18,-0.18,0,0
2020-03-27,1.0251337,0.010069034,0,0.18,0.3,0.08,0.39,0,0.26,-0.18,1,0
2020-03-28,1.0286592,0.003439118,0,0.18,0.3,0.08,0.39,0,0.26,-0.18,1,0
2020-03-29,1.0391752,0.010222988,0,0.18,0.3,0.08,0.39,0,0.26,-0.18,1,0
2020-03-30,1.0227248,-0.015830276,0,0.18,0.3,0.08,0.39,0,0.26,-0.18,1,0
2020-03-31,1.022296,-0.00041920777,0,0.18,0.3,0,0.47,0,0.18,-0.18,0,0
2020-04-01,1.0122143,-0.0098618179,0,0.18,0.3,0.14,0.33,0,0.32,-0.14,3,0
2020-04-02,1.0081014,-0.0040633039,0,0.18,0.3,0,0.47,0,0.18,-0.18,0,0
2020-04-03,1.0104766,0.0023561522,0,0.18,0.3,0.08,0.39,0,0.26,-0.14,2,0
2020-04-04,1.0071906,-0.0032519275,0,0.18,0.3,0,0.47,0,0.18,-0.18,0,0
2020-04-05,1.0094502,0.0022434385,0,0.18,0.3,0,0.47,0,0.18,-0.18,0,0
2020-04-06,0.99627307,-0.013053777,0,0.18,0.3,0.06,0.41,0,0.24,-0.12,1,0
2020-04-07,0.99954945,0.0032886374,0,0.18,0.3,0,0.47,0,0.18,-0.18,0,0
2020-04-08,0.99376172,-0.0057903371,0,0.18,0.3,0.14,0.33,0,0.32,-0.14,3,0
2020-04-09,0.99559691,0.0018467089,0,0.18,0.3,0.08,0.39,0,0.26,-0.18,1,0
2020-04-10,1.0030876,0.0075237992,0,0.18,0.3,0.16,0.31,0,0.34,-0.14,3,0
2020-04-11,1.0026732,-0.00041313898,0,0.18,0.3,0.08,0.39,0,0.26,-0.18,1,0
2020-04-12,1.0020214,-0.00065003487,0,0.18,0.3,0.08,0.39,0,0.26,-0.18,1,0
2020-04-13,1.0042184,0.0021926173,0,0.18,0.3,0.14,0.33,0,0.32,-0.12,2,0
2020-04-14,1.0034248,-0.0007902885,0,0.18,0.3,0.08,0.39,0,0.26,-0.18,1,0
2020-04-15,1.009873,0.0064261656,0,0.18,0.3,0.08,0.39,0,0.26,-0.18,1,0
2020-04-16,0.99670923,-0.013035068,0,0.18,0.3,0,0.47,0,0.18,-0.18,0,0
2020-04-17,0.99862122,0.0019183052,0,0.18,0.3,0,0.47,0,0.18,-0.18,0,0
2020-04-18,0.993,-0.0056289827,0,0.18,0.3,0,0.47,0,0.18,-0.18,0,0
2020-04-19,0.99618549,0.003207945,0,0.18,0.3,0,0.47,0,0.18,-0.18,0,0
2020-04-20,1.0036194,0.0074624135,0,0.18,0.3,0,0.47,0,0.18,-0.18,0,0
2020-04-21,1.0032677,-0.00035049302,0,0.18,0.3,0,0.47,0,0.18,-0.18,0,0
2020-04-22,0.99581013,-0.0074332595,0,0.18,0.3,0,0.47,0,0.18,-0.18,0,0
2020-04-23,0.9868556,-0.0089922091,0,0.18,0.3,0,0.47,0,0.18,-0.18,0,0
2020-04-24,0.98635127,-0.00051104041,0,0.18,0.3,0,0.47,0,0.18,-0.18,0,0
2020-04-25,0.98558718,-0.00077466493,0,0.18,0.3,0,0.47,0,0.18,-0.18,0,0
2020-04-26,0.98198542,-0.0036544315,0,0.18,0.3,0,0.47,0,0.18,-0.18,0,0
2020-04-27,0.98014469,-0.0018744948,0,0.18,0.3,0,0.47,0,0.18,-0.18,0,0
2020-04-28,0.98093079,0.00080202315,0,0.18,0.3,0.08,0.39,0,0.26,-0.18,1,0
2020-04-29,0.95726797,-0.024122821,0,0.18,0.3,0.08,0.39,0,0.26,-0.18,1,0
2020-04-30,0.96050436,0.0033808519,0,0.18,0.3,0.08,0.39,0,0.26,-0.18,1,0
2020-05-01,0.95826299,-0.0023335258,0,0.18,0.3,0.16,0.31,0,0.46,-0.08,3,0
2020-05-02,0.95705752,-0.0012579795,0,0.18,0.3,0.18,0.29,0,0.36,-0.08,2,0
2020-05-03,0.95778811,0.00076336671,0,0.18,0.3,0.18,0.29,0,0.36,-0.08,2,0
2020-05-04,0.96104888,0.0034044821,0,0.18,0.3,0.24,0.23,0,0.51,0.07,3,0
2020-05-05,0.95980477,-0.001294527,0,0.18,0.3,0.18,0.29,0,0.36,-0.08,2,0
2020-05-06,0.96167567,0.0019492482,0,0.18,0.3,0.32,0.15,0,0.71,0.02,5,0
2020-05-07,0.95463282,-0.0073235225,0,0.18,0.3,0.18,0.29,0,0.36,-0.08,2,0
2020-05-08,0.95439743,-0.00024657924,0,0.18,0.3,0.26,0.21,0,0.56,0.02,4,0
2020-05-09,0.95659349,0.0023009999,0,0.18,0.3,0.18,0.29,0,0.36,-0.08,2,0
2020-05-10,0.93348512,-0.024156946,0,0.18,0.3,0.18,0.29,0,0.36,0.28,2,0
2020-05-11,0.92744602,-0.0064694077,0,0.18,0.3,0.24,0.23,0,0.42,0.34,3,0
2020-05-12,0.93505954,0.0082091207,0,0.18,0.3,0.18,0.29,0,0.36,0.28,2,0
2020-05-13,0.9533283,0.01953754,0,0.18,0.3,0.32,0.15,0,0.5,0.32,5,0
2020-05-14,0.96722062,0.014572445,0,0.18,0.3,0.18,0.29,0,0.36,0.28,2,0
2020-05-15,0.9541185,-0.01354616,0,0.18,0.3,0.18,0.29,0,0.36,0.28,2,0
2020-05-16,0.95603237,0.0020059086,0,0.18,0.3,0.18,0.29,0,0.36,0.28,2,0
2020-05-17,0.96459899,0.008960588,0,0.18,0.3,0.18,0.29,0,0.36,0.28,2,0
2020-05-18,0.96614462,0.0016023599,0,0.18,0.3,0.18,0.29,0,0.36,0.28,2,0
2020-05-19,0.96735407,0.0012518293,0,0.18,0.3,0.18,0.29,0,0.36,0.28,2,0
2020-05-20,0.96009144,-0.0075077259,0,0.18,0.3,0.18,0.29,0,0.36,0.28,2,0
2020-05-21,0.9476145,-0.012995573,0,0.18,0.3,0.18,0.29,0,0.36,0.28,2,0
2020-05-22,0.95061046,0.0031615755,0,0.18,0.3,0.18,0.29,0,0.36,0.28,2,0
2020-05-23,0.95091023,0.00031534603,0,0.18,0.3,0.18,0.29,0,0.36,0.28,2,0
2020-05-24,0.93765177,-0.013942911,0,0.18,0.3,0.18,0.29,0,0.36,0.28,2,0
2020-05-25,0.94310085,0.0058114066,0,0.18,0.3,0.18,0.29,0,0.36,0.28,2,0
2020-05-26,0.9413873,-0.001816927,0,0.18,0.3,0.18,0.29,0,0.36,0.28,2,0
2020-05-27,0.9522359,0.011524059,0,0.18,0.3,0.18,0.29,0,0.36,0.28,2,0
2020-05-28,0.9630234,0.011328602,0,0.18,0.3,0.18,0.29,0,0.36,0.28,2,0
2020-05-29,0.95886746,-0.0043155225,0,0.18,0.3,0.18,0.29,0,0.36,0.28,2,0
2020-05-30,0.9666301,0.0080956417,0,0.18,0.3,0.18,0.29,0,0.36,0.28,2,0
2020-05-31,0.95972311,-0.0071454348,0,0.18,0.3,0.18,0.29,0,0.36,0.28,2,0
2020-06-01,0.98152687,0.022718806,0,0.18,0.3,0.24,0.23,0,0.51,0.43,3,0
2020-06-02,0.96058905,-0.021331887,0,0.18,0.3,0.24,0.23,0,0.42,0.28,3,0
2020-06-03,0.96669783,0.0063594096,0,0.18,0.3,0.32,0.15,0,0.5,0.32,5,0
2020-06-04,0.97019204,0.0036145786,0,0.18,0.3,0.18,0.29,0,0.36,0.28,2,0
2020-06-05,0.96515215,-0.0051947336,0,0.18,0.3,0.26,0.21,0,0.44,0.32,4,0
2020-06-06,0.96647495,0.0013705645,0,0.18,0.3,0.18,0.29,0,0.36,0.28,2,0
2020-06-07,0.96878888,0.002394193,0,0.18,0.3,0.18,0.29,0,0.36,0.28,2,0
2020-06-08,0.96914357,0.00036611531,0,0.18,0.3,0.24,0.23,0,0.51,0.43,3,0
2020-06-09,0.96893293,-0.00021734096,0,0.18,0.3,0.18,0.29,0,0.36,0.28,2,0
2020-06-10,0.9735699,0.0047856412,0,0.18,0.3,0.32,0.15,0,0.71,0.38,5,0
2020-06-11,0.95695216,-0.017068869,0,0.18,0.3,0.18,0.29,0,0.36,0.28,2,0
2020-06-12,0.96608974,0.009548629,0,0.18,0.3,0.26,0.21,0,0.56,0.38,4,0
2020-06-13,0.96636794,0.00028796712,0,0.18,0.3,0.18,0.29,0,0.36,0.28,2,0
2020-06-14,0.96257548,-0.0039244537,0,0.18,0.3,0.18,0.29,0,0.36,0.28,2,0
2020-06-15,0.96415403,0.0016399255,0,0.18,0.3,0.08,0.39,0,0.26,0.18,1,0
2020-06-16,0.96602266,0.0019381011,0,0.18,0.3,0.08,0.39,0,0.26,0.18,1,0
2020-06-17,0.96495631,-0.0011038515,0,0.18,0.3,0.08,0.39,0,0.26,0.18,1,0
2020-06-18,0.96353085,-0.0014772312,0,0.18,0.3,0.08,0.39,0,0.26,0.18,1,0
2020-06-19,0.96216566,-0.001416863,0,0.18,0.3,0.08,0.39,0,0.26,0.18,1,0
2020-06-20,0.96311989,0.00099175713,0,0.18,0.3,0.08,0.39,0,0.26,0.18,1,0
2020-06-21,0.96196558,-0.0011985088,0,0.18,0.3,0.08,0.39,0,0.26,0.18,1,0
2020-06-22,0.96930189,0.0076263693,0,0.18,0.3,0.08,0.39,0,0.26,0.18,1,0
2020-06-23,0.96826351,-0.0010712656,0,0.18,0.3,0.08,0.39,0,0.26,0.18,1,0
2020-06-24,0.96237291,-0.0060836712,0,0.18,0.3,0.08,0.39,0,0.26,0.18,1,0
2020-06-25,0.96155187,-0.00085314417,0,0.18,0.3,0.08,0.39,0,0.26,0.18,1,0
2020-06-26,0.95997289,-0.0016421178,0,0.18,0.3,0.08,0.39,0,0.26,0.18,1,0
2020-06-27,0.9571946,-0.0028941362,0,0.18,0.3,0.08,0.39,0,0.26,0.18,1,0
2020-06-28,0.95924011,0.0021369914,0,0.18,0.3,0.08,0.39,0,0.26,0.18,1,0
2020-06-29,0.96073808,0.0015616237,0,0.18,0.3,0.08,0.39,0,0.26,0.18,1,0
2020-06-30,0.95977668,-0.0010006959,0,0.18,0.3,0.08,0.39,0,0.26,0.18,1,0
2020-07-01,0.96710631,0.0076368074,0,0.18,0.3,0.22,0.25,0,0.61,0.28,4,0
2020-07-02,0.96441851,-0.0027792151,0,0.18,0.3,0.08,0.39,0,0.26,0.18,1,0
2020-07-03,0.96394018,-0.00049597801,0,0.18,0.3,0.16,0.31,0,0.46,0.28,3,0
2020-07-04,0.96547376,0.0015909462,0,0.18,0.3,0.08,0.39,0,0.26,0.18,1,0
2020-07-05,0.96427219,-0.0012445356,0,0.18,0.3,0.08,0.39,0,0.26,0.18,1,0
2020-07-06,0.97252922,0.0085629634,0,0.18,0.3,0.14,0.33,0,0.41,0.33,2,0
2020-07-07,0.97095822,-0.0016153692,0,0.18,0.3,0.08,0.39,0,0.26,0.18,1,0
2020-07-08,0.98347218,0.012888255,0,0.18,0.3,0.22,0.25,0,0.61,0.28,4,0
2020-07-09,0.97970792,-0.00382752,0,0.18,0.3,0.08,0.39,0,0.26,0.18,1,0
2020-07-10,0.97963605,-7.3364777e-05,0,0.18,0.3,0.16,0.31,0,0.46,0.28,3,0
2020-07-11,0.97866072,-0.00099560414,0,0.18,0.3,0.08,0.39,0,0.26,0.18,1,0
2020-07-12,0.98002736,0.0013964435,0,0.18,0.3,0.08,0.39,0,0.26,0.18,1,0
2020-07-13,0.9792184,-0.00082544514,0,0.18,0.3,0.14,0.33,0,0.41,0.33,2,0
2020-07-14,0.9795264,0.00031453093,0,0.18,0.3,0.08,0.39,0,0.26,0.18,1,0
2020-07-15,0.9784725,-0.0010759204,0,0.18,0.3,0.08,0.39,0,0.26,0.18,1,0
2020-07-16,0.97730492,-0.0011932755,0,0.18,0.3,0.08,0.39,0,0.26,0.18,1,0
2020-07-17,0.97775726,0.00046284493,0,0.18,0.3,0.08,0.39,0,0.26,0.18,1,0
2020-07-18,0.97811971,0.00037069576,0,0.18,0.3,0.08,0.39,0,0.26,0.18,1,0
2020-07-19,0.97891854,0.00081670084,0,0.18,0.3,0.08,0.39,0,0.26,0.18,1,0
2020-07-20,0.97805176,-0.00088544161,0,0.18,0.3,0.08,0.39,0,0.26,0.18,1,0
2020-07-21,0.98251248,0.0045608163,0,0.18,0.3,0.08,0.39,0,0.26,0.18,1,0
2020-07-22,0.98498214,0.0025136179,0,0.18,0.3,0.08,0.39,0,0.26,0.18,1,0
2020-07-23,0.98662352,0.0016664105,0,0.18,0.3,0.08,0.39,0,0.26,0.18,1,0
2020-07-24,0.98546891,-0.0011702678,0,0.18,0.3,0.08,0.39,0,0.26,0.18,1,0
2020-07-25,0.98854937,0.0031258863,0,0.18,0.3,0.08,0.39,0,0.26,0.18,1,0
2020-07-26,0.99288897,0.0043898654,0,0.18,0.3,0.08,0.39,0,0.26,0.18,1,0
2020-07-27,1.0128357,0.020089541,0,0.18,0.3,0.08,0.39,0,0.26,0.18,1,0
2020-07-28,1.0100503,-0.0027500539,0,0.18,0.3,0.14,0.33,0,0.32,0.18,2,0
2020-07-29,1.0154734,0.0053691682,0,0.18,0.3,0.24,0.23,0,0.42,0.28,3,0
2020-07-30,1.0189392,0.0034129714,0,0.18,0.3,0.24,0.23,0,0.42,0.28,3,0
2020-07-31,1.0272574,0.0081635637,0,0.18,0.3,0.24,0.23,0,0.42,0.28,3,0
2020-08-01,1.0464348,0.018668528,0,0.18,0.3,0.24,0.23,0,0.42,0.28,3,0
2020-08-02,1.0260257,-0.019503435,0,0.18,0.3,0.24,0.23,0,0.42,0.28,3,0
2020-08-03,1.0327586,0.0065621001,0,0.18,0.3,0.24,0.23,0,0.51,0.43,3,0
2020-08-04,1.0325613,-0.0001910378,0,0.18,0.3,0.24,0.23,0,0.42,0.28,3,0
2020-08-05,1.0570991,0.023764064,0,0.18,0.3,0.32,0.15,0,0.71,0.38,5,0
2020-08-06,1.0566354,-0.00043869606,0,0.18,0.3,0.24,0.23,0,0.42,0.28,3,0
2020-08-07,1.0485356,-0.0076656069,0,0.18,0.3,0.32,0.15,0,0.62,0.38,5,0
2020-08-08,1.0557624,0.0068922819,0,0.18,0.3,0.24,0.23,0,0.42,0.28,3,0
2020-08-09,1.0527325,-0.0028699482,0,0.18,0.3,0.24,0.23,0,0.42,0.28,3,0
2020-08-10,1.0578369,0.0048487257,0,0.18,0.3,0.3,0.17,0,0.57,0.43,4,0
2020-08-11,1.0428407,-0.014176307,0,0.18,0.3,0.24,0.23,0,0.42,0.28,3,0
2020-08-12,1.0548753,0.011540211,0,0.18,0.3,0.38,0.09,0,0.77,0.38,6,0
2020-08-13,1.066551,0.011068317,0,0.18,0.3,0.24,0.23,0,0.42,0.28,3,0
2020-08-14,1.0690036,0.0022995754,0,0.18,0.3,0.32,0.15,0,0.62,0.38,5,0
2020-08-15,1.0705876,0.0014818108,0,0.18,0.3,0.24,0.23,0,0.42,0.28,3,0
2020-08-16,1.0723802,0.0016744124,0,0.18,0.3,0.24,0.23,0,0.42,0.28,3,0
2020-08-17,1.0814714,0.0084775513,0,0.18,0.3,0.24,0.23,0,0.42,0.28,3,0
2020-08-18,1.0721311,-0.0086366437,0,0.18,0.3,0.24,0.23,0,0.42,0.28,3,0
2020-08-19,1.0653058,-0.0063661303,0,0.18,0.3,0.24,0.23,0,0.42,0.28,3,0
2020-08-20,1.0692284,0.0036821111,0,0.18,0.3,0.24,0.23,0,0.42,0.28,3,0
2020-08-21,1.0567409,-0.011678961,0,0.18,0.3,0.24,0.23,0,0.42,0.28,3,0
2020-08-22,1.0601783,0.0032528279,0,0.18,0.3,0.18,0.29,0,0.36,0.28,2,0
2020-08-23,1.0598611,-0.0002991564,0,0.18,0.3,0.18,0.29,0,0.36,0.28,2,0
2020-08-24,1.0624709,0.0024623787,0,0.18,0.3,0.18,0.29,0,0.36,0.28,2,0
2020-08-25,1.0476146,-0.013982757,0,0.18,0.3,0.24,0.23,0,0.42,0.28,3,0
2020-08-26,1.0513942,0.0036078035,0,0.18,0.3,0.18,0.29,0,0.36,0.28,2,0
2020-08-27,1.048088,-0.0031446435,0,0.18,0.3,0.18,0.29,0,0.36,0.28,2,0
2020-08-28,1.0532378,0.0049135894,0,0.18,0.3,0.18,0.29,0,0.36,0.28,2,0
2020-08-29,1.0517353,-0.0014265738,0,0.18,0.3,0.18,0.29,0,0.36,0.28,2,0
2020-08-30,1.0580959,0.0060476807,0,0.18,0.3,0.18,0.29,0,0.36,0.28,2,0
2020-08-31,1.0571284,-0.00091431659,0,0.18,0.3,0.24,0.23,0,0.42,0.28,3,0
2020-09-01,1.0641535,0.0066454038,0,0.18,0.3,0.18,0.29,0,0.36,0.28,2,0
2020-09-02,1.0210432,-0.040511312,0,0.18,0.3,0.38,0.09,0,0.77,0.38,6,0
2020-09-03,0.99228111,-0.028169339,0,0.18,0.3,0.18,0.29,0,0.36,0.28,2,0
2020-09-04,1.0005286,0.0083116576,0,0.18,0.3,0.16,0.31,0,0.46,0.28,3,0
2020-09-05,0.99576585,-0.0047602395,0,0.18,0.3,0.08,0.39,0,0.26,0.18,1,0
2020-09-06,0.99740054,0.0016416403,0,0.18,0.3,0.08,0.39,0,0.26,0.18,1,0
2020-09-07,1.0001456,0.0027521991,0,0.18,0.3,0.14,0.33,0,0.41,0.33,2,0
2020-09-08,0.99591955,-0.004225425,0,0.18,0.3,0.08,0.39,0,0.26,0.18,1,0
2020-09-09,1.0124608,0.016609068,0,0.18,0.3,0.22,0.25,0,0.61,0.28,4,0
2020-09-10,1.0146169,0.0021295047,0,0.18,0.3,0.08,0.39,0,0.26,0.18,1,0
2020-09-11,1.0179301,0.0032655113,0,0.18,0.3,0.16,0.31,0,0.46,0.28,3,0
2020-09-12,1.0189234,0.00097577362,0,0.18,0.3,0.08,0.39,0,0.26,0.18,1,0
2020-09-13,1.0170826,-0.0018065798,0,0.18,0.3,0.08,0.39,0,0.26,0.18,1,0
2020-09-14,1.0280152,0.010748974,0,0.18,0.3,0.14,0.33,0,0.41,0.33,2,0
2020-09-15,1.0299929,0.0019237704,0,0.18,0.3,0.08,0.39,0,0.26,0.18,1,0
2020-09-16,1.0329136,0.0028356794,0,0.18,0.3,0.08,0.39,0,0.26,0.18,1,0
2020-09-17,1.0327117,-0.00019551107,0,0.18,0.3,0.08,0.39,0,0.26,0.18,1,0
2020-09-18,1.03265,-5.9738909e-05,0,0.18,0.3,0.08,0.39,0,0.26,0.18,1,0
2020-09-19,1.0351641,0.0024346434,0,0.18,0.3,0.08,0.39,0,0.26,0.18,1,0
2020-09-20,1.0324813,-0.0025916985,0,0.18,0.3,0.08,0.39,0,0.26,0.18,1,0
2020-09-21,1.0238634,-0.0083467701,0,0.18,0.3,0.08,0.39,0,0.26,0.18,1,0
2020-09-22,1.0258854,0.0019748728,0,0.18,0.3,0,0.47,0,0.18,0.18,0,0
2020-09-23,1.0208658,-0.0048929468,0,0.18,0.3,0,0.47,0,0.18,0.18,0,0
2020-09-24,1.0297783,0.0087303476,0,0.18,0.3,0,0.47,0,0.18,0.18,0,0
2020-09-25,1.028955,-0.00079953141,0,0.18,0.3,0,0.47,0,0.18,0.18,0,0
2020-09-26,1.0297155,0.00073912103,0,0.18,0.3,0,0.47,0,0.18,0.18,0,0
2020-09-27,1.0304803,0.00074277347,0,0.18,0.3,0.08,0.39,0,0.26,0.18,1,0
2020-09-28,1.0291939,-0.0012484021,0,0.18,0.3,0.08,0.39,0,0.26,0.18,1,0
2020-09-29,1.0317527,0.0024862436,0,0.18,0.3,0.08,0.39,0,0.26,0.18,1,0
2020-09-30,1.0307168,-0.0010039804,0,0.18,0.3,0.08,0.39,0,0.26,0.18,1,0
2020-10-01,1.0280625,-0.0025752279,0,0.18,0.3,0.08,0.39,0,0.26,0.18,1,0
2020-10-02,1.0225826,-0.0053303599,0,0.18,0.3,0.16,0.31,0,0.46,0.28,3,0
2020-10-03,1.022147,-0.00042591699,0,0.18,0.3,0.08,0.39,0,0.26,0.18,1,0
2020-10-04,1.0243565,0.0021615536,0,0.18,0.3,0.08,0.39,0,0.26,0.18,1,0
2020-10-05,1.0265949,0.0021851698,0,0.18,0.3,0.14,0.33,0,0.41,0.33,2,0
2020-10-06,1.0233305,-0.003179808,0,0.18,0.3,0.08,0.39,0,0.26,0.18,1,0
2020-10-07,1.0258909,0.0025020686,0,0.18,0.3,0.22,0.25,0,0.61,0.28,4,0
2020-10-08,1.0304238,0.0044184903,0,0.18,0.3,0.08,0.39,0,0.26,0.18,1,0
2020-10-09,1.0369863,0.0063686981,0,0.18,0.3,0.16,0.31,0,0.46,0.28,3,0
2020-10-10,1.0411427,0.0040081773,0,0.18,0.3,0.08,0.39,0,0.26,0.18,1,0
2020-10-11,1.0424598,0.0012650352,0,0.18,0.3,0.08,0.39,0,0.26,0.18,1,0
2020-10-12,1.0470608,0.0044136013,0,0.18,0.3,0.14,0.33,0,0.41,0.33,2,0
2020-10-13,1.0453598,-0.0016245754,0,0.18,0.3,0.08,0.39,0,0.26,0.18,1,0
2020-10-14,1.0462093,0.00081266594,0,0.18,0.3,0.22,0.25,0,0.61,0.28,4,0
2020-10-15,1.0477075,0.0014320345,0,0.18,0.3,0.08,0.39,0,0.26,0.18,1,0
2020-10-16,1.0447215,-0.002850003,0,0.18,0.3,0.08,0.39,0,0.26,0.18,1,0
2020-10-17,1.0454601,0.0007069511,0,0.18,0.3,0.08,0.39,0,0.26,0.18,1,0
2020-10-18,1.0492028,0.0035799837,0,0.18,0.3,0.18,0.29,0,0.36,0.28,2,0
2020-10-19,1.0556046,0.0061015219,0,0.18,0.3,0.18,0.29,0,0.36,0.28,2,0
2020-10-20,1.0577513,0.0020336491,0,0.18,0.3,0.24,0.23,0,0.42,0.28,3,0
2020-10-21,1.0832262,0.024084022,0,0.18,0.3,0.24,0.23,0,0.42,0.28,3,0
2020-10-22,1.0916679,0.0077930988,0,0.18,0.3,0.24,0.23,0,0.42,0.28,3,0
2020-10-23,1.0898882,-0.0016302538,0,0.18,0.3,0.24,0.23,0,0.42,0.28,3,0
2020-10-24,1.0948896,0.0045888915,0,0.18,0.3,0.24,0.23,0,0.42,0.28,3,0
2020-10-25,1.0920125,-0.0026276989,0,0.18,0.3,0.24,0.23,0,0.42,0.28,3,0
2020-10-26,1.0904693,-0.0014132068,0,0.18,0.3,0.24,0.23,0,0.42,0.28,3,0
2020-10-27,1.1060103,0.014251677,0,0.18,0.3,0.24,0.23,0,0.42,0.28,3,0
2020-10-28,1.0951666,-0.0098043393,0,0.18,0.3,0.24,0.23,0,0.42,0.28,3,0
2020-10-29,1.0993594,0.0038284335,0,0.18,0.3,0.24,0.23,0,0.42,0.28,3,0
2020-10-30,1.1009672,0.0014624807,0,0.18,0.3,0.24,0.23,0,0.42,0.28,3,0
2020-10-31,1.1068216,0.0053175655,0,0.18,0.3,0.24,0.23,0,0.42,0.28,3,0
2020-11-01,1.1079496,0.001019093,0,0.18,0.3,0.16,0.31,0,0.34,0.28,2,0
2020-11-02,1.0985514,-0.0084825242,0,0.18,0.3,0.22,0.25,0,0.49,0.43,3,0
2020-11-03,1.1101881,0.01059279,0,0.18,0.3,0.16,0.31,0,0.34,0.28,2,0
2020-11-04,1.1217554,0.010419189,0,0.18,0.3,0.3,0.17,0,0.69,0.38,5,0
2020-11-05,1.1562779,0.030775443,0,0.18,0.3,0.16,0.31,0,0.34,0.28,2,0
2020-11-06,1.1692371,0.011207701,0,0.18,0.3,0.24,0.23,0,0.54,0.38,4,0
2020-11-07,1.1500849,-0.016380065,0,0.18,0.3,0.24,0.23,0,0.42,0.28,3,0
2020-11-08,1.1674504,0.01509931,0,0.18,0.3,0.24,0.23,0,0.42,0.28,3,0
2020-11-09,1.1598909,-0.0064752455,0,0.18,0.3,0.3,0.17,0,0.57,0.43,4,0
2020-11-10,1.1602387,0.00029988221,0,0.18,0.3,0.24,0.23,0,0.42,0.28,3,0
2020-11-11,1.1780325,0.01533631,0,0.18,0.3,0.38,0.09,0,0.77,0.38,6,0
2020-11-12,1.1907713,0.010813606,0,0.18,0.3,0.24,0.23,0,0.42,0.28,3,0
2020-11-13,1.1936559,0.0024224611,0,0.18,0.3,0.32,0.15,0,0.62,0.38,5,0
2020-11-14,1.1862575,-0.006198078,0,0.18,0.3,0.24,0.23,0,0.42,0.28,3,0
2020-11-15,1.1820019,-0.0035874378,0,0.18,0.3,0.24,0.23,0,0.42,0.28,3,0
2020-11-16,1.1997346,0.015002321,0,0.18,0.3,0.24,0.23,0,0.42,0.28,3,0
2020-11-17,1.2221888,0.01871592,0,0.18,0.3,0.24,0.23,0,0.42,0.28,3,0
2020-11-18,1.2240203,0.0014986005,0,0.18,0.3,0.24,0.23,0,0.42,0.28,3,0
2020-11-19,1.2235616,-0.00037475601,0,0.18,0.3,0.24,0.23,0,0.42,0.28,3,0
2020-11-20,1.2461819,0.018487266,0,0.18,0.3,0.24,0.23,0,0.42,0.28,3,0
2020-11-21,1.2533922,0.0057858692,0,0.18,0.3,0.24,0.23,0,0.42,0.28,3,0
2020-11-22,1.2492839,-0.0032776942,0,0.18,0.3,0.24,0.23,0,0.42,0.28,3,0
2020-11-23,1.2552268,0.0047569932,0,0.18,0.3,0.24,0.23,0,0.42,0.28,3,0
2020-11-24,1.2701692,0.011904164,0,0.18,0.3,0.24,0.23,0,0.42,0.28,3,0
2020-11-25,1.2577595,-0.0097701105,0,0.18,0.3,0.24,0.23,0,0.42,0.28,3,0
2020-11-26,1.2216531,-0.0287069,0,0.18,0.3,0.24,0.23,0,0.42,0.28,3,0
2020-11-27,1.2215249,-0.00010495889,0,0.18,0.3,0.18,0.29,0,0.36,0.28,2,0
2020-11-28,1.2331751,0.0095374456,0,0.18,0.3,0.18,0.29,0,0.36,0.28,2,0
2020-11-29,1.242309,0.0074067809,0,0.18,0.3,0.18,0.29,0,0.36,0.28,2,0
2020-11-30,1.2712995,0.023335955,0,0.18,0.3,0.18,0.29,0,0.36,0.28,2,0
2020-12-01,1.2506209,-0.016265664,0,0.18,0.3,0.24,0.23,0,0.42,0.28,3,0
2020-12-02,1.2617414,0.0088919409,0,0.18,0.3,0.38,0.09,0,0.56,0.32,6,0
2020-12-03,1.2682404,0.0051508389,0,0.18,0.3,0.24,0.23,0,0.42,0.28,3,0
2020-12-04,1.2465434,-0.017107978,0,0.18,0.3,0.32,0.15,0,0.5,0.32,5,0
2020-12-05,1.2559179,0.0075204327,0,0.18,0.3,0.18,0.29,0,0.36,0.28,2,0
2020-12-06,1.2603635,0.003539734,0,0.18,0.3,0.24,0.23,0,0.42,0.28,3,0
2020-12-07,1.2545055,-0.0046478823,0,0.18,0.3,0.3,0.17,0,0.57,0.43,4,0
2020-12-08,1.2343925,-0.016032629,0,0.18,0.3,0.24,0.23,0,0.42,0.28,3,0
2020-12-09,1.2429157,0.0069047565,0,0.18,0.3,0.32,0.15,0,0.71,0.38,5,0
2020-12-10,1.237606,-0.0042719506,0,0.18,0.3,0.18,0.29,0,0.36,0.28,2,0
2020-12-11,1.2335461,-0.0032804317,0,0.18,0.3,0.26,0.21,0,0.56,0.38,4,0
2020-12-12,1.2483853,0.012029671,0,0.18,0.3,0.18,0.29,0,0.36,0.28,2,0
2020-12-13,1.2581394,0.0078133815,0,0.18,0.3,0.24,0.23,0,0.42,0.28,3,0
2020-12-14,1.2597366,0.0012695393,0,0.18,0.3,0.3,0.17,0,0.57,0.43,4,0
2020-12-15,1.2629167,0.0025243677,0,0.18,0.3,0.24,0.23,0,0.42,0.28,3,0
2020-12-16,1.3040243,0.032549785,0,0.18,0.3,0.24,0.23,0,0.42,0.28,3,0
2020-12-17,1.3298486,0.019803504,0,0.18,0.3,0.24,0.23,0,0.42,0.28,3,0
2020-12-18,1.336479,0.0049858041,0,0.18,0.3,0.24,0.23,0,0.42,0.28,3,0
2020-12-19,1.3487288,0.0091657552,0,0.18,0.3,0.24,0.23,0,0.42,0.28,3,0
2020-12-20,1.3406952,-0.0059564173,0,0.18,0.3,0.24,0.23,0,0.42,0.28,3,0
2020-12-21,1.3252086,-0.01155115,0,0.18,0.3,0.24,0.23,0,0.42,0.28,3,0
2020-12-22,1.3468922,0.016362404,0,0.18,0.3,0.24,0.23,0,0.42,0.28,3,0
2020-12-23,1.3313535,-0.011536724,0,0.18,0.3,0.24,0.23,0,0.42,0.28,3,0
2020-12-24,1.3430624,0.0087946842,0,0.18,0.3,0.24,0.23,0,0.42,0.28,3,0
2020-12-25,1.360667,0.013107849,0,0.18,0.3,0.24,0.23,0,0.42,0.28,3,0
2020-12-26,1.3895912,0.021257388,0,0.18,0.3,0.24,0.23,0,0.42,0.28,3,0
2020-12-27,1.3928921,0.0023754395,0,0.18,0.3,0.24,0.23,0,0.42,0.28,3,0
2020-12-28,1.4104703,0.012619905,0,0.18,0.3,0.24,0.23,0,0.42,0.28,3,0
2020-12-29,1.4153005,0.0034245061,0,0.18,0.3,0.24,0.23,0,0.42,0.28,3,0
2020-12-30,1.4394699,0.01707725,0,0.18,0.3,0.24,0.23,0,0.42,0.28,3,0
2020-12-31,1.4385531,-0.00063686485,0,0.18,0.3,0.24,0.23,0,0.42,0.28,3,0
2021-01-01,1.4430582,0.0031316744,0,0.18,0.3,0.32,0.15,0,0.62,0.38,5,0
2021-01-02,1.48791,0.031081035,0,0.18,0.3,0.24,0.23,0,0.42,0.28,3,0
2021-01-03,1.522547,0.023278957,0,0.18,0.3,0.24,0.23,0,0.42,0.28,3,0
2021-01-04,1.5031922,-0.012712084,0,0.18,0.3,0.3,0.17,0,0.57,0.43,4,0
2021-01-05,1.5343141,0.020703882,0,0.18,0.3,0.24,0.23,0,0.42,0.28,3,0
2021-01-06,1.6029093,0.04470737,0,0.18,0.3,0.38,0.09,0,0.77,0.38,6,0
2021-01-07,1.6372151,0.021402198,0,0.18,0.3,0.24,0.23,0,0.42,0.28,3,0
2021-01-08,1.6769656,0.02427937,0,0.18,0.3,0.32,0.15,0,0.62,0.38,5,0
2021-01-09,1.6765536,-0.00024567168,0,0.18,0.3,0.24,0.23,0,0.42,0.28,3,0
2021-01-10,1.6524749,-0.014362014,0,0.18,0.3,0.24,0.23,0,0.42,0.28,3,0
2021-01-11,1.6135093,-0.023580174,0,0.18,0.3,0.24,0.23,0,0.42,0.34,3,0
2021-01-12,1.5964741,-0.010557825,0,0.18,0.3,0.18,0.29,0,0.36,0.28,2,0
2021-01-13,1.6442976,0.029955648,0,0.18,0.3,0.32,0.15,0,0.5,0.32,5,0
2021-01-14,1.6664846,0.013493307,0,0.18,0.3,0.18,0.29,0,0.36,0.28,2,0
2021-01-15,1.6327991,-0.020213471,0,0.18,0.3,0.24,0.23,0,0.42,0.28,3,0
2021-01-16,1.6237,-0.0055727308,0,0.18,0.3,0.18,0.29,0,0.36,0.28,2,0
2021-01-17,1.6217474,-0.0012025846,0,0.18,0.3,0.18,0.29,0,0.36,0.28,2,0
2021-01-18,1.6322437,0.0064722483,0,0.18,0.3,0.18,0.29,0,0.36,0.28,2,0
2021-01-19,1.6235379,-0.0053336296,0,0.18,0.3,0.18,0.29,0,0.36,0.28,2,0
2021-01-20,1.6183897,-0.0031709966,0,0.18,0.3,0.18,0.29,0,0.36,0.28,2,0
2021-01-21,1.556342,-0.038339143,0,0.18,0.3,0.18,0.29,0,0.36,0.28,2,0
2021-01-22,1.575455,0.012280721,0,0.18,0.3,0.08,0.39,0,0.26,0.18,1,0
2021-01-23,1.568083,-0.0046792679,0,0.18,0.3,0.08,0.39,0,0.26,0.18,1,0
2021-01-24,1.5698176,0.0011061811,0,0.18,0.3,0.08,0.39,0,0.26,0.18,1,0
2021-01-25,1.5699508,8.4806122e-05,0,0.18,0.3,0.08,0.39,0,0.26,0.18,1,0
2021-01-26,1.5719156,0.0012515449,0,0.18,0.3,0.08,0.39,0,0.26,0.18,1,0
2021-01-27,1.5536902,-0.011594419,0,0.18,0.3,0.08,0.39,0,0.26,0.18,1,0
2021-01-28,1.5814111,0.017841999,0,0.18,0.3,0.08,0.39,0,0.26,0.18,1,0
2021-01-29,1.5876058,0.0039171902,0,0.18,0.3,0.16,0.31,0,0.34,0.26,2,0
2021-01-30,1.5844254,-0.0020032666,0,0.18,0.3,0.16,0.31,0,0.34,0.26,2,0
2021-01-31,1.5714504,-0.0081890925,0,0.18,0.3,0.16,0.31,0,0.34,0.26,2,0
2021-02-01,1.574114,0.0016950057,0,0.18,0.3,0.22,0.25,0,0.4,0.32,3,0
2021-02-02,1.5908161,0.010610457,0,0.18,0.3,0.08,0.39,0,0.26,0.18,1,0
2021-02-03,1.6151817,0.015316402,0,0.18,0.3,0.22,0.25,0,0.4,0.22,4,0
2021-02-04,1.610176,-0.003099156,0,0.18,0.3,0.08,0.39,0,0.26,0.18,1,0
2021-02-05,1.6255236,0.0095316568,0,0.18,0.3,0.16,0.31,0,0.34,0.22,3,0
2021-02-06,1.6326983,0.0044137908,0,0.18,0.3,0.08,0.39,0,0.26,0.18,1,0
2021-02-07,1.6263151,-0.003909599,0,0.18,0.3,0.14,0.33,0,0.32,0.18,2,0
2021-02-08,1.7033804,0.047386425,0,0.18,0.3,0.2,0.27,0,0.38,0.24,3,0
2021-02-09,1.7054985,0.0012434477,0,0.18,0.3,0.14,0.33,0,0.32,0.18,2,0
2021-02-10,1.6825072,-0.013480656,0,0.18,0.3,0.38,0.09,0,0.56,0.32,6,0
2021-02-11,1.7188565,0.021604248,0,0.18,0.3,0.24,0.23,0,0.42,0.28,3,0
2021-02-12,1.7169546,-0.0011064935,0,0.18,0.3,0.32,0.15,0,0.5,0.32,5,0
2021-02-13,1.7147245,-0.0012988733,0,0.18,0.3,0.24,0.23,0,0.42,0.28,3,0
2021-02-14,1.7289792,0.0083131303,0,0.18,0.3,0.24,0.23,0,0.42,0.28,3,0
2021-02-15,1.7214857,-0.0043341058,0,0.18,0.3,0.24,0.23,0,0.42,0.28,3,0
2021-02-16,1.7345016,0.0075608519,0,0.18,0.3,0.24,0.23,0,0.42,0.28,3,0
2021-02-17,1.7685194,0.019612434,0,0.18,0.3,0.24,0.23,0,0.42,0.28,3,0
2021-02-18,1.7689199,0.00022648738,0,0.18,0.3,0.24,0.23,0,0.42,0.28,3,0
2021-02-19,1.812077,0.02439743,0,0.18,0.3,0.24,0.23,0,0.42,0.28,3,0
2021-02-20,1.8097857,-0.0012644663,0,0.18,0.3,0.24,0.23,0,0.42,0.28,3,0
2021-02-21,1.8257048,0.0087961338,0,0.18,0.3,0.24,0.23,0,0.42,0.28,3,0
2021-02-22,1.7876129,-0.020864197,0,0.18,0.3,0.24,0.23,0,0.42,0.28,3,0
2021-02-23,1.7396783,-0.026814865,0,0.18,0.3,0.18,0.29,0,0.36,0.28,2,0
2021-02-24,1.7476965,0.0046090011,0,0.18,0.3,0.18,0.29,0,0.36,0.28,2,0
2021-02-25,1.7222152,-0.014579946,0,0.18,0.3,0.18,0.29,0,0.36,0.28,2,0
2021-02-26,1.7141502,-0.0046829389,0,0.18,0.3,0.18,0.29,0,0.36,0.28,2,0
2021-02-27,1.7125551,-0.00093055953,0,0.18,0.3,0.18,0.29,0,0.36,0.28,2,0
2021-02-28,1.6977327,-0.0086550853,0,0.18,0.3,0.18,0.29,0,0.36,0.28,2,0
2021-03-01,1.7330374,0.020795164,0,0.18,0.3,0.14,0.33,0,0.32,0.24,2,0
2021-03-02,1.7259242,-0.0041044614,0,0.18,0.3,0.08,0.39,0,0.26,0.18,1,0
2021-03-03,1.754914,0.016796689,0,0.18,0.3,0.22,0.25,0,0.4,0.22,4,0
2021-03-04,1.7426212,-0.0070047886,0,0.18,0.3,0.08,0.39,0,0.26,0.18,1,0
2021-03-05,1.7464621,0.0022040665,0,0.18,0.3,0.16,0.31,0,0.34,0.22,3,0
2021-03-06,1.7474028,0.00053866904,0,0.18,0.3,0.08,0.39,0,0.26,0.18,1,0
2021-03-07,1.760958,0.0077573574,0,0.18,0.3,0.08,0.39,0,0.26,0.18,1,0
2021-03-08,1.7697379,0.0049858154,0,0.18,0.3,0.14,0.33,0,0.32,0.24,2,0
2021-03-09,1.7853008,0.0087939455,0,0.18,0.3,0.08,0.39,0,0.26,0.18,1,0
2021-03-10,1.7934062,0.0045400541,0,0.18,0.3,0.28,0.19,0,0.46,0.22,5,0
2021-03-11,1.8068121,0.0074750823,0,0.18,0.3,0.14,0.33,0,0.32,0.18,2,0
2021-03-12,1.7884016,-0.010189495,0,0.18,0.3,0.22,0.25,0,0.52,0.28,4,0
2021-03-13,1.8205058,0.017951385,0,0.18,0.3,0.14,0.33,0,0.32,0.18,2,0
2021-03-14,1.7982619,-0.012218563,0,0.18,0.3,0.24,0.23,0,0.42,0.28,3,0
2021-03-15,1.7647324,-0.018645474,0,0.18,0.3,0.24,0.23,0,0.42,0.28,3,0
2021-03-16,1.7723314,0.0043059975,0,0.18,0.3,0.08,0.39,0,0.26,0.18,1,0
2021-03-17,1.7837836,0.0064616802,0,0.18,0.3,0.08,0.39,0,0.26,0.18,1,0
2021-03-18,1.7739714,-0.0055007691,0,0.18,0.3,0.14,0.33,0,0.32,0.18,2,0
2021-03-19,1.7762557,0.0012876835,0,0.18,0.3,0.08,0.39,0,0.26,0.18,1,0
2021-03-20,1.776915,0.00037118133,0,0.18,0.3,0.08,0.39,0,0.26,0.18,1,0
2021-03-21,1.7729599,-0.0022258499,0,0.18,0.3,0.08,0.39,0,0.26,0.18,1,0
2021-03-22,1.7550394,-0.010107669,0,0.18,0.3,0.08,0.39,0,0.26,0.18,1,0
2021-03-23,1.7567327,0.00096481397,0,0.18,0.3,0.08,0.39,0,0.26,0.18,1,0
2021-03-24,1.7450712,-0.006638169,0,0.18,0.3,0.08,0.39,0,0.26,0.18,1,0
2021-03-25,1.7391082,-0.0034170703,0,0.18,0.3,0.08,0.39,0,0.26,0.18,1,0
2021-03-26,1.7619902,0.013157335,0,0.18,0.3,0.08,0.39,0,0.26,0.18,1,0
2021-03-27,1.7666528,0.0026461992,0,0.18,0.3,0.08,0.39,0,0.26,0.18,1,0
2021-03-28,1.7665282,-7.0535763e-05,0,0.18,0.3,0.08,0.39,0,0.26,0.18,1,0
2021-03-29,1.7772313,0.0060588493,0,0.18,0.3,0.08,0.39,0,0.26,0.18,1,0
2021-03-30,1.7836598,0.0036171554,0,0.18,0.3,0.08,0.39,0,0.26,0.18,1,0
2021-03-31,1.7884132,0.002664986,0,0.18,0.3,0.14,0.33,0,0.32,0.18,2,0
2021-04-01,1.7914503,0.0016981673,0,0.18,0.3,0.14,0.33,0,0.32,0.18,2,0
2021-04-02,1.8006554,0.0051383634,0,0.18,0.3,0.22,0.25,0,0.52,0.28,4,0
2021-04-03,1.7841711,-0.0091546353,0,0.18,0.3,0.14,0.33,0,0.32,0.18,2,0
2021-04-04,1.790885,0.0037630551,0,0.18,0.3,0.08,0.39,0,0.26,0.18,1,0
2021-04-05,1.8070446,0.0090232334,0,0.18,0.3,0.2,0.27,0,0.47,0.33,3,0
2021-04-06,1.8012703,-0.0031954348,0,0.18,0.3,0.14,0.33,0,0.32,0.18,2,0
2021-04-07,1.7602076,-0.022796523,0,0.18,0.3,0.22,0.25,0,0.61,0.28,4,0
2021-04-08,1.7724225,0.0069394861,0,0.18,0.3,0.08,0.39,0,0.26,0.18,1,0
2021-04-09,1.7737453,0.00074633827,0,0.18,0.3,0.16,0.31,0,0.46,0.28,3,0
2021-04-10,1.7864054,0.0071374658,0,0.18,0.3,0.14,0.33,0,0.32,0.18,2,0
2021-04-11,1.7890345,0.0014717651,0,0.18,0.3,0.14,0.33,0,0.32,0.18,2,0
2021-04-12,1.7856262,-0.0019051395,0,0.18,0.3,0.2,0.27,0,0.47,0.33,3,0
2021-04-13,1.8141501,0.015974209,0,0.18,0.3,0.14,0.33,0,0.32,0.18,2,0
2021-04-14,1.822086,0.0043744323,0,0.18,0.3,0.28,0.19,0,0.67,0.28,5,0
2021-04-15,1.8272419,0.0028296669,0,0.18,0.3,0.14,0.33,0,0.32,0.18,2,0
2021-04-16,1.8143175,-0.0070731977,0,0.18,0.3,0.14,0.33,0,0.32,0.18,2,0
2021-04-17,1.8027062,-0.0063998146,0,0.18,0.3,0.14,0.33,0,0.32,0.18,2,0
2021-04-18,1.782127,-0.011415732,0,0.18,0.3,0.08,0.39,0,0.26,0.18,1,0
2021-04-19,1.7792755,-0.0016000526,0,0.18,0.3,0.08,0.39,0,0.26,0.18,1,0
2021-04-20,1.7839353,0.0026189252,0,0.18,0.3,0.08,0.39,0,0.26,0.18,1,0
2021-04-21,1.7690278,-0.0083565322,0,0.18,0.3,0.08,0.39,0,0.26,0.18,1,0
2021-04-22,1.756716,-0.0069596176,0,0.18,0.3,0.08,0.39,0,0.26,0.18,1,0
2021-04-23,1.7534075,-0.0018833463,0,0.18,0.3,0.08,0.39,0,0.26,0.18,1,0
2021-04-24,1.7468909,-0.0037165062,0,0.18,0.3,0.08,0.39,0,0.26,0.18,1,0
2021-04-25,1.7408827,-0.0034393928,0,0.18,0.3,0.08,0.39,0,0.26,0.18,1,0
2021-04-26,1.7724961,0.018159385,0,0.18,0.3,0.08,0.39,0,0.26,0.18,1,0
2021-04-27,1.7785675,0.00342539,0,0.18,0.3,0.08,0.39,0,0.26,0.18,1,0
2021-04-28,1.7777041,-0.0004854598,0,0.18,0.3,0.08,0.39,0,0.26,0.18,1,0
2021-04-29,1.7702719,-0.0041807827,0,0.18,0.3,0.08,0.39,0,0.26,0.18,1,0
2021-04-30,1.795001,0.01396909,0,0.18,0.3,0.08,0.39,0,0.26,0.18,1,0
2021-05-01,1.7957313,0.00040686145,0,0.18,0.3,0.08,0.39,0,0.26,0.18,1,0
2021-05-02,1.7891086,-0.0036880239,0,0.18,0.3,0.08,0.39,0,0.26,0.18,1,0
2021-05-03,1.7924271,0.0018548305,0,0.18,0.3,0.14,0.33,0,0.41,0.33,2,0
2021-05-04,1.7702706,-0.01236121,0,0.18,0.3,0.08,0.39,0,0.26,0.18,1,0
2021-05-05,1.8090228,0.021890596,0,0.18,0.3,0.22,0.25,0,0.61,0.28,4,0
2021-05-06,1.8035047,-0.0030503252,0,0.18,0.3,0.08,0.39,0,0.26,0.18,1,0
2021-05-07,1.8164127,0.0071571529,0,0.18,0.3,0.16,0.31,0,0.46,0.28,3,0
2021-05-08,1.82552,0.0050139141,0,0.18,0.3,0.08,0.39,0,0.26,0.18,1,0
2021-05-09,1.822341,-0.0017414611,0,0.18,0.3,0.08,0.39,0,0.26,0.18,1,0
2021-05-10,1.7990204,-0.01279701,0,0.18,0.3,0.14,0.33,0,0.41,0.33,2,0
2021-05-11,1.8042005,0.0028793766,0,0.18,0.3,0.08,0.39,0,0.26,0.18,1,0
2021-05-12,1.76019,-0.024393359,0,0.18,0.3,0.22,0.25,0,0.61,0.28,4,0
2021-05-13,1.7605636,0.00021227784,0,0.18,0.3,0.08,0.39,0,0.26,0.18,1,0
2021-05-14,1.769228,0.0049213494,0,0.18,0.3,0.16,0.31,0,0.34,0.22,3,0
2021-05-15,1.7496734,-0.011052613,0,0.18,0.3,0.08,0.39,0,0.26,0.18,1,0
2021-05-16,1.7476287,-0.0011685931,0,0.18,0.3,0.08,0.39,0,0.26,0.18,1,0
2021-05-17,1.7282694,-0.011077511,0,0.18,0.3,0.08,0.39,0,0.26,0.18,1,0
2021-05-18,1.7235345,-0.0027396674,0,0.18,0.3,0.08,0.39,0,0.26,0.18,1,0
2021-05-19,1.6789339,-0.025877374,0,0.18,0.3,0.08,0.39,0,0.26,0.18,1,0
2021-05-20,1.7106302,0.018878826,0,0.18,0.3,0.08,0.39,0,0.26,0.18,1,0
2021-05-21,1.6858291,-0.014498231,0,0.18,0.3,0.08,0.39,0,0.26,0.18,1,0
2021-05-22,1.6874891,0.00098469226,0,0.18,0.3,0.08,0.39,0,0.26,0.18,1,0
2021-05-23,1.6648772,-0.013399732,0,0.18,0.3,0.08,0.39,0,0.26,0.18,1,0
2021-05-24,1.7005862,0.021448434,0,0.18,0.3,0.08,0.39,0,0.26,0.18,1,0
2021-05-25,1.6969214,-0.0021550284,0,0.18,0.3,0,0.47,0,0.18,0.18,0,0
2021-05-26,1.7041922,0.0042846499,0,0.18,0.3,0.08,0.39,0,0.26,0.18,1,0
2021-05-27,1.6987239,-0.0032086983,0,0.18,0.3,0.08,0.39,0,0.26,0.18,1,0
2021-05-28,1.6760723,-0.013334467,0,0.18,0.3,0.08,0.39,0,0.26,0.18,1,0
2021-05-29,1.6672152,-0.0052844542,0,0.18,0.3,0.08,0.39,0,0.26,0.18,1,0
2021-05-30,1.6578746,-0.0056025408,0,0.18,0.3,0.08,0.39,0,0.26,-0.18,1,0
2021-05-31,1.6444674,-0.0080869745,0,0.18,0.3,0.08,0.39,0,0.26,-0.18,1,0
2021-06-01,1.6490162,0.0027661191,0,0.18,0.3,0.08,0.39,0,0.26,-0.18,1,0
2021-06-02,1.6549494,0.0035980546,0,0.18,0.3,0.22,0.25,0,0.4,-0.14,4,0
2021-06-03,1.6417374,-0.0079833259,0,0.18,0.3,0.08,0.39,0,0.26,-0.18,1,0
2021-06-04,1.6553791,0.0083093235,0,0.18,0.3,0.16,0.31,0,0.34,-0.14,3,0
2021-06-05,1.6661189,0.0064877871,0,0.18,0.3,0.08,0.39,0,0.26,-0.18,1,0
2021-06-06,1.6638229,-0.0013780771,0,0.18,0.3,0.08,0.39,0,0.26,-0.18,1,0
2021-06-07,1.6809859,0.010315455,0,0.18,0.3,0.14,0.33,0,0.32,-0.12,2,0
2021-06-08,1.6826204,0.00097230647,0,0.18,0.3,0.08,0.39,0,0.26,-0.18,1,0
2021-06-09,1.654997,-0.016416897,0,0.18,0.3,0.22,0.25,0,0.4,-0.14,4,0
2021-06-10,1.6607261,0.0034616859,0,0.18,0.3,0.08,0.39,0,0.26,-0.18,1,0
2021-06-11,1.6567467,-0.0023961546,0,0.18,0.3,0.16,0.31,0,0.34,-0.14,3,0
2021-06-12,1.6710689,0.0086447583,0,0.18,0.3,0.08,0.39,0,0.26,-0.18,1,0
2021-06-13,1.6417307,-0.017556505,0,0.18,0.3,0.08,0.39,0,0.26,-0.18,1,0
2021-06-14,1.6326778,-0.0055142556,0,0.18,0.3,0.22,0.25,0,0.4,-0.04,3,0
2021-06-15,1.6367102,0.0024698001,0,0.18,0.3,0.16,0.31,0,0.34,-0.1,2,0
2021-06-16,1.6512217,0.008866271,0,0.18,0.3,0.16,0.31,0,0.34,-0.1,2,0
2021-06-17,1.6542422,0.0018292169,0,0.18,0.3,0.16,0.31,0,0.34,-0.1,2,0
2021-06-18,1.6720858,0.010786605,0,0.18,0.3,0.08,0.39,0,0.26,-0.18,1,0
2021-06-19,1.6749554,0.0017161927,0,0.18,0.3,0.08,0.39,0,0.26,-0.18,1,0
2021-06-20,1.6740233,-0.00055654376,0,0.18,0.3,0.08,0.39,0,0.26,-0.18,1,0
2021-06-21,1.7078452,0.020203986,0,0.18,0.3,0.08,0.39,0,0.26,-0.18,1,0
2021-06-22,1.699122,-0.005107732,0,0.18,0.3,0.08,0.39,0,0.26,-0.18,1,0
2021-06-23,1.6880033,-0.0065437846,0,0.18,0.3,0.08,0.39,0,0.26,-0.18,1,0
2021-06-24,1.679172,-0.0052317836,0,0.18,0.3,0,0.47,0,0.18,-0.18,0,0
2021-06-25,1.706072,0.016019772,0,0.18,0.3,0,0.47,0,0.18,-0.18,0,0
2021-06-26,1.6993298,-0.0039518689,0,0.18,0.3,0,0.47,0,0.18,-0.18,0,0
2021-06-27,1.6764882,-0.013441566,0,0.18,0.3,0,0.47,0,0.18,-0.18,0,0
2021-06-28,1.6783299,0.0010986011,0,0.18,0.3,0,0.47,0,0.18,-0.18,0,0
2021-06-29,1.6659767,-0.007360427,0,0.18,0.3,0,0.47,0,0.18,-0.18,0,0
2021-06-30,1.673269,0.0043771787,0,0.18,0.3,0,0.47,0,0.18,-0.18,0,0
2021-07-01,1.6865619,0.0079442992,0,0.18,0.3,0,0.47,0,0.18,-0.18,0,0
2021-07-02,1.6860662,-0.00029392242,0,0.18,0.3,0.08,0.39,0,0.26,-0.14,2,0
2021-07-03,1.6781938,-0.0046691245,0,0.18,0.3,0,0.47,0,0.18,-0.18,0,0
2021-07-04,1.6728697,-0.0031725224,0,0.18,0.3,0,0.47,0,0.18,-0.18,0,0
2021-07-05,1.6843757,0.0068780416,0,0.18,0.3,0.14,0.33,0,0.32,-0.12,2,0
2021-07-06,1.6796357,-0.002814145,0,0.18,0.3,0.08,0.39,0,0.26,-0.18,1,0
2021-07-07,1.6861802,0.003896422,0,0.18,0.3,0.22,0.25,0,0.4,-0.14,4,0
2021-07-08,1.6950324,0.0052498302,0,0.18,0.3,0.08,0.39,0,0.26,-0.18,1,0
2021-07-09,1.6899874,-0.0029763211,0,0.18,0.3,0.16,0.31,0,0.46,-0.08,3,0
2021-07-10,1.6928687,0.0017049123,0,0.18,0.3,0.08,0.39,0,0.26,-0.18,1,0
2021-07-11,1.6860668,-0.00401798,0,0.18,0.3,0.08,0.39,0,0.26,-0.18,1,0
2021-07-12,1.6871847,0.00066301397,0,0.18,0.3,0.14,0.33,0,0.41,-0.03,2,0
2021-07-13,1.6905427,0.0019903309,0,0.18,0.3,0.08,0.39,0,0.26,-0.18,1,0
2021-07-14,1.7120855,0.012743132,0,0.18,0.3,0.22,0.25,0,0.61,-0.08,4,0
2021-07-15,1.7209777,0.0051937307,0,0.18,0.3,0.08,0.39,0,0.26,-0.18,1,0
2021-07-16,1.7258491,0.0028306318,0,0.18,0.3,0.08,0.39,0,0.26,-0.18,1,0
2021-07-17,1.7245688,-0.0007418713,0,0.18,0.3,0.08,0.39,0,0.26,-0.18,1,0
2021-07-18,1.7221012,-0.0014308157,0,0.18,0.3,0.08,0.39,0,0.26,-0.18,1,0
2021-07-19,1.7313086,0.0053466016,0,0.18,0.3,0.08,0.39,0,0.26,-0.18,1,0
2021-07-20,1.7419034,0.0061195093,0,0.18,0.3,0.08,0.39,0,0.26,-0.18,1,0
2021-07-21,1.7169124,-0.014346945,0,0.18,0.3,0.08,0.39,0,0.26,-0.18,1,0
2021-07-22,1.7155909,-0.00076967402,0,0.18,0.3,0,0.47,0,0.18,-0.18,0,0
2021-07-23,1.7027714,-0.0074723288,0,0.18,0.3,0,0.47,0,0.18,-0.18,0,0
2021-07-24,1.6971406,-0.0033068598,0,0.18,0.3,0,0.47,0,0.18,-0.18,0,0
2021-07-25,1.6871835,-0.0058669883,0,0.18,0.3,0,0.47,0,0.18,-0.18,0,0
2021-07-26,1.668803,-0.010894202,0,0.18,0.3,0.14,0.33,0,0.32,-0.1,2,0
2021-07-27,1.6469113,-0.0131182,0,0.18,0.3,0.14,0.33,0,0.32,-0.1,2,0
2021-07-28,1.6387622,-0.0049481392,0,0.18,0.3,0.14,0.33,0,0.32,-0.1,2,0
2021-07-29,1.6373034,-0.0008901756,0,0.18,0.3,0.14,0.33,0,0.32,-0.1,2,0
2021-07-30,1.621229,-0.0098175699,0,0.18,0.3,0,0.47,0,0.18,-0.18,0,0
2021-07-31,1.6264302,0.0032081604,0,0.18,0.3,0,0.47,0,0.18,-0.18,0,0
2021-08-01,1.6378057,0.0069941791,0,0.18,0.3,0.08,0.39,0,0.26,-0.18,1,0
2021-08-02,1.6425035,0.0028683237,0,0.18,0.3,0.14,0.33,0,0.41,-0.03,2,0
2021-08-03,1.6497018,0.0043824969,0,0.18,0.3,0.08,0.39,0,0.26,-0.18,1,0
2021-08-04,1.67191,0.013461966,0,0.18,0.3,0.22,0.25,0,0.61,-0.08,4,0
2021-08-05,1.6633739,-0.0051056103,0,0.18,0.3,0.08,0.39,0,0.26,-0.18,1,0
2021-08-06,1.6524005,-0.006597073,0,0.18,0.3,0.16,0.31,0,0.46,-0.08,3,0
2021-08-07,1.6404431,-0.0072363872,0,0.18,0.3,0.08,0.39,0,0.26,-0.18,1,0
2021-08-08,1.6456915,0.003199408,0,0.18,0.3,0.08,0.39,0,0.26,-0.18,1,0
2021-08-09,1.6417581,-0.0023901167,0,0.18,0.3,0.14,0.33,0,0.41,-0.03,2,0
2021-08-10,1.646122,0.0026580649,0,0.18,0.3,0.08,0.39,0,0.26,-0.18,1,0
2021-08-11,1.6610561,0.0090722954,0,0.18,0.3,0.22,0.25,0,0.61,-0.08,4,0
2021-08-12,1.668456,0.0044549343,0,0.18,0.3,0.08,0.39,0,0.26,-0.18,1,0
2021-08-13,1.651556,-0.010129136,0,0.18,0.3,0.12,0.35,0,0.36,-0.08,2,0
2021-08-14,1.6561993,0.0028114416,0,0.18,0.3,0.08,0.39,0,0.26,-0.18,1,0
2021-08-15,1.6552465,-0.000575238,0,0.18,0.3,0.08,0.39,0,0.26,0.18,1,0
2021-08-16,1.6485431,-0.0040498351,0,0.18,0.3,0.08,0.39,0,0.26,0.18,1,0
2021-08-17,1.6408447,-0.004669814,0,0.18,0.3,0.08,0.39,0,0.26,0.18,1,0
2021-08-18,1.6409997,9.4490859e-05,0,0.18,0.3,0.08,0.39,0,0.26,0.18,1,0
2021-08-19,1.6546732,0.008332394,0,0.18,0.3,0.08,0.39,0,0.26,0.18,1,0
2021-08-20,1.6710926,0.0099230528,0,0.18,0.3,0.08,0.39,0,0.26,0.18,1,0
2021-08-21,1.668157,-0.0017566735,0,0.18,0.3,0.08,0.39,0,0.26,0.18,1,0
2021-08-22,1.6708251,0.0015994433,0,0.18,0.3,0.08,0.39,0,0.26,0.18,1,0
2021-08-23,1.6725026,0.0010039602,0,0.18,0.3,0.08,0.39,0,0.26,0.18,1,0
2021-08-24,1.6616254,-0.0065035099,0,0.18,0.3,0.08,0.39,0,0.26,0.18,1,0
2021-08-25,1.6698842,0.0049702607,0,0.18,0.3,0.08,0.39,0,0.26,0.18,1,0
2021-08-26,1.6569253,-0.0077603623,0,0.18,0.3,0.08,0.39,0,0.26,0.18,1,0
2021-08-27,1.6711922,0.0086105124,0,0.18,0.3,0.08,0.39,0,0.26,0.18,1,0
2021-08-28,1.6702645,-0.00055511237,0,0.18,0.3,0.08,0.39,0,0.26,0.18,1,0
2021-08-29,1.6695754,-0.0004125667,0,0.18,0.3,0.08,0.39,0,0.26,0.18,1,0
2021-08-30,1.6586879,-0.0065211476,0,0.18,0.3,0.08,0.39,0,0.26,0.18,1,0
2021-08-31,1.659608,0.00055472817,0,0.18,0.3,0.08,0.39,0,0.26,0.18,1,0
2021-09-01,1.6975055,0.022835228,0,0.18,0.3,0.22,0.25,0,0.61,0.28,4,0
2021-09-02,1.7004905,0.0017584614,0,0.18,0.3,0.08,0.39,0,0.26,0.18,1,0
2021-09-03,1.7161052,0.0091824502,0,0.18,0.3,0.16,0.31,0,0.46,0.28,3,0
2021-09-04,1.7157486,-0.00020777166,0,0.18,0.3,0.08,0.39,0,0.26,0.18,1,0
2021-09-05,1.7272382,0.0066965432,0,0.18,0.3,0.08,0.39,0,0.26,0.18,1,0
2021-09-06,1.731984,0.0027475817,0,0.18,0.3,0.14,0.33,0,0.41,0.33,2,0
2021-09-07,1.6977649,-0.019757149,0,0.18,0.3,0.08,0.39,0,0.26,0.18,1,0
2021-09-08,1.6976082,-9.2303801e-05,0,0.18,0.3,0.3,0.17,0,0.69,0.2,5,0
2021-09-09,1.6990166,0.0008296503,0,0.18,0.3,0.16,0.31,0,0.34,0.1,2,0
2021-09-10,1.6774024,-0.012721614,0,0.18,0.3,0.24,0.23,0,0.54,0.2,4,0
2021-09-11,1.6793753,0.001176185,0,0.18,0.3,0.16,0.31,0,0.34,0.1,2,0
2021-09-12,1.6851691,0.0034499801,0,0.18,0.3,0.08,0.39,0,0.26,0.18,1,0
2021-09-13,1.6761373,-0.0053595781,0,0.18,0.3,0.14,0.33,0,0.41,0.33,2,0
2021-09-14,1.690806,0.0087514885,0,0.18,0.3,0.08,0.39,0,0.26,0.18,1,0
2021-09-15,1.6974262,0.0039153852,0,0.18,0.3,0.08,0.39,0,0.26,0.18,1,0
2021-09-16,1.6950872,-0.0013779566,0,0.18,0.3,0.08,0.39,0,0.26,0.18,1,0
2021-09-17,1.6923852,-0.0015940407,0,0.18,0.3,0.08,0.39,0,0.26,0.18,1,0
2021-09-18,1.6988752,0.0038348233,0,0.18,0.3,0.08,0.39,0,0.26,0.18,1,0
2021-09-19,1.6923167,-0.003860445,0,0.18,0.3,0.08,0.39,0,0.26,0.18,1,0
2021-09-20,1.6651627,-0.016045478,0,0.18,0.3,0.08,0.39,0,0.26,0.18,1,0
2021-09-21,1.6493619,-0.0094890324,0,0.18,0.3,0.08,0.39,0,0.26,0.18,1,0
2021-09-22,1.6699303,0.012470504,0,0.18,0.3,0.08,0.39,0,0.26,0.18,1,0
2021-09-23,1.6791389,0.0055143592,0,0.18,0.3,0.08,0.39,0,0.26,0.18,1,0
2021-09-24,1.6653355,-0.0082204972,0,0.18,0.3,0.08,0.39,0,0.26,0.18,1,0
2021-09-25,1.6644446,-0.00053496544,0,0.18,0.3,0.08,0.39,0,0.26,0.18,1,0
2021-09-26,1.6679559,0.0021095853,0,0.18,0.3,0.08,0.39,0,0.26,0.18,1,0
2021-09-27,1.6610004,-0.0041700741,0,0.18,0.3,0.08,0.39,0,0.26,0.18,1,0
2021-09-28,1.6531251,-0.0047413031,0,0.18,0.3,0.08,0.39,0,0.26,0.18,1,0
2021-09-29,1.6568079,0.0022277559,0,0.18,0.3,0.08,0.39,0,0.26,0.18,1,0
2021-09-30,1.6734183,0.010025555,0,0.18,0.3,0.08,0.39,0,0.26,0.18,1,0
2021-10-01,1.7264843,0.031711127,0,0.18,0.3,0.16,0.31,0,0.46,0.28,3,0
2021-10-02,1.7232579,-0.0018687609,0,0.18,0.3,0.16,0.31,0,0.34,0.26,2,0
2021-10-03,1.7269982,0.0021704772,0,0.18,0.3,0.16,0.31,0,0.34,0.26,2,0
2021-10-04,1.7415186,0.0084078615,0,0.18,0.3,0.22,0.25,0,0.49,0.41,3,0
2021-10-05,1.7558911,0.0082528607,0,0.18,0.3,0.16,0.31,0,0.34,0.26,2,0
2021-10-06,1.7991779,0.024652336,0,0.18,0.3,0.22,0.25,0,0.61,0.28,4,0
2021-10-07,1.7903841,-0.0048876862,0,0.18,0.3,0.08,0.39,0,0.26,0.18,1,0
2021-10-08,1.7933319,0.0016465017,0,0.18,0.3,0.16,0.31,0,0.46,0.28,3,0
2021-10-09,1.7994151,0.0033920794,0,0.18,0.3,0.08,0.39,0,0.26,0.18,1,0
2021-10-10,1.7978195,-0.00088671635,0,0.18,0.3,0.08,0.39,0,0.26,0.18,1,0
2021-10-11,1.8184138,0.011455134,0,0.18,0.3,0.14,0.33,0,0.41,0.33,2,0
2021-10-12,1.81012,-0.0045609998,0,0.18,0.3,0.08,0.39,0,0.26,0.18,1,0
2021-10-13,1.8140863,0.0021911954,0,0.18,0.3,0.22,0.25,0,0.61,0.28,4,0
2021-10-14,1.8141101,1.3135495e-05,0,0.18,0.3,0.08,0.39,0,0.26,0.18,1,0
2021-10-15,1.8388757,0.013651622,0,0.18,0.3,0.08,0.39,0,0.26,0.18,1,0
2021-10-16,1.8335563,-0.0028927107,0,0.18,0.3,0.14,0.33,0,0.32,0.18,2,0
2021-10-17,1.8378104,0.0023201185,0,0.18,0.3,0.14,0.33,0,0.32,0.18,2,0
2021-10-18,1.8376429,-9.1157377e-05,0,0.18,0.3,0.14,0.33,0,0.32,0.18,2,0
2021-10-19,1.8537558,0.0087682736,0,0.18,0.3,0.14,0.33,0,0.32,0.18,2,0
2021-10-20,1.8710238,0.0093151204,0,0.18,0.3,0.14,0.33,0,0.32,0.18,2,0
2021-10-21,1.8488483,-0.011852047,0,0.18,0.3,0.14,0.33,0,0.32,0.18,2,0
2021-10-22,1.8409912,-0.0042497315,0,0.18,0.3,0.08,0.39,0,0.26,0.18,1,0
2021-10-23,1.844406,0.0018548459,0,0.18,0.3,0.08,0.39,0,0.26,0.18,1,0
2021-10-24,1.8422609,-0.0011629957,0,0.18,0.3,0.08,0.39,0,0.26,0.18,1,0
2021-10-25,1.8545826,0.0066883423,0,0.18,0.3,0.08,0.39,0,0.26,0.18,1,0
2021-10-26,1.8376476,-0.009131427,0,0.18,0.3,0.14,0.33,0,0.32,0.18,2,0
2021-10-27,1.8273334,-0.0056127145,0,0.18,0.3,0.08,0.39,0,0.26,0.18,1,0
2021-10-28,1.8396276,0.0067279136,0,0.18,0.3,0.08,0.39,0,0.26,0.18,1,0
2021-10-29,1.8489563,0.005070972,0,0.18,0.3,0.08,0.39,0,0.26,0.18,1,0
2021-10-30,1.8470242,-0.0010449272,0,0.18,0.3,0.08,0.39,0,0.26,0.18,1,0
2021-10-31,1.8442438,-0.001505354,0,0.18,0.3,0.08,0.39,0,0.26,0.18,1,0
2021-11-01,1.8426348,-0.00087242884,0,0.18,0.3,0.14,0.33,0,0.41,0.33,2,0
2021-11-02,1.8554101,0.0069331374,0,0.18,0.3,0.08,0.39,0,0.26,0.18,1,0
2021-11-03,1.8518836,-0.0019006705,0,0.18,0.3,0.28,0.19,0,0.67,0.28,5,0
2021-11-04,1.8423178,-0.0051654183,0,0.18,0.3,0.14,0.33,0,0.32,0.18,2,0
2021-11-05,1.8371975,-0.0027792797,0,0.18,0.3,0.16,0.31,0,0.46,0.28,3,0
2021-11-06,1.8403532,0.0017176683,0,0.18,0.3,0.08,0.39,0,0.26,0.18,1,0
2021-11-07,1.8502638,0.0053851816,0,0.18,0.3,0.08,0.39,0,0.26,0.18,1,0
2021-11-08,1.8792037,0.015640946,0,0.18,0.3,0.2,0.27,0,0.47,0.33,3,0
2021-11-09,1.8748143,-0.0023357573,0,0.18,0.3,0.14,0.33,0,0.32,0.18,2,0
2021-11-10,1.8668546,-0.0042455958,0,0.18,0.3,0.28,0.19,0,0.67,0.28,5,0
2021-11-11,1.8686212,0.00094627045,0,0.18,0.3,0.14,0.33,0,0.32,0.18,2,0
2021-11-12,1.8543474,-0.0076386903,0,0.18,0.3,0.22,0.25,0,0.52,0.28,4,0
2021-11-13,1.8558525,0.00081168568,0,0.18,0.3,0.08,0.39,0,0.26,0.18,1,0
2021-11-14,1.8612857,0.0029276005,0,0.18,0.3,0.14,0.33,0,0.32,0.18,2,0
2021-11-15,1.8500025,-0.0060620448,0,0.18,0.3,0.14,0.33,0,0.32,0.18,2,0
2021-11-16,1.831572,-0.0099624024,0,0.18,0.3,0.08,0.39,0,0.26,0.18,1,0
2021-11-17,1.8332508,0.0009165597,0,0.18,0.3,0.08,0.39,0,0.26,0.18,1,0
2021-11-18,1.8144734,-0.010242679,0,0.18,0.3,0.08,0.39,0,0.26,0.18,1,0
2021-11-19,1.8212395,0.0037289746,0,0.18,0.3,0.08,0.39,0,0.26,0.18,1,0
2021-11-20,1.8306905,0.0051892988,0,0.18,0.3,0.08,0.39,0,0.26,0.18,1,0
2021-11-21,1.8248038,-0.0032155458,0,0.18,0.3,0.08,0.39,0,0.26,0.18,1,0
2021-11-22,1.8116011,-0.0072351136,0,0.18,0.3,0.08,0.39,0,0.26,0.18,1,0
2021-11-23,1.8192107,0.0042004899,0,0.18,0.3,0.08,0.39,0,0.26,0.18,1,0
2021-11-24,1.8170239,-0.0012021131,0,0.18,0.3,0.08,0.39,0,0.26,0.18,1,0
2021-11-25,1.8275761,0.0058074256,0,0.18,0.3,0.08,0.39,0,0.26,0.18,1,0
2021-11-26,1.7985187,-0.015899392,0,0.18,0.3,0.08,0.39,0,0.26,0.18,1,0
2021-11-27,1.8046146,0.0033894094,0,0.18,0.3,0.08,0.39,0,0.26,0.18,1,0
2021-11-28,1.8198773,0.008457541,0,0.18,0.3,0.08,0.39,0,0.26,0.18,1,0
2021-11-29,1.822864,0.001641171,0,0.18,0.3,0.08,0.39,0,0.26,0.18,1,0
2021-11-30,1.8183045,-0.0025012852,0,0.18,0.3,0.08,0.39,0,0.26,0.18,1,0
2021-12-01,1.8163903,-0.0010527225,0,0.18,0.3,0.22,0.25,0,0.61,0.28,4,0
2021-12-02,1.8124787,-0.0021535144,0,0.18,0.3,0.08,0.39,0,0.26,0.18,1,0
2021-12-03,1.8014394,-0.0060907056,0,0.18,0.3,0.16,0.31,0,0.46,0.28,3,0
2021-12-04,1.7746146,-0.014890749,0,0.18,0.3,0.08,0.39,0,0.26,0.18,1,0
2021-12-05,1.7762965,0.00094772857,0,0.18,0.3,0.08,0.39,0,0.26,0.18,1,0
2021-12-06,1.784313,0.0045130632,0,0.18,0.3,0.14,0.33,0,0.41,0.33,2,0
2021-12-07,1.7853421,0.00057672906,0,0.18,0.3,0.08,0.39,0,0.26,0.18,1,0
2021-12-08,1.7841725,-0.00065508003,0,0.18,0.3,0.22,0.25,0,0.61,0.28,4,0
2021-12-09,1.7656583,-0.010376957,0,0.18,0.3,0.08,0.39,0,0.26,0.18,1,0
2021-12-10,1.7697529,0.0023190543,0,0.18,0.3,0.16,0.31,0,0.46,0.28,3,0
2021-12-11,1.7850544,0.008646108,0,0.18,0.3,0.08,0.39,0,0.26,0.18,1,0
2021-12-12,1.789475,0.0024764723,0,0.18,0.3,0.08,0.39,0,0.26,0.18,1,0
2021-12-13,1.7582058,-0.017473991,0,0.18,0.3,0.14,0.33,0,0.41,0.33,2,0
2021-12-14,1.7694063,0.0063704224,0,0.18,0.3,0.08,0.39,0,0.26,0.18,1,0
2021-12-15,1.772944,0.0019993597,0,0.18,0.3,0.08,0.39,0,0.26,0.18,1,0
2021-12-16,1.7649949,-0.0044835529,0,0.18,0.3,0.08,0.39,0,0.26,0.18,1,0
2021-12-17,1.7550751,-0.005620253,0,0.18,0.3,0.08,0.39,0,0.26,0.18,1,0
2021-12-18,1.7599866,0.0027984088,0,0.18,0.3,0.08,0.39,0,0.26,0.18,1,0
2021-12-19,1.760644,0.00037352985,0,0.18,0.3,0.08,0.39,0,0.26,-0.18,1,0
2021-12-20,1.7591628,-0.00084128728,0,0.18,0.3,0.08,0.39,0,0.26,-0.18,1,0
2021-12-21,1.7459265,-0.0075242081,0,0.18,0.3,0.08,0.39,0,0.26,-0.18,1,0
2021-12-22,1.7479652,0.0011677324,0,0.18,0.3,0.08,0.39,0,0.26,-0.18,1,0
2021-12-23,1.7334818,-0.0082859049,0,0.18,0.3,0.08,0.39,0,0.26,-0.18,1,0
2021-12-24,1.7336958,0.00012347544,0,0.18,0.3,0.08,0.39,0,0.26,-0.18,1,0
2021-12-25,1.7363755,0.0015456843,0,0.18,0.3,0.08,0.39,0,0.26,-0.18,1,0
2021-12-26,1.7341436,-0.0012853823,0,0.18,0.3,0.08,0.39,0,0.26,-0.18,1,0
2021-12-27,1.7346975,0.00031938526,0,0.18,0.3,0.08,0.39,0,0.26,-0.18,1,0
2021-12-28,1.7542429,0.011267328,0,0.18,0.3,0.08,0.39,0,0.26,-0.18,1,0
2021-12-29,1.7615094,0.00414226,0,0.18,0.3,0.08,0.39,0,0.26,-0.18,1,0
2021-12-30,1.7571317,-0.002485223,0,0.18,0.3,0.08,0.39,0,0.26,-0.18,1,0
2021-12-31,1.7632806,0.0034994129,0,0.18,0.3,0.08,0.39,0,0.26,-0.18,1,0
2022-01-01,1.7530405,-0.0058074159,0,0.18,0.3,0.08,0.39,0,0.26,-0.18,1,0
2022-01-02,1.7560262,0.0017031516,0,0.18,0.3,0.08,0.39,0,0.26,-0.18,1,0
2022-01-03,1.7585407,0.0014319063,0,0.18,0.3,0.14,0.33,0,0.41,-0.03,2,0
2022-01-04,1.7628258,0.0024367579,0,0.18,0.3,0.08,0.39,0,0.26,-0.18,1,0
2022-01-05,1.770674,0.004452066,0,0.18,0.3,0.3,0.17,0,0.69,-0.16,5,0
2022-01-06,1.7766499,0.0033749162,0,0.18,0.3,0.16,0.31,0,0.34,-0.26,2,0
2022-01-07,1.7853656,0.0049056785,0,0.18,0.3,0.24,0.23,0,0.54,-0.16,4,0
2022-01-08,1.784991,-0.00020981438,0,0.18,0.3,0.16,0.31,0,0.34,-0.26,2,0
2022-01-09,1.7836673,-0.00074155437,0,0.18,0.3,0.08,0.39,0,0.26,-0.18,1,0
2022-01-10,1.7782922,-0.0030135417,0,0.18,0.3,0.14,0.33,0,0.41,-0.03,2,0
2022-01-11,1.7714493,-0.0038479886,0,0.18,0.3,0.08,0.39,0,0.26,-0.18,1,0
2022-01-12,1.7866224,0.0085653602,0,0.18,0.3,0.22,0.25,0,0.61,-0.08,4,0
2022-01-13,1.7965104,0.0055344344,0,0.18,0.3,0.08,0.39,0,0.26,-0.18,1,0
2022-01-14,1.7870376,-0.0052728698,0,0.18,0.3,0.16,0.31,0,0.46,-0.08,3,0
2022-01-15,1.7869146,-6.882798e-05,0,0.18,0.3,0,0.47,0,0.18,-0.18,0,0
2022-01-16,1.7869395,1.3931045e-05,0,0.18,0.3,0.08,0.39,0,0.26,-0.18,1,0
2022-01-17,1.7935218,0.0036835636,0,0.18,0.3,0.08,0.39,0,0.26,-0.18,1,0
2022-01-18,1.7924725,-0.00058504337,0,0.18,0.3,0.08,0.39,0,0.26,-0.18,1,0
2022-01-19,1.7978399,0.0029943796,0,0.18,0.3,0.08,0.39,0,0.26,-0.18,1,0
2022-01-20,1.8055477,0.0042872646,0,0.18,0.3,0.08,0.39,0,0.26,-0.18,1,0
2022-01-21,1.839478,0.01879225,0,0.18,0.3,0.08,0.39,0,0.26,-0.18,1,0
2022-01-22,1.8520395,0.0068288486,0,0.18,0.3,0.08,0.39,0,0.26,-0.18,1,0
2022-01-23,1.84096,-0.0059823403,0,0.18,0.3,0.08,0.39,0,0.26,-0.18,1,0
2022-01-24,1.8372397,-0.0020208206,0,0.18,0.3,0.08,0.39,0,0.26,-0.18,1,0
2022-01-25,1.8351259,-0.0011505496,0,0.18,0.3,0.14,0.33,0,0.32,-0.18,2,0
2022-01-26,1.8371875,0.0011234271,0,0.18,0.3,0.14,0.33,0,0.32,-0.18,2,0
2022-01-27,1.8347418,-0.0013311964,0,0.18,0.3,0.14,0.33,0,0.32,-0.18,2,0
2022-01-28,1.8300472,-0.0025587616,0,0.18,0.3,0.14,0.33,0,0.32,-0.18,2,0
2022-01-29,1.8261763,-0.0021151637,0,0.18,0.3,0.08,0.39,0,0.26,-0.18,1,0
2022-01-30,1.8287284,0.0013974935,0,0.18,0.3,0.08,0.39,0,0.26,-0.18,1,0
2022-01-31,1.823698,-0.0027507624,0,0.18,0.3,0.08,0.39,0,0.26,-0.18,1,0
2022-02-01,1.8219657,-0.00094986353,0,0.18,0.3,0.16,0.31,0,0.34,-0.1,2,0
2022-02-02,1.830779,0.004837245,0,0.18,0.3,0.3,0.17,0,0.69,0,5,0
2022-02-03,1.8272884,-0.0019066176,0,0.18,0.3,0.16,0.31,0,0.34,-0.1,2,0
2022-02-04,1.7960066,-0.017119288,0,0.18,0.3,0.24,0.23,0,0.54,0,4,0
2022-02-05,1.7975954,0.00088465403,0,0.18,0.3,0.08,0.39,0,0.26,-0.18,1,0
2022-02-06,1.7898922,-0.0042852971,0,0.18,0.3,0.08,0.39,0,0.26,-0.18,1,0
2022-02-07,1.7872741,-0.0014626871,0,0.18,0.3,0.14,0.33,0,0.41,-0.03,2,0
2022-02-08,1.7858861,-0.00077660888,0,0.18,0.3,0.08,0.39,0,0.26,-0.18,1,0
2022-02-09,1.8082758,0.012537044,0,0.18,0.3,0.22,0.25,0,0.61,-0.08,4,0
2022-02-10,1.8147968,0.0036061646,0,0.18,0.3,0.08,0.39,0,0.26,-0.18,1,0
2022-02-11,1.826884,0.0066603945,0,0.18,0.3,0.16,0.31,0,0.46,-0.08,3,0
2022-02-12,1.8281975,0.00071895673,0,0.18,0.3,0.08,0.39,0,0.26,-0.18,1,0
2022-02-13,1.8295709,0.00075124044,0,0.18,0.3,0.08,0.39,0,0.26,-0.18,1,0
2022-02-14,1.8306689,0.00060015666,0,0.18,0.3,0.14,0.33,0,0.41,-0.03,2,0
2022-02-15,1.8151776,-0.0084621397,0,0.18,0.3,0.08,0.39,0,0.26,-0.18,1,0
2022-02-16,1.8202047,0.0027695129,0,0.18,0.3,0.08,0.39,0,0.26,-0.18,1,0
2022-02-17,1.8453839,0.013833165,0,0.18,0.3,0.08,0.39,0,0.26,-0.18,1,0
2022-02-18,1.8498758,0.0024341069,0,0.18,0.3,0.08,0.39,0,0.26,-0.18,1,0
2022-02-19,1.8490918,-0.00042377283,0,0.18,0.3,0.08,0.39,0,0.26,-0.18,1,0
2022-02-20,1.8632092,0.0076347636,0,0.18,0.3,0.08,0.39,0,0.26,-0.18,1,0
2022-02-21,1.8753139,0.006496704,0,0.18,0.3,0.08,0.39,0,0.26,-0.18,1,0
2022-02-22,1.8642191,-0.0059162762,0,0.18,0.3,0.08,0.39,0,0.26,-0.18,1,0
2022-02-23,1.8727081,0.0045536745,0,0.18,0.3,0.08,0.39,0,0.26,-0.18,1,0
2022-02-24,1.8630218,-0.0051723836,0,0.18,0.3,0,0.47,0,0.18,-0.18,0,0
2022-02-25,1.8552788,-0.0041561263,0,0.18,0.3,0,0.47,0,0.18,-0.18,0,0
2022-02-26,1.8562122,0.00050308044,0,0.18,0.3,0,0.47,0,0.18,-0.18,0,0
2022-02-27,1.8682437,0.0064817523,0,0.18,0.3,0.08,0.39,0,0.26,-0.18,1,0
2022-02-28,1.8195393,-0.026069604,0,0.18,0.3,0.08,0.39,0,0.26,-0.18,1,0
2022-03-01,1.810064,-0.0052074983,0,0.18,0.3,0.08,0.39,0,0.26,-0.18,1,0
2022-03-02,1.8101305,3.670227e-05,0,0.18,0.3,0.22,0.25,0,0.4,-0.14,4,0
2022-03-03,1.8209152,0.0059579661,0,0.18,0.3,0.08,0.39,0,0.26,-0.18,1,0
2022-03-04,1.8459579,0.01375281,0,0.18,0.3,0.16,0.31,0,0.34,-0.14,3,0
2022-03-05,1.843462,-0.0013520931,0,0.18,0.3,0.14,0.33,0,0.32,-0.18,2,0
2022-03-06,1.8512141,0.0042051821,0,0.18,0.3,0.14,0.33,0,0.32,-0.18,2,0
2022-03-07,1.8582638,0.0038081832,0,0.18,0.3,0.2,0.27,0,0.47,-0.03,3,0
2022-03-08,1.8517462,-0.0035073571,0,0.18,0.3,0.14,0.33,0,0.32,-0.18,2,0
2022-03-09,1.842581,-0.0049495066,0,0.18,0.3,0.22,0.25,0,0.61,-0.08,4,0
2022-03-10,1.8625806,0.010854131,0,0.18,0.3,0.08,0.39,0,0.26,-0.18,1,0
2022-03-11,1.8712939,0.0046780822,0,0.18,0.3,0.16,0.31,0,0.34,-0.14,3,0
2022-03-12,1.8706778,-0.0003292242,0,0.18,0.3,0.08,0.39,0,0.26,-0.18,1,0
2022-03-13,1.8795105,0.0047216274,0,0.18,0.3,0.08,0.39,0,0.26,-0.18,1,0
2022-03-14,1.8632281,-0.0086630904,0,0.18,0.3,0.06,0.41,0,0.24,-0.12,1,0
2022-03-15,1.8665952,0.0018071336,0,0.18,0.3,0,0.47,0,0.18,-0.18,0,0
2022-03-16,1.8508615,-0.0084291207,0,0.18,0.3,0.08,0.39,0,0.26,-0.18,1,0
2022-03-17,1.8525558,0.00091541638,0,0.18,0.3,0.08,0.39,0,0.26,-0.18,1,0
2022-03-18,1.8458064,-0.0036432824,0,0.18,0.3,0.08,0.39,0,0.26,-0.18,1,0
2022-03-19,1.8423817,-0.0018553925,0,0.18,0.3,0.08,0.39,0,0.26,-0.18,1,0
2022-03-20,1.8498656,0.004062068,0,0.18,0.3,0.08,0.39,0,0.26,-0.18,1,0
2022-03-21,1.8520366,0.0011736409,0,0.18,0.3,0.08,0.39,0,0.26,-0.18,1,0
2022-03-22,1.8410693,-0.0059217806,0,0.18,0.3,0.08,0.39,0,0.26,-0.18,1,0
2022-03-23,1.8371126,-0.0021491074,0,0.18,0.3,0.08,0.39,0,0.26,-0.18,1,0
2022-03-24,1.8286258,-0.004619636,0,0.18,0.3,0.08,0.39,0,0.26,-0.18,1,0
2022-03-25,1.8263015,-0.001271081,0,0.18,0.3,0.08,0.39,0,0.26,-0.18,1,0
2022-03-26,1.8249103,-0.00076174346,0,0.18,0.3,0.08,0.39,0,0.26,-0.18,1,0
2022-03-27,1.8078796,-0.0093323803,0,0.18,0.3,0.08,0.39,0,0.26,-0.18,1,0
2022-03-28,1.8059362,-0.0010749519,0,0.18,0.3,0.08,0.39,0,0.26,-0.18,1,0
2022-03-29,1.803882,-0.0011374965,0,0.18,0.3,0.08,0.39,0,0.26,-0.18,1,0
2022-03-30,1.8064954,0.0014488042,0,0.18,0.3,0.08,0.39,0,0.26,-0.18,1,0
2022-03-31,1.8173592,0.0060137276,0,0.18,0.3,0.08,0.39,0,0.26,-0.18,1,0
2022-04-01,1.820269,0.0016011335,0,0.18,0.3,0.16,0.31,0,0.46,-0.08,3,0
2022-04-02,1.8237174,0.0018944261,0,0.18,0.3,0.08,0.39,0,0.26,-0.18,1,0
2022-04-03,1.8195478,-0.0022862941,0,0.18,0.3,0.08,0.39,0,0.26,-0.18,1,0
2022-04-04,1.812964,-0.003618373,0,0.18,0.3,0.14,0.33,0,0.41,-0.03,2,0
2022-04-05,1.8206541,0.0042417343,0,0.18,0.3,0.08,0.39,0,0.26,-0.18,1,0
2022-04-06,1.8085932,-0.0066245378,0,0.18,0.3,0.22,0.25,0,0.61,-0.08,4,0
2022-04-07,1.8066209,-0.0010904666,0,0.18,0.3,0.08,0.39,0,0.26,-0.18,1,0
2022-04-08,1.8099233,0.0018279276,0,0.18,0.3,0.16,0.31,0,0.46,-0.08,3,0
2022-04-09,1.8061548,-0.0020821262,0,0.18,0.3,0.08,0.39,0,0.26,-0.18,1,0
2022-04-10,1.810767,0.0025535741,0,0.18,0.3,0.08,0.39,0,0.26,-0.18,1,0
2022-04-11,1.8190243,0.0045601486,0,0.18,0.3,0.14,0.33,0,0.41,-0.03,2,0
2022-04-12,1.8145396,-0.0024654787,0,0.18,0.3,0.08,0.39,0,0.26,-0.18,1,0
2022-04-13,1.8190701,0.0024968015,0,0.18,0.3,0.22,0.25,0,0.61,-0.08,4,0
2022-04-14,1.8287408,0.0053162924,0,0.18,0.3,0.08,0.39,0,0.26,-0.18,1,0
2022-04-15,1.8237597,-0.0027237928,0,0.18,0.3,0.08,0.39,0,0.26,-0.18,1,0
2022-04-16,1.8252415,0.00081250251,0,0.18,0.3,0.08,0.39,0,0.26,-0.18,1,0
2022-04-17,1.8310319,0.0031724095,0,0.18,0.3,0.08,0.39,0,0.26,-0.18,1,0
2022-04-18,1.821726,-0.0050823553,0,0.18,0.3,0.08,0.39,0,0.26,-0.18,1,0
2022-04-19,1.8162404,-0.0030112221,0,0.18,0.3,0.08,0.39,0,0.26,-0.18,1,0
2022-04-20,1.8173967,0.00063663734,0,0.18,0.3,0.08,0.39,0,0.26,-0.18,1,0
2022-04-21,1.824403,0.0038551433,0,0.18,0.3,0.08,0.39,0,0.26,-0.18,1,0
2022-04-22,1.8306953,0.0034489812,0,0.18,0.3,0.08,0.39,0,0.26,-0.18,1,0
2022-04-23,1.8329343,0.0012230309,0,0.18,0.3,0.08,0.39,0,0.26,-0.18,1,0
2022-04-24,1.832722,-0.00011581413,0,0.18,0.3,0.08,0.39,0,0.26,-0.18,1,0
2022-04-25,1.8246212,-0.0044201124,0,0.18,0.3,0,0.47,0,0.18,-0.18,0,0
2022-04-26,1.8434761,0.010333589,0,0.18,0.3,0,0.47,0,0.18,-0.18,0,0
2022-04-27,1.8337587,-0.0052712047,0,0.18,0.3,0,0.47,0,0.18,-0.18,0,0
2022-04-28,1.8271928,-0.0035806163,0,0.18,0.3,0.1,0.37,0,0.28,-0.28,1,0
2022-04-29,1.8420052,0.0081066585,0,0.18,0.3,0.1,0.37,0,0.28,-0.28,1,0
2022-04-30,1.8549652,0.0070358312,0,0.18,0.3,0.1,0.37,0,0.28,-0.28,1,0
2022-05-01,1.8434661,-0.0061990928,0,0.18,0.3,0.1,0.37,0,0.28,-0.28,1,0
2022-05-02,1.8377213,-0.0031163019,0,0.18,0.3,0.24,0.23,0,0.51,-0.13,3,0
2022-05-03,1.8484604,0.0058437132,0,0.18,0.3,0.18,0.29,0,0.36,-0.28,2,0
2022-05-04,1.8448803,-0.0019368009,0,0.18,0.3,0.32,0.15,0,0.71,-0.18,5,0
2022-05-05,1.8858138,0.0221876,0,0.18,0.3,0.18,0.29,0,0.36,-0.28,2,0
2022-05-06,1.8836347,-0.001155507,0,0.18,0.3,0.34,0.13,0,0.64,-0.26,5,0
2022-05-07,1.8913125,0.0040760252,0,0.18,0.3,0.26,0.21,0,0.44,-0.36,3,0
2022-05-08,1.9124928,0.011198771,0,0.18,0.3,0.26,0.21,0,0.44,-0.36,3,0
2022-05-09,1.9551231,0.022290426,0,0.18,0.3,0.32,0.15,0,0.59,-0.21,4,0
2022-05-10,1.9381105,-0.0087015514,0,0.18,0.3,0.18,0.29,0,0.36,-0.28,2,0
2022-05-11,1.939943,0.00094547895,0,0.18,0.3,0.32,0.15,0,0.71,-0.18,5,0
2022-05-12,1.9412743,0.00068627894,0,0.18,0.3,0.18,0.29,0,0.36,-0.28,2,0
2022-05-13,1.9386368,-0.0013586449,0,0.18,0.3,0.34,0.13,0,0.64,-0.1,5,0
2022-05-14,1.9217916,-0.0086891882,0,0.18,0.3,0.26,0.21,0,0.44,-0.2,3,0
2022-05-15,1.8975659,-0.012605822,0,0.18,0.3,0.26,0.21,0,0.44,-0.2,3,0
2022-05-16,1.921207,0.012458678,0,0.18,0.3,0.26,0.21,0,0.44,-0.2,3,0
2022-05-17,1.9110112,-0.0053069866,0,0.18,0.3,0.18,0.29,0,0.36,-0.28,2,0
2022-05-18,1.9414577,0.015932132,0,0.18,0.3,0.18,0.29,0,0.36,-0.28,2,0
2022-05-19,1.9111778,-0.015596479,0,0.18,0.3,0.18,0.29,0,0.36,-0.28,2,0
2022-05-20,1.9310229,0.010383709,0,0.18,0.3,0.18,0.29,0,0.36,-0.28,2,0
2022-05-21,1.9265679,-0.002307087,0,0.18,0.3,0.18,0.29,0,0.36,-0.28,2,0
2022-05-22,1.911094,-0.0080318452,0,0.18,0.3,0.18,0.29,0,0.36,-0.28,2,0
2022-05-23,1.9321306,0.011007621,0,0.18,0.3,0.18,0.29,0,0.36,-0.28,2,0
2022-05-24,1.9220415,-0.0052217221,0,0.18,0.3,0.18,0.29,0,0.36,-0.28,2,0
2022-05-25,1.9241815,0.0011133895,0,0.18,0.3,0.18,0.29,0,0.36,-0.28,2,0
2022-05-26,1.9304881,0.003277563,0,0.18,0.3,0.18,0.29,0,0.36,-0.28,2,0
2022-05-27,1.9411777,0.0055372398,0,0.18,0.3,0.18,0.29,0,0.36,-0.28,2,0
2022-05-28,1.9336632,-0.0038711249,0,0.18,0.3,0.18,0.29,0,0.36,-0.28,2,0
2022-05-29,1.9256275,-0.0041556619,0,0.18,0.3,0.18,0.29,0,0.36,-0.28,2,0
2022-05-30,1.884274,-0.021475343,0,0.18,0.3,0.18,0.29,0,0.36,-0.28,2,0
2022-05-31,1.8832702,-0.00053269505,0,0.18,0.3,0.18,0.29,0,0.36,-0.28,2,0
2022-06-01,1.9110951,0.014774747,0,0.18,0.3,0.32,0.15,0,0.5,-0.24,5,0
2022-06-02,1.8995505,-0.0060408201,0,0.18,0.3,0.18,0.29,0,0.36,-0.28,2,0
2022-06-03,1.9080445,0.0044715632,0,0.18,0.3,0.26,0.21,0,0.44,-0.24,4,0
2022-06-04,1.9051763,-0.0015031808,0,0.18,0.3,0.18,0.29,0,0.36,-0.28,2,0
2022-06-05,1.9042717,-0.00047483633,0,0.18,0.3,0.18,0.29,0,0.36,-0.28,2,0
2022-06-06,1.8789411,-0.013301994,0,0.18,0.3,0.24,0.23,0,0.42,-0.22,3,0
2022-06-07,1.8831518,0.0022410339,0,0.18,0.3,0.18,0.29,0,0.36,-0.28,2,0
2022-06-08,1.8987191,0.0082665763,0,0.18,0.3,0.32,0.15,0,0.5,-0.24,5,0
2022-06-09,1.900495,0.00093533391,0,0.18,0.3,0.18,0.29,0,0.36,-0.28,2,0
2022-06-10,1.9067235,0.0032773193,0,0.18,0.3,0.26,0.21,0,0.56,-0.18,4,0
2022-06-11,1.9199812,0.0069530949,0,0.18,0.3,0.24,0.23,0,0.42,-0.28,3,0
2022-06-12,1.9566721,0.019110073,0,0.18,0.3,0.24,0.23,0,0.42,-0.28,3,0
2022-06-13,2.0224827,0.033633929,0,0.18,0.3,0.3,0.17,0,0.57,-0.13,4,0
2022-06-14,2.0320808,0.0047457195,0,0.18,0.3,0.24,0.23,0,0.42,-0.28,3,0
2022-06-15,2.020634,-0.0056330642,0,0.18,0.3,0.18,0.29,0,0.36,-0.28,2,0
2022-06-16,2.0752056,0.027007143,0,0.18,0.3,0.18,0.29,0,0.36,-0.28,2,0
2022-06-17,2.0733513,-0.00089353439,0,0.18,0.3,0.1,0.37,0,0.28,-0.28,1,0
2022-06-18,2.1159064,0.020524815,0,0.18,0.3,0.1,0.37,0,0.28,-0.28,1,0
2022-06-19,2.0659081,-0.023629754,0,0.18,0.3,0.1,0.37,0,0.28,-0.28,1,0
2022-06-20,2.0659791,3.4373747e-05,0,0.18,0.3,0.1,0.37,0,0.28,-0.28,1,0
2022-06-21,2.0618399,-0.0020035102,0,0.18,0.3,0.1,0.37,0,0.28,-0.28,1,0
2022-06-22,2.0822258,0.0098872278,0,0.18,0.3,0.18,0.29,0,0.36,-0.28,2,0
2022-06-23,2.0495544,-0.015690607,0,0.18,0.3,0.18,0.29,0,0.36,-0.28,2,0
2022-06-24,2.0461967,-0.0016382455,0,0.18,0.3,0.18,0.29,0,0.36,-0.28,2,0
2022-06-25,2.0399295,-0.0030628591,0,0.18,0.3,0.24,0.23,0,0.42,-0.28,3,0
2022-06-26,2.0526391,0.0062304036,0,0.18,0.3,0.24,0.23,0,0.42,-0.28,3,0
2022-06-27,2.0613778,0.0042573191,0,0.18,0.3,0.24,0.23,0,0.42,-0.28,3,0
2022-06-28,2.0743728,0.0063040005,0,0.18,0.3,0.24,0.23,0,0.42,-0.28,3,0
2022-06-29,2.0790035,0.0022323368,0,0.18,0.3,0.18,0.29,0,0.36,-0.28,2,0
2022-06-30,2.0842676,0.0025320325,0,0.18,0.3,0.18,0.29,0,0.36,-0.28,2,0
2022-07-01,2.102798,0.0088906016,0,0.18,0.3,0.26,0.21,0,0.44,-0.24,4,0
2022-07-02,2.1036988,0.00042839173,0,0.18,0.3,0.18,0.29,0,0.36,-0.28,2,0
2022-07-03,2.1018661,-0.00087116404,0,0.18,0.3,0.18,0.29,0,0.36,-0.28,2,0
2022-07-04,2.0787359,-0.0110046,0,0.18,0.3,0.24,0.23,0,0.42,-0.22,3,0
2022-07-05,2.0805809,0.00088755587,0,0.18,0.3,0.18,0.29,0,0.36,-0.28,2,0
2022-07-06,2.0717161,-0.0042607555,0,0.18,0.3,0.32,0.15,0,0.5,-0.24,5,0
2022-07-07,2.0419125,-0.014385935,0,0.18,0.3,0.18,0.29,0,0.36,-0.28,2,0
2022-07-08,2.0351287,-0.0033222719,0,0.18,0.3,0.34,0.13,0,0.52,-0.16,5,0
2022-07-09,2.0342072,-0.00045280981,0,0.18,0.3,0.26,0.21,0,0.44,-0.2,3,0
2022-07-10,2.0524553,0.0089706285,0,0.18,0.3,0.26,0.21,0,0.44,-0.2,3,0
2022-07-11,2.0770572,0.011986574,0,0.18,0.3,0.32,0.15,0,0.5,-0.14,4,0
2022-07-12,2.0956485,0.0089508004,0,0.18,0.3,0.18,0.29,0,0.36,-0.28,2,0
2022-07-13,2.0703949,-0.012050517,0,0.18,0.3,0.32,0.15,0,0.5,-0.24,5,0
2022-07-14,2.0603444,-0.0048543765,0,0.18,0.3,0.18,0.29,0,0.36,-0.28,2,0
2022-07-15,2.0536739,-0.0032375397,0,0.18,0.3,0.18,0.29,0,0.36,-0.28,2,0
2022-07-16,2.0436743,-0.0048691457,0,0.18,0.3,0.18,0.29,0,0.36,-0.28,2,0
2022-07-17,2.0561766,0.0061175672,0,0.18,0.3,0.24,0.23,0,0.42,-0.28,3,0
2022-07-18,2.0157758,-0.019648529,0,0.18,0.3,0.24,0.23,0,0.42,-0.28,3,0
2022-07-19,1.9974081,-0.0091119653,0,0.18,0.3,0.24,0.23,0,0.42,-0.28,3,0
2022-07-20,2.0057588,0.0041807461,0,0.18,0.3,0.24,0.23,0,0.42,-0.28,3,0
2022-07-21,2.0087274,0.0014800477,0,0.18,0.3,0.24,0.23,0,0.42,-0.28,3,0
2022-07-22,2.0201876,0.005705214,0,0.18,0.3,0.18,0.29,0,0.36,-0.28,2,0
2022-07-23,2.0261153,0.0029342394,0,0.18,0.3,0.18,0.29,0,0.36,-0.28,2,0
2022-07-24,2.0229679,-0.001553441,0,0.18,0.3,0.18,0.29,0,0.36,-0.28,2,0
2022-07-25,2.0548848,0.015777267,0,0.18,0.3,0.18,0.29,0,0.36,-0.28,2,0
2022-07-26,2.0563016,0.00068952275,0,0.18,0.3,0.18,0.29,0,0.36,-0.28,2,0
2022-07-27,2.0268244,-0.014335057,0,0.18,0.3,0.08,0.39,0,0.26,-0.18,1,0
2022-07-28,2.0128089,-0.006915044,0,0.18,0.3,0.14,0.33,0,0.32,-0.18,2,0
2022-07-29,2.0132925,0.00024026917,0,0.18,0.3,0.14,0.33,0,0.32,-0.18,2,0
2022-07-30,2.0143765,0.00053845132,0,0.18,0.3,0.14,0.33,0,0.32,-0.18,2,0
2022-07-31,2.0188148,0.0022032981,0,0.18,0.3,0.14,0.33,0,0.32,-0.18,2,0
2022-08-01,2.0138078,-0.0024801995,0,0.18,0.3,0.2,0.27,0,0.47,-0.03,3,0
2022-08-02,2.0182807,0.0022211371,0,0.18,0.3,0.08,0.39,0,0.26,-0.18,1,0
2022-08-03,2.032807,0.0071973564,0,0.18,0.3,0.22,0.25,0,0.61,-0.08,4,0
2022-08-04,2.0360119,0.0015766059,0,0.18,0.3,0.08,0.39,0,0.26,-0.18,1,0
2022-08-05,2.0264009,-0.0047204989,0,0.18,0.3,0.16,0.31,0,0.46,-0.08,3,0
2022-08-06,2.0321135,0.0028190716,0,0.18,0.3,0.08,0.39,0,0.26,-0.18,1,0
2022-08-07,2.0286906,-0.0016843773,0,0.18,0.3,0.08,0.39,0,0.26,-0.18,1,0
2022-08-08,2.0252666,-0.0016877958,0,0.18,0.3,0.14,0.33,0,0.41,-0.03,2,0
2022-08-09,2.0354843,0.0050450909,0,0.18,0.3,0.08,0.39,0,0.26,-0.18,1,0
2022-08-10,2.0750553,0.019440573,0,0.18,0.3,0.22,0.25,0,0.61,-0.08,4,0
2022-08-11,2.0754668,0.00019830316,0,0.18,0.3,0.08,0.39,0,0.26,-0.18,1,0
2022-08-12,2.0638271,-0.0056082031,0,0.18,0.3,0.16,0.31,0,0.46,-0.08,3,0
2022-08-13,2.0633327,-0.0002395561,0,0.18,0.3,0.08,0.39,0,0.26,-0.18,1,0
2022-08-14,2.0654747,0.0010381295,0,0.18,0.3,0.08,0.39,0,0.26,-0.18,1,0
2022-08-15,2.0687547,0.0015879849,0,0.18,0.3,0.08,0.39,0,0.26,-0.18,1,0
2022-08-16,2.0725434,0.001831406,0,0.18,0.3,0.08,0.39,0,0.26,-0.18,1,0
2022-08-17,2.0806365,0.0039049371,0,0.18,0.3,0.08,0.39,0,0.26,-0.18,1,0
2022-08-18,2.0831776,0.0012212652,0,0.18,0.3,0.08,0.39,0,0.26,-0.18,1,0
2022-08-19,2.1223208,0.018790138,0,0.18,0.3,0.16,0.31,0,0.34,-0.26,2,0
2022-08-20,2.1182115,-0.0019362074,0,0.18,0.3,0.16,0.31,0,0.34,-0.26,2,0
2022-08-21,2.1129335,-0.0024917013,0,0.18,0.3,0.16,0.31,0,0.34,-0.26,2,0
2022-08-22,2.1153323,0.0011352594,0,0.18,0.3,0.16,0.31,0,0.34,-0.26,2,0
2022-08-23,2.1131014,-0.0010546179,0,0.18,0.3,0,0.47,0,0.18,-0.18,0,0
2022-08-24,2.116016,0.001379295,0,0.18,0.3,0,0.47,0,0.18,-0.18,0,0
2022-08-25,2.1126817,-0.0015757283,0,0.18,0.3,0,0.47,0,0.18,-0.18,0,0
2022-08-26,2.1359994,0.011036994,0,0.18,0.3,0,0.47,0,0.18,-0.18,0,0
2022-08-27,2.1399342,0.0018421208,0,0.18,0.3,0,0.47,0,0.18,-0.18,0,0
2022-08-28,2.1492699,0.0043626467,0,0.18,0.3,0,0.47,0,0.18,-0.18,0,0
2022-08-29,2.1348966,-0.0066875273,0,0.18,0.3,0,0.47,0,0.18,-0.18,0,0
2022-08-30,2.1439473,0.0042394101,0,0.18,0.3,0,0.47,0,0.18,-0.18,0,0
2022-08-31,2.1393748,-0.0021327571,0,0.18,0.3,0,0.47,0,0.18,-0.18,0,0
2022-09-01,2.137881,-0.00069825473,0,0.18,0.3,0,0.47,0,0.18,-0.18,0,0
2022-09-02,2.1463587,0.0039654702,0,0.18,0.3,0.08,0.39,0,0.38,-0.08,2,0
2022-09-03,2.1487521,0.0011151217,0,0.18,0.3,0,0.47,0,0.18,-0.18,0,0
2022-09-04,2.1455385,-0.0014955699,0,0.18,0.3,0,0.47,0,0.18,-0.18,0,0
2022-09-05,2.1505433,0.0023326409,0,0.18,0.3,0.14,0.33,0,0.41,-0.03,2,0
2022-09-06,2.1702955,0.0091847391,0,0.18,0.3,0.08,0.39,0,0.26,-0.18,1,0
2022-09-07,2.1564181,-0.0063942407,0,0.18,0.3,0.32,0.15,0,0.71,-0.18,5,0
2022-09-08,2.1556628,-0.00035027138,0,0.18,0.3,0.18,0.29,0,0.36,-0.28,2,0
2022-09-09,2.1165456,-0.018146239,0,0.18,0.3,0.26,0.21,0,0.56,-0.18,4,0
2022-09-10,2.1115247,-0.0023722041,0,0.18,0.3,0.08,0.39,0,0.26,-0.18,1,0
2022-09-11,2.1085,-0.0014324896,0,0.18,0.3,0.08,0.39,0,0.26,-0.18,1,0
2022-09-12,2.106529,-0.00093477741,0,0.18,0.3,0.14,0.33,0,0.41,-0.03,2,0
2022-09-13,2.1442716,0.017916969,0,0.18,0.3,0.08,0.39,0,0.26,-0.18,1,0
2022-09-14,2.141286,-0.0013923452,0,0.18,0.3,0.22,0.25,0,0.61,-0.08,4,0
2022-09-15,2.1513765,0.0047123136,0,0.18,0.3,0.08,0.39,0,0.26,-0.18,1,0
2022-09-16,2.1495074,-0.00086876689,0,0.18,0.3,0.14,0.33,0,0.32,-0.18,2,0
2022-09-17,2.1430549,-0.0030018425,0,0.18,0.3,0.14,0.33,0,0.32,-0.18,2,0
2022-09-18,2.1560578,0.0060674684,0,0.18,0.3,0.14,0.33,0,0.32,-0.18,2,0
2022-09-19,2.1527179,-0.0015491156,0,0.18,0.3,0.14,0.33,0,0.32,-0.18,2,0
2022-09-20,2.165134,0.0057676451,0,0.18,0.3,0.14,0.33,0,0.32,-0.18,2,0
2022-09-21,2.172946,0.0036081218,0,0.18,0.3,0.14,0.33,0,0.32,-0.18,2,0
2022-09-22,2.1527448,-0.0092967246,0,0.18,0.3,0.14,0.33,0,0.32,-0.18,2,0
2022-09-23,2.1550558,0.0010735365,0,0.18,0.3,0.08,0.39,0,0.26,-0.18,1,0
2022-09-24,2.1625725,0.0034879278,0,0.18,0.3,0.08,0.39,0,0.26,-0.18,1,0
2022-09-25,2.1649834,0.0011148388,0,0.18,0.3,0.08,0.39,0,0.26,-0.18,1,0
2022-09-26,2.1563559,-0.0039850067,0,0.18,0.3,0.08,0.39,0,0.26,-0.18,1,0
2022-09-27,2.1594642,0.0014414542,0,0.18,0.3,0.08,0.39,0,0.26,-0.18,1,0
2022-09-28,2.1527462,-0.0031109641,0,0.18,0.3,0.08,0.39,0,0.26,-0.18,1,0
2022-09-29,2.1492847,-0.0016079713,0,0.18,0.3,0.08,0.39,0,0.26,-0.18,1,0
2022-09-30,2.1527421,0.0016086713,0,0.18,0.3,0.08,0.39,0,0.26,-0.18,1,0
2022-10-01,2.1550754,0.0010838537,0,0.18,0.3,0.08,0.39,0,0.26,-0.18,1,0
2022-10-02,2.1602782,0.0024142131,0,0.18,0.3,0.08,0.39,0,0.26,-0.18,1,0
2022-10-03,2.1533262,-0.0032180975,0,0.18,0.3,0.14,0.33,0,0.41,-0.03,2,0
2022-10-04,2.1394538,-0.0064423173,0,0.18,0.3,0.08,0.39,0,0.26,-0.18,1,0
2022-10-05,2.1332573,-0.0028962911,0,0.18,0.3,0.22,0.25,0,0.61,-0.08,4,0
2022-10-06,2.1371425,0.0018212254,0,0.18,0.3,0.08,0.39,0,0.26,-0.18,1,0
2022-10-07,2.1373545,9.9215793e-05,0,0.18,0.3,0.16,0.31,0,0.46,-0.08,3,0
2022-10-08,2.1396599,0.0010786034,0,0.18,0.3,0.08,0.39,0,0.26,-0.18,1,0
2022-10-09,2.1393244,-0.00015676622,0,0.18,0.3,0.08,0.39,0,0.26,-0.18,1,0
2022-10-10,2.1435536,0.0019768569,0,0.18,0.3,0.14,0.33,0,0.41,-0.03,2,0
2022-10-11,2.1451249,0.00073305735,0,0.18,0.3,0.08,0.39,0,0.26,-0.18,1,0
2022-10-12,2.1491041,0.0018549942,0,0.18,0.3,0.22,0.25,0,0.61,-0.08,4,0
2022-10-13,2.1447768,-0.0020135311,0,0.18,0.3,0.08,0.39,0,0.26,-0.18,1,0
2022-10-14,2.1467114,0.00090197035,0,0.18,0.3,0.16,0.31,0,0.46,-0.08,3,0
2022-10-15,2.1489706,0.0010523987,0,0.18,0.3,0.08,0.39,0,0.26,-0.18,1,0
2022-10-16,2.1451256,-0.0017891882,0,0.18,0.3,0.08,0.39,0,0.26,-0.18,1,0
2022-10-17,2.1394657,-0.0026385268,0,0.18,0.3,0.08,0.39,0,0.26,-0.18,1,0
2022-10-18,2.1439687,0.0021047482,0,0.18,0.3,0.08,0.39,0,0.26,-0.18,1,0
2022-10-19,2.1481493,0.0019499086,0,0.18,0.3,0.08,0.39,0,0.26,-0.18,1,0
2022-10-20,2.14991,0.0008196464,0,0.18,0.3,0.08,0.39,0,0.26,-0.18,1,0
2022-10-21,2.1469336,-0.001384434,0,0.18,0.3,0.16,0.31,0,0.34,-0.26,2,0
2022-10-22,2.1449978,-0.00090165546,0,0.18,0.3,0.16,0.31,0,0.34,-0.26,2,0
2022-10-23,2.1365077,-0.0039580995,0,0.18,0.3,0.16,0.31,0,0.34,-0.26,2,0
2022-10-24,2.1407502,0.0019857493,0,0.18,0.3,0.22,0.25,0,0.4,-0.26,3,0
2022-10-25,2.1259498,-0.0069136491,0,0.18,0.3,0.14,0.33,0,0.32,-0.18,2,0
2022-10-26,2.112876,-0.0061496476,0,0.18,0.3,0.14,0.33,0,0.32,-0.18,2,0
2022-10-27,2.119983,0.0033636833,0,0.18,0.3,0.14,0.33,0,0.32,-0.18,2,0
2022-10-28,2.1127676,-0.0034035547,0,0.18,0.3,0.14,0.33,0,0.32,-0.18,2,0
2022-10-29,2.1071869,-0.0026413937,0,0.18,0.3,0.14,0.33,0,0.32,-0.18,2,0
2022-10-30,2.1105868,0.0016134539,0,0.18,0.3,0.08,0.39,0,0.26,-0.18,1,0
2022-10-31,2.1131828,0.0012300301,0,0.18,0.3,0.08,0.39,0,0.26,-0.18,1,0
2022-11-01,2.1133861,9.6170838e-05,0,0.18,0.3,0.08,0.39,0,0.26,-0.18,1,0
2022-11-02,2.104086,-0.0044005773,0,0.18,0.3,0.22,0.25,0,0.61,-0.08,4,0
2022-11-03,2.10312,-0.00045909911,0,0.18,0.3,0.08,0.39,0,0.26,-0.18,1,0
2022-11-04,2.0986621,-0.0021196501,0,0.18,0.3,0.16,0.31,0,0.46,-0.08,3,0
2022-11-05,2.0960684,-0.0012358829,0,0.18,0.3,0.08,0.39,0,0.26,-0.18,1,0
2022-11-06,2.1031515,0.0033792492,0,0.18,0.3,0.08,0.39,0,0.26,-0.18,1,0
2022-11-07,2.1061298,0.001416125,0,0.18,0.3,0.14,0.33,0,0.41,-0.03,2,0
2022-11-08,2.1438549,0.017912029,0,0.18,0.3,0.08,0.39,0,0.26,-0.18,1,0
2022-11-09,2.1434675,-0.00018070197,0,0.18,0.3,0.22,0.25,0,0.61,-0.08,4,0
2022-11-10,2.1024331,-0.019143947,0,0.18,0.3,0.08,0.39,0,0.26,-0.18,1,0
2022-11-11,2.12398,0.010248575,0,0.18,0.3,0.26,0.21,0,0.44,-0.24,4,0
2022-11-12,2.1330464,0.0042685584,0,0.18,0.3,0.1,0.37,0,0.28,-0.28,1,0
2022-11-13,2.1502478,0.0080642684,0,0.18,0.3,0.1,0.37,0,0.28,-0.28,1,0
2022-11-14,2.1452966,-0.002302648,0,0.18,0.3,0.16,0.31,0,0.34,-0.22,2,0
2022-11-15,2.1352068,-0.0047031857,0,0.18,0.3,0.1,0.37,0,0.28,-0.28,1,0
2022-11-16,2.1436896,0.0039727912,0,0.18,0.3,0.1,0.37,0,0.28,-0.28,1,0
2022-11-17,2.1426866,-0.00046788067,0,0.18,0.3,0.1,0.37,0,0.28,-0.28,1,0
2022-11-18,2.1424734,-9.9469674e-05,0,0.18,0.3,0.1,0.37,0,0.28,-0.28,1,0
2022-11-19,2.1425356,2.9020529e-05,0,0.18,0.3,0.1,0.37,0,0.28,-0.28,1,0
2022-11-20,2.1577092,0.0070820508,0,0.18,0.3,0.1,0.37,0,0.28,-0.28,1,0
2022-11-21,2.1762957,0.0086140331,0,0.18,0.3,0.1,0.37,0,0.28,-0.28,1,0
2022-11-22,2.1591594,-0.0078740815,0,0.18,0.3,0.1,0.37,0,0.28,-0.28,1,0
2022-11-23,2.1452155,-0.0064580328,0,0.18,0.3,0.1,0.37,0,0.28,-0.28,1,0
2022-11-24,2.1452884,3.3995443e-05,0,0.18,0.3,0.18,0.29,0,0.36,-0.28,2,0
2022-11-25,2.1481451,0.0013316274,0,0.18,0.3,0.18,0.29,0,0.36,-0.28,2,0
2022-11-26,2.1505385,0.0011141364,0,0.18,0.3,0.18,0.29,0,0.36,-0.28,2,0
2022-11-27,2.1517021,0.00054110131,0,0.18,0.3,0.18,0.29,0,0.36,-0.28,2,0
2022-11-28,2.1596942,0.0037142937,0,0.18,0.3,0.18,0.29,0,0.36,-0.28,2,0
2022-11-29,2.1512155,-0.003925867,0,0.18,0.3,0.18,0.29,0,0.36,-0.28,2,0
2022-11-30,2.1248989,-0.01223335,0,0.18,0.3,0.18,0.29,0,0.36,-0.28,2,0
2022-12-01,2.131436,0.0030764252,0,0.18,0.3,0.18,0.29,0,0.36,-0.28,2,0
2022-12-02,2.1274889,-0.0018518402,0,0.18,0.3,0.26,0.21,0,0.44,-0.24,4,0
2022-12-03,2.1348232,0.0034473759,0,0.18,0.3,0.18,0.29,0,0.36,-0.28,2,0
2022-12-04,2.1271169,-0.0036098262,0,0.18,0.3,0.18,0.29,0,0.36,-0.28,2,0
2022-12-05,2.1297474,0.001236668,0,0.18,0.3,0.24,0.23,0,0.42,-0.22,3,0
2022-12-06,2.1255226,-0.0019836842,0,0.18,0.3,0.18,0.29,0,0.36,-0.28,2,0
2022-12-07,2.1292724,0.0017641412,0,0.18,0.3,0.32,0.15,0,0.5,-0.24,5,0
2022-12-08,2.1156281,-0.0064079351,0,0.18,0.3,0.18,0.29,0,0.36,-0.28,2,0
2022-12-09,2.1162526,0.00029516383,0,0.18,0.3,0.26,0.21,0,0.56,-0.18,4,0
2022-12-10,2.1163581,4.9851967e-05,0,0.18,0.3,0.18,0.29,0,0.36,-0.28,2,0
2022-12-11,2.1179002,0.00072868052,0,0.18,0.3,0.18,0.29,0,0.36,-0.28,2,0
2022-12-12,2.1143861,-0.0016592719,0,0.18,0.3,0.24,0.23,0,0.51,-0.13,3,0
2022-12-13,2.095049,-0.0091454499,0,0.18,0.3,0.18,0.29,0,0.36,-0.28,2,0
2022-12-14,2.0936249,-0.00067978609,0,0.18,0.3,0.32,0.15,0,0.71,-0.18,5,0
2022-12-15,2.1084482,0.007080249,0,0.18,0.3,0.18,0.29,0,0.36,-0.28,2,0
2022-12-16,2.1331659,0.011723156,0,0.18,0.3,0.18,0.29,0,0.36,-0.28,2,0
2022-12-17,2.1280837,-0.0023824582,0,0.18,0.3,0.18,0.29,0,0.36,-0.28,2,0
2022-12-18,2.1295356,0.00068223434,0,0.18,0.3,0.18,0.29,0,0.36,-0.28,2,0
2022-12-19,2.1402933,0.0050516922,0,0.18,0.3,0.18,0.29,0,0.36,-0.28,2,0
2022-12-20,2.1237308,-0.0077384581,0,0.18,0.3,0.18,0.29,0,0.36,-0.28,2,0
2022-12-21,2.1261157,0.0011229758,0,0.18,0.3,0.18,0.29,0,0.36,-0.28,2,0
2022-12-22,2.1262904,8.2166497e-05,0,0.18,0.3,0.08,0.39,0,0.26,-0.18,1,0
2022-12-23,2.1273862,0.00051537742,0,0.18,0.3,0.08,0.39,0,0.26,-0.18,1,0
2022-12-24,2.1261768,-0.00056849551,0,0.18,0.3,0.08,0.39,0,0.26,-0.18,1,0
2022-12-25,2.1263471,8.0097623e-05,0,0.18,0.3,0.08,0.39,0,0.26,-0.18,1,0
2022-12-26,2.1244343,-0.00089958141,0,0.18,0.3,0.08,0.39,0,0.26,-0.18,1,0
2022-12-27,2.1293388,0.0023086014,0,0.18,0.3,0.08,0.39,0,0.26,-0.18,1,0
2022-12-28,2.1330852,0.0017594371,0,0.18,0.3,0.08,0.39,0,0.26,-0.18,1,0
2022-12-29,2.1312048,-0.00088154964,0,0.18,0.3,0.08,0.39,0,0.26,-0.18,1,0
2022-12-30,2.1319205,0.00033583451,0,0.18,0.3,0.08,0.39,0,0.26,-0.18,1,0
2022-12-31,2.1335456,0.00076224562,0,0.18,0.3,0.08,0.39,0,0.26,-0.18,1,0
2023-01-01,2.1319249,-0.00075958248,0,0.18,0.3,0.08,0.39,0,0.26,-0.18,1,0
2023-01-02,2.1315171,-0.00019131918,0,0.18,0.3,0.14,0.33,0,0.41,-0.03,2,0
2023-01-03,2.131572,2.5777195e-05,0,0.18,0.3,0.08,0.39,0,0.26,-0.18,1,0
2023-01-04,2.1384654,0.0032339262,0,0.18,0.3,0.22,0.25,0,0.61,-0.08,4,0
2023-01-05,2.1388889,0.00019803938,0,0.18,0.3,0.14,0.33,0,0.32,-0.18,2,0
2023-01-06,2.1345597,-0.0020240306,0,0.18,0.3,0.22,0.25,0,0.52,-0.08,4,0
2023-01-07,2.1345383,-1.001198e-05,0,0.18,0.3,0.14,0.33,0,0.32,-0.18,2,0
2023-01-08,2.1302796,-0.001995145,0,0.18,0.3,0.14,0.33,0,0.32,-0.18,2,0
2023-01-09,2.1314879,0.00056721213,0,0.18,0.3,0.2,0.27,0,0.47,-0.03,3,0
2023-01-10,2.1257092,-0.002711128,0,0.18,0.3,0.14,0.33,0,0.32,-0.18,2,0
2023-01-11,2.1147799,-0.0051414661,0,0.18,0.3,0.22,0.25,0,0.61,-0.08,4,0
2023-01-12,2.0958214,-0.0089647962,0,0.18,0.3,0.14,0.33,0,0.32,-0.18,2,0
2023-01-13,2.0719644,-0.011383111,0,0.18,0.3,0.22,0.25,0,0.52,-0.08,4,0
2023-01-14,2.0637148,-0.0039815381,0,0.18,0.3,0.24,0.23,0,0.42,-0.08,3,0
2023-01-15,2.0645272,0.00039367527,0,0.18,0.3,0.24,0.23,0,0.42,-0.08,3,0
2023-01-16,2.0621587,-0.0011472533,0,0.18,0.3,0.18,0.29,0,0.36,-0.08,2,0
2023-01-17,2.0626719,0.00024885572,0,0.18,0.3,0.18,0.29,0,0.36,-0.08,2,0
2023-01-18,2.0663599,0.0017880113,0,0.18,0.3,0.18,0.29,0,0.36,-0.08,2,0
2023-01-19,2.0633266,-0.001467952,0,0.18,0.3,0.18,0.29,0,0.36,-0.08,2,0
2023-01-20,2.0509445,-0.006001024,0,0.18,0.3,0.18,0.29,0,0.36,-0.08,2,0
2023-01-21,2.0502191,-0.00035372521,0,0.18,0.3,0.18,0.29,0,0.36,-0.08,2,0
2023-01-22,2.0508804,0.00032257718,0,0.18,0.3,0.18,0.29,0,0.36,-0.08,2,0
2023-01-23,2.0494901,-0.00067791667,0,0.18,0.3,0.18,0.29,0,0.36,-0.08,2,0
2023-01-24,2.0516354,0.0010467683,0,0.18,0.3,0.18,0.29,0,0.36,-0.08,2,0
2023-01-25,2.048648,-0.0014561426,0,0.18,0.3,0.18,0.29,0,0.36,-0.08,2,0
2023-01-26,2.049129,0.00023480528,0,0.18,0.3,0.18,0.29,0,0.36,-0.08,2,0
2023-01-27,2.0487852,-0.00016777899,0,0.18,0.3,0.18,0.29,0,0.36,-0.08,2,0
2023-01-28,2.049268,0.00023563945,0,0.18,0.3,0.18,0.29,0,0.36,-0.08,2,0
2023-01-29,2.0667684,0.0085398412,0,0.18,0.3,0.18,0.29,0,0.36,0.28,2,0
2023-01-30,2.0445557,-0.010747553,0,0.18,0.3,0.18,0.29,0,0.36,0.28,2,0
2023-01-31,2.0521704,0.0037243546,0,0.18,0.3,0.18,0.29,0,0.36,0.28,2,0
2023-02-01,2.0693791,0.0083856466,0,0.18,0.3,0.32,0.15,0,0.71,0.38,5,0
2023-02-02,2.0635465,-0.0028185532,0,0.18,0.3,0.18,0.29,0,0.36,0.28,2,0
2023-02-03,2.0593601,-0.0020287327,0,0.18,0.3,0.26,0.21,0,0.56,0.38,4,0
2023-02-04,2.0568919,-0.00119854,0,0.18,0.3,0.18,0.29,0,0.36,0.28,2,0
2023-02-05,2.0472829,-0.0046715992,0,0.18,0.3,0.18,0.29,0,0.36,0.28,2,0
2023-02-06,2.0461991,-0.00052936475,0,0.18,0.3,0.24,0.23,0,0.51,0.43,3,0
2023-02-07,2.0583453,0.0059359797,0,0.18,0.3,0.18,0.29,0,0.36,0.28,2,0
2023-02-08,2.0468703,-0.0055748609,0,0.18,0.3,0.32,0.15,0,0.71,0.38,5,0
2023-02-09,2.0178688,-0.014168704,0,0.18,0.3,0.18,0.29,0,0.36,0.28,2,0
2023-02-10,2.011673,-0.0030705082,0,0.18,0.3,0.26,0.21,0,0.56,0.38,4,0
2023-02-11,2.0179513,0.0031209791,0,0.18,0.3,0.18,0.29,0,0.36,0.28,2,0
2023-02-12,2.0160041,-0.00096493681,0,0.18,0.3,0.18,0.29,0,0.36,0.28,2,0
2023-02-13,2.0102105,-0.0028738429,0,0.18,0.3,0.24,0.23,0,0.51,0.43,3,0
2023-02-14,2.0213318,0.0055324153,0,0.18,0.3,0.18,0.29,0,0.36,0.28,2,0
2023-02-15,2.0755766,0.02683617,0,0.18,0.3,0.18,0.29,0,0.36,0.28,2,0
2023-02-16,2.0564513,-0.0092144454,0,0.18,0.3,0.18,0.29,0,0.36,0.28,2,0
2023-02-17,2.0823315,0.012584877,0,0.18,0.3,0.18,0.29,0,0.36,0.28,2,0
2023-02-18,2.0839207,0.00076320236,0,0.18,0.3,0.18,0.29,0,0.36,0.28,2,0
2023-02-19,2.0755068,-0.0040375291,0,0.18,0.3,0.18,0.29,0,0.36,0.28,2,0
2023-02-20,2.089283,0.0066374955,0,0.18,0.3,0.18,0.29,0,0.36,0.28,2,0
2023-02-21,2.0802169,-0.0043393201,0,0.18,0.3,0.18,0.29,0,0.36,0.28,2,0
2023-02-22,2.0739049,-0.0030343021,0,0.18,0.3,0.18,0.29,0,0.36,0.28,2,0
2023-02-23,2.0681901,-0.0027555893,0,0.18,0.3,0.18,0.29,0,0.36,0.28,2,0
2023-02-24,2.0500229,-0.0087841127,0,0.18,0.3,0.18,0.29,0,0.36,0.28,2,0
2023-02-25,2.0493945,-0.00030652958,0,0.18,0.3,0.18,0.29,0,0.36,0.28,2,0
2023-02-26,2.0593462,0.0048559402,0,0.18,0.3,0.18,0.29,0,0.36,0.28,2,0
2023-02-27,2.0579042,-0.00070022793,0,0.18,0.3,0.18,0.29,0,0.36,0.28,2,0
2023-02-28,2.049393,-0.0041358588,0,0.18,0.3,0.18,0.29,0,0.36,0.28,2,0
2023-03-01,2.0655831,0.0078999541,0,0.18,0.3,0.32,0.15,0,0.71,0.38,5,0
2023-03-02,2.0616879,-0.001885785,0,0.18,0.3,0.18,0.29,0,0.36,0.28,2,0
2023-03-03,2.0356955,-0.012607313,0,0.18,0.3,0.34,0.13,0,0.64,0.3,5,0
2023-03-04,2.0356914,-2.0238959e-06,0,0.18,0.3,0.26,0.21,0,0.44,0.2,3,0
2023-03-05,2.0380191,0.0011434175,0,0.18,0.3,0.26,0.21,0,0.44,0.2,3,0
2023-03-06,2.0387025,0.00033535025,0,0.18,0.3,0.32,0.15,0,0.59,0.35,4,0
2023-03-07,2.0333817,-0.0026098974,0,0.18,0.3,0.18,0.29,0,0.36,0.28,2,0
2023-03-08,2.0171669,-0.0079743283,0,0.18,0.3,0.32,0.15,0,0.71,0.38,5,0
2023-03-09,1.9890188,-0.013954255,0,0.18,0.3,0.18,0.29,0,0.36,0.28,2,0
2023-03-10,1.9858316,-0.0016024016,0,0.18,0.3,0.16,0.31,0,0.46,0.28,3,0
2023-03-11,1.9913043,0.0027558881,0,0.18,0.3,0.08,0.39,0,0.26,0.18,1,0
2023-03-12,2.0183872,0.013600552,0,0.18,0.3,0.08,0.39,0,0.26,0.18,1,0
2023-03-13,2.0761381,0.028612413,0,0.18,0.3,0.14,0.33,0,0.41,0.33,2,0
2023-03-14,2.0849286,0.0042340769,0,0.18,0.3,0.08,0.39,0,0.26,0.18,1,0
2023-03-15,2.0792382,-0.00272933,0,0.18,0.3,0.08,0.39,0,0.26,0.18,1,0
2023-03-16,2.0903462,0.0053423662,0,0.18,0.3,0.08,0.39,0,0.26,0.18,1,0
2023-03-17,2.1265219,0.017306088,0,0.18,0.3,0.08,0.39,0,0.26,0.18,1,0
2023-03-18,2.1191572,-0.0034632591,0,0.18,0.3,0.16,0.31,0,0.34,0.26,2,0
2023-03-19,2.1330948,0.0065769327,0,0.18,0.3,0.16,0.31,0,0.34,0.26,2,0
2023-03-20,2.128408,-0.0021971645,0,0.18,0.3,0.16,0.31,0,0.34,0.26,2,0
2023-03-21,2.1332449,0.002272543,0,0.18,0.3,0.16,0.31,0,0.34,0.26,2,0
2023-03-22,2.1216502,-0.0054352371,0,0.18,0.3,0.08,0.39,0,0.26,0.18,1,0
2023-03-23,2.1363724,0.0069390108,0,0.18,0.3,0.08,0.39,0,0.26,0.18,1,0
2023-03-24,2.1250651,-0.0052927259,0,0.18,0.3,0.08,0.39,0,0.26,0.18,1,0
2023-03-25,2.1252539,8.8799816e-05,0,0.18,0.3,0.08,0.39,0,0.26,0.18,1,0
2023-03-26,2.1323602,0.0033437412,0,0.18,0.3,0.08,0.39,0,0.26,0.18,1,0
2023-03-27,2.1208677,-0.0053895665,0,0.18,0.3,0.08,0.39,0,0.26,0.18,1,0
2023-03-28,2.122866,0.00094221074,0,0.18,0.3,0.08,0.39,0,0.26,0.18,1,0
2023-03-29,2.1382189,0.0072321824,0,0.18,0.3,0.08,0.39,0,0.26,0.18,1,0
2023-03-30,2.1339672,-0.0019884157,0,0.18,0.3,0.08,0.39,0,0.26,0.18,1,0
2023-03-31,2.1400472,0.0028491279,0,0.18,0.3,0.08,0.39,0,0.26,0.18,1,0
2023-04-01,2.139996,-2.391678e-05,0,0.18,0.3,0.08,0.39,0,0.26,0.18,1,0
2023-04-02,2.1362913,-0.0017311757,0,0.18,0.3,0.08,0.39,0,0.26,0.18,1,0
2023-04-03,2.1343687,-0.00089997191,0,0.18,0.3,0.14,0.33,0,0.41,0.33,2,0
2023-04-04,2.1394748,0.0023923156,0,0.18,0.3,0.08,0.39,0,0.26,0.18,1,0
2023-04-05,2.1444356,0.0023186908,0,0.18,0.3,0.22,0.25,0,0.61,0.28,4,0
2023-04-06,2.1426435,-0.00083569462,0,0.18,0.3,0.08,0.39,0,0.26,0.18,1,0
2023-04-07,2.1366766,-0.0027848232,0,0.18,0.3,0.16,0.31,0,0.46,0.28,3,0
2023-04-08,2.1371952,0.0002427448,0,0.18,0.3,0.08,0.39,0,0.26,0.18,1,0
2023-04-09,2.1425706,0.0025151381,0,0.18,0.3,0.08,0.39,0,0.26,0.18,1,0
2023-04-10,2.1700652,0.012832525,0,0.18,0.3,0.14,0.33,0,0.41,0.33,2,0
2023-04-11,2.1776098,0.0034766978,0,0.18,0.3,0.08,0.39,0,0.26,0.18,1,0
2023-04-12,2.1774592,-6.9192831e-05,0,0.18,0.3,0.22,0.25,0,0.61,0.28,4,0
2023-04-13,2.1839377,0.0029752855,0,0.18,0.3,0.08,0.39,0,0.26,0.18,1,0
2023-04-14,2.1843874,0.00020589802,0,0.18,0.3,0.16,0.31,0,0.46,0.28,3,0
2023-04-15,2.1822651,-0.00097157778,0,0.18,0.3,0.08,0.39,0,0.26,0.18,1,0
2023-04-16,2.1825082,0.0001113932,0,0.18,0.3,0.08,0.39,0,0.26,0.18,1,0
2023-04-17,2.1712928,-0.0051387621,0,0.18,0.3,0.08,0.39,0,0.26,0.18,1,0
2023-04-18,2.1839957,0.0058503868,0,0.18,0.3,0.08,0.39,0,0.26,0.18,1,0
2023-04-19,2.1636128,-0.0093328638,0,0.18,0.3,0.08,0.39,0,0.26,0.18,1,0
2023-04-20,2.1562305,-0.0034120181,0,0.18,0.3,0.08,0.39,0,0.26,0.18,1,0
2023-04-21,2.1428685,-0.0061968996,0,0.18,0.3,0.08,0.39,0,0.26,0.18,1,0
2023-04-22,2.1508096,0.0037058272,0,0.18,0.3,0.08,0.39,0,0.26,0.18,1,0
2023-04-23,2.1477444,-0.0014251536,0,0.18,0.3,0.08,0.39,0,0.26,0.18,1,0
2023-04-24,2.1467176,-0.00047808487,0,0.18,0.3,0.08,0.39,0,0.26,0.18,1,0
2023-04-25,2.157917,0.0052169858,0,0.18,0.3,0.08,0.39,0,0.26,0.18,1,0
2023-04-26,2.1595871,0.00077395053,0,0.18,0.3,0.08,0.39,0,0.26,0.18,1,0
2023-04-27,2.1741446,0.0067408499,0,0.18,0.3,0.08,0.39,0,0.26,0.18,1,0
2023-04-28,2.1721199,-0.0009312505,0,0.18,0.3,0.08,0.39,0,0.26,0.18,1,0
2023-04-29,2.1711329,-0.00045437961,0,0.18,0.3,0.08,0.39,0,0.26,0.18,1,0
2023-04-30,2.1712633,6.0041487e-05,0,0.18,0.3,0.08,0.39,0,0.26,0.18,1,0
2023-05-01,2.1529164,-0.008449847,0,0.18,0.3,0.14,0.33,0,0.41,0.33,2,0
2023-05-02,2.1613075,0.0038975456,0,0.18,0.3,0.08,0.39,0,0.26,0.18,1,0
2023-05-03,2.1632485,0.00089806191,0,0.18,0.3,0.22,0.25,0,0.61,0.28,4,0
2023-05-04,2.1608397,-0.0011135234,0,0.18,0.3,0.08,0.39,0,0.26,0.18,1,0
2023-05-05,2.1731708,0.0057066343,0,0.18,0.3,0.16,0.31,0,0.46,0.28,3,0
2023-05-06,2.1645788,-0.0039536759,0,0.18,0.3,0.08,0.39,0,0.26,0.18,1,0
2023-05-07,2.1590281,-0.002564351,0,0.18,0.3,0.08,0.39,0,0.26,0.18,1,0
2023-05-08,2.1398443,-0.0088853605,0,0.18,0.3,0.14,0.33,0,0.41,0.33,2,0
2023-05-09,2.1393717,-0.00022086395,0,0.18,0.3,0.08,0.39,0,0.26,0.18,1,0
2023-05-10,2.1448013,0.0025379415,0,0.18,0.3,0.22,0.25,0,0.61,0.28,4,0
2023-05-11,2.1360808,-0.0040658697,0,0.18,0.3,0.08,0.39,0,0.26,0.18,1,0
2023-05-12,2.1332164,-0.001340963,0,0.18,0.3,0.16,0.31,0,0.46,0.28,3,0
2023-05-13,2.1330207,-9.1767691e-05,0,0.18,0.3,0.08,0.39,0,0.26,0.18,1,0
2023-05-14,2.135146,0.00099640707,0,0.18,0.3,0.08,0.39,0,0.26,0.18,1,0
2023-05-15,2.1387119,0.0016701118,0,0.18,0.3,0.08,0.39,0,0.26,0.18,1,0
2023-05-16,2.136994,-0.00080325085,0,0.18,0.3,0.08,0.39,0,0.26,0.18,1,0
2023-05-17,2.1423881,0.0025241465,0,0.18,0.3,0.08,0.39,0,0.26,0.18,1,0
2023-05-18,2.1342849,-0.0037823281,0,0.18,0.3,0.08,0.39,0,0.26,0.18,1,0
2023-05-19,2.1352186,0.00043750075,0,0.18,0.3,0.08,0.39,0,0.26,0.18,1,0
2023-05-20,2.1384773,0.0015261431,0,0.18,0.3,0.08,0.39,0,0.26,0.18,1,0
2023-05-21,2.1335399,-0.0023088337,0,0.18,0.3,0.08,0.39,0,0.26,0.18,1,0
2023-05-22,2.1350809,0.00072225596,0,0.18,0.3,0.08,0.39,0,0.26,0.18,1,0
2023-05-23,2.1405033,0.0025396705,0,0.18,0.3,0.08,0.39,0,0.26,0.18,1,0
2023-05-24,2.1279954,-0.0058434105,0,0.18,0.3,0.08,0.39,0,0.26,0.18,1,0
2023-05-25,2.1302156,0.0010433307,0,0.18,0.3,0.08,0.39,0,0.26,0.18,1,0
2023-05-26,2.1336896,0.0016307986,0,0.18,0.3,0.08,0.39,0,0.26,0.18,1,0
2023-05-27,2.1359326,0.001051225,0,0.18,0.3,0.08,0.39,0,0.26,0.18,1,0
2023-05-28,2.1533877,0.0081721158,0,0.18,0.3,0.08,0.39,0,0.26,0.18,1,0
2023-05-29,2.1485541,-0.0022446075,0,0.18,0.3,0.14,0.33,0,0.32,0.18,2,0
2023-05-30,2.1475884,-0.00044948776,0,0.18,0.3,0.14,0.33,0,0.32,0.18,2,0
2023-05-31,2.1404451,-0.0033262178,0,0.18,0.3,0.14,0.33,0,0.32,0.18,2,0
2023-06-01,2.1349296,-0.0025767605,0,0.18,0.3,0.14,0.33,0,0.32,0.18,2,0
2023-06-02,2.1398533,0.0023062392,0,0.18,0.3,0.16,0.31,0,0.46,0.28,3,0
2023-06-03,2.1375118,-0.0010942423,0,0.18,0.3,0.08,0.39,0,0.26,0.18,1,0
2023-06-04,2.1382782,0.00035857269,0,0.18,0.3,0.08,0.39,0,0.26,0.18,1,0
2023-06-05,2.105543,-0.015309143,0,0.18,0.3,0.14,0.33,0,0.41,0.33,2,0
2023-06-06,2.1274917,0.010424242,0,0.18,0.3,0.14,0.33,0,0.32,0.18,2,0
2023-06-07,2.1043801,-0.010863338,0,0.18,0.3,0.28,0.19,0,0.67,0.28,5,0
2023-06-08,2.1063518,0.00093699073,0,0.18,0.3,0.14,0.33,0,0.32,0.18,2,0
2023-06-09,2.107601,0.0005930559,0,0.18,0.3,0.22,0.25,0,0.52,0.28,4,0
2023-06-10,2.0985745,-0.0042828442,0,0.18,0.3,0.08,0.39,0,0.26,0.18,1,0
2023-06-11,2.0998991,0.00063121454,0,0.18,0.3,0.08,0.39,0,0.26,0.18,1,0
2023-06-12,2.0996128,-0.00013635667,0,0.18,0.3,0.14,0.33,0,0.41,0.33,2,0
2023-06-13,2.1001439,0.00025294404,0,0.18,0.3,0.08,0.39,0,0.26,0.18,1,0
2023-06-14,2.0846415,-0.0073816069,0,0.18,0.3,0.22,0.25,0,0.61,0.28,4,0
2023-06-15,2.091451,0.00326652,0,0.18,0.3,0.14,0.33,0,0.32,0.18,2,0
2023-06-16,2.1021463,0.0051138381,0,0.18,0.3,0.14,0.33,0,0.32,0.18,2,0
2023-06-17,2.1043697,0.0010576757,0,0.18,0.3,0.14,0.33,0,0.32,0.18,2,0
2023-06-18,2.1018737,-0.0011861321,0,0.18,0.3,0.14,0.33,0,0.32,0.18,2,0
2023-06-19,2.1092163,0.0034933704,0,0.18,0.3,0.08,0.39,0,0.26,0.18,1,0
2023-06-20,2.129988,0.0098480976,0,0.18,0.3,0.08,0.39,0,0.26,0.18,1,0
2023-06-21,2.1529237,0.010767966,0,0.18,0.3,0.08,0.39,0,0.26,0.18,1,0
2023-06-22,2.1516369,-0.00059768768,0,0.18,0.3,0.08,0.39,0,0.26,0.18,1,0
2023-06-23,2.1621733,0.0048969231,0,0.18,0.3,0.08,0.39,0,0.26,0.18,1,0
2023-06-24,2.1602536,-0.00088786154,0,0.18,0.3,0.08,0.39,0,0.26,0.18,1,0
2023-06-25,2.1595515,-0.000325029,0,0.18,0.3,0.08,0.39,0,0.26,0.18,1,0
2023-06-26,2.1571902,-0.0010934037,0,0.18,0.3,0.08,0.39,0,0.26,0.18,1,0
2023-06-27,2.162758,0.0025810285,0,0.18,0.3,0.08,0.39,0,0.26,0.18,1,0
2023-06-28,2.1550695,-0.0035549306,0,0.18,0.3,0.08,0.39,0,0.26,0.18,1,0
2023-06-29,2.1599556,0.0022672639,0,0.18,0.3,0.08,0.39,0,0.26,0.18,1,0
2023-06-30,2.1603937,0.00020284035,0,0.18,0.3,0.08,0.39,0,0.26,0.18,1,0
2023-07-01,2.1619702,0.0007296911,0,0.18,0.3,0.08,0.39,0,0.26,0.18,1,0
2023-07-02,2.1624892,0.00024007878,0,0.18,0.3,0.08,0.39,0,0.26,0.18,1,0
2023-07-03,2.1724422,0.0046025552,0,0.18,0.3,0.14,0.33,0,0.41,0.33,2,0
2023-07-04,2.1676748,-0.0021944954,0,0.18,0.3,0.08,0.39,0,0.26,0.18,1,0
2023-07-05,2.1510231,-0.007681802,0,0.18,0.3,0.22,0.25,0,0.61,0.28,4,0
2023-07-06,2.1433923,-0.0035475276,0,0.18,0.3,0.08,0.39,0,0.26,0.18,1,0
2023-07-07,2.1521554,0.0040884229,0,0.18,0.3,0.16,0.31,0,0.46,0.28,3,0
2023-07-08,2.1514732,-0.0003169899,0,0.18,0.3,0.08,0.39,0,0.26,0.18,1,0
2023-07-09,2.1499914,-0.00068871052,0,0.18,0.3,0.08,0.39,0,0.26,0.18,1,0
2023-07-10,2.1549077,0.0022866181,0,0.18,0.3,0.14,0.33,0,0.41,0.33,2,0
2023-07-11,2.1576986,0.0012951449,0,0.18,0.3,0.08,0.39,0,0.26,0.18,1,0
2023-07-12,2.1541282,-0.0016547275,0,0.18,0.3,0.22,0.25,0,0.61,0.28,4,0
2023-07-13,2.167919,0.0064020476,0,0.18,0.3,0.08,0.39,0,0.26,0.18,1,0
2023-07-14,2.1507405,-0.0079239481,0,0.18,0.3,0.16,0.31,0,0.46,0.28,3,0
2023-07-15,2.1505217,-0.00010173191,0,0.18,0.3,0.08,0.39,0,0.26,0.18,1,0
2023-07-16,2.1498819,-0.00029752551,0,0.18,0.3,0.08,0.39,0,0.26,0.18,1,0
2023-07-17,2.1487758,-0.0005144766,0,0.18,0.3,0.08,0.39,0,0.26,0.18,1,0
2023-07-18,2.1452989,-0.0016180753,0,0.18,0.3,0.08,0.39,0,0.26,0.18,1,0
2023-07-19,2.1460565,0.00035310552,0,0.18,0.3,0.08,0.39,0,0.26,0.18,1,0
2023-07-20,2.1447472,-0.00061008754,0,0.18,0.3,0.08,0.39,0,0.26,0.18,1,0
2023-07-21,2.1461481,0.00065318962,0,0.18,0.3,0.08,0.39,0,0.26,0.18,1,0
2023-07-22,2.1448327,-0.00061291479,0,0.18,0.3,0.08,0.39,0,0.26,0.18,1,0
2023-07-23,2.148696,0.001801221,0,0.18,0.3,0.08,0.39,0,0.26,0.18,1,0
2023-07-24,2.1371446,-0.0053759988,0,0.18,0.3,0.08,0.39,0,0.26,0.18,1,0
2023-07-25,2.1379471,0.00037547627,0,0.18,0.3,0.08,0.39,0,0.26,0.18,1,0
2023-07-26,2.1396806,0.00081082906,0,0.18,0.3,0.08,0.39,0,0.26,0.18,1,0
2023-07-27,2.1380727,-0.0007514421,0,0.18,0.3,0.08,0.39,0,0.26,0.18,1,0
2023-07-28,2.1393822,0.00061245418,0,0.18,0.3,0.08,0.39,0,0.26,0.18,1,0
2023-07-29,2.1399995,0.0002885555,0,0.18,0.3,0.08,0.39,0,0.26,0.18,1,0
2023-07-30,2.1391585,-0.00039302742,0,0.18,0.3,0.08,0.39,0,0.26,0.18,1,0
2023-07-31,2.1386173,-0.00025298201,0,0.18,0.3,0.08,0.39,0,0.26,0.18,1,0
2023-08-01,2.1449656,0.0029684244,0,0.18,0.3,0.08,0.39,0,0.26,0.18,1,0
2023-08-02,2.1327928,-0.0056750418,0,0.18,0.3,0.22,0.25,0,0.61,0.28,4,0
2023-08-03,2.1330145,0.0001039335,0,0.18,0.3,0.08,0.39,0,0.26,0.18,1,0
2023-08-04,2.1330297,7.130238e-06,0,0.18,0.3,0.16,0.31,0,0.46,0.28,3,0
2023-08-05,2.1325891,-0.0002065819,0,0.18,0.3,0.08,0.39,0,0.26,0.18,1,0
2023-08-06,2.1329255,0.0001577362,0,0.18,0.3,0.08,0.39,0,0.26,0.18,1,0
2023-08-07,2.1325746,-0.00016449677,0,0.18,0.3,0.14,0.33,0,0.41,0.33,2,0
2023-08-08,2.1400381,0.0034997448,0,0.18,0.3,0.08,0.39,0,0.26,0.18,1,0
2023-08-09,2.1366155,-0.0015993012,0,0.18,0.3,0.22,0.25,0,0.61,0.28,4,0
2023-08-10,2.1350929,-0.00071264474,0,0.18,0.3,0.08,0.39,0,0.26,0.18,1,0
2023-08-11,2.1352906,9.261171e-05,0,0.18,0.3,0.16,0.31,0,0.46,0.28,3,0
2023-08-12,2.1354649,8.1645229e-05,0,0.18,0.3,0.08,0.39,0,0.26,0.18,1,0
2023-08-13,2.1339272,-0.00072006977,0,0.18,0.3,0.08,0.39,0,0.26,0.18,1,0
2023-08-14,2.1356657,0.00081465382,0,0.18,0.3,0.14,0.33,0,0.41,0.33,2,0
2023-08-15,2.1327708,-0.0013554946,0,0.18,0.3,0.08,0.39,0,0.26,0.18,1,0
2023-08-16,2.1269222,-0.0027422509,0,0.18,0.3,0.14,0.33,0,0.32,0.18,2,0
2023-08-17,2.1008333,-0.012266042,0,0.18,0.3,0.14,0.33,0,0.32,0.18,2,0
2023-08-18,2.0990075,-0.00086908496,0,0.18,0.3,0.22,0.25,0,0.4,0.1,3,0
2023-08-19,2.1055089,0.003097394,0,0.18,0.3,0.22,0.25,0,0.4,0.1,3,0
2023-08-20,2.1110156,0.0026153595,0,0.18,0.3,0.22,0.25,0,0.4,0.1,3,0
2023-08-21,2.1098063,-0.00057283764,0,0.18,0.3,0.16,0.31,0,0.34,0.1,2,0
2023-08-22,2.1094175,-0.00018427862,0,0.18,0.3,0.1,0.37,0,0.28,0.08,1,0
2023-08-23,2.111763,0.0011118967,0,0.18,0.3,0.18,0.29,0,0.36,0.08,2,0
2023-08-24,2.1102252,-0.00072817497,0,0.18,0.3,0.18,0.29,0,0.36,0.08,2,0
2023-08-25,2.109533,-0.00032804815,0,0.18,0.3,0.18,0.29,0,0.36,0.08,2,0
2023-08-26,2.1093452,-8.9021165e-05,0,0.18,0.3,0.18,0.29,0,0.36,0.08,2,0
2023-08-27,2.106938,-0.0011411939,0,0.18,0.3,0.18,0.29,0,0.36,-0.28,2,0
2023-08-28,2.1066097,-0.00015583851,0,0.18,0.3,0.18,0.29,0,0.36,-0.28,2,0
2023-08-29,2.0706192,-0.01708457,0,0.18,0.3,0.18,0.29,0,0.36,-0.28,2,0
2023-08-30,2.0794206,0.004250622,0,0.18,0.3,0.18,0.29,0,0.36,-0.28,2,0
2023-08-31,2.1085071,0.013987796,0,0.18,0.3,0.18,0.29,0,0.36,-0.28,2,0
2023-09-01,2.1094982,0.00047003398,0,0.18,0.3,0.26,0.21,0,0.56,-0.18,4,0
2023-09-02,2.1081004,-0.00066261868,0,0.18,0.3,0.18,0.29,0,0.36,-0.28,2,0
2023-09-03,2.1058626,-0.0010615074,0,0.18,0.3,0.18,0.29,0,0.36,-0.28,2,0
2023-09-04,2.1084312,0.001219743,0,0.18,0.3,0.24,0.23,0,0.51,-0.13,3,0
2023-09-05,2.109285,0.00040494505,0,0.18,0.3,0.18,0.29,0,0.36,-0.28,2,0
2023-09-06,2.108305,-0.00046460691,0,0.18,0.3,0.32,0.15,0,0.71,-0.18,5,0
2023-09-07,2.0970543,-0.0053364024,0,0.18,0.3,0.18,0.29,0,0.36,-0.28,2,0
2023-09-08,2.0993284,0.0010844322,0,0.18,0.3,0.26,0.21,0,0.56,-0.18,4,0
2023-09-09,2.0995923,0.00012573707,0,0.18,0.3,0.18,0.29,0,0.36,-0.28,2,0
2023-09-10,2.101033,0.00068614904,0,0.18,0.3,0.18,0.29,0,0.36,-0.28,2,0
2023-09-11,2.1079513,0.0032928085,0,0.18,0.3,0.24,0.23,0,0.51,-0.13,3,0
2023-09-12,2.0921347,-0.0075032816,0,0.18,0.3,0.18,0.29,0,0.36,-0.28,2,0
2023-09-13,2.0853318,-0.0032516656,0,0.18,0.3,0.32,0.15,0,0.71,-0.18,5,0
2023-09-14,2.0787025,-0.0031790224,0,0.18,0.3,0.18,0.29,0,0.36,-0.28,2,0
2023-09-15,2.0770821,-0.00077953414,0,0.18,0.3,0.18,0.29,0,0.36,-0.28,2,0
2023-09-16,2.0778097,0.00035031343,0,0.18,0.3,0.18,0.29,0,0.36,-0.28,2,0
2023-09-17,2.0783353,0.00025298163,0,0.18,0.3,0.08,0.39,0,0.26,-0.18,1,0
2023-09-18,2.0750785,-0.0015670568,0,0.18,0.3,0.08,0.39,0,0.26,-0.18,1,0
2023-09-19,2.0688955,-0.0029796201,0,0.18,0.3,0.08,0.39,0,0.26,-0.18,1,0
2023-09-20,2.0699527,0.00051097895,0,0.18,0.3,0.08,0.39,0,0.26,-0.18,1,0
2023-09-21,2.0776706,0.003728567,0,0.18,0.3,0,0.47,0,0.18,-0.18,0,0
2023-09-22,2.0775777,-4.4736818e-05,0,0.18,0.3,0.06,0.41,0,0.24,-0.18,1,0
2023-09-23,2.0777189,6.7959077e-05,0,0.18,0.3,0.06,0.41,0,0.24,-0.18,1,0
2023-09-24,2.0822552,0.002183337,0,0.18,0.3,0.14,0.33,0,0.32,-0.18,2,0
2023-09-25,2.0815437,-0.00034173617,0,0.18,0.3,0.14,0.33,0,0.32,-0.18,2,0
2023-09-26,2.0827971,0.00060219248,0,0.18,0.3,0.08,0.39,0,0.26,-0.18,1,0
2023-09-27,2.0807278,-0.0009935504,0,0.18,0.3,0.08,0.39,0,0.26,-0.18,1,0
2023-09-28,2.0715787,-0.0043970713,0,0.18,0.3,0.08,0.39,0,0.26,-0.18,1,0
2023-09-29,2.073216,0.0007903515,0,0.18,0.3,0.08,0.39,0,0.26,-0.18,1,0
2023-09-30,2.0725803,-0.00030659468,0,0.18,0.3,0.14,0.33,0,0.32,-0.18,2,0
2023-10-01,2.0584769,-0.0068047637,0,0.18,0.3,0.14,0.33,0,0.32,-0.18,2,0
2023-10-02,2.0656256,0.003472802,0,0.18,0.3,0.2,0.27,0,0.47,-0.03,3,0
2023-10-03,2.0666512,0.00049650123,0,0.18,0.3,0.14,0.33,0,0.32,-0.18,2,0
2023-10-04,2.0586026,-0.003894516,0,0.18,0.3,0.22,0.25,0,0.61,-0.08,4,0
2023-10-05,2.0635644,0.0024103135,0,0.18,0.3,0.08,0.39,0,0.26,-0.18,1,0
2023-10-06,2.0561072,-0.003613782,0,0.18,0.3,0.22,0.25,0,0.52,-0.08,4,0
2023-10-07,2.0554611,-0.00031421245,0,0.18,0.3,0.14,0.33,0,0.32,-0.18,2,0
2023-10-08,2.0553861,-3.647244e-05,0,0.18,0.3,0.24,0.23,0,0.42,-0.08,3,0
2023-10-09,2.0537929,-0.00077516561,0,0.18,0.3,0.3,0.17,0,0.57,0.07,4,0
2023-10-10,2.0550724,0.00062302725,0,0.18,0.3,0.18,0.29,0,0.36,-0.08,2,0
2023-10-11,2.0598795,0.0023391073,0,0.18,0.3,0.32,0.15,0,0.71,0.02,5,0
2023-10-12,2.0606907,0.00039381692,0,0.18,0.3,0.18,0.29,0,0.36,-0.08,2,0
2023-10-13,2.0611752,0.00023510234,0,0.18,0.3,0.32,0.15,0,0.62,0.02,5,0
2023-10-14,2.0606736,-0.00024331751,0,0.18,0.3,0.24,0.23,0,0.42,-0.08,3,0
2023-10-15,2.0561532,-0.0021936638,0,0.18,0.3,0.14,0.33,0,0.32,-0.18,2,0
2023-10-16,2.0377395,-0.0089554437,0,0.18,0.3,0.14,0.33,0,0.32,-0.18,2,0
2023-10-17,2.0391551,0.00069470423,0,0.18,0.3,0.08,0.39,0,0.26,-0.18,1,0
2023-10-18,2.0401986,0.00051173373,0,0.18,0.3,0.08,0.39,0,0.26,-0.18,1,0
2023-10-19,2.0378127,-0.0011694248,0,0.18,0.3,0.18,0.29,0,0.36,-0.08,2,0
2023-10-20,2.0324557,-0.0026287926,0,0.18,0.3,0.1,0.37,0,0.28,-0.08,1,0
2023-10-21,2.0312031,-0.0006163118,0,0.18,0.3,0.1,0.37,0,0.28,-0.08,1,0
2023-10-22,2.0321442,0.00046330546,0,0.18,0.3,0.18,0.29,0,0.36,0.28,2,0
2023-10-23,2.0928942,0.029894562,0,0.18,0.3,0.26,0.21,0,0.44,0.36,3,0
2023-10-24,2.1153575,0.010733121,0,0.18,0.3,0.26,0.21,0,0.44,0.36,3,0
2023-10-25,2.1327992,0.0082452778,0,0.18,0.3,0.26,0.21,0,0.44,0.36,3,0
2023-10-26,2.1319496,-0.0003983656,0,0.18,0.3,0.26,0.21,0,0.44,0.36,3,0
2023-10-27,2.1275326,-0.0020718397,0,0.18,0.3,0.18,0.29,0,0.36,0.28,2,0
2023-10-28,2.1309752,0.001618141,0,0.18,0.3,0.18,0.29,0,0.36,0.28,2,0
2023-10-29,2.1388853,0.003711969,0,0.18,0.3,0.18,0.29,0,0.36,0.28,2,0
2023-10-30,2.1381195,-0.00035802353,0,0.18,0.3,0.18,0.29,0,0.36,0.28,2,0
2023-10-31,2.1411072,0.0013973136,0,0.18,0.3,0.18,0.29,0,0.36,0.28,2,0
2023-11-01,2.1581417,0.0079559643,0,0.18,0.3,0.32,0.15,0,0.71,0.38,5,0
2023-11-02,2.1500785,-0.0037361717,0,0.18,0.3,0.18,0.29,0,0.36,0.28,2,0
2023-11-03,2.1461234,-0.0018395226,0,0.18,0.3,0.26,0.21,0,0.56,0.38,4,0
2023-11-04,2.1522221,0.0028417318,0,0.18,0.3,0.18,0.29,0,0.36,0.28,2,0
2023-11-05,2.1514819,-0.00034393248,0,0.18,0.3,0.18,0.29,0,0.36,0.28,2,0
2023-11-06,2.1533173,0.00085309005,0,0.18,0.3,0.24,0.23,0,0.51,0.43,3,0
2023-11-07,2.1595133,0.0028774025,0,0.18,0.3,0.18,0.29,0,0.36,0.28,2,0
2023-11-08,2.1648522,0.0024722875,0,0.18,0.3,0.32,0.15,0,0.71,0.38,5,0
2023-11-09,2.1833073,0.0085248553,0,0.18,0.3,0.18,0.29,0,0.36,0.28,2,0
2023-11-10,2.1893661,0.0027750651,0,0.18,0.3,0.26,0.21,0,0.56,0.38,4,0
2023-11-11,2.1866897,-0.0012224383,0,0.18,0.3,0.18,0.29,0,0.36,0.28,2,0
2023-11-12,2.1857911,-0.00041094329,0,0.18,0.3,0.18,0.29,0,0.36,0.28,2,0
2023-11-13,2.1733632,-0.0056857862,0,0.18,0.3,0.24,0.23,0,0.51,0.43,3,0
2023-11-14,2.1583022,-0.0069298214,0,0.18,0.3,0.18,0.29,0,0.36,0.28,2,0
2023-11-15,2.1976411,0.018226811,0,0.18,0.3,0.18,0.29,0,0.36,0.28,2,0
2023-11-16,2.1702337,-0.012471314,0,0.18,0.3,0.18,0.29,0,0.36,0.28,2,0
2023-11-17,2.1779255,0.0035442263,0,0.18,0.3,0.18,0.29,0,0.36,0.28,2,0
2023-11-18,2.1772862,-0.00029352554,0,0.18,0.3,0.18,0.29,0,0.36,0.28,2,0
2023-11-19,2.1906097,0.006119341,0,0.18,0.3,0.18,0.29,0,0.36,0.28,2,0
2023-11-20,2.1921942,0.00072330319,0,0.18,0.3,0.18,0.29,0,0.36,0.28,2,0
2023-11-21,2.1643377,-0.012707128,0,0.18,0.3,0.18,0.29,0,0.36,0.28,2,0
2023-11-22,2.1927202,0.013113722,0,0.18,0.3,0.18,0.29,0,0.36,0.28,2,0
2023-11-23,2.190973,-0.00079685804,0,0.18,0.3,0.18,0.29,0,0.36,0.28,2,0
2023-11-24,2.1979947,0.0032048447,0,0.18,0.3,0.18,0.29,0,0.36,0.28,2,0
2023-11-25,2.1992147,0.00055505283,0,0.18,0.3,0.18,0.29,0,0.36,0.28,2,0
2023-11-26,2.1939084,-0.0024128307,0,0.18,0.3,0.18,0.29,0,0.36,0.28,2,0
2023-11-27,2.1906747,-0.0014739199,0,0.18,0.3,0.18,0.29,0,0.36,0.28,2,0
2023-11-28,2.2002889,0.0043886679,0,0.18,0.3,0.18,0.29,0,0.36,0.28,2,0
2023-11-29,2.2009967,0.00032170747,0,0.18,0.3,0.18,0.29,0,0.36,0.28,2,0
2023-11-30,2.1989944,-0.00090972606,0,0.18,0.3,0.18,0.29,0,0.36,0.28,2,0
2023-12-01,2.214774,0.0071758143,0,0.18,0.3,0.26,0.21,0,0.56,0.38,4,0
2023-12-02,2.2272448,0.0056307371,0,0.18,0.3,0.26,0.21,0,0.44,0.36,3,0
2023-12-03,2.2390787,0.0053132546,0,0.18,0.3,0.32,0.15,0,0.5,0.36,4,0
2023-12-04,2.2755856,0.016304442,0,0.17647059,0.3,0.37529412,0.09,0,0.64,0.5,5,5.2941176e-06
2023-12-05,2.3123528,0.016157244,0,0.18,0.3,0.32,0.15,0,0.5,0.36,4,5.2941176e-06
2023-12-06,2.3083325,-0.0017386161,0,0.18,0.3,0.46,0.01,0,0.64,0.4,7,0
2023-12-07,2.3012336,-0.0030753348,0,0.18,0.3,0.18,0.29,0,0.36,0.28,2,0
2023-12-08,2.3137207,0.0054262428,0,0.18,0.3,0.26,0.21,0,0.44,0.32,4,0
2023-12-09,2.3071973,-0.0028194355,0,0.18,0.3,0.18,0.29,0,0.36,0.28,2,0
2023-12-10,2.308515,0.00057112925,0,0.18,0.3,0.18,0.29,0,0.36,0.28,2,0
2023-12-11,2.2686874,-0.01725249,0,0.18,0.3,0.24,0.23,0,0.42,0.34,3,0
2023-12-12,2.2724965,0.0016789782,0,0.18,0.3,0.18,0.29,0,0.36,0.28,2,0
2023-12-13,2.3003645,0.012263183,0,0.18,0.3,0.32,0.15,0,0.5,0.32,5,0
2023-12-14,2.3027976,0.0010577018,0,0.18,0.3,0.18,0.29,0,0.36,0.28,2,0
2023-12-15,2.286713,-0.0069847989,0,0.18,0.3,0.18,0.29,0,0.36,0.28,2,0
2023-12-16,2.291999,0.002311615,0,0.18,0.3,0.18,0.29,0,0.36,0.28,2,0
2023-12-17,2.2784165,-0.0059260511,0,0.18,0.3,0.18,0.29,0,0.36,0.28,2,0
2023-12-18,2.2983474,0.0087476758,0,0.18,0.3,0.18,0.29,0,0.36,0.28,2,0
2023-12-19,2.2927181,-0.0024492722,0,0.18,0.3,0.18,0.29,0,0.36,0.28,2,0
2023-12-20,2.3140262,0.0092938343,0,0.18,0.3,0.18,0.29,0,0.36,0.28,2,0
2023-12-21,2.3171219,0.0013377819,0,0.18,0.3,0.18,0.29,0,0.36,0.28,2,0
2023-12-22,2.3189297,0.0007802049,0,0.18,0.3,0.18,0.29,0,0.36,0.28,2,0
2023-12-23,2.3151416,-0.0016335656,0,0.18,0.3,0.18,0.29,0,0.36,0.28,2,0
2023-12-24,2.30477,-0.0044799109,0,0.18,0.3,0.18,0.29,0,0.36,0.28,2,0
2023-12-25,2.3137283,0.0038868488,0,0.18,0.3,0.18,0.29,0,0.36,0.28,2,0
2023-12-26,2.2981173,-0.0067470899,0,0.18,0.3,0.18,0.29,0,0.36,0.28,2,0
2023-12-27,2.312298,0.0061705465,0,0.18,0.3,0.18,0.29,0,0.36,0.28,2,0
2023-12-28,2.299664,-0.0054637999,0,0.18,0.3,0.18,0.29,0,0.36,0.28,2,0
2023-12-29,2.2925038,-0.0031135902,0,0.18,0.3,0.18,0.29,0,0.36,0.28,2,0
2023-12-30,2.2939081,0.00061252934,0,0.18,0.3,0.18,0.29,0,0.36,0.28,2,0
2023-12-31,2.2963438,0.0010618499,0,0.18,0.3,0.18,0.29,0,0.36,0.28,2,0
2024-01-01,2.3296334,0.014496783,0,0.18,0.3,0.24,0.23,0,0.51,0.43,3,0
2024-01-02,2.3413283,0.0050200349,0,0.18,0.3,0.18,0.29,0,0.36,0.28,2,0
2024-01-03,2.2570574,-0.035992784,0,0.18,0.3,0.32,0.15,0,0.71,0.38,5,0
2024-01-04,2.2764476,0.0085909329,0,0.18,0.3,0.18,0.29,0,0.36,0.28,2,0
2024-01-05,2.2788274,0.0010454266,0,0.18,0.3,0.26,0.21,0,0.56,0.38,4,0
2024-01-06,2.2773143,-0.00066397776,0,0.18,0.3,0.08,0.39,0,0.26,0.18,1,0
2024-01-07,2.2770775,-0.00010401185,0,0.18,0.3,0.08,0.39,0,0.26,0.18,1,0
2024-01-08,2.3205932,0.019110331,0,0.18,0.3,0.14,0.33,0,0.41,0.33,2,0
2024-01-09,2.311506,-0.0039159053,0,0.18,0.3,0.16,0.31,0,0.34,0.26,2,0
2024-01-10,2.3255906,0.0060932724,0,0.18,0.3,0.3,0.17,0,0.48,0.3,5,0
2024-01-11,2.3211392,-0.0019140945,0,0.18,0.3,0.16,0.31,0,0.34,0.26,2,0
2024-01-12,2.2949319,-0.011290697,0,0.18,0.3,0.24,0.23,0,0.54,0.36,4,0
2024-01-13,2.2956265,0.00030265952,0,0.18,0.3,0.16,0.31,0,0.34,0.1,2,0
2024-01-14,2.2848507,-0.0046940785,0,0.18,0.3,0.16,0.31,0,0.34,0.1,2,0
2024-01-15,2.2925084,0.0033515155,0,0.18,0.3,0.16,0.31,0,0.34,0.1,2,0
2024-01-16,2.2986422,0.0026755973,0,0.18,0.3,0.16,0.31,0,0.34,0.1,2,0
2024-01-17,2.2953023,-0.0014530003,0,0.18,0.3,0.08,0.39,0,0.26,0.18,1,0
2024-01-18,2.2814415,-0.0060387702,0,0.18,0.3,0.08,0.39,0,0.26,0.18,1,0
2024-01-19,2.2848655,0.0015008402,0,0.18,0.3,0.08,0.39,0,0.26,0.18,1,0
2024-01-20,2.2853609,0.00021678922,0,0.18,0.3,0.08,0.39,0,0.26,0.18,1,0
2024-01-21,2.2843493,-0.00044263835,0,0.18,0.3,0.08,0.39,0,0.26,0.18,1,0
2024-01-22,2.2645797,-0.0086543529,0,0.18,0.3,0.08,0.39,0,0.26,0.18,1,0
2024-01-23,2.2681038,0.0015561784,0,0.18,0.3,0.08,0.39,0,0.26,0.18,1,0
2024-01-24,2.2701492,0.00090179972,0,0.18,0.3,0.08,0.39,0,0.26,0.18,1,0
2024-01-25,2.2690164,-0.00049899872,0,0.18,0.3,0.08,0.39,0,0.26,0.18,1,0
2024-01-26,2.2881803,0.0084459272,0,0.18,0.3,0.08,0.39,0,0.26,0.18,1,0
2024-01-27,2.2912315,0.0013334344,0,0.18,0.3,0.08,0.39,0,0.26,0.18,1,0
2024-01-28,2.2904751,-0.00033011534,0,0.18,0.3,0.08,0.39,0,0.26,0.18,1,0
2024-01-29,2.3030774,0.0055020487,0,0.18,0.3,0.08,0.39,0,0.26,0.18,1,0
2024-01-30,2.2997368,-0.0014505038,0,0.18,0.3,0.08,0.39,0,0.26,0.18,1,0
2024-01-31,2.2963721,-0.0014630548,0,0.18,0.3,0.08,0.39,0,0.26,0.18,1,0
2024-02-01,2.3013851,0.0021829735,0,0.18,0.3,0.08,0.39,0,0.26,0.18,1,0
2024-02-02,2.3012456,-6.0595955e-05,0,0.18,0.3,0.16,0.31,0,0.34,0.22,3,0
2024-02-03,2.2995554,-0.00073449069,0,0.18,0.3,0.08,0.39,0,0.26,0.18,1,0
2024-02-04,2.29556,-0.0017374457,0,0.18,0.3,0.08,0.39,0,0.26,0.18,1,0
2024-02-05,2.2965236,0.00041975703,0,0.18,0.3,0.14,0.33,0,0.32,0.24,2,0
2024-02-06,2.3004254,0.001699002,0,0.18,0.3,0.08,0.39,0,0.26,0.18,1,0
2024-02-07,2.3154917,0.0065493389,0,0.18,0.3,0.22,0.25,0,0.4,0.22,4,0
2024-02-08,2.3244282,0.0038594625,0,0.18,0.3,0.08,0.39,0,0.26,0.18,1,0
2024-02-09,2.3541104,0.012769676,0,0.18,0.3,0.16,0.31,0,0.46,0.28,3,0
2024-02-10,2.3606601,0.0027822491,0,0.18,0.3,0.16,0.31,0,0.34,0.26,2,0
2024-02-11,2.3669534,0.0026659092,0,0.18,0.3,0.16,0.31,0,0.34,0.26,2,0
2024-02-12,2.3952551,0.011957025,0,0.18,0.3,0.22,0.25,0,0.49,0.41,3,0
2024-02-13,2.3939289,-0.00055371836,0,0.18,0.3,0.16,0.31,0,0.34,0.26,2,0
2024-02-14,2.454244,0.025195067,0,0.18,0.3,0.22,0.25,0,0.61,0.28,4,0
2024-02-15,2.4555091,0.00051546001,0,0.18,0.3,0.18,0.29,0,0.36,0.28,2,0
2024-02-16,2.4588839,0.0013743555,0,0.18,0.3,0.18,0.29,0,0.36,0.28,2,0
2024-02-17,2.452676,-0.0025246483,0,0.18,0.3,0.18,0.29,0,0.36,0.28,2,0
2024-02-18,2.459437,0.0027565801,0,0.18,0.3,0.18,0.29,0,0.36,0.28,2,0
2024-02-19,2.4548343,-0.0018714673,0,0.18,0.3,0.18,0.29,0,0.36,0.28,2,0
2024-02-20,2.4614235,0.0026841622,0,0.18,0.3,0.18,0.29,0,0.36,0.28,2,0
2024-02-21,2.4561663,-0.002135834,0,0.18,0.3,0.18,0.29,0,0.36,0.28,2,0
2024-02-22,2.4488772,-0.0029676755,0,0.18,0.3,0.18,0.29,0,0.36,0.28,2,0
2024-02-23,2.4417458,-0.0029120757,0,0.18,0.3,0.18,0.29,0,0.36,0.28,2,0
2024-02-24,2.4529876,0.004603994,0,0.18,0.3,0.18,0.29,0,0.36,0.28,2,0
2024-02-25,2.4552892,0.00093825913,0,0.18,0.3,0.18,0.29,0,0.36,0.28,2,0
2024-02-26,2.4920344,0.014965749,0,0.18,0.3,0.18,0.29,0,0.36,0.28,2,0
2024-02-27,2.5251743,0.013298321,0,0.18,0.3,0.18,0.29,0,0.36,0.28,2,0
2024-02-28,2.5923421,0.026599263,0,0.18,0.3,0.18,0.29,0,0.36,0.28,2,0
2024-02-29,2.5777199,-0.0056405132,0,0.18,0.3,0.18,0.29,0,0.36,0.28,2,0
2024-03-01,2.6033267,0.0099338748,0,0.18,0.3,0.26,0.21,0,0.56,0.38,4,0
2024-03-02,2.5990376,-0.001647529,0,0.18,0.3,0.18,0.29,0,0.36,0.28,2,0
2024-03-03,2.6126287,0.0052292815,0,0.18,0.3,0.18,0.29,0,0.36,0.28,2,0
2024-03-04,2.6936067,0.030994842,0,0.18,0.3,0.24,0.23,0,0.51,0.43,3,0
2024-03-05,2.640412,-0.019748507,0,0.18,0.3,0.24,0.23,0,0.42,0.28,3,0
2024-03-06,2.7036571,0.023952738,0,0.18,0.3,0.32,0.15,0,0.5,0.32,5,0
2024-03-07,2.7144884,0.0040061537,0,0.18,0.3,0.24,0.23,0,0.42,0.28,3,0
2024-03-08,2.7329202,0.0067901595,0,0.18,0.3,0.32,0.15,0,0.5,0.32,5,0
2024-03-09,2.7362245,0.0012090739,0,0.18,0.3,0.24,0.23,0,0.42,0.28,3,0
2024-03-10,2.7427233,0.0023750999,0,0.18,0.3,0.24,0.23,0,0.42,0.28,3,0
2024-03-11,2.7950766,0.019088067,0,0.18,0.3,0.3,0.17,0,0.48,0.34,4,0
2024-03-12,2.785178,-0.0035414281,0,0.18,0.3,0.24,0.23,0,0.42,0.28,3,0
2024-03-13,2.8029153,0.0063684543,0,0.18,0.3,0.38,0.09,0,0.56,0.32,6,0
2024-03-14,2.7799849,-0.0081808883,0,0.18,0.3,0.24,0.23,0,0.42,0.28,3,0
2024-03-15,2.7536352,-0.0094783742,0,0.18,0.3,0.24,0.23,0,0.42,0.28,3,0
2024-03-16,2.6973383,-0.020444585,0,0.18,0.3,0.24,0.23,0,0.42,0.28,3,0
2024-03-17,2.7333184,0.013339138,0,0.18,0.3,0.18,0.29,0,0.36,0.28,2,0
2024-03-18,2.7248115,-0.0031123196,0,0.18,0.3,0.18,0.29,0,0.36,0.28,2,0
2024-03-19,2.6610629,-0.023395582,0,0.18,0.3,0.18,0.29,0,0.36,0.28,2,0
2024-03-20,2.7322581,0.026754416,0,0.18,0.3,0.18,0.29,0,0.36,0.28,2,0
2024-03-21,2.7060761,-0.0095825592,0,0.18,0.3,0.18,0.29,0,0.36,0.28,2,0
2024-03-22,2.6865292,-0.0072233387,0,0.18,0.3,0.18,0.29,0,0.36,0.28,2,0
2024-03-23,2.6889638,0.00090621198,0,0.18,0.3,0.18,0.29,0,0.36,0.28,2,0
2024-03-24,2.7270265,0.014155169,0,0.18,0.3,0.18,0.29,0,0.36,0.28,2,0
2024-03-25,2.7576043,0.011212857,0,0.18,0.3,0.18,0.29,0,0.36,0.28,2,0
2024-03-26,2.7586455,0.00037760101,0,0.18,0.3,0.24,0.23,0,0.42,0.28,3,0
2024-03-27,2.7490214,-0.0034887046,0,0.18,0.3,0.24,0.23,0,0.42,0.28,3,0
2024-03-28,2.763817,0.0053821323,0,0.18,0.3,0.18,0.29,0,0.36,0.28,2,0
2024-03-29,2.7539026,-0.003587234,0,0.18,0.3,0.18,0.29,0,0.36,0.28,2,0
2024-03-30,2.7512207,-0.00097385934,0,0.18,0.3,0.18,0.29,0,0.36,0.28,2,0
2024-03-31,2.7703554,0.0069550093,0,0.18,0.3,0.18,0.29,0,0.36,0.28,2,0
2024-04-01,2.7517439,-0.006718107,0,0.18,0.3,0.24,0.23,0,0.42,0.34,3,0
2024-04-02,2.7056119,-0.016764643,0,0.18,0.3,0.18,0.29,0,0.36,0.28,2,0
2024-04-03,2.7119913,0.0023578411,0,0.18,0.3,0.32,0.15,0,0.5,0.32,5,0
2024-04-04,2.7412072,0.010772881,0,0.18,0.3,0.18,0.29,0,0.36,0.28,2,0
2024-04-05,2.7318635,-0.0034086268,0,0.18,0.3,0.26,0.21,0,0.44,0.32,4,0
2024-04-06,2.7398159,0.0029109998,0,0.18,0.3,0.08,0.39,0,0.26,0.18,1,0
2024-04-07,2.7432959,0.0012701576,0,0.18,0.3,0.08,0.39,0,0.26,0.18,1,0
2024-04-08,2.7640634,0.007570274,0,0.18,0.3,0.14,0.33,0,0.32,0.24,2,0
2024-04-09,2.7370851,-0.009760375,0,0.18,0.3,0.2,0.27,0,0.38,0.18,3,0
2024-04-10,2.7431425,0.0022130793,0,0.18,0.3,0.28,0.19,0,0.46,0.22,5,0
2024-04-11,2.73541,-0.0028188729,0,0.18,0.3,0.2,0.27,0,0.38,0.18,3,0
2024-04-12,2.6981648,-0.013615921,0,0.18,0.3,0.28,0.19,0,0.46,0.22,5,0
2024-04-13,2.6770449,-0.0078275242,0,0.18,0.3,0.14,0.33,0,0.32,0.18,2,0
2024-04-14,2.6924127,0.0057406072,0,0.18,0.3,0.14,0.33,0,0.32,0.18,2,0
2024-04-15,2.6781332,-0.0053036208,0,0.18,0.3,0.14,0.33,0,0.32,0.18,2,0
2024-04-16,2.6814094,0.0012233207,0,0.18,0.3,0.14,0.33,0,0.32,0.18,2,0
2024-04-17,2.662497,-0.0070531614,0,0.18,0.3,0.08,0.39,0,0.26,0.18,1,0
2024-04-18,2.6797541,0.006481549,0,0.18,0.3,0.08,0.39,0,0.26,0.18,1,0
2024-04-19,2.6825065,0.0010271207,0,0.18,0.3,0.08,0.39,0,0.26,0.18,1,0
2024-04-20,2.6911171,0.0032098869,0,0.18,0.3,0.08,0.39,0,0.26,0.18,1,0
2024-04-21,2.6912299,4.19201e-05,0,0.18,0.3,0.08,0.39,0,0.26,0.18,1,0
2024-04-22,2.7053452,0.0052449193,0,0.18,0.3,0.08,0.39,0,0.26,0.18,1,0
2024-04-23,2.7024866,-0.0010566503,0,0.18,0.3,0.08,0.39,0,0.26,0.18,1,0
2024-04-24,2.687045,-0.0057138425,0,0.18,0.3,0.08,0.39,0,0.26,0.18,1,0
2024-04-25,2.6887301,0.00062712468,0,0.18,0.3,0.08,0.39,0,0.26,0.18,1,0
2024-04-26,2.6833705,-0.0019933596,0,0.18,0.3,0.08,0.39,0,0.26,0.18,1,0
2024-04-27,2.6811692,-0.00082033894,0,0.18,0.3,0.08,0.39,0,0.26,0.18,1,0
2024-04-28,2.6786499,-0.00093964473,0,0.18,0.3,0.08,0.39,0,0.26,0.18,1,0
2024-04-29,2.6844789,0.0021761103,0,0.18,0.3,0.08,0.39,0,0.26,0.18,1,0
2024-04-30,2.6604636,-0.008945981,0,0.18,0.3,0.08,0.39,0,0.26,0.18,1,0
2024-05-01,2.6324204,-0.01054074,0,0.18,0.3,0.22,0.25,0,0.4,0.22,4,0
2024-05-02,2.6368752,0.0016922961,0,0.18,0.3,0.16,0.31,0,0.34,0.1,2,0
2024-05-03,2.670904,0.012904985,0,0.18,0.3,0.24,0.23,0,0.42,0.14,4,0
2024-05-04,2.6770066,0.0022848148,0,0.18,0.3,0.16,0.31,0,0.34,0.1,2,0
2024-05-05,2.6776054,0.00022368332,0,0.18,0.3,0.16,0.31,0,0.34,0.1,2,0
2024-05-06,2.6685467,-0.0033831372,0,0.18,0.3,0.14,0.33,0,0.32,0.24,2,0
2024-05-07,2.6621825,-0.0023848676,0,0.18,0.3,0.08,0.39,0,0.26,0.18,1,0
2024-05-08,2.6496024,-0.0047254966,0,0.18,0.3,0.22,0.25,0,0.4,0.22,4,0
2024-05-09,2.6643839,0.0055787738,0,0.18,0.3,0.08,0.39,0,0.26,0.18,1,0
2024-05-10,2.646749,-0.0066187724,0,0.18,0.3,0.16,0.31,0,0.34,0.22,3,0
2024-05-11,2.6470772,0.00012402561,0,0.18,0.3,0.08,0.39,0,0.26,0.18,1,0
2024-05-12,2.6523513,0.0019924179,0,0.18,0.3,0.08,0.39,0,0.26,0.18,1,0
2024-05-13,2.6686681,0.006151805,0,0.18,0.3,0.14,0.33,0,0.32,0.24,2,0
2024-05-14,2.6584083,-0.0038445375,0,0.18,0.3,0.08,0.39,0,0.26,0.18,1,0
2024-05-15,2.6944928,0.01357374,0,0.18,0.3,0.08,0.39,0,0.26,0.18,1,0
2024-05-16,2.6874893,-0.0025991986,0,0.18,0.3,0.08,0.39,0,0.26,0.18,1,0
2024-05-17,2.7008534,0.0049727198,0,0.18,0.3,0.08,0.39,0,0.26,0.18,1,0
2024-05-18,2.70017,-0.00025303873,0,0.18,0.3,0.08,0.39,0,0.26,0.18,1,0
2024-05-19,2.6956304,-0.0016812439,0,0.18,0.3,0.08,0.39,0,0.26,0.18,1,0
2024-05-20,2.7336123,0.014090179,0,0.18,0.3,0.08,0.39,0,0.26,0.18,1,0
2024-05-21,2.7248277,-0.0032135488,0,0.18,0.3,0.08,0.39,0,0.26,0.18,1,0
2024-05-22,2.7181311,-0.0024576006,0,0.18,0.3,0.08,0.39,0,0.26,0.18,1,0
2024-05-23,2.7098187,-0.0030581317,0,0.18,0.3,0.08,0.39,0,0.26,0.18,1,0
2024-05-24,2.7141375,0.0015937568,0,0.18,0.3,0.08,0.39,0,0.26,0.18,1,0
2024-05-25,2.7195699,0.0020015072,0,0.18,0.3,0.08,0.39,0,0.26,0.18,1,0
2024-05-26,2.7141936,-0.0019769065,0,0.18,0.3,0.08,0.39,0,0.26,0.18,1,0
2024-05-27,2.7209713,0.0024971407,0,0.18,0.3,0.08,0.39,0,0.26,0.18,1,0
2024-05-28,2.7138042,-0.0026340335,0,0.18,0.3,0.08,0.39,0,0.26,0.18,1,0
2024-05-29,2.7086365,-0.001904202,0,0.18,0.3,0.08,0.39,0,0.26,0.18,1,0
2024-05-30,2.7138335,0.0019186726,0,0.18,0.3,0.08,0.39,0,0.26,0.18,1,0
2024-05-31,2.7081985,-0.0020763884,0,0.18,0.3,0.08,0.39,0,0.26,0.18,1,0
2024-06-01,2.7099903,0.00066162504,0,0.18,0.3,0.08,0.39,0,0.26,0.18,1,0
2024-06-02,2.7101357,5.363619e-05,0,0.18,0.3,0.08,0.39,0,0.26,0.18,1,0
2024-06-03,2.7205732,0.0038512816,0,0.18,0.3,0.14,0.33,0,0.41,0.33,2,0
2024-06-04,2.7330296,0.0045786059,0,0.18,0.3,0.08,0.39,0,0.26,0.18,1,0
2024-06-05,2.7444997,0.0041968482,0,0.18,0.3,0.28,0.19,0,0.67,0.28,5,0
2024-06-06,2.7400299,-0.0016286588,0,0.18,0.3,0.14,0.33,0,0.32,0.18,2,0
2024-06-07,2.7320381,-0.0029166798,0,0.18,0.3,0.16,0.31,0,0.46,0.28,3,0
2024-06-08,2.7318734,-6.0276048e-05,0,0.18,0.3,0.08,0.39,0,0.26,0.18,1,0
2024-06-09,2.7344245,0.00093383526,0,0.18,0.3,0.08,0.39,0,0.26,0.18,1,0
2024-06-10,2.7359271,0.00054948759,0,0.18,0.3,0.14,0.33,0,0.41,0.33,2,0
2024-06-11,2.7203203,-0.0057043657,0,0.18,0.3,0.08,0.39,0,0.26,0.18,1,0
2024-06-12,2.7455293,0.0092669169,0,0.18,0.3,0.22,0.25,0,0.61,0.28,4,0
2024-06-13,2.7348916,-0.0038745724,0,0.18,0.3,0.08,0.39,0,0.26,0.18,1,0
2024-06-14,2.7314998,-0.0012402017,0,0.18,0.3,0.16,0.31,0,0.46,0.28,3,0
2024-06-15,2.7330269,0.00055906927,0,0.18,0.3,0.08,0.39,0,0.26,0.18,1,0
2024-06-16,2.7365147,0.0012761691,0,0.18,0.3,0.08,0.39,0,0.26,0.18,1,0
2024-06-17,2.7353957,-0.00040891,0,0.18,0.3,0.08,0.39,0,0.26,0.18,1,0
2024-06-18,2.7257079,-0.0035416206,0,0.18,0.3,0.08,0.39,0,0.26,0.18,1,0
2024-06-19,2.7243221,-0.0005084281,0,0.18,0.3,0.08,0.39,0,0.26,0.18,1,0
2024-06-20,2.7236604,-0.00024287682,0,0.18,0.3,0.08,0.39,0,0.26,0.18,1,0
2024-06-21,2.718305,-0.0019662697,0,0.18,0.3,0.08,0.39,0,0.26,0.18,1,0
2024-06-22,2.7193504,0.00038458853,0,0.18,0.3,0.08,0.39,0,0.26,0.18,1,0
2024-06-23,2.7114637,-0.0029002234,0,0.18,0.3,0.08,0.39,0,0.26,0.18,1,0
2024-06-24,2.6890767,-0.0082564136,0,0.18,0.3,0.14,0.33,0,0.32,0.18,2,0
2024-06-25,2.7006915,0.0043192255,0,0.18,0.3,0.14,0.33,0,0.32,0.18,2,0
2024-06-26,2.6927776,-0.0029303153,0,0.18,0.3,0.14,0.33,0,0.32,0.18,2,0
2024-06-27,2.6989816,0.0023039547,0,0.18,0.3,0.14,0.33,0,0.32,0.18,2,0
2024-06-28,2.6890684,-0.0036729331,0,0.18,0.3,0.08,0.39,0,0.26,0.18,1,0
2024-06-29,2.6936977,0.0017215266,0,0.18,0.3,0.08,0.39,0,0.26,0.18,1,0
2024-06-30,2.7080449,0.0053262142,0,0.18,0.3,0.08,0.39,0,0.26,0.18,1,0
2024-07-01,2.7102787,0.00082484585,0,0.18,0.3,0.14,0.33,0,0.41,0.33,2,0
2024-07-02,2.7045032,-0.0021309392,0,0.18,0.3,0.08,0.39,0,0.26,0.18,1,0
2024-07-03,2.6652301,-0.01452138,0,0.18,0.3,0.22,0.25,0,0.61,0.28,4,0
2024-07-04,2.6402142,-0.0093860067,0,0.18,0.3,0.08,0.39,0,0.26,0.18,1,0
2024-07-05,2.6434913,0.0012412039,0,0.18,0.3,0.16,0.31,0,0.46,0.28,3,0
2024-07-06,2.6570685,0.0051360811,0,0.18,0.3,0.08,0.39,0,0.26,0.18,1,0
2024-07-07,2.6377307,-0.0072778678,0,0.18,0.3,0.08,0.39,0,0.26,0.18,1,0
2024-07-08,2.6503292,0.0047762818,0,0.18,0.3,0.14,0.33,0,0.41,0.33,2,0
2024-07-09,2.6616932,0.0042877743,0,0.18,0.3,0.08,0.39,0,0.26,0.18,1,0
2024-07-10,2.6630568,0.00051228467,0,0.18,0.3,0.22,0.25,0,0.61,0.28,4,0
2024-07-11,2.6600033,-0.0011466188,0,0.18,0.3,0.08,0.39,0,0.26,0.18,1,0
2024-07-12,2.6714562,0.0043056239,0,0.18,0.3,0.22,0.25,0,0.52,0.28,4,0
2024-07-13,2.6828128,0.0042510779,0,0.18,0.3,0.14,0.33,0,0.32,0.18,2,0
2024-07-14,2.6962401,0.0050049161,0,0.18,0.3,0.14,0.33,0,0.32,0.18,2,0
2024-07-15,2.727695,0.011666226,0,0.18,0.3,0.14,0.33,0,0.32,0.18,2,0
2024-07-16,2.7302251,0.00092756547,0,0.18,0.3,0.08,0.39,0,0.26,0.18,1,0
2024-07-17,2.7230929,-0.0026123182,0,0.18,0.3,0.08,0.39,0,0.26,0.18,1,0
2024-07-18,2.7224288,-0.00024389415,0,0.18,0.3,0.08,0.39,0,0.26,0.18,1,0
2024-07-19,2.7430112,0.0075603125,0,0.18,0.3,0.08,0.39,0,0.26,0.18,1,0
2024-07-20,2.7466574,0.0013292895,0,0.18,0.3,0.08,0.39,0,0.26,0.18,1,0
2024-07-21,2.7542929,0.002779908,0,0.18,0.3,0.08,0.39,0,0.26,0.18,1,0
2024-07-22,2.7498165,-0.0016252323,0,0.18,0.3,0.08,0.39,0,0.26,0.18,1,0
2024-07-23,2.7382393,-0.0042101772,0,0.18,0.3,0.08,0.39,0,0.26,0.18,1,0
2024-07-24,2.7342089,-0.0014719055,0,0.18,0.3,0.08,0.39,0,0.26,0.18,1,0
2024-07-25,2.7375559,0.0012241399,0,0.18,0.3,0.08,0.39,0,0.26,0.18,1,0
2024-07-26,2.7534837,0.0058182279,0,0.18,0.3,0.08,0.39,0,0.26,0.18,1,0
2024-07-27,2.7535425,2.1363197e-05,0,0.18,0.3,0.08,0.39,0,0.26,0.18,1,0
2024-07-28,2.7562571,0.00098584909,0,0.18,0.3,0.08,0.39,0,0.26,0.18,1,0
2024-07-29,2.7457497,-0.0038121802,0,0.18,0.3,0.08,0.39,0,0.26,0.18,1,0
2024-07-30,2.7414564,-0.00156362,0,0.18,0.3,0.08,0.39,0,0.26,0.18,1,0
2024-07-31,2.7299469,-0.0041983306,0,0.18,0.3,0.08,0.39,0,0.26,0.18,1,0
2024-08-01,2.7356184,0.0020775326,0,0.18,0.3,0.08,0.39,0,0.26,0.18,1,0
2024-08-02,2.7078723,-0.010142535,0,0.18,0.3,0.16,0.31,0,0.46,0.28,3,0
2024-08-03,2.702434,-0.0020083366,0,0.18,0.3,0.14,0.33,0,0.32,0.18,2,0
2024-08-04,2.6832485,-0.0070993417,0,0.18,0.3,0.14,0.33,0,0.32,0.18,2,0
2024-08-05,2.6645673,-0.0069621639,0,0.18,0.3,0.2,0.27,0,0.47,0.33,3,0
2024-08-06,2.6826888,0.0068009245,0,0.18,0.3,0.14,0.33,0,0.32,0.18,2,0
2024-08-07,2.6627313,-0.0074393624,0,0.18,0.3,0.22,0.25,0,0.4,0.22,4,0
2024-08-08,2.7197898,0.021428549,0,0.18,0.3,0.08,0.39,0,0.26,0.18,1,0
2024-08-09,2.7080549,-0.0043146148,0,0.18,0.3,0.16,0.31,0,0.34,0.22,3,0
2024-08-10,2.7088134,0.00028008682,0,0.18,0.3,0.08,0.39,0,0.26,0.18,1,0
2024-08-11,2.6912153,-0.0064966245,0,0.18,0.3,0.08,0.39,0,0.26,0.18,1,0
2024-08-12,2.6983068,0.0026350721,0,0.18,0.3,0.14,0.33,0,0.32,0.24,2,0
2024-08-13,2.7085539,0.003797585,0,0.18,0.3,0.08,0.39,0,0.26,0.18,1,0
2024-08-14,2.6858049,-0.0083989232,0,0.18,0.3,0.22,0.25,0,0.4,0.22,4,0
2024-08-15,2.6764646,-0.0034776646,0,0.18,0.3,0.08,0.39,0,0.26,0.18,1,0
2024-08-16,2.6874625,0.0041091146,0,0.18,0.3,0.08,0.39,0,0.26,0.18,1,0
2024-08-17,2.6926236,0.0019204513,0,0.18,0.3,0,0.47,0,0.18,0.18,0,0
2024-08-18,2.6840387,-0.0031883166,0,0.18,0.3,0,0.47,0,0.18,0.18,0,0
2024-08-19,2.692488,0.0031479761,0,0.18,0.3,0,0.47,0,0.18,0.18,0,0
2024-08-20,2.6891136,-0.0012532594,0,0.18,0.3,0,0.47,0,0.18,0.18,0,0
2024-08-21,2.7067729,0.0065669653,0,0.18,0.3,0,0.47,0,0.18,0.18,0,0
2024-08-22,2.7006463,-0.0022634496,0,0.18,0.3,0,0.47,0,0.18,0.18,0,0
2024-08-23,2.7302148,0.0109487,0,0.18,0.3,0,0.47,0,0.18,0.18,0,0
2024-08-24,2.7310866,0.00031928616,0,0.18,0.3,0.08,0.39,0,0.26,0.26,1,0
2024-08-25,2.7314681,0.00013969257,0,0.18,0.3,0.08,0.39,0,0.26,0.26,1,0
2024-08-26,2.7207558,-0.0039218043,0,0.18,0.3,0.08,0.39,0,0.26,0.26,1,0
2024-08-27,2.6941436,-0.0097811643,0,0.18,0.3,0.08,0.39,0,0.26,0.26,1,0
2024-08-28,2.6909073,-0.0012012323,0,0.18,0.3,0.08,0.39,0,0.26,0.18,1,0
2024-08-29,2.6936506,0.0010194535,0,0.18,0.3,0.08,0.39,0,0.26,0.18,1,0
2024-08-30,2.6918355,-0.0006738441,0,0.18,0.3,0.08,0.39,0,0.26,0.18,1,0
2024-08-31,2.6907068,-0.00041928751,0,0.18,0.3,0.08,0.39,0,0.26,0.18,1,0
2024-09-01,2.7038019,0.0048667794,0,0.18,0.3,0.08,0.39,0,0.26,-0.18,1,0
2024-09-02,2.6901414,-0.005052333,0,0.18,0.3,0.14,0.33,0,0.32,-0.12,2,0
2024-09-03,2.70373,0.0050512531,0,0.18,0.3,0.08,0.39,0,0.26,-0.18,1,0
2024-09-04,2.7006111,-0.0011535505,0,0.18,0.3,0.22,0.25,0,0.4,-0.14,4,0
2024-09-05,2.7157466,0.005604457,0,0.18,0.3,0.08,0.39,0,0.26,-0.18,1,0
2024-09-06,2.7321443,0.0060380246,0,0.18,0.3,0.16,0.31,0,0.34,-0.14,3,0
2024-09-07,2.730397,-0.00063955087,0,0.18,0.3,0.08,0.39,0,0.26,-0.18,1,0
2024-09-08,2.7240359,-0.0023297357,0,0.18,0.3,0.08,0.39,0,0.26,-0.18,1,0
2024-09-09,2.7068587,-0.0063057748,0,0.18,0.3,0.24,0.23,0,0.51,-0.13,3,0
2024-09-10,2.6990553,-0.0028828205,0,0.18,0.3,0.1,0.37,0,0.28,-0.28,1,0
2024-09-11,2.6827501,-0.0060410836,0,0.18,0.3,0.24,0.23,0,0.63,-0.18,4,0
2024-09-12,2.6724321,-0.0038460448,0,0.18,0.3,0.1,0.37,0,0.28,-0.28,1,0
2024-09-13,2.6425677,-0.011175005,0,0.18,0.3,0.18,0.29,0,0.48,-0.18,3,0
2024-09-14,2.6466249,0.0015353165,0,0.18,0.3,0,0.47,0,0.18,-0.18,0,0
2024-09-15,2.6535491,0.0026162668,0,0.18,0.3,0,0.47,0,0.18,-0.18,0,0
2024-09-16,2.6610516,0.0028273332,0,0.18,0.3,0,0.47,0,0.18,-0.18,0,0
2024-09-17,2.6438601,-0.0064604078,0,0.18,0.3,0,0.47,0,0.18,-0.18,0,0
2024-09-18,2.6325377,-0.00428254,0,0.18,0.3,0,0.47,0,0.18,-0.18,0,0
2024-09-19,2.6233208,-0.0035011327,0,0.18,0.3,0.08,0.39,0,0.26,-0.18,1,0
2024-09-20,2.6215363,-0.00068026525,0,0.18,0.3,0.08,0.39,0,0.26,-0.18,1,0
2024-09-21,2.6205661,-0.00037008135,0,0.18,0.3,0.08,0.39,0,0.26,-0.18,1,0
2024-09-22,2.6189853,-0.00060321717,0,0.18,0.3,0.08,0.39,0,0.26,-0.18,1,0
2024-09-23,2.6208695,0.00071943782,0,0.18,0.3,0.08,0.39,0,0.26,-0.18,1,0
2024-09-24,2.6140939,-0.002585257,0,0.18,0.3,0.08,0.39,0,0.26,-0.18,1,0
2024-09-25,2.6223201,0.0031468825,0,0.18,0.3,0.08,0.39,0,0.26,-0.18,1,0
2024-09-26,2.607331,-0.0057159865,0,0.18,0.3,0.08,0.39,0,0.26,-0.18,1,0
2024-09-27,2.6031648,-0.0015978706,0,0.18,0.3,0.08,0.39,0,0.26,-0.18,1,0
2024-09-28,2.6026547,-0.0001959644,0,0.18,0.3,0.08,0.39,0,0.26,-0.18,1,0
2024-09-29,2.6002397,-0.00092789836,0,0.18,0.3,0.08,0.39,0,0.26,0.18,1,0
2024-09-30,2.5841418,-0.0061909059,0,0.18,0.3,0.08,0.39,0,0.26,0.18,1,0
2024-10-01,2.565766,-0.0071110228,0,0.18,0.3,0.08,0.39,0,0.26,0.18,1,0
2024-10-02,2.5395671,-0.010210937,0,0.18,0.3,0.22,0.25,0,0.61,0.28,4,0
2024-10-03,2.5404568,0.00035033851,0,0.18,0.3,0.08,0.39,0,0.26,0.18,1,0
2024-10-04,2.553687,0.0052078025,0,0.18,0.3,0.16,0.31,0,0.46,0.28,3,0
2024-10-05,2.5535644,-4.8018609e-05,0,0.18,0.3,0.08,0.39,0,0.26,0.18,1,0
2024-10-06,2.5593079,0.0022492381,0,0.18,0.3,0.08,0.39,0,0.26,0.18,1,0
2024-10-07,2.5571231,-0.00085367538,0,0.18,0.3,0.14,0.33,0,0.41,0.33,2,0
2024-10-08,2.556765,-0.0001400306,0,0.18,0.3,0.08,0.39,0,0.26,0.18,1,0
2024-10-09,2.5365898,-0.0078909124,0,0.18,0.3,0.22,0.25,0,0.61,0.28,4,0
2024-10-10,2.5343694,-0.00087537243,0,0.18,0.3,0.08,0.39,0,0.26,0.18,1,0
2024-10-11,2.5559733,0.0085243718,0,0.18,0.3,0.24,0.23,0,0.54,0.2,4,0
2024-10-12,2.5598235,0.0015063735,0,0.18,0.3,0.16,0.31,0,0.34,0.1,2,0
2024-10-13,2.5563111,-0.0013721215,0,0.18,0.3,0.16,0.31,0,0.34,0.1,2,0
2024-10-14,2.5894474,0.012962547,0,0.18,0.3,0.22,0.25,0,0.49,0.25,3,0
2024-10-15,2.5965784,0.0027538537,0,0.18,0.3,0.08,0.39,0,0.26,0.18,1,0
2024-10-16,2.6005232,0.0015192321,0,0.18,0.3,0.08,0.39,0,0.26,0.18,1,0
2024-10-17,2.5992989,-0.00047079845,0,0.18,0.3,0.08,0.39,0,0.26,0.18,1,0
2024-10-18,2.6064294,0.002743243,0,0.18,0.3,0.08,0.39,0,0.26,0.18,1,0
2024-10-19,2.6062348,-7.4648394e-05,0,0.18,0.3,0.08,0.39,0,0.26,0.18,1,0
2024-10-20,2.6108699,0.0017784568,0,0.18,0.3,0.08,0.39,0,0.26,0.18,1,0
2024-10-21,2.599755,-0.0042571841,0,0.18,0.3,0.08,0.39,0,0.26,0.18,1,0
2024-10-22,2.6002397,0.00018644519,0,0.18,0.3,0.08,0.39,0,0.26,0.18,1,0
2024-10-23,2.5951303,-0.0019649398,0,0.18,0.3,0.08,0.39,0,0.26,0.18,1,0
2024-10-24,2.6058006,0.0041116515,0,0.18,0.3,0.14,0.33,0,0.32,0.18,2,0
2024-10-25,2.5952643,-0.0040434064,0,0.18,0.3,0.14,0.33,0,0.32,0.18,2,0
2024-10-26,2.5977916,0.00097382036,0,0.18,0.3,0.14,0.33,0,0.32,0.18,2,0
2024-10-27,2.6042409,0.0024825976,0,0.18,0.3,0.14,0.33,0,0.32,0.18,2,0
2024-10-28,2.6177584,0.005190579,0,0.18,0.3,0.08,0.39,0,0.26,0.18,1,0
2024-10-29,2.636952,0.007332064,0,0.18,0.3,0.16,0.31,0,0.34,0.26,2,0
2024-10-30,2.6362572,-0.00026348709,0,0.18,0.3,0.22,0.25,0,0.4,0.26,3,0
2024-10-31,2.6153065,-0.0079471348,0,0.18,0.3,0.22,0.25,0,0.4,0.26,3,0
2024-11-01,2.6235531,0.0031532138,0,0.18,0.3,0.3,0.17,0,0.6,0.36,5,0
2024-11-02,2.6215604,-0.00075956676,0,0.18,0.3,0.14,0.33,0,0.32,0.18,2,0
2024-11-03,2.6176368,-0.0014966426,0,0.18,0.3,0.08,0.39,0,0.26,0.18,1,0
2024-11-04,2.6052046,-0.0047494156,0,0.18,0.3,0.14,0.33,0,0.41,0.33,2,0
2024-11-05,2.6158719,0.0040946064,0,0.18,0.3,0.08,0.39,0,0.26,0.18,1,0
2024-11-06,2.7048148,0.034001244,0,0.18,0.3,0.22,0.25,0,0.61,0.28,4,0
2024-11-07,2.7169178,0.0044746242,0,0.18,0.3,0.14,0.33,0,0.32,0.18,2,0
2024-11-08,2.7296976,0.0047038028,0,0.18,0.3,0.22,0.25,0,0.52,0.28,4,0
2024-11-09,2.7397785,0.0036930464,0,0.18,0.3,0.14,0.33,0,0.32,0.18,2,0
2024-11-10,2.7769206,0.013556586,0,0.18,0.3,0.18,0.29,0,0.36,0.28,2,0
2024-11-11,2.8765762,0.035887097,0,0.18,0.3,0.24,0.23,0,0.51,0.43,3,0
2024-11-12,2.8706501,-0.0020601187,0,0.18,0.3,0.18,0.29,0,0.36,0.28,2,0
2024-11-13,2.8893011,0.0064971211,0,0.18,0.3,0.32,0.15,0,0.5,0.32,5,0
2024-11-14,2.8621665,-0.00939141,0,0.18,0.3,0.18,0.29,0,0.36,0.28,2,0
2024-11-15,2.8963467,0.011942083,0,0.18,0.3,0.18,0.29,0,0.36,0.28,2,0
2024-11-16,2.8925532,-0.0013097483,0,0.18,0.3,0.18,0.29,0,0.36,0.28,2,0
2024-11-17,2.8861973,-0.0021973207,0,0.18,0.3,0.18,0.29,0,0.36,0.28,2,0
2024-11-18,2.8919177,0.0019819587,0,0.18,0.3,0.18,0.29,0,0.36,0.28,2,0
2024-11-19,2.9087039,0.0058045481,0,0.18,0.3,0.18,0.29,0,0.36,0.28,2,0
2024-11-20,2.9239349,0.0052363552,0,0.18,0.3,0.24,0.23,0,0.42,0.28,3,0
2024-11-21,2.9754337,0.017612815,0,0.18,0.3,0.24,0.23,0,0.42,0.28,3,0
2024-11-22,2.9789832,0.0011929324,0,0.18,0.3,0.24,0.23,0,0.42,0.28,3,0
2024-11-23,2.9724177,-0.0022039377,0,0.18,0.3,0.24,0.23,0,0.42,0.28,3,0
2024-11-24,2.9728537,0.00014668792,0,0.18,0.3,0.24,0.23,0,0.42,0.28,3,0
2024-11-25,2.934068,-0.013046621,0,0.18,0.3,0.24,0.23,0,0.42,0.28,3,0
2024-11-26,2.9250985,-0.0030570201,0,0.18,0.3,0.18,0.29,0,0.36,0.28,2,0
2024-11-27,2.9600449,0.011947097,0,0.18,0.3,0.18,0.29,0,0.36,0.28,2,0
2024-11-28,2.9544457,-0.0018916109,0,0.18,0.3,0.24,0.23,0,0.42,0.28,3,0
2024-11-29,2.971043,0.0056177398,0,0.18,0.3,0.24,0.23,0,0.42,0.28,3,0
2024-11-30,2.9677789,-0.0010986166,0,0.18,0.3,0.24,0.23,0,0.42,0.28,3,0
2024-12-01,2.9748762,0.0023914374,0,0.18,0.3,0.24,0.23,0,0.42,0.28,3,0
2024-12-02,2.9569908,-0.0060121542,0,0.18,0.3,0.3,0.17,0,0.48,0.34,4,0
2024-12-03,2.955876,-0.00037699067,0,0.18,0.3,0.24,0.23,0,0.42,0.28,3,0
2024-12-04,3.0045565,0.016469039,0,0.18,0.3,0.38,0.09,0,0.56,0.32,6,0
2024-12-05,2.9885291,-0.005334365,0,0.18,0.3,0.24,0.23,0,0.42,0.28,3,0
2024-12-06,3.0230907,0.011564769,0,0.18,0.3,0.32,0.15,0,0.5,0.32,5,0
2024-12-07,3.0239848,0.00029574743,0,0.18,0.3,0.24,0.23,0,0.42,0.28,3,0
2024-12-08,3.0354038,0.0037761491,0,0.18,0.3,0.24,0.23,0,0.42,0.28,3,0
2024-12-09,2.9799953,-0.018254079,0,0.18,0.3,0.3,0.17,0,0.57,0.43,4,0
2024-12-10,2.9702682,-0.0032641369,0,0.18,0.3,0.24,0.23,0,0.42,0.28,3,0
2024-12-11,3.0498424,0.026790241,0,0.18,0.3,0.38,0.09,0,0.77,0.38,6,0
2024-12-12,3.0429302,-0.0022664135,0,0.18,0.3,0.24,0.23,0,0.42,0.28,3,0
2024-12-13,3.0565258,0.0044679473,0,0.18,0.3,0.32,0.15,0,0.62,0.38,5,0
2024-12-14,3.054942,-0.00051817083,0,0.18,0.3,0.24,0.23,0,0.42,0.28,3,0
2024-12-15,3.0849902,0.0098359104,0,0.18,0.3,0.24,0.23,0,0.42,0.28,3,0
2024-12-16,3.0995972,0.0047348909,0,0.18,0.3,0.32,0.15,0,0.5,0.36,4,0
2024-12-17,3.0954539,-0.0013367396,0,0.18,0.3,0.32,0.15,0,0.5,0.36,4,0
2024-12-18,3.0469037,-0.015684343,0,0.18,0.3,0.26,0.21,0,0.44,0.36,3,0
2024-12-19,3.0234569,-0.0076952962,0,0.18,0.3,0.26,0.21,0,0.44,0.36,3,0
2024-12-20,3.0266133,0.0010439541,0,0.18,0.3,0.18,0.29,0,0.36,0.28,2,0
2024-12-21,3.0223152,-0.0014200767,0,0.18,0.3,0.18,0.29,0,0.36,0.28,2,0
2024-12-22,3.0041706,-0.0060035449,0,0.18,0.3,0.18,0.29,0,0.36,0.28,2,0
2024-12-23,3.0016455,-0.00084053839,0,0.18,0.3,0.18,0.29,0,0.36,0.28,2,0
2024-12-24,3.0353182,0.011218074,0,0.18,0.3,0.18,0.29,0,0.36,0.28,2,0
2024-12-25,3.0420893,0.0022307853,0,0.18,0.3,0.18,0.29,0,0.36,0.28,2,0
2024-12-26,3.0110866,-0.010191268,0,0.18,0.3,0.18,0.29,0,0.36,0.28,2,0
2024-12-27,2.9981211,-0.0043059234,0,0.18,0.3,0.18,0.29,0,0.36,0.28,2,0
2024-12-28,3.0071852,0.0030232841,0,0.18,0.3,0.18,0.29,0,0.36,0.28,2,0
2024-12-29,2.9935524,-0.0045334222,0,0.18,0.3,0.18,0.29,0,0.36,0.28,2,0
2024-12-30,2.9852354,-0.0027783145,0,0.18,0.3,0.18,0.29,0,0.36,0.28,2,0
2024-12-31,2.9924669,0.0024224457,0,0.18,0.3,0.18,0.29,0,0.36,0.28,2,0
2025-01-01,2.9998835,0.0024783962,0,0.18,0.3,0.32,0.15,0,0.71,0.38,5,0
2025-01-02,3.0213037,0.0071403667,0,0.18,0.3,0.18,0.29,0,0.36,0.28,2,0
2025-01-03,3.0302147,0.0029493869,0,0.18,0.3,0.26,0.21,0,0.56,0.38,4,0
2025-01-04,3.0307595,0.00017978237,0,0.18,0.3,0.18,0.29,0,0.36,0.28,2,0
2025-01-05,3.0318612,0.0003635005,0,0.18,0.3,0.18,0.29,0,0.36,0.28,2,0
2025-01-06,3.063025,0.010278776,0,0.18,0.3,0.14,0.33,0,0.41,0.33,2,0
2025-01-07,3.0189033,-0.014404624,0,0.18,0.3,0.14,0.33,0,0.32,0.18,2,0
2025-01-08,2.9890767,-0.0098799395,0,0.18,0.3,0.22,0.25,0,0.61,0.28,4,0
2025-01-09,2.9750254,-0.0047008887,0,0.18,0.3,0.08,0.39,0,0.26,0.18,1,0
2025-01-10,2.9854662,0.0035094922,0,0.18,0.3,0.16,0.31,0,0.46,0.28,3,0
2025-01-11,2.9848784,-0.00019690404,0,0.18,0.3,0.08,0.39,0,0.26,0.18,1,0
2025-01-12,2.9847,-5.9748469e-05,0,0.18,0.3,0.08,0.39,0,0.26,0.18,1,0
2025-01-13,2.9736613,-0.0036984257,0,0.18,0.3,0.14,0.33,0,0.41,0.33,2,0
2025-01-14,2.9850502,0.0038299078,0,0.18,0.3,0.14,0.33,0,0.32,0.18,2,0
2025-01-15,3.0067091,0.0072557809,0,0.18,0.3,0.14,0.33,0,0.32,0.18,2,0
2025-01-16,3.0036987,-0.0010012005,0,0.18,0.3,0.14,0.33,0,0.32,0.18,2,0
2025-01-17,3.025809,0.0073610006,0,0.18,0.3,0.14,0.33,0,0.32,0.18,2,0
2025-01-18,3.0284784,0.00088223123,0,0.18,0.3,0.08,0.39,0,0.26,0.18,1,0
2025-01-19,3.0118382,-0.0054945744,0,0.18,0.3,0.08,0.39,0,0.26,0.18,1,0
2025-01-20,3.0169767,0.001706108,0,0.18,0.3,0.08,0.39,0,0.26,0.18,1,0
2025-01-21,3.0377735,0.0068932324,0,0.18,0.3,0.08,0.39,0,0.26,0.18,1,0
2025-01-22,3.0253912,-0.0040760893,0,0.18,0.3,0.08,0.39,0,0.26,0.18,1,0
2025-01-23,3.0266262,0.00040821292,0,0.18,0.3,0.08,0.39,0,0.26,0.18,1,0
2025-01-24,3.0318019,0.0017100548,0,0.18,0.3,0.08,0.39,0,0.26,0.18,1,0
2025-01-25,3.0313115,-0.00016177327,0,0.18,0.3,0.08,0.39,0,0.26,0.18,1,0
2025-01-26,3.0203972,-0.0036005187,0,0.18,0.3,0.08,0.39,0,0.26,0.18,1,0
2025-01-27,3.0176818,-0.00089902793,0,0.18,0.3,0.08,0.39,0,0.26,0.18,1,0
2025-01-28,3.0076319,-0.0033303201,0,0.18,0.3,0.14,0.33,0,0.32,0.18,2,0
2025-01-29,3.0227338,0.0050211792,0,0.18,0.3,0.14,0.33,0,0.32,0.18,2,0
2025-01-30,3.0358646,0.0043440395,0,0.18,0.3,0.14,0.33,0,0.32,0.18,2,0
2025-01-31,3.0270554,-0.0029017195,0,0.18,0.3,0.14,0.33,0,0.32,0.18,2,0
2025-02-01,3.0072934,-0.0065284769,0,0.18,0.3,0.14,0.33,0,0.32,0.18,2,0
2025-02-02,2.9916248,-0.0052101869,0,0.18,0.3,0.08,0.39,0,0.26,0.18,1,0
2025-02-03,3.0348742,0.014456834,0,0.18,0.3,0.14,0.33,0,0.41,0.33,2,0
2025-02-04,3.0058363,-0.0095680753,0,0.18,0.3,0.14,0.33,0,0.32,0.18,2,0
2025-02-05,3.0111985,0.0017839131,0,0.18,0.3,0.22,0.25,0,0.61,0.28,4,0
2025-02-06,3.0109905,-6.9052166e-05,0,0.18,0.3,0.08,0.39,0,0.26,0.18,1,0
2025-02-07,3.0209435,0.0033055542,0,0.18,0.3,0.16,0.31,0,0.46,0.28,3,0
2025-02-08,3.0206868,-8.4985917e-05,0,0.18,0.3,0.08,0.39,0,0.26,0.18,1,0
2025-02-09,3.0209271,7.9539343e-05,0,0.18,0.3,0.08,0.39,0,0.26,0.18,1,0
2025-02-10,3.0281124,0.0023785285,0,0.18,0.3,0.14,0.33,0,0.41,0.33,2,0
2025-02-11,3.0189881,-0.0030131908,0,0.18,0.3,0.08,0.39,0,0.26,0.18,1,0
2025-02-12,3.0447679,0.0085391938,0,0.18,0.3,0.22,0.25,0,0.61,0.28,4,0
2025-02-13,3.0378381,-0.0022759482,0,0.18,0.3,0.08,0.39,0,0.26,0.18,1,0
2025-02-14,3.0394579,0.00053319185,0,0.18,0.3,0.16,0.31,0,0.46,0.28,3,0
2025-02-15,3.0399632,0.00016626261,0,0.18,0.3,0.08,0.39,0,0.26,0.18,1,0
2025-02-16,3.0319405,-0.0026390794,0,0.18,0.3,0.08,0.39,0,0.26,0.18,1,0
2025-02-17,3.0301559,-0.00058860319,0,0.18,0.3,0.08,0.39,0,0.26,0.18,1,0
2025-02-18,3.0297105,-0.00014698664,0,0.18,0.3,0.08,0.39,0,0.26,0.18,1,0
2025-02-19,3.0354119,0.001881812,0,0.18,0.3,0.08,0.39,0,0.26,0.18,1,0
2025-02-20,3.0449316,0.0031362257,0,0.18,0.3,0.08,0.39,0,0.26,0.18,1,0
2025-02-21,3.0332007,-0.0038525999,0,0.18,0.3,0.08,0.39,0,0.26,0.18,1,0
2025-02-22,3.0354408,0.000738526,0,0.18,0.3,0.08,0.39,0,0.26,0.18,1,0
2025-02-23,3.0339037,-0.00050639769,0,0.18,0.3,0.08,0.39,0,0.26,0.18,1,0
2025-02-24,3.0073242,-0.0087608086,0,0.18,0.3,0.08,0.39,0,0.26,0.18,1,0
2025-02-25,2.9904792,-0.0056013358,0,0.18,0.3,0.08,0.39,0,0.26,0.18,1,0
2025-02-26,2.9637324,-0.0089439721,0,0.18,0.3,0.08,0.39,0,0.26,0.18,1,0
2025-02-27,2.966776,0.0010269357,0,0.18,0.3,0.08,0.39,0,0.26,0.18,1,0
2025-02-28,2.9646567,-0.00071433542,0,0.18,0.3,0.08,0.39,0,0.26,0.18,1,0
2025-03-01,2.9755849,0.0036861714,0,0.18,0.3,0.08,0.39,0,0.26,0.18,1,0
2025-03-02,3.0267318,0.017188842,0,0.18,0.3,0.08,0.39,0,0.26,0.18,1,0
2025-03-03,2.9648265,-0.020452834,0,0.18,0.3,0.14,0.33,0,0.41,0.33,2,0
2025-03-04,2.9714923,0.0022482728,0,0.18,0.3,0.08,0.39,0,0.26,0.18,1,0
2025-03-05,3.0010025,0.0099310939,0,0.18,0.3,0.22,0.25,0,0.4,0.22,4,0
2025-03-06,2.9971224,-0.0012929305,0,0.18,0.3,0.08,0.39,0,0.26,0.18,1,0
2025-03-07,2.9833074,-0.0046094149,0,0.18,0.3,0.16,0.31,0,0.34,0.22,3,0
2025-03-08,2.9798381,-0.0011628852,0,0.18,0.3,0.08,0.39,0,0.26,0.18,1,0
2025-03-09,2.9458209,-0.011415816,0,0.18,0.3,0.08,0.39,0,0.26,0.18,1,0
2025-03-10,2.9233648,-0.0076230376,0,0.18,0.3,0.14,0.33,0,0.32,0.24,2,0
2025-03-11,2.9525374,0.0099791275,0,0.18,0.3,0.08,0.39,0,0.26,0.18,1,0
2025-03-12,2.9521245,-0.00013985644,0,0.18,0.3,0.22,0.25,0,0.4,0.22,4,0
2025-03-13,2.935951,-0.0054785919,0,0.18,0.3,0.08,0.39,0,0.26,0.18,1,0
2025-03-14,2.9578288,0.0074516934,0,0.18,0.3,0.16,0.31,0,0.34,0.22,3,0
2025-03-15,2.9601574,0.00078726156,0,0.18,0.3,0.08,0.39,0,0.26,0.18,1,0
2025-03-16,2.9706134,0.0035322479,0,0.18,0.3,0.08,0.39,0,0.26,-0.18,1,0
2025-03-17,2.9614402,-0.003087978,0,0.18,0.3,0.08,0.39,0,0.26,-0.18,1,0
2025-03-18,2.9697694,0.0028125662,0,0.18,0.3,0.08,0.39,0,0.26,-0.18,1,0
2025-03-19,2.943197,-0.0089476395,0,0.18,0.3,0.08,0.39,0,0.26,-0.18,1,0
2025-03-20,2.9587963,0.0053001093,0,0.18,0.3,0.14,0.33,0,0.32,-0.18,2,0
2025-03-21,2.9591088,0.0001056236,0,0.18,0.3,0.14,0.33,0,0.32,-0.18,2,0
2025-03-22,2.9601345,0.0003466164,0,0.18,0.3,0.14,0.33,0,0.32,-0.18,2,0
2025-03-23,2.945854,-0.0048242704,0,0.18,0.3,0.14,0.33,0,0.32,-0.18,2,0
2025-03-24,2.9372403,-0.0029239897,0,0.18,0.3,0.08,0.39,0,0.26,-0.18,1,0
2025-03-25,2.9379664,0.00024717944,0,0.18,0.3,0.08,0.39,0,0.26,-0.18,1,0
2025-03-26,2.9409795,0.0010256061,0,0.18,0.3,0.08,0.39,0,0.26,-0.18,1,0
2025-03-27,2.9391213,-0.00063185579,0,0.18,0.3,0.08,0.39,0,0.26,-0.18,1,0
2025-03-28,2.9562673,0.0058337125,0,0.18,0.3,0.08,0.39,0,0.26,-0.18,1,0
2025-03-29,2.9675957,0.0038320059,0,0.18,0.3,0.08,0.39,0,0.26,-0.18,1,0
2025-03-30,2.969377,0.00060025676,0,0.18,0.3,0.08,0.39,0,0.26,-0.18,1,0
2025-03-31,2.9684615,-0.00030831761,0,0.18,0.3,0.08,0.39,0,0.26,-0.18,1,0
2025-04-01,2.9517009,-0.0056462391,0,0.18,0.3,0.08,0.39,0,0.26,-0.18,1,0
2025-04-02,2.968398,0.0056567712,0,0.18,0.3,0.22,0.25,0,0.4,-0.14,4,0
2025-04-03,2.9640249,-0.0014732069,0,0.18,0.3,0.08,0.39,0,0.26,-0.18,1,0
2025-04-04,2.962299,-0.00058226733,0,0.18,0.3,0.16,0.31,0,0.46,-0.08,3,0
2025-04-05,2.9646719,0.00080101837,0,0.18,0.3,0.08,0.39,0,0.26,-0.18,1,0
2025-04-06,2.997411,0.01104309,0,0.18,0.3,0.08,0.39,0,0.26,-0.18,1,0
2025-04-07,3.0042877,0.0022942117,0,0.18,0.3,0.14,0.33,0,0.41,-0.03,2,0
2025-04-08,3.0238183,0.0065009103,0,0.18,0.3,0.08,0.39,0,0.26,-0.18,1,0
2025-04-09,3.0565988,0.010840751,0,0.18,0.3,0.22,0.25,0,0.61,-0.08,4,0
2025-04-10,3.0767666,0.0065981337,0,0.18,0.3,0.08,0.39,0,0.26,-0.18,1,0
2025-04-11,3.0625206,-0.0046301887,0,0.18,0.3,0.16,0.31,0,0.46,-0.08,3,0
2025-04-12,3.0504125,-0.0039536448,0,0.18,0.3,0.08,0.39,0,0.26,-0.18,1,0
2025-04-13,3.0603361,0.0032532075,0,0.18,0.3,0.08,0.39,0,0.26,-0.18,1,0
2025-04-14,3.0558669,-0.0014603826,0,0.18,0.3,0.14,0.33,0,0.41,-0.03,2,0
2025-04-15,3.0621447,0.0020543591,0,0.18,0.3,0.08,0.39,0,0.26,-0.18,1,0
2025-04-16,3.059727,-0.00078956755,0,0.18,0.3,0.08,0.39,0,0.26,-0.18,1,0
2025-04-17,3.0538396,-0.0019241418,0,0.18,0.3,0.08,0.39,0,0.26,-0.18,1,0
2025-04-18,3.0570311,0.0010450873,0,0.18,0.3,0.08,0.39,0,0.26,-0.18,1,0
2025-04-19,3.0532253,-0.0012449554,0,0.18,0.3,0.08,0.39,0,0.26,-0.18,1,0
2025-04-20,3.0526564,-0.00018632159,0,0.18,0.3,0.08,0.39,0,0.26,-0.18,1,0
2025-04-21,3.0377109,-0.004895879,0,0.18,0.3,0.08,0.39,0,0.26,-0.18,1,0
2025-04-22,3.0075094,-0.0099421915,0,0.18,0.3,0.16,0.31,0,0.34,-0.1,2,0
2025-04-23,3.0155169,0.0026624868,0,0.18,0.3,0.22,0.25,0,0.4,-0.1,3,0
2025-04-24,3.0222736,0.0022406483,0,0.18,0.3,0.22,0.25,0,0.4,-0.1,3,0
2025-04-25,3.0202172,-0.00068041069,0,0.18,0.3,0.22,0.25,0,0.4,-0.1,3,0
2025-04-26,3.0193256,-0.00029521316,0,0.18,0.3,0.14,0.33,0,0.32,-0.18,2,0
2025-04-27,3.0133152,-0.0019906384,0,0.18,0.3,0.08,0.39,0,0.26,0.18,1,0
2025-04-28,3.024771,0.0038017198,0,0.18,0.3,0.1,0.37,0,0.28,0.28,1,0
2025-04-29,3.018146,-0.0021902385,0,0.18,0.3,0.1,0.37,0,0.28,0.28,1,0
2025-04-30,3.0174848,-0.0002190902,0,0.18,0.3,0.1,0.37,0,0.28,0.28,1,0
2025-05-01,3.0383799,0.0069246789,0,0.18,0.3,0.1,0.37,0,0.28,0.28,1,0
2025-05-02,3.0377483,-0.00020786591,0,0.18,0.3,0.18,0.29,0,0.48,0.38,3,0
2025-05-03,3.0287995,-0.0029458633,0,0.18,0.3,0.1,0.37,0,0.28,0.28,1,0
2025-05-04,3.0149311,-0.004578854,0,0.18,0.3,0.1,0.37,0,0.28,0.28,1,0
2025-05-05,3.0173243,0.00079378465,0,0.18,0.3,0.16,0.31,0,0.43,0.43,2,0
2025-05-06,3.0361547,0.0062407555,0,0.18,0.3,0.1,0.37,0,0.28,0.28,1,0
2025-05-07,3.0412228,0.0016692521,0,0.18,0.3,0.24,0.23,0,0.63,0.38,4,0
2025-05-08,3.0960071,0.018013903,0,0.18,0.3,0.1,0.37,0,0.28,0.28,1,0
2025-05-09,3.1308025,0.011238786,0,0.18,0.3,0.24,0.23,0,0.54,0.38,4,0
2025-05-10,3.1654383,0.011062931,0,0.18,0.3,0.24,0.23,0,0.42,0.28,3,0
2025-05-11,3.1547075,-0.0033899822,0,0.18,0.3,0.24,0.23,0,0.42,0.28,3,0
2025-05-12,3.1351506,-0.0061992779,0,0.18,0.3,0.3,0.17,0,0.57,0.43,4,0
2025-05-13,3.1604101,0.0080568781,0,0.18,0.3,0.24,0.23,0,0.42,0.28,3,0
2025-05-14,3.1300949,-0.0095921836,0,0.18,0.3,0.38,0.09,0,0.77,0.38,6,0
2025-05-15,3.1279956,-0.00067069848,0,0.18,0.3,0.24,0.23,0,0.42,0.28,3,0
2025-05-16,3.1247579,-0.0010350718,0,0.18,0.3,0.24,0.23,0,0.42,0.28,3,0
2025-05-17,3.117441,-0.0023415778,0,0.18,0.3,0.24,0.23,0,0.42,0.28,3,0
2025-05-18,3.147481,0.0096360987,0,0.18,0.3,0.24,0.23,0,0.42,0.28,3,0
2025-05-19,3.142626,-0.0015425005,0,0.18,0.3,0.24,0.23,0,0.42,0.28,3,0
2025-05-20,3.1531141,0.0033373706,0,0.18,0.3,0.24,0.23,0,0.42,0.28,3,0
2025-05-21,3.1783655,0.0080084057,0,0.18,0.3,0.24,0.23,0,0.42,0.28,3,0
2025-05-22,3.2037129,0.0079749845,0,0.18,0.3,0.24,0.23,0,0.42,0.28,3,0
2025-05-23,3.158746,-0.014035866,0,0.18,0.3,0.24,0.23,0,0.42,0.28,3,0
2025-05-24,3.1628387,0.0012956613,0,0.18,0.3,0.24,0.23,0,0.42,0.28,3,0
2025-05-25,3.1747602,0.0037692418,0,0.18,0.3,0.24,0.23,0,0.42,0.28,3,0
2025-05-26,3.1793768,0.0014541597,0,0.18,0.3,0.24,0.23,0,0.42,0.28,3,0
2025-05-27,3.1827116,0.0010488685,0,0.18,0.3,0.24,0.23,0,0.42,0.28,3,0
2025-05-28,3.1757375,-0.002191241,0,0.18,0.3,0.3,0.17,0,0.48,0.28,4,0
2025-05-29,3.1550866,-0.0065027047,0,0.18,0.3,0.3,0.17,0,0.48,0.28,4,0
2025-05-30,3.1429417,-0.0038492944,0,0.18,0.3,0.24,0.23,0,0.42,0.28,3,0
2025-05-31,3.1485127,0.0017725405,0,0.18,0.3,0.24,0.23,0,0.42,0.28,3,0
2025-06-01,3.1574901,0.0028513093,0,0.18,0.3,0.18,0.29,0,0.36,0.28,2,0
2025-06-02,3.1567468,-0.00023542567,0,0.18,0.3,0.24,0.23,0,0.51,0.43,3,0
2025-06-03,3.1528727,-0.0012272367,0,0.18,0.3,0.18,0.29,0,0.36,0.28,2,0
2025-06-04,3.1412137,-0.0036979019,0,0.18,0.3,0.32,0.15,0,0.71,0.38,5,0
2025-06-05,3.1241194,-0.0054419186,0,0.18,0.3,0.08,0.39,0,0.26,0.18,1,0
2025-06-06,3.1495859,0.0081515593,0,0.18,0.3,0.16,0.31,0,0.46,0.28,3,0
2025-06-07,3.1565446,0.0022094146,0,0.18,0.3,0.08,0.39,0,0.26,0.18,1,0
2025-06-08,3.1576445,0.00034844402,0,0.18,0.3,0.08,0.39,0,0.26,0.18,1,0
2025-06-09,3.1946935,0.0117331,0,0.18,0.3,0.14,0.33,0,0.41,0.33,2,0
2025-06-10,3.204243,0.0029891785,0,0.18,0.3,0.2,0.27,0,0.38,0.18,3,0
2025-06-11,3.2018774,-0.00073826781,0,0.18,0.3,0.28,0.19,0,0.67,0.28,5,0
2025-06-12,3.1865461,-0.0047882147,0,0.18,0.3,0.14,0.33,0,0.32,0.18,2,0
2025-06-13,3.1930262,0.0020335748,0,0.18,0.3,0.22,0.25,0,0.52,0.28,4,0
2025-06-14,3.1896162,-0.0010679524,0,0.18,0.3,0.08,0.39,0,0.26,0.18,1,0
2025-06-15,3.1907112,0.00034329225,0,0.18,0.3,0.08,0.39,0,0.26,0.18,1,0
2025-06-16,3.1973682,0.0020863729,0,0.18,0.3,0.08,0.39,0,0.26,0.18,1,0
2025-06-17,3.1854087,-0.0037403936,0,0.18,0.3,0.08,0.39,0,0.26,0.18,1,0
2025-06-18,3.187376,0.00061758599,0,0.18,0.3,0.08,0.39,0,0.26,0.18,1,0
2025-06-19,3.1862424,-0.00035564281,0,0.18,0.3,0.08,0.39,0,0.26,0.18,1,0
2025-06-20,3.1789264,-0.0022961276,0,0.18,0.3,0.08,0.39,0,0.26,0.18,1,0
2025-06-21,3.1728356,-0.0019160009,0,0.18,0.3,0.22,0.25,0,0.4,0.1,3,0
2025-06-22,3.1686464,-0.0013203244,0,0.18,0.3,0.22,0.25,0,0.4,0.1,3,0
2025-06-23,3.1955664,0.0084957306,0,0.18,0.3,0.22,0.25,0,0.4,0.1,3,0
2025-06-24,3.2016161,0.0018931701,0,0.18,0.3,0.22,0.25,0,0.4,0.1,3,0
2025-06-25,3.2085545,0.0021671471,0,0.18,0.3,0.08,0.39,0,0.26,0.18,1,0
2025-06-26,3.2057756,-0.00086608314,0,0.18,0.3,0.14,0.33,0,0.32,0.18,2,0
2025-06-27,3.2064397,0.00020714271,0,0.18,0.3,0.08,0.39,0,0.26,0.18,1,0
2025-06-28,3.2079126,0.0004593661,0,0.18,0.3,0.08,0.39,0,0.26,0.18,1,0
2025-06-29,3.2137659,0.0018246448,0,0.18,0.3,0.08,0.39,0,0.26,0.18,1,0
2025-06-30,3.2074326,-0.0019706885,0,0.18,0.3,0.08,0.39,0,0.26,0.18,1,0
2025-07-01,3.1996589,-0.0024236476,0,0.18,0.3,0.08,0.39,0,0.26,0.18,1,0
2025-07-02,3.2629478,0.019779887,0,0.18,0.3,0.22,0.25,0,0.61,0.28,4,0
2025-07-03,3.2670571,0.0012593817,0,0.18,0.3,0.08,0.39,0,0.26,0.18,1,0
2025-07-04,3.2472422,-0.0060650681,0,0.18,0.3,0.16,0.31,0,0.46,0.28,3,0
2025-07-05,3.2485277,0.0003958962,0,0.18,0.3,0.08,0.39,0,0.26,0.18,1,0
2025-07-06,3.2540818,0.0017097146,0,0.18,0.3,0.08,0.39,0,0.26,0.18,1,0
2025-07-07,3.243349,-0.0032982591,0,0.18,0.3,0.14,0.33,0,0.41,0.33,2,0
2025-07-08,3.2470388,0.0011376612,0,0.18,0.3,0.08,0.39,0,0.26,0.18,1,0
2025-07-09,3.3081262,0.018813241,0,0.18,0.3,0.28,0.19,0,0.67,0.28,5,0
2025-07-10,3.3522427,0.013335827,0,0.18,0.3,0.2,0.27,0,0.38,0.18,3,0
2025-07-11,3.3777581,0.0076114279,0,0.18,0.3,0.28,0.19,0,0.58,0.28,5,0
2025-07-12,3.3875043,0.0028854157,0,0.18,0.3,0.2,0.27,0,0.38,0.18,3,0
2025-07-13,3.4040768,0.0048922287,0,0.18,0.3,0.2,0.27,0,0.38,0.18,3,0
2025-07-14,3.3995424,-0.0013320531,0,0.18,0.3,0.2,0.27,0,0.47,0.33,3,0
2025-07-15,3.3975104,-0.00059773194,0,0.18,0.3,0.14,0.33,0,0.32,0.18,2,0
2025-07-16,3.4174005,0.0058543173,0,0.18,0.3,0.14,0.33,0,0.32,0.18,2,0
2025-07-17,3.4284257,0.003226194,0,0.18,0.3,0.24,0.23,0,0.42,0.28,3,0
2025-07-18,3.4226746,-0.0016774623,0,0.18,0.3,0.24,0.23,0,0.42,0.28,3,0
2025-07-19,3.4247904,0.00061817942,0,0.18,0.3,0.24,0.23,0,0.42,0.28,3,0
2025-07-20,3.4297279,0.0014416744,0,0.18,0.3,0.24,0.23,0,0.42,0.28,3,0
2025-07-21,3.4311756,0.00042212053,0,0.18,0.3,0.24,0.23,0,0.42,0.28,3,0
2025-07-22,3.4515568,0.0059399842,0,0.18,0.3,0.24,0.23,0,0.42,0.28,3,0
2025-07-23,3.435579,-0.0046291513,0,0.18,0.3,0.24,0.23,0,0.42,0.28,3,0
2025-07-24,3.4368811,0.00037901244,0,0.18,0.3,0.24,0.23,0,0.42,0.28,3,0
2025-07-25,3.4321698,-0.0013708111,0,0.18,0.3,0.24,0.23,0,0.42,0.28,3,0
2025-07-26,3.4352133,0.0008867649,0,0.18,0.3,0.32,0.15,0,0.5,0.2,4,0
2025-07-27,3.454227,0.0055349236,0,0.18,0.3,0.32,0.15,0,0.5,0.2,4,0
2025-07-28,3.438949,-0.0044229662,0,0.18,0.3,0.32,0.15,0,0.5,0.2,4,0
2025-07-29,3.4378956,-0.00030631205,0,0.18,0.3,0.32,0.15,0,0.5,0.2,4,0
2025-07-30,3.4380711,5.1025142e-05,0,0.18,0.3,0.24,0.23,0,0.42,0.28,3,0
2025-07-31,3.4152508,-0.0066375063,0,0.18,0.3,0.24,0.23,0,0.42,0.28,3,0
2025-08-01,3.3684967,-0.013689818,0,0.18,0.3,0.32,0.15,0,0.62,0.38,5,0
2025-08-02,3.362378,-0.0018164354,0,0.18,0.3,0.18,0.29,0,0.36,0.28,2,0
2025-08-03,3.3764427,0.004182962,0,0.18,0.3,0.18,0.29,0,0.36,0.28,2,0
2025-08-04,3.3990761,0.0067033119,0,0.18,0.3,0.3,0.17,0,0.57,0.43,4,0
2025-08-05,3.3856159,-0.0039599577,0,0.18,0.3,0.24,0.23,0,0.42,0.28,3,0
2025-08-06,3.4148444,0.0086331509,0,0.18,0.3,0.38,0.09,0,0.77,0.38,6,0
2025-08-07,3.44089,0.0076271844,0,0.18,0.3,0.14,0.33,0,0.32,0.18,2,0
2025-08-08,3.4468608,0.0017352456,0,0.18,0.3,0.22,0.25,0,0.52,0.28,4,0
2025-08-09,3.4588607,0.0034813911,0,0.18,0.3,0.14,0.33,0,0.32,0.18,2,0
2025-08-10,3.4737058,0.0042918969,0,0.18,0.3,0.14,0.33,0,0.32,0.18,2,0
2025-08-11,3.4576684,-0.0046168012,0,0.18,0.3,0.2,0.27,0,0.47,0.33,3,0
2025-08-12,3.4834922,0.0074685627,0,0.18,0.3,0.14,0.33,0,0.32,0.18,2,0
2025-08-13,3.540035,0.01623166,0,0.18,0.3,0.34,0.13,0,0.73,0.28,6,0
2025-08-14,3.5027732,-0.010525846,0,0.18,0.3,0.2,0.27,0,0.38,0.18,3,0
2025-08-15,3.4900836,-0.0036227306,0,0.18,0.3,0.2,0.27,0,0.38,0.18,3,0
2025-08-16,3.4877536,-0.00066761253,0,0.18,0.3,0.14,0.33,0,0.32,0.18,2,0
2025-08-17,3.4880396,8.2015165e-05,0,0.18,0.3,0.08,0.39,0,0.26,0.18,1,0
2025-08-18,3.4818757,-0.0017671498,0,0.18,0.3,0.08,0.39,0,0.26,0.18,1,0
2025-08-19,3.4639498,-0.0051483566,0,0.18,0.3,0.08,0.39,0,0.26,0.18,1,0
2025-08-20,3.4718179,0.002271439,0,0.18,0.3,0.08,0.39,0,0.26,0.18,1,0
2025-08-21,3.4622908,-0.0027441284,0,0.18,0.3,0.08,0.39,0,0.26,0.18,1,0
2025-08-22,3.4870427,0.0071489911,0,0.18,0.3,0.08,0.39,0,0.26,0.18,1,0
2025-08-23,3.4791999,-0.002249139,0,0.18,0.3,0.08,0.39,0,0.26,0.18,1,0
2025-08-24,3.468849,-0.0029750768,0,0.18,0.3,0.08,0.39,0,0.26,0.18,1,0
2025-08-25,3.4504375,-0.0053076567,0,0.18,0.3,0.08,0.39,0,0.26,0.18,1,0
2025-08-26,3.4599155,0.0027468955,0,0.18,0.3,0.08,0.39,0,0.26,0.18,1,0
2025-08-27,3.4572662,-0.00076570511,0,0.18,0.3,0.08,0.39,0,0.26,0.18,1,0
2025-08-28,3.4647406,0.0021619331,0,0.18,0.3,0.08,0.39,0,0.26,0.18,1,0
2025-08-29,3.4416733,-0.0066577307,0,0.18,0.3,0.08,0.39,0,0.26,0.18,1,0
2025-08-30,3.4443603,0.00078071445,0,0.18,0.3,0.08,0.39,0,0.26,0.18,1,0
2025-08-31,3.4412633,-0.00089914979,0,0.18,0.3,0.08,0.39,0,0.26,0.18,1,0
2025-09-01,3.4514072,0.0029477208,0,0.18,0.3,0.14,0.33,0,0.41,0.33,2,0
2025-09-02,3.4629708,0.0033504041,0,0.18,0.3,0.08,0.39,0,0.26,0.18,1,0
2025-09-03,3.4963592,0.0096415582,0,0.18,0.3,0.22,0.25,0,0.61,0.28,4,0
2025-09-04,3.4910215,-0.0015266507,0,0.18,0.3,0.08,0.39,0,0.26,0.18,1,0
2025-09-05,3.5045018,0.003861415,0,0.18,0.3,0.16,0.31,0,0.46,0.28,3,0
2025-09-06,3.5019601,-0.00072525938,0,0.18,0.3,0.08,0.39,0,0.26,0.18,1,0
2025-09-07,3.5075414,0.0015937811,0,0.18,0.3,0.08,0.39,0,0.26,0.18,1,0
2025-09-08,3.5178305,0.0029334073,0,0.18,0.3,0.14,0.33,0,0.41,0.33,2,0
2025-09-09,3.5150815,-0.00078144873,0,0.18,0.3,0.08,0.39,0,0.26,0.18,1,0
2025-09-10,3.5460148,0.0088001676,0,0.18,0.3,0.22,0.25,0,0.61,0.28,4,0
2025-09-11,3.554698,0.0024487296,0,0.18,0.3,0.08,0.39,0,0.26,0.18,1,0
2025-09-12,3.5594288,0.0013308507,0,0.18,0.3,0.16,0.31,0,0.46,0.28,3,0
2025-09-13,3.5589431,-0.00013645547,0,0.18,0.3,0.08,0.39,0,0.26,0.18,1,0
2025-09-14,3.5555122,-0.00096402814,0,0.18,0.3,0.08,0.39,0,0.26,0.18,1,0
2025-09-15,3.5561471,0.00017858164,0,0.18,0.3,0.08,0.39,0,0.26,0.18,1,0
2025-09-16,3.564292,0.0022903541,0,0.18,0.3,0.08,0.39,0,0.26,0.18,1,0
2025-09-17,3.5625958,-0.00047588412,0,0.18,0.3,0.08,0.39,0,0.26,0.18,1,0
2025-09-18,3.5662114,0.0010148912,0,0.18,0.3,0.08,0.39,0,0.26,0.18,1,0
2025-09-19,3.5584472,-0.002177171,0,0.18,0.3,0.08,0.39,0,0.26,0.18,1,0
2025-09-20,3.5588669,0.00011794792,0,0.18,0.3,0.08,0.39,0,0.26,0.18,1,0
2025-09-21,3.5564764,-0.00067170712,0,0.18,0.3,0.08,0.39,0,0.26,0.18,1,0
2025-09-22,3.5422907,-0.0039886775,0,0.18,0.3,0.08,0.39,0,0.26,0.18,1,0
2025-09-23,3.538777,-0.00099193024,0,0.18,0.3,0.08,0.39,0,0.26,0.18,1,0
2025-09-24,3.5463816,0.0021489211,0,0.18,0.3,0.08,0.39,0,0.26,0.18,1,0
2025-09-25,3.5222338,-0.0068091397,0,0.18,0.3,0.08,0.39,0,0.26,0.18,1,0
2025-09-26,3.5261674,0.0011167997,0,0.18,0.3,0.08,0.39,0,0.26,0.18,1,0
2025-09-27,3.526271,2.9372291e-05,0,0.18,0.3,0.08,0.39,0,0.26,0.18,1,0
2025-09-28,3.5410614,0.0041943489,0,0.18,0.3,0.08,0.39,0,0.26,0.18,1,0
2025-09-29,3.5533946,0.003482908,0,0.18,0.3,0.08,0.39,0,0.26,0.18,1,0
2025-09-30,3.5520704,-0.00037263642,0,0.18,0.3,0.08,0.39,0,0.26,0.18,1,0
2025-10-01,3.6207092,0.019323587,0,0.18,0.3,0.22,0.25,0,0.61,0.28,4,0
2025-10-02,3.6380226,0.004781781,0,0.18,0.3,0.14,0.33,0,0.32,0.18,2,0
2025-10-03,3.6464321,0.0023115395,0,0.18,0.3,0.3,0.17,0,0.6,0.36,5,0
2025-10-04,3.6490256,0.00071125285,0,0.18,0.3,0.16,0.31,0,0.34,0.26,2,0
2025-10-05,3.6566229,0.0020820152,0,0.18,0.3,0.16,0.31,0,0.34,0.26,2,0
2025-10-06,3.6742607,0.0048235216,0,0.17647059,0.3,0.31529412,0.15,0,0.58,0.5,4,5.2941176e-06
2025-10-07,3.6477509,-0.0072149932,0,0.18,0.3,0.26,0.21,0,0.44,0.36,3,5.2941176e-06
2025-10-08,3.67411,0.0072261201,0,0.18,0.3,0.4,0.07,0,0.79,0.46,6,0
2025-10-09,3.660558,-0.0036885285,0,0.18,0.3,0.26,0.21,0,0.44,0.36,3,0
2025-10-10,3.5821659,-0.021415337,0,0.18,0.3,0.26,0.21,0,0.56,0.38,4,0
2025-10-11,3.5701634,-0.003350614,0,0.18,0.3,0.08,0.39,0,0.26,0.18,1,0
2025-10-12,3.5953074,0.0070428025,0,0.18,0.3,0.08,0.39,0,0.26,0.18,1,0
2025-10-13,3.5977897,0.00069043063,0,0.18,0.3,0.14,0.33,0,0.41,0.33,2,0
2025-10-14,3.585576,-0.0033947773,0,0.18,0.3,0.08,0.39,0,0.26,0.18,1,0
2025-10-15,3.5727613,-0.0035739667,0,0.18,0.3,0,0.47,0,0.18,0.18,0,0
2025-10-16,3.557963,-0.0041419726,0,0.18,0.3,0,0.47,0,0.18,0.18,0,0
2025-10-17,3.5476466,-0.0028995149,0,0.18,0.3,0,0.47,0,0.18,0.18,0,0
2025-10-18,3.5522831,0.0013069278,0,0.18,0.3,0,0.47,0,0.18,0.18,0,0
2025-10-19,3.5610962,0.0024809672,0,0.18,0.3,0,0.47,0,0.18,0.18,0,0
2025-10-20,3.5723603,0.0031630967,0,0.18,0.3,0,0.47,0,0.18,0.18,0,0
2025-10-21,3.559479,-0.0036058458,0,0.18,0.3,0,0.47,0,0.18,0.18,0,0
2025-10-22,3.5552758,-0.0011808281,0,0.18,0.3,0,0.47,0,0.18,0.18,0,0
2025-10-23,3.5703298,0.0042342707,0,0.18,0.3,0,0.47,0,0.18,0.18,0,0
2025-10-24,3.5758575,0.0015482343,0,0.18,0.3,0,0.47,0,0.18,0.18,0,0
2025-10-25,3.5794426,0.0010025658,0,0.18,0.3,0.08,0.39,0,0.26,0.18,1,0
2025-10-26,3.5963984,0.0047369998,0,0.18,0.3,0.08,0.39,0,0.26,0.18,1,0
2025-10-27,3.5940424,-0.00065508653,0,0.18,0.3,0.08,0.39,0,0.26,0.18,1,0
2025-10-28,3.5873536,-0.0018610996,0,0.18,0.3,0.08,0.39,0,0.26,0.18,1,0
2025-10-29,3.5710401,-0.0045474852,0,0.18,0.3,0.08,0.39,0,0.26,0.18,1,0
2025-10-30,3.5612579,-0.0027393155,0,0.18,0.3,0.08,0.39,0,0.26,0.18,1,0
2025-10-31,3.5690376,0.0021845461,0,0.18,0.3,0.08,0.39,0,0.26,0.18,1,0
2025-11-01,3.5721125,0.00086153583,0,0.18,0.3,0.08,0.39,0,0.26,0.18,1,0
2025-11-02,3.5748775,0.00077404123,0,0.18,0.3,0.08,0.39,0,0.26,0.18,1,0
2025-11-03,3.5505791,-0.0067969874,0,0.18,0.3,0.14,0.33,0,0.41,0.33,2,0
2025-11-04,3.5247765,-0.0072671569,0,0.18,0.3,0.14,0.33,0,0.32,0.18,2,0
2025-11-05,3.5818154,0.016182284,0,0.18,0.3,0.28,0.19,0,0.67,0.28,5,0
2025-11-06,3.5677257,-0.003933658,0,0.18,0.3,0.14,0.33,0,0.32,0.18,2,0
2025-11-07,3.5598159,-0.0022170467,0,0.18,0.3,0.22,0.25,0,0.52,0.28,4,0
2025-11-08,3.5536117,-0.0017428432,0,0.18,0.3,0.08,0.39,0,0.26,0.18,1,0
2025-11-09,3.5377346,-0.0044678954,0,0.18,0.3,0.08,0.39,0,0.26,-0.18,1,0
2025-11-10,3.5285472,-0.0025969749,0,0.18,0.3,0.14,0.33,0,0.41,-0.03,2,0
2025-11-11,3.5463667,0.0050501111,0,0.18,0.3,0.08,0.39,0,0.26,-0.18,1,0
2025-11-12,3.5659832,0.0055314241,0,0.18,0.3,0.22,0.25,0,0.61,-0.08,4,0
2025-11-13,3.5785423,0.0035219232,0,0.18,0.3,0.08,0.39,0,0.26,-0.18,1,0
2025-11-14,3.5847683,0.0017398102,0,0.18,0.3,0.16,0.31,0,0.46,-0.08,3,0
2025-11-15,3.5778651,-0.0019256995,0,0.18,0.3,0.14,0.33,0,0.32,-0.18,2,0
2025-11-16,3.5867921,0.0024950526,0,0.18,0.3,0.14,0.33,0,0.32,-0.18,2,0
2025-11-17,3.6007479,0.0038908876,0,0.18,0.3,0.14,0.33,0,0.32,-0.18,2,0
2025-11-18,3.5966705,-0.0011323522,0,0.18,0.3,0.16,0.31,0,0.34,-0.26,2,0
2025-11-19,3.6105308,0.0038536365,0,0.18,0.3,0.16,0.31,0,0.34,-0.26,2,0
2025-11-20,3.6495436,0.010805283,0,0.18,0.3,0.16,0.31,0,0.34,-0.26,2,0
2025-11-21,3.6651772,0.0042837113,0,0.18,0.3,0.22,0.25,0,0.4,-0.26,3,0
2025-11-22,3.6694605,0.0011686538,0,0.18,0.3,0.14,0.33,0,0.32,-0.18,2,0
2025-11-23,3.6544032,-0.0041034196,0,0.18,0.3,0.14,0.33,0,0.32,-0.18,2,0
2025-11-24,3.6434243,-0.0030042781,0,0.18,0.3,0.14,0.33,0,0.32,-0.18,2,0
2025-11-25,3.6504333,0.0019237378,0,0.18,0.3,0.08,0.39,0,0.26,-0.18,1,0
2025-11-26,3.6271599,-0.0063755187,0,0.18,0.3,0.08,0.39,0,0.26,-0.18,1,0
2025-11-27,3.6211594,-0.0016543439,0,0.18,0.3,0.08,0.39,0,0.26,-0.18,1,0
2025-11-28,3.6244593,0.00091128921,0,0.18,0.3,0.08,0.39,0,0.26,-0.18,1,0
2025-11-29,3.625219,0.00020961167,0,0.18,0.3,0.08,0.39,0,0.26,-0.18,1,0
2025-11-30,3.6285569,0.00092075124,0,0.18,0.3,0.08,0.39,0,0.26,-0.18,1,0
2025-12-01,3.6504913,0.0060449265,0,0.18,0.3,0.14,0.33,0,0.41,-0.03,2,0
2025-12-02,3.6126135,-0.010376085,0,0.18,0.3,0.08,0.39,0,0.26,-0.18,1,0
2025-12-03,3.6084577,-0.001150358,0,0.18,0.3,0.3,0.17,0,0.48,-0.06,5,0
2025-12-04,3.6173966,0.0024772071,0,0.18,0.3,0.22,0.25,0,0.4,-0.1,3,0
2025-12-05,3.6292672,0.0032815424,0,0.18,0.3,0.3,0.17,0,0.48,-0.06,5,0
2025-12-06,3.6286005,-0.00018370501,0,0.18,0.3,0.22,0.25,0,0.4,-0.1,3,0
2025-12-07,3.6195212,-0.0025021415,0,0.18,0.3,0.14,0.33,0,0.32,-0.18,2,0
2025-12-08,3.6150603,-0.0012324606,0,0.18,0.3,0.14,0.33,0,0.32,-0.12,2,0
2025-12-09,3.6005376,-0.0040172862,0,0.18,0.3,0.08,0.39,0,0.26,-0.18,1,0
2025-12-10,3.6072602,0.0018671043,0,0.18,0.3,0.22,0.25,0,0.4,-0.14,4,0
2025-12-11,3.6038851,-0.00093563752,0,0.18,0.3,0.08,0.39,0,0.26,-0.18,1,0
2025-12-12,3.6192529,0.0042642419,0,0.18,0.3,0.16,0.31,0,0.34,-0.14,3,0
2025-12-13,3.6196122,9.9273354e-05,0,0.18,0.3,0.08,0.39,0,0.26,-0.18,1,0
2025-12-14,3.6347092,0.0041708939,0,0.18,0.3,0.08,0.39,0,0.26,-0.18,1,0
2025-12-15,3.6477473,0.0035871041,0,0.18,0.3,0.08,0.39,0,0.26,-0.18,1,0
2025-12-16,3.6370315,-0.00293765,0,0.18,0.3,0.08,0.39,0,0.26,-0.18,1,0
2025-12-17,3.6492846,0.0033689737,0,0.18,0.3,0.08,0.39,0,0.26,-0.18,1,0
2025-12-18,3.6549803,0.0015607912,0,0.18,0.3,0.08,0.39,0,0.26,-0.18,1,0
2025-12-19,3.6350147,-0.0054625771,0,0.18,0.3,0.08,0.39,0,0.26,-0.18,1,0
2025-12-20,3.6335252,-0.00040978753,0,0.18,0.3,0.08,0.39,0,0.26,-0.18,1,0
2025-12-21,3.6315046,-0.00055607204,0,0.18,0.3,0.08,0.39,0,0.26,-0.18,1,0
2025-12-22,3.63195,0.00012262208,0,0.18,0.3,0.08,0.39,0,0.26,-0.18,1,0
2025-12-23,3.6404687,0.0023455055,0,0.18,0.3,0.08,0.39,0,0.26,-0.18,1,0
2025-12-24,3.6392853,-0.00032506094,0,0.18,0.3,0.08,0.39,0,0.26,-0.18,1,0
2025-12-25,3.6427886,0.00096263472,0,0.18,0.3,0.08,0.39,0,0.26,-0.18,1,0
2025-12-26,3.6418814,-0.00024903933,0,0.18,0.3,0.08,0.39,0,0.26,-0.18,1,0
2025-12-27,3.6382242,-0.0010042213,0,0.18,0.3,0.08,0.39,0,0.26,-0.18,1,0
2025-12-28,3.6378303,-0.00010827451,0,0.18,0.3,0.08,0.39,0,0.26,-0.18,1,0
2025-12-29,3.6433496,0.0015172109,0,0.18,0.3,0.08,0.39,0,0.26,-0.18,1,0
2025-12-30,3.6341518,-0.00252455,0,0.18,0.3,0.08,0.39,0,0.26,-0.18,1,0
2025-12-31,3.6404846,0.001742578,0,0.18,0.3,0.08,0.39,0,0.26,-0.18,1,0
2026-01-01,3.6317645,-0.0023952987,0,0.18,0.3,0.08,0.39,0,0.26,-0.18,1,0
2026-01-02,3.6272894,-0.0012322293,0,0.18,0.3,0.16,0.31,0,0.46,-0.08,3,0
2026-01-03,3.6228493,-0.0012240694,0,0.18,0.3,0.08,0.39,0,0.26,-0.18,1,0
2026-01-04,3.6165373,-0.0017422767,0,0.18,0.3,0.08,0.39,0,0.26,-0.18,1,0
2026-01-05,3.6115723,-0.0013728574,0,0.18,0.3,0.22,0.25,0,0.49,0.05,3,0
2026-01-06,3.6132905,0.00047575453,0,0.18,0.3,0.16,0.31,0,0.34,-0.1,2,0
2026-01-07,3.6068197,-0.0017908348,0,0.18,0.3,0.3,0.17,0,0.69,0,5,0
2026-01-08,3.6089642,0.00059455154,0,0.18,0.3,0.16,0.31,0,0.34,-0.1,2,0
2026-01-09,3.606427,-0.00070302442,0,0.18,0.3,0.16,0.31,0,0.46,-0.08,3,0
2026-01-10,3.6075801,0.00031973213,0,0.18,0.3,0.08,0.39,0,0.26,-0.18,1,0
2026-01-11,3.6040905,-0.00096728216,0,0.18,0.3,0.08,0.39,0,0.26,-0.18,1,0
2026-01-12,3.597954,-0.0017026463,0,0.18,0.3,0.14,0.33,0,0.41,-0.03,2,0
2026-01-13,3.5526783,-0.012583748,0,0.18,0.3,0.18,0.29,0,0.36,-0.28,2,0
2026-01-14,3.5520296,-0.00018260421,0,0.18,0.3,0.38,0.09,0,0.77,-0.18,6,0
2026-01-15,3.5652128,0.0037114777,0,0.18,0.3,0.32,0.15,0,0.5,-0.2,4,0
2026-01-16,3.5645515,-0.00018550755,0,0.18,0.3,0.32,0.15,0,0.5,-0.2,4,0
2026-01-17,3.5676087,0.0008576703,0,0.18,0.3,0.32,0.15,0,0.5,-0.2,4,0
2026-01-18,3.582636,0.0042121426,0,0.18,0.3,0.26,0.21,0,0.44,-0.2,3,0
2026-01-19,3.5939366,0.0031542834,0,0.18,0.3,0.18,0.29,0,0.36,-0.28,2,0
2026-01-20,3.6397815,0.012756184,0,0.18,0.3,0.18,0.29,0,0.36,-0.28,2,0
2026-01-21,3.6281179,-0.0032044966,0,0.18,0.3,0.18,0.29,0,0.36,-0.28,2,0
2026-01-22,3.627106,-0.00027888614,0,0.18,0.3,0.18,0.29,0,0.36,-0.28,2,0
2026-01-23,3.6268098,-8.1665757e-05,0,0.18,0.3,0.18,0.29,0,0.36,-0.28,2,0
2026-01-24,3.6312199,0.0012159711,0,0.18,0.3,0.18,0.29,0,0.36,-0.28,2,0
2026-01-25,3.6604954,0.0080621588,0,0.18,0.3,0.18,0.29,0,0.36,-0.28,2,0
2026-01-26,3.640824,-0.0053739718,0,0.18,0.3,0.18,0.29,0,0.36,-0.28,2,0
2026-01-27,3.6305768,-0.0028145256,0,0.18,0.3,0.18,0.29,0,0.36,-0.28,2,0
2026-01-28,3.6301739,-0.00011096186,0,0.18,0.3,0.18,0.29,0,0.36,-0.28,2,0
2026-01-29,3.6832692,0.014626084,0,0.18,0.3,0.18,0.29,0,0.36,-0.28,2,0
2026-01-30,3.6881569,0.001327002,0,0.18,0.3,0.18,0.29,0,0.36,-0.28,2,0
2026-01-31,3.7562037,0.018450084,0,0.18,0.3,0.24,0.23,0,0.42,-0.28,3,0
2026-02-01,3.7810988,0.0066277382,0,0.18,0.3,0.24,0.23,0,0.42,-0.28,3,0
2026-02-02,3.7832776,0.00057623119,0,0.18,0.3,0.3,0.17,0,0.57,-0.13,4,0
2026-02-03,3.8242022,0.010817226,0,0.18,0.3,0.24,0.23,0,0.42,-0.28,3,0
2026-02-04,3.8492561,0.0065514169,0,0.18,0.3,0.32,0.15,0,0.5,-0.24,5,0
2026-02-05,4.0004753,0.039285296,0,0.18,0.3,0.18,0.29,0,0.36,-0.28,2,0
2026-02-06,3.8762601,-0.031050092,0,0.18,0.3,0.26,0.21,0,0.44,-0.24,4,0
2026-02-07,3.8961563,0.0051328172,0,0.18,0.3,0.18,0.29,0,0.36,-0.28,2,0
2026-02-08,3.8795459,-0.004263279,0,0.18,0.3,0.18,0.29,0,0.36,-0.28,2,0
2026-02-09,3.8808795,0.00034375436,0,0.18,0.3,0.16,0.31,0,0.34,-0.22,2,0
2026-02-10,3.901097,0.0052095113,0,0.18,0.3,0.1,0.37,0,0.28,-0.28,1,0
2026-02-11,3.9152115,0.0036180902,0,0.18,0.3,0.24,0.23,0,0.42,-0.24,4,0
2026-02-12,3.9285829,0.0034152482,0,0.18,0.3,0.1,0.37,0,0.28,-0.28,1,0
2026-02-13,3.888459,-0.010213317,0,0.18,0.3,0.18,0.29,0,0.36,-0.24,3,0
2026-02-14,3.8732645,-0.0039075967,0,0.18,0.3,0.1,0.37,0,0.28,-0.28,1,0
2026-02-15,3.8887746,0.0040044018,0,0.18,0.3,0.1,0.37,0,0.28,-0.28,1,0
2026-02-16,3.8879557,-0.00021058358,0,0.18,0.3,0.1,0.37,0,0.28,-0.28,1,0
2026-02-17,3.9100309,0.0056778336,0,0.18,0.3,0.1,0.37,0,0.28,-0.28,1,0
2026-02-18,3.9267757,0.004282521,0,0.18,0.3,0.18,0.29,0,0.36,-0.28,2,0
2026-02-19,3.9179124,-0.0022571472,0,0.18,0.3,0.18,0.29,0,0.36,-0.28,2,0
2026-02-20,3.901421,-0.0042092304,0,0.18,0.3,0.18,0.29,0,0.36,-0.28,2,0
2026-02-21,3.9022889,0.00022247,0,0.18,0.3,0.18,0.29,0,0.36,-0.28,2,0
2026-02-22,3.9077802,0.0014071979,0,0.18,0.3,0.18,0.29,0,0.36,-0.28,2,0
2026-02-23,3.9562312,0.012398605,0,0.18,0.3,0.18,0.29,0,0.36,-0.28,2,0
2026-02-24,3.9666182,0.0026254833,0,0.18,0.3,0.18,0.29,0,0.36,-0.28,2,0
2026-02-25,3.898616,-0.017143633,0,0.18,0.3,0.18,0.29,0,0.36,-0.28,2,0
2026-02-26,3.9068208,0.0021045458,0,0.18,0.3,0.18,0.29,0,0.36,-0.28,2,0
2026-02-27,3.9330662,0.006717825,0,0.18,0.3,0.18,0.29,0,0.36,-0.28,2,0
2026-02-28,3.9147736,-0.0046509745,0,0.18,0.3,0.18,0.29,0,0.36,-0.28,2,0
2026-03-01,3.9345112,0.0050418425,0,0.18,0.3,0.18,0.29,0,0.36,-0.28,2,0
2026-03-02,3.8918608,-0.010840077,0,0.18,0.3,0.24,0.23,0,0.42,-0.22,3,0
2026-03-03,3.8997876,0.0020367575,0,0.18,0.3,0.18,0.29,0,0.36,-0.28,2,0
2026-03-04,3.8693603,-0.0078022982,0,0.18,0.3,0.32,0.15,0,0.5,-0.24,5,0
2026-03-05,3.8959944,0.0068833272,0,0.18,0.3,0.18,0.29,0,0.36,-0.28,2,0
2026-03-06,3.9294868,0.0085966324,0,0.18,0.3,0.26,0.21,0,0.44,-0.24,4,0
2026-03-07,3.9433639,0.0035315224,0,0.18,0.3,0.18,0.29,0,0.36,-0.28,2,0
2026-03-08,3.9643551,0.0053231847,0,0.18,0.3,0.18,0.29,0,0.36,-0.28,2,0
2026-03-09,3.9251362,-0.0098928951,0,0.18,0.3,0.16,0.31,0,0.34,-0.22,2,0
2026-03-10,3.9009103,-0.0061719778,0,0.18,0.3,0.1,0.37,0,0.28,-0.28,1,0
2026-03-11,3.9046099,0.00094839579,0,0.18,0.3,0.24,0.23,0,0.42,-0.24,4,0
2026-03-12,3.8992949,-0.0013612223,0,0.18,0.3,0.1,0.37,0,0.28,-0.28,1,0
2026-03-13,3.9021579,0.00073424247,0,0.18,0.3,0.18,0.29,0,0.36,-0.24,3,0
2026-03-14,3.8979431,-0.0010801361,0,0.18,0.3,0.1,0.37,0,0.28,-0.28,1,0
2026-03-15,3.8734985,-0.0062711383,0,0.18,0.3,0.1,0.37,0,0.28,-0.28,1,0
2026-03-16,3.8428018,-0.0079248036,0,0.18,0.3,0.1,0.37,0,0.28,-0.28,1,0
2026-03-17,3.8560114,0.0034374809,0,0.18,0.3,0.16,0.31,0,0.34,-0.28,2,0
2026-03-18,3.8924759,0.0094565555,0,0.18,0.3,0.16,0.31,0,0.34,-0.28,2,0
2026-03-19,3.9101582,0.0045426865,0,0.18,0.3,0.16,0.31,0,0.34,-0.28,2,0
2026-03-20,3.8995444,-0.0027144203,0,0.18,0.3,0.16,0.31,0,0.34,-0.28,2,0
2026-03-21,3.9243345,0.0063571737,0,0.18,0.3,0.1,0.37,0,0.28,-0.28,1,0
2026-03-22,3.9413499,0.0043358612,0,0.18,0.3,0.1,0.37,0,0.28,-0.28,1,0
2026-03-23,3.8915252,-0.01264152,0,0.18,0.3,0.1,0.37,0,0.28,-0.28,1,0
2026-03-24,3.8951079,0.00092063516,0,0.18,0.3,0,0.47,0,0.18,-0.18,0,0
2026-03-25,3.8874872,-0.0019564754,0,0.18,0.3,0,0.47,0,0.18,-0.18,0,0
2026-03-26,3.9119913,0.0063033116,0,0.18,0.3,0.08,0.39,0,0.26,-0.18,1,0
2026-03-27,3.9367808,0.0063368023,0,0.18,0.3,0.08,0.39,0,0.26,-0.18,1,0
2026-03-28,3.937183,0.00010217873,0,0.18,0.3,0.08,0.39,0,0.26,-0.18,1,0
2026-03-29,3.9409031,0.00094484791,0,0.18,0.3,0.08,0.39,0,0.26,-0.18,1,0
2026-03-30,3.9325814,-0.0021116045,0,0.18,0.3,0,0.47,0,0.18,-0.18,0,0
2026-03-31,3.9169515,-0.0039744637,0,0.18,0.3,0,0.47,0,0.18,-0.18,0,0
2026-04-01,3.9241443,0.001836311,0,0.18,0.3,0.14,0.33,0,0.32,-0.14,3,0
2026-04-02,3.9368411,0.0032355613,0,0.18,0.3,0,0.47,0,0.18,-0.18,0,0
2026-04-03,3.9345141,-0.00059108951,0,0.18,0.3,0.08,0.39,0,0.38,-0.08,2,0
2026-04-04,3.9310886,-0.00087061365,0,0.18,0.3,0,0.47,0,0.18,-0.18,0,0
2026-04-05,3.9129891,-0.0046041939,0,0.18,0.3,0,0.47,0,0.18,-0.18,0,0
2026-04-06,3.9169903,0.0010225386,0,0.18,0.3,0.14,0.33,0,0.41,-0.03,2,0
2026-04-07,3.8857105,-0.0079856796,0,0.18,0.3,0.08,0.39,0,0.26,-0.18,1,0
2026-04-08,3.9210125,0.0090850819,0,0.18,0.3,0.22,0.25,0,0.61,-0.08,4,0
2026-04-09,3.9140204,-0.0017832304,0,0.18,0.3,0.08,0.39,0,0.26,-0.18,1,0
2026-04-10,3.9105439,-0.00088822716,0,0.18,0.3,0.16,0.31,0,0.46,-0.08,3,0
2026-04-11,3.9098334,-0.00018166963,0,0.18,0.3,0.08,0.39,0,0.26,-0.18,1,0
2026-04-12,3.9321055,0.0056964243,0,0.18,0.3,0.08,0.39,0,0.26,-0.18,1,0
2026-04-13,3.9047966,-0.0069451224,0,0.18,0.3,0.14,0.33,0,0.41,-0.03,2,0
2026-04-14,3.9076303,0.00072570918,0,0.18,0.3,0,0.47,0,0.18,-0.18,0,0
2026-04-15,3.9013216,-0.0016144543,0,0.18,0.3,0,0.47,0,0.18,-0.18,0,0
2026-04-16,3.898218,-0.00079554206,0,0.18,0.3,0,0.47,0,0.18,-0.18,0,0
2026-04-17,3.8804414,-0.0045601785,0,0.18,0.3,0,0.47,0,0.18,-0.18,0,0
2026-04-18,3.8930776,0.0032563976,0,0.18,0.3,0,0.47,0,0.18,-0.18,0,0
2026-04-19,3.910703,0.0045273501,0,0.18,0.3,0,0.47,0,0.18,-0.18,0,0
2026-04-20,3.8913817,-0.0049406124,0,0.18,0.3,0,0.47,0,0.18,-0.18,0,0
2026-04-21,3.8869363,-0.0011423772,0,0.18,0.3,0,0.47,0,0.18,-0.18,0,0
2026-04-22,3.8701807,-0.0043107324,0,0.18,0.3,0,0.47,0,0.18,-0.18,0,0
2026-04-23,3.8696018,-0.00014959096,0,0.18,0.3,0,0.47,0,0.18,-0.18,0,0
2026-04-24,3.8770305,0.0019197634,0,0.18,0.3,0,0.47,0,0.18,-0.18,0,0
2026-04-25,3.8754649,-0.00040382077,0,0.18,0.3,0,0.47,0,0.18,-0.18,0,0
2026-04-26,3.8663132,-0.0023614421,0,0.18,0.3,0,0.47,0,0.18,-0.18,0,0
2026-04-27,3.8778205,0.0029762865,0,0.18,0.3,0,0.47,0,0.18,-0.18,0,0
2026-04-28,3.887227,0.0024257401,0,0.18,0.3,0,0.47,0,0.18,-0.18,0,0
2026-04-29,3.8925128,0.0013597686,0,0.18,0.3,0,0.47,0,0.18,-0.18,0,0
2026-04-30,3.8874023,-0.0013128953,0,0.18,0.3,0,0.47,0,0.18,-0.18,0,0
2026-05-01,3.8832062,-0.0010794009,0,0.18,0.3,0.08,0.39,0,0.38,-0.08,2,0
2026-05-02,3.8792622,-0.0010156777,0,0.18,0.3,0,0.47,0,0.18,-0.18,0,0
2026-05-03,3.8804393,0.00030344797,0,0.18,0.3,0,0.47,0,0.18,-0.18,0,0
2026-05-04,3.8708481,-0.0024716882,0,0.18,0.3,0.06,0.41,0,0.33,-0.03,1,0
2026-05-05,3.8618624,-0.002321361,0,0.18,0.3,0,0.47,0,0.18,-0.18,0,0
2026-05-06,3.8486578,-0.0034192515,0,0.18,0.3,0.14,0.33,0,0.53,-0.08,3,0
2026-05-07,3.861041,0.0032175461,0,0.18,0.3,0,0.47,0,0.18,-0.18,0,0
2026-05-08,3.858327,-0.00070292591,0,0.18,0.3,0.08,0.39,0,0.38,-0.08,2,0
2026-05-09,3.8542516,-0.0010562609,0,0.18,0.3,0,0.47,0,0.18,-0.18,0,0
2026-05-10,3.8412072,-0.0033844023,0,0.18,0.3,0,0.47,0,0.18,-0.18,0,0
2026-05-11,3.8522785,0.0028822298,0,0.18,0.3,0.06,0.41,0,0.33,-0.03,1,0
2026-05-12,3.8629335,0.0027658955,0,0.18,0.3,0,0.47,0,0.18,-0.18,0,0
2026-05-13,3.8499566,-0.0033593285,0,0.18,0.3,0.14,0.33,0,0.53,-0.08,3,0
2026-05-14,3.834288,-0.0040698076,0,0.18,0.3,0.08,0.39,0,0.26,-0.18,1,0
2026-05-15,3.8512248,0.004417179,0,0.18,0.3,0.08,0.39,0,0.26,-0.18,1,0
2026-05-16,3.859793,0.0022248153,0,0.18,0.3,0.14,0.33,0,0.32,-0.18,2,0
2026-05-17,3.8658805,0.0015771505,0,0.18,0.3,0.14,0.33,0,0.32,-0.18,2,0
2026-05-18,3.8699453,0.0010514461,0,0.18,0.3,0.14,0.33,0,0.32,-0.18,2,0
2026-05-19,3.8714845,0.0003977361,0,0.18,0.3,0.14,0.33,0,0.32,-0.18,2,0
2026-05-20,3.8651569,-0.0016344027,0,0.18,0.3,0.08,0.39,0,0.26,-0.18,1,0
2026-05-21,3.8647535,-0.00010437402,0,0.18,0.3,0.08,0.39,0,0.26,-0.18,1,0
2026-05-22,3.883505,0.0048519321,0,0.18,0.3,0.08,0.39,0,0.26,-0.18,1,0
2026-05-23,3.8724477,-0.0028472466,0,0.18,0.3,0.14,0.33,0,0.32,-0.18,2,0
2026-05-24,3.8699705,-0.00063970265,0,0.18,0.3,0.14,0.33,0,0.32,-0.18,2,0
2026-05-25,3.8679804,-0.00051423466,0,0.18,0.3,0.14,0.33,0,0.32,-0.18,2,0
2026-05-26,3.8808634,0.0033306583,0,0.18,0.3,0.14,0.33,0,0.32,-0.18,2,0
2026-05-27,3.8947031,0.0035661436,0,0.18,0.3,0.08,0.39,0,0.26,-0.18,1,0
2026-05-28,3.9027415,0.0020639481,0,0.18,0.3,0.08,0.39,0,0.26,-0.18,1,0
2026-05-29,3.9044344,0.00043376701,0,0.18,0.3,0.08,0.39,0,0.26,-0.18,1,0
2026-05-30,3.9005552,-0.00099353689,0,0.18,0.3,0.08,0.39,0,0.26,-0.18,1,0
2026-05-31,3.9027291,0.00055732892,0,0.18,0.3,0.08,0.39,0,0.26,-0.18,1,0
2026-06-01,3.9220451,0.0049493564,0,0.18,0.3,0.24,0.23,0,0.51,-0.13,3,0
2026-06-02,3.9937315,0.018277798,0,0.18,0.3,0.18,0.29,0,0.36,-0.28,2,0
2026-06-03,4.0179379,0.0060611184,0,0.18,0.3,0.38,0.09,0,0.77,-0.18,6,0
2026-06-04,4.0260845,0.0020275586,0,0.18,0.3,0.24,0.23,0,0.42,-0.28,3,0
2026-06-05,4.0389309,0.0031907727,0,0.18,0.3,0.32,0.15,0,0.62,-0.18,5,0
2026-06-06,4.0444126,0.0013572214,0,0.18,0.3,0.24,0.23,0,0.42,-0.28,3,0
2026-06-07,3.9990259,-0.011222077,0,0.18,0.3,0.18,0.29,0,0.36,-0.28,2,0
2026-06-08,4.010142,0.0027797197,0,0.18,0.3,0.24,0.23,0,0.51,-0.13,3,0
2026-06-09,4.0344152,0.0060529499,0,0.18,0.3,0.18,0.29,0,0.36,-0.28,2,0
2026-06-10,4.0356184,0.00029822041,0,0.18,0.3,0.32,0.15,0,0.71,-0.18,5,0
2026-06-11,3.9969123,-0.0095911111,0,0.18,0.3,0.18,0.29,0,0.36,-0.28,2,0
2026-06-12,3.9910608,-0.0014640006,0,0.18,0.3,0.26,0.21,0,0.56,-0.18,4,0
2026-06-13,3.9757804,-0.0038286634,0,0.18,0.3,0.18,0.29,0,0.36,-0.28,2,0
2026-06-14,3.9536196,-0.0055739404,0,0.18,0.3,0.18,0.29,0,0.36,-0.28,2,0
2026-06-15,3.9432433,-0.0026245088,0,0.18,0.3,0.24,0.23,0,0.42,-0.28,3,0
2026-06-16,3.9515638,0.002110066,0,0.18,0.3,0.24,0.23,0,0.42,-0.28,3,0
2026-06-17,3.9689544,0.0044009274,0,0.18,0.3,0.16,0.31,0,0.34,-0.28,2,0
2026-06-18,3.9941199,0.0063405976,0,0.18,0.3,0.16,0.31,0,0.34,-0.28,2,0
2026-06-19,3.9838436,-0.00257286,0,0.18,0.3,0.1,0.37,0,0.28,-0.28,1,0
2026-06-20,3.9707368,-0.0032899909,0,0.18,0.3,0.1,0.37,0,0.28,-0.28,1,0
2026-06-21,3.9876248,0.0042531211,0,0.18,0.3,0.18,0.29,0,0.36,-0.28,2,0
2026-06-22,3.9753108,-0.003088053,0,0.18,0.3,0.18,0.29,0,0.36,-0.28,2,0
2026-06-23,3.997803,0.0056579645,0,0.18,0.3,0.18,0.29,0,0.36,-0.28,2,0
2026-06-24,4.0275069,0.0074300576,0,0.18,0.3,0.18,0.29,0,0.36,-0.28,2,0
2026-06-25,4.0513407,0.0059177589,0,0.18,0.3,0.18,0.29,0,0.36,-0.28,2,0
2026-06-26,4.0457805,-0.0013724511,0,0.18,0.3,0.18,0.29,0,0.36,-0.28,2,0
2026-06-27,4.0472433,0.00036157919,0,0.18,0.3,0.18,0.29,0,0.36,-0.28,2,0
2026-06-28,4.0559416,0.0021491788,0,0.18,0.3,0.18,0.29,0,0.36,-0.28,2,0
2026-06-29,4.043114,-0.0031626551,0,0.18,0.3,0.18,0.29,0,0.36,-0.28,2,0
2026-06-30,4.0740298,0.0076465336,0,0.18,0.3,0.18,0.29,0,0.36,-0.28,2,0
2026-07-01,4.0620496,-0.0029406317,0,0.18,0.3,0.32,0.15,0,0.71,-0.18,5,0
2026-07-02,4.0331382,-0.0071174572,0,0.18,0.3,0.18,0.29,0,0.36,-0.28,2,0
2026-07-03,4.0277018,-0.0013479166,0,0.18,0.3,0.26,0.21,0,0.56,-0.18,4,0
2026-07-04,4.0178245,-0.0024523571,0,0.18,0.3,0.18,0.29,0,0.36,-0.28,2,0
2026-07-05,4.0090285,-0.0021892277,0,0.18,0.3,0.18,0.29,0,0.36,-0.28,2,0
2026-07-06,4.0059315,-0.00077250239,0,0.18,0.3,0.24,0.23,0,0.51,-0.13,3,0
2026-07-07,4.018011,0.0030154052,0,0.18,0.3,0.18,0.29,0,0.36,-0.28,2,0
2026-07-08,4.0100204,-0.0019886974,0,0.18,0.3,0.32,0.15,0,0.71,-0.18,5,0
2026-07-09,3.9932651,-0.004178371,0,0.18,0.3,0.18,0.29,0,0.36,-0.28,2,0
2026-07-10,3.9853826,-0.0019739378,0,0.18,0.3,0.26,0.21,0,0.56,-0.18,4,0
2026-07-11,3.9915224,0.0015405759,0,0.18,0.3,0.18,0.29,0,0.36,-0.28,2,0
2026-07-12,3.9923958,0.00021882083,0,0.18,0.3,0.18,0.29,0,0.36,-0.28,2,0
2026-07-13,4.0084905,0.0040313352,0,0.18,0.3,0.24,0.23,0,0.51,-0.13,3,0
2026-07-14,3.9598921,-0.01212386,0,0.18,0.3,0.18,0.29,0,0.36,-0.28,2,0
2026-07-15,3.9657414,0.0014771302,0,0.18,0.3,0.32,0.15,0,0.5,-0.2,4,0
2026-07-16,3.9815219,0.0039792118,0,0.18,0.3,0.32,0.15,0,0.5,-0.2,4,0
2026-07-17,3.979647,-0.00047090873,0,0.18,0.3,0.32,0.15,0,0.5,-0.2,4,0
2026-07-18,3.9630664,-0.0041663551,0,0.18,0.3,0.32,0.15,0,0.5,-0.2,4,0
2026-07-19,3.9651479,0.00052522671,0,0.18,0.3,0.18,0.29,0,0.36,-0.28,2,0
2026-07-20,3.9561887,-0.0022594875,0,0.18,0.3,0.18,0.29,0,0.36,-0.28,2,0
2026-07-21,3.9341278,-0.0055763131,0,0.18,0.3,0.26,0.21,0,0.44,-0.2,3,0
2026-07-22,3.9403012,0.0015691957,0,0.18,0.3,0.26,0.21,0,0.44,-0.2,3,0
2026-07-23,3.9561016,0.0040099614,0,0.18,0.3,0.26,0.21,0,0.44,-0.2,3,0
2026-07-24,3.9714646,0.0038833615,0,0.18,0.3,0.26,0.21,0,0.44,-0.2,3,0
2026-07-25,3.9675596,-0.00098326559,0,0.18,0.3,0.18,0.29,0,0.36,-0.28,2,0
2026-07-26,3.9500513,-0.0044128674,0,0.18,0.3,0.18,0.29,0,0.36,-0.28,2,0
2026-07-27,3.9780416,0.0070860777,0,0.18,0.3,0.18,0.29,0,0.36,-0.28,2,0
2026-07-28,3.9754272,-0.00065720929,0,0.18,0.3,0.18,0.29,0,0.36,-0.28,2,0
2026-07-29,3.9744266,-0.00025169438,0,0.18,0.3,0.18,0.29,0,0.36,-0.28,2,0
2026-07-30,3.9607962,-0.0034295259,0,0.18,0.3,0.18,0.29,0,0.36,-0.28,2,0
2026-07-31,3.993399,0.0082313672,0,0.18,0.3,0.18,0.29,0,0.36,-0.28,2,0
2026-08-01,3.9947071,0.00032756165,0,0.18,0.3,0.18,0.29,0,0.36,-0.28,2,0
2026-08-02,3.9806036,-0.0035305577,0,0.18,0.3,0.24,0.23,0,0.42,-0.28,3,0
2026-08-03,3.9900175,0.0023649509,0,0.18,0.3,0.3,0.17,0,0.57,-0.13,4,0
2026-08-04,3.9788733,-0.0027930157,0,0.18,0.3,0.24,0.23,0,0.42,-0.28,3,0
2026-08-05,3.9842016,0.0013391391,0,0.18,0.3,0.32,0.15,0,0.71,-0.18,5,0
2026-08-06,3.9902744,0.0015242218,0,0.18,0.3,0.18,0.29,0,0.36,-0.28,2,0
2026-08-07,3.9883789,-0.00047503684,0,0.18,0.3,0.26,0.21,0,0.56,-0.18,4,0
2026-08-08,3.9881277,-6.2967789e-05,0,0.18,0.3,0.08,0.39,0,0.26,-0.18,1,0
2026-08-09,3.9889909,0.00021643995,0,0.18,0.3,0.08,0.39,0,0.26,-0.18,1,0
2026-08-10,3.9877473,-0.00031176758,0,0.18,0.3,0.14,0.33,0,0.41,-0.03,2,0
2026-08-11,3.9920702,0.0010840537,0,0.18,0.3,0.08,0.39,0,0.26,-0.18,1,0
2026-08-12,3.9938708,0.00045103599,0,0.18,0.3,0.22,0.25,0,0.61,-0.08,4,0
2026-08-13,3.9939481,1.9362401e-05,0,0.18,0.3,0.08,0.39,0,0.26,-0.18,1,0
2026-08-14,3.9911828,-0.00069237298,0,0.18,0.3,0.16,0.31,0,0.46,-0.08,3,0
2026-08-15,3.9908898,-7.3417199e-05,0,0.18,0.3,0.08,0.39,0,0.26,-0.18,1,0
2026-08-16,3.993164,0.00056985328,0,0.18,0.3,0.08,0.39,0,0.26,-0.18,1,0
2026-08-17,3.9747094,-0.0046215589,0,0.18,0.3,0.08,0.39,0,0.26,-0.18,1,0
2026-08-18,3.9727407,-0.0004952854,0,0.18,0.3,0.08,0.39,0,0.26,-0.18,1,0
2026-08-19,3.9219956,-0.012773336,0,0.18,0.3,0.08,0.39,0,0.26,-0.18,1,0
2026-08-20,3.8846409,-0.0095244027,0,0.18,0.3,0.08,0.39,0,0.26,-0.18,1,0
2026-08-21,3.833961,-0.013046241,0,0.18,0.3,0.08,0.39,0,0.26,-0.18,1,0
2026-08-22,3.836977,0.00078667598,0,0.18,0.3,0.26,0.21,0,0.44,0,3,0
2026-08-23,3.8320234,-0.0012910253,0,0.18,0.3,0.26,0.21,0,0.44,0,3,0
2026-08-24,3.8247334,-0.0019023864,0,0.18,0.3,0.26,0.21,0,0.44,0,3,0
2026-08-25,3.8262985,0.00040920335,0,0.18,0.3,0.26,0.21,0,0.44,0,3,0
2026-08-26,3.8245991,-0.00044414563,0,0.18,0.3,0.18,0.29,0,0.36,-0.08,2,0
2026-08-27,3.8200426,-0.0011913562,0,0.18,0.3,0.18,0.29,0,0.36,-0.08,2,0
2026-08-28,3.8293907,0.0024471039,0,0.18,0.3,0.18,0.29,0,0.36,-0.08,2,0
2026-08-29,3.8280968,-0.00033788283,0,0.18,0.3,0.18,0.29,0,0.36,-0.08,2,0
2026-08-30,3.8197582,-0.0021782464,0,0.18,0.3,0.18,0.29,0,0.36,0.28,2,0
2026-08-31,3.8323487,0.0032961291,0,0.18,0.3,0.18,0.29,0,0.36,0.28,2,0
2026-09-01,3.8169447,-0.0040194578,0,0.18,0.3,0.18,0.29,0,0.36,0.28,2,0
2026-09-02,3.8037024,-0.0034693474,0,0.18,0.3,0.32,0.15,0,0.71,0.38,5,0
2026-09-03,3.8580189,0.014279899,0,0.18,0.3,0.18,0.29,0,0.36,0.28,2,0
2026-09-04,3.8302823,-0.007189338,0,0.18,0.3,0.26,0.21,0,0.44,0.32,4,0
2026-09-05,3.8327186,0.00063608469,0,0.18,0.3,0.18,0.29,0,0.36,0.28,2,0
2026-09-06,3.8394216,0.0017488769,0,0.18,0.3,0.18,0.29,0,0.36,0.28,2,0
