policy,censored,scenario,sessions,trades,days,mean_bp,median_bp,sd_bp,win_rate,profit_factor,payoff,mean_gross_bp,mean_funding_bp,mean_risk_bp,median_risk_bp,mean_R,total_return,ann_return,sharpe_daily_ann,max_drawdown,mar,exposure_days,long_trades,short_trades,long_mean_bp,short_mean_bp,best1_share,best5_share,best10_share,mean_bars_held,exit_reasons,flagged_trades
P0,0,gross,752,735,1096,12.102663317368743,-39.864460833167236,165.44560839996123,0.35918367346938773,1.2348148222830717,2.203021898845935,12.102663317368743,0.14446568792747838,93.36769193278164,73.45113231912914,0.2493468521941667,1.2042726419512912,0.30112005427834965,1.1437340025840386,-0.20853117526408416,1.4440049738223113,0.6706204379562044,341,394,15.54754822857219,9.121176630261193,0.0912440193720913,0.4072243986660972,0.7628924405128288,201.9578231292517,"{""stop"": 427, ""time"": 308}",0
P0,0,rt5,752,735,1096,7.246548062999073,-43.492479021275265,165.45909749259778,0.3551020408163265,1.1325868037169124,2.0568817814628986,12.102663317368743,0.14446568792747838,93.36769193278164,73.45113231912914,0.16836666374824094,0.5429680149689198,0.15538933652214237,0.6851496437029276,-0.24777189177129177,0.6271467494205355,0.6706204379562044,341,394,9.653947071635145,5.162986992072931,0.1518843061462616,0.6783727704097443,1.2661499172516484,201.9578231292517,"{""stop"": 427, ""time"": 308}",0
P0,0,rt10,752,735,1096,2.245967120701923,-48.4828437629166,165.4587802899309,0.345578231292517,1.0387953443526738,1.9671675615497486,12.102663317368743,0.14446568792747838,93.36769193278164,73.45113231912914,0.08541650141267512,0.0684850598869029,0.022305589066428544,0.21241374996845247,-0.3230055912683354,0.06905635589415628,0.6706204379562044,341,394,4.6500601845780025,0.16526728623049503,0.4871443874856561,2.1735283742128013,4.054543165500574,201.9578231292517,"{""stop"": 427, ""time"": 308}",0
P0,0,rt20,752,735,1096,-7.755194763892379,-58.46357324619928,165.45817706155674,0.3292517006802721,0.8798227871559906,1.7923662564789393,12.102663317368743,0.14446568792747838,93.36769193278164,73.45113231912914,-0.08048382325845654,-0.487903418078551,-0.1997868406548301,-0.7332117792251275,-0.5352073332159517,-0.373288683199372,0.6706204379562044,341,394,-5.357713589536285,-9.830172125454377,-0.13939778637240738,-0.620654692617939,-1.1564737869186381,201.9578231292517,"{""stop"": 427, ""time"": 308}",0
P0,0,rt30,752,735,1096,-17.756356648486676,-68.45328874042873,165.45761540283763,0.3129251700680272,0.7510576061866684,1.649061265757685,12.102663317368743,0.14446568792747838,93.36769193278164,73.45113231912914,-0.24638414792958815,-0.7547464802466145,-0.3737841490239341,-1.676200845233039,-0.7547464802466145,-0.49524464016287906,0.6706204379562044,341,394,-15.365487363650569,-19.825611537139242,-0.060147681743637785,-0.26722389476004865,-0.49734235741159666,201.9578231292517,"{""stop"": 427, ""time"": 308}",0
P0,0,db,752,735,1096,0.6457812191668351,-50.07976048024183,165.45868097992857,0.34285714285714286,1.0109562517670514,1.9376661492201817,12.102663317368743,0.14446568792747838,93.36769193278164,73.45113231912914,0.058872449465294074,-0.05008819971791145,-0.016967487994396957,0.06107690315779953,-0.3510601875378423,-0.04833213390956774,0.6706204379562044,341,394,3.0488163807197157,-1.4340030196390863,1.691008839866148,7.542389095730758,14.067210040166184,201.9578231292517,"{""stop"": 427, ""time"": 308}",0
P0,0,db_nonfee_x2,752,735,1096,-0.954404682368252,-51.67667719756706,165.45858273409974,0.3401360544217687,0.9840924701188694,1.9091393920306066,12.102663317368743,0.14446568792747838,93.36769193278164,73.45113231912914,0.032328397517913006,-0.15551890452112938,-0.054737772383454675,-0.09026577705665621,-0.3779564259982676,-0.14482561644210692,0.6706204379562044,341,394,1.4475725768614316,-3.033273325508661,-1.142003222814771,-5.091962850485598,-9.495248324181306,201.9578231292517,"{""stop"": 427, ""time"": 308}",0
P0,0,db_plus5,752,735,1096,-4.3547997231303155,-55.070125221883174,165.4583774951108,0.3333333333333333,0.9300499701614691,1.8600999403229381,12.102663317368743,0.14446568792747838,93.36769193278164,73.45113231912914,-0.024077712870271786,-0.3423582280207935,-0.1302685935108333,-0.41182439035174473,-0.4537996035818528,-0.2870619376540211,0.6706204379562044,341,394,-1.9550705063374276,-6.431722725481519,-0.24926407000721762,-1.1106241187104828,-2.0702431873006,201.9578231292517,"{""stop"": 427, ""time"": 308}",0
P0,0,db_plus10,752,735,1096,-9.355380665427466,-60.06048996352451,165.45808440266947,0.32653061224489793,0.857400535208285,1.768388603867088,12.102663317368743,0.14446568792747838,93.36769193278164,73.45113231912914,-0.10702787520583763,-0.5447860729015097,-0.2305581641543898,-0.8843554636609288,-0.5716322733848935,-0.40333300775540626,0.6706204379562044,341,394,-6.958957393394573,-11.429442431323956,-0.11533132583948975,-0.5133257699924325,-0.9563105113173819,201.9578231292517,"{""stop"": 427, ""time"": 308}",0
CORE_NY_R5_CLOSE,0,gross,752,750,1096,11.984994402252246,-34.959553948927095,151.85030466723492,0.25333333333333335,1.2836241923025014,3.783313408891583,11.984994402252246,0.14472210810013064,61.81523466009231,48.553989833978136,0.38430907349646887,1.2562625969675287,0.3112607733443076,1.2464023947228233,-0.20543966706433947,1.515095783555895,0.6843065693430657,357,393,11.593535673791497,12.340594315892169,0.09353337435767083,0.407360113514506,0.7360472064916416,151.70133333333334,"{""stop"": 543, ""time"": 207}",0
CORE_NY_R5_CLOSE,0,rt5,752,750,1096,7.12995349746258,-39.8665648709967,151.90067988177205,0.24933333333333332,1.155239891247716,3.478075180601412,11.984994402252246,0.14472210810013064,61.81523466009231,48.553989833978136,0.2575983376424849,0.5679869722685522,0.16159501419353028,0.7417184620881313,-0.22468592176674607,0.7192040022929761,0.6843065693430657,357,393,6.102130968352266,8.063624344516985,0.15672082851099528,0.6798819093145715,1.2311645387546468,151.70133333333334,"{""stop"": 543, ""time"": 207}",0
CORE_NY_R5_CLOSE,0,rt10,752,750,1096,2.130190484572779,-44.866668040657615,151.9007611673962,0.24933333333333332,1.0428760943168998,3.1397820379701313,11.984994402252246,0.14472210810013064,61.81523466009231,48.553989833978136,0.12895630421079596,0.07777629072372272,0.025257564052569625,0.22167069527924457,-0.2894559834478302,0.08725873879584838,0.6843065693430657,357,393,1.0992325844338198,3.0667094930959564,0.5215617147803495,2.259910372150895,4.089366429108404,151.70133333333334,"{""stop"": 543, ""time"": 207}",0
CORE_NY_R5_CLOSE,0,rt20,752,750,1096,-7.869335541206821,-54.86687437997945,151.90095237738475,0.248,0.8624013437540556,2.6150234294477817,11.984994402252246,0.14472210810013064,61.81523466009231,48.553989833978136,-0.1283277626525819,-0.49107175342493725,-0.20143905160156672,-0.8185716692867251,-0.567145777300641,-0.3551803780684502,0.6843065693430657,357,393,-8.906564183403075,-6.927120209746098,-0.13956108001017506,-0.6032359267201313,-1.0899391063769155,151.70133333333334,"{""stop"": 543, ""time"": 207}",0
CORE_NY_R5_CLOSE,0,rt30,752,750,1096,-17.868861566986414,-64.86708071930127,151.90118177223715,0.23733333333333334,0.7241006769600421,2.3268853214671017,11.984994402252246,0.14472210810013064,61.81523466009231,48.553989833978136,-0.3856118295159596,-0.7598635716206416,-0.3781660335673488,-1.8554583539186345,-0.7598635716206416,-0.49767622464226574,0.6843065693430657,357,393,-18.91236095123997,-16.92094991258815,-0.060747022308879114,-0.26191328683449294,-0.47250148579733847,151.70133333333334,"{""stop"": 543, ""time"": 207}",0
CORE_NY_R5_CLOSE,0,db,752,750,1096,0.5302663204480444,-46.466701054949105,151.90078919496523,0.24933333333333332,1.0104211411592658,3.042070066698752,11.984994402252246,0.14472210810013064,61.81523466009231,48.553989833978136,0.08779085351265553,-0.04410320778550181,-0.014909133421928566,0.05518187708716708,-0.3276795926657957,-0.04549912095726562,0.6843065693430657,357,393,-0.5016948984200825,1.4676967406412273,2.0913682532762996,9.058323338780363,16.3873960214011,151.70133333333334,"{""stop"": 543, ""time"": 207}",0
CORE_NY_R5_CLOSE,0,db_nonfee_x2,752,750,1096,-1.069657843676691,-48.066734069240596,151.90081820007,0.24933333333333332,0.9794632045712157,2.9488651560085266,11.984994402252246,0.14472210810013064,61.81523466009231,48.553989833978136,0.04662540281451502,-0.15221634351218916,-0.05350826825139754,-0.11131268417703691,-0.37781647578940636,-0.14162502611776748,0.6843065693430657,357,393,-2.1026223812739873,-0.1313160118135006,-1.0348528749959498,-4.480505640337116,-8.103749227859161,151.70133333333334,"{""stop"": 543, ""time"": 207}",0
CORE_NY_R5_CLOSE,0,db_plus5,752,750,1096,-4.469496692441758,-51.46680422461003,151.9008830816391,0.24933333333333332,0.9181973707469677,2.7644124049761647,11.984994402252246,0.14472210810013064,61.81523466009231,48.553989833978136,-0.040851179919033476,-0.34311453356607857,-0.1306018218979147,-0.465052724738316,-0.4801281572642836,-0.27201450263210813,0.6843065693430657,357,393,-5.504593282338533,-3.5292181107798037,-0.2466934885099266,-1.0671977826751828,-1.9292256666723404,151.70133333333334,"{""stop"": 543, ""time"": 207}",0
CORE_NY_R5_CLOSE,0,db_plus10,752,750,1096,-9.469259705331558,-56.46690739427095,151.90098651454247,0.24666666666666667,0.8378423718970525,2.5588158925504576,11.984994402252246,0.14472210810013064,61.81523466009231,48.553989833978136,-0.16949321335072237,-0.5486777463812789,-0.232755119715373,-0.9848092876938418,-0.6029046464740913,-0.3860562712139841,0.6843065693430657,357,393,-10.507491666256982,-8.526132962200828,-0.11576504897211617,-0.5001816700354473,-0.9035184954871497,151.70133333333334,"{""stop"": 543, ""time"": 207}",0
CORE_NY_R5_STOP,0,gross,752,751,1096,11.000080238270767,-30.72721943091647,147.55171635067586,0.22237017310252996,1.2873687176976558,4.501936114583419,11.000080238270767,0.11636836559477007,52.48046015473964,40.752362022237136,0.4700605688078349,1.1080966569494248,0.28193203245613674,1.1782128622456278,-0.18161199455444565,1.552386631443641,0.6852189781021898,365,386,12.846775997055843,9.25385238346105,0.10239007900374723,0.45159372245600354,0.8189760181806875,134.9440745672437,"{""stop"": 573, ""time"": 178}",2
CORE_NY_R5_STOP,0,rt5,752,751,1096,6.1160767376142395,-35.617913139872655,147.63444066587252,0.2210386151797603,1.1452157069576323,4.035850533555512,11.000080238270767,0.11636836559477007,52.48046015473964,40.752362022237136,0.31828741165306274,0.46103440140390517,0.1345842088650817,0.6551187833927203,-0.2050370298703531,0.6563897699365847,0.6852189781021898,365,386,7.384060191302226,4.917076839696837,0.1835685353963892,0.8065462274759452,1.4658709513055415,134.9440745672437,"{""stop"": 573, ""time"": 178}",2
CORE_NY_R5_STOP,0,rt10,752,751,1096,1.1157048713629372,-40.61025674748959,147.63224884096581,0.21837549933422104,1.0242448642241841,3.666047166460952,11.000080238270767,0.11636836559477007,52.48046015473964,40.752362022237136,0.1647764867621412,0.0036824762100935438,0.0012248691208609497,0.1195408743113134,-0.28360445124783085,0.004318934753920997,0.6852189781021898,365,386,2.380848497302964,-0.08060969720729692,1.0005719818085657,4.3913379516234645,7.9756099074046105,134.9440745672437,"{""stop"": 573, ""time"": 178}",2
CORE_NY_R5_STOP,0,rt20,752,751,1096,-8.885038861139668,-50.59494396272346,147.6278928962739,0.21571238348868177,0.8350251271895186,3.0359864192260893,11.000080238270767,0.11636836559477007,52.48046015473964,40.752362022237136,-0.14224536301970153,-0.526605397736762,-0.2204573574812675,-0.9514705888510248,-0.5744399742132538,-0.38377788346502745,0.6852189781021898,365,386,-7.625574890695563,-10.075982771015568,-0.12420774087938598,-0.5438934223535363,-0.986435981099662,134.9440745672437,"{""stop"": 573, ""time"": 178}",2
CORE_NY_R5_STOP,0,rt30,752,751,1096,-18.88578259364227,-60.57963117795734,147.62357389446606,0.20639147802929428,0.6941199580746755,2.669003193629075,11.000080238270767,0.11636836559477007,52.48046015473964,40.752362022237136,-0.44926721280154447,-0.7768878280746161,-0.3932088672353343,-2.0184322735383295,-0.7768878280746161,-0.5061333863472097,0.6852189781021898,365,386,-17.63199827869409,-20.071355844823835,-0.05775975496242116,-0.25233750414112543,-0.4569901820916575,134.9440745672437,"{""stop"": 573, ""time"": 178}",2
CORE_NY_R5_STOP,0,db,752,751,1096,-0.4844141258374781,-42.20780670192701,147.63154940738775,0.2170439414114514,0.989752054751397,3.5703939152995186,11.000080238270767,0.11636836559477007,52.48046015473964,40.752362022237136,0.11565299079704648,-0.10998238426364326,-0.03805939529301694,-0.05190260160469151,-0.33893582881284656,-0.1122908587927202,0.6852189781021898,365,386,0.7798207552231988,-1.6798693890166199,-2.3003099746048195,-10.092045651839163,-18.325233688190377,134.9440745672437,"{""stop"": 573, ""time"": 178}",2
CORE_NY_R5_STOP,0,db_nonfee_x2,752,751,1096,-2.0845331230378954,-43.80535665636443,147.63085091947727,0.21571238348868177,0.9570406764949779,3.4796108546638393,11.000080238270767,0.11636836559477007,52.48046015473964,40.752362022237136,0.06652949483195161,-0.21079013297145455,-0.07580821689095962,-0.22334193520373288,-0.390001497780753,-0.19437929680356433,0.6852189781021898,365,386,-0.8212069868565625,-3.2791290808259412,-0.533578595830998,-2.340102801129373,-4.2482305471725885,134.9440745672437,"{""stop"": 573, ""time"": 178}",2
CORE_NY_R5_STOP,0,db_plus5,752,751,1096,-5.484785992088781,-47.20015030954395,147.62936977264087,0.21571238348868177,0.8928547004054066,3.2462433243134843,11.000080238270767,0.11636836559477007,52.48046015473964,40.752362022237136,-0.03785793409387502,-0.3887388535645394,-0.15119626865467684,-0.5875498366095393,-0.4887088879956032,-0.3093790032646943,0.6852189781021898,365,386,-4.223390938776066,-6.677555925920756,-0.20199993805752925,-0.8852246931971249,-1.6062704489650743,134.9440745672437,"{""stop"": 573, ""time"": 178}",2
CORE_NY_R5_STOP,0,db_plus10,752,751,1096,-10.485157858340083,-52.19249391716089,147.62719937333824,0.21571238348868177,0.8097477207842513,2.944082762604469,11.000080238270767,0.11636836559477007,52.48046015473964,40.752362022237136,-0.19136885898479641,-0.5802668342035924,-0.25107367494987465,-1.122576224179447,-0.6096608979688133,-0.41182512407531524,0.6852189781021898,365,386,-9.226602632775329,-11.675242462824892,-0.10505804783300023,-0.4598697117387144,-0.8338546139477464,134.9440745672437,"{""stop"": 573, ""time"": 178}",2
CORE_NY_R15_STOP,0,gross,752,744,1096,13.029037996477511,-37.112604724631936,166.30210108458382,0.3346774193548387,1.264416781007678,2.513599624894782,13.029037996477511,0.09046436011640695,84.64437182903832,64.91944978081284,0.27111075774276183,1.3810444765824341,0.33497945057288603,1.2322756200903573,-0.23944028954249086,1.3990103804708307,0.6788321167883211,348,396,16.04630221095832,10.377502777691346,0.08398154793642872,0.37363465450069855,0.6973798925163133,190.05510752688173,"{""stop"": 460, ""time"": 284}",0
CORE_NY_R15_STOP,0,rt5,752,744,1096,8.119006851866278,-41.786873530022746,166.33794620876944,0.3293010752688172,1.1544796286369765,2.3513687130198013,13.029037996477511,0.09046436011640695,84.64437182903832,64.91944978081284,0.1799072802487102,0.6528115920209514,0.1821558809315591,0.7681865976992596,-0.3027903858377098,0.6015907025171908,0.6788321167883211,348,396,10.165379095961674,6.320679728267298,0.13432485070656033,0.5963739706994181,1.1106738258559639,190.05510752688173,"{""stop"": 460, ""time"": 284}",0
CORE_NY_R15_STOP,0,rt10,752,744,1096,3.118511347138643,-46.7960679498003,166.34164616403774,0.3239247311827957,1.055760525135679,2.2035167806773712,13.029037996477511,0.09046436011640695,84.64437182903832,64.91944978081284,0.08741443434528877,0.13944832308176625,0.04443392090059972,0.2951503185424134,-0.3717119632918453,0.11953858172090347,0.6788321167883211,348,396,5.161367520408931,1.3232741039617204,0.3476458419317463,1.5418240562889425,2.86982169106939,190.05510752688173,"{""stop"": 460, ""time"": 284}",0
CORE_NY_R15_STOP,0,rt20,752,744,1096,-6.882479662316632,-56.81445678935543,166.3490771876948,0.30913978494623656,0.8903454555337893,1.9897285397581206,13.029037996477511,0.09046436011640695,84.64437182903832,64.91944978081284,-0.09757125746155403,-0.4587540484858562,-0.18489672521796408,-0.6512181530135775,-0.5239302566835102,-0.3529033165375184,0.6788321167883211,348,396,-4.846655630696546,-8.671537144649433,-0.15564793425973142,-0.6888009799251547,-1.2805817309165357,190.05510752688173,"{""stop"": 460, ""time"": 284}",0
CORE_NY_R15_STOP,0,rt30,752,744,1096,-16.883470671771907,-66.83284562891055,166.35654969087653,0.2956989247311828,0.7579742246018147,1.8053567895061406,13.029037996477511,0.09046436011640695,84.64437182903832,64.91944978081284,-0.2825569492683968,-0.7430960618559165,-0.3640302912531538,-1.5952368439872915,-0.7430960618559165,-0.48988321959878434,0.6788321167883211,348,396,-14.854678781802022,-18.666348393260588,-0.06268556991473152,-0.2767867903145088,-0.5139692009284823,190.05510752688173,"{""stop"": 460, ""time"": 284}",0
CORE_NY_R15_STOP,0,db,752,744,1096,1.5183527856257992,-48.39901016412912,166.34283234016934,0.3225806451612903,1.0266334445031442,2.1559302334566026,13.029037996477511,0.09046436011640695,84.64437182903832,64.91944978081284,0.05781672365619394,0.011552386618018273,0.003832554601756577,0.1437090923777293,-0.39514959565987773,0.009698996642920576,0.6788321167883211,348,396,3.5600838162320585,-0.27589569581606255,0.712663428000134,3.1596015942984956,5.879932902392832,190.05510752688173,"{""stop"": 460, ""time"": 284}",0
CORE_NY_R15_STOP,0,db_nonfee_x2,752,744,1096,-0.08180577588704395,-50.00195237845794,166.34401957829638,0.31989247311827956,0.9985918605410549,2.123056644679721,13.029037996477511,0.09046436011640695,84.64437182903832,64.91944978081284,0.0282190129670991,-0.10200515000105681,-0.035196597374433036,-0.007742803288398386,-0.4188927514323444,-0.08402293249067515,0.6788321167883211,348,396,1.9588001120551801,-1.875065495593849,-13.202142363111541,-58.51156471057144,-108.86827242754501,190.05510752688173,"{""stop"": 460, ""time"": 284}",0
CORE_NY_R15_STOP,0,db_plus5,752,744,1096,-3.4821427191018404,-53.40820458390669,166.3465459853695,0.3131720430107527,0.9423658637368209,2.066733718324101,13.029037996477511,0.09046436011640695,84.64437182903832,64.91944978081284,-0.03467612224722748,-0.30280708733232653,-0.11318717900171382,-0.32955176880530457,-0.4692630568710978,-0.2412019811583107,0.6788321167883211,348,396,-1.4439277593206858,-5.273301320121642,-0.3088982007556297,-1.3680143885212883,-2.5443574034431244,190.05510752688173,"{""stop"": 460, ""time"": 284}",0
CORE_NY_R15_STOP,0,db_plus10,752,744,1096,-8.482638223829477,-58.41739900368425,166.3502700009247,0.30510752688172044,0.8672005897463331,1.9750779951491375,13.029037996477511,0.09046436011640695,84.64437182903832,64.91944978081284,-0.12716896815064885,-0.51956280607317,-0.21661419154157124,-0.8025043404107203,-0.5588435004983735,-0.38761154303198647,0.6788321167883211,348,396,-6.447939334873423,-10.270706944427218,-0.1260434209357845,-0.5575921875076497,-1.0364486237366228,190.05510752688173,"{""stop"": 460, ""time"": 284}",0
CORE_NY_R30_CLOSE,0,gross,752,683,1096,16.41424110908325,-35.53573055086094,173.51941110220355,0.4172767203513909,1.304561379577832,1.8218085230595689,16.41424110908325,0.08787381431347849,119.31958249375066,97.5806705328409,0.2089446029061353,1.7713538905485726,0.40420125538865137,1.424662992285395,-0.2529594421207285,1.5978895747079507,0.6231751824817519,338,345,17.36652501054555,15.48127890996946,0.07227814028718117,0.3246196808104657,0.6067585705901274,229.12445095168374,"{""time"": 366, ""stop"": 317}",0
CORE_NY_R30_CLOSE,0,rt5,752,683,1096,11.501921349374172,-41.30553653843884,173.55948265059519,0.40702781844802344,1.2026206083795423,1.752019231632067,16.41424110908325,0.08787381431347849,119.31958249375066,97.5806705328409,0.14834220616176635,0.9820817398362991,0.2558858137214348,0.9989273520238131,-0.29076966573624763,0.880029259838764,0.6231751824817519,338,345,11.221050084500112,11.777093776989922,0.1029258690847491,0.462075746082762,0.8617252490402753,229.12445095168374,"{""time"": 366, ""stop"": 317}",0
CORE_NY_R30_CLOSE,0,rt10,752,683,1096,6.501727775351617,-46.31461065404454,173.55594275309153,0.3967789165446559,1.1088167473493378,1.6857287819480709,16.41424110908325,0.08787381431347849,119.31958249375066,97.5806705328409,0.08660684608230691,0.40895075727622654,0.12095106429595126,0.5649965219868269,-0.3228025254570457,0.37469057630419883,0.6231751824817519,338,345,6.2167084532474775,6.780964096717414,0.18091006725409492,0.8117632109069881,1.5130291974636754,229.12445095168374,"{""time"": 366, ""stop"": 317}",0
CORE_NY_R30_CLOSE,0,rt20,752,683,1096,-3.498659372693495,-56.33275888525596,173.54889556170227,0.3762811127379209,0.9468997302784947,1.5695692027184387,16.41424110908325,0.08787381431347849,119.31958249375066,97.5806705328409,-0.03686387407661202,-0.2884230808145446,-0.10713548686201424,-0.3041010787592332,-0.5123607789103795,-0.2091016550678522,0.6231751824817519,338,345,-3.7919748092577996,-3.2112952638276018,-0.3318395424041218,-1.487447594615838,-2.769323550432188,229.12445095168374,"{""time"": 366, ""stop"": 317}",0
CORE_NY_R30_CLOSE,0,rt30,752,683,1096,-13.499046520738608,-66.35090711646738,173.5418918462136,0.3601756954612006,0.8130249382976106,1.4442760082766495,16.41424110908325,0.08787381431347849,119.31958249375066,97.5806705328409,-0.16033459423553098,-0.6408707586406779,-0.28897393682799044,-1.1721277867346038,-0.6883237292610828,-0.41982271501551266,0.6231751824817519,338,345,-13.80065807176307,-13.203554624372618,-0.08487703480820608,-0.38004769546811734,-0.7067562600629694,229.12445095168374,"{""time"": 366, ""stop"": 317}",0
CORE_NY_R30_CLOSE,0,db,752,683,1096,4.901665831664398,-47.91751437103837,173.55481228110662,0.3923865300146413,1.0807285152826667,1.673516171053383,16.41424110908325,0.08787381431347849,119.31958249375066,97.5806705328409,0.06685153085687986,0.2631296307532802,0.08089901318809134,0.42600347228465923,-0.3327475640601655,0.24312428376925294,0.6231751824817519,338,345,4.615319131246632,5.1822025990302105,0.23946766915627135,1.0743402436398506,2.0020872146567634,229.12445095168374,"{""time"": 366, ""stop"": 317}",0
CORE_NY_R30_CLOSE,0,db_nonfee_x2,752,683,1096,3.301603887977181,-49.5204180880322,173.553682921991,0.39092240117130306,1.0535173491220133,1.6414352705421633,16.41424110908325,0.08787381431347849,119.31958249375066,97.5806705328409,0.04709621563145286,0.13238064505492364,0.04227196952636558,0.2869676446923873,-0.3486458500250481,0.12124615716300251,0.6231751824817519,338,345,3.0139298092457896,3.5834411013430114,0.3547830127478446,1.5914235900417193,2.9651712798656966,229.12445095168374,"{""time"": 366, ""stop"": 317}",0
CORE_NY_R30_CLOSE,0,db_plus5,752,683,1096,-0.09852774235816061,-52.92658848664408,173.55128672904334,0.37920937042459735,0.9984550390285715,1.634536434548704,16.41424110908325,0.08787381431347849,119.31958249375066,97.5806705328409,0.0051161707774204125,-0.1023142994936782,-0.03530722553615928,-0.008564502121145392,-0.43295353904197065,-0.08154968686544582,0.6231751824817519,338,345,-0.3890225000060065,0.18607291875770068,-11.835988746502851,-53.07298498008883,-98.84901630576095,229.12445095168374,"{""time"": 366, ""stop"": 317}",0
CORE_NY_R30_CLOSE,0,db_plus10,752,683,1096,-5.098721316380715,-57.93566260224979,173.5477720455064,0.3733528550512445,0.923771263079869,1.550486669012486,16.41424110908325,0.08787381431347849,119.31958249375066,97.5806705328409,-0.056619189302039075,-0.3621383949408872,-0.13906926912061235,-0.44314205383894145,-0.5457886777974978,-0.25480423976880434,0.6231751824817519,338,345,-5.393364131258641,-4.810056761514808,-0.2272248149992681,-1.0183466784271447,-1.895608277062847,229.12445095168374,"{""time"": 366, ""stop"": 317}",0
CORE_NY_R30_STOP,0,gross,752,706,1096,15.273352625021277,-35.175534834504205,175.12161387117175,0.40793201133144474,1.2875362555134628,1.8687158152938455,15.273352625021277,0.09609463959622706,110.8822407534175,88.11235184535597,0.23174032072019363,1.6396198798617805,0.38161039083849047,1.3358568255386767,-0.24360384118867584,1.5665204168226803,0.6441605839416058,345,361,17.234390579209098,13.399230480437353,0.07719794843199676,0.3410591074054281,0.6315482791283057,221.56232294617564,"{""time"": 357, ""stop"": 349}",0
CORE_NY_R30_STOP,0,rt5,752,706,1096,10.369054650401358,-39.82084415226058,175.11618787473523,0.3951841359773371,1.184923960977311,1.813485775402551,15.273352625021277,0.09609463959622706,110.8822407534175,88.11235184535597,0.16533549159847596,0.8677500895971393,0.23128069629066195,0.9076006925773538,-0.2987221613635952,0.7742334724511931,0.6441605839416058,345,361,11.145372011331201,9.627144707130457,0.11347331974180473,0.49980905991713975,0.9243931051752304,221.56232294617564,"{""time"": 357, ""stop"": 349}",0
CORE_NY_R30_STOP,0,rt10,752,706,1096,5.368662036185217,-44.821647608583476,175.11375864344987,0.3838526912181303,1.090820935369405,1.7509487338955394,15.273352625021277,0.09609463959622706,110.8822407534175,88.11235184535597,0.0974124086499998,0.3124300276471954,0.09476979896470494,0.47013886843977276,-0.3488968277785044,0.2716270009335514,0.6441605839416058,345,361,6.141063413686398,4.630494514750571,0.21778873861642267,0.9586852067690458,1.7720101209863783,221.56232294617564,"{""time"": 357, ""stop"": 349}",0
CORE_NY_R30_STOP,0,rt20,752,706,1096,-4.632123192247071,-54.8390497313264,175.10893316495475,0.3668555240793201,0.9291126822829917,1.6035265211602212,15.273352625021277,0.09609463959622706,110.8822407534175,88.11235184535597,-0.0384337572469527,-0.35231938482047787,-0.1346781469108147,-0.40566798951619604,-0.51782036410947,-0.26008661737826716,0.6441605839416058,345,361,-3.867553781603207,-5.362805870009213,-0.24923350336575031,-1.0957125918200832,-2.0227884173022033,221.56232294617564,"{""time"": 357, ""stop"": 349}",0
CORE_NY_R30_STOP,0,rt30,752,706,1096,-14.632908420679355,-64.85645185406932,175.10415166825365,0.34985835694050993,0.79610020781661,1.4793926938778297,15.273352625021277,0.09609463959622706,110.8822407534175,88.11235184535597,-0.17427992314390514,-0.6805974329426494,-0.3161982371429328,-1.2801108878406346,-0.6975813416845476,-0.4532779451631613,0.6441605839416058,345,361,-13.87617097689281,-15.356106254768994,-0.07788789601947042,-0.3419753885638162,-0.6305162686779581,221.56232294617564,"{""time"": 357, ""stop"": 349}",0
CORE_NY_R30_STOP,0,db,752,706,1096,3.768536399636053,-46.42443194822234,175.11298361146353,0.38243626062322944,1.0627055535172827,1.716072671605686,15.273352625021277,0.09609463959622706,110.8822407534175,88.11235184535597,0.07567702210648737,0.17225565850538094,0.054354009051104546,0.3300438258614585,-0.3641868641365651,0.14924758250128026,0.6441605839416058,345,361,4.53968466244006,3.031566453189004,0.30963572976512505,1.3627136222510907,2.5183146787264885,221.56232294617564,"{""time"": 357, ""stop"": 349}",0
CORE_NY_R30_STOP,0,db_nonfee_x2,752,706,1096,2.1684107630868885,-48.02721628786121,175.1122097053331,0.37960339943342775,1.0354953801794833,1.6923394646216927,15.273352625021277,0.09609463959622706,110.8822407534175,88.11235184535597,0.05394163556297498,0.04703371219585395,0.015424141181213935,0.18991809321728148,-0.3791202108090632,0.04068403831148431,0.6441605839416058,345,361,2.938305911193726,1.43263839162744,0.5370351980355745,2.3630277936540502,4.3660535918407,221.56232294617564,"{""time"": 357, ""stop"": 349}",0
CORE_NY_R30_STOP,0,db_plus5,752,706,1096,-1.2318562145800938,-51.4331330095938,175.11056889306735,0.37535410764872523,0.9805094720134425,1.631715762860106,15.273352625021277,0.09609463959622706,110.8822407534175,88.11235184535597,0.007753939158011126,-0.1764716993541099,-0.06261394600155645,-0.1078939047615913,-0.4366803125069493,-0.14338623521196647,0.6441605839416058,345,361,-0.46462393520474204,-1.9650837391908873,-0.9412596889779057,-4.1398868184127275,-7.645860985479102,221.56232294617564,"{""time"": 357, ""stop"": 349}",0
CORE_NY_R30_STOP,0,db_plus10,752,706,1096,-6.232248828796237,-56.441834070965264,175.10816516981203,0.3626062322946176,0.9060872973467224,1.5927315773672857,15.273352625021277,0.09609463959622706,110.8822407534175,88.11235184535597,-0.0601691437904651,-0.421560473598408,-0.16665475842623667,-0.5457496586542833,-0.5518839649237429,-0.30197427180053027,0.6441605839416058,345,361,-5.468932532849544,-6.9617339315707785,-0.18486419721099379,-0.8125565684585895,-1.4997543368053596,221.56232294617564,"{""time"": 357, ""stop"": 349}",0
CORE_NY_R60_CLOSE,0,gross,752,515,1096,17.217951154233614,-15.91282388318719,178.1053669553451,0.458252427184466,1.3131295761901165,1.5523862362586547,17.217951154233614,0.15871329407070336,157.90165188437925,129.40331807338592,0.13865433428421364,1.2385839610671847,0.3078301837721735,1.2635657697958182,-0.3201395321283522,0.9615500520215555,0.4698905109489051,255,260,21.581731703376178,12.938089461805331,0.09989447120412008,0.4166395613437151,0.7378103329870604,247.35728155339805,"{""time"": 345, ""stop"": 170}",0
CORE_NY_R60_CLOSE,0,rt5,752,515,1096,12.375625886010976,-20.532822206817475,178.17184170647502,0.44660194174757284,1.2147582777071066,1.50524395281098,17.217951154233614,0.15871329407070336,157.90165188437925,129.40331807338592,0.09220411539957359,0.7448955904320393,0.20369452235548624,0.9089520627804817,-0.34731737057496004,0.5864795130122169,0.4698905109489051,255,260,15.43329643097232,9.376756697683497,0.1380831770007837,0.5776883076674154,1.0216487545716542,247.35728155339805,"{""time"": 345, ""stop"": 170}",0
CORE_NY_R60_CLOSE,0,rt10,752,515,1096,7.374587323717629,-25.5367761561453,178.16431284597772,0.4368932038834951,1.1220858053735168,1.446243926925866,17.217951154233614,0.15871329407070336,157.90165188437925,129.40331807338592,0.045462713404278356,0.34894408133526444,0.10482064189348539,0.5421108473840432,-0.37944312105168265,0.27624862878778644,0.4698905109489051,255,260,10.427900998046475,4.3799912200489555,0.23034875481841374,0.9627024762272678,1.7011853090204243,247.35728155339805,"{""time"": 345, ""stop"": 170}",0
CORE_NY_R60_CLOSE,0,rt20,752,515,1096,-2.627489800869062,-35.54468405480096,178.1492878513924,0.4,0.9603135362908789,1.4404703044363185,17.217951154233614,0.15871329407070336,157.90165188437925,129.40331807338592,-0.04802009058631212,-0.1941110984611032,-0.06934889630155028,-0.19324153039782657,-0.48001427716686496,-0.14447257008866607,0.4698905109489051,255,260,0.41711013219478893,-5.613539735220145,-0.6388034472947577,-2.664174636166705,-4.700126065010662,247.35728155339805,"{""time"": 345, ""stop"": 170}",0
CORE_NY_R60_CLOSE,0,rt30,752,515,1096,-12.62956692545575,-45.55259195345662,178.13430650121722,0.37281553398058254,0.8253530317633003,1.388484527393469,17.217951154233614,0.15871329407070336,157.90165188437925,129.40331807338592,-0.1415028945769026,-0.5187925657949608,-0.21619615373093737,-0.9277490414999521,-0.616373020567509,-0.35075538110328147,0.4698905109489051,255,260,-9.593680733656898,-15.607070690489241,-0.13129286914769614,-0.5463884812168989,-0.9623075006266263,247.35728155339805,"{""time"": 345, ""stop"": 170}",0
CORE_NY_R60_CLOSE,0,db,752,515,1096,5.77425498378376,-27.138041419930207,178.16190591439442,0.4330097087378641,1.0941812526371506,1.4327395774441616,17.217951154233614,0.15871329407070336,157.90165188437925,129.40331807338592,0.030505464765783894,0.2422642371417838,0.07491966231161284,0.4245497584211377,-0.39139928579739214,0.1914149182949583,0.4698905109489051,255,260,8.82617445951021,2.781026267205897,0.2936279429490018,1.2267596097922568,2.1672369231507678,247.35728155339805,"{""time"": 345, ""stop"": 170}",0
CORE_NY_R60_CLOSE,0,db_nonfee_x2,752,515,1096,4.17392264384989,-28.739306683715114,178.1595000998707,0.42330097087378643,1.0670754660862136,1.4537679515027773,17.217951154233614,0.15871329407070336,157.90165188437925,129.40331807338592,0.015548216127289412,0.1440059727073506,0.04582333331243471,0.30693097742540376,-0.40312696082805455,0.11366973128840098,0.4698905109489051,255,260,7.224447920973943,1.1820613143628407,0.40543114067490615,1.6933021301225928,2.9906681697331576,247.35728155339805,"{""time"": 345, ""stop"": 170}",0
CORE_NY_R60_CLOSE,0,db_plus5,752,515,1096,0.7732164214904144,-32.14199536925804,178.15439145320133,0.4174757281553398,1.0120430344840008,1.4121530713730241,17.217951154233614,0.15871329407070336,157.90165188437925,129.40331807338592,-0.016235937229511367,-0.03979342374017725,-0.013432232842004344,0.05686839503337794,-0.4379684394773772,-0.03066940818391589,0.4698905109489051,255,260,3.8207790265843626,-2.2157392104286546,2.179653501547911,9.096938060978834,16.05782689188045,247.35728155339805,"{""time"": 345, ""stop"": 170}",0
CORE_NY_R60_CLOSE,0,db_plus10,752,515,1096,-4.227822140802934,-37.14594931858587,178.1468879021735,0.39611650485436894,0.9370557635683724,1.4285506983811953,17.217951154233614,0.15871329407070336,157.90165188437925,129.40331807338592,-0.06297733922480662,-0.2579051992661031,-0.09456100555221458,-0.310915323291604,-0.4987019619877805,-0.18961426414947927,0.4698905109489051,255,260,-1.1846164063414786,-7.2125046880632055,-0.3962335908109552,-1.6519571459517528,-2.913597563406902,247.35728155339805,"{""time"": 345, ""stop"": 170}",0
CORE_NY_R60_STOP,0,gross,752,568,1096,18.923595395448814,-14.569454541885264,179.52924713385798,0.4595070422535211,1.352263759161681,1.5905937703549278,18.923595395448814,0.06167315839075932,149.10552859888477,123.01295218929529,0.17593555315767012,1.6750399209081563,0.3877570935145658,1.4464617659587156,-0.27062436685654523,1.432824021053918,0.5182481751824818,292,276,19.005387499123966,18.837061720546124,0.08419107383905614,0.35175521190285636,0.6272099896605089,247.00352112676057,"{""time"": 375, ""stop"": 193}",0
CORE_NY_R60_STOP,0,rt5,752,568,1096,13.985114265056618,-17.740273553880577,179.67569795122122,0.44190140845070425,1.2479125923498406,1.5760489712147392,18.923595395448814,0.06167315839075932,149.10552859888477,123.01295218929529,0.12587527365099913,1.0211830384402774,0.26408303440888514,1.0694056197333508,-0.28843676223818193,0.9155664914544206,0.5182481751824818,292,276,12.774512634546046,15.26589570023447,0.11319981488122058,0.47401699133946323,0.8439884829533367,247.00352112676057,"{""time"": 375, ""stop"": 193}",0
CORE_NY_R60_STOP,0,rt10,752,568,1096,8.984959976273664,-22.737708515352196,179.66685090497867,0.43133802816901406,1.1517088724987545,1.5183753706820318,18.923595395448814,0.06167315839075932,149.10552859888477,123.01295218929529,0.07600055976518132,0.5218386589934574,0.15009594573358465,0.6876793918293045,-0.3309723322167061,0.45349997907169004,0.5182481751824818,292,276,7.769761287671266,10.270604965664608,0.1751717574366043,0.732851211828913,1.3037282068135563,247.00352112676057,"{""time"": 375, ""stop"": 193}",0
CORE_NY_R60_STOP,0,rt20,752,568,1096,-1.015348601292244,-32.732578438295434,179.6491895187179,0.4084507042253521,0.9843830503121949,1.4256582107969717,18.923595395448814,0.06167315839075932,149.10552859888477,123.01295218929529,-0.02374886800645423,-0.13759824796752818,-0.04810415805382395,-0.07776538189259787,-0.4544189625134326,-0.10585860631289566,0.5182481751824818,292,276,-2.239741406078297,0.28002349652488323,-1.531995016145451,-6.3973622826198495,-11.360912414521508,247.00352112676057,"{""time"": 375, ""stop"": 193}",0
CORE_NY_R60_STOP,0,rt30,752,568,1096,-11.015657178858152,-42.72744836123867,179.63157175147168,0.3732394366197183,0.8450634989579365,1.419068894476535,18.923595395448814,0.06167315839075932,149.10552859888477,123.01295218929529,-0.12349829577808974,-0.5115684814533193,-0.21229692684690282,-0.8430119871773029,-0.5775663418335811,-0.36757150039756586,0.5182481751824818,292,276,-12.249244099827854,-9.710557972614849,-0.13953836245636206,-0.5815782735763458,-1.0309532256154108,247.00352112676057,"{""time"": 375, ""stop"": 193}",0
CORE_NY_R60_STOP,0,db,752,568,1096,7.3849106038631165,-24.336887703023116,179.664022152509,0.426056338028169,1.1228010219218187,1.512533608043442,18.923595395448814,0.06167315839075932,149.10552859888477,123.01295218929529,0.060040651321719644,0.38969581890840477,0.11582593099302252,0.5653363156631167,-0.34668389715586134,0.33409665676208133,0.5182481751824818,292,276,6.16824085667134,8.672111930602252,0.2127265929916323,0.8897040743611478,1.582329280392209,247.00352112676057,"{""time"": 375, ""stop"": 193}",0
CORE_NY_R60_STOP,0,db_nonfee_x2,752,568,1096,5.7848612314525765,-25.936066890694033,179.66119451640958,0.4225352112676056,1.0947447717016756,1.49615118799229,18.923595395448814,0.06167315839075932,149.10552859888477,123.01295218929529,0.044080742878257966,0.26900863662458496,0.08257183826285619,0.4429245841225526,-0.36202892415130006,0.2280807768507125,0.5182481751824818,292,276,4.56672042567141,7.073618895539896,0.27105620210011827,1.1333255953673134,2.015048302560093,247.00352112676057,"{""time"": 375, ""stop"": 193}",0
CORE_NY_R60_STOP,0,db_plus5,752,568,1096,2.384756315080163,-29.334322664494735,179.65518949663715,0.41901408450704225,1.0378389856319827,1.4390204422628332,18.923595395448814,0.06167315839075932,149.10552859888477,123.01295218929529,0.010165937435901844,0.046167848668428935,0.015144411606676123,0.18263563563074445,-0.4048750710496083,0.03740514714184642,0.5182481751824818,292,276,1.1634895097965583,3.6768211960323867,0.6548953224595453,2.7364817240105253,4.862564193208292,247.00352112676057,"{""time"": 375, ""stop"": 193}",0
CORE_NY_R60_STOP,0,db_plus10,752,568,1096,-2.615397973702792,-34.331757625966354,179.64636774442687,0.4014084507042254,0.9603522519814808,1.43210423541098,18.923595395448814,0.06167315839075932,149.10552859888477,123.01295218929529,-0.0397087764499159,-0.21255308236750559,-0.07649625985837316,-0.20030734549035176,-0.476290277459792,-0.16060848494819613,0.5182481751824818,292,276,-3.8412618370782257,-1.3184695385374738,-0.593624624323645,-2.478131113118987,-4.399598519459731,247.00352112676057,"{""time"": 375, ""stop"": 193}",0
CORE_LDN_R5_CLOSE,0,gross,751,748,1096,2.393384504747788,-24.534644528214333,117.08220400929872,0.18850267379679145,1.0745247086301073,4.62579076693954,2.393384504747788,0.06535008436513431,41.68938580017507,31.880706182685245,0.20631752784484153,0.13783568578259042,0.04394141613801805,0.322683658525087,-0.2450166051249889,0.17934056394097236,0.6824817518248175,357,391,3.159990549610368,1.6934398550906518,0.5014500414416663,2.233789293594576,3.5633620930551326,131.22192513368984,"{""stop"": 601, ""time"": 147}",0
CORE_LDN_R5_CLOSE,0,rt5,751,748,1096,-2.5414211534147735,-29.455804233236968,117.09638754925844,0.18716577540106952,0.9296031739005094,4.037133783796498,2.393384504747788,0.06535008436513431,41.68938580017507,31.880706182685245,0.017283972825268126,-0.2134177297125599,-0.07683408953057158,-0.3425980279923971,-0.3552463376878008,-0.2162839736242271,0.6824817518248175,357,391,-2.1265985578102424,-2.9201722189667367,-0.4697286422593779,-2.091425831317863,-3.330466970019191,131.22192513368984,"{""stop"": 601, ""time"": 147}",0
CORE_LDN_R5_CLOSE,0,rt10,751,748,1096,-7.5415768959424705,-34.461916656189544,117.10333577273728,0.18716577540106952,0.8122391566384682,3.5274386231156334,2.393384504747788,0.06535008436513431,41.68938580017507,31.880706182685245,-0.17359417244791825,-0.4589876178719904,-0.1850138850438432,-1.015993607143373,-0.4637872331039916,-0.3989197456031716,0.6824817518248175,357,391,-7.127388555447645,-7.919748859002964,-0.15744636339288542,-0.7004814819702083,-1.1136165343940387,131.22192513368984,"{""stop"": 601, ""time"": 147}",0
CORE_LDN_R5_CLOSE,0,rt20,751,748,1096,-17.541888380997868,-44.47414150209468,117.11725293794795,0.1804812834224599,0.6370058710144608,2.892478510606404,2.393384504747788,0.06535008436513431,41.68938580017507,31.880706182685245,-0.5553504629942911,-0.7442067453247816,-0.36494728314583236,-2.3561141560017567,-0.7446995016529177,-0.4900597923535653,0.6824817518248175,357,391,-17.128968550722448,-17.91890213907542,-0.06696114628164423,-0.29744900155788073,-0.471273991939207,131.22192513368984,"{""stop"": 601, ""time"": 147}",0
CORE_LDN_R5_CLOSE,0,rt30,751,748,1096,-27.54219986605326,-54.47434663325211,117.13119771928838,0.17245989304812834,0.5129922746072971,2.4615675812551703,2.393384504747788,0.06535008436513431,41.68938580017507,31.880706182685245,-0.937106753540664,-0.8791505163831661,-0.5052785710637919,-3.679816330626456,-0.8791505163831661,-0.5747349988970182,0.6824817518248175,357,391,-27.130548545997257,-27.918055419147873,-0.04218457701305947,-0.1870910614741517,-0.295388416312801,131.22192513368984,"{""stop"": 601, ""time"": 147}",0
CORE_LDN_R5_CLOSE,0,db,751,748,1096,-9.141626733551334,-36.063872631534366,117.10556066296101,0.18716577540106952,0.7795419206872604,3.385439198413245,2.393384504747788,0.06535008436513431,41.68938580017507,31.880706182685245,-0.23467517893533793,-0.5200696686540962,-0.21688952847979048,-1.231146927869242,-0.5237958667518932,-0.41407262303298153,0.6824817518248175,357,391,-8.727641354691613,-9.519613383814558,-0.12966519708697785,-0.576740690684354,-0.916401723323201,131.22192513368984,"{""stop"": 601, ""time"": 147}",0
CORE_LDN_R5_CLOSE,0,db_nonfee_x2,751,748,1096,-10.741676571160198,-37.66582860687919,117.10778626036951,0.1858288770053476,0.7488346556246585,3.2808655055785394,2.393384504747788,0.06535008436513431,41.68938580017507,31.880706182685245,-0.29575618542275756,-0.5742635297663816,-0.24752326543437897,-1.4460737534231716,-0.5770968572576083,-0.42891113046538026,0.6824817518248175,357,391,-10.327894153935583,-11.11947790862615,-0.11016043909440514,-0.48986405774303615,-0.7779400360012517,131.22192513368984,"{""stop"": 601, ""time"": 147}",0
CORE_LDN_R5_CLOSE,0,db_plus5,751,748,1096,-14.141782476079031,-41.069985054486935,117.11251800275275,0.18181818181818182,0.6894831390524812,3.1026741257361654,2.393384504747788,0.06535008436513431,41.68938580017507,31.880706182685245,-0.42555332420852443,-0.6699849002463497,-0.3087140952109484,-1.9018693614483646,-0.6714019722384965,-0.459805165870568,0.6824817518248175,357,391,-13.728431352329016,-14.519190023850786,-0.08336759406439154,-0.3705253730993987,-0.5877411864475254,131.22192513368984,"{""stop"": 601, ""time"": 147}",0
CORE_LDN_R5_CLOSE,0,db_plus10,751,748,1096,-19.14193821860673,-46.07423451238516,117.11948224741458,0.1804812834224599,0.6143606139582181,2.7896522693065755,2.393384504747788,0.06535008436513431,41.68938580017507,31.880706182685245,-0.6164314694817109,-0.7731138752433119,-0.38980979118863246,-2.5692392503553734,-0.7732976543505677,-0.5040876420555074,0.6824817518248175,357,391,-18.72922134996642,-19.518766663887014,-0.06125722046182602,-0.2720430021621666,-0.4307825798605746,131.22192513368984,"{""stop"": 601, ""time"": 147}",0
CORE_LDN_R5_STOP,0,gross,751,750,1096,4.566234776500775,-21.406678804459297,115.21698999962497,0.17066666666666666,1.1614862315530583,5.644097156453143,4.566234776500775,0.03981412799747025,35.976376901160634,26.917395396353875,0.2979612803090487,0.3419065447160874,0.1028977363946082,0.626321348542197,-0.17588155541297867,0.5850399500561567,0.6843065693430657,360,390,5.642151377945736,3.5730809905515835,0.26400886165981535,1.1860618409581807,1.9070939250191536,122.65466666666667,"{""stop"": 617, ""time"": 133}",3
CORE_LDN_R5_STOP,0,rt5,751,750,1096,-0.3941636531383359,-26.333210472793148,115.25540427557313,0.168,0.9878311226265348,4.892116035864744,4.566234776500775,0.03981412799747025,35.976376901160634,26.917395396353875,0.0713736611709796,-0.07497955211545626,-0.025622143699503663,-0.05406021459368982,-0.2785122250283757,-0.09199647770180716,0.6843065693430657,360,390,0.3834889521967183,-1.1119968272937708,-3.0422925878943485,-13.661366111947052,-21.93006380902218,122.65466666666667,"{""stop"": 617, ""time"": 133}",3
CORE_LDN_R5_STOP,0,rt10,751,750,1096,-5.394376210774917,-31.33367239775469,115.2624839377538,0.16666666666666666,0.8524232056663363,4.262116028331682,4.566234776500775,0.03981412799747025,35.976376901160634,26.917395396353875,-0.15641771806011687,-0.3643563863606242,-0.1400674016591309,-0.7395478014696658,-0.40799740186760436,-0.34330464120108034,0.6843065693430657,360,390,-4.617921585647769,-6.111103557046131,-0.2211184071519285,-0.9922299518770469,-1.5902710696703004,122.65466666666667,"{""stop"": 617, ""time"": 133}",3
CORE_LDN_R5_STOP,0,rt20,751,750,1096,-15.394801326048082,-41.34283811203886,115.27666358251886,0.16,0.6572058436171982,3.4503306789902912,4.566234776500775,0.03981412799747025,35.976376901160634,26.917395396353875,-0.6120004765223096,-0.7000190836421858,-0.33033606481091027,-2.1051118978959407,-0.7011161753683366,-0.471157386487861,0.6843065693430657,360,390,-14.620742661336742,-16.109317016550854,-0.07665349361784247,-0.3434767935610905,-0.5487237524399853,122.65466666666667,"{""stop"": 617, ""time"": 133}",3
CORE_LDN_R5_STOP,0,rt30,751,750,1096,-25.395226441321245,-51.35441046356629,115.29087031282289,0.156,0.5238029742304059,2.833908399041427,4.566234776500775,0.03981412799747025,35.976376901160634,26.917395396353875,-1.0675832349845025,-0.858535763111649,-0.4786366007897547,-3.455534354633711,-0.858535763111649,-0.557503392817324,0.6843065693430657,360,390,-24.623563737025712,-26.10753047605558,-0.045966699205491346,-0.2056706349126933,-0.3274814617502027,122.65466666666667,"{""stop"": 617, ""time"": 133}",3
CORE_LDN_R5_STOP,0,db,751,750,1096,-6.994444229218624,-32.93382021374238,115.26475086035578,0.16666666666666666,0.8153840385400463,4.076920192700231,4.566234776500775,0.03981412799747025,35.976376901160634,26.917395396353875,-0.22931095941406765,-0.43628911704312767,-0.1737822531597326,-0.958666104701916,-0.44490375058434917,-0.3906064017924823,0.6843065693430657,360,390,-6.218372957758004,-7.710817710566887,-0.17024354545752515,-0.7637646007013501,-1.2234790617287552,122.65466666666667,"{""stop"": 617, ""time"": 133}",3
CORE_LDN_R5_STOP,0,db_nonfee_x2,751,750,1096,-8.59451224766233,-34.534968913000206,115.26701847656257,0.16666666666666666,0.7808634721404932,3.904317360702467,4.566234776500775,0.03981412799747025,35.976376901160634,26.917395396353875,-0.3022042007680185,-0.5000911836048688,-0.20618035281884484,-1.1776010433026682,-0.5042782544670785,-0.4088622719548681,0.6843065693430657,360,390,-7.81882432986824,-9.310531864087642,-0.13831175738829535,-0.6203675096443526,-0.9932607520765222,122.65466666666667,"{""stop"": 617, ""time"": 133}",3
CORE_LDN_R5_STOP,0,db_plus5,751,750,1096,-11.994656786855206,-37.93890351251953,115.27183946379996,0.164,0.7148243557645856,3.6438607403609367,4.566234776500775,0.03981412799747025,35.976376901160634,26.917395396353875,-0.45710233864516414,-0.6127324624887251,-0.2708856171184527,-1.642048288092789,-0.6150636724903087,-0.4404188204152489,0.6843065693430657,360,390,-11.219783495602492,-12.70992444031925,-0.09874344219083905,-0.44267682458029883,-0.7079854452006404,122.65466666666667,"{""stop"": 617, ""time"": 133}",3
CORE_LDN_R5_STOP,0,db_plus10,751,750,1096,-16.99486934449179,-42.94468968828325,115.27893483947928,0.16,0.6325741107496076,3.3210140814354396,4.566234776500775,0.03981412799747025,35.976376901160634,26.917395396353875,-0.6848937178762606,-0.7339984924816418,-0.35661695336873844,-2.3224393689859846,-0.7346750014410897,-0.48540776897161647,0.6843065693430657,360,390,-16.22119403344698,-17.70903117007161,-0.06931670906656842,-0.31052926302870476,-0.4958278064311067,122.65466666666667,"{""stop"": 617, ""time"": 133}",3
CORE_LDN_R15_CLOSE,0,gross,751,734,1096,0.24552732809178643,-33.776964702721635,137.70022126023346,0.26021798365122617,1.0056124211001112,2.8588876683631432,0.24552732809178643,0.06232414909494212,64.11711773794244,50.1796004711832,0.11801199939996325,-0.04897346862899332,-0.016583456237116545,0.027883801445059534,-0.22566702880269807,-0.07348639420256449,0.6697080291970803,377,357,-0.35512694029432956,0.8798316955471526,4.756396599418602,22.160827812261964,37.802747970096284,173.71798365122615,"{""stop"": 529, ""time"": 205}",0
CORE_LDN_R15_CLOSE,0,rt5,751,734,1096,-4.691995940125327,-38.729412119900275,137.73488874620134,0.2574931880108992,0.9010163478295905,2.598168833688502,0.24552732809178643,0.06232414909494212,64.11711773794244,50.1796004711832,-0.0038468316761336055,-0.3382104334656879,-0.12844560436295915,-0.5326198498741712,-0.36725867460324724,-0.34974151257753155,0.6697080291970803,377,357,-5.75659475222564,-3.5677557379913876,-0.24750774093921563,-1.1525934208902806,-1.9666904787231843,173.71798365122615,"{""stop"": 529, ""time"": 205}",0
CORE_LDN_R15_CLOSE,0,rt10,751,734,1096,-9.691843357437383,-43.7294878828655,137.74226487002005,0.2506811989100817,0.8104517175185534,2.4225458947565452,0.24552732809178643,0.06232414909494212,64.11711773794244,50.1796004711832,-0.12687231408463806,-0.5416560952864908,-0.22880027852437768,-1.0994383952364246,-0.5503479479110749,-0.41573749732841225,0.6697080291970803,377,357,-10.756505970490567,-8.567535780067498,-0.11915022150935897,-0.5546172982679948,-0.9451924901047555,173.71798365122615,"{""stop"": 529, ""time"": 205}",0
CORE_LDN_R15_CLOSE,0,rt20,751,734,1096,-19.6915381920615,-53.729639408795954,137.75704174052487,0.24250681198910082,0.6643315637410913,2.075103086741836,0.24552732809178643,0.06232414909494212,64.11711773794244,50.1796004711832,-0.37292327890164695,-0.7802672558047349,-0.39628530540027496,-2.2278722688983743,-0.7802672558047349,-0.5078840646613614,0.6697080291970803,377,357,-20.75632840702042,-18.567095864219723,-0.05798151501468407,-0.26965210029613207,-0.4583981758468611,173.71798365122615,"{""stop"": 529, ""time"": 205}",0
CORE_LDN_R15_CLOSE,0,rt30,751,734,1096,-29.691233026685612,-63.7297909347264,137.77185143271396,0.22752043596730245,0.5523352464145331,1.8752939204613188,0.24552732809178643,0.06232414909494212,64.11711773794244,50.1796004711832,-0.6189742437186557,-0.8947364840383383,-0.5275128684534165,-3.3446021448950267,-0.8947364840383383,-0.5895734418613618,0.6697080291970803,377,357,-30.75615084355027,-28.566655948371956,-0.038014761825598715,-0.1766334621485628,-0.29949826634029675,173.71798365122615,"{""stop"": 529, ""time"": 205}",0
CORE_LDN_R15_CLOSE,0,db,751,734,1096,-11.291794530977244,-45.32951212701437,137.74462696324798,0.24931880108991825,0.7842250980891305,2.3612460603667262,0.24552732809178643,0.06232414909494212,64.11711773794244,50.1796004711832,-0.16624046845535945,-0.5925019975827892,-0.25841591141597053,-1.280540174399235,-0.5988226635997698,-0.4315399652086079,0.6697080291970803,377,357,-12.35647756033534,-10.167465393531854,-0.102082877015344,-0.47510606644205516,-0.809366726650193,173.71798365122615,"{""stop"": 529, ""time"": 205}",0
CORE_LDN_R15_CLOSE,0,db_nonfee_x2,751,734,1096,-12.891745704517103,-46.929536371163245,137.7469898969383,0.24931880108991825,0.7591791091182276,2.2858343667985976,0.24552732809178643,0.06232414909494212,64.11711773794244,50.1796004711832,-0.20560862282608086,-0.6377141899368812,-0.286898719204546,-1.4614651241773167,-0.6420781091379215,-0.44682837667483655,0.6697080291970803,377,357,-13.956449150180116,-11.767395006996212,-0.08925187389483913,-0.4153305774061611,-0.7072547199849739,173.71798365122615,"{""stop"": 529, ""time"": 205}",0
CORE_LDN_R15_CLOSE,0,db_plus5,751,734,1096,-16.291641948289303,-50.3295878899796,137.75201392143043,0.2452316076294278,0.7095605245480379,2.1838696144422944,0.24552732809178643,0.06232414909494212,64.11711773794244,50.1796004711832,-0.289265950863864,-0.7178425327594076,-0.3438582969309525,-1.845234904838335,-0.7191514990731329,-0.4781444485259766,0.6697080291970803,377,357,-17.356388778600266,-15.16724543560797,-0.07035379510933339,-0.3272905472827789,-0.5568595615720231,173.71798365122615,"{""stop"": 529, ""time"": 205}",0
CORE_LDN_R15_CLOSE,0,db_plus10,751,734,1096,-21.291489365601358,-55.329663652944824,137.7594090859327,0.23978201634877383,0.6444133006135584,2.0430830780816227,0.24552732809178643,0.06232414909494212,64.11711773794244,50.1796004711832,-0.4122914332723683,-0.8046661049074453,-0.4194919627615574,-2.4074813462561906,-0.8046661049074453,-0.5213242613342194,0.6697080291970803,377,357,-22.356299996865197,-20.167025477684085,-0.053526495365894315,-0.2488976062265798,-0.4229441281938042,173.71798365122615,"{""stop"": 529, ""time"": 205}",0
CORE_LDN_R15_STOP,0,gross,751,747,1096,2.551639913399419,-32.158332954587266,134.7236340805492,0.24765729585006693,1.0636214836734057,3.2311095882402916,2.551639913399419,0.08279601767120524,57.401167978589356,44.7194934465963,0.15865944617724426,0.13238003502751616,0.04227178253551522,0.29877543525681877,-0.24862402061226097,0.17002292228810725,0.6815693430656934,379,368,3.458048702575893,1.6181373832421269,0.45306529513432403,2.128771873286497,3.6521194661240037,166.11512717536814,"{""stop"": 552, ""time"": 195}",0
CORE_LDN_R15_STOP,0,rt5,751,747,1096,-2.3658034015603135,-37.36300411090837,134.78932804673497,0.24230254350736277,0.9460207005471659,2.9582746768491486,2.551639913399419,0.08279601767120524,57.401167978589356,44.7194934465963,0.021905951614584807,-0.2158350448478875,-0.07777988409309389,-0.2768827757431257,-0.31340292978668993,-0.24817854812663326,0.6815693430656934,379,368,-1.910859755735838,-2.8343459063632395,-0.48594699970708854,-2.282240366667263,-3.916605994599481,166.11512717536814,"{""stop"": 552, ""time"": 195}",0
CORE_LDN_R15_STOP,0,rt10,751,747,1096,-7.366042734191253,-42.35516092865806,134.7963825734826,0.23694779116465864,0.8453577908703571,2.722338648565557,2.551639913399419,0.08279601767120524,57.401167978589356,44.7194934465963,-0.11649178564535859,-0.4603897122466687,-0.1857178941656421,-0.8616749395800878,-0.4751580099465733,-0.39085502144123424,0.6815693430656934,379,368,-6.911724267911483,-7.83394137201743,-0.15520553987864028,-0.7286439923032372,-1.2489802042996105,166.11512717536814,"{""stop"": 552, ""time"": 195}",0
CORE_LDN_R15_STOP,0,rt20,751,747,1096,-17.366521399453127,-52.33947456415743,134.8105157716996,0.22757697456492637,0.6859792228097116,2.3282941856541384,2.551639913399419,0.08279601767120524,57.401167978589356,44.7194934465963,-0.3932872601652454,-0.7446229464883455,-0.36529158716657206,-2.0269227473762834,-0.7450929826384214,-0.49026308887388986,0.6815693430656934,379,368,-16.91345329226277,-17.833132303325808,-0.06509316184951965,-0.3053578888193324,-0.5221704968609997,166.11512717536814,"{""stop"": 552, ""time"": 195}",0
CORE_LDN_R15_STOP,0,rt30,751,747,1096,-27.367000064715004,-62.3237881996568,134.82468115443996,0.21686746987951808,0.5661194457941452,2.0443202209233022,2.551639913399419,0.08279601767120524,57.401167978589356,44.7194934465963,-0.6700827346851321,-0.8792303698543097,-0.5053874610034101,-3.181395958594581,-0.8792303698543097,-0.5748066471898075,0.6815693430656934,379,368,-26.91518231661405,-27.832323234634192,-0.04083870846140723,-0.19142711381006167,-0.3265439630078963,166.11512717536814,"{""stop"": 552, ""time"": 195}",0
CORE_LDN_R15_STOP,0,db,751,747,1096,-8.96611932063315,-43.95265111033795,134.79864172197983,0.23427041499330656,0.8164796356292578,2.6687220090282033,2.551639913399419,0.08279601767120524,57.401167978589356,44.7194934465963,-0.16077906156854047,-0.521239456798297,-0.21752571975188095,-1.0485931347952382,-0.5312487755733278,-0.4094611220837648,0.6815693430656934,379,368,-8.512000911807686,-9.43381192102677,-0.12727928129678912,-0.5974655966318264,-1.0237383865421095,166.11512717536814,"{""stop"": 552, ""time"": 195}",0
CORE_LDN_R15_STOP,0,db_nonfee_x2,751,747,1096,-10.566195907075054,-45.550141292017855,134.80090169461866,0.23427041499330656,0.7890202248656764,2.5789689635609543,2.551639913399419,0.08279601767120524,57.401167978589356,44.7194934465963,-0.20506633749172232,-0.575235556795924,-0.24809585554188807,-1.235364161837835,-0.5825859350532128,-0.4258528066236739,0.6815693430656934,379,368,-10.112277555703894,-11.033682470036108,-0.1078109678253105,-0.5060168219908736,-0.8667149062167326,166.11512717536814,"{""stop"": 552, ""time"": 195}",0
CORE_LDN_R15_STOP,0,db_plus5,751,747,1096,-13.966358653264093,-48.94480792808764,134.80570687269451,0.23293172690763053,0.7349299754477406,2.420200436388249,2.551639913399419,0.08279601767120524,57.401167978589356,44.7194934465963,-0.29917679882848386,-0.6706301583012444,-0.3091645207736373,-1.6316504139042407,-0.6737934499648379,-0.4588416832929604,0.6815693430656934,379,368,-13.512865423983332,-14.43340738668096,-0.08125215926131596,-0.38126176795606315,-0.6525023828708618,166.11512717536814,"{""stop"": 552, ""time"": 195}",0
CORE_LDN_R15_STOP,0,db_plus10,751,747,1096,-18.966597985895028,-53.93696474583733,134.81278007040146,0.22623828647925034,0.6645545941274477,2.272855357429969,2.551639913399419,0.08279601767120524,57.401167978589356,44.7194934465963,-0.4375745360884273,-0.7734479898227098,-0.390109188872243,-2.2125156045084067,-0.7734479898227098,-0.5043767570740781,0.6815693430656934,379,368,-18.513729936158978,-19.433002852335147,-0.05949366211479038,-0.27905528227390575,-0.47700721460153056,166.11512717536814,"{""stop"": 552, ""time"": 195}",0
CORE_LDN_R30_CLOSE,0,gross,751,694,1096,-4.310058191253186,-40.89452079954458,155.47368664657986,0.30403458213256485,0.9167334212470799,2.0984940401058747,-4.310058191253186,0.04582532622525604,85.32426204277427,68.14327463853783,-0.0236064656351525,-0.316551526036872,-0.1190480970752753,-0.421503066035143,-0.4083450473602609,-0.29153799671346464,0.6332116788321168,354,340,-1.6995893362839185,-7.0280169402505965,-0.5593437429105501,-1.6143551148584117,-2.576752322498734,195.23631123919307,"{""stop"": 449, ""time"": 245}",0
CORE_LDN_R30_CLOSE,0,rt5,751,694,1096,-9.264876910825711,-46.18162192155547,155.4642642699504,0.29827089337175794,0.8321501696641392,1.957763925731574,-4.310058191253186,0.04582532622525604,85.32426204277427,68.14327463853783,-0.11384426934284535,-0.5155654620908339,-0.21444952120271343,-0.9056528840740375,-0.5216636577439128,-0.4110877152726398,0.6332116788321168,354,340,-7.146665912775091,-11.470308361737239,-0.2593662918585335,-0.7471740409874642,-1.190966774157654,195.23631123919307,"{""stop"": 449, ""time"": 245}",0
CORE_LDN_R30_CLOSE,0,rt10,751,694,1096,-14.265520956623494,-51.182211083699244,155.46384690292018,0.2896253602305475,0.7570753291173075,1.8569061554966795,-4.310058191253186,0.04582532622525604,85.32426204277427,68.14327463853783,-0.205260590512037,-0.6577819800236306,-0.30030421112917993,-1.3932320311947863,-0.6600155080001783,-0.45499568947870667,0.6332116788321168,354,340,-12.146241015441024,-16.4720653659723,-0.16790059502196436,-0.4827714722778205,-0.7684565355793562,195.23631123919307,"{""stop"": 449, ""time"": 245}",0
CORE_LDN_R30_CLOSE,0,rt20,751,694,1096,-24.266809048219056,-61.18338940798681,155.46304133323457,0.27089337175792505,0.632010361099906,1.7010491633859175,-4.310058191253186,0.04582532622525604,85.32426204277427,68.14327463853783,-0.38809323285042024,-0.829308684944833,-0.44498593743116854,-2.363124088663339,-0.829308684944833,-0.53657455361241,0.6332116788321168,354,340,-22.145391220772883,-26.475579374442425,-0.09805882711009249,-0.2808778282364118,-0.4458343608868975,195.23631123919307,"{""stop"": 449, ""time"": 245}",0
CORE_LDN_R30_CLOSE,0,rt30,751,694,1096,-34.268097139814614,-71.18456773227437,155.46227464988272,0.25360230547550433,0.5326129473768676,1.5675767428478264,-4.310058191253186,0.04582532622525604,85.32426204277427,68.14327463853783,-0.5709258751888034,-0.914922092403704,-0.5598529977760827,-3.322457660757558,-0.914922092403704,-0.6119133010606664,0.6332116788321168,354,340,-32.14454142610473,-36.47909338291255,-0.06898428586172974,-0.19683120030925108,-0.31152945987739794,195.23631123919307,"{""stop"": 449, ""time"": 245}",0
CORE_LDN_R30_CLOSE,0,db,751,694,1096,-15.865727051278782,-52.78239961558526,155.4637153986334,0.2838616714697406,0.7349696262871941,1.854212712003733,-4.310058191253186,0.04582532622525604,85.32426204277427,68.14327463853783,-0.23451381328617826,-0.6938117007390178,-0.3257527357364125,-1.5489506652591283,-0.6954701533682968,-0.4683921145411185,0.6332116788321168,354,340,-13.746105048294119,-18.07262760732752,-0.15080879113521264,-0.4333636941944875,-0.6895038529050171,195.23631123919307,"{""stop"": 449, ""time"": 245}",0
CORE_LDN_R30_CLOSE,0,db_nonfee_x2,751,694,1096,-17.465933145934073,-54.38258814747127,155.46358488982392,0.27953890489913547,0.7137358452488053,1.8395253743525912,-4.310058191253186,0.04582532622525604,85.32426204277427,68.14327463853783,-0.26376703606031965,-0.7260529938717488,-0.3502795364336089,-1.7044900931726603,-0.7272322953448733,-0.48166114001784915,0.6332116788321168,354,340,-15.345969081147214,-19.673189848682735,-0.1368488449648178,-0.3930092689382527,-0.6250182545770159,195.23631123919307,"{""stop"": 449, ""time"": 245}",0
CORE_LDN_R30_CLOSE,0,db_plus5,751,694,1096,-20.866371097076563,-57.782988777729045,155.4633108639107,0.27521613832853026,0.6712634280738493,1.7677775095347967,-4.310058191253186,0.04582532622525604,85.32426204277427,68.14327463853783,-0.32593013445537,-0.7837498073930182,-0.39948881879132636,-2.034335667614199,-0.7841688996416385,-0.5094423139885946,0.6332116788321168,354,340,-18.745680150960045,-23.07438461156259,-0.11429317508148319,-0.327806933391884,-0.5208261717163865,195.23631123919307,"{""stop"": 449, ""time"": 245}",0
CORE_LDN_R30_CLOSE,0,db_plus10,751,694,1096,-25.86701514287435,-62.78357793987283,155.46291605072136,0.2665706051873199,0.6145886398870244,1.6909492848783536,-4.310058191253186,0.04582532622525604,85.32426204277427,68.14327463853783,-0.4173464556245616,-0.8472966117040384,-0.4651921428672603,-2.517435009481011,-0.8472966117040384,-0.5490310434874635,0.6332116788321168,354,340,-23.745255253625977,-28.076141615797646,-0.09189604908075248,-0.2630629052904207,-0.41736645537108336,195.23631123919307,"{""stop"": 449, ""time"": 245}",0
CORE_LDN_R30_STOP,0,gross,751,722,1096,-4.47644549489933,-38.54233312062132,139.2320247203389,0.29778393351800553,0.908895274917836,2.143301880852757,-4.47644549489933,0.08255151438511324,79.25390574144262,61.715573158382384,-0.006147353947466131,-0.3243203690422539,-0.12239573678979743,-0.4985744017308283,-0.38489149068872563,-0.3180006306992712,0.6587591240875912,365,357,-3.4613508062127685,-5.51428740350044,-0.26719620568440844,-1.2137194598398702,-2.0404429434186415,191.7853185595568,"{""stop"": 479, ""time"": 243}",0
CORE_LDN_R30_STOP,0,rt5,751,722,1096,-9.39413816595701,-43.78754088242505,139.22397775118068,0.2894736842105263,0.8213217762308042,2.0159716325665196,-4.47644549489933,0.08255151438511324,79.25390574144262,61.715573158382384,-0.10272062084932208,-0.5264036042581635,-0.22034670929847144,-1.0457258341286875,-0.5472910354382923,-0.40261340864465117,0.6587591240875912,365,357,-8.907985962393598,-9.891184536547055,-0.12661758265991563,-0.5747676426739388,-0.9650031432364307,191.7853185595568,"{""stop"": 479, ""time"": 243}",0
CORE_LDN_R30_STOP,0,rt10,751,722,1096,-14.3943823513998,-48.77796616952631,139.23034011869834,0.28116343490304707,0.743649037299608,1.9012504943768302,-4.47644549489933,0.08255151438511324,79.25390574144262,61.715573158382384,-0.2015001164342905,-0.6700855096622802,-0.30878428743241615,-1.6005895760860833,-0.675145648807715,-0.4573595163913432,0.6587591240875912,365,357,-13.907120624692041,-14.892563108397928,-0.0821735070965562,-0.3727967457074949,-0.6250268335799946,191.7853185595568,"{""stop"": 479, ""time"": 243}",0
CORE_LDN_R30_STOP,0,rt20,751,722,1096,-24.394870722285383,-58.75881674372883,139.24309011126238,0.27285318559556787,0.6151269424090939,1.639297689161291,-4.47644549489933,0.08255151438511324,79.25390574144262,61.715573158382384,-0.3990591076042272,-0.8399884672783724,-0.4568007751471258,-2.7031595929988717,-0.8400111415718745,-0.5438032337194187,0.6587591240875912,365,357,-23.905389949288935,-24.89532025209968,-0.04794386995246411,-0.217244168019779,-0.3631861817131957,191.7853185595568,"{""stop"": 479, ""time"": 243}",0
CORE_LDN_R30_STOP,0,rt30,751,722,1096,-34.39535909317097,-68.73966731793135,139.25587377282048,0.2548476454293629,0.5139696141496578,1.5028024587636732,-4.47644549489933,0.08255151438511324,79.25390574144262,61.715573158382384,-0.5966180987741639,-0.9224492790478842,-0.5732243192736026,-3.791565655729072,-0.9224492790478842,-0.6214155426141827,0.6587591240875912,365,357,-33.90365927388583,-34.89807739580143,-0.033618841873325235,-0.15214575538458822,-0.2536064431240209,191.7853185595568,"{""stop"": 479, ""time"": 243}",0
CORE_LDN_R30_STOP,0,db,751,722,1096,-15.994460490741494,-50.37490226139872,139.23237785457064,0.28116343490304707,0.7208713957280358,1.8430160314426138,-4.47644549489933,0.08255151438511324,79.25390574144262,61.715573158382384,-0.23310955502148034,-0.7061386030989761,-0.33491686276190535,-1.7777261014235366,-0.7084295809650181,-0.4727595681502794,0.6587591240875912,365,357,-15.50684371662755,-16.493004251390207,-0.07382033933841416,-0.33483675299220034,-0.5611290224014107,191.7853185595568,"{""stop"": 479, ""time"": 243}",0
CORE_LDN_R30_STOP,0,db_nonfee_x2,751,722,1096,-17.594538630083186,-51.971838353271124,139.23441645256824,0.278393351800554,0.6990064980453061,1.8118526640875845,-4.47644549489933,0.08255151438511324,79.25390574144262,61.715573158382384,-0.26471899360867024,-0.7382566675022224,-0.3600654068033763,-1.9546189866182866,-0.7395336580358391,-0.48688170293653743,0.6587591240875912,365,357,-17.10656680856305,-18.09344539438249,-0.0669864749737927,-0.30378105663730726,-0.5088531688050307,191.7853185595568,"{""stop"": 479, ""time"": 243}",0
CORE_LDN_R30_STOP,0,db_plus5,751,722,1096,-20.994704676184288,-55.36532754849998,139.23875133566543,0.2756232686980609,0.6553462543682985,1.7223421660031164,-4.47644549489933,0.08255151438511324,79.25390574144262,61.715573158382384,-0.33188905060644874,-0.7953406122334217,-0.4104054906698965,-2.329601656226626,-0.7958550155187608,-0.5156787136692009,0.6587591240875912,365,357,-20.505978378925995,-21.494382823241086,-0.05592316413242099,-0.25350513603985947,-0.4242240355683736,191.7853185595568,"{""stop"": 479, ""time"": 243}",0
CORE_LDN_R30_STOP,0,db_plus10,751,722,1096,-25.994948861627073,-60.35575283560124,139.24513323479593,0.27008310249307477,0.5972897156433759,1.6142137443285083,-4.47644549489933,0.08255151438511324,79.25390574144262,61.715573158382384,-0.43066854619141715,-0.8574910890410258,-0.4773575419391535,-2.87839693240741,-0.8574910890410258,-0.5566909651189562,0.6587591240875912,365,357,-25.505113041224444,-26.49576139509196,-0.04491119164300027,-0.20346251657109732,-0.33998761661857946,191.7853185595568,"{""stop"": 479, ""time"": 243}",0
CORE_LDN_R60_CLOSE,0,gross,751,555,1096,-3.6769385285598712,-39.9252640808317,149.74296289073814,0.3747747747747748,0.9337465833681892,1.5577406943690464,-3.6769385285598712,0.0,113.98571335532596,86.92181756932227,0.02782196775268019,-0.23312771606436544,-0.08460316353817854,-0.33393062528594886,-0.37272661452487277,-0.22698449813149257,0.5063868613138686,286,269,4.145618766130864,-11.993858180164152,-0.38354120009349574,-1.6845661034427215,-2.8941653829115506,214.9981981981982,"{""stop"": 291, ""time"": 264}",0
CORE_LDN_R60_CLOSE,0,rt5,751,555,1096,-8.678925913612835,-44.93524539685191,149.74338843815727,0.36576576576576575,0.8520035819407088,1.4773658169612292,-3.6769385285598712,0.0,113.98571335532596,86.92181756932227,-0.04176884971652075,-0.4191589825662869,-0.1655041436262653,-0.7876602886877964,-0.4872332464866054,-0.3396815484569262,0.5063868613138686,286,269,-0.8554176385606668,-16.99685664470919,-0.16149475006583866,-0.708551487592661,-1.2157921396021685,214.9981981981982,"{""stop"": 291, ""time"": 264}",0
CORE_LDN_R60_CLOSE,0,rt10,751,555,1096,-13.680913298665798,-49.94522671287212,149.74382332247788,0.35495495495495494,0.7788240371249827,1.4153248999530141,-3.6769385285598712,0.0,113.98571335532596,86.92181756932227,-0.1113596671857217,-0.5601231980282029,-0.23929051921129862,-1.2400886987046869,-0.6003896496993888,-0.3985587015550815,0.5063868613138686,286,269,-5.856454043252199,-21.999855109254234,-0.10181663286614413,-0.44623378503060795,-0.764705643481321,214.9981981981982,"{""stop"": 291, ""time"": 264}",0
CORE_LDN_R60_CLOSE,0,rt20,751,555,1096,-23.684888068771723,-59.96518934491253,149.74472110149637,0.3279279279279279,0.65412064999964,1.3405879255487128,-3.6769385285598712,0.0,113.98571335532596,86.92181756932227,-0.25054130212412357,-0.7478279105237304,-0.3679555269675848,-2.13811458841596,-0.7587564459281406,-0.48494550384674123,0.5063868613138686,286,269,-15.858526852635267,-32.005852038344315,-0.05808056315484553,-0.25399003029934486,-0.434119636986669,214.9981981981982,"{""stop"": 291, ""time"": 264}",0
CORE_LDN_R60_CLOSE,0,rt30,751,555,1096,-33.68886283887765,-69.98515197695295,149.74565622712194,0.3099099099099099,0.5524388681146045,1.2301400377203113,-3.6769385285598712,0.0,113.98571335532596,86.92181756932227,-0.38972293706252553,-0.8555157759422085,-0.47495603326469615,-3.0223530514980106,-0.8559642998459527,-0.5548783206848389,0.5063868613138686,286,269,-25.86059966201833,-42.011848967434396,-0.04031951907905168,-0.175920605597564,-0.29986997370073015,214.9981981981982,"{""stop"": 291, ""time"": 264}",0
CORE_LDN_R60_CLOSE,0,db,751,555,1096,-15.281549261882743,-51.54842073399858,149.7439644574008,0.34774774774774775,0.7570159579258703,1.4198952164205443,-3.6769385285598712,0.0,113.98571335532596,86.92181756932227,-0.13362872877586598,-0.5975741303798338,-0.2615027885635186,-1.384470358304297,-0.6310646790542582,-0.41438349703776545,0.5063868613138686,286,269,-7.456785692753489,-23.600814617908643,-0.0909707805465609,-0.3985603798311733,-0.6827255517851639,214.9981981981982,"{""stop"": 291, ""time"": 264}",0
CORE_LDN_R60_CLOSE,0,db_nonfee_x2,751,555,1096,-16.882185225099693,-53.15161475512505,149.74410654841145,0.33693693693693694,0.7359824618156773,1.448350513091814,-3.6769385285598712,0.0,113.98571335532596,86.92181756932227,-0.1558977903660103,-0.6318417603234552,-0.28306988053340576,-1.5286194831200937,-0.659389386026183,-0.4292909266242961,0.5063868613138686,286,269,-9.05711734225478,-25.201774126563055,-0.08218156497666267,-0.35992700894409485,-0.6162908745347146,214.9981981981982,"{""stop"": 291, ""time"": 264}",0
CORE_LDN_R60_CLOSE,0,db_plus5,751,555,1096,-20.283536646935712,-56.5584020500188,149.74441166630652,0.3333333333333333,0.693625276975603,1.387250553951206,-3.6769385285598712,0.0,113.98571335532596,86.92181756932227,-0.203219546245067,-0.6952948599145625,-0.32684217633066226,-1.8340567922548214,-0.7131385764065508,-0.4583150977157824,0.5063868613138686,286,269,-12.457822097445021,-28.60381308245369,-0.06811031250153675,-0.2980762201684643,-0.509931085170099,214.9981981981982,"{""stop"": 291, ""time"": 264}",0
CORE_LDN_R60_CLOSE,0,db_plus10,751,555,1096,-25.285524031988675,-61.568383366039,149.74486821192232,0.3279279279279279,0.6364560448009681,1.3043851907184674,-3.6769385285598712,0.0,113.98571335532596,86.92181756932227,-0.272810363714268,-0.7693183364018139,-0.3864290975899748,-2.2806609232558803,-0.7776842629440832,-0.49689715480041763,0.5063868613138686,286,269,-17.458858502136557,-33.60681154699873,-0.054294369112830275,-0.23734765334177127,-0.40550108995155865,214.9981981981982,"{""stop"": 291, ""time"": 264}",0
CORE_LDN_R60_STOP,0,gross,751,612,1096,-0.9324761526253856,-41.62154449410967,150.41140665673367,0.3627450980392157,0.982661445332956,1.7262971336930306,-0.9324761526253856,0.004143092340638401,107.13927426084778,81.66146877702464,0.06106869187816841,-0.11765354790450078,-0.0408285405100699,-0.08853745298288067,-0.3165538558429464,-0.12897818098392203,0.5583941605839416,318,294,8.8503235383838,-11.513871736778173,-1.4520002622075345,-6.260136247065926,-10.69956734751141,212.15359477124184,"{""stop"": 335, ""time"": 277}",0
CORE_LDN_R60_STOP,0,rt5,751,612,1096,-5.9308655280853255,-46.62152556739358,150.40495741996804,0.3545751633986928,0.8959405556213537,1.6308595367301137,-0.9324761526253856,0.004143092340638401,107.13927426084778,81.66146877702464,-0.012873988447992589,-0.35029638871135516,-0.1337789758780481,-0.5629636842483952,-0.4476577429067835,-0.2988420908557927,0.5583941605839416,318,294,3.7593318152108033,-16.412099389201547,-0.22696926207546486,-0.9774318876984744,-1.6684947643817494,212.15359477124184,"{""stop"": 335, ""time"": 277}",0
CORE_LDN_R60_STOP,0,rt10,751,612,1096,-10.933397995885905,-51.62150664067749,150.40493959268775,0.34477124183006536,0.8185374367694929,1.5556090622965244,-0.9324761526253856,0.004143092340638401,107.13927426084778,81.66146877702464,-0.0869053821126584,-0.5217970640373152,-0.21782934032325352,-1.0369548498837793,-0.5804673675483294,-0.3752654369586369,0.5583941605839416,318,294,-1.2428807656737908,-21.414977857135746,-0.12240409862934895,-0.5265157654734491,-0.8975896727361102,212.15359477124184,"{""stop"": 335, ""time"": 277}",0
CORE_LDN_R60_STOP,0,rt20,751,612,1096,-20.938462931487066,-61.6214687872453,150.40493201443016,0.33169934640522875,0.6869923983199759,1.384137393659459,-0.9324761526253856,0.004143092340638401,107.13927426084778,81.66146877702464,-0.23496816944198995,-0.7410559337559102,-0.3623528055759896,-1.9797160346769112,-0.7583524797046095,-0.4778158116093084,0.5583941605839416,318,294,-11.247305927442982,-31.420734793004133,-0.06316747506720741,-0.27106980517416773,-0.46086855825630296,212.15359477124184,"{""stop"": 335, ""time"": 277}",0
CORE_LDN_R60_STOP,0,rt30,751,612,1096,-30.943527867088225,-71.62143093381312,150.40496187124492,0.3055555555555556,0.5802495535091755,1.3187489852481264,-0.9324761526253856,0.004143092340638401,107.13927426084778,81.66146877702464,-0.3830309567713215,-0.8598696125133745,-0.48027890503232373,-2.9110757051025393,-0.8613017205127117,-0.5576198138167257,0.5583941605839416,318,294,-21.251731089212175,-41.42649172887252,-0.04223716666413035,-0.18081208270665763,-0.30656017498714305,212.15359477124184,"{""stop"": 335, ""time"": 277}",0
CORE_LDN_R60_STOP,0,db,751,612,1096,-12.534208385582094,-53.221500584128336,150.4049358645296,0.3415032679738562,0.7955380064757384,1.5339799837785768,-0.9324761526253856,0.004143092340638401,107.13927426084778,81.66146877702464,-0.11059542808535144,-0.5664839518062528,-0.2429716804463965,-1.1883449716466368,-0.615822880994862,-0.39454799089938924,0.5583941605839416,318,294,-2.843588791556861,-23.015898966874687,-0.10657128259837781,-0.4582399480472498,-0.780862475157979,212.15359477124184,"{""stop"": 335, ""time"": 277}",0
CORE_LDN_R60_STOP,0,db_nonfee_x2,751,612,1096,-14.135018775278276,-54.82149452757919,150.40493309470924,0.33986928104575165,0.773322634994759,1.5020305025859741,-0.9324761526253856,0.004143092340638401,107.13927426084778,81.66146877702464,-0.1342854740580445,-0.6070011432227369,-0.26730967640478476,-1.339557561698736,-0.6482038278260387,-0.4123852173185929,0.5583941605839416,318,294,-4.444296817439933,-24.616820076613628,-0.09432464311283235,-0.4054287917776408,-0.6905743101151289,212.15359477124184,"{""stop"": 335, ""time"": 277}",0
CORE_LDN_R60_STOP,0,db_plus5,751,612,1096,-17.536740853382675,-58.22148165741224,150.40493039082233,0.33169934640522875,0.7286241530756701,1.4680161507780742,-0.9324761526253856,0.004143092340638401,107.13927426084778,81.66146877702464,-0.18462682175001724,-0.6809828223672936,-0.3164731206932905,-1.6601934174195923,-0.7083015494387077,-0.4468056309407752,0.5583941605839416,318,294,-7.845801372441457,-28.018777434808882,-0.07572417414235107,-0.32521803072376065,-0.5534426329506786,212.15359477124184,"{""stop"": 335, ""time"": 277}",0
CORE_LDN_R60_STOP,0,db_plus10,751,612,1096,-22.539273321183252,-63.22146273069615,150.4049342758839,0.3284313725490196,0.6683766004664478,1.3666805114015426,-0.9324761526253856,0.004143092340638401,107.13927426084778,81.66146877702464,-0.25865821541468303,-0.7652767218215429,-0.38286976538585826,-2.1296351161907814,-0.7788427067863379,-0.49158804730374395,0.5583941605839416,318,294,-12.848013953326056,-33.02165590274308,-0.05856993496299351,-0.251243843187942,-0.4269732631257221,212.15359477124184,"{""stop"": 335, ""time"": 277}",0
CORE_UTC_R5_CLOSE,0,gross,1096,1090,1096,-5.0376924167474,-29.97322686021935,117.49745886261623,0.26146788990825687,0.8708480192109745,2.4597637033853843,-5.0376924167474,0.0,56.29933574456546,43.20139123579085,0.08113868812757837,-0.4636470416555888,-0.1873581628154779,-0.8168766494471873,-0.56749285506832,-0.3301506990654922,0.9945255474452555,534,556,-6.557211307312761,-3.5782983743698806,-0.18614051007016216,-0.7369377844682308,-1.233020907825417,153.61834862385322,"{""stop"": 780, ""time"": 310}",0
CORE_UTC_R5_CLOSE,0,rt5,1096,1090,1096,-10.037345623870806,-34.96573355350429,117.49829502116245,0.2486238532110092,0.7651192582175131,2.312297684428573,-5.0376924167474,0.0,56.29933574456546,43.20139123579085,-0.06869372174691891,-0.6891392769336879,-0.3223434921696211,-1.627549203950042,-0.7276542566172964,-0.44298990796552834,0.9945255474452555,534,556,-11.555572004485931,-8.579192948963474,-0.09294260508366115,-0.367597695882044,-0.614331825809375,153.61834862385322,"{""stop"": 780, ""time"": 310}",0
CORE_UTC_R5_CLOSE,0,rt10,1096,1090,1096,-15.03699883099421,-39.95824024678924,117.4991385297319,0.24311926605504589,0.6766615542560602,2.1065878575896213,-5.0376924167474,0.0,56.29933574456546,43.20139123579085,-0.2185261316214163,-0.8198798058264755,-0.4349582400538603,-2.438161633494091,-0.8333655322606276,-0.521929721372051,0.9945255474452555,534,556,-16.5539327016591,-13.580087523557065,-0.061719461124940866,-0.2438614514104185,-0.40705873017194244,153.61834862385322,"{""stop"": 780, ""time"": 310}",0
CORE_UTC_R5_CLOSE,0,rt20,1096,1090,1096,-25.03630524524102,-49.949576562234206,117.50084759630583,0.22660550458715598,0.5377444693603146,1.8352979257924906,-5.0376924167474,0.0,56.29933574456546,43.20139123579085,-0.5181909513704108,-0.9395774316663722,-0.6072612603996603,-4.0591090705956745,-0.9426324007395488,-0.6442185309174916,0.9945255474452555,534,556,-26.550654096005445,-23.581876672744247,-0.036684018849597884,-0.1446468556627047,-0.24086234623561845,153.61834862385322,"{""stop"": 780, ""time"": 310}",0
CORE_UTC_R5_CLOSE,0,rt30,1096,1090,1096,-35.03561165948783,-59.949564686708,117.50258606105527,0.2036697247706422,0.4350012381237713,1.7008156517632138,-5.0376924167474,0.0,56.29933574456546,43.20139123579085,-0.8178557711194054,-0.9797530293901745,-0.7271220472630735,-5.67952501800702,-0.9804893124239481,-0.7415909975249964,0.9945255474452555,534,556,-36.54737549035179,-33.58366582193143,-0.025939011173221022,-0.1020647602000749,-0.1695322134765633,153.61834862385322,"{""stop"": 780, ""time"": 310}",0
CORE_UTC_R5_CLOSE,0,db,1096,1090,1096,-16.6368878572737,-41.555842388640414,117.49941000477318,0.23944954128440368,0.6513653120295085,2.068895952768056,-5.0376924167474,0.0,56.29933574456546,43.20139123579085,-0.26647250278125534,-0.8487497044623566,-0.46689237438298303,-2.69754094907323,-0.8584314966592504,-0.5438900788239756,0.9945255474452555,534,556,-18.15340812475452,-15.180373787427015,-0.05569145896364904,-0.21997268639395468,-0.3670421748201827,153.61834862385322,"{""stop"": 780, ""time"": 310}",0
CORE_UTC_R5_CLOSE,0,db_nonfee_x2,1096,1090,1096,-18.23677688355319,-43.1534445304916,117.49968223243546,0.23853211009174313,0.6273455826606821,2.002680129262947,-5.0376924167474,0.0,56.29933574456546,43.20139123579085,-0.31441887394109447,-0.872995855118742,-0.4970263970210259,-2.9569108281567873,-0.880640138627512,-0.564392167946884,0.9945255474452555,534,556,-19.75288354784993,-16.780660051296966,-0.05072111458583728,-0.200275382757454,-0.33404682153560666,153.61834862385322,"{""stop"": 780, ""time"": 310}",0
CORE_UTC_R5_CLOSE,0,db_plus5,1096,1090,1096,-21.636541064397104,-46.54958059991313,117.50026321513066,0.23211009174311928,0.5801961163413641,1.9194630410186635,-5.0376924167474,0.0,56.29933574456546,43.20139123579085,-0.4163049126557527,-0.91239356119956,-0.5555390379157739,-3.5080368610900368,-0.9172458841246834,-0.605659886330172,0.9945255474452555,534,556,-23.151768821927693,-20.181268362020607,-0.04259973759301818,-0.1680906453601478,-0.2801335143950521,153.61834862385322,"{""stop"": 780, ""time"": 310}",0
CORE_UTC_R5_CLOSE,0,db_plus10,1096,1090,1096,-26.636194271520512,-51.54957466215002,117.501123775142,0.22201834862385322,0.5192367819497832,1.8194743433612237,-5.0376924167474,0.0,56.29933574456546,43.20139123579085,-0.5661373225302501,-0.9492709269815296,-0.6294790628857285,-4.318416373756187,-0.9517200818993318,-0.6614119790658276,0.9945255474452555,534,556,-28.15012951910086,-25.1821629366142,-0.03442268729515572,-0.13568527657182938,-0.22585062313138798,153.61834862385322,"{""stop"": 780, ""time"": 310}",0
CORE_UTC_R5_STOP,0,gross,1096,1093,1096,-0.9624604356104041,-26.892965995337278,114.36983970149939,0.2415370539798719,0.9721518259760709,3.0527040292960717,-0.9624604356104041,0.0,48.695172945838316,37.4528625299972,0.21897138787917492,-0.1604864591005739,-0.05659318811681424,-0.16055473262297904,-0.37173924864564556,-0.15223893716630602,0.9972627737226277,519,574,-1.401325942750224,-0.565646501454363,-0.9762652921877455,-3.9526538211494473,-6.569293540355395,141.80329368709974,"{""stop"": 810, ""time"": 283}",4
CORE_UTC_R5_STOP,0,rt5,1096,1093,1096,-5.962368347990904,-31.886242753838445,114.37073617703909,0.2342177493138152,0.8446222907334766,2.7615189739996873,-0.9624604356104041,0.0,48.695172945838316,37.4528625299972,0.0434214054938628,-0.5140657588005875,-0.21364046474677456,-0.9946128131196498,-0.5731401251391715,-0.37275433245037204,0.9972627737226277,519,574,-6.400975611264536,-5.565787913079728,-0.1567845517477041,-0.6342396750216654,-1.0528099719232267,141.80329368709974,"{""stop"": 810, ""time"": 283}",4
CORE_UTC_R5_STOP,0,rt10,1096,1093,1096,-10.962276260371405,-36.87951951233961,114.37163979398711,0.22598353156450138,0.7404278976562777,2.5360404915676553,-0.9624604356104041,0.0,48.695172945838316,37.4528625299972,-0.13212857689144933,-0.7188044507773121,-0.34460409433919226,-1.8286420816364781,-0.7395646818165998,-0.4659553150817558,0.9972627737226277,519,574,-11.40062527977885,-10.565929324705094,-0.0848361925123625,-0.34289121337382295,-0.5684765130498798,141.80329368709974,"{""stop"": 810, ""time"": 283}",4
CORE_UTC_R5_STOP,0,rt20,1096,1093,1096,-20.962092085132408,-46.86607302934194,114.37346845142982,0.2131747483989021,0.5810085423654747,2.1444950490742842,-0.9624604356104041,0.0,48.695172945838316,37.4528625299972,-0.4832285416620736,-0.9059165414986929,-0.544854818100583,-3.4965611698192873,-0.9115475239644504,-0.5977250815524479,0.9972627737226277,519,574,-21.399924616807475,-20.56621214795582,-0.04390682171745599,-0.17715137796903394,-0.29295301345533464,141.80329368709974,"{""stop"": 810, ""time"": 283}",4
CORE_UTC_R5_STOP,0,rt30,1096,1093,1096,-30.961907909893405,-56.85262654634427,114.37532567245738,0.19853613906678866,0.4658784329847473,1.8806889737080121,-0.9624604356104041,0.0,48.695172945838316,37.4528625299972,-0.8343285064326978,-0.9685557496997048,-0.6840361718080399,-5.164206013153758,-0.9699911223772258,-0.7051983838074972,0.9972627737226277,519,574,-31.399223953836103,-30.56649497120655,-0.029415496727965472,-0.1184700503084984,-0.19540202507407212,141.80329368709974,"{""stop"": 810, ""time"": 283}",4
CORE_UTC_R5_STOP,0,db,1096,1093,1096,-12.562246792333164,-38.477368075059985,114.37193045964833,0.22415370539798718,0.7110268877227874,2.461023676689485,-0.9624604356104041,0.0,48.695172945838316,37.4528625299972,-0.1883045712547492,-0.7639732529089747,-0.38173056242597747,-2.095523197614872,-0.780874425844948,-0.48885012723130805,0.9972627737226277,519,574,-13.000513173703432,-12.165974576425208,-0.07390865378433202,-0.2986411202258331,-0.49491579970814026,141.80329368709974,"{""stop"": 810, ""time"": 283}",4
CORE_UTC_R5_STOP,0,db_nonfee_x2,1096,1093,1096,-14.162217324294922,-40.07521663778036,114.37222185656684,0.222323879231473,0.6832763885031803,2.3900614412662686,-0.9624604356104041,0.0,48.695172945838316,37.4528625299972,-0.24448056561804907,-0.8018920916983736,-0.4167593636018839,-2.3623995717561295,-0.8156368016374512,-0.5109619413508668,0.9972627737226277,519,574,-14.600401067628011,-13.76601982814532,-0.06545018321863326,-0.26438929831632973,-0.43797606752518675,141.80329368709974,"{""stop"": 810, ""time"": 283}",4
CORE_UTC_R5_STOP,0,db_plus5,1096,1093,1096,-17.562154704713667,-43.47064483356115,114.37284350299598,0.21957913998170173,0.6292102089959614,2.236317951139813,-0.9624604356104041,0.0,48.695172945838316,37.4528625299972,-0.3638545536400613,-0.8634678004428918,-0.4847618225804685,-2.9294941401676713,-0.8722916534036947,-0.5557336479019612,0.9972627737226277,519,574,-18.00016284221774,-17.166115988050574,-0.052593163815149495,-0.21232594531714893,-0.35142670427810613,141.80329368709974,"{""stop"": 810, ""time"": 283}",4
CORE_UTC_R5_STOP,0,db_plus10,1096,1093,1096,-22.56206261709417,-48.46392159206231,114.37376368735723,0.20951509606587373,0.5601197896616159,2.1132903854481926,-0.9624604356104041,0.0,48.695172945838316,37.4528625299972,-0.5394045360253734,-0.921043149065498,-0.5706627040536438,-3.763405526799984,-0.9255905681822156,-0.6165390224042352,0.9972627737226277,519,574,-22.99981251073206,-22.16625739967594,-0.04072499156349124,-0.16426684063649966,-0.27153394538490844,141.80329368709974,"{""stop"": 810, ""time"": 283}",4
CORE_UTC_R15_CLOSE,0,gross,1096,1071,1096,-4.828699554448672,-33.34791106210825,137.77159963143183,0.34827264239028943,0.8974663015231996,1.679440961027328,-4.828699554448672,0.0,82.85241198693177,65.7816452550838,0.03877897982567684,-0.46063302664600725,-0.1858401895618722,-0.6619190995117767,-0.5916706372387879,-0.31409398720401666,0.9771897810218978,527,544,-7.612554965318068,-2.1318396251689467,-0.2098624793748603,-0.804906836143026,-1.4084657316109641,212.96545284780578,"{""stop"": 607, ""time"": 464}",0
CORE_UTC_R15_CLOSE,0,rt5,1096,1071,1096,-9.828033799147406,-38.33957408434273,137.77531532571248,0.3370681605975724,0.8048837798172143,1.5830124201391196,-4.828699554448672,0.0,82.85241198693177,65.7816452550838,-0.058410234309782545,-0.6844018195607924,-0.3189215145813872,-1.3471331428452875,-0.7335107414838503,-0.4347877904776516,0.9771897810218978,527,544,-12.61065182657674,-7.132372585075237,-0.10266017475186884,-0.39308192487158894,-0.6873208906168374,212.96545284780578,"{""stop"": 607, ""time"": 464}",0
CORE_UTC_R15_CLOSE,0,rt10,1096,1071,1096,-14.827368043846137,-43.3312371065772,137.77903953741344,0.3202614379084967,0.7240030793790009,1.536659597049308,-4.828699554448672,0.0,82.85241198693177,65.7816452550838,-0.15559944844524187,-0.8153845359198904,-0.4303004891181966,-2.0321886600258328,-0.8358791205371766,-0.5147879382866564,0.9771897810218978,527,544,-17.60874868783541,-12.132905544981533,-0.06774853574498851,-0.25896649995687654,-0.452471943581593,212.96545284780578,"{""stop"": 607, ""time"": 464}",0
CORE_UTC_R15_CLOSE,0,rt20,1096,1071,1096,-24.826036533243602,-53.314563151046144,137.7865135103123,0.28944911297852477,0.5907031083332784,1.450080856263306,-4.828699554448672,0.0,82.85241198693177,65.7816452550838,-0.3499778767161606,-0.9368773655976157,-0.6015015720777176,-3.4015770161702013,-0.9395234843734109,-0.6402198370580086,0.9771897810218978,527,544,-27.604942410352745,-22.13397146479412,-0.040107170786566455,-0.152780325028486,-0.266529786760397,212.96545284780578,"{""stop"": 607, ""time"": 464}",0
CORE_UTC_R15_CLOSE,0,rt30,1096,1071,1096,-34.82470502264107,-63.29788919551509,137.79402154458498,0.2623716153127918,0.4871784319598111,1.3696475489261595,-4.828699554448672,0.0,82.85241198693177,65.7816452550838,-0.5443563049870792,-0.9784407061686763,-0.7213547488058734,-4.76959116201473,-0.9788835628189169,-0.7369157846808347,0.9771897810218978,527,544,-37.601136132870096,-32.135037384606704,-0.02833826445394037,-0.10756927454556454,-0.18736090960086443,212.96545284780578,"{""stop"": 607, ""time"": 464}",0
CORE_UTC_R15_CLOSE,0,db,1096,1071,1096,-16.427155002149732,-44.92856927369223,137.78023308392417,0.31746031746031744,0.7003043407146227,1.5056543325364389,-4.828699554448672,0.0,82.85241198693177,65.7816452550838,-0.18669999696858885,-0.8445015056230999,-0.4619517521352834,-2.2513628484344177,-0.8598954593980142,-0.5372185038151979,0.9771897810218978,527,544,-19.208139683438183,-13.733076092151544,-0.061064719479087794,-0.23329016724799162,-0.4075102271776604,212.96545284780578,"{""stop"": 607, ""time"": 464}",0
CORE_UTC_R15_CLOSE,0,db_nonfee_x2,1096,1071,1096,-18.02694196045333,-46.52590144080726,137.78142750252536,0.3146591970121382,0.6775530224898875,1.4757386305862832,-4.828699554448672,0.0,82.85241198693177,65.7816452550838,-0.21780054549193587,-0.8690298426588782,-0.49184919687428985,-2.470512451528851,-0.880588832679819,-0.5585458032410974,0.9771897810218978,527,544,-20.807530679040962,-15.333246639321555,-0.05556720337628099,-0.21217108693331205,-0.37052869595252846,212.96545284780578,"{""stop"": 607, ""time"": 464}",0
CORE_UTC_R15_CLOSE,0,db_plus5,1096,1071,1096,-21.426489246848462,-49.9202322959267,137.78396853756226,0.30158730158730157,0.6322388855955491,1.4641321561160083,-4.828699554448672,0.0,82.85241198693177,65.7816452550838,-0.28388921110404824,-0.9090703032566458,-0.5499936837240502,-2.936114497986823,-0.915014157718474,-0.6010766927316429,0.9771897810218978,527,544,-24.20623654469686,-18.73360905205784,-0.04661073529941575,-0.17776420842419624,-0.31027895813322864,212.96545284780578,"{""stop"": 607, ""time"": 464}",0
CORE_UTC_R15_CLOSE,0,db_plus10,1096,1071,1096,-26.425823491547195,-54.91189531816117,137.78771250701598,0.28478057889822594,0.5723619675298397,1.437473006976581,-4.828699554448672,0.0,82.85241198693177,65.7816452550838,-0.3810784252395076,-0.9468420198150904,-0.6236628504635231,-3.620564405782263,-0.9485852449379389,-0.6574663202823972,0.9771897810218978,527,544,-29.204333405955524,-23.734142011964128,-0.03762566663754256,-0.14324745883138848,-0.2498368255291298,212.96545284780578,"{""stop"": 607, ""time"": 464}",0
CORE_UTC_R15_STOP,0,gross,1096,1084,1096,-2.2972050590094644,-32.15326816990172,133.6893842906979,0.3413284132841328,0.9482741471262973,1.82991281364372,-2.2972050590094644,0.0,75.40923164334134,60.247408292280625,0.08287867723544007,-0.2910753916799349,-0.1082452008663577,-0.32648266724902647,-0.4880468760851534,-0.22179263134443525,0.9890510948905109,537,547,-3.9603180650988627,-0.664496312629194,-0.438668325757435,-1.7284676204078193,-2.964749116184161,202.1439114391144,"{""stop"": 648, ""time"": 436}",0
CORE_UTC_R15_STOP,0,rt5,1096,1084,1096,-7.296798414332814,-37.145229852859245,133.69193581413865,0.3339483394833948,0.847083302299704,1.6894865863546582,-2.2972050590094644,0.0,75.40923164334134,60.247408292280625,-0.02345635506787768,-0.5878301982863756,-0.25559526703973723,-1.0369982878058432,-0.6643560444404915,-0.38472633639541115,0.9890510948905109,537,547,-8.959327985582588,-5.664662436707351,-0.1375055773550188,-0.5410370116252841,-0.9271411694006833,202.1439114391144,"{""stop"": 648, ""time"": 436}",0
CORE_UTC_R15_STOP,0,rt10,1096,1084,1096,-12.296391769656164,-42.13719153581677,133.69449564538283,0.32287822878228783,0.7592436700031696,1.5922424393780759,-2.2972050590094644,0.0,75.40923164334134,60.247408292280625,-0.12979138737119544,-0.760428930773916,-0.37865397132225376,-1.7474390085065874,-0.7935978761956248,-0.47713581737070343,0.9890510948905109,537,547,-13.958337906066316,-10.664828560785509,-0.0812425205026451,-0.31920188691420764,-0.5464763881125886,202.1439114391144,"{""stop"": 648, ""time"": 436}",0
CORE_UTC_R15_STOP,0,rt20,1096,1084,1096,-22.295578480302872,-52.121114901731815,133.6996402293713,0.29059040590405905,0.6156825583760167,1.503047261559228,-2.2972050590094644,0.0,75.40923164334134,60.247408292280625,-0.3424614519778309,-0.9191283031777221,-0.5672228089302357,-3.1679646853491215,-0.9246841575693762,-0.6134233016614419,0.9890510948905109,537,547,-23.956357747033763,-20.665160808941824,-0.044415471194315985,-0.17399944799429887,-0.2973118127283497,202.1439114391144,"{""stop"": 648, ""time"": 436}",0
CORE_UTC_R15_STOP,0,rt30,1096,1084,1096,-32.29476519094957,-62.10503826764687,133.70481803882763,0.2564575645756458,0.505363006046578,1.465189147027129,-2.2972050590094644,0.0,75.40923164334134,60.247408292280625,-0.5551315165844664,-0.9727299673877221,-0.6986732756689802,-4.587797873861565,-0.9734427269410885,-0.7177343425888711,0.9890510948905109,537,547,-33.954377588001215,-30.665493057098136,-0.030393389803163296,-0.11871290033520232,-0.20244116679148916,202.1439114391144,"{""stop"": 648, ""time"": 436}",0
CORE_UTC_R15_STOP,0,db,1096,1084,1096,-13.896261643359638,-43.734619274363176,133.69531654591117,0.31365313653136534,0.7336080685280725,1.6053070676026056,-2.2972050590094644,0.0,75.40923164334134,60.247408292280625,-0.16381859770825705,-0.7986256865844221,-0.4135742456710141,-1.9747588669165737,-0.8241619189070576,-0.5018118845135014,0.9890510948905109,537,547,-15.558021080621106,-12.264881720490518,-0.07178869311655307,-0.28192714404530445,-0.4825136506505145,202.1439114391144,"{""stop"": 648, ""time"": 436}",0
CORE_UTC_R15_STOP,0,db_nonfee_x2,1096,1084,1096,-15.49613151706311,-45.332047012909584,133.69613829709408,0.30996309963099633,0.7090711877143784,1.5785275250308186,-2.2972050590094644,0.0,75.40923164334134,60.247408292280625,-0.19784580804531873,-0.8307371365202169,-0.4465370967075837,-2.2020666260605055,-0.8502038847191723,-0.5252117812365416,0.9890510948905109,537,547,-17.1577042551759,-13.864934880195529,-0.0642869521088642,-0.25234912704638185,-0.4317583458425189,202.1439114391144,"{""stop"": 648, ""time"": 436}",0
CORE_UTC_R15_STOP,0,db_plus5,1096,1084,1096,-18.895854998682992,-48.72658095732071,133.697887342725,0.3007380073800738,0.6602864127664981,1.5352671806043117,-2.2972050590094644,0.0,75.40923164334134,60.247408292280625,-0.2701536300115749,-0.882994454667416,-0.5105756862346467,-2.68505054219448,-0.8937016698280269,-0.571304388782104,0.9890510948905109,537,547,-20.557031001104836,-17.265047844568677,-0.052563583087429866,-0.2061259892647358,-0.3524403358699476,202.1439114391144,"{""stop"": 648, ""time"": 436}",0
CORE_UTC_R15_STOP,0,db_plus10,1096,1084,1096,-23.89544835400634,-53.71854264027823,133.7004664462329,0.283210332103321,0.5960618939365416,1.5085996468687062,-2.2972050590094644,0.0,75.40923164334134,60.247408292280625,-0.37648866231489264,-0.9320341695870801,-0.5915690117089709,-3.3951913259653907,-0.9359602229897978,-0.6320450347978295,0.9890510948905109,537,547,-25.556040921588558,-22.265213968646833,-0.04138333004805632,-0.16204426022184992,-0.2767969418548367,202.1439114391144,"{""stop"": 648, ""time"": 436}",0
CORE_UTC_R30_CLOSE,0,gross,1096,979,1096,1.0864741198834713,-25.07493166378813,146.16963398943093,0.4157303370786517,1.0230866677496802,1.4378515330536044,1.0864741198834713,0.0,101.15514329984741,81.50519510527815,0.07783228472235174,0.0032174411496581623,0.0010703542047703074,0.13421997275714573,-0.5199561947928326,0.0020585468843135357,0.8932481751824818,482,497,0.3115428761231579,1.838017096729492,1.020357536978606,3.855996463438832,6.634104757666501,247.4341164453524,"{""time"": 558, ""stop"": 421}",1
CORE_UTC_R30_CLOSE,0,rt5,1096,979,1096,-3.9133309539595347,-30.068662930872186,146.1734282561338,0.3983656792645557,0.9217784812318067,1.3921218601167542,1.0864741198834713,0.0,101.15514329984741,81.50519510527815,0.0016440318123171033,-0.3851925154535031,-0.14955943492384127,-0.4834123225042211,-0.5960077675503146,-0.2509353788098333,0.8932481751824818,482,497,-4.688535009595873,-3.161523398996323,-0.28205177779673324,-1.064009998797469,-1.8289064024488204,247.4341164453524,"{""time"": 558, ""stop"": 421}",1
CORE_UTC_R30_CLOSE,0,rt10,1096,979,1096,-8.913136027802542,-35.06239419795624,146.1772315597229,0.37793667007150156,0.8320818003604525,1.369561665998691,1.0864741198834713,0.0,101.15514329984741,81.50519510527815,-0.0745442210977175,-0.6233163480185393,-0.27758312036644295,-1.1008312462530396,-0.69984497401236,-0.39663515589031084,0.8932481751824818,482,497,-9.688612895314904,-8.161063894722146,-0.12329351251449264,-0.46428172423672986,-0.797300627212245,247.4341164453524,"{""time"": 558, ""stop"": 421}",1
CORE_UTC_R30_CLOSE,0,rt20,1096,979,1096,-18.91274617548856,-45.04985673212434,146.18486527473692,0.3319713993871297,0.6822726911607748,1.3729425846742978,1.0864741198834713,0.0,101.15514329984741,81.50519510527815,-0.22692072691778675,-0.8587032210752801,-0.47884221518490977,-2.3341046963823064,-0.8773280465690702,-0.5457960874013977,0.8932481751824818,482,497,-19.688768666752967,-18.16014488617378,-0.05759457826547287,-0.21609616736133794,-0.37039120062153696,247.4341164453524,"{""time"": 558, ""stop"": 421}",1
CORE_UTC_R30_CLOSE,0,rt30,1096,979,1096,-28.912356323174574,-55.03731926629245,146.19253512881085,0.30643513789581206,0.564198604011161,1.2769695070785942,1.0864741198834713,0.0,101.15514329984741,81.50519510527815,-0.3792972327378559,-0.9470506434864915,-0.6241553703682969,-3.5637628240770414,-0.9510613204590144,-0.6562724789049968,0.8932481751824818,482,497,-29.688924438191027,-28.159225877625413,-0.0373408316909055,-0.13958522498639275,-0.23878304844529252,247.4341164453524,"{""time"": 558, ""stop"": 421}",1
CORE_UTC_R30_CLOSE,0,db,1096,979,1096,-10.513073651432304,-36.66038820342313,146.17845052534665,0.36976506639427986,0.805605662618607,1.3730903144632058,1.0864741198834713,0.0,101.15514329984741,81.50519510527815,-0.09892446202892857,-0.6779892918159022,-0.3143437394112759,-1.2983224435622074,-0.739405179527563,-0.4251305618553055,0.8932481751824818,482,497,-11.288637818744995,-9.760916853354404,-0.10438300457134644,-0.392845025935398,-0.6744207936985374,247.4341164453524,"{""time"": 558, ""stop"": 421}",1
CORE_UTC_R30_CLOSE,0,db_nonfee_x2,1096,979,1096,-12.113011275062068,-38.258382208890026,146.17967041625218,0.36465781409601633,0.7801370938975711,1.3592304549139753,1.0864741198834713,0.0,101.15514329984741,81.50519510527815,-0.12330470296013965,-0.7247337659317727,-0.3492392187317316,-1.4957605383509103,-0.7741126373246248,-0.45114780704100277,0.8932481751824818,482,497,-12.888662742175082,-11.360769811986664,-0.0904680559409334,-0.34027964851783266,-0.5840019336553485,247.4341164453524,"{""time"": 558, ""stop"": 421}",1
CORE_UTC_R30_CLOSE,0,db_plus5,1096,979,1096,-15.512878725275314,-41.65411947050718,146.18226575654532,0.3472931562819203,0.7291881700358114,1.3704448254496573,1.0864741198834713,0.0,101.15514329984741,81.50519510527815,-0.1751127149389632,-0.8027725912130016,-0.4176239376927151,-1.9151057041552446,-0.8335279996005527,-0.5010316844699289,0.8932481751824818,482,497,-16.288715704464025,-14.760457349080221,-0.07042897260275884,-0.2645796221109135,-0.4537886558435983,247.4341164453524,"{""time"": 558, ""stop"": 421}",1
CORE_UTC_R30_CLOSE,0,db_plus10,1096,979,1096,-20.51268379911832,-46.64785073759124,146.1860900229914,0.3268641470888662,0.6614828578286229,1.3622412603408205,1.0864741198834713,0.0,101.15514329984741,81.50519510527815,-0.25130096784899786,-0.8792304270710979,-0.5053875390426877,-2.5311403826429935,-0.8937493586592604,-0.5654689809241759,0.8932481751824818,482,497,-21.288793590183058,-19.75999784480604,-0.05302699622830745,-0.19884158166027918,-0.3407112088426536,247.4341164453524,"{""time"": 558, ""stop"": 421}",1
CORE_UTC_R30_STOP,0,gross,1096,1018,1096,1.919887643939788,-26.801770267087626,143.34191866544924,0.4037328094302554,1.042002275454984,1.5389182024359496,1.919887643939788,0.0,95.3902716985901,76.47772279577772,0.10076725205773764,0.09697135441774685,0.031302817188027854,0.24662100570538975,-0.4548096643803876,0.0688261917887638,0.9288321167883211,501,517,0.3723631871996067,3.4195196610129655,0.5581132885103297,2.1176508272893604,3.6685100662872654,242.69548133595285,"{""time"": 555, ""stop"": 463}",1
CORE_UTC_R30_STOP,0,rt5,1096,1018,1096,-3.0797240118293763,-31.801782773571013,143.34531050539132,0.3929273084479371,0.9367782882732839,1.4473224553822237,1.919887643939788,0.0,95.3902716985901,76.47772279577772,0.01935871259861088,-0.34067848700142433,-0.12952941243139326,-0.3955955597612937,-0.5452658938875989,-0.23755274973808366,0.9288321167883211,501,517,-4.627729903597192,-1.5796254590717826,-0.34641776009074554,-1.3121350493009512,-2.271202125178981,242.69548133595285,"{""time"": 555, ""stop"": 463}",1
CORE_UTC_R30_STOP,0,rt10,1096,1018,1096,-8.079335667598542,-36.80179528005439,143.34871122407878,0.3713163064833006,0.8440333050589099,1.42905109851244,1.919887643939788,0.0,95.3902716985901,76.47772279577772,-0.06204982686051587,-0.6038236453789422,-0.26534210993095264,-1.037678848966666,-0.6720272458595179,-0.39483832175819306,0.9288321167883211,501,517,-9.627822994393993,-6.578770579156529,-0.1314745945612359,-0.4971171076361797,-0.8597519126710869,242.69548133595285,"{""time"": 555, ""stop"": 463}",1
CORE_UTC_R30_STOP,0,rt20,1096,1018,1096,-18.078558979136876,-46.79485765141888,143.35553929516058,0.32711198428290766,0.6898506496377245,1.4190621471526763,1.919887643939788,0.0,95.3902716985901,76.47772279577772,-0.22486690577876936,-0.857064944780279,-0.4768375830158357,-2.3207785068584617,-0.8702514098197754,-0.5479308365781175,0.9288321167883211,501,517,-19.628009175987593,-16.57706081932602,-0.058242471489505156,-0.21943675402908183,-0.37886434680052766,242.69548133595285,"{""time"": 555, ""stop"": 463}",1
CORE_UTC_R30_STOP,0,rt30,1096,1018,1096,-28.077782290675206,-56.781446811753504,143.36240287362054,0.2966601178781925,0.5693606294427997,1.3498748698047836,1.919887643939788,0.0,95.3902716985901,76.47772279577772,-0.38768398469702275,-0.9484836595309128,-0.6275739257538959,-3.601349053103875,-0.9498879881416853,-0.6606820315536899,0.9288321167883211,501,517,-29.628195357581195,-26.57535105949552,-0.03717004853878315,-0.13953468904889033,-0.24048974075719468,242.69548133595285,"{""time"": 555, ""stop"": 463}",1
CORE_UTC_R30_STOP,0,db,1096,1018,1096,-9.679211397444673,-38.401799282129076,143.34980132914663,0.3644400785854617,0.8167314110847547,1.4243267465548148,1.919887643939788,0.0,95.3902716985901,76.47772279577772,-0.08810055948743643,-0.6634276920744644,-0.30416976946079577,-1.2430900896042703,-0.7164439210865342,-0.42455488909655675,0.9288321167883211,501,517,-11.227852783448967,-8.178497017583645,-0.10958965039780187,-0.414134138154037,-0.7160417881174336,242.69548133595285,"{""time"": 555, ""stop"": 463}",1
CORE_UTC_R30_STOP,0,db_nonfee_x2,1096,1018,1096,-11.279087127290806,-40.00180328420376,143.35089234331255,0.3575638506876228,0.7904905307782747,1.420276942662065,1.919887643939788,0.0,95.3902716985901,76.47772279577772,-0.11415129211435697,-0.7140718831572228,-0.3409510689094515,-1.448465130912838,-0.7553472220393229,-0.451383230071245,0.9288321167883211,501,517,-12.827882572503944,-9.778223456010766,-0.09391322127126266,-0.3546925133510769,-0.6131006261246325,242.69548133595285,"{""time"": 555, ""stop"": 463}",1
CORE_UTC_R30_STOP,0,db_plus5,1096,1018,1096,-14.678823053213842,-43.39941733690511,143.35321376681011,0.343811394891945,0.7380571442977678,1.4086347782597397,1.919887643939788,0.0,95.3902716985901,76.47772279577772,-0.1695090989465632,-0.7978268621030614,-0.41280055208080313,-1.884741998127231,-0.8218237303572766,-0.5022981654488654,0.9288321167883211,501,517,-16.22794587424577,-13.177642137668398,-0.07194702713493015,-0.27140146156490313,-0.46885696382749553,242.69548133595285,"{""time"": 555, ""stop"": 463}",1
CORE_UTC_R30_STOP,0,db_plus10,1096,1018,1096,-19.678434708983005,-48.39271191707242,143.35663508175057,0.3192534381139489,0.668558492034832,1.4255724153235032,1.919887643939788,0.0,95.3902716985901,76.47772279577772,-0.25091763840569,-0.8785891189777231,-0.5045143886378867,-2.5258741307967805,-0.8882457154040416,-0.5679896675982222,0.9288321167883211,501,517,-21.228038965042575,-18.17678725775314,-0.053431788829447366,-0.20119568704775267,-0.3472744190811724,242.69548133595285,"{""time"": 555, ""stop"": 463}",1
CORE_UTC_R60_CLOSE,0,gross,1096,738,1096,5.053409688943013,-9.26686422787919,151.3056670753452,0.453929539295393,1.1082397924969483,1.3331959294814035,5.053409688943013,0.0,126.42915301165641,101.92953002033862,0.1176594796434253,0.33494856352181057,0.1009899443944644,0.5236193134331117,-0.4167878314867789,0.24230540520871216,0.6733576642335767,365,373,4.474176146867309,5.620219991510391,0.2657103904956554,0.9346404419283754,1.597337129544292,259.0853658536585,"{""time"": 517, ""stop"": 221}",0
CORE_UTC_R60_CLOSE,0,rt5,1096,738,1096,0.05356662246714003,-14.26454751182222,151.31240600060266,0.4241192411924119,1.0010823604053067,1.35929713473564,5.053409688943013,0.0,126.42915301165641,101.92953002033862,0.05735795241516385,-0.0769697055289097,-0.026320789091518138,0.0055511795343586336,-0.48755378075477207,-0.05398540659611225,0.6733576642335767,365,373,-0.5269423971694074,0.6216250465082698,24.946580880997093,87.5468400722395,149.4358649681495,259.0853658536585,"{""time"": 517, ""stop"": 221}",0
CORE_UTC_R60_CLOSE,0,rt10,1096,738,1096,-4.946276444008731,-19.262230795765248,151.31915409190586,0.4105691056910569,0.9055919700367725,1.3001072837161585,5.053409688943013,0.0,126.42915301165641,101.92953002033862,-0.0029435748130975698,-0.3619022839844822,-0.13896315172160667,-0.512476740522115,-0.5756382214365467,-0.24140709658718298,0.6733576642335767,365,373,-5.5280609412061255,-4.376969898493855,-0.268861781800315,-0.941325469465497,-1.6047526430241728,259.0853658536585,"{""time"": 517, ""stop"": 221}",0
CORE_UTC_R60_CLOSE,0,rt20,1096,738,1096,-14.945962576960476,-29.257597363651314,151.33267776774338,0.36314363143631434,0.7447205941959602,1.3060398480302287,5.053409688943013,0.0,126.42915301165641,101.92953002033862,-0.12354662926962039,-0.6952183781988469,-0.3267859110227187,-1.546197788541927,-0.7284936255366835,-0.44857758471390125,0.6733576642335767,365,373,-15.530298029279558,-14.374159788498101,-0.08811650152749696,-0.3070388342655489,-0.5220875822600771,259.0853658536585,"{""time"": 517, ""stop"": 221}",0
CORE_UTC_R60_CLOSE,0,rt30,1096,738,1096,-24.94564870991222,-39.252963931537366,151.34623809303056,0.3265582655826558,0.6167647120922647,1.2719172693355003,5.053409688943013,0.0,126.42915301165641,101.92953002033862,-0.2441496837261433,-0.8545316057027634,-0.473767684681344,-2.5731652248281316,-0.8591964506674359,-0.5514078698920539,0.6733576642335767,365,373,-25.532535117352996,-24.371349678502348,-0.05227794176200343,-0.1812711270825152,-0.30741444430793247,259.0853658536585,"{""time"": 517, ""stop"": 221}",0
CORE_UTC_R60_CLOSE,0,db,1096,738,1096,-6.546226225281011,-20.86148944662702,151.32131541679155,0.4024390243902439,0.8772766332727455,1.3026228797080162,5.053409688943013,0.0,126.42915301165641,101.92953002033862,-0.022240063526141225,-0.43302352882705886,-0.17219134647617207,-0.678146579834356,-0.6024563406162928,-0.28581547718466377,0.6733576642335767,365,373,-7.128418875297874,-5.976520280894533,-0.2028350457370331,-0.7096188589935644,-1.2092521900988829,259.0853658536585,"{""time"": 517, ""stop"": 221}",0
CORE_UTC_R60_CLOSE,0,db_nonfee_x2,1096,738,1096,-8.146176006553288,-22.46074809748879,151.3234776801145,0.3956639566395664,0.8499918013695507,1.2982751486671904,5.053409688943013,0.0,126.42915301165641,101.92953002033862,-0.04153655223918487,-0.49622726282060814,-0.20414225282289422,-0.843737395048531,-0.6275835540191299,-0.32528298664861377,0.6733576642335767,365,373,-8.728776809389624,-7.576070663295213,-0.16274427320746016,-0.5689289268859786,-0.9691082781179226,259.0853658536585,"{""time"": 517, ""stop"": 221}",0
CORE_UTC_R60_CLOSE,0,db_plus5,1096,738,1096,-11.546069291756883,-25.85917273057005,151.3280756053974,0.3712737127371274,0.7952602191558833,1.3467180353588681,5.053409688943013,0.0,126.42915301165641,101.92953002033862,-0.08254159075440266,-0.6081405714236352,-0.2680178159181331,-1.1952730513311671,-0.6781739793101926,-0.39520510089571487,0.6733576642335767,365,373,-12.129537419334595,-10.975115225896658,-0.1144428186368129,-0.3994253744356165,-0.6797823429190022,259.0853658536585,"{""time"": 517, ""stop"": 221}",0
CORE_UTC_R60_CLOSE,0,db_plus10,1096,738,1096,-16.54591235823275,-30.85685601451308,151.334844957202,0.35907859078590787,0.7222387640630561,1.2891280581200963,5.053409688943013,0.0,126.42915301165641,101.92953002033862,-0.14284311798266408,-0.7292208685426429,-0.35279138046746406,-1.7110786480515263,-0.7498294912753319,-0.47049547206715775,0.6733576642335767,365,373,-17.13065596337131,-15.973710170898775,-0.0794713101079076,-0.2767003968362898,-0.47030284586486326,259.0853658536585,"{""time"": 517, ""stop"": 221}",0
CORE_UTC_R60_STOP,0,gross,1096,810,1096,8.228487120561896,-8.587335149184266,151.47162605025517,0.454320987654321,1.1820171903143073,1.4197054296709886,8.228487120561896,0.0,119.2443076069046,96.08061348518666,0.13793322195200378,0.7757990417338563,0.21075263456013849,0.8920209206646437,-0.3479503733223399,0.6056973945675237,0.7390510948905109,399,411,6.903235994978827,9.51504478262429,0.15121830469113345,0.532435435995319,0.9516711927234255,256.9049382716049,"{""time"": 549, ""stop"": 261}",0
CORE_UTC_R60_STOP,0,rt5,1096,810,1096,3.2288440008840134,-13.587280537150498,151.4783933627294,0.4308641975308642,1.0672851125007776,1.4097949480311132,8.228487120561896,0.0,119.2443076069046,96.08061348518666,0.07386297271449918,0.18460697478507648,0.05804072683234218,0.35012594387687285,-0.43697720122677963,0.13282323807603083,0.7390510948905109,399,411,1.9015101859800798,4.517423543819946,0.3835540234111937,1.3475361917730968,2.4064067031360405,256.9049382716049,"{""time"": 549, ""stop"": 261}",0
CORE_UTC_R60_STOP,0,rt10,1096,810,1096,-1.7707991187938696,-18.587225925116726,151.48516986614507,0.4123456790123457,0.9651984903932582,1.3755523396023681,8.228487120561896,0.0,119.2443076069046,96.08061348518666,0.009792723476994582,-0.209927753888557,-0.07547202136486264,-0.19201940616493654,-0.5138846419649116,-0.14686568774712658,0.7390510948905109,399,411,-3.1002156230186624,-0.4801976949843965,-0.6960554302216143,-2.4400453581014196,-4.35340714825522,256.9049382716049,"{""time"": 549, ""stop"": 261}",0
CORE_UTC_R60_STOP,0,rt20,1096,810,1096,-11.770085358149633,-28.58711670104919,151.49875044086576,0.36419753086419754,0.7934798025651281,1.385227451935732,8.228487120561896,0.0,119.2443076069046,96.08061348518666,-0.11834777499801465,-0.6487731952270979,-0.2942231308436888,-1.2752111012346035,-0.6719948007229426,-0.43783542748717535,0.7390510948905109,399,411,-13.10366724101615,-10.475440172593084,-0.10372489028269699,-0.36197887123375005,-0.6446176642359415,256.9049382716049,"{""time"": 549, ""stop"": 261}",0
CORE_UTC_R60_STOP,0,rt30,1096,810,1096,-21.769371597505398,-38.587007476981654,151.51236776453285,0.3271604938271605,0.657458742085782,1.3521321299500044,8.228487120561896,0.0,119.2443076069046,96.08061348518666,-0.24648827347302385,-0.8439888452083131,-0.46136164583878325,-2.353875135313918,-0.8475698815999704,-0.5443346393666844,0.7390510948905109,399,411,-23.107118859013642,-20.470682650201773,-0.0555425900513606,-0.19294145610863797,-0.34293136517685885,256.9049382716049,"{""time"": 549, ""stop"": 261}",0
CORE_UTC_R60_STOP,0,db,1096,810,1096,-3.370684917090791,-20.187208449265924,151.4873402881635,0.4024691358024691,0.9349672024289217,1.3881108158760678,8.228487120561896,0.0,119.2443076069046,96.08061348518666,-0.010709756279006891,-0.3060026313651477,-0.11454290250958032,-0.3654832061569276,-0.5362105553873653,-0.21361553098639224,0.7390510948905109,399,411,-4.70076788189826,-2.0794364914017884,-0.3651182498298167,-1.2790222173705814,-2.281293266309069,256.9049382716049,"{""time"": 549, ""stop"": 261}",0
CORE_UTC_R60_STOP,0,db_nonfee_x2,1096,810,1096,-4.970570715387714,-21.787190973415115,151.48951165116762,0.3950617283950617,0.9058484980383655,1.3870805126212473,8.228487120561896,0.0,119.2443076069046,96.08061348518666,-0.03121223603500836,-0.39040720706124366,-0.15196849851527505,-0.5389100916754672,-0.5575144421917404,-0.27258217368835447,0.7390510948905109,399,411,-6.301320140777861,-3.678675287819179,-0.24721966212846214,-0.8653999449541043,-1.5430888132808656,256.9049382716049,"{""time"": 549, ""stop"": 261}",0
CORE_UTC_R60_STOP,0,db_plus5,1096,810,1096,-8.370328036768674,-25.187153837232152,151.49412892173308,0.3814814814814815,0.8474385325953324,1.3740022810040826,8.228487120561896,0.0,119.2443076069046,96.08061348518666,-0.07478000551651152,-0.5372631146811915,-0.22634650757835628,-0.9072505586101388,-0.6078920032519669,-0.3723465786151118,0.7390510948905109,399,411,-9.70249369089701,-7.077057730206134,-0.14633080176039986,-0.5114527052072527,-0.9113882353799782,256.9049382716049,"{""time"": 549, ""stop"": 261}",0
CORE_UTC_R60_STOP,0,db_plus10,1096,810,1096,-13.36997115644656,-30.187099225198384,151.5009267433805,0.35555555555555557,0.7695555376057489,1.39481941191042,8.228487120561896,0.0,119.2443076069046,96.08061348518666,-0.1388502547540161,-0.6915233738215103,-0.3240787501751351,-1.4481964339263511,-0.7096193170722467,-0.4566938108621703,0.7390510948905109,399,411,-14.704219499895753,-12.07467896901048,-0.09117260114597385,-0.31794181822076956,-0.5660233747106218,256.9049382716049,"{""time"": 549, ""stop"": 261}",0
EXT_BUF05,0,gross,752,728,1096,13.044048745053031,-38.715501000311534,166.50847739620906,0.37225274725274726,1.2518282437659336,2.1110166324761317,13.044048745053031,0.10450375476362747,96.8343851588766,76.123495964618,0.261654365013111,1.3396717816662882,0.3272091658681613,1.2188087743813163,-0.22372444095896482,1.4625544015916323,0.6642335766423357,341,387,16.225747991073142,10.240535972720062,0.0854729919630113,0.37755644252483017,0.7083729271448629,207.66071428571428,"{""stop"": 409, ""time"": 319}",0
EXT_BUF05,0,rt5,752,728,1096,8.148013388331933,-42.94540028289464,166.55772710331493,0.36675824175824173,1.1484540897029225,1.9829113683634727,13.044048745053031,0.10450375476362747,96.8343851588766,76.123495964618,0.18371017378568716,0.6385335947453556,0.17874508007063938,0.7615867893535461,-0.2608406121846327,0.6852655289127942,0.6642335766423357,341,387,10.262867426735191,6.284537349325445,0.1363792520820393,0.6028553618942956,1.1268604815860763,207.66071428571428,"{""stop"": 409, ""time"": 319}",0
EXT_BUF05,0,rt10,752,728,1096,3.147474276847211,-47.95541172059246,166.55783773696817,0.3557692307692308,1.0542008758102421,1.9089583426834116,13.044048745053031,0.10450375476362747,96.8343851588766,76.123495964618,0.1041094419066889,0.1386795553968525,0.04419919473450262,0.29429179634342156,-0.3039954508073036,0.14539426368758251,0.6642335766423357,341,387,5.258810989737424,1.2870974833186237,0.3509577748040894,1.5496774680035987,2.895079152645264,207.66071428571428,"{""stop"": 409, ""time"": 319}",0
EXT_BUF05,0,rt20,752,728,1096,-6.853603946122235,-57.9754345959881,166.55809040165875,0.34065934065934067,0.8938911888286643,1.73011197837806,13.044048745053031,0.10450375476362747,96.8343851588766,76.123495964618,-0.05509202185130762,-0.4503875578110631,-0.18072209330885725,-0.6406735518132136,-0.5343525856872584,-0.33820757707464116,0.6642335766423357,341,387,-4.749301884258114,-8.707782248695018,-0.15925223725153567,-0.7016108344995605,-1.3092692510702728,207.66071428571428,"{""stop"": 409, ""time"": 319}",0
EXT_BUF05,0,rt30,752,728,1096,-16.85468216909168,-67.99545747138373,166.55838492936599,0.32142857142857145,0.7634948904479611,1.6118225465012515,13.044048745053031,0.10450375476362747,96.8343851588766,76.123495964618,-0.21429348560930417,-0.7349092083337649,-0.3573513780169192,-1.573311854529458,-0.7407309564655485,-0.4824307326401575,0.6642335766423357,341,387,-14.757414758253649,-18.70266198070865,-0.06397468335735107,-0.2812011257427932,-0.5241415151189383,207.66071428571428,"{""stop"": 409, ""time"": 319}",0
EXT_BUF05,0,db,752,728,1096,1.5473017611721005,-49.55861538065576,166.5578753501157,0.3543956043956044,1.0261801979566387,1.8693980350372879,13.044048745053031,0.10450375476362747,96.8343851588766,76.123495964618,0.07863720770540945,0.013462307134218587,0.004463362678361893,0.14468071897651208,-0.3315498114854315,0.013462117979693123,0.6642335766423357,341,387,3.657512929898138,-0.3120832738035571,0.712544887515875,3.145171123457746,5.87471139076795,207.66071428571428,"{""stop"": 409, ""time"": 319}",0
EXT_BUF05,0,db_nonfee_x2,752,728,1096,-0.05287075450301011,-51.16181904071906,166.5579140349607,0.3516483516483517,0.9991208545708402,1.8421290756149866,13.044048745053031,0.10450375476362747,96.8343851588766,76.123495964618,0.05316497350413003,-0.0980019915454865,-0.03376636847643388,-0.004943759543612837,-0.3585367651454945,-0.09417825941150405,0.6642335766423357,341,387,2.056214870058853,-1.9112640309257356,-20.813271167085787,-91.83692789555569,-171.50720630858893,207.66071428571428,"{""stop"": 409, ""time"": 319}",0
EXT_BUF05,0,db_plus5,752,728,1096,-3.453237350312625,-54.56862681835358,166.55799979862329,0.3447802197802198,0.9446203903919976,1.795155084529812,13.044048745053031,0.10450375476362747,96.8343851588766,76.123495964618,-0.0009635241735888156,-0.2958756323341619,-0.11026065996761159,-0.3228766678178598,-0.45207111276917644,-0.243901140447144,0.6642335766423357,341,387,-1.3465435070996308,-5.309523139810376,-0.3173638081577363,-1.3992739960619813,-2.6121761228310842,207.66071428571428,"{""stop"": 409, ""time"": 319}",0
EXT_BUF05,0,db_plus10,752,728,1096,-8.453776461797347,-59.578638256051406,166.55813471290256,0.3392857142857143,0.8712219591850203,1.696590131044513,13.044048745053031,0.10450375476362747,96.8343851588766,76.123495964618,-0.0805642560525871,-0.5108838928375339,-0.21192941786602593,-0.7901399443606104,-0.5692613170045746,-0.37228845792858056,0.6642335766423357,341,387,-6.350599944097401,-10.306963005817199,-0.1288587600453771,-0.5675004131243695,-1.0588140182138353,207.66071428571428,"{""stop"": 409, ""time"": 319}",0
EXT_BUF10,0,gross,752,715,1096,10.92755842788168,-39.11516815222876,165.56384705688947,0.3776223776223776,1.2070251983461033,1.9893563454222818,10.92755842788168,0.09143172317434596,99.6946451535421,76.49859290152985,0.2276010783248982,0.9831155174912241,0.2561039171648507,1.0179546980587297,-0.23282867517005157,1.099967248354609,0.6523722627737226,337,378,12.691518322822324,9.3549275162547,0.10301422992175462,0.44887369227521307,0.8407611573125781,207.44755244755245,"{""stop"": 398, ""time"": 317}",0
EXT_BUF10,0,rt5,752,715,1096,6.018731102428875,-43.492479021275265,165.6108148079339,0.3678321678321678,1.107740771080681,1.9037978271044407,10.92755842788168,0.09143172317434596,99.6946451535421,76.49859290152985,0.1522914248354166,0.3963144835894621,0.11759294861568348,0.5608107145806891,-0.27067663961388255,0.4344406993652227,0.6523722627737226,337,378,6.712038603797901,5.400623621049613,0.1864068585791978,0.8109866974863784,1.5165928152647308,207.44755244755245,"{""stop"": 398, ""time"": 317}",0
EXT_BUF10,0,rt10,752,715,1096,1.0184720538017267,-48.4828437629166,165.6111672283098,0.3594405594405594,1.0172504169668923,1.8128431555285474,10.92755842788168,0.09143172317434596,99.6946451535421,76.49859290152985,0.07537881340061227,-0.02337518891404733,-0.007846104413733124,0.0949197341934719,-0.3363855962391993,-0.023324733583877547,0.6523722627737226,337,378,1.7088657242171996,0.4029623529286748,1.0949943788687138,4.758541157477646,8.89298730468488,207.44755244755245,"{""stop"": 398, ""time"": 317}",0
EXT_BUF10,0,rt20,752,715,1096,-8.982046043452572,-58.46357324619928,165.6119032351936,0.3384615384615385,0.8629796742407856,1.6867329996524445,10.92755842788168,0.09143172317434596,99.6946451535421,76.49859290152985,-0.07844640946899632,-0.5224887292992868,-0.2182062846023869,-0.8366838047266749,-0.554903573173736,-0.39323279782534076,0.6523722627737226,337,378,-8.297480034944215,-9.592360183313199,-0.12266670663229222,-0.5318500723024547,-0.9926300084485141,207.44755244755245,"{""stop"": 398, ""time"": 317}",0
EXT_BUF10,0,rt30,752,715,1096,-18.98256414070687,-68.44430272948196,165.6126807964553,0.3174825174825175,0.7372835329056682,1.5849971984932427,10.92755842788168,0.09143172317434596,99.6946451535421,76.49859290152985,-0.2322716323386049,-0.7666928130076807,-0.38411218991606044,-1.765104053782781,-0.7718110460480314,-0.49767646094580037,0.6523722627737226,337,378,-18.303825794105627,-19.58768271955507,-0.057335501775450944,-0.24800456116550978,-0.4622367015498838,207.44755244755245,"{""stop"": 398, ""time"": 317}",0
EXT_BUF10,0,db,752,715,1096,-0.5816108417589616,-50.07976048024183,165.61128219693381,0.35664335664335667,0.9903174753052514,1.786455053491826,10.92755842788168,0.09143172317434596,99.6946451535421,76.49859290152985,0.05076677774147491,-0.12897706167928713,-0.044945614257165256,-0.05420527040581383,-0.3604195886977124,-0.12470358345273404,0.6523722627737226,337,378,0.10785040275137221,-1.1962892528700233,-1.913777026344716,-8.3137151904412,-15.5338117848176,207.44755244755245,"{""stop"": 398, ""time"": 317}",0
EXT_BUF10,0,db_nonfee_x2,752,715,1096,-2.1816937373196494,-51.67667719756706,165.61139822936192,0.35244755244755244,0.9642934650631447,1.7716979139850637,10.92755842788168,0.09143172317434596,99.6946451535421,76.49859290152985,0.026154742082337534,-0.22317450001331085,-0.08066347608512459,-0.2033247825922541,-0.39765144882215964,-0.20284969745250306,0.6523722627737226,337,378,-1.493164918714454,-2.795540858668725,-0.5092033503656217,-2.2112418951544237,-4.130739111999659,207.44755244755245,"{""stop"": 398, ""time"": 317}",0
EXT_BUF10,0,db_plus5,752,715,1096,-5.581869890386113,-55.070125221883174,165.61164833042352,0.34405594405594403,0.9118402399174954,1.7384271240703466,10.92755842788168,0.09143172317434596,99.6946451535421,76.49859290152985,-0.026145833693329415,-0.39092393169780626,-0.1522079604280564,-0.5201191539996239,-0.48061511946547153,-0.31669407445470793,0.6523722627737226,337,378,-4.8953224768293335,-6.193950520990963,-0.19820631893407833,-0.8600482114898701,-1.6059005712428154,207.44755244755245,"{""stop"": 398, ""time"": 317}",0
EXT_BUF10,0,db_plus10,752,715,1096,-10.582128939013263,-60.06048996352451,165.61202485255615,0.3356643356643357,0.8411437827322592,1.6647637366575962,10.92755842788168,0.09143172317434596,99.6946451535421,76.49859290152985,-0.10305844512813374,-0.5741705570979856,-0.24746854390810014,-0.9855363426869828,-0.5862275196816271,-0.42213737090080183,0.6523722627737226,337,378,-9.898495356410043,-11.191611789111903,-0.10391579110318636,-0.45038267530116716,-0.8404001495831775,207.44755244755245,"{""stop"": 398, ""time"": 317}",0
EXT_GATE,0,gross,752,577,1096,14.005012369859255,-39.11516815222876,174.4013309893241,0.3587521663778163,1.263222730371234,2.257934348972737,14.005012369859255,0.0931042245111602,93.62209104902202,74.49995362263805,0.26779307923359175,1.0579178628909665,0.27168833464811404,1.111931348190066,-0.1701363974556731,1.5968854325771122,0.5264598540145985,276,301,23.651682452768235,5.159560732374608,0.10961521571006416,0.47956191768544715,0.8651373194307094,196.94280762564992,"{""stop"": 344, ""time"": 233}",0
EXT_GATE,0,rt5,752,577,1096,9.095961119250607,-43.89969105811542,174.34805479799078,0.35528596187175043,1.161315976147075,2.1073636250083507,14.005012369859255,0.0931042245111602,93.62209104902202,74.49995362263805,0.1866357419821833,0.5507476624116792,0.15732613684261576,0.723034152361268,-0.1855810710589747,0.8477488352926901,0.5264598540145985,276,301,17.764540363725164,1.147363539599522,0.16768366726420658,0.7356110522551449,1.3228232807507156,196.94280762564992,"{""stop"": 344, ""time"": 233}",0
EXT_GATE,0,rt10,752,577,1096,4.093805644130798,-48.909413550256915,174.34356891913023,0.35008665511265163,1.068671824712827,1.9839204666698524,14.005012369859255,0.0931042245111602,93.62209104902202,74.49995362263805,0.10418999062885408,0.16209224257739963,0.05130087369153391,0.3255907141812252,-0.259873380240517,0.19740718977855343,0.5264598540145985,276,301,12.75862744311197,-3.851346570217388,0.37036316515518136,1.6237778086505945,2.917581791100091,196.94280762564992,"{""stop"": 344, ""time"": 233}",0
EXT_GATE,0,rt20,752,577,1096,-5.910505306108822,-58.9288585345399,174.3346296591177,0.3327556325823224,0.9107196364320552,1.8261826043038605,14.005012369859255,0.0931042245111602,93.62209104902202,74.49995362263805,-0.06070151207780454,-0.3476940262133893,-0.13262503295267825,-0.47003488427585544,-0.45194788903995675,-0.29345204650563783,0.5264598540145985,276,301,2.746801601885586,-13.848766789851199,-0.25346330551226554,-1.1099073384498197,-1.9909194802681476,196.94280762564992,"{""stop"": 344, ""time"": 233}",0
EXT_GATE,0,rt30,752,577,1096,-15.91481625634844,-68.94830351882288,174.32573373493483,0.31542461005199307,0.7819249011718973,1.6970348129829638,14.005012369859255,0.0931042245111602,93.62209104902202,74.49995362263805,-0.22559301478446317,-0.6340592419857587,-0.2845108641433589,-1.263545309990434,-0.6343039998945135,-0.4485402333749651,0.5264598540145985,276,301,-7.265024239340796,-23.84618700948501,-0.09299495416966895,-0.4067150738195554,-0.7282941451540975,196.94280762564992,"{""stop"": 344, ""time"": 233}",0
EXT_GATE,0,db,752,577,1096,2.493115892092458,-50.51252474774219,174.34213572563482,0.3466204506065858,1.0411022221753357,1.9624776888005078,14.005012369859255,0.0931042245111602,93.62209104902202,74.49995362263805,0.07780735019578867,0.059573751393221075,0.019458192772325855,0.19830175196929792,-0.29444891097663806,0.06608342584044977,0.5264598540145985,276,301,11.156735308515747,-5.4509338053587975,0.6069910524774349,2.6607106279176214,4.779458996342372,196.94280762564992,"{""stop"": 344, ""time"": 233}",0
EXT_GATE,0,db_nonfee_x2,752,577,1096,0.8924261400541218,-52.11563594522747,174.34070364139345,0.34488734835355284,1.0144628393533477,1.9269696144500772,14.005012369859255,0.0931042245111602,93.62209104902202,74.49995362263805,0.05142470976272332,-0.033914960299629704,-0.011424879546362177,0.07098691428363285,-0.32758237000816337,-0.034876356581941416,0.5264598540145985,276,301,9.554843173919528,-7.050521040500207,1.6924686479900874,7.417408395468855,13.320404929455735,196.94280762564992,"{""stop"": 344, ""time"": 233}",0
EXT_GATE,0,db_plus5,752,577,1096,-2.5090395830273526,-55.52224723988369,174.3376641455753,0.3396880415944541,0.9607602173508156,1.8676002184217384,14.005012369859255,0.0931042245111602,93.62209104902202,74.49995362263805,-0.004638401157540653,-0.20613277366052296,-0.07399546270346447,-0.1995733121486365,-0.39293101778122685,-0.18831667482322073,0.5264598540145985,276,301,6.150822387902556,-10.449643915175704,-0.5995320869335486,-2.6264237610926533,-4.713918797321442,196.94280762564992,"{""stop"": 344, ""time"": 233}",0
EXT_GATE,0,db_plus10,752,577,1096,-7.5111950581471625,-60.53196973202518,174.33320339890793,0.3292894280762565,0.8883443774318778,1.8094172319270352,14.005012369859255,0.0931042245111602,93.62209104902202,74.49995362263805,-0.08708415251086997,-0.4052947582495182,-0.15892272593702395,-0.5972350784191888,-0.47770619187441077,-0.3326788068487185,0.5264598540145985,276,301,1.1449094672893618,-15.448354024992613,-0.1990629219396081,-0.8715180947070414,-1.562876804163665,196.94280762564992,"{""stop"": 344, ""time"": 233}",0
EXT_RVOL10,0,gross,752,276,1096,16.244113876426955,-46.65576395261217,201.54925184932117,0.43478260869565216,1.2357388117599428,1.6064604552879256,16.244113876426955,0.18812531960183354,144.43269587708247,114.37318061150495,0.24984090220963168,0.48130359650112853,0.13980211902081807,0.7718695658580552,-0.19711332776927026,0.709247419253469,0.2518248175182482,142,134,21.910367443926575,10.239576513852725,0.16412226358141876,0.7456467721536161,1.333846135188361,238.90217391304347,"{""time"": 148, ""stop"": 128}",0
EXT_RVOL10,0,rt5,752,276,1096,11.430663861858331,-51.64109238212074,201.61381082707175,0.43478260869565216,1.1594729096728786,1.5073147825747422,16.244113876426955,0.18812531960183354,144.43269587708247,114.37318061150495,0.20302889532418075,0.2971482736204667,0.09050796776991743,0.5436424396689098,-0.20727731801690052,0.4366515769107828,0.2518248175182482,142,134,16.13905870013606,6.441170824280438,0.23448554542534847,1.0531737934615544,1.881913562106979,238.90217391304347,"{""time"": 148, ""stop"": 128}",0
EXT_RVOL10,0,rt10,752,276,1096,6.429088527687874,-56.65298093490347,201.60597630927654,0.427536231884058,1.0862856963996528,1.4545181358571624,16.244113876426955,0.18812531960183354,144.43269587708247,114.37318061150495,0.15560629242700966,0.1299768154352121,0.04153460487233129,0.30603135434107254,-0.2175907131365672,0.19088408817458485,0.2518248175182482,142,134,11.133581108275084,1.4437307184089032,0.413984500531532,1.8579411011094744,3.317380709447047,238.90217391304347,"{""time"": 148, ""stop"": 128}",0
EXT_RVOL10,0,rt20,752,276,1096,-3.574062140653032,-66.67675804046893,201.59034435229367,0.40942028985507245,0.9555023581740459,1.3782910122333585,16.244113876426955,0.18812531960183354,144.43269587708247,114.37318061150495,0.06076108663266752,-0.14268705938611892,-0.04997844052967115,-0.17018716285855112,-0.2600092713396708,-0.19221791696950816,0.2518248175182482,142,134,1.1226259245531125,-8.55114949333417,-0.7341724920599229,-3.2897167843548814,-5.864520332143086,238.90217391304347,"{""time"": 148, ""stop"": 128}",0
EXT_RVOL10,0,rt30,752,276,1096,-13.57721280899394,-76.70053514603438,201.57476184303513,0.39855072463768115,0.8426504334673978,1.271636108687164,16.244113876426955,0.18812531960183354,144.43269587708247,114.37318061150495,-0.03408411916167465,-0.34973697808700677,-0.13353066153893056,-0.645537763517776,-0.3767716521013267,-0.3544073997982726,0.2518248175182482,142,134,-8.888329259168847,-18.54602970507725,-0.19049662478880322,-0.8521952752290914,-1.5167020074757098,238.90217391304347,"{""time"": 148, ""stop"": 128}",0
EXT_RVOL10,0,db,752,276,1096,4.828584420753333,-58.256785271793945,201.60347187374583,0.427536231884058,1.064018219110864,1.4247023611823433,16.244113876426955,0.18812531960183354,144.43269587708247,114.37318061150495,0.14043105949991494,0.08115702258911428,0.026327465183469068,0.2298867703993494,-0.2208636631148143,0.11920233872867957,0.2518248175182482,142,134,9.531828278879564,-0.15545011546999007,0.5499608971287586,2.4675789596055435,4.404794561040428,238.90217391304347,"{""time"": 148, ""stop"": 128}",0
EXT_RVOL10,0,db_nonfee_x2,752,276,1096,3.228080313818787,-59.860589608684414,201.60096870382972,0.42391304347826086,1.0422820216552449,1.4164345422494353,16.244113876426955,0.18812531960183354,144.43269587708247,114.37318061150495,0.12525582657282017,0.034439136863058994,0.011339978730475764,0.15370768712632513,-0.22804376785984215,0.049727202970288674,0.2518248175182482,142,134,7.9300754494840495,-1.7546309493488816,0.8207733325124968,3.681741985637774,6.57050273385151,238.90217391304347,"{""time"": 148, ""stop"": 128}",0
EXT_RVOL10,0,db_plus5,752,276,1096,-0.1729909134171237,-63.26867382457667,201.59565367020892,0.4166666666666667,0.9977912322536101,1.3969077251550541,16.244113876426955,0.18812531960183354,144.43269587708247,114.37318061150495,0.0930084566027438,-0.058264152804466285,-0.019793383262250108,-0.008238111770206405,-0.24419276522991662,-0.08105638692290452,0.2518248175182482,142,134,4.526350687018581,-5.15289022134153,-15.242131049552828,-68.33483496275568,-121.88579673418516,238.90217391304347,"{""time"": 148, ""stop"": 128}",0
EXT_RVOL10,0,db_plus10,752,276,1096,-5.17456624758758,-68.2805623773594,201.58784782762683,0.4057971014492754,0.9363255064086855,1.3710480629555752,16.244113876426955,0.18812531960183354,144.43269587708247,114.37318061150495,0.04558585370557275,-0.17976289921517474,-0.06386321579402199,-0.24637002389692308,-0.2673392086335249,-0.23888458457123377,0.2518248175182482,142,134,-0.47912690484239534,-10.150330327213068,-0.5059298886534417,-2.266411744359926,-4.03924642667908,238.90217391304347,"{""time"": 148, ""stop"": 128}",0
EXT_RVOL15,0,gross,752,138,1096,17.009766532557983,-21.579405913266218,218.97365537381077,0.47101449275362317,1.228138500442048,1.3792940081887615,17.009766532557983,0.1263180392682192,178.2635202461663,138.66624458218087,0.19820656476756063,0.2239430734212906,0.06961392503796215,0.5268871550739614,-0.14491614760887284,0.48037383125757255,0.1259124087591241,77,61,37.68965656600602,-9.094356952286265,0.31346940996169004,1.364176068809906,2.206747015279857,256.2391304347826,"{""time"": 83, ""stop"": 55}",0
EXT_RVOL15,0,rt5,752,138,1096,12.12982214550433,-25.783225576957022,219.0456031180627,0.47101449275362317,1.1572545090748458,1.299685833268673,17.009766532557983,0.1263180392682192,178.2635202461663,138.66624458218087,0.15789252413621957,0.1442888558181632,0.04590944925418028,0.3760937706602927,-0.15945467652038958,0.28791535159716564,0.1259124087591241,77,61,32.008107702974726,-12.962439951630431,0.4419397775284082,1.9063103074167447,3.0697272134053124,256.2391304347826,"{""time"": 83, ""stop"": 55}",0
EXT_RVOL15,0,rt10,752,138,1096,7.123559719182462,-30.788620428435337,219.0343665080674,0.463768115942029,1.0892842028616825,1.2594848595588202,17.009766532557983,0.1263180392682192,178.2635202461663,138.66624458218087,0.11741776019894984,0.06794274029820446,0.022132757364046407,0.22107743486448336,-0.17426664831662853,0.12700512449079163,0.1259124087591241,77,61,26.99868528883323,-17.964713540868505,0.7472508430976753,3.2200518746266784,5.175562856597292,256.2391304347826,"{""time"": 83, ""stop"": 55}",0
EXT_RVOL15,0,rt20,752,138,1096,-2.888965133461283,-40.799410131391966,219.01193231733674,0.4492753623188406,0.9661151888843604,1.1842702315356677,17.009766532557983,0.1263180392682192,178.2635202461663,138.66624458218087,0.03646823232441034,-0.06990460692697797,-0.02384510517674776,-0.08970218033418434,-0.2036401767545576,-0.11709430602924525,0.1259124087591241,77,61,16.979840460550218,-27.969260719344653,-1.8165522859297774,-7.811892658618893,-12.507870926474208,256.2391304347826,"{""time"": 83, ""stop"": 55}",0
EXT_RVOL15,0,rt30,752,138,1096,-12.901489986105014,-50.81019983434861,218.98955017894338,0.4420289855072464,0.857909991872913,1.0829355635117097,17.009766532557983,0.1263180392682192,178.2635202461663,138.66624458218087,-0.04448129555012913,-0.1900712409935582,-0.06779781179179145,-0.40005125677629094,-0.2578937027806476,-0.26289052838741517,0.1259124087591241,77,61,6.9609956322672195,-37.97380789782079,-0.4009479861532636,-1.7206027544356097,-2.743960189839315,256.2391304347826,"{""time"": 83, ""stop"": 55}",0
EXT_RVOL15,0,db,752,138,1096,5.52155574275946,-32.3903467809084,219.03077354029222,0.463768115942029,1.0684687079538324,1.2354169435716187,17.009766532557983,0.1263180392682192,178.2635202461663,138.66624458218087,0.10446583573902352,0.044596899004705204,0.014636499403213987,0.17139438787056957,-0.1790361907793343,0.08175162429172639,0.1259124087591241,77,61,25.395670116307944,-19.56544108942468,0.9618784066000634,4.14358588121874,6.6559231324099555,256.2391304347826,"{""time"": 83, ""stop"": 55}",0
EXT_RVOL15,0,db_nonfee_x2,752,138,1096,3.919551766336463,-33.99207313338146,219.02718190471307,0.45652173913043476,1.0480852415411976,1.2477205256442827,17.009766532557983,0.1263180392682192,178.2635202461663,138.66624458218087,0.0915139112790972,0.02175779162281577,0.007194030288709463,0.12168552247513999,-0.18377894498069158,0.03914501897627768,0.1259124087591241,77,61,23.79265494378267,-21.166168637980874,1.3519516489343346,5.8220557779956135,9.346392721618509,256.2391304347826,"{""time"": 83, ""stop"": 55}",0
EXT_RVOL15,0,db_plus5,752,138,1096,0.5152933164375914,-37.395741632386716,219.01955410271378,0.4492753623188406,1.0061796660468376,1.23338152612193,17.009766532557983,0.1263180392682192,178.2635202461663,138.66624458218087,0.06399107180175378,-0.02514235282170485,-0.008444340604178202,0.016000453840407033,-0.19376901864089757,-0.043579415653787645,0.1259124087591241,77,61,20.386247702166447,-24.567714678662764,10.233977769843598,44.04106659021782,70.60878802425273,256.2391304347826,"{""time"": 83, ""stop"": 55}",0
EXT_RVOL15,0,db_plus10,752,138,1096,-4.490969109884281,-42.40113648386503,219.00834767686166,0.4492753623188406,0.9478642244355143,1.1618980815661144,17.009766532557983,0.1263180392682192,178.2635202461663,138.66624458218087,0.023516307864484023,-0.09025718553334772,-0.031011315210032087,-0.13943145522759307,-0.2082446729304792,-0.14891768789871979,0.1259124087591241,77,61,15.37682528802494,-29.56998826790083,-1.1658809764288487,-5.012079476975943,-8.019966654171991,256.2391304347826,"{""time"": 83, ""stop"": 55}",0
EXT_RVOL20,0,gross,752,75,1096,12.351138580990181,-23.657713280055745,218.66478978543796,0.4533333333333333,1.1587377370904988,1.3973013888444248,12.351138580990181,-0.26107479174259046,202.12575794572498,163.7639496320382,0.12707323994122147,0.07791321617714853,0.02530094034773156,0.28363730171103824,-0.11493274895431849,0.2201369111756628,0.06843065693430657,43,32,21.56888451227358,-0.03520751417187995,0.725858277462864,2.588570091851898,4.263450030093689,258.3333333333333,"{""time"": 46, ""stop"": 29}",0
EXT_RVOL20,0,rt5,752,75,1096,7.086968493665988,-28.054971062577888,218.24223439584156,0.4533333333333333,1.0879788003282052,1.3119744356898944,12.351138580990181,-0.26107479174259046,202.12575794572498,163.7639496320382,0.0930779339285951,0.036275321170744945,0.011937473226275586,0.16322773640606564,-0.11922556079750846,0.10012511701706378,0.06843065693430657,43,32,15.532120004622907,-4.26120384918238,1.2570274536647739,4.4537007972358955,7.31273115277044,258.3333333333333,"{""time"": 46, ""stop"": 29}",0
EXT_RVOL20,0,rt10,752,75,1096,2.0838731980843894,-33.0608854908979,218.23170648992527,0.4533333333333333,1.02502104081379,1.2360547845107468,12.351138580990181,-0.26107479174259046,202.12575794572498,163.7639496320382,0.05999240421931811,-0.0018871777799743805,-0.0006288812509630537,0.04802010309610082,-0.12367338609213985,-0.005085016840199726,0.06843065693430657,43,32,10.526727783494847,-9.26121265106093,4.241911651443496,14.984389497253167,24.54912489016526,258.3333333333333,"{""time"": 46, ""stop"": 29}",0
EXT_RVOL20,0,rt20,752,75,1096,-7.922317393078829,-43.072714347537925,218.21069023861367,0.44,0.910843669816963,1.1592555797670439,12.351138580990181,-0.26107479174259046,202.12575794572498,163.7639496320382,-0.0061786551992359315,-0.07409995927151858,-0.02531368117900612,-0.18247126491146204,-0.16705381308714207,-0.1515301010567264,0.06843065693430657,43,32,0.5159433412387079,-19.261230254818024,-1.0983894794806188,-3.8562237553354146,-6.28876591891953,258.3333333333333,"{""time"": 46, ""stop"": 29}",0
EXT_RVOL20,0,rt30,752,75,1096,-17.928507984242028,-53.08454320417796,218.1897267473611,0.4266666666666667,0.8103032272574124,1.0888449616271478,12.351138580990181,-0.26107479174259046,202.12575794572498,163.7639496320382,-0.07234971461778995,-0.14115287980405444,-0.049412600597373735,-0.41192516262047835,-0.21022710681637058,-0.2350439072566161,0.06843065693430657,43,32,-9.494841101017425,-29.26124785857509,-0.4776735556450313,-1.6663343887996689,-2.7044043982069934,258.3333333333333,"{""time"": 46, ""stop"": 29}",0
EXT_RVOL20,0,db,752,75,1096,0.482882703498268,-34.66277810796031,218.22834034486723,0.4533333333333333,1.0057377446022298,1.2128013979026888,12.351138580990181,-0.26107479174259046,202.12575794572498,163.7639496320382,0.049405034712349444,-0.013803754110843447,-0.004618378818783908,0.011128018452405415,-0.1290055665513764,-0.03579984137308246,0.06843065693430657,43,32,8.925002272733867,-10.861215467662063,18.26024288668537,64.4411431099789,105.49882367300616,258.3333333333333,"{""time"": 46, ""stop"": 29}",0
EXT_RVOL20,0,db_nonfee_x2,752,75,1096,-1.1181077910878443,-36.26467072502271,218.22497555013908,0.44,0.9868539880056879,1.2559959847345117,12.351138580990181,-0.26107479174259046,202.12575794572498,163.7639496320382,0.038817665205380776,-0.025579932680984352,-0.008592585773459893,-0.02576690043223694,-0.13638197091825421,-0.06300382459357616,0.06843065693430657,43,32,7.32327676197288,-12.461218284263197,-7.866419476133753,-27.733872697351995,-45.371163130719324,258.3333333333333,"{""time"": 46, ""stop"": 29}",0
EXT_RVOL20,0,db_plus5,752,75,1096,-4.520212592083329,-39.66869253628032,218.21782984514414,0.44,0.9480171603944655,1.2065672950475017,12.351138580990181,-0.26107479174259046,202.12575794572498,163.7639496320382,0.0163195050030724,-0.050145574567971196,-0.0169872621169187,-0.10415233646878821,-0.1518539139087799,-0.11186581682131098,0.06843065693430657,43,32,3.919610051605796,-15.861224269540603,-1.9354504490053261,-6.809379693364473,-11.122424947859482,258.3333333333333,"{""time"": 46, ""stop"": 29}",0
EXT_RVOL20,0,db_plus10,752,75,1096,-9.523307887664936,-44.674606964600336,218.20733253414173,0.44,0.8938956652888563,1.1376853921858172,12.351138580990181,-0.26107479174259046,202.12575794572498,163.7639496320382,-0.01676602470620457,-0.08516539400170653,-0.02920852934989382,-0.21928890724119154,-0.17411391430701517,-0.16775528518869778,0.06843065693430657,43,32,-1.0857821695222727,-20.861233071419147,-0.9114206568370217,-3.1965966685178833,-5.209103181550887,258.3333333333333,"{""time"": 46, ""stop"": 29}",0
EXT_WIDTH,0,gross,752,381,1096,19.043780461781115,-50.95716093951825,153.52661919221535,0.3805774278215223,1.4027834081377286,2.283150926348303,19.043780461781115,0.15020319167654778,80.27956582874528,76.52733957393497,0.35611335359605556,0.9758140105720787,0.254561839037277,1.3914612700334938,-0.13093896899570046,1.944125885439314,0.3476277372262774,181,200,9.146353402735743,28.00095195021718,0.11186508502691113,0.41149666653249045,0.727270138753465,211.1522309711286,"{""stop"": 216, ""time"": 165}",0
EXT_WIDTH,0,rt5,752,381,1096,14.196572039562753,-54.931827127159025,153.63720809371142,0.37270341207349084,1.2821572635323104,2.1579970843959306,19.043780461781115,0.15020319167654778,80.27956582874528,76.52733957393497,0.2835775437525719,0.6429686928038296,0.17980667410892992,1.038852381129138,-0.15301884291101786,1.1750623040163066,0.3476277372262774,181,200,3.4836394343494868,23.89177604728075,0.1495625810796788,0.5486303960627551,0.9681083219602917,211.1522309711286,"{""stop"": 216, ""time"": 165}",0
EXT_WIDTH,0,rt10,752,381,1096,9.19916042566783,-59.92632495709025,153.64524322917953,0.3648293963254593,1.1720507798641826,2.0405488397635407,19.043780461781115,0.15020319167654778,80.27956582874528,76.52733957393497,0.21027641766295782,0.3583596257285435,0.10738286770266536,0.6742122361637156,-0.18785882630498052,0.5716147056531377,0.3476277372262774,181,200,-1.518647154001197,18.89877628526831,0.22944324079634373,0.8396791095998773,1.4799340904206468,211.1522309711286,"{""stop"": 216, ""time"": 165}",0
EXT_WIDTH,0,rt20,752,381,1096,-0.7956628021219996,-69.95127564422523,153.66134131316903,0.35170603674540685,0.9867128175368305,1.818791536802964,19.043780461781115,0.15020319167654778,80.27956582874528,76.52733957393497,0.06367416548372973,-0.07175668425606074,-0.024492875863211028,-0.0583763237686819,-0.2726614572852557,-0.08982888930130974,0.3476277372262774,181,200,-11.523220330702562,8.912776761243414,-2.621089766932599,-9.546363866726844,-16.784515056311896,211.1522309711286,"{""stop"": 216, ""time"": 165}",0
EXT_WIDTH,0,rt30,752,381,1096,-10.790486029911833,-79.97622633136021,153.67747647151515,0.33858267716535434,0.8375761018131133,1.6361951756349191,19.043780461781115,0.15020319167654778,80.27956582874528,76.52733957393497,-0.08292808669549835,-0.3659209014423225,-0.1407728571271719,-0.7903287463916829,-0.3739059189985615,-0.37649272176328796,0.3476277372262774,181,200,-21.527793507403935,-1.0732227627814779,-0.1909387650157512,-0.6920013049052616,-1.2136133080968086,211.1522309711286,"{""stop"": 216, ""time"": 165}",0
EXT_WIDTH,0,db,752,381,1096,7.59998870922146,-61.530317067031845,153.64781643074045,0.36220472440944884,1.1394835697572065,2.006481938050733,19.043780461781115,0.15020319167654778,80.27956582874528,76.52733957393497,0.18682005731428133,0.27811343615946926,0.08515236647011704,0.5572055578474593,-0.20205755485834243,0.4214262937597917,0.3476277372262774,181,200,-3.119378862273414,17.301016361424317,0.27719200816425105,1.0136538534828885,1.7858786036206966,211.1522309711286,"{""stop"": 216, ""time"": 165}",0
EXT_WIDTH,0,db_nonfee_x2,752,381,1096,6.0008169927750865,-63.134309176973446,153.6503905816556,0.36220472440944884,1.1081089769221102,1.9512353724063245,19.043780461781115,0.15020319167654778,80.27956582874528,76.52733957393497,0.16336369696560482,0.2025961454199663,0.06336469022633562,0.44008472393528036,-0.21601026390435318,0.2933411083391517,0.3476277372262774,181,200,-4.720110570545634,15.70325643758034,0.3503901362981573,1.2803544679027554,2.254886850609174,211.1522309711286,"{""stop"": 216, ""time"": 165}",0
EXT_WIDTH,0,db_plus5,752,381,1096,2.6025770953265415,-66.54279241059933,153.65586380428525,0.3569553805774278,1.0451174110437516,1.882748277247935,19.043780461781115,0.15020319167654778,80.27956582874528,76.52733957393497,0.11351893122466725,0.05657511088659217,0.018496458102043922,0.1909368864405799,-0.24486210249955986,0.07553826383597752,0.3476277372262774,181,200,-8.121665450624102,12.308016599411877,0.8046122284120412,2.935332732213535,5.165260552735192,211.1522309711286,"{""stop"": 216, ""time"": 165}",0
EXT_WIDTH,0,db_plus10,752,381,1096,-2.394834518568373,-71.55526775416683,153.66392044741076,0.35170603674540685,0.960688383944261,1.7708211256286006,19.043780461781115,0.15020319167654778,80.27956582874528,76.52733957393497,0.040217805135053235,-0.12664660036707587,-0.044095385832735534,-0.17568926240763272,-0.2853902211285706,-0.15450909865923615,0.3476277372262774,181,200,-13.123952038974785,7.315016837399425,-0.8691517364127616,-3.1631002358534785,-5.559181766047801,211.1522309711286,"{""stop"": 216, ""time"": 165}",0
EXT_DL60,0,gross,752,683,1096,8.168911559576317,-41.36468551644622,161.41202612699405,0.34699853587115664,1.1560754048220676,2.175568061395115,8.168911559576317,0.11313455372470321,90.84334298450678,72.22085565428675,0.2039404687435202,0.6006024560447125,0.1695865436129118,0.7631149696549031,-0.23331141064737349,0.726867765028538,0.6231751824817519,314,369,14.141897010399994,3.0862084930217493,0.14547481082257685,0.63429675953581,1.1712729835091544,197.37628111273793,"{""stop"": 411, ""time"": 272}",0
EXT_DL60,0,rt5,752,683,1096,3.280837568378859,-45.3335720730695,161.36657778305099,0.3440702781844802,1.0590911375237484,2.0190333174920823,8.168911559576317,0.11313455372470321,90.84334298450678,72.22085565428675,0.12140764570549105,0.1464582808332353,0.046569399194041905,0.3066964314803975,-0.29776215848510823,0.1563979769322197,0.6231751824817519,314,369,8.169075310684741,-0.8788010524451108,0.361015613151585,1.5706523189334516,2.8943387146624326,197.37628111273793,"{""stop"": 411, ""time"": 272}",0
EXT_DL60,0,rt10,752,683,1096,-1.720370976543299,-50.32780339823097,161.36586897302846,0.33528550512445093,0.9707486741777287,1.924541039636196,8.168911559576317,0.11313455372470321,90.84334298450678,72.22085565428675,0.03699968619462057,-0.18532382802221747,-0.06598164546143781,-0.16083203832196294,-0.41132277497037684,-0.16041330428685782,0.6231751824817519,314,369,3.165539836432141,-5.878029500321855,-0.6843931052964165,-2.9739488012654465,-5.476600915884162,197.37628111273793,"{""stop"": 411, ""time"": 272}",0
EXT_DL60,0,rt20,752,683,1096,-11.72278806638762,-60.347957223017694,161.36448166777657,0.3206442166910688,0.8211406643047952,1.7397683481160955,8.168911559576317,0.11313455372470321,90.84334298450678,72.22085565428675,-0.1318162328271204,-0.5888354870021315,-0.2562004123260153,-1.0948695067971044,-0.636496018924003,-0.40251691245315613,0.6231751824817519,314,369,-6.841531112073059,-15.876486396075348,-0.0992394407634534,-0.43016860085451303,-0.7910784843604685,197.37628111273793,"{""stop"": 411, ""time"": 272}",0
EXT_DL60,0,rt30,752,683,1096,-21.72520515623194,-70.36811104780442,161.36313478311462,0.30307467057101023,0.7000572709856931,1.6097935313487437,8.168911559576317,0.11313455372470321,90.84334298450678,72.22085565428675,-0.30063215184886133,-0.7926287580144189,-0.4078151246580768,-2.024187112847051,-0.7926287580144189,-0.5145096245052695,0.6231751824817519,314,369,-16.84860206057826,-25.87494329182883,-0.05290241544925543,-0.22873226936665478,-0.4200423195386293,197.37628111273793,"{""stop"": 411, ""time"": 272}",0
EXT_DL60,0,db,752,683,1096,-3.32075771091839,-51.93102801019685,161.36564428796711,0.3323572474377745,0.9445424371295771,1.8974068340576529,8.168911559576317,0.11313455372470321,90.84334298450678,72.22085565428675,0.009989139151142015,-0.2697191826909616,-0.09938713042415859,-0.3104294146622002,-0.4550050905849088,-0.2184308098540095,0.6231751824817519,314,369,1.564408484671308,-7.477782603642417,-0.35388384239964704,-1.5371588263103242,-2.8301019550254147,197.37628111273793,"{""stop"": 411, ""time"": 272}",0
EXT_DL60,0,db_nonfee_x2,752,683,1096,-4.921144445293481,-53.534252622162725,161.36542063765057,0.3308931185944363,0.9192586515142352,1.8588548838141834,8.168911559576317,0.11313455372470321,90.84334298450678,72.22085565428675,-0.017021407892336558,-0.345383175003781,-0.13160292339099366,-0.4599926479698025,-0.4954522337245111,-0.2656218186800416,0.6231751824817519,314,369,-0.036722867089523624,-9.07753570696297,-0.23834190907758787,-1.0348748962653171,-1.9049187883195922,197.37628111273793,"{""stop"": 411, ""time"": 272}",0
EXT_DL60,0,db_plus5,752,683,1096,-8.321966255840552,-56.94110492259021,161.36494881642363,0.32503660322108346,0.8684012048697716,1.8033016011034444,8.168911559576317,0.11313455372470321,90.84334298450678,72.22085565428675,-0.07441882035972847,-0.4811777539319184,-0.19630203314668693,-0.7776252533604479,-0.5717297908849919,-0.3433475678131572,0.6231751824817519,314,369,-3.4391269895812937,-12.477011051519163,-0.1403681426967427,-0.6089633072501535,-1.1204098500653876,197.37628111273793,"{""stop"": 411, ""time"": 272}",0
EXT_DL60,0,db_plus10,752,683,1096,-13.323174800762715,-61.95118183498357,161.36426344994035,0.31771595900439237,0.8000441908703841,1.7180672485972306,8.168911559576317,0.11313455372470321,90.84334298450678,72.22085565428675,-0.15882677987059896,-0.6314699463868312,-0.28282883223810573,-1.2439814342328428,-0.6636033074412105,-0.42620166154485584,0.6231751824817519,314,369,-8.442662463833894,-17.47623949939591,-0.08715005340544518,-0.3776136122073093,-0.6942746889086577,197.37628111273793,"{""stop"": 411, ""time"": 272}",0
EXT_DL180,0,gross,752,744,1096,13.317166521915631,-38.715501000311534,166.102728367407,0.36155913978494625,1.260518058162547,2.2258218499152784,13.317166521915631,0.14003012409871576,94.08657989270851,73.77884580920376,0.2539172867420697,1.434016940318363,0.34479794617322646,1.2609797232197058,-0.1719583484006839,2.005124783879671,0.6788321167883211,348,396,16.694808095919104,10.348936047791366,0.08191962076270255,0.36560936852207504,0.6849310216671483,202.25537634408602,"{""stop"": 428, ""time"": 316}",0
EXT_DL180,0,rt5,752,744,1096,8.456621506719168,-42.94540028289464,166.11478211782375,0.3575268817204301,1.1559619442589117,2.077254922390075,13.317166521915631,0.14003012409871576,94.08657989270851,73.77884580920376,0.17324652614345218,0.6958786240620414,0.19232638554408021,0.8011782798618852,-0.21337975560366929,0.9013337980445834,0.6788321167883211,348,396,10.813069927440246,6.385803197600644,0.12857649680731423,0.5742712763540135,1.0718495210184344,202.25537634408602,"{""stop"": 428, ""time"": 316}",0
EXT_DL180,0,rt10,752,744,1096,3.4560463674239887,-47.95541172059246,166.11447090995128,0.3481182795698925,1.0601599979320422,1.9852416949692682,13.317166521915631,0.14003012409871576,94.08657989270851,73.77884580920376,0.09067296282756446,0.16915351730925798,0.053423990420770506,0.3275392372082701,-0.29009341487757534,0.184161334525006,0.6788321167883211,348,396,5.808896225416265,1.3883904316125937,0.3127490078106902,1.3954155276056666,2.603035947269858,202.25537634408602,"{""stop"": 428, ""time"": 316}",0
EXT_DL180,0,rt20,752,744,1096,-6.54510391116637,-57.9754345959881,166.11387982909773,0.33198924731182794,0.8978278454434849,1.8065604825320325,13.317166521915631,0.14003012409871576,94.08657989270851,73.77884580920376,-0.07447416380421104,-0.44462979757009824,-0.17787370322031804,-0.620188489678688,-0.49273467608724075,-0.3609928666535025,0.6788321167883211,348,396,-4.199451178631696,-8.606435100363512,-0.16317230333624666,-0.7265083499989176,-1.3537122537611426,202.25537634408602,"{""stop"": 428, ""time"": 316}",0
EXT_DL180,0,rt30,752,744,1096,-16.54625418975673,-67.99545747138373,166.11333052846763,0.31586021505376344,0.7663844992450026,1.6599562132583248,13.317166521915631,0.14003012409871576,94.08657989270851,73.77884580920376,-0.23962129043598654,-0.7363852446448073,-0.35854527393212265,-1.565758906523945,-0.7363852446448073,-0.48689904712181686,0.6788321167883211,348,396,-14.207798582679654,-18.601260632339617,-0.06376574885533692,-0.2832982297479263,-0.5272590221016061,202.25537634408602,"{""stop"": 428, ""time"": 316}",0
EXT_DL180,0,db,752,744,1096,1.8558623228495308,-49.55861538065576,166.11437352940172,0.34543010752688175,1.0317281659685733,1.9550646569132109,13.317166521915631,0.14003012409871576,94.08657989270851,73.77884580920376,0.06424942256648038,0.03792756239176143,0.012474509363642028,0.17589410808695363,-0.3197219297858097,0.03901674612060248,0.6788321167883211,348,396,4.207560640768591,-0.2107816535035867,0.5812994834914488,2.5927640248095165,4.835729854115723,202.25537634408602,"{""stop"": 428, ""time"": 316}",0
EXT_DL180,0,db_nonfee_x2,752,744,1096,0.25567827827507295,-51.16181904071906,166.1142772184164,0.34274193548387094,1.0042939645973552,1.9258813674043398,13.317166521915631,0.14003012409871576,94.08657989270851,73.77884580920376,0.03782588230539628,-0.07858713537690765,-0.026889329931538475,0.02423305528732689,-0.34811833124944447,-0.0772419247071218,0.6788321167883211,348,396,2.606225056120917,-1.809953738619758,4.2113415121222255,18.77752540625917,35.015429586068336,202.25537634408602,"{""stop"": 428, ""time"": 316}",0
EXT_DL180,0,db_plus5,752,744,1096,-3.144712816445651,-54.56862681835358,166.11407610886855,0.33602150537634407,0.9491092346732598,1.8754398477143612,13.317166521915631,0.14003012409871576,94.08657989270851,73.77884580920376,-0.018324140749407403,-0.28461944489047897,-0.1055488688091637,-0.2980375576033931,-0.4079081414126605,-0.2587564652267755,0.6788321167883211,348,396,-0.7966130612553897,-5.2081944194916385,-0.34100541973049714,-1.5193880279364584,-2.8321937734917095,202.25537634408602,"{""stop"": 428, ""time"": 316}",0
EXT_DL180,0,db_plus10,752,744,1096,-8.14528795574083,-59.578638256051406,166.11378913335474,0.3293010752688172,0.8749376727134158,1.7820159129958957,13.317166521915631,0.14003012409871576,94.08657989270851,73.77884580920376,-0.10089770406529515,-0.5070234063409835,-0.20986338191705634,-0.7717104485988338,-0.5330051860619391,-0.39373609751832445,0.6788321167883211,348,396,-5.800786763279371,-10.205607185479689,-0.13086295093507547,-0.5824551531274301,-1.0850964784311297,202.25537634408602,"{""stop"": 428, ""time"": 316}",0
EXT_STOPMID,0,gross,752,735,1096,7.305264268481407,-30.213202599475167,134.92804423099366,0.23537414965986395,1.1927620594146828,3.874753048503189,7.305264268481407,0.08171440253884568,51.57882873695372,41.75465553209232,0.383518991706151,0.6023128624447802,0.1700026226206126,0.8468492496749014,-0.2172252476577773,0.7826098690352951,0.6706204379562044,341,394,9.316177583936632,5.564854520841226,0.15116436662645874,0.6664264956144129,1.227377238886906,128.53197278911566,"{""stop"": 553, ""time"": 182}",0
EXT_STOPMID,0,rt5,752,735,1096,2.386643887389333,-35.299420463261924,135.02694152886704,0.23401360544217686,1.057231039770379,3.4605876476204847,7.305264268481407,0.08171440253884568,51.57882873695372,41.75465553209232,0.23257230662847592,0.11621974770392418,0.03729442745341527,0.27658400696026303,-0.27963559218096135,0.13336795635542997,0.6706204379562044,341,394,3.7806986865222525,1.1801142262108413,0.461165124097378,2.0326082907978282,3.7316271149950477,128.53197278911566,"{""stop"": 553, ""time"": 182}",0
EXT_STOPMID,0,rt10,752,735,1096,-2.6136908962415886,-40.291843713958784,135.02714955778686,0.22993197278911565,0.9426070826678165,3.1568970934318585,7.305264268481407,0.08171440253884568,51.57882873695372,41.75465553209232,0.08069326698106213,-0.2271312686084559,-0.0822255916746717,-0.3028925130257684,-0.3981238862818621,-0.2065326761541204,0.6706204379562044,341,394,-1.221630357873731,-3.818494560158947,-0.4186073720119543,-1.8431297006412564,-3.38129473473169,128.53197278911566,"{""stop"": 553, ""time"": 182}",0
EXT_STOPMID,0,rt20,752,735,1096,-12.614360463503433,-50.2766902153525,135.02759096673742,0.22312925170068026,0.7632155249681796,2.657293077785552,7.305264268481407,0.08171440253884568,51.57882873695372,41.75465553209232,-0.22306481231376551,-0.6296792653051411,-0.28167019345304256,-1.4598249896622835,-0.6296792653051411,-0.4473232786481319,0.6706204379562044,341,394,-11.2262884466657,-13.815712132898527,-0.08570049873723334,-0.37654621221894025,-0.6897573391983552,128.53197278911566,"{""stop"": 553, ""time"": 182}",0
EXT_STOPMID,0,rt30,752,735,1096,-22.61503003076528,-60.26153671674622,135.02806617689023,0.2163265306122449,0.6297367770931493,2.281310588714805,7.305264268481407,0.08171440253884568,51.57882873695372,41.75465553209232,-0.5268228916085933,-0.8226912847689675,-0.4379108751874111,-2.6088887799591993,-0.8226912847689675,-0.5322906457072626,0.6706204379562044,341,394,-21.23094653545767,-23.812929705638112,-0.047225393340924196,-0.20704849733406086,-0.378687808093195,128.53197278911566,"{""stop"": 553, ""time"": 182}",0
EXT_STOPMID,0,db,752,735,1096,-4.213798027003483,-41.88941915418177,135.0272179117642,0.22993197278911565,0.9099087677427096,3.047386760605761,7.305264268481407,0.08171440253884568,51.57882873695372,41.75465553209232,0.032091974293889686,-0.3129271343517672,-0.11749500435839844,-0.4882754662628927,-0.4318773736143501,-0.27205640197144704,0.6706204379562044,341,394,-2.8223756520804453,-5.418049371797281,-0.25915379504015174,-1.1406750446097373,-2.0921195937997203,128.53197278911566,"{""stop"": 553, ""time"": 182}",0
EXT_STOPMID,0,db_nonfee_x2,752,735,1096,-5.813905157765379,-43.48699459440477,135.02728713105952,0.22993197278911565,0.8788891534305922,2.9434985848622204,7.305264268481407,0.08171440253884568,51.57882873695372,41.75465553209232,-0.016509318393282717,-0.38921034397493404,-0.15141436450894086,-0.6735904283750827,-0.46523388254444953,-0.32545859231238256,0.6706204379562044,341,394,-4.42312094628716,-7.017604183435612,-0.1874700727923426,-0.824880533060158,-1.5125598593217067,128.53197278911566,"{""stop"": 553, ""time"": 182}",0
EXT_STOPMID,0,db_plus5,752,735,1096,-9.214132810634409,-46.88184240487864,135.0274370951822,0.22448979591836735,0.8180272571846278,2.8259123430014412,7.305264268481407,0.08171440253884568,51.57882873695372,41.75465553209232,-0.1197870653535242,-0.524387403134812,-0.21924290080175202,-1.0670418111092497,-0.533148923591125,-0.4112226267381357,0.6706204379562044,341,394,-7.8247046964764335,-10.41665815816707,-0.11780762502152699,-0.5179905170662525,-0.9493420398902337,128.53197278911566,"{""stop"": 553, ""time"": 182}",0
EXT_STOPMID,0,db_plus10,752,735,1096,-14.21446759426533,-51.8742656555755,135.02766472893003,0.22312925170068026,0.7392641534329912,2.5739014122575488,7.305264268481407,0.08171440253884568,51.57882873695372,41.75465553209232,-0.271666105000938,-0.6708272356166831,-0.3093022088808387,-1.6443635146487263,-0.6708272356166831,-0.46107580679323645,0.6706204379562044,341,394,-12.827033740872414,-15.41526694453686,-0.07590635728855406,-0.3333992324326374,-0.6105721373220652,128.53197278911566,"{""stop"": 553, ""time"": 182}",0
EXT_TGT1R,0,gross,752,735,1096,3.4122871795168264,28.004170649056878,110.20478058273409,0.54421768707483,1.0842636696830685,0.9080708233595699,3.4122871795168264,0.013164398390794587,93.36769193278164,73.45113231912914,0.09008484758809818,0.22926036424819718,0.07115921652577017,0.48446090187128893,-0.18696922291256346,0.3805932089638514,0.6706204379562044,341,394,1.278059409434135,5.259423396771135,0.3866403581095227,1.0076143773020048,1.4931088200468867,83.31836734693877,"{""target"": 376, ""stop"": 307, ""time"": 52}",0
EXT_TGT1R,0,rt5,752,735,1096,-1.5739918253033613,22.997169606394614,110.29323749873551,0.5428571428571428,0.9631982834994658,0.8111143439995501,3.4122871795168264,0.013164398390794587,93.36769193278164,73.45113231912914,0.007248645606897348,-0.14798766536659513,-0.05193863670549759,-0.22331672404249583,-0.26135861744305555,-0.19872555653082266,0.6706204379562044,341,394,-4.078726787240558,0.593811783885937,-0.8415672357426593,-2.1637925039701416,-3.192449507756332,83.31836734693877,"{""target"": 376, ""stop"": 307, ""time"": 52}",0
EXT_TGT1R,0,rt10,752,735,1096,-6.573435228514344,17.990168563732347,110.2927388030594,0.5401360544217687,0.8541256491641886,0.7271900992884024,3.4122871795168264,0.013164398390794587,93.36769193278164,73.45113231912914,-0.07569602613938699,-0.41010295461780333,-0.16119349671201566,-0.9321234908292111,-0.43113216760971707,-0.37388417942856045,0.6706204379562044,341,394,-9.079046302092914,-4.4048733602648715,-0.20042601024109521,-0.5129394955825429,-0.754034444080748,83.31836734693877,"{""target"": 376, ""stop"": 307, ""time"": 52}",0
EXT_TGT1R,0,rt20,752,735,1096,-16.572322034936306,7.976166478407819,110.29176206342811,0.5292517006802722,0.6665717885877187,0.5928890458903616,3.4122871795168264,0.013164398390794587,93.36769193278164,73.45113231912914,-0.24158536963195568,-0.7173837961647243,-0.3435032248952019,-2.342671958009247,-0.7180845202468364,-0.4783604369818822,0.6706204379562044,341,394,-19.07968533179763,-14.402243648566484,-0.07863848454891552,-0.19935288599316106,-0.29084704417011203,83.31836734693877,"{""target"": 376, ""stop"": 307, ""time"": 52}",0
EXT_TGT1R,0,rt30,752,735,1096,-26.571208841358278,-2.037835606916712,110.29081286003213,0.4884353741496599,0.513113651169453,0.5374115120883407,3.4122871795168264,0.013164398390794587,93.36769193278164,73.45113231912914,-0.4074747131245244,-0.8647000689639712,-0.4863151835664482,-3.7345343092170293,-0.8647659668426494,-0.5623662380493946,0.6706204379562044,341,394,-29.080324361502345,-24.399613936868104,-0.04850954248390531,-0.12177488497061349,-0.17625939442655242,83.31836734693877,"{""target"": 376, ""stop"": 307, ""time"": 52}",0
EXT_TGT1R,0,db,752,735,1096,-8.173257117541858,16.387928230080426,110.2925806743133,0.5401360544217687,0.8215375765376965,0.6994450903519935,3.4122871795168264,0.013164398390794587,93.36769193278164,73.45113231912914,-0.10223832109819797,-0.47559713700170214,-0.1934333179563289,-1.158612342739862,-0.4899870267672439,-0.39477232536651335,0.6706204379562044,341,394,-10.67914854684567,-6.004452606393129,-0.1609156497259053,-0.41120559527383355,-0.6037669922005114,83.31836734693877,"{""target"": 376, ""stop"": 307, ""time"": 52}",0
EXT_TGT1R,0,db_nonfee_x2,752,735,1096,-9.773079006569374,14.7856878964285,110.29242325047915,0.5387755102040817,0.7899893519451351,0.6762787634075778,3.4122871795168264,0.013164398390794587,93.36769193278164,73.45113231912914,-0.12878061605700894,-0.5338285193681911,-0.22443885906191097,-1.3848615120164882,-0.5427607825088987,-0.4135134046060729,0.6706204379562044,341,394,-12.279250791598425,-7.604031852521384,-0.1343407294241998,-0.34277872552542404,-0.5026961463366174,83.31836734693877,"{""target"": 376, ""stop"": 307, ""time"": 52}",0
EXT_TGT1R,0,db_plus5,752,735,1096,-13.172700520752846,11.380927187418159,110.29209106537337,0.5346938775510204,0.726224342991484,0.6319814893208335,3.4122871795168264,0.013164398390794587,93.36769193278164,73.45113231912914,-0.1851829928444823,-0.6370139945288739,-0.2864400265828436,-1.8646333085351396,-0.6381593852211647,-0.4488534263012885,0.6706204379562044,341,394,-15.679468061698028,-11.003137750543939,-0.09930176612704684,-0.25255807573857536,-0.36943449894759733,83.31836734693877,"{""target"": 376, ""stop"": 307, ""time"": 52}",0
EXT_TGT1R,0,db_plus10,752,735,1096,-18.172143923963826,6.373926144755892,110.29160834043101,0.527891156462585,0.639849469010812,0.5722365096565766,3.4122871795168264,0.013164398390794587,93.36769193278164,73.45113231912914,-0.26812766459076665,-0.7487912957093608,-0.3687606959259886,-2.5669077977911705,-0.7493341679800483,-0.4921178183026711,0.6706204379562044,341,394,-20.67978757655039,-16.001822894694744,-0.07158978482363666,-0.1812034258058298,-0.2640391352324205,83.31836734693877,"{""target"": 376, ""stop"": 307, ""time"": 52}",0
EXT_TGT2R,0,gross,752,735,1096,6.5623292049918325,-31.932886909095274,140.162833514348,0.4122448979591837,1.1341475020110034,1.6170023791047972,6.5623292049918325,0.11236932943578197,93.36769193278164,73.45113231912914,0.1319071846857008,0.5087320990137847,0.14678777421649825,0.7324035672272391,-0.23090858335352704,0.6356964824982809,0.6706204379562044,341,394,2.4201903371448323,10.14727680381373,0.2926942848617159,0.7618932633856482,1.14149630822735,134.98503401360543,"{""stop"": 389, ""target"": 227, ""time"": 119}",0
EXT_TGT2R,0,rt5,752,735,1096,1.6757776984261656,-36.152081098919986,140.1359087929664,0.4095238095238095,1.032358348225184,1.4885166881386371,6.5623292049918325,0.11236932943578197,93.36769193278164,73.45113231912914,0.05089158891716398,0.05359416131266981,0.01753859123321999,0.187128086800502,-0.3003892070130192,0.05838622301919073,0.6706204379562044,341,394,-3.1526449085421855,5.85469168059928,1.137460985505534,2.9628194489717217,4.4317018425573185,134.98503401360543,"{""stop"": 389, ""target"": 227, ""time"": 119}",0
EXT_TGT2R,0,rt10,752,735,1096,-3.323143137575287,-41.15986717267627,140.14125220739072,0.4013605442176871,0.939304788305608,1.4009969723880256,6.5623292049918325,0.11236932943578197,93.36769193278164,73.45113231912914,-0.03204669870117808,-0.2704439572245404,-0.09968489791786261,-0.3710436746215829,-0.4330855770372145,-0.23017367283347978,0.6706204379562044,341,394,-8.153249956126468,0.8572284998002316,-0.5716904573966658,-1.4838612277601617,-2.214380060234882,134.98503401360543,"{""stop"": 389, ""target"": 227, ""time"": 119}",0
EXT_TGT2R,0,rt20,752,735,1096,-13.320984809578185,-51.17543932018886,140.15196474037282,0.3877551020408163,0.7809656701817927,1.2331036897607253,6.5623292049918325,0.11236932943578197,93.36769193278164,73.45113231912914,-0.1979232739378622,-0.6503853962851494,-0.29530368682756003,-1.4851603059669587,-0.6611434820603235,-0.44665597535243673,0.6706204379562044,341,394,-18.154460051295043,-9.13769786179786,-0.14166851649797316,-0.36507783199622446,-0.5422280393715591,134.98503401360543,"{""stop"": 389, ""target"": 227, ""time"": 119}",0
EXT_TGT2R,0,rt30,752,735,1096,-23.318826481581088,-61.191011467701436,140.16271153898182,0.38231292517006804,0.6517393079346682,1.052988063353521,6.5623292049918325,0.11236932943578197,93.36769193278164,73.45113231912914,-0.36379984917454633,-0.8325826991672575,-0.44855418004369174,-2.591689947133707,-0.833130831084745,-0.538395847696177,0.6706204379562044,341,394,-28.155670146463617,-19.132624223395954,-0.08038651060316349,-0.20564110532377566,-0.3039312915697875,134.98503401360543,"{""stop"": 389, ""target"": 227, ""time"": 119}",0
EXT_TGT2R,0,db,752,735,1096,-4.92279780509575,-42.762358716278285,140.14296390969355,0.3986394557823129,0.911637006146304,1.3752339819681447,6.5623292049918325,0.11236932943578197,93.36769193278164,73.45113231912914,-0.05858695073904752,-0.35141770268317585,-0.1342771407647526,-0.5495846458388286,-0.47787765707474117,-0.2809864382166571,0.6706204379562044,341,394,-9.753443571353442,-0.7419597180554605,-0.38550964008770405,-0.9994766250124215,-1.4904108849445707,134.98503401360543,"{""stop"": 389, ""target"": 227, ""time"": 119}",0
EXT_TGT2R,0,db_nonfee_x2,752,735,1096,-6.522452472616212,-44.3648502598803,140.1446764893655,0.39727891156462586,0.88491572396374,1.3425262524518382,6.5623292049918325,0.11236932943578197,93.36769193278164,73.45113231912914,-0.08512720277691699,-0.42341499899815094,-0.1675454903426915,-0.7280504667203191,-0.5191370415450518,-0.3227384619753656,0.6706204379562044,341,394,-11.353637186580414,-2.3411479359111564,-0.290651838059096,-0.7526861155642742,-1.1215537400619149,134.98503401360543,"{""stop"": 389, ""target"": 227, ""time"": 119}",0
EXT_TGT2R,0,db_plus5,752,735,1096,-9.921718641097202,-47.77014479003458,140.14831863416126,0.3904761904761905,0.8310903145031093,1.2973117104438778,6.5623292049918325,0.11236932943578197,93.36769193278164,73.45113231912914,-0.14152523835738962,-0.5510014441221522,-0.2340729405739348,-1.1069362328862946,-0.596325305295021,-0.39252558711747354,0.6706204379562044,341,394,-14.75404861893773,-5.739422898854512,-0.19063869340209572,-0.49248300740066286,-0.7326499050585336,134.98503401360543,"{""stop"": 389, ""target"": 227, ""time"": 119}",0
EXT_TGT2R,0,db_plus10,752,735,1096,-14.920639477098653,-52.77793086379087,140.15368192570463,0.3877551020408163,0.7585525355066978,1.1977145297474177,6.5623292049918325,0.11236932943578197,93.36769193278164,73.45113231912914,-0.22446352597573166,-0.6892258993752983,-0.3224063843793219,-1.662857226208514,-0.6959448488004586,-0.4632642729305728,0.6706204379562044,341,394,-19.754653666522017,-10.73688607965356,-0.1263445141818775,-0.3252095422246222,-0.4826402393001896,134.98503401360543,"{""stop"": 389, ""target"": 227, ""time"": 119}",0
EXT_TGT3R,0,gross,752,735,1096,8.347352557244038,-37.16775828665414,144.39513011219205,0.3836734693877551,1.1657698980884017,1.8726729213973259,8.347352557244038,0.1576374999015161,93.36769193278164,73.45113231912914,0.17536240190917077,0.711836973345845,0.19605126957956487,0.9041474008870805,-0.19088613820155242,1.0270587033017489,0.6706204379562044,341,394,8.869347394693616,7.895575299451385,0.11993239593332765,0.5274259955669987,0.8959065915381621,162.8721088435374,"{""stop"": 409, ""time"": 188, ""target"": 138}",0
EXT_TGT3R,0,rt5,752,735,1096,3.505019448032084,-40.57546590376806,144.50950120774493,0.38095238095238093,1.0656845430784005,1.731737382502401,8.347352557244038,0.1576374999015161,93.36769193278164,73.45113231912914,0.09484965907767445,0.19922712719049973,0.0623716787248092,0.37951954540464444,-0.24547280578635344,0.2540879366453904,0.6706204379562044,341,394,3.1468681853801743,3.8149930027638135,0.28715662544555454,1.2490933592704934,2.123819405828283,162.8721088435374,"{""stop"": 409, ""time"": 188, ""target"": 138}",0
EXT_TGT3R,0,rt10,752,735,1096,-1.4949511610813866,-45.585244695806125,144.5093298516152,0.37142857142857144,0.9735264348388089,1.6475062743425997,8.347352557244038,0.1576374999015161,93.36769193278164,73.45113231912914,0.011904166048197325,-0.16960947628177026,-0.0600198612527163,-0.16188466088663547,-0.31043333282005026,-0.19334219269394043,0.6706204379562044,341,394,-1.855349151468498,-1.1830331034113257,-0.6685412756284118,-2.9053959793256205,-4.93342771735118,162.8721088435374,"{""stop"": 409, ""time"": 188, ""target"": 138}",0
EXT_TGT3R,0,rt20,752,735,1096,-11.49489237930833,-55.604802279882236,144.50901428201178,0.3551020408163265,0.8171042335141968,1.483936424083254,8.347352557244038,0.1576374999015161,93.36769193278164,73.45113231912914,-0.15398682001075695,-0.6020719512652515,-0.2642619255205414,-1.2434820452209936,-0.6038664075007745,-0.4376165361048047,0.6706204379562044,341,394,-11.859783825165845,-11.179085315761599,-0.08571898914272381,-0.3718244680980349,-0.6296399827502407,162.8721088435374,"{""stop"": 409, ""time"": 188, ""target"": 138}",0
EXT_TGT3R,0,rt30,752,735,1096,-21.494833597535276,-65.62435986395835,144.50873490281109,0.345578231292517,0.6900111120609651,1.3066745862256859,8.347352557244038,0.1576374999015161,93.36769193278164,73.45113231912914,-0.31987780606971117,-0.809451046154513,-0.4242669436271549,-2.3192276472301656,-0.8098917949845544,-0.5238563302585948,0.6706204379562044,341,394,-21.864218498863195,-21.175137528111875,-0.045184092702037014,-0.19561628043257154,-0.3303144521898525,162.8721088435374,"{""stop"": 409, ""time"": 188, ""target"": 138}",0
EXT_TGT3R,0,db,752,735,1096,-3.0949417559976973,-47.1883739092583,144.50927692849302,0.3687074829931973,0.9461536495500312,1.6199826324399056,8.347352557244038,0.1576374999015161,93.36769193278164,73.45113231912914,-0.01463839172123534,-0.26177725982392863,-0.09613709726364184,-0.3351244777156864,-0.3652079829035223,-0.2632393095553953,0.6706204379562044,341,394,-3.456058699260074,-2.7824014573873677,-0.3221965628630773,-1.3998099410537288,-2.375882885407051,162.8721088435374,"{""stop"": 409, ""time"": 188, ""target"": 138}",0
EXT_TGT3R,0,db_nonfee_x2,752,735,1096,-4.694932350914009,-48.79150312271048,144.5092249318402,0.3659863945578231,0.9197325480633584,1.5932913286153345,8.347352557244038,0.1576374999015161,93.36769193278164,73.45113231912914,-0.04118094949066802,-0.3437274012993211,-0.1308720393001631,-0.5083237826187654,-0.4156394405881977,-0.31486915465711773,0.6706204379562044,341,394,-5.056768247051651,-4.3817698113634105,-0.2119141579670542,-0.9204041844224731,-1.5615144706442194,162.8721088435374,"{""stop"": 409, ""time"": 188, ""target"": 138}",0
EXT_TGT3R,0,db_plus5,752,735,1096,-8.094912365111172,-52.19815270129636,144.50911751512507,0.35918367346938773,0.8665570005810745,1.5460164669457808,8.347352557244038,0.1576374999015161,93.36769193278164,73.45113231912914,-0.09758388475071252,-0.4889505748734374,-0.20033215161858564,-0.8761420565434714,-0.5099201665655809,-0.3928696387276946,0.6706204379562044,341,394,-8.458276036108748,-7.780427563562506,-0.12231467751582868,-0.5309086274477612,-0.8998768601166568,162.8721088435374,"{""stop"": 409, ""time"": 188, ""target"": 138}",0
EXT_TGT3R,0,db_plus10,752,735,1096,-13.094882974224644,-57.207931493334414,144.50896714933882,0.35374149659863946,0.7950137781317815,1.4524290177407548,8.347352557244038,0.1576374999015161,93.36769193278164,73.45113231912914,-0.18052937778018963,-0.6462809859535852,-0.292559251882233,-1.4161255548297988,-0.6476918508372047,-0.45169512555094166,0.6706204379562044,341,394,-13.460493372957426,-12.778453669737644,-0.07507311037495296,-0.3255460470708575,-0.5510266497889147,162.8721088435374,"{""stop"": 409, ""time"": 188, ""target"": 138}",0
EXT_TX60,0,gross,752,735,1096,1.3332999584760328,-10.389479859594775,97.21306979195968,0.4489795918367347,1.0413333995625362,1.2780000812812946,1.3332999584760328,-0.02745995459596666,93.36769193278164,73.45113231912914,0.07937775844406254,0.06556091904636774,0.02137300141303977,0.21462088570355334,-0.29809447381565846,0.07169875086734023,0.6706204379562044,341,394,0.6106717116598136,1.9587218675225577,0.7138102676914,2.440893643964475,3.9485946360678885,50.755102040816325,"{""time"": 524, ""stop"": 211}",0
EXT_TX60,0,rt5,752,735,1096,-3.693968330350502,-14.997028327595729,97.17191080156519,0.4013605442176871,0.8948228356321193,1.3346510090784152,1.3332999584760328,-0.02745995459596666,93.36769193278164,73.45113231912914,-0.0037654527334187783,-0.26365145168627746,-0.09690195305552096,-0.5947455411333962,-0.3830048112771257,-0.25300453206423795,0.6706204379562044,341,394,-4.639073496939828,-2.8759965998759864,-0.25586532570371573,-0.8718447333933299,-1.4067404571335236,50.755102040816325,"{""time"": 524, ""stop"": 211}",0
EXT_TX60,0,rt10,752,735,1096,-8.693776664581073,-19.99977667592811,97.17582372334937,0.37551020408163266,0.7723168780027535,1.284396547113275,1.3332999584760328,-0.02745995459596666,93.36769193278164,73.45113231912914,-0.0867028606046109,-0.49023353704812034,-0.20100127597585127,-1.3981700745501353,-0.5220738838400254,-0.3850054220246006,0.6706204379562044,341,394,-9.639226164867742,-7.875506919409106,-0.1079615517982947,-0.36655953516947504,-0.5898868797534041,50.755102040816325,"{""time"": 524, ""stop"": 211}",0
EXT_TX60,0,rt20,752,735,1096,-18.69339333304221,-30.00527337259287,97.18366732954362,0.33877551020408164,0.5813110024730087,1.1346070168750289,1.3332999584760328,-0.02745995459596666,93.36769193278164,73.45113231912914,-0.2525776763469952,-0.7558217665275169,-0.37469984499373477,-2.9918735253663096,-0.7577336690318869,-0.4945007201177525,0.6706204379562044,341,394,-19.639531500723574,-17.874527558475343,-0.049507546470089085,-0.16686250993922122,-0.26705290396131526,50.755102040816325,"{""time"": 524, ""stop"": 211}",0
EXT_TX60,0,rt30,752,735,1096,-28.693010001503346,-40.01077006925763,97.19153461445896,0.2925170068027211,0.44232551999508635,1.0698105599881158,1.3332999584760328,-0.02745995459596666,93.36769193278164,73.45113231912914,-0.41845249208937946,-0.8831248587341272,-0.5107574109623572,-4.554867579210798,-0.8835757605301487,-0.5780572914946205,0.6706204379562044,341,394,-29.639836836579406,-27.87354819754158,-0.031796401231334925,-0.10635574059567461,-0.16923651993161107,50.755102040816325,"{""time"": 524, ""stop"": 211}",0
EXT_TX60,0,db,752,735,1096,-10.293715331534855,-21.60065614739447,97.17707710889387,0.3673469387755102,0.7373336080822825,1.269852325030598,1.3332999584760328,-0.02745995459596666,93.36769193278164,73.45113231912914,-0.11324283112339237,-0.5468453087008509,-0.23171909130306523,-1.6545824624355403,-0.5600734453985544,-0.41372982991216695,0.6706204379562044,341,394,-11.239275018604674,-9.475350221659701,-0.09097715029429133,-0.3085355479914892,-0.49608420817940396,50.755102040816325,"{""time"": 524, ""stop"": 211}",0
EXT_TX60,0,db_nonfee_x2,752,735,1096,-11.893653998488634,-23.20153561886083,97.17833110073698,0.3578231292517007,0.7041962254952484,1.2638046328279742,1.3332999584760328,-0.02745995459596666,93.36769193278164,73.45113231912914,-0.13978280164217388,-0.5971776952879786,-0.2612605882230611,-1.9105478297281686,-0.6014152169788143,-0.4344096737949089,0.6706204379562044,341,394,-12.839323872341605,-11.0751935239103,-0.07856224454067323,-0.2661223765827678,-0.4275182756822056,50.755102040816325,"{""time"": 524, ""stop"": 211}",0
EXT_TX60,0,db_plus5,752,735,1096,-15.293523665765422,-26.603404495726853,97.18099784639737,0.3469387755102041,0.6393803261018919,1.203539437368267,1.3332999584760328,-0.02745995459596666,93.36769193278164,73.45113231912914,-0.19618023899458456,-0.6863619535248549,-0.32033318215503537,-2.4526856959001906,-0.6892398662377262,-0.46476299158898193,0.6706204379562044,341,394,-16.239427686532593,-14.474860541192825,-0.0608053524379719,-0.2054593217530074,-0.32944923758910294,50.755102040816325,"{""time"": 524, ""stop"": 211}",0
EXT_TX60,0,db_plus10,752,735,1096,-20.293331999995992,-31.606152844059235,97.18492450406923,0.33197278911564626,0.5560449209105154,1.118926459701078,1.3332999584760328,-0.02745995459596666,93.36769193278164,73.45113231912914,-0.27911764686577667,-0.7829644216321899,-0.3987633734972651,-3.2444127368414963,-0.7845261583820098,-0.508285631061259,0.6706204379562044,341,394,-21.239580354460507,-19.474370860725944,-0.04550082294160197,-0.15317429875392444,-0.24492428370101885,50.755102040816325,"{""time"": 524, ""stop"": 211}",0
INT_RVOL10_TGT2R,0,gross,752,276,1096,16.037349866230404,-28.709074344067787,196.93680488533917,0.4601449275362319,1.2385675201197541,1.4531225236050658,16.037349866230404,0.15424931761030303,144.43269587708247,114.37318061150495,0.21246030935833274,0.4770770908392006,0.13871803524768267,0.7798530484521171,-0.224051046698043,0.6191358500307972,0.2518248175182482,142,134,8.746757200690455,23.763201795384663,0.3189465502319656,0.8302288106398602,1.2438791204401085,178.80072463768116,"{""stop"": 121, ""target"": 78, ""time"": 77}",0
INT_RVOL10_TGT2R,0,rt5,752,276,1096,11.193358449708526,-34.214698062450715,196.89213841379933,0.4601449275362319,1.1602833621448476,1.3612773303904118,16.037349866230404,0.15424931761030303,144.43269587708247,114.37318061150495,0.16619396362199315,0.29242540961157504,0.08918406819245561,0.5451190536092521,-0.24730942034793868,0.3606173516034403,0.2518248175182482,142,134,3.238235053546601,19.623414585939834,0.45349318120936605,1.1812435190170574,1.7668707695143622,178.80072463768116,"{""stop"": 121, ""target"": 78, ""time"": 77}",0
INT_RVOL10_TGT2R,0,rt10,752,276,1096,6.195117715576361,-39.21512903811244,196.89937141320013,0.4528985507246377,1.0854033906056835,1.3111672958516658,16.037349866230404,0.15424931761030303,144.43269587708247,114.37318061150495,0.1187917430731954,0.12595751542047107,0.040299360795577055,0.3019461878175051,-0.2874986904151261,0.14017232821960984,0.2518248175182482,142,134,-1.763951635753567,14.629355386388678,0.8166551123603724,2.1196835490344195,3.1632236877533595,178.80072463768116,"{""stop"": 121, ""target"": 78, ""time"": 77}",0
INT_RVOL10_TGT2R,0,rt20,752,276,1096,-3.801363752687982,-49.21599098943588,196.91387374338004,0.4384057971014493,0.9513184663652139,1.2186310932777533,16.037349866230404,0.15424931761030303,144.43269587708247,114.37318061150495,0.023987301975599958,-0.1455922777172166,-0.05105180350736749,-0.1853053801559963,-0.3875535411063903,-0.13172838870630488,0.2518248175182482,142,134,-11.768325014353918,4.641236987286368,-1.3220519070808396,-3.4069097069316188,-5.060077081657944,178.80072463768116,"{""stop"": 121, ""target"": 78, ""time"": 77}",0
INT_RVOL10_TGT2R,0,rt30,752,276,1096,-13.79784522095232,-59.216852940759324,196.92842450647547,0.4311594202898551,0.835213909496665,1.101920872193079,16.037349866230404,0.15424931761030303,144.43269587708247,114.37318061150495,-0.07081713912199553,-0.3518309390662654,-0.1344608736760209,-0.6714126923250844,-0.47363785673410597,-0.2838896252997476,0.2518248175182482,142,134,-21.772698392954272,-5.346881411815941,-0.3617902479307535,-0.9255153124772545,-1.3678834484279787,178.80072463768116,"{""stop"": 121, ""target"": 78, ""time"": 77}",0
INT_RVOL10_TGT2R,0,db,752,276,1096,4.595680680654067,-40.81526695032419,196.90168853089548,0.4528985507246377,1.0625988964002548,1.2836194668515077,16.037349866230404,0.15424931761030303,144.43269587708247,114.37318061150495,0.10362303249758015,0.0773404489502616,0.025119470279060918,0.22402540483996045,-0.3045349871892078,0.08248467774067016,0.2518248175182482,142,134,-3.3646513763296273,13.031256442532309,1.0997036148569763,2.8511039496733654,4.2515415111872485,178.80072463768116,"{""stop"": 121, ""target"": 78, ""time"": 77}",0
INT_RVOL10_TGT2R,0,db_nonfee_x2,752,276,1096,2.996243645731771,-42.41540486253594,196.90400688870372,0.4492753623188406,1.0403288076472486,1.275241764212756,16.037349866230404,0.15424931761030303,144.43269587708247,114.37318061150495,0.08845432192196487,0.03081530956080325,0.01015870622273618,0.14607318299532468,-0.32116657099146806,0.03163064633836393,0.2518248175182482,142,134,-4.965351116905686,11.43315749867594,1.6849426673225552,4.363409361814052,6.501778082481218,178.80072463768116,"{""stop"": 121, ""target"": 78, ""time"": 77}",0
INT_RVOL10_TGT2R,0,db_plus5,752,276,1096,-0.4025600534781029,-45.81569792598591,196.90893751640868,0.4420289855072464,0.9947158664793465,1.255624946211634,16.037349866230404,0.15424931761030303,144.43269587708247,114.37318061150495,0.056220811948782395,-0.06150936030921328,-0.020919576887697744,-0.01962683356259979,-0.35520823339954066,-0.05889384006526465,0.2518248175182482,142,134,-8.366838065629796,8.03719724298115,-12.512541758797049,-32.3240475772743,-48.08736551864563,178.80072463768116,"{""stop"": 121, ""target"": 78, ""time"": 77}",0
INT_RVOL10_TGT2R,0,db_plus10,752,276,1096,-5.40080078761028,-50.81612890164763,196.91619861106193,0.4384057971014493,0.9316222697685909,1.1934004282159634,16.037349866230404,0.15424931761030303,144.43269587708247,114.37318061150495,0.008818591399984652,-0.18252037272850086,-0.06491247090036723,-0.2632326566370157,-0.4022119822018697,-0.1613887048938978,0.2518248175182482,142,134,-13.36902475492998,3.043138043429998,-0.9295311009081567,-2.3926039509299932,-3.5508396694886457,178.80072463768116,"{""stop"": 121, ""target"": 78, ""time"": 77}",0
INT_RVOL10_GATE,0,gross,752,215,1096,15.6136979236142,-52.61681314590567,209.88460685714443,0.4418604651162791,1.2164510238163437,1.5365697142943286,15.6136979236142,0.22487325974126815,145.20398077694608,113.95642645678146,0.255709920319841,0.33513432705574897,0.10104096451051636,0.6292617876405522,-0.1681939137760735,0.6007409081700671,0.19616788321167883,109,106,27.177141581822045,3.722986992060853,0.2638675106784837,1.037925975569052,1.727234405468286,232.3953488372093,"{""time"": 109, ""stop"": 106}",0
INT_RVOL10_GATE,0,rt5,752,215,1096,10.835585518458654,-56.54612202663621,209.91081348337653,0.4418604651162791,1.1447241733746196,1.4459673768942563,15.6136979236142,0.22487325974126815,145.20398077694608,113.95642645678146,0.2099896298946236,0.20488243112980942,0.06403751209922048,0.43714478613843943,-0.1769585896639463,0.3618785175719986,0.19616788321167883,109,106,21.466616505059804,-0.09632370361233107,0.37776727022241235,1.4852983803575885,2.466480890332308,232.3953488372093,"{""time"": 109, ""stop"": 106}",0
INT_RVOL10_GATE,0,rt10,752,215,1096,5.832599853561844,-61.53276190758859,209.89897618843082,0.4325581395348837,1.0750958993725548,1.410340857241416,15.6136979236142,0.22487325974126815,145.20398077694608,113.95642645678146,0.16296483261741615,0.08205946721168589,0.02661268467264266,0.23550005142180694,-0.18562017021772304,0.14337172862963832,0.19616788321167883,109,106,16.459822219664346,-5.095392956864315,0.6976380797373515,2.738701005797288,4.541650340291352,232.3953488372093,"{""time"": 109, ""stop"": 106}",0
INT_RVOL10_GATE,0,rt20,752,215,1096,-4.173371476231789,-71.50604166949336,209.8753390415167,0.40930232558139534,0.9499872397396537,1.3710043118970003,15.6136979236142,0.22487325974126815,145.20398077694608,113.95642645678146,0.06891523806300125,-0.12744280553971432,-0.0443856971269172,-0.16855079792181651,-0.22053423358986024,-0.2012644313964595,0.19616788321167883,109,106,6.446233648873433,-15.093531463368288,-0.9633631185011658,-3.7698743340022367,-6.23413425898749,232.3953488372093,"{""time"": 109, ""stop"": 106}",0
INT_RVOL10_GATE,0,rt30,752,215,1096,-14.179342806025417,-81.47932143139812,209.85175183262675,0.4046511627906977,0.8413823614628207,1.2378958881292075,15.6136979236142,0.22487325974126815,145.20398077694608,113.95642645678146,-0.025134356491413698,-0.29653417810097693,-0.11053787526823677,-0.5717666990318306,-0.29653417810097693,-0.3727660533977166,0.19616788321167883,109,106,-3.5673549219174743,-25.09166996987226,-0.28011880470298434,-1.092605288946125,-1.8015705967943685,232.3953488372093,"{""time"": 109, ""stop"": 106}",0
INT_RVOL10_GATE,0,db,752,215,1096,4.231644440794861,-63.128486669493356,209.8951908897843,0.4325581395348837,1.0538537571782411,1.3824748212445745,15.6136979236142,0.22487325974126815,145.20398077694608,113.95642645678146,0.14791689748870981,0.04545239144253821,0.014913156401046068,0.17088735410577469,-0.189701470988889,0.07861381529255272,0.19616788321167883,109,106,14.857648048337802,-6.695095117904953,0.9597385513512048,3.765732574410753,6.242033355352073,232.3953488372093,"{""time"": 109, ""stop"": 106}",0
INT_RVOL10_GATE,0,db_nonfee_x2,752,215,1096,2.6306890280278816,-64.72421143139812,209.8914068691885,0.42790697674418604,1.0330939977403524,1.3812017578485147,15.6136979236142,0.22487325974126815,145.20398077694608,113.95642645678146,0.1328689623600034,0.010078198864268195,0.0033451168123712627,0.10624825825016519,-0.19566493447243694,0.01709614868596951,0.19616788321167883,109,106,13.255473877011251,-8.294797278945586,1.5408513913965638,6.0428029969794474,10.012016663518695,232.3953488372093,"{""time"": 109, ""stop"": 106}",0
INT_RVOL10_GATE,0,db_plus5,752,215,1096,-0.7713412241019553,-68.11512655044574,209.88337006926602,0.4232558139534884,0.990530124704311,1.34973335673994,15.6136979236142,0.22487325974126815,145.20398077694608,113.95642645678146,0.10089210021150229,-0.06118534263772468,-0.02080701550178521,-0.031155925458753893,-0.2081950930818981,-0.09993998990936984,0.19616788321167883,109,106,9.85085376294234,-11.694164371156937,-5.233723258195581,-20.50313179748466,-33.9381967698957,232.3953488372093,"{""time"": 109, ""stop"": 106}",0
INT_RVOL10_GATE,0,db_plus10,752,215,1096,-5.774326888998773,-73.10176643139812,209.87156173182112,0.4046511627906977,0.9315775832881262,1.370596904148048,15.6136979236142,0.22487325974126815,145.20398077694608,113.95642645678146,0.05386730293429479,-0.15699129467641082,-0.055286959420683957,-0.23317907305061064,-0.2262756049195761,-0.24433460001282195,0.19616788321167883,109,106,4.8440594775468835,-16.693233624408926,-0.6949209459163198,-2.7179930310261713,-4.492609308731944,232.3953488372093,"{""time"": 109, ""stop"": 106}",0
X_REENTER1M,0,gross,752,735,1096,1.789168815263001,-10.05229213874817,79.22844155794073,0.08707482993197278,1.1178621436061889,11.720085911871138,1.789168815263001,0.0324429735201667,93.36769193278164,73.45113231912914,0.08483819503326734,0.11520926685239141,0.03698160789480287,0.35335881684097975,-0.2583211344278492,0.14316137151035963,0.6706204379562044,341,394,0.18612271462823246,3.1765767348479144,0.5655828039213435,2.2926892014661617,3.8426631772081508,45.54829931972789,"{""event_reenter_1m"": 667, ""time"": 62, ""stop"": 6}",0
X_REENTER1M,0,rt5,752,735,1096,-3.177984094418248,-15.056439082349609,79.31632751216935,0.08299319727891157,0.8392021005781548,9.272495340814364,1.789168815263001,0.0324429735201667,93.36769193278164,73.45113231912914,0.0020304077628831197,-0.22596702447114403,-0.08176540023916601,-0.6268395924585923,-0.3748143240210511,-0.21814908075544556,0.6706204379562044,341,394,-4.974117649867648,-1.623462413179044,-0.31675858150091457,-1.2800676047754351,-2.1426924848798654,45.54829931972789,"{""event_reenter_1m"": 667, ""time"": 62, ""stop"": 6}",0
X_REENTER1M,0,rt10,752,735,1096,-8.17757997761966,-20.05895256374985,79.31814171336677,0.08299319727891157,0.6641518370164006,7.3383334122795745,1.789168815263001,0.0324429735201667,93.36769193278164,73.45113231912914,-0.08091042753283531,-0.4641189944006352,-0.1875963710707924,-1.6105513025136982,-0.49074931576448777,-0.38226517092246043,0.6706204379562044,341,394,-9.974164180546305,-6.622668268995331,-0.12229828338063838,-0.4932832973468385,-0.8243752630934869,45.54829931972789,"{""event_reenter_1m"": 667, ""time"": 62, ""stop"": 6}",0
X_REENTER1M,0,rt20,752,735,1096,-18.17677174402249,-30.06397952655032,79.32178483052665,0.08027210884353742,0.45785715500530205,5.245956555653969,1.789168815263001,0.0324429735201667,93.36769193278164,73.45113231912914,-0.2467920981242722,-0.7432879364807115,-0.3641885157504562,-3.5553128983242344,-0.7436133740825641,-0.48975519866056094,0.6706204379562044,341,394,-19.97425724190362,-16.621079980627908,-0.054300319481983154,-0.21816425531252115,-0.3633922875425578,45.54829931972789,"{""event_reenter_1m"": 667, ""time"": 62, ""stop"": 6}",0
X_REENTER1M,0,rt30,752,735,1096,-28.175963510425323,-40.06900648935079,79.3254475651191,0.08027210884353742,0.34053103017123787,3.9016775660297767,1.789168815263001,0.0324429735201667,93.36769193278164,73.45113231912914,-0.41267376871570904,-0.8771136039809347,-0.5025170693443523,-5.446223603850825,-0.8771136039809347,-0.5729213035387776,0.6706204379562044,341,394,-29.974350303260934,-26.619491692260482,-0.03456510127406628,-0.13831577138155315,-0.2296000518486841,45.54829931972789,"{""event_reenter_1m"": 667, ""time"": 62, ""stop"": 6}",0
X_REENTER1M,0,db,752,735,1096,-9.777450660244114,-21.65975687779792,79.31872329370931,0.08299319727891157,0.6212683533218785,6.864506067851575,1.789168815263001,0.0324429735201667,93.36769193278164,73.45113231912914,-0.1074514948274652,-0.5236234956012498,-0.21882550005579982,-1.9241839999038381,-0.5279484312261679,-0.41448271670696024,0.6706204379562044,341,394,-11.574179070363476,-8.222414142856543,-0.1020724226847456,-0.4114496791039896,-0.6872567831847726,45.54829931972789,"{""event_reenter_1m"": 667, ""time"": 62, ""stop"": 6}",0
X_REENTER1M,0,db_nonfee_x2,752,735,1096,-11.377321342868566,-23.260561191845994,79.31930537631628,0.08299319727891157,0.5829972700409392,6.441641967337589,1.789168815263001,0.0324429735201667,93.36769193278164,73.45113231912914,-0.1339925621220951,-0.5765285705895291,-0.24885888479850937,-2.2370453975968387,-0.5789611286686515,-0.4298369484161608,0.6706204379562044,341,394,-13.174193960180643,-9.822160016717756,-0.08753485373750561,-0.3526308290538103,-0.5887013058389573,45.54829931972789,"{""event_reenter_1m"": 667, ""time"": 62, ""stop"": 6}",0
X_REENTER1M,0,db_plus5,752,735,1096,-14.777046543445529,-26.66227035919816,79.3205439694806,0.08163265306122448,0.5139645638223607,5.782101343001558,1.789168815263001,0.0324429735201667,93.36769193278164,73.45113231912914,-0.19039233012318366,-0.6702736144687499,-0.3089155609158166,-2.8987625236289545,-0.6709155879487816,-0.46043878911843017,0.6706204379562044,341,394,-16.574225601042134,-13.221619998672834,-0.06709448558256197,-0.2699293159026485,-0.45012860169937463,45.54829931972789,"{""event_reenter_1m"": 667, ""time"": 62, ""stop"": 6}",0
X_REENTER1M,0,db_plus10,752,735,1096,-19.776642426646944,-31.664783840598396,79.32236954984042,0.08027210884353742,0.4349410767682263,4.983392676191881,1.789168815263001,0.0324429735201667,93.36769193278164,73.45113231912914,-0.2733331654189021,-0.7718202873026189,-0.38865338171790353,-3.862176740129861,-0.7720365597192985,-0.5034131827373723,0.6706204379562044,341,394,-21.57427213172079,-18.22082585448912,-0.0498016081144979,-0.19996251674787696,-0.3328938838636037,45.54829931972789,"{""event_reenter_1m"": 667, ""time"": 62, ""stop"": 6}",0
X_REENTER15M,0,gross,752,735,1096,4.139464768318994,-17.96597203872305,114.44541386611753,0.16054421768707483,1.1483445371058532,6.004479486392469,4.139464768318994,0.043275015751038905,93.36769193278164,73.45113231912914,0.15389315358032077,0.2933825417810225,0.08945262909592633,0.5658930560288089,-0.3291223062781705,0.27179145074512806,0.6706204379562044,341,394,1.6654551638174986,6.280676126529675,0.2667725679502132,1.1389380321106417,2.0192093753303677,89.77278911564626,"{""event_reenter_15m"": 544, ""time"": 118, ""stop"": 73}",0
X_REENTER15M,0,rt5,752,735,1096,-0.8166116900173849,-23.059930813901044,114.57106694029045,0.15918367346938775,0.9745760254599107,5.147760544736964,4.139464768318994,0.043275015751038905,93.36769193278164,73.45113231912914,0.07107049016343751,-0.10156257324214368,-0.035038266894364956,-0.11153707303685571,-0.4406111648977944,-0.07952196786137397,0.6706204379562044,341,394,-3.7795649555661686,1.747771720013413,-1.3478094153669522,-5.735300812613035,-10.156966875072136,89.77278911564626,"{""event_reenter_15m"": 544, ""time"": 118, ""stop"": 73}",0
X_REENTER15M,0,rt10,752,735,1096,-5.8159631641048035,-28.055414702169635,114.5760754268389,0.15782312925170067,0.8398907068142154,4.481830582051718,4.139464768318994,0.043275015751038905,93.36769193278164,73.45113231912914,-0.01186693040488562,-0.37794270866189494,-0.14623273598569886,-0.7940091132375989,-0.5338658239141739,-0.2739128998997466,0.6706204379562044,341,394,-8.779981319357123,-3.250658110954952,-0.18812194067526683,-0.7994911902924546,-1.4144529660710266,89.77278911564626,"{""event_reenter_15m"": 544, ""time"": 118, ""stop"": 73}",0
X_REENTER15M,0,rt20,752,735,1096,-15.81466611227964,-38.04638247870682,114.58611319240113,0.1523809523809524,0.6467590650749614,3.5975972994794723,4.139464768318994,0.043275015751038905,93.36769193278164,73.45113231912914,-0.1777417715415319,-0.7019592311910401,-0.3317815692227716,-2.153031034360114,-0.7022996782905656,-0.4724216448886113,0.6706204379562044,341,394,-18.78081404693903,-13.247517772891685,-0.06835787586650799,-0.2897567692593604,-0.5115898885272682,89.77278911564626,"{""event_reenter_15m"": 544, ""time"": 118, ""stop"": 73}",0
X_REENTER15M,0,rt30,752,735,1096,-25.813369060454477,-48.03735025524401,114.59617867517755,0.1469387755102041,0.5154601158468699,2.992532339222106,4.139464768318994,0.043275015751038905,93.36769193278164,73.45113231912914,-0.3436166126781781,-0.8573076517302862,-0.4771335943875218,-3.4958502560055753,-0.8573076517302862,-0.5565488578394616,0.6706204379562044,341,394,-28.78164677452094,-23.24437743482842,-0.041374052574015295,-0.1749094353347677,-0.308167453085889,89.77278911564626,"{""event_reenter_15m"": 544, ""time"": 118, ""stop"": 73}",0
X_REENTER15M,0,db,752,735,1096,-7.415755635812775,-29.65396954641559,114.57767960643156,0.15782312925170067,0.8031525374652585,4.2857881094051296,4.139464768318994,0.043275015751038905,93.36769193278164,73.45113231912914,-0.03840690498674901,-0.4470025511915293,-0.179045118066819,-1.0121335467636188,-0.5612594077057071,-0.3190059990240737,0.6706204379562044,341,394,-10.380114555770227,-4.850155656864833,-0.14725697607361488,-0.6255635676368352,-1.1063850346520363,89.77278911564626,"{""event_reenter_15m"": 544, ""time"": 118, ""stop"": 73}",0
X_REENTER15M,0,db_nonfee_x2,752,735,1096,-9.01554810752075,-31.252524390661534,114.57928449574167,0.15782312925170067,0.768952021632847,4.103287080954589,4.139464768318994,0.043275015751038905,93.36769193278164,73.45113231912914,-0.06494687956861242,-0.5084047417975199,-0.21060139425597202,-1.2300572048418095,-0.5882599064738478,-0.3580073908459282,0.6706204379562044,341,394,-11.980247792183333,-6.449653202774707,-0.12089483746693468,-0.5133622200846474,-0.9076492817275772,89.77278911564626,"{""event_reenter_15m"": 544, ""time"": 118, ""stop"": 73}",0
X_REENTER15M,0,db_plus5,752,735,1096,-12.415107109900196,-34.649453434684176,114.58269724187306,0.15374149659863945,0.7036311635282496,3.873084811633374,4.139464768318994,0.043275015751038905,93.36769193278164,73.45113231912914,-0.12134432555507216,-0.617210356184466,-0.2737041486068311,-1.6922887838225391,-0.6456738297915179,-0.4239046651390651,0.6706204379562044,341,394,-15.380530919561187,-9.848585487833198,-0.08743340620784167,-0.3709451827452045,-0.6553942263080306,89.77278911564626,"{""event_reenter_15m"": 544, ""time"": 118, ""stop"": 73}",0
X_REENTER15M,0,db_plus10,752,735,1096,-17.414458583987614,-39.64493732295277,114.58772180723813,0.1523809523809524,0.6224633739337923,3.462452517506719,4.139464768318994,0.043275015751038905,93.36769193278164,73.45113231912914,-0.20428174612339528,-0.7350784934498398,-0.35748807928254445,-2.36922449996739,-0.7350784934498398,-0.4863264025108343,0.6706204379562044,341,394,-20.38094728335214,-14.847015318801567,-0.06195819701618379,-0.26251874424094795,-0.4633447512958135,89.77278911564626,"{""event_reenter_15m"": 544, ""time"": 118, ""stop"": 73}",0
X_NOTIME,0,gross,752,428,1096,32.73562029294222,-61.576920533146605,432.8671546703306,0.102803738317757,1.426631552945281,12.450602643886091,32.73562029294222,-3.1959432545790136,87.16276467046103,69.20382608516266,0.5107679137322422,1.8431583152556326,0.4162143708805546,0.9021557644903525,-0.6486612670167171,0.6416513395269954,0.833029197080292,199,229,47.863118193765786,19.58989067606932,0.24483735890564415,1.0181773510464545,1.5435588739917203,1815.8761682242991,"{""stop"": 383, ""censored_horizon"": 45}",2
X_NOTIME,0,rt5,752,428,1096,24.53673388675354,-68.22228630060648,425.5579376671979,0.10514018691588785,1.2975594710850116,11.043672831679098,32.73562029294222,-3.1959432545790136,87.16276467046103,69.20382608516266,0.38702023657818213,1.0243911939545556,0.2647508828812566,0.6930991452616618,-0.6910636870553306,0.3831063443796014,0.833029197080292,199,229,32.24908310145904,17.834736097555325,0.32151013037552173,1.3289690013249975,2.02242567304176,1815.8761682242991,"{""stop"": 383, ""censored_horizon"": 45}",2
X_NOTIME,0,rt10,752,428,1096,19.533790735143885,-73.22945188713865,425.55438696417986,0.102803738317757,1.2246644689453863,10.687980819887008,32.73562029294222,-3.1959432545790136,87.16276467046103,69.20382608516266,0.30236691630157264,0.6344312222037858,0.17776142029032127,0.5619825810583255,-0.7146485721012305,0.24873962844095804,0.833029197080292,199,229,27.23711732191061,12.839633570224338,0.4033589844626022,1.6662974052713504,2.5344124476917465,1815.8761682242991,"{""stop"": 383, ""censored_horizon"": 45}",2
X_NOTIME,0,rt20,752,428,1096,9.527904431924561,-83.26229471595288,425.54736843999365,0.102803738317757,1.099330493601912,9.59415703507123,32.73562029294222,-3.1959432545790136,87.16276467046103,69.20382608516266,0.13306027574835386,0.06505334475256741,0.02121094843311533,0.3014511329281672,-0.7565835387291775,0.028035170403975553,0.833029197080292,199,229,17.213185762813726,2.8494285155623613,0.8249214730495606,3.403707208069527,5.171400115416802,1815.8761682242991,"{""stop"": 383, ""censored_horizon"": 45}",2
X_NOTIME,0,rt30,752,428,1096,-0.4779818712947638,-93.2793597633785,425.54046042948863,0.102803738317757,0.9954432774977823,8.687504967253373,32.73562029294222,-3.1959432545790136,87.16276467046103,69.20382608516266,-0.03624636480486499,-0.30627159218395217,-0.11465720012406677,0.04331238192524411,-0.792389170133174,-0.14469809084442276,0.833029197080292,199,229,7.189254203716837,-7.140776539099603,-16.403165884192312,-67.59940305030689,-102.59495749342807,1815.8761682242991,"{""stop"": 383, ""censored_horizon"": 45}",2
X_NOTIME,0,db,752,428,1096,17.932848926628793,-74.83470673974892,425.553256574015,0.102803738317757,1.2029005304982976,10.49804099343969,32.73562029294222,-3.1959432545790136,87.16276467046103,69.20382608516266,0.2752778538130577,0.5262297937047433,0.1512000424094695,0.5201428187026986,-0.7218110212020844,0.20947316952526585,0.833029197080292,199,229,25.633288272455104,11.241200761478419,0.4391958522778572,1.8139939559120577,2.758581772613137,1815.8761682242991,"{""stop"": 383, ""censored_horizon"": 45}",2
X_NOTIME,0,db_nonfee_x2,752,428,1096,16.3319071181137,-76.4399615923592,425.5521290128832,0.102803738317757,1.181832487112911,10.314174432985402,32.73562029294222,-3.1959432545790136,87.16276467046103,69.20382608516266,0.2481887913245427,0.4251757885372831,0.12523357330910545,0.4783611253917551,-0.7287948041280939,0.17183653423398204,0.833029197080292,199,229,24.029459222999595,9.642767952732502,0.4820585670510633,1.9906465349190943,3.0266996752306663,1815.8761682242991,"{""stop"": 383, ""censored_horizon"": 45}",2
X_NOTIME,0,db_plus5,752,428,1096,12.929905775019138,-79.85112815415604,425.54974233885423,0.102803738317757,1.1392261124255931,9.942336981168811,32.73562029294222,-3.1959432545790136,87.16276467046103,69.20382608516266,0.19062453353644834,0.23205664628394151,0.07197007352102913,0.38977067234623247,-0.743062195548519,0.09685605586205571,0.833029197080292,199,229,20.621322492906664,6.246098234147434,0.6083845070249289,2.511280918670756,3.816902681530987,1815.8761682242991,"{""stop"": 383, ""censored_horizon"": 45}",2
X_NOTIME,0,db_plus10,752,428,1096,7.926962623409467,-84.86754956856316,425.5462557316526,0.102803738317757,1.0814214309733037,9.437859761221558,32.73562029294222,-3.1959432545790136,87.16276467046103,69.20382608516266,0.10597121325983876,-0.005522851287332542,-0.0018426687149529775,0.25998438545218,-0.7626995014703273,-0.0024159825873764076,0.833029197080292,199,229,15.609356713358212,1.250995706816457,0.9911332002909804,4.088725187769803,6.211099535628602,1815.8761682242991,"{""stop"": 383, ""censored_horizon"": 45}",2
X_TRAIL,0,gross,752,735,1096,1.9912946635447526,-12.716790490748137,101.48285681991189,0.3986394557823129,1.0668368533826638,1.6093579836011518,1.9912946635447526,0.054000626051097234,93.36769193278164,73.45113231912914,0.07687995877177958,0.11534202564621299,0.03702271747596231,0.30704181045823975,-0.27913378835615343,0.132634310213725,0.6706204379562044,341,394,5.964644582050124,-1.4475690984104035,0.5814670189360165,2.14508322162512,3.4386011084267167,60.01904761904762,"{""stop"": 701, ""time"": 22, ""stop_gap"": 12}",0
X_TRAIL,0,rt5,752,735,1096,-2.9555905219780456,-17.554799709945975,101.51374101739374,0.3619047619047619,0.9099790043810049,1.60443666561914,1.9912946635447526,0.054000626051097234,93.36769193278164,73.45113231912914,-0.005879273519526001,-0.22470104197419083,-0.08126551827004891,-0.4555551647549934,-0.37671279284650294,-0.21572274638191466,0.6706204379562044,341,394,0.7580411539406535,-6.1696727592579315,-0.3897798223380553,-1.4386140375363434,-2.2971755415094233,60.01904761904762,"{""stop"": 701, ""time"": 22, ""stop_gap"": 12}",0
X_TRAIL,0,rt10,752,735,1096,-7.95647633355194,-22.557937625394597,101.51053988265215,0.3360544217687075,0.7795161358682724,1.5400966571000687,1.9912946635447526,0.054000626051097234,93.36769193278164,73.45113231912914,-0.08884124213565617,-0.4632952352317048,-0.18718068682900924,-1.2253278958201004,-0.4756952237805746,-0.39348868239919654,0.6706204379562044,341,394,-4.24345000720486,-11.170034651532536,-0.14390005216267945,-0.5300829093639704,-0.8447557770468465,60.01904761904762,"{""stop"": 701, ""time"": 22, ""stop_gap"": 12}",0
X_TRAIL,0,rt20,752,735,1096,-17.95824795669973,-32.564213456291846,101.50415631846316,0.28843537414965986,0.5825190281449374,1.4370634515085012,1.9912946635447526,0.054000626051097234,93.36769193278164,73.45113231912914,-0.2547651793679165,-0.7429438915544896,-0.36390486394172195,-2.7544319597413676,-0.7433569639923914,-0.48954255030756216,0.6706204379562044,341,394,-14.246432329495883,-21.170758436081744,-0.06296566256869217,-0.23102856978442424,-0.36667371691161293,60.01904761904762,"{""stop"": 701, ""time"": 22, ""stop_gap"": 12}",0
X_TRAIL,0,rt30,752,735,1096,-27.960019579847522,-42.57048928718909,101.497797698586,0.24489795918367346,0.44525323576837134,1.3728641436191449,1.9912946635447526,0.054000626051097234,93.36769193278164,73.45113231912914,-0.42068911660017677,-0.8769731683117684,-0.5023278050567725,-4.257895003036891,-0.8770483316515266,-0.5727481450319434,0.6706204379562044,341,394,-24.249414651786907,-31.17148222063095,-0.039934471423204984,-0.14592781481121755,-0.23062772502313061,60.01904761904762,"{""stop"": 701, ""time"": 22, ""stop_gap"": 12}",0
X_TRAIL,0,db,752,735,1096,-9.556759793255587,-24.15894175833816,101.5095168363179,0.3224489795918367,0.7428355026652356,1.5608948537016345,1.9912946635447526,0.054000626051097234,93.36769193278164,73.45113231912914,-0.11538907209281782,-0.5229062108622884,-0.2184339803007741,-1.4711341035864527,-0.5240712876031236,-0.4168020371804704,0.6706204379562044,341,394,-5.843927178771423,-12.770150457060407,-0.11956645177098707,-0.4401697237424313,-0.7010164115666369,60.01904761904762,"{""stop"": 701, ""time"": 22, ""stop_gap"": 12}",0
X_TRAIL,0,db_nonfee_x2,752,735,1096,-11.157043252959234,-25.759945891281717,101.50849442845691,0.3183673469387755,0.7083011409877088,1.5164909044224024,1.9912946635447526,0.054000626051097234,93.36769193278164,73.45113231912914,-0.14193690204997944,-0.5759042871691791,-0.24849029089887886,-1.7165855728310986,-0.5768725277785718,-0.43075424627303455,0.6706204379562044,341,394,-7.444404350337988,-14.370266262588279,-0.10221331337786858,-0.3760494978678661,-0.5985108611521287,60.01904761904762,"{""stop"": 701, ""time"": 22, ""stop_gap"": 12}",0
X_TRAIL,0,db_plus5,752,735,1096,-14.557645604829487,-29.162079673786785,101.5063239317711,0.2979591836734694,0.6415269979082899,1.5115430635647378,1.9912946635447526,0.054000626051097234,93.36769193278164,73.45113231912914,-0.198351040708948,-0.6698096158991445,-0.30859183857916117,-2.2367226880512563,-0.6704518749797514,-0.46027440610630116,0.6706204379562044,341,394,-10.845418339916938,-17.770512349335014,-0.07800544817488085,-0.28660090651841086,-0.4555142175031328,60.01904761904762,"{""stop"": 701, ""time"": 22, ""stop_gap"": 12}",0
X_TRAIL,0,db_plus10,752,735,1096,-19.55853141640338,-34.16521758923541,101.50313726290302,0.2761904761904762,0.5571338863449572,1.4600750124902324,1.9912946635447526,0.054000626051097234,93.36769193278164,73.45113231912914,-0.2813130093250782,-0.7715216819369792,-0.38838706344385143,-2.9970635011654574,-0.7718524524855058,-0.5031882222997079,0.6706204379562044,341,394,-15.84690950106245,-22.770874241609615,-0.057697761484176484,-0.2115635600684895,-0.33555605462110755,60.01904761904762,"{""stop"": 701, ""time"": 22, ""stop_gap"": 12}",0
X_TRAIL_NOTIME,0,gross,752,735,1096,0.80883822918097,-13.152221453631396,101.05253189837313,0.39591836734693875,1.026435193042657,1.5661073048485898,0.80883822918097,0.03692739311393208,93.36769193278164,73.45113231912914,0.07554958017306963,0.022762055030979722,0.00752360420843301,0.12482100603416416,-0.3032772304707624,0.02480767908871526,0.6733576642335767,341,394,5.340797558558644,-3.1134920533514814,1.4315250319053627,4.923681333957292,8.244335150516886,69.81496598639455,"{""stop"": 723, ""stop_gap"": 12}",0
X_TRAIL_NOTIME,0,rt5,752,735,1096,-4.1552710878535635,-18.155509508994804,100.93108257232167,0.35918367346938773,0.8765435355480042,1.5638333531935986,0.80883822918097,0.03692739311393208,93.36769193278164,73.45113231912914,-0.00730710405640923,-0.28991056624827616,-0.10775750313008925,-0.6566188179654296,-0.3901545323126071,-0.2761918527291379,0.6733576642335767,341,394,0.10426233317845314,-7.841821586767057,-0.27724534072594825,-0.9474884740106191,-1.5839931478759206,69.81496598639455,"{""stop"": 723, ""stop_gap"": 12}",0
X_TRAIL_NOTIME,0,rt10,752,735,1096,-9.156307798002029,-23.158797564358213,100.92843668089112,0.3333333333333333,0.7520338368352851,1.5040676736705703,0.80883822918097,0.03692739311393208,93.36769193278164,73.45113231912914,-0.0902706772382244,-0.5084640662976679,-0.21063312078389074,-1.442225438801835,-0.5110394494904773,-0.41216606857630794,0.6733576642335767,341,394,-4.897072866211188,-12.842599959780395,-0.12504356392203003,-0.4262396934494114,-0.7113931617388534,69.81496598639455,"{""stop"": 723, ""stop_gap"": 12}",0
X_TRAIL_NOTIME,0,rt20,752,735,1096,-19.15838121829896,-33.16537367508503,100.92316363079347,0.2857142857142857,0.5634136913809767,1.4085342284524418,0.80883822918097,0.03692739311393208,93.36769193278164,73.45113231912914,-0.2561978236018547,-0.7646037064132779,-0.3822810394449456,-3.000222704955029,-0.7649819729382514,-0.49972555297823074,0.6733576642335767,341,394,-14.899743264990464,-22.844156705807073,-0.05902132170156589,-0.2001318649470593,-0.33287584836651696,69.81496598639455,"{""stop"": 723, ""stop_gap"": 12}",0
X_TRAIL_NOTIME,0,rt30,752,735,1096,-29.16045463859589,-43.17194978581185,100.91791556097449,0.24489795918367346,0.43139096316693526,1.3301221364313836,0.80883822918097,0.03692739311393208,93.36769193278164,73.45113231912914,-0.42212496996548504,-0.8873520467871641,-0.5167229478176654,-4.528227736651201,-0.8874208691429397,-0.5822749563200041,0.6733576642335767,341,394,-24.902413663769742,-32.84571345183375,-0.03829050735806487,-0.1291345880196554,-0.21402238496671638,69.81496598639455,"{""stop"": 723, ""stop_gap"": 12}",0
X_TRAIL_NOTIME,0,db,752,735,1096,-10.756639545249538,-24.759849742074504,100.92759131436192,0.3197278911564626,0.7169723842940006,1.5254731580723417,0.80883822918097,0.03692739311393208,93.36769193278164,73.45113231912914,-0.11681902065640525,-0.5630659501540881,-0.24098913518456566,-1.6929163790851753,-0.5641329556577113,-0.42718499737991955,0.6733576642335767,341,394,-6.497500130015872,-14.442849039144665,-0.10622907406168869,-0.36180529522803884,-0.6035263290640904,69.81496598639455,"{""stop"": 723, ""stop_gap"": 12}",0
X_TRAIL_NOTIME,0,db_nonfee_x2,752,735,1096,-12.356971292497045,-26.360901919790795,100.92674658724374,0.31564625850340133,0.6839361133110365,1.482844245670049,0.80883822918097,0.03692739311393208,93.36769193278164,73.45113231912914,-0.14336736407458608,-0.6116097555698252,-0.2701823604128689,-1.9431577607389654,-0.6124964780609325,-0.4411165942834867,0.6733576642335767,341,394,-8.097927393820555,-16.04309811850893,-0.0922878536650472,-0.3140604903783143,-0.5235988211184014,69.81496598639455,"{""stop"": 723, ""stop_gap"": 12}",0
X_TRAIL_NOTIME,0,db_plus5,752,735,1096,-15.757676255398005,-29.763137797437913,100.92495366523525,0.29523809523809524,0.6199982581347804,1.4799958419991532,0.80883822918097,0.03692739311393208,93.36769193278164,73.45113231912914,-0.19978259383822042,-0.6976203999272502,-0.3285575229970067,-2.4731423688584413,-0.6982085637663211,-0.4705721757760758,0.6733576642335767,341,394,-11.498835329405514,-19.443627412158005,-0.07206491943168344,-0.2448025616611576,-0.407657125152407,69.81496598639455,"{""stop"": 723, ""stop_gap"": 12}",0
X_TRAIL_NOTIME,0,db_plus10,752,735,1096,-20.75871296554647,-34.76642585280132,100.92232226084623,0.27346938775510204,0.5390476649058684,1.4320967813917103,0.80883822918097,0.03692739311393208,93.36769193278164,73.45113231912914,-0.28274616702003563,-0.7907772166959106,-0.40605948320330765,-3.247090953947352,-0.7910801107971298,-0.5132975506034944,0.6733576642335767,341,394,-16.500170528795156,-24.44440578517134,-0.05436191937897955,-0.18417470708863895,-0.30616266217727933,69.81496598639455,"{""stop"": 723, ""stop_gap"": 12}",0
X_VWAP,0,gross,752,735,1096,4.632100169266505,-16.199744658298496,97.81476537150762,0.29523809523809524,1.1977760700308464,2.8592073929768587,4.632100169266505,0.02480961557549583,93.36769193278164,73.45113231912914,0.13402565275455178,0.35808245678512707,0.10730761199103966,0.7407901770301885,-0.17796120506893653,0.6029831723687873,0.6706204379562044,341,394,5.353137552193126,4.008055124652347,0.21845881527758815,0.9849324603540804,1.6449534796347518,57.74013605442177,"{""event_vwap"": 688, ""time"": 42, ""stop"": 5}",0
X_VWAP,0,rt5,752,735,1096,-0.3431739723641828,-20.55781273199754,97.9745254725348,0.25578231292517006,0.9873128109204093,2.872660146667361,4.632100169266505,0.02480961557549583,93.36769193278164,73.45113231912914,0.05092210721251321,-0.057927311505428514,-0.01967663662624697,-0.054812869865183925,-0.26729440283842343,-0.07361409897588196,0.6706204379562044,341,394,0.1508708982390917,-0.7707610304243799,-2.933362710596573,-13.236459429712887,-22.052968973908325,57.74013605442177,"{""event_vwap"": 688, ""time"": 42, ""stop"": 5}",0
X_VWAP,0,rt10,752,735,1096,-5.34325772957037,-25.561701213060275,97.97612280690817,0.23537414965986395,0.8266691551673074,2.685480145688016,4.632100169266505,0.02480961557549583,93.36769193278164,73.45113231912914,-0.032025331646697276,-0.34774439175883054,-0.13264733694274677,-0.8530121316988897,-0.412420036223225,-0.3216316504830298,0.6706204379562044,341,394,-4.850467386148957,-5.769759016643217,-0.187171206048333,-0.8437159759656108,-1.4036347867547265,57.74013605442177,"{""event_vwap"": 688, ""time"": 42, ""stop"": 5}",0
X_VWAP,0,rt20,752,735,1096,-15.34342524398274,-35.56947817518574,97.9793357478983,0.20680272108843537,0.6027357836955166,2.311808959832146,4.632100169266505,0.02480961557549583,93.36769193278164,73.45113231912914,-0.19792020936511828,-0.6875037459381258,-0.3211582027547256,-2.440735765164741,-0.6884324787052658,-0.4665064660498405,0.6706204379562044,341,394,-14.853143954925054,-15.767754989080892,-0.06432752121229128,-0.28935905345503543,-0.47994090132844935,57.74013605442177,"{""event_vwap"": 688, ""time"": 42, ""stop"": 5}",0
X_VWAP,0,rt30,752,735,1096,-25.34359275839511,-45.57725513731121,97.9825730498805,0.17687074829931973,0.4574469218932099,2.128887598041477,4.632100169266505,0.02480961557549583,93.36769193278164,73.45113231912914,-0.36381508708353927,-0.8503931389521142,-0.468828500953293,-4.003705136378288,-0.8504331667755308,-0.5512820045940645,0.6706204379562044,341,394,-24.855820523701148,-25.765750961518567,-0.0384280572023333,-0.17248249457944811,-0.28519603858889403,57.74013605442177,"{""event_vwap"": 688, ""time"": 42, ""stop"": 5}",0
X_VWAP,0,db,752,735,1096,-6.943284531876347,-27.16294552700035,97.97663524030892,0.22857142857142856,0.7834069129575635,2.643998331231777,4.632100169266505,0.02480961557549583,93.36769193278164,73.45113231912914,-0.05856851208164463,-0.42016071171730285,-0.16598371083006236,-1.108065153882976,-0.4580893781251436,-0.36233913894575814,0.6706204379562044,341,394,-6.450895637153134,-7.369438372233243,-0.14373717107369952,-0.6477111264457422,-1.0770428860069798,57.74013605442177,"{""event_vwap"": 688, ""time"": 42, ""stop"": 5}",0
X_VWAP,0,db_nonfee_x2,752,735,1096,-8.543311334182327,-28.764189840940425,97.97714829740269,0.22448979591836735,0.7434102676928459,2.5681445611207403,4.632100169266505,0.02480961557549583,93.36769193278164,73.45113231912914,-0.085111692516592,-0.4845467652838391,-0.19804384771636985,-1.3628241081979078,-0.5002155752219891,-0.3959169956442891,0.6706204379562044,341,394,-8.051323888157306,-8.969117727823273,-0.11657214875078864,-0.5251234802435039,-0.8727819583847631,57.74013605442177,"{""event_vwap"": 688, ""time"": 42, ""stop"": 5}",0
X_VWAP,0,db_plus5,752,735,1096,-11.943368289082535,-32.166834008063084,97.97824061453785,0.2163265306122449,0.6677210532196857,2.4189140041165973,4.632100169266505,0.02480961557549583,93.36769193278164,73.45113231912914,-0.14151595094085515,-0.5986386551581564,-0.2621539438412578,-1.9029080413630783,-0.6005106780964425,-0.43655167743604323,0.6706204379562044,341,394,-11.452233921541183,-12.368436358452083,-0.08301329342479942,-0.3736823720878584,-0.620444123453369,57.74013605442177,"{""event_vwap"": 688, ""time"": 42, ""stop"": 5}",0
X_VWAP,0,db_plus10,752,735,1096,-16.943452046288723,-37.17072248912582,97.97985207921931,0.20272108843537415,0.5752927262119729,2.2625606547665513,4.632100169266505,0.02480961557549583,93.36769193278164,73.45113231912914,-0.2244633898000656,-0.722231222303342,-0.3472748621750128,-2.6928743542926137,-0.7228352180602471,-0.48043434173965227,0.6706204379562044,341,394,-16.453572205929227,-17.367434344670922,-0.05812915769830726,-0.2613876870245986,-0.433333780375036,57.74013605442177,"{""event_vwap"": 688, ""time"": 42, ""stop"": 5}",0
CTL_MOMENTUM,0,gross,752,752,1096,10.646184451759236,-27.35007453123613,153.28159811155172,0.2526595744680851,1.253281516848911,3.7070748024688847,10.646184451759236,0.05706161381115889,61.68308566891293,45.112103635276,0.32108055340920216,1.0413559672481165,0.26827078956297035,1.0985398210287092,-0.19220106488566635,1.3957820146446909,0.6852189781021898,372,380,10.991939886381976,10.307708078918024,0.10263556557880239,0.4496661218102615,0.8318576480324815,144.98670212765958,"{""stop"": 549, ""time"": 203}",0
CTL_MOMENTUM,0,rt5,752,752,1096,5.703188860594417,-32.50301446136955,153.3744430647866,0.2473404255319149,1.1245950254348993,3.4221547548180267,10.646184451759236,0.05706161381115889,61.68308566891293,45.112103635276,0.15306772394285978,0.40778626278150876,0.12064243984543044,0.5884522398590469,-0.23610728912516343,0.5109644869179637,0.6861313868613139,372,380,5.429289429241094,5.971321988129774,0.1909635911793516,0.8353622123490255,1.54681496371594,144.98670212765958,"{""stop"": 549, ""time"": 203}",0
CTL_MOMENTUM,0,rt10,752,752,1096,0.7031316556184347,-37.509888496476115,153.37319394320542,0.24601063829787234,1.0141934571207014,3.1083658929050686,10.646184451759236,0.05706161381115889,61.68308566891293,45.112103635276,-0.015570805024769818,-0.033380177709400605,-0.011242668905599218,0.07256489386963487,-0.32216033837728675,-0.03489774365841633,0.6861313868613139,372,380,0.42654144426949775,0.973898915149503,1.53986191698521,6.72823326955331,12.451266614457136,144.98670212765958,"{""stop"": 549, ""time"": 203}",0
CTL_MOMENTUM,0,rt20,752,752,1096,-9.296982754333522,-47.52363656668925,153.37072453180696,0.23803191489361702,0.8372218156835022,2.6800452535566857,10.646184451759236,0.05706161381115889,61.68308566891293,45.112103635276,-0.35284786296002896,-0.5445418551552996,-0.23042071499110162,-0.9589362549004626,-0.5548123775263236,-0.41531285949035823,0.6861313868613139,372,380,-9.57895452567369,-9.02094723081104,-0.1150883199020301,-0.5016729179570876,-0.9272990618983229,144.98670212765958,"{""stop"": 549, ""time"": 203}",0
CTL_MOMENTUM,0,rt30,752,752,1096,-19.297097164285482,-57.53738463690238,153.36829356430468,0.22739361702127658,0.7021382160635294,2.385627506040413,10.646184451759236,0.05706161381115889,61.68308566891293,45.112103635276,-0.690124920895288,-0.7855560456028111,-0.4011638989127416,-1.9866413292719176,-0.7855560456028111,-0.5106750831570535,0.6861313868613139,372,380,-19.584450495616885,-19.01579337677158,-0.05478661285656354,-0.23823557998282013,-0.4398219582837028,144.98670212765958,"{""stop"": 549, ""time"": 203}",0
CTL_MOMENTUM,0,db,752,752,1096,-0.8968866499738758,-39.112088187710214,153.37279625402803,0.24468085106382978,0.9823265275228034,3.0323992806138707,10.646184451759236,0.05706161381115889,61.68308566891293,45.112103635276,-0.06953513429441129,-0.14298481286672415,-0.05008833695021642,-0.09256092798484802,-0.35988496855257246,-0.1391787413396774,0.6861313868613139,372,380,-1.1743379109214127,-0.6252764682041839,-1.2049297575603273,-5.26281387428653,-9.73754297469981,144.98670212765958,"{""stop"": 549, ""time"": 203}",0
CTL_MOMENTUM,0,db_nonfee_x2,752,752,1096,-2.4969049555661886,-40.71428787894432,153.37239954897456,0.24468085106382978,0.9519421037744792,2.9386038855646968,10.646184451759236,0.05706161381115889,61.68308566891293,45.112103635276,-0.12349946356405271,-0.24017606344677866,-0.08741371734750014,-0.2576781071370775,-0.4025890935124746,-0.21712887595846295,0.6861313868613139,372,380,-2.7752172661123202,-2.22445185155787,-0.43199288219044596,-1.8861195343391863,-3.489145578616956,144.98670212765958,"{""stop"": 549, ""time"": 203}",0
CTL_MOMENTUM,0,db_plus5,752,752,1096,-5.896943854949858,-44.11896222281678,153.37155981836975,0.24202127659574468,0.8918514486343339,2.7931611303382984,10.646184451759236,0.05706161381115889,61.68308566891293,45.112103635276,-0.23817366326204098,-0.4116989342785614,-0.16194995935674428,-0.6084460870140734,-0.4841311276574076,-0.33451672512854236,0.6861313868613139,372,380,-6.177085895893011,-5.622699541184456,-0.18218074875017684,-0.7947765748843669,-1.4696721470367706,144.98670212765958,"{""stop"": 549, ""time"": 203}",0
CTL_MOMENTUM,0,db_plus10,752,752,1096,-10.897001059925838,-49.12583625792335,153.3703329935289,0.23803191489361702,0.8131952050616624,2.6031332541918024,10.646184451759236,0.05706161381115889,61.68308566891293,45.112103635276,-0.40681219222967047,-0.5962347418642562,-0.26068513292901774,-1.123730575823706,-0.5962347418642562,-0.43721895861675153,0.6861313868613139,372,380,-11.179833880864605,-10.620122614164726,-0.09800254896553988,-0.4270310838651708,-0.7891782268966996,144.98670212765958,"{""stop"": 549, ""time"": 203}",0
CTL_CLOCK_LONG,0,gross,752,752,1096,7.115260439861168,-18.677031241832864,128.64918289342003,0.18351063829787234,1.2378622938538926,5.50759020598761,7.115260439861168,-0.4316707798658582,42.324388202246176,27.590856860757565,0.2380247330219707,0.6065313073813101,0.17102755048792773,0.8750158480104883,-0.30910485203002624,0.5532994689818529,0.6806569343065694,752,0,7.115260439861168,,0.168400138691023,0.6924707374637048,1.251138691984222,102.61436170212765,"{""stop"": 602, ""time"": 144, ""fill_through_stop"": 6}",0
CTL_CLOCK_LONG,0,rt5,752,752,1096,1.6818108448853462,-23.810143352860187,128.33518269480308,0.17952127659574468,1.0492077148472645,4.795267852301942,7.115260439861168,-0.4316707798658582,42.324388202246176,27.590856860757565,-1.0367694128654892,0.06811425500273915,0.02218742367280968,0.20742471645806493,-0.3860634573670616,0.05747092414321491,0.6861313868613139,752,0,1.6818108448853462,,0.7090629991227855,2.915850216657964,5.255662648693348,102.61436170212765,"{""stop"": 602, ""time"": 144, ""fill_through_stop"": 6}",0
CTL_CLOCK_LONG,0,rt10,752,752,1096,-3.3199679702246203,-28.805439641094033,128.3030236827764,0.17819148936170212,0.9132671380212951,4.211933517142988,7.115260439861168,-0.4316707798658582,42.324388202246176,27.590856860757565,-2.2854892629641634,-0.266772911095988,-0.09817870473657764,-0.40953603513762116,-0.4506645161144023,-0.21785319506196651,0.6861313868613139,752,0,-3.3199679702246203,,-0.3571002381297012,-1.466711029817956,-2.64168679101017,102.61436170212765,"{""stop"": 602, ""time"": 144, ""fill_through_stop"": 6}",0
CTL_CLOCK_LONG,0,rt20,752,752,1096,-13.323525600444553,-38.79603221756172,128.2387056636641,0.17553191489361702,0.7134724284053514,3.351158375843317,7.115260439861168,-0.4316707798658582,42.324388202246176,27.590856860757565,-4.7829289631615115,-0.6546697107464199,-0.2981914356594737,-1.6417438917490057,-0.6837765736940373,-0.43609484023198264,0.6861313868613139,752,0,-13.323525600444553,,-0.0879395146693174,-0.36030132209742405,-0.6479430430191089,102.61436170212765,"{""stop"": 602, ""time"": 144, ""fill_through_stop"": 6}",0
CTL_CLOCK_LONG,0,rt30,752,752,1096,-23.32708323066448,-48.78662479402941,128.17438765114812,0.1675531914893617,0.5740462821652128,2.8520077193287556,7.115260439861168,-0.4316707798658582,42.324388202246176,27.590856860757565,-7.2803686633588605,-0.8374813958009671,-0.4539810851230395,-2.86583520432759,-0.8384482606730208,-0.5414539052876438,0.6861313868613139,752,0,-23.32708323066448,,-0.049631897214758074,-0.20283436597368948,-0.36418851963040144,102.61436170212765,"{""stop"": 602, ""time"": 144, ""fill_through_stop"": 6}",0
CTL_CLOCK_LONG,0,db,752,752,1096,-4.920537191059809,-30.40393445332886,128.29273279927554,0.1768617021276596,0.8757208813759935,4.075723500539398,7.115260439861168,-0.4316707798658582,42.324388202246176,27.590856860757565,-2.685079614995738,-0.349960290969454,-0.13362976982667774,-0.6069471869983978,-0.4779063861751488,-0.2796149490618096,0.6861313868613139,752,0,-4.920537191059809,,-0.24048956249292366,-0.9873722099125681,-1.7779210732231248,102.61436170212765,"{""stop"": 602, ""time"": 144, ""fill_through_stop"": 6}",0
CTL_CLOCK_LONG,0,db_nonfee_x2,752,752,1096,-6.521106411894996,-32.00242926556369,128.2824419159434,0.1768617021276596,0.8405880455791533,3.9122105279210215,7.115260439861168,-0.4316707798658582,42.324388202246176,27.590856860757565,-3.084669967027314,-0.4237208639116947,-0.16769258130396236,-0.8043009745463398,-0.5201104296144583,-0.32241726324978265,0.6861313868613139,752,0,-6.521106411894996,,-0.18112176757484444,-0.7433354731299361,-1.3381683172183758,102.61436170212765,"{""stop"": 602, ""time"": 144, ""fill_through_stop"": 6}",0
CTL_CLOCK_LONG,0,db_plus5,752,752,1096,-9.922316006169776,-35.399230741562704,128.26057378942266,0.17553191489361702,0.7729543920624381,3.630543356656906,7.115260439861168,-0.4316707798658582,42.324388202246176,27.590856860757565,-3.9337994650944133,-0.5538789496623209,-0.23571115765504613,-1.2233553826791579,-0.6027174541128913,-0.3910806897105331,0.6861313868613139,752,0,-9.922316006169776,,-0.11855995583039362,-0.4861694388112897,-0.8747566447242975,102.61436170212765,"{""stop"": 602, ""time"": 144, ""fill_through_stop"": 6}",0
CTL_CLOCK_LONG,0,db_plus10,752,752,1096,-14.924094821279743,-40.39452702979655,128.228414781218,0.17553191489361702,0.6878897286640402,3.2309972103917035,7.115260439861168,-0.4316707798658582,42.324388202246176,27.590856860757565,-5.182519315193087,-0.693885669849753,-0.32580698555647347,-1.8383239258020028,-0.7159828922792735,-0.4550485620114377,0.6861313868613139,752,0,-14.924094821279743,,-0.07835924875509334,-0.3209207651061597,-0.5769795122891604,102.61436170212765,"{""stop"": 602, ""time"": 144, ""fill_through_stop"": 6}",0
CTL_CLOCK_SHORT,0,gross,752,752,1096,6.768176083650236,-19.243703831636473,125.75287143633699,0.18882978723404256,1.216148580373107,5.224300239630953,6.768176083650236,0.5136408610990537,43.04984890248921,27.754321680377934,0.33863101692281133,0.5693224362830005,0.16192439893513288,0.8515241056415801,-0.22075453371147724,0.7335042964361745,0.6824817518248175,0,752,,6.768176083650236,0.16144337099948133,0.6881835043579826,1.2059765289061013,109.05452127659575,"{""stop"": 600, ""time"": 149, ""fill_through_stop"": 3}",0
CTL_CLOCK_SHORT,0,rt5,752,752,1096,2.2835089887702016,-24.068733380248432,126.22236483249098,0.18617021276595744,1.0648819941344931,4.6550555743593565,6.768176083650236,0.5136408610990537,43.04984890248921,27.754321680377934,-1.5319994478380263,0.1197060498419531,0.038372251509110944,0.28634189013516664,-0.30488091018800945,0.125859803703184,0.6861313868613139,0,752,,2.2835089887702016,0.4769420358532186,2.038382826595299,3.5593243708586346,109.05452127659575,"{""stop"": 600, ""time"": 149, ""fill_through_stop"": 3}",0
CTL_CLOCK_SHORT,0,rt10,752,752,1096,-2.7147989672088846,-29.073499372095533,126.25380056265818,0.1848404255319149,0.9308747799261841,4.1052247488831,6.768176083650236,0.5136408610990537,43.04984890248921,27.754321680377934,-3.4227918497237635,-0.23118255262098586,-0.08383055807543949,-0.3403317540855187,-0.4030743374396135,-0.20797790950409623,0.6861313868613139,0,752,,-2.7147989672088846,-0.39882351223477513,-1.702735752758328,-2.9701273627058504,109.05452127659575,"{""stop"": 600, ""time"": 149, ""fill_through_stop"": 3}",0
CTL_CLOCK_SHORT,0,rt20,752,752,1096,-12.711414879167059,-39.08303135578973,126.31667202670732,0.17819148936170212,0.732206644471987,3.376893330475283,6.768176083650236,0.5136408610990537,43.04984890248921,27.754321680377934,-7.20437665349524,-0.6377432763792603,-0.2869177862954051,-1.590318154430111,-0.6377432763792603,-0.44989543115900704,0.6861313868613139,0,752,,-12.711414879167059,-0.08417427450251748,-0.3586087637147599,-0.6241946924140455,109.05452127659575,"{""stop"": 600, ""time"": 149, ""fill_through_stop"": 3}",0
CTL_CLOCK_SHORT,0,rt30,752,752,1096,-22.708030791125232,-49.09256333948393,126.37954349570327,0.17287234042553193,0.5924684245333589,2.834733538921148,6.768176083650236,0.5136408610990537,43.04984890248921,27.754321680377934,-10.985961457266715,-0.8294380248411457,-0.44512603066430767,-2.829770698588095,-0.8294380248411457,-0.5366597832906905,0.6861313868613139,0,752,,-22.708030791125232,-0.046557211469361905,-0.19791519256286663,-0.34373287478524406,109.05452127659575,"{""stop"": 600, ""time"": 149, ""fill_through_stop"": 3}",0
CTL_CLOCK_SHORT,0,db,752,752,1096,-4.314257513122191,-30.675024489486603,126.26385999657332,0.1848404255319149,0.8936861715871354,3.941220310668445,6.768176083650236,0.5136408610990537,43.04984890248921,27.754321680377934,-4.0278454183272006,-0.3183583407894295,-0.11982439001781231,-0.5407395674392044,-0.43147603011330415,-0.27770810347528885,0.6861313868613139,0,752,,-4.314257513122191,-0.2504916339428319,-1.0690876867891328,-1.8642082705804195,109.05452127659575,"{""stop"": 600, ""time"": 149, ""fill_through_stop"": 3}",0
CTL_CLOCK_SHORT,0,db_nonfee_x2,752,752,1096,-5.9137160590355,-32.27654960687768,126.27391943061525,0.18351063829787234,0.8588213976267115,3.8211328850927604,6.768176083650236,0.5136408610990537,43.04984890248921,27.754321680377934,-4.632898986930636,-0.3956609600625488,-0.15440954779381655,-0.7410337456383337,-0.4585306062767196,-0.3367486176061966,0.6861313868613139,0,752,,-5.9137160590355,-0.1823971860574191,-0.7782000117816787,-1.3565159872264603,109.05452127659575,"{""stop"": 600, ""time"": 149, ""fill_through_stop"": 3}",0
CTL_CLOCK_SHORT,0,db_plus5,752,752,1096,-9.312565469101282,-35.67979048133371,126.29529572837521,0.18218085106382978,0.7915276366849712,3.5532080040967684,6.768176083650236,0.5136408610990537,43.04984890248921,27.754321680377934,-5.918637820212937,-0.5320844619351722,-0.22347375893415622,-1.1661441311338823,-0.5322048989632786,-0.4199017321514276,0.6861313868613139,0,752,,-9.312565469101282,-0.11536129870947329,-0.49183432385482456,-0.8567160215727541,109.05452127659575,"{""stop"": 600, ""time"": 149, ""fill_through_stop"": 3}",0
CTL_CLOCK_SHORT,0,db_plus10,752,752,1096,-14.31087342508037,-40.684556473180805,126.32673146141444,0.17819148936170212,0.7066520755898162,3.259037184436615,6.768176083650236,0.5136408610990537,43.04984890248921,27.754321680377934,-7.809430222098675,-0.6788580801790791,-0.3149603679250055,-1.789524374833429,-0.6788580801790791,-0.4639561303327503,0.6861313868613139,0,752,,-14.31087342508037,-0.07462394839446528,-0.31781142643684934,-0.5529902547669253,109.05452127659575,"{""stop"": 600, ""time"": 149, ""fill_through_stop"": 3}",0
CTL_FADE,0,gross,752,733,1096,1.0930634004068052,15.540979264529076,78.8743015337358,0.5457025920873124,1.038683505120314,0.8647040180126615,1.0930634004068052,-0.012364149939836417,74.12850545711724,56.53646733494562,-0.060686580379800244,0.05873022364376235,0.019187837247212958,0.2165645500108827,-0.2329823345384736,0.08235747695301923,0.6687956204379562,392,341,3.2264695267232426,-1.3594151964144365,0.46933878540150575,1.750663636306169,3.056223608848619,37.64802182810369,"{""target"": 396, ""stop"": 325, ""time"": 12}",0
CTL_FADE,0,rt5,752,733,1096,-3.9198902231471013,10.697647438197727,79.03426887430192,0.5443383356070941,0.871621992727321,0.7296284350148502,1.0930634004068052,-0.012364149939836417,74.12850545711724,56.53646733494562,-0.1738361041939851,-0.2669609796233471,-0.0982557449666438,-0.7747699195240879,-0.3949334269276489,-0.24879065246772358,0.6687956204379562,392,341,-1.9055276864395734,-6.235521057133467,-0.129102470539137,-0.47931631038381317,-0.8332177006280347,37.64802182810369,"{""target"": 396, ""stop"": 325, ""time"": 12}",0
CTL_FADE,0,rt10,752,733,1096,-8.92047969676117,5.701419839894818,79.03778071806629,0.5375170532060027,0.7282343521439384,0.6265772725299368,1.0930634004068052,-0.012364149939836417,74.12850545711724,56.53646733494562,-0.2870920099926439,-0.49204411349643085,-0.20194748943556962,-1.7600677847523645,-0.5304486803117694,-0.38071070196060375,0.6687956204379562,392,341,-6.9063343038212555,-11.235860910932571,-0.05595192101254921,-0.2067858035061121,-0.35850079599634277,37.64802182810369,"{""target"": 396, ""stop"": 325, ""time"": 12}",0
CTL_FADE,0,rt20,752,733,1096,-18.921658643989314,-4.291035356710999,79.04481868417892,0.48021828103683495,0.4987647445998389,0.5398561582174393,1.0930634004068052,-0.012364149939836417,74.12850545711724,56.53646733494562,-0.5136038215899614,-0.7562276557004877,-0.3750461926627714,-3.7058605952160115,-0.7562276557004877,-0.4959435030386043,0.6687956204379562,392,341,-16.90794753858461,-21.23654061853078,-0.025643571274066173,-0.09386867615284177,-0.16181210308204144,37.64802182810369,"{""target"": 396, ""stop"": 325, ""time"": 12}",0
CTL_FADE,0,rt30,752,733,1096,-28.92283759121745,-14.28349055331682,79.05187568416457,0.3806275579809004,0.33355765867842385,0.542778412329765,1.0930634004068052,-0.012364149939836417,74.12850545711724,56.53646733494562,-0.740115633187279,-0.8830976683444949,-0.5107195086106588,-5.594836987421928,-0.8830976683444949,-0.5783273208818258,0.6687956204379562,392,341,-26.909560773347977,-31.237220326128988,-0.016295767220200725,-0.059042392639176225,-0.10114870910518985,37.64802182810369,"{""target"": 396, ""stop"": 325, ""time"": 12}",0
CTL_FADE,0,db,752,733,1096,-10.520668328317672,4.102627008437887,79.0389055133583,0.5320600272851296,0.6865762231855131,0.6038349860323872,1.0930634004068052,-0.012364149939836417,74.12850545711724,56.53646733494562,-0.3233338998482147,-0.5483179783938286,-0.23255149210576864,-2.074061000308068,-0.5739186135137603,-0.40519942484875165,0.6687956204379562,392,341,-8.506592421383393,-12.835969664148282,-0.0472302812091825,-0.1742923645395007,-0.3019009498220917,37.64802182810369,"{""target"": 396, ""stop"": 325, ""time"": 12}",0
CTL_FADE,0,db_nonfee_x2,752,733,1096,-12.120856959874175,2.5038341769809556,79.04003079602688,0.519781718963165,0.6468933594710942,0.5976547573066278,1.0930634004068052,-0.012364149939836417,74.12850545711724,56.53646733494562,-0.35957578970378545,-0.5983651023784081,-0.26198650547625946,-2.3872095791400465,-0.6160936226887538,-0.42523813886093936,0.6687956204379562,392,341,-10.10685053894553,-14.436078417363998,-0.0408114932434507,-0.15037845617978898,-0.26024566255084797,37.64802182810369,"{""target"": 396, ""stop"": 325, ""time"": 12}",0
CTL_FADE,0,db_plus5,752,733,1096,-15.521257801931744,-0.8936005898650237,79.04242363984497,0.4924965893587995,0.5689020962730748,0.586237063195523,1.0930634004068052,-0.012364149939836417,74.12850545711724,56.53646733494562,-0.43658980564687355,-0.6870849846917553,-0.3208553869258104,-3.0492893590046757,-0.6937964844202859,-0.46246326427252926,0.6687956204379562,392,341,-13.507399038765076,-17.83630951794739,-0.0315660362867458,-0.11593347815797746,-0.20024645903430777,37.64802182810369,"{""target"": 396, ""stop"": 325, ""time"": 12}",0
CTL_FADE,0,db_plus10,752,733,1096,-20.521847275545817,-5.889828188167932,79.04594652523267,0.47066848567530695,0.4681807038183772,0.5265336611058851,1.0930634004068052,-0.012364149939836417,74.12850545711724,56.53646733494562,-0.5498457114455323,-0.7832594692849801,-0.39903569752654533,-4.012614955701642,-0.7832594692849801,-0.5094553122872756,0.6687956204379562,392,341,-18.508205656146753,-22.836649371746493,-0.023535651729753835,-0.08601538748192002,-0.14813257438725166,37.64802182810369,"{""target"": 396, ""stop"": 325, ""time"": 12}",0
CTL_PLACEBO_M120,0,gross,752,745,1096,-8.908975117175547,-36.92379285013621,132.41275371582378,0.20536912751677852,0.807939882233859,3.126146472434278,-8.908975117175547,-0.03640148973130419,62.46248428480818,48.721357243094076,-0.0801315063296096,-0.5171210565164026,-0.21529049670260592,-1.0592431591516005,-0.5689210329899254,-0.37841894431492806,0.6797445255474452,371,374,-3.323736316999899,-14.449412536601125,-0.1920441633537835,-0.5863848506980425,-0.9406175312604558,137.9288590604027,"{""stop"": 569, ""time"": 176}",0
CTL_PLACEBO_M120,0,rt5,752,745,1096,-13.946776262650168,-41.72478065093391,132.4100350228831,0.20268456375838925,0.7231233165239509,2.8446043047366016,-8.908975117175547,-0.03640148973130419,62.46248428480818,48.721357243094076,-0.20420907024204438,-0.6683893582006355,-0.30760283556127765,-1.6565115686195473,-0.6799375691608296,-0.4523986458652626,0.6797445255474452,371,374,-8.88086340822151,-18.97205345247111,-0.12243741294834151,-0.37248640413039846,-0.594605153474368,137.9288590604027,"{""stop"": 569, ""time"": 176}",0
CTL_PLACEBO_M120,0,rt10,752,745,1096,-18.948175918393485,-46.734075075872916,132.40255981665604,0.20134228187919462,0.6514516966600409,2.584091730084829,-8.908975117175547,-0.03640148973130419,62.46248428480818,48.721357243094076,-0.32861085701036685,-0.7716939751509547,-0.38854069888086074,-2.2473061789219395,-0.775232987637298,-0.5011921642615189,0.6797445255474452,371,374,-13.880032474142265,-23.975665805605257,-0.0897431010418995,-0.27237858786880853,-0.4340893502277908,137.9288590604027,"{""stop"": 569, ""time"": 176}",0
CTL_PLACEBO_M120,0,rt20,752,745,1096,-28.950975229880118,-56.75266392575092,132.38763303816353,0.19463087248322147,0.5359241376599547,2.2176171213515365,-8.908975117175547,-0.03640148973130419,62.46248428480818,48.721357243094076,-0.5774144305470117,-0.891843834562518,-0.52322785539952,-3.41919315435949,-0.891843834562518,-0.5866810254467727,0.6797445255474452,371,374,-23.87837060598376,-33.98289051187356,-0.058242935703784596,-0.17592716925808766,-0.27943632201552804,137.9288590604027,"{""stop"": 569, ""time"": 176}",0
CTL_PLACEBO_M120,0,rt30,752,745,1096,-38.95377454136675,-66.77125277562894,132.3727377805011,0.18523489932885906,0.44721033599947496,1.9670773474759515,-8.908975117175547,-0.03640148973130419,62.46248428480818,48.721357243094076,-0.8262180040836565,-0.9488012423497036,-0.6283401032130049,-4.573152544642236,-0.9488012423497036,-0.662246290547557,0.6797445255474452,371,374,-33.87670873782526,-43.99011521814187,-0.042920398123986306,-0.12901057468074414,-0.2042088807885857,137.9288590604027,"{""stop"": 569, ""time"": 176}",0
CTL_PLACEBO_M120,0,db,752,745,1096,-20.548623808231344,-48.3370492918534,132.4001694143366,0.19865771812080538,0.63069387834105,2.54408273898383,-8.908975117175547,-0.03640148973130419,62.46248428480818,48.721357243094076,-0.36841942877622996,-0.7974068941267198,-0.41239461374886544,-2.4357686838321584,-0.7996962643780487,-0.5156890586072687,0.6797445255474452,371,374,-15.4797665752369,-25.576821758608187,-0.0826422030746063,-0.2506361089007156,-0.39922682294005585,137.9288590604027,"{""stop"": 569, ""time"": 176}",0
CTL_PLACEBO_M120,0,db_nonfee_x2,752,745,1096,-22.14907169806921,-49.94002350783388,132.39777981872123,0.19865771812080538,0.6108963362911033,2.4642237349039777,-8.908975117175547,-0.03640148973130419,62.46248428480818,48.721357243094076,-0.4082280005420932,-0.8202273472524124,-0.4353215578650841,-2.6239006564195173,-0.8217742941465453,-0.5297337248997157,0.6797445255474452,371,374,-17.07950067633154,-27.177977711611117,-0.07656749864920304,-0.23203576654752744,-0.3694024894865964,137.9288590604027,"{""stop"": 569, ""time"": 176}",0
CTL_PLACEBO_M120,0,db_plus5,752,745,1096,-25.550023463974664,-53.346343716792404,132.39270460674769,0.19731543624161074,0.5716806409625801,2.325612403371584,-8.908975117175547,-0.03640148973130419,62.46248428480818,48.721357243094076,-0.49282121554455255,-0.860553932687287,-0.48112552459078395,-3.022468912490171,-0.8609515771345014,-0.5588299474310859,0.6797445255474452,371,374,-20.478935641157655,-30.58043411174234,-0.06618563014173946,-0.2002471732297898,-0.3184317283510025,137.9288590604027,"{""stop"": 569, ""time"": 176}",0
CTL_PLACEBO_M120,0,db_plus10,752,745,1096,-30.55142311971798,-58.355638141731404,132.38524767846104,0.19328859060402684,0.5201823516860514,2.171038842800812,-8.908975117175547,-0.03640148973130419,62.46248428480818,48.721357243094076,-0.617223002312875,-0.9040364086614483,-0.5418457258027976,-3.60518239684489,-0.9040364086614483,-0.599362725451595,0.6797445255474452,371,374,-25.47810470707841,-35.58404646487649,-0.055117081058277825,-0.16635600949768997,-0.2640896442603464,137.9288590604027,"{""stop"": 569, ""time"": 176}",0
CTL_PLACEBO_M60,0,gross,752,731,1096,-4.054780741077453,-38.9430467569646,142.74245802921334,0.253077975376197,0.9189179580071882,2.7120497571455395,-4.054780741077453,-0.0050044247036523165,76.91871786172463,57.62823301998365,0.17138613384257267,-0.3091208362632627,-0.11586983412013596,-0.4432560410826643,-0.4983130117934551,-0.23252419940453542,0.666970802919708,381,350,0.5354978903074943,-9.051626908385071,-0.27828128605978436,-1.1407574791497546,-2.022582853918856,156.61969904240766,"{""stop"": 516, ""time"": 215}",0
CTL_PLACEBO_M60,0,rt5,752,731,1096,-9.060938412742168,-44.3089502222325,142.77283430612493,0.253077975376197,0.8314316092039259,2.453846803380235,-4.054780741077453,-0.0050044247036523165,76.91871786172463,57.62823301998365,0.06480941485443063,-0.5210168167718888,-0.21740455677467108,-0.9897716525042807,-0.6178161408468659,-0.35189199893137424,0.666970802919708,381,350,-5.039737036487616,-13.43830333946498,-0.12383212031286865,-0.5067566884263257,-0.8984988138435621,156.61969904240766,"{""stop"": 516, ""time"": 215}",0
CTL_PLACEBO_M60,0,rt10,752,731,1096,-14.06209165970323,-49.29937076713544,142.77294721768737,0.2503419972640219,0.7554127917996293,2.262110436645884,-4.054780741077453,-0.0050044247036523165,76.91871786172463,57.62823301998365,-0.042432749418906936,-0.6678507107827645,-0.3072284848967113,-1.5346223887094301,-0.722056155356439,-0.42549112367174496,0.666970802919708,381,350,-10.039870910960193,-18.440566246192077,-0.07928501712080602,-0.324084289655548,-0.5740579622680683,156.61969904240766,"{""stop"": 516, ""time"": 215}",0
CTL_PLACEBO_M60,0,rt20,752,731,1096,-24.06439815362535,-59.28021185694134,142.77319979263203,0.23666210670314639,0.6300457633398681,2.032170727997956,-4.054780741077453,-0.0050044247036523165,76.91871786172463,57.62823301998365,-0.25691707796558205,-0.8403678613920601,-0.4572300391512505,-2.6180601905003984,-0.8554676157469295,-0.5344796585339258,0.666970802919708,381,350,-20.04013865990535,-28.445092059646267,-0.045738484528338876,-0.1865214597519429,-0.329735327981842,156.61969904240766,"{""stop"": 516, ""time"": 215}",0
CTL_PLACEBO_M60,0,rt30,752,731,1096,-34.066704647547475,-69.26105294674724,142.77348803650924,0.22845417236662108,0.5315426293029044,1.7951499576457373,-4.054780741077453,-0.0050044247036523165,76.91871786172463,57.62823301998365,-0.47140140651225715,-0.9233366172471044,-0.5748568068897177,-3.688903145475901,-0.9248916721669407,-0.6215396074903327,0.666970802919708,381,350,-30.040406408850505,-38.449617873100465,-0.031891110059307115,-0.12973812414358019,-0.22888356338005492,156.61969904240766,"{""stop"": 516, ""time"": 215}",0
CTL_PLACEBO_M60,0,db,752,731,1096,-15.662460698730767,-50.89630534150439,142.77298523271816,0.24897400820793433,0.733146806027908,2.2115252555457228,-4.054780741077453,-0.0050044247036523165,76.91871786172463,57.62823301998365,-0.0767502419863749,-0.7045794634345022,-0.3337437658799054,-1.7086106120384805,-0.7496558207190851,-0.44519599082118994,0.666970802919708,381,350,-11.639913750791418,-20.041290376344747,-0.07103827089100966,-0.2902672104763301,-0.5139961136224563,156.61969904240766,"{""stop"": 516, ""time"": 215}",0
CTL_PLACEBO_M60,0,db_nonfee_x2,752,731,1096,-17.26282973775831,-52.49323991587333,142.77302416087772,0.2448700410396717,0.7117942091986851,2.195030187026113,-4.054780741077453,-0.0050044247036523165,76.91871786172463,57.62823301998365,-0.11106773455384293,-0.7372517234701175,-0.35924820577016336,-1.882385678743849,-0.7745186390920288,-0.4638341643931403,0.666970802919708,381,350,-13.23995659062264,-21.642014506497418,-0.064320571467487,-0.26272022806929884,-0.465070460427924,156.61969904240766,"{""stop"": 516, ""time"": 215}",0
CTL_PLACEBO_M60,0,db_plus5,752,731,1096,-20.663613945691832,-55.88672588640733,142.77310991508656,0.24350205198358413,0.6692016255877925,2.079036510955333,-4.054780741077453,-0.0050044247036523165,76.91871786172463,57.62823301998365,-0.1839924062597125,-0.7951912295729022,-0.41026220637962785,-2.2508530334987564,-0.8194679227257718,-0.5006446195172409,0.666970802919708,381,350,-16.640047625263996,-25.043553283071844,-0.05350042307030472,-0.21835050880276635,-0.38626627545051495,156.61969904240766,"{""stop"": 516, ""time"": 215}",0
CTL_PLACEBO_M60,0,db_plus10,752,731,1096,-25.66476719265289,-60.87714643131029,142.77324351470543,0.23529411764705882,0.6127180978506904,1.991333818014744,-4.054780741077453,-0.0050044247036523165,76.91871786172463,57.62823301998365,-0.2912345705330501,-0.8580365212717279,-0.47802456511006974,-2.7903708457678116,-0.8698332641906446,-0.5495588462633217,0.666970802919708,381,350,-21.640181499736578,-30.045816189798938,-0.04279758481074915,-0.17446183819495378,-0.308316471526481,156.61969904240766,"{""stop"": 516, ""time"": 215}",0
CTL_PLACEBO_P60,0,gross,752,741,1096,7.197238932195143,-36.96899823896858,147.68614700673874,0.31309041835357626,1.1613297056758145,2.5479173284008167,7.197238932195143,0.10278398791099483,74.93121709581624,61.633073517105785,0.10292277034676604,0.5749648926846933,0.16331401939950663,0.7654278204195197,-0.38802298909318944,0.42088748344826643,0.676094890510949,378,363,9.704553105014863,4.58631673570518,0.17112439598152027,0.7306625795681002,1.2929782445678917,190.53981106612684,"{""stop"": 470, ""time"": 271}",0
CTL_PLACEBO_P60,0,rt5,752,741,1096,2.2993469794520753,-41.2896865372869,147.82648951019667,0.3090418353576248,1.0479238161402091,2.3429563050820397,7.197238932195143,0.10278398791099483,74.93121709581624,61.633073517105785,0.005490675252581695,0.09554175015302535,0.030855023563430173,0.24438834806334175,-0.4662807436212463,0.066172630942901,0.676094890510949,378,363,3.6364390164326634,0.9070032054061722,0.5345945726563661,2.2770459217875807,4.030249314688234,190.53981106612684,"{""stop"": 470, ""time"": 271}",0
CTL_PLACEBO_P60,0,rt10,752,741,1096,-2.701328961201985,-46.280611846979994,147.82690807880536,0.300944669365722,0.9474920660234667,2.2009008529154963,7.197238932195143,0.10278398791099483,74.93121709581624,61.633073517105785,-0.0930369887366639,-0.24375311301141056,-0.08884673424298783,-0.2871083015832671,-0.534795309068554,-0.16613222430415672,0.676094890510949,378,363,-1.36598712184359,-4.091850215409898,-0.4524302257534886,-1.9256174678244975,-3.405510698447898,190.53981106612684,"{""stop"": 470, ""time"": 271}",0
CTL_PLACEBO_P60,0,rt20,752,741,1096,-12.702680842510103,-56.2624624663662,147.82777293359894,0.28475033738191635,0.7828912499448586,1.9665040875392181,7.197238932195143,0.10278398791099483,74.93121709581624,61.633073517105785,-0.29009231671515506,-0.639843602887475,-0.2882973249918207,-1.3485443044696188,-0.668667926756533,-0.43115171740066416,0.676094890510949,378,363,-11.370839398396097,-14.089557057042047,-0.0951021125771007,-0.4041462932958261,-0.7135762102699572,190.53981106612684,"{""stop"": 470, ""time"": 271}",0
CTL_PLACEBO_P60,0,rt30,752,741,1096,-22.704032723818226,-66.2802672181027,147.82867474461716,0.2699055330634278,0.6545406626882815,1.7705324925718018,7.197238932195143,0.10278398791099483,74.93121709581624,61.633073517105785,-0.4871476446936462,-0.8286059559336165,-0.4442260181810983,-2.404000934398306,-0.8286059559336165,-0.5361125092090061,0.676094890510949,378,363,-21.37569167494861,-24.087263898674195,-0.05258716413085366,-0.22312144201129588,-0.39328947165259887,190.53981106612684,"{""stop"": 470, ""time"": 271}",0
CTL_PLACEBO_P60,0,db,752,741,1096,-4.301545262211284,-47.87770794608179,147.82704397208698,0.29959514170040485,0.9181689225157472,2.1465300485841117,7.197238932195143,0.10278398791099483,74.93121709581624,61.633073517105785,-0.12456584121322246,-0.3283582567504685,-0.12414583321762729,-0.45714741001458326,-0.55655886474831,-0.2230596637316507,0.676094890510949,378,363,-2.966763486091989,-5.6914833100710425,-0.283596945579094,-1.206740448037187,-2.13360369506775,190.53981106612684,"{""stop"": 470, ""time"": 271}",0
CTL_PLACEBO_P60,0,db_nonfee_x2,752,741,1096,-5.9017615632205835,-49.47480404518358,147.82718081146197,0.2982456140350877,0.8900749951388657,2.094294106209096,7.197238932195143,0.10278398791099483,74.93121709581624,61.633073517105785,-0.15609469368978104,-0.40350953328786787,-0.15808273396194983,-0.6271341099775282,-0.5792948809071906,-0.27288819420324967,0.676094890510949,378,363,-4.567539850340391,-7.291116404732185,-0.20631930152921435,-0.8776991453190323,-1.5514318829094336,190.53981106612684,"{""stop"": 470, ""time"": 271}",0
CTL_PLACEBO_P60,0,db_plus5,752,741,1096,-9.302221202865345,-52.868633255774895,147.82747473644758,0.2901484480431849,0.8341485665891656,2.040754167562331,7.197238932195143,0.10278398791099483,74.93121709581624,61.633073517105785,-0.22309350520246807,-0.536482673084062,-0.22591220642544807,-0.9880936003881559,-0.6238232263994359,-0.3621413837528323,0.676094890510949,378,363,-7.969189624368247,-10.690336730887118,-0.1303827899880422,-0.5543682649773405,-0.9793635043189765,190.53981106612684,"{""stop"": 470, ""time"": 271}",0
CTL_PLACEBO_P60,0,db_plus10,752,741,1096,-14.302897143519406,-57.864633291617196,147.82791473992077,0.2834008097165992,0.7602393505017347,1.9223195005543865,7.197238932195143,0.10278398791099483,74.93121709581624,61.633073517105785,-0.3216211691917137,-0.6801741325935511,-0.31589656798777643,-1.5179397476431609,-0.6973228279455805,-0.4530133753378703,0.676094890510949,378,363,-12.971615762644502,-15.689190151703194,-0.08430417958672166,-0.35816965954228724,-0.6322298869721672,190.53981106612684,"{""stop"": 470, ""time"": 271}",0
CTL_PLACEBO_P120,0,gross,752,742,1096,-0.9552345470816023,-38.99263034084899,141.93227699003302,0.2695417789757412,0.9792734265034573,2.653830985824369,-0.9552345470816023,-0.0434220060311007,71.34575470297268,56.8916110300918,0.026584103439625646,-0.13406335500851418,-0.04680654359796632,-0.10581894039404947,-0.3957398553964756,-0.11827604159574162,0.677007299270073,373,369,-0.5094684244545692,-1.4058328227994445,-1.288554724833235,-5.328923097330974,-9.658316793769327,176.88814016172506,"{""stop"": 513, ""time"": 229}",0
CTL_PLACEBO_P120,0,rt5,752,742,1096,-5.998767308028234,-44.41607252251203,141.91213360510048,0.2641509433962264,0.8795766692785687,2.450249292990299,-0.9552345470816023,-0.0434220060311007,71.34575470297268,56.8916110300918,-0.08027936418597784,-0.40449796660820336,-0.15854760848727256,-0.664438469431699,-0.5283836228808189,-0.3000615492638655,0.677007299270073,373,369,-6.022916456724452,-5.974356379942355,-0.20401286858659043,-0.8429792972264413,-1.5259467647199447,176.88814016172506,"{""stop"": 513, ""time"": 229}",0
CTL_PLACEBO_P120,0,rt10,752,742,1096,-10.998878062943763,-49.416201186516396,141.91377701004276,0.25202156334231807,0.794459385165314,2.3578874800360925,-0.9552345470816023,-0.0434220060311007,71.34575470297268,56.8916110300918,-0.18607515080655898,-0.5892408684299827,-0.25644471561619564,-1.2174190829928846,-0.6532276341120118,-0.39258093538067,0.677007299270073,373,369,-11.022789089618337,-10.974707838148053,-0.1106275982931483,-0.4567103870989814,-0.8261542805662864,176.88814016172506,"{""stop"": 513, ""time"": 229}",0
CTL_PLACEBO_P120,0,rt20,752,742,1096,-20.999099572774824,-59.40303428514457,141.917090378935,0.24123989218328842,0.6559130958460333,2.063011580789479,-0.9552345470816023,-0.0434220060311007,71.34575470297268,56.8916110300918,-0.3976667240477213,-0.8046773001963872,-0.41950304318978193,-2.318309722921492,-0.8220411153271041,-0.5103188093248286,0.677007299270073,373,369,-21.022534355406112,-20.97541075455945,-0.05727326235638544,-0.23602118067372543,-0.4263378730297109,176.88814016172506,"{""stop"": 513, ""time"": 229}",0
CTL_PLACEBO_P120,0,rt30,752,742,1096,-30.99932108260588,-69.38366831206129,141.92043915776782,0.23315363881401618,0.5485182330074315,1.8040859802383151,-0.9552345470816023,-0.0434220060311007,71.34575470297268,56.8916110300918,-0.6092582972888837,-0.9071900832641466,-0.5469159370387092,-3.4081584317906306,-0.9118369714401802,-0.5997957465739685,0.677007299270073,373,369,-31.02227962119388,-30.97611367097085,-0.038342595019058644,-0.15771837962814952,-0.28447889804310916,176.88814016172506,"{""stop"": 513, ""time"": 229}",0
CTL_PLACEBO_P120,0,db,752,742,1096,-12.598913504516732,-51.016242358997786,141.91430476941497,0.25202156334231807,0.7697095254984652,2.2844320141799366,-0.9552345470816023,-0.0434220060311007,71.34575470297268,56.8916110300918,-0.21992980252514494,-0.6352834760026446,-0.2853089032402898,-1.394093257721976,-0.6866357545650171,-0.4155171083699721,0.677007299270073,373,369,-12.622748332144381,-12.574820304773878,-0.096399158514449,-0.3978573805288613,-0.7195319493669522,176.88814016172506,"{""stop"": 513, ""time"": 229}",0
CTL_PLACEBO_P120,0,db_nonfee_x2,752,742,1096,-14.1989489460897,-52.6162031468412,141.91483343533508,0.25067385444743934,0.7460255310949371,2.2300548133805647,-0.9552345470816023,-0.0434220060311007,71.34575470297268,56.8916110300918,-0.253784454243731,-0.6761712696048208,-0.3130569670500317,-1.5705950526436792,-0.7186417042320292,-0.43562315574849303,0.677007299270073,373,369,-14.222707574670427,-14.1749327713997,-0.0853774360794972,-0.35226829887499395,-0.6369394966367633,176.88814016172506,"{""stop"": 513, ""time"": 229}",0
CTL_PLACEBO_P120,0,db_plus5,752,742,1096,-17.599024259432262,-56.009618715992886,141.91595986039144,0.24663072776280323,0.6989507918562444,2.135046407910605,-0.9552345470816023,-0.0434220060311007,71.34575470297268,56.8916110300918,-0.32572558914572614,-0.7484914506448515,-0.36850987384161116,-1.9449915024705873,-0.7762275303568685,-0.47474465853097186,0.677007299270073,373,369,-17.62262096503827,-17.57517176297958,-0.06861053088854929,-0.28291545367824233,-0.5112949040979947,176.88814016172506,"{""stop"": 513, ""time"": 229}",0
CTL_PLACEBO_P120,0,db_plus10,752,742,1096,-22.59913501434779,-60.999935729451245,141.91762380406504,0.2398921832884097,0.6369308499019245,2.0181404457566594,-0.9552345470816023,-0.0434220060311007,71.34575470297268,56.8916110300918,-0.4315213757663073,-0.8265919865710257,-0.44205959375944504,-2.4935585554555693,-0.8407027654380166,-0.5258215054510098,0.677007299270073,373,369,-22.622493597932152,-22.57552322118528,-0.05311849919593548,-0.21883585976838532,-0.3952037121070589,176.88814016172506,"{""stop"": 513, ""time"": 229}",0
DIAG_P0_LAT1,0,gross,752,735,1096,11.264980616438312,-37.85057099050647,165.42747537810112,0.3564625850340136,1.217783535425645,2.198517604031794,11.264980616438312,0.14472763111501116,94.22939929019736,73.60530007601578,0.24154567692715598,1.0728853304943389,0.2747611246691142,1.0648126276956662,-0.2219084023291208,1.238173596787045,0.6706204379562044,341,394,15.142260485112994,7.909263775783314,0.09878359999986407,0.4441404437481236,0.8297162437514192,200.9578231292517,"{""stop"": 427, ""time"": 308}",0
DIAG_P0_LAT1,0,rt5,752,735,1096,6.409011900309184,-42.005167695682346,165.44128574858755,0.34965986394557824,1.1168533424395068,2.0772603022804836,11.264980616438312,0.14472763111501116,94.22939929019736,73.60530007601578,0.16041604134571055,0.4509715109791115,0.13197576464766914,0.6060688630036002,-0.25828362635498336,0.5109722459382017,0.6706204379562044,341,394,9.24902573868894,3.951030380290157,0.17305893791060328,0.7786859811219023,1.4493521060695942,200.9578231292517,"{""stop"": 427, ""time"": 308}",0
DIAG_P0_LAT1,0,rt10,752,735,1096,1.408315553065046,-46.99591409035709,165.44065589949807,0.3442176870748299,1.0242378722778016,1.9513148396754956,11.264980616438312,0.14472763111501116,94.22939929019736,73.60530007601578,0.07668998547418451,0.004739672139751017,0.001575960842203905,0.13320937458783721,-0.3486046664766195,0.004520768061231914,0.6706204379562044,341,394,4.245240173567661,-1.0469923037658964,0.7829298397440675,3.519384409409983,6.546862908213856,200.9578231292517,"{""stop"": 427, ""time"": 308}",0
DIAG_P0_LAT1,0,rt20,752,735,1096,-8.593077141423228,-56.97740687970659,165.43942734475135,0.33197278911564626,0.8672284315841755,1.745119507818976,11.264980616438312,0.14472763111501116,94.22939929019736,73.60530007601578,-0.09076212626886766,-0.5184923481198652,-0.21603333540162106,-0.8124540367728533,-0.5459975723664254,-0.3956672086751304,0.6706204379562044,341,394,-5.762330956674897,-11.043037671878004,-0.12679546661006408,-0.5688295221008778,-1.056934161269035,200.9578231292517,"{""stop"": 427, ""time"": 308}",0
DIAG_P0_LAT1,0,rt30,752,735,1096,-18.5944698359115,-66.95889966905608,165.4382403153487,0.3006802721088435,0.7401379308806028,1.7214067713693657,11.264980616438312,0.14472763111501116,94.22939929019736,73.60530007601578,-0.25821423801191984,-0.7694141159589176,-0.3865139505427092,-1.7552026060214554,-0.7694141159589176,-0.5023484005891918,0.6706204379562044,341,394,-15.769902086917455,-21.03908303999011,-0.05789431969588621,-0.259194705146619,-0.48103467234562636,200.9578231292517,"{""stop"": 427, ""time"": 308}",0
DIAG_P0_LAT1,0,db,752,735,1096,-0.19190727805307564,-48.592952936653006,165.44045654027323,0.3414965986394558,0.9967559163796108,1.9220313287957433,11.264980616438312,0.14472763111501116,94.22939929019736,73.60530007601578,0.04989764759529615,-0.10677066190910733,-0.03690475142344174,-0.018152309015793802,-0.3756047307525773,-0.09825422419333708,0.6706204379562044,341,394,2.6440287927288506,-2.6463595626638337,-5.7346674618810525,-25.770041643017645,-47.9294574887422,200.9578231292517,"{""stop"": 427, ""time"": 308}",0
DIAG_P0_LAT1,0,db_nonfee_x2,752,735,1096,-1.7921301091711999,-50.18999178294893,165.44025824407743,0.3401360544217687,0.9702360838564805,1.882258002681572,11.264980616438312,0.14472763111501116,94.22939929019736,73.60530007601578,0.023105309716407816,-0.20592005808559688,-0.0739128383567651,-0.16951267594854844,-0.40148971839536785,-0.1840964661615052,0.6706204379562044,341,394,1.042817411890042,-4.245726821561767,-0.6129223377291291,-2.75343473546526,-5.120149784923589,200.9578231292517,"{""stop"": 427, ""time"": 308}",0
DIAG_P0_LAT1,0,db_plus5,752,735,1096,-5.192603625297217,-53.583699331327765,165.43984039426735,0.3360544217687075,0.9168642052202032,1.8114564054553004,11.264980616438312,0.14472763111501116,94.22939929019736,73.60530007601578,-0.03382840827622993,-0.3816246063692532,-0.1479189875385265,-0.4910851168221563,-0.46165106559307645,-0.32041296676852055,0.6706204379562044,341,394,-2.3597567723924278,-7.644382246719889,-0.21068426936455859,-0.9458173553767697,-1.7581056336813314,200.9578231292517,"{""stop"": 427, ""time"": 308}",0
DIAG_P0_LAT1,0,db_plus10,752,735,1096,-10.193299972541354,-58.57444572600251,165.4392346295202,0.3238095238095238,0.8450791471005538,1.7647241012982153,11.264980616438312,0.14472763111501116,94.22939929019736,73.60530007601578,-0.11755446414775601,-0.5719825792717594,-0.2461830455748707,-0.9635778731049301,-0.5815788011330838,-0.42330127077402907,0.6706204379562044,341,394,-7.363542337513708,-12.642404930775944,-0.10668531109368962,-0.4784565079913987,-0.8888465632719226,200.9578231292517,"{""stop"": 427, ""time"": 308}",0
DIAG_P0_LAT2,0,gross,752,735,1096,11.648185199809165,-37.006174513834615,166.04454893265668,0.3564625850340136,1.2261201252052545,2.2135680122980355,11.648185199809165,0.14474236988774378,93.8470800387671,73.29353871922176,0.23659391436967478,1.130397072141387,0.2864323578581749,1.0968916162718945,-0.23712369122428356,1.2079449184487125,0.6706204379562044,341,394,15.60918342662378,8.220011607566063,0.09527654066720613,0.43661316579774445,0.8041234346354772,199.9578231292517,"{""stop"": 427, ""time"": 308}",0
DIAG_P0_LAT2,0,rt5,752,735,1096,6.792218710181571,-41.104547983134374,166.0627468371037,0.35374149659863946,1.1243375452722033,2.054078207708833,11.648185199809165,0.14474236988774378,93.8470800387671,73.29353871922176,0.15396664574455166,0.4912404562792412,0.1423427864912925,0.6398849659807888,-0.2717505184531229,0.5237995029468424,0.6706204379562044,341,394,9.71592231300776,4.261805185908146,0.16285402895583567,0.7457143382464406,1.370509483870708,199.9578231292517,"{""stop"": 427, ""time"": 308}",0
DIAG_P0_LAT2,0,rt10,752,735,1096,1.7915098506662328,-46.113810160742204,166.0620823122666,0.34285714285714286,1.030950618042043,1.9759886845805825,11.648185199809165,0.14474236988774378,93.8470800387671,73.29353871922176,0.06883330548175497,0.03263711688781634,0.010752913156728994,0.1688195088339579,-0.3409098000010857,0.03154181298600025,0.6706204379562044,341,394,4.712020017151103,-0.7361398111899647,0.6137922773367038,2.8081528959322535,5.1576231133325114,199.9578231292517,"{""stop"": 427, ""time"": 308}",0
DIAG_P0_LAT2,0,rt20,752,735,1096,-8.209907868364446,-56.132334515957865,166.06078452924257,0.32789115646258504,0.8727698051741178,1.7889970280332543,11.648185199809165,0.14474236988774378,93.8470800387671,73.29353871922176,-0.10143337504383836,-0.5051105834605975,-0.20884368328052005,-0.7733542140778015,-0.5411647981950629,-0.3859151296926049,0.6706204379562044,341,394,-5.2957845745622105,-10.732029805386183,-0.132347936877226,-0.6044392999176161,-1.1086844906134872,199.9578231292517,"{""stop"": 427, ""time"": 308}",0
DIAG_P0_LAT2,0,rt30,752,735,1096,-18.21132558739513,-66.15085887117353,166.05952843589665,0.308843537414966,0.7447133254783446,1.6665831248590268,11.648185199809165,0.14474236988774378,93.8470800387671,73.29353871922176,-0.27170005556943166,-0.7629999138224512,-0.3808826192943924,-1.7127750321814692,-0.7629999138224512,-0.4991909073570657,0.6706204379562044,341,394,-15.30358916627552,-20.7279197995824,-0.05894759392428519,-0.2687310338810509,-0.49224656324239563,199.9578231292517,"{""stop"": 427, ""time"": 308}",0
DIAG_P0_LAT2,0,db,752,735,1096,0.1912830156213216,-47.716774057576714,166.0618718654763,0.3414965986394558,1.0032455748192097,1.9345452518426198,11.648185199809165,0.14474236988774378,93.8470800387671,73.29353871922176,0.04159063659766003,-0.08196574834970116,-0.028079093153017154,0.018025554472755077,-0.3682270317884867,-0.07625483934907328,0.6706204379562044,341,394,3.110771282476972,-2.3354822102613597,5.737711843895667,26.24322259449176,48.18982474283784,199.9578231292517,"{""stop"": 427, ""time"": 308}",0
DIAG_P0_LAT2,0,db_nonfee_x2,752,735,1096,-1.4089438194235857,-49.31973795441122,166.06166248592086,0.33741496598639453,0.976514967430882,1.9175918916888688,11.648185199809165,0.14474236988774378,93.8470800387671,73.29353871922176,0.014347967713565134,-0.18386527254856244,-0.06542507962989341,-0.13277043738841493,-0.3944161618570461,-0.16587829292250544,0.6706204379562044,341,394,1.5095225478028442,-3.934824609332752,-0.7774892953997732,-3.5550969958487366,-6.526773642648922,199.9578231292517,"{""stop"": 427, ""time"": 308}",0
DIAG_P0_LAT2,0,db_plus5,752,735,1096,-4.809425843894019,-52.72603623518454,166.06122109793716,0.3333333333333333,0.9227457078083559,1.8454914156167115,11.648185199809165,0.14474236988774378,93.8470800387671,73.29353871922176,-0.04354270366513665,-0.3644444710625936,-0.14010708914565984,-0.45315542753296395,-0.45767274001963076,-0.3061294171456449,0.6706204379562044,341,394,-1.8931310133796826,-7.33342720735947,-0.22684652769123045,-1.0366437936405888,-1.90231178331185,199.9578231292517,"{""stop"": 427, ""time"": 308}",0
DIAG_P0_LAT2,0,db_plus10,752,735,1096,-9.810134703409357,-57.735298412792375,166.0605807527359,0.32653061224489793,0.8504639590951596,1.7540819156337666,11.648185199809165,0.14474236988774378,93.8470800387671,73.29353871922176,-0.1286760439279333,-0.5600856311034534,-0.23926888388962864,-0.9239338007982859,-0.5759024114772745,-0.4154677582888891,0.6706204379562044,341,394,-6.89703330923634,-12.331372204457578,-0.11054652298588909,-0.5047270293727962,-0.9255897276700585,199.9578231292517,"{""stop"": 427, ""time"": 308}",0
