,realized,cycles,unrealized,equity,ret
2020-01-01,0.00032008192319432367,22,-0.00048300940045456877,-0.0001629274772602451,-0.0001629274772602451
2020-01-02,0.000410024787604974,26,-0.015654700384746378,-0.01492459367394708,-0.014761666196686835
2020-01-03,-0.020306254021991738,132,-0.00013269464968698193,-0.01970884196087942,-0.004784248286932339
2020-01-04,0.0006595970115576971,48,-0.00042968744500045076,-0.019346237744635193,0.0003626042162442264
2020-01-05,0.00021370589031616765,16,-0.00033531759599693476,-0.01903816200531551,0.00030807573931968327
2020-01-06,0.0010951843608762689,75,0.0,-0.017607660048442306,0.0014305019568732029
2020-01-07,0.0018565484648238807,126,0.0,-0.015751111583618426,0.0018565484648238803
2020-01-08,-0.038338355395882304,215,5.312832129250011e-05,-0.054036338658208234,-0.03828522707458981
2020-01-09,0.0019273734473938522,128,-0.011926730324004497,-0.06408882385611138,-0.010052485197903145
2020-01-10,0.0020894256245693205,145,0.0,-0.05007266790753756,0.014016155948573819
2020-01-11,0.0013157177537098416,81,-0.008448590451380439,-0.05720554060520816,-0.0071328726976706
2020-01-12,0.0009665027153415822,59,-0.000790526694312939,-0.048580974132799076,0.008624566472409084
2020-01-13,0.0005954636052977508,36,-0.0032167517210363516,-0.050411735554224735,-0.0018307614214256585
2020-01-14,0.0024111911922331595,173,0.0,-0.04478379264095522,0.0056279429132695125
2020-01-15,0.0008885550909230252,65,0.0,-0.0438952375500322,0.0008885550909230253
2020-01-16,0.0016338196312462227,119,-0.00017261357458357208,-0.042434031493369544,0.0014612060566626534
2020-01-17,0.0018724322120707226,121,-0.0017388125554085546,-0.0421277982621238,0.0003062332312457408
2020-01-18,0.0010761628588655202,69,-0.0016233197468782114,-0.04093614259472794,0.0011916556673958606
2020-01-19,-0.02218178231540914,139,-0.00010061470259267708,-0.06159521986585155,-0.020659077271123608
2020-01-20,0.0009536735082554956,69,-0.0008785372414892429,-0.06141946889649262,0.00017575096935892875
2020-01-21,0.0006703209836102491,48,0.0,-0.059870610671393126,0.0015488582250994948
2020-01-22,0.0004189461553672768,31,-0.00025247508690156445,-0.05970413960292741,0.00016647106846571363
2020-01-23,0.001127528071122068,72,-0.016767629341007655,-0.07509176578591144,-0.015387626182984025
2020-01-24,0.0007735932620175946,48,-0.013371800890312544,-0.07092234407319874,0.004169421712712701
2020-01-25,6.710128206303944e-05,4,-0.024024411016247374,-0.08150785291707052,-0.010585508843871785
2020-01-26,0.000748544452412721,48,-0.0020328812773855107,-0.05876777872579594,0.022740074191274585
2020-01-27,0.0008700581873022842,62,-0.0016334143186169927,-0.057498253579725135,0.0012695251460708018
2020-01-28,0.0016466177511462931,119,0.0,-0.05421822150996185,0.0032800320697632876
2020-01-29,0.0015313828398022915,101,-0.003381996855612221,-0.05606883552577177,-0.0018506140158099232
2020-01-30,0.0016094500833810587,110,-0.00020857006156086707,-0.05128595864833936,0.00478287687743241
2020-01-31,0.0012532370980493572,83,-0.00548040464791682,-0.055304556136645956,-0.004018597488306595
2020-02-01,0.0007933023471520066,54,-0.003933645572971007,-0.052964494714548144,0.0023400614220978125
2020-02-02,0.0009456798080952052,63,-0.00683943153143914,-0.05492460086492107,-0.0019601061503729256
2020-02-03,0.0012294603973316313,83,-0.004360518035034048,-0.05121622697118434,0.0037083738937367314
2020-02-04,0.0008958014862804185,55,-0.010208172428635701,-0.05616807987850557,-0.004951852907321232
2020-02-05,0.001326197642643702,88,-0.0016820734051418368,-0.046315783212368004,0.009852296666137565
2020-02-06,0.0014402589866575307,95,-0.0010780595523958414,-0.04427151037296448,0.0020442728394035256
2020-02-07,0.0008175235148057339,57,-0.00040506524724458085,-0.042780992553007484,0.001490517819956995
2020-02-08,0.0006542755132159817,46,-0.00026650216581746073,-0.04198815395836438,0.0007928385946431027
2020-02-09,0.0006670595048414126,44,1.6596388152193125e-05,-0.04103799589955332,0.0009501580588110597
2020-02-10,0.0004009349760244955,25,-0.013279089300325626,-0.05393274661200664,-0.012894750712453322
2020-02-11,0.0008944217940745639,61,-0.0008122459626128448,-0.0405714814802193,0.013361265131787342
2020-02-12,0.0009683179301863659,73,-2.0461969777753e-05,-0.038811379557197836,0.0017601019230214648
2020-02-13,0.0018296257497573173,130,-0.001469021211276535,-0.0384303130489393,0.00038106650825853877
2020-02-14,0.0010488333635715744,76,6.617311434023623e-05,-0.03584628535975096,0.002584027689188341
2020-02-15,0.0007035457199125443,47,-0.018415164043840505,-0.05362407679801915,-0.017777791438268194
2020-02-16,-0.035775702375982855,65,0.0,-0.0709846151301615,-0.017360538332142343
2020-02-17,0.0022299531457767832,145,-0.005973828008207694,-0.0747284899925924,-0.0037438748624309126
2020-02-18,0.0015274770255099964,104,-0.0007037748590616815,-0.0679309598179364,0.006797530174656008
2020-02-19,-0.03293764408865623,114,-0.0039748178842968235,-0.10413964693182776,-0.03620868711389136
2020-02-20,0.0019066474087688708,123,-0.0038525464744615084,-0.10211072811322357,0.002028918818604189
2020-02-21,0.0011247500746628643,78,-0.001525072267036234,-0.09865850383113542,0.0034522242820881482
2020-02-22,0.0003393535531127196,23,-0.0023600698891169105,-0.09915414790010338,-0.0004956440689679598
2020-02-23,0.00017745547472991448,13,0.0,-0.09661662253625655,0.0025375253638468265
2020-02-24,0.0013927712452408046,97,-0.002857394736859204,-0.09808124602787495,-0.001464623491618397
2020-02-25,0.0007054009164393711,45,-0.028512481986107823,-0.1230309323606842,-0.02494968633280925
2020-02-26,-0.06052912707199711,153,-0.0025304387706830706,-0.15757801621725656,-0.03454708385657236
2020-02-27,0.0026673983898969234,173,-0.0037893729153626824,-0.15616955197203924,0.0014084642452173168
2020-02-28,-0.03358777568371728,120,0.0,-0.18596795474039385,-0.029798402768354604
2020-02-29,0.00047411375641254205,36,-0.0016636172387531484,-0.18715745822273444,-0.0011895034823405926
2020-03-01,0.0016247099256836441,116,-0.001596409192975367,-0.18546554025127304,0.0016919179714613986
2020-03-02,0.0009844635802563786,70,-0.0002521553379426069,-0.18313682281598387,0.0023287174352891737
2020-03-03,0.0013024256281167967,85,-0.005987018231461284,-0.18756926008138575,-0.0044324372654018784
2020-03-04,0.0010052552194020714,64,-0.007043781176153648,-0.18762076780667605,-5.150772529030623e-05
2020-03-05,0.000481293270226686,34,0.0,-0.1800956933602957,0.007525074446380342
2020-03-06,0.00036360658368317323,23,-0.00016546610268350711,-0.17989755287929604,0.00019814048099967008
2020-03-07,0.0003798211751608788,24,-0.010044981138065526,-0.1893972467395172,-0.009499693860221148
2020-03-08,-0.06909969893828728,79,-0.00032893779889280706,-0.24878090233863176,-0.05938365559911457
2020-03-09,-0.03087206221927767,202,0.0,-0.27932402675901663,-0.03054312442038487
2020-03-10,0.0015557674595493409,101,-0.01015965402865375,-0.28792791332812107,-0.008603886569104435
2020-03-11,-0.03091793742894899,84,0.0,-0.3086861967284163,-0.02075828340029523
2020-03-12,-0.4861660164409388,678,-4.864579881761334e-05,-0.7949008589681728,-0.48621466223975646
2020-03-13,-0.26760448537692944,1400,0.0003549929257008798,-1.0621017056205837,-0.26720084665241095
2020-03-14,-0.06539417779458526,583,-0.003948311880287935,-1.1317991882211578,-0.06969748260057407
2020-03-15,-0.05229672358790854,411,-0.006274659727109688,-1.1864222596558882,-0.05462307143473044
2020-03-16,-0.11769512645770434,802,-0.0027744433177432594,-1.3006171697042261,-0.11419491004833793
2020-03-17,0.009558295710550105,553,-0.010711772629691483,-1.2989962033056244,0.0016209663986017642
2020-03-18,-0.03299832156737859,425,0.0,-1.3212827522433115,-0.022286548937687112
2020-03-19,0.020956326234578503,424,-0.01179114757358924,-1.3121175735823223,0.009165178660989204
2020-03-20,-0.08802491144915417,541,-0.0023171761626980814,-1.3906685136205854,-0.07855094003826313
2020-03-21,-0.05054229003554703,473,-0.0006484835066893923,-1.4395421110001236,-0.048873597379538225
2020-03-22,-0.04341121307206922,270,-0.0034504630724467174,-1.4857553036379503,-0.04621319263782664
2020-03-23,-0.0034095366165629573,441,0.0,-1.4857143771820664,4.092645588382737e-05
2020-03-24,-0.008799429483781485,342,-0.0004697493265136125,-1.4949835559923614,-0.009269178810294987
2020-03-25,-0.028681163118958228,230,0.0,-1.5231949697848062,-0.02821141379244474
2020-03-26,0.0013722460944356157,85,-0.0004902071560416017,-1.522312930846412,0.0008820389383941141
2020-03-27,-0.05526877627246141,106,-0.00015321459567084597,-1.577244714558503,-0.05493178371209084
2020-03-28,-0.03954429542720321,153,-0.0005694541161918537,-1.617205249506227,-0.03996053494772411
2020-03-29,-0.023224843497065075,84,-0.005872795466057536,-1.6457334343531578,-0.02852818484693076
2020-03-30,0.0023935696592099934,170,-0.005555266508309848,-1.6430223357362002,0.002711098616957619
2020-03-31,0.0023569877892318254,157,-0.004956139542856037,-1.6400662209815147,0.0029561147546854905
2020-04-01,-0.03245253125104381,72,0.0,-1.6675626126897023,-0.02749639170818763
2020-04-02,-0.026093752088975696,244,-0.0012122702482042895,-1.6948686350268822,-0.027306022337179936
2020-04-03,0.003069318705767221,206,-0.00887228355094582,-1.6994593296238565,-0.004590694596974254
2020-04-04,0.002845776898439161,189,-0.0011910502577635097,-1.688932319432235,0.0105270101916215
2020-04-05,0.0016862214258425714,113,-0.006113686708924791,-1.6921687344575538,-0.003236415025318795
2020-04-06,0.00240748160128014,167,0.0,-1.6836475661473487,0.008521168310205107
2020-04-07,0.0021405970790130246,138,-0.010821594573273672,-1.6923285636416094,-0.008680997494260767
2020-04-08,0.0020916120309662166,131,-0.001078179051387962,-1.6804935360887576,0.011835027552851818
2020-04-09,0.0014074880051762615,87,-0.004427626184273513,-1.6824354952164668,-0.0019419591277092252
2020-04-10,-0.030003459169640194,109,-0.0074091791529820854,-1.7154205073548154,-0.03298501213834859
2020-04-11,0.000725754808146399,44,-0.00605578351297346,-1.7133413569066607,0.002079150448154765
2020-04-12,0.0013588548148679481,93,-0.010018430476530275,-1.7159451490553495,-0.002603792148688777
2020-04-13,-0.034202272686559974,155,0.0,-1.7401289912653792,-0.024183842210029782
2020-04-14,0.0008943172093362998,61,-0.0024041388317232928,-1.7416388128877662,-0.0015098216223869976
2020-04-15,-0.021746402591511473,42,-0.0014384663086786638,-1.762419542956233,-0.020780730068466813
2020-04-16,0.002766637501349643,194,0.0,-1.758214439146205,0.0042051038100281435
2020-04-17,0.0008559495938973398,65,-0.0003547521674982485,-1.7577132417198058,0.0005011974263990915
2020-04-18,0.0005634353690264304,38,-0.00032139604002478746,-1.7571164502233059,0.0005967914964999377
2020-04-19,0.0010464273994261523,65,-0.006256590556363219,-1.762005217340218,-0.004888767116912218
2020-04-20,-0.02227782963001281,122,-0.01545127875312579,-1.7934777351669935,-0.031472517826775404
2020-04-21,0.0016224465766444993,100,-0.01291741321322645,-1.7893214230504495,0.004156312116543992
2020-04-22,0.0008165775789267802,55,0.0,-1.7755874322582963,0.013733990792153206
2020-04-23,0.0029546833588394612,103,-0.005168986077354653,-1.7778017349768116,-0.002214302718515304
2020-04-24,0.0011178392312975612,74,-0.0040741979859092396,-1.7755891076540684,0.002212627322743188
2020-04-25,0.0009532230819744689,65,-0.0034962879618322456,-1.7740579745480172,0.0015311331060512412
2020-04-26,0.0009738877564792605,70,0.0,-1.7695877988297055,0.004470175718311653
2020-04-27,0.0003685147501224952,28,0.0,-1.769219284079583,0.0003685147501224506
2020-04-28,6.486242917418946e-05,5,0.0,-1.769154421650409,6.486242917413954e-05
2020-04-29,0.0032232844207775806,224,-0.000226329003514124,-1.7661574662331454,0.002996955417263525
2020-04-30,-0.05272497986768666,275,-0.00592060120466549,-1.8245767183019836,-0.058419252068838246
2020-05-01,0.0027108373050567774,172,-0.007820672985289844,-1.8237659527775512,0.0008107655244324885
2020-05-02,0.0013344153797886645,89,-0.0012880719695278265,-1.8158989363820004,0.007867016395550763
2020-05-03,0.001996768834169699,136,-0.004505819782446992,-1.8171199153607498,-0.0012209789787493985
2020-05-04,0.0015974831608648035,102,-0.00577477159154087,-1.8167913840089789,0.000328531351770911
2020-05-05,0.002218410883229073,154,-0.0002709636168162238,-1.8090691651510253,0.0077222188579535445
2020-05-06,0.0022891242996918772,157,-0.008195003146844088,-1.8147040803813612,-0.00563491523033588
2020-05-07,0.002730999471065068,192,0.0,-1.803778077763452,0.010926002617909214
2020-05-08,0.0010960240973124952,82,-0.0006770850514483007,-1.8033591387175878,0.0004189390458642084
2020-05-09,0.0021347525266980595,142,-0.015326414533452716,-1.815873715672894,-0.012514576955306111
2020-05-10,-0.14554173135140944,329,-0.0019666244156936077,-1.9480556569065441,-0.13218194123365024
2020-05-11,-0.03256253213058949,333,-0.0008210552100120349,-1.9794726198314523,-0.03141696292490814
2020-05-12,0.0021137754092822513,146,-0.004530152793235774,-1.9810679420053938,-0.001595322173941538
2020-05-13,0.0017204565904593236,123,-0.00024929871726767674,-1.9750666313389664,0.006001310666427395
2020-05-14,0.0015839836813309406,107,-0.0023439912480614253,-1.9755773401884291,-0.0005107088494626932
2020-05-15,-0.013603705962701967,213,-0.02000521744422614,-2.0068422723472956,-0.0312649321588665
2020-05-16,0.001996846973248776,125,-0.013807250412138436,-1.9986474583419593,0.008194814005336282
2020-05-17,0.0011128748823226219,77,-7.564459644591979e-05,-1.983802977643944,0.01484448069801525
2020-05-18,0.0006931493724574218,44,-0.005694423332491981,-1.988728607007533,-0.004925629363588868
2020-05-19,-0.01866108833241438,52,-0.0017477621827432892,-2.0034430341901985,-0.01471442718266558
2020-05-20,-0.018968426494566842,90,-0.0014467269652021994,-2.0221104254672246,-0.018667391277026102
2020-05-21,-0.04124338044374359,166,-0.002388776006432073,-2.0642958549521984,-0.042185429484973724
2020-05-22,0.0016731820662522464,118,-0.00031793427811684495,-2.060551831157631,0.003744023794567397
2020-05-23,0.0006596867283676626,49,-0.00016857867273460106,-2.059742788823881,0.0008090423337501207
2020-05-24,0.0013231725155993421,89,-0.030987289156938075,-2.089238326792485,-0.029495537968604157
2020-05-25,0.0004127380005589493,25,-0.014486456554435484,-2.0723247561894236,0.016913570603061423
2020-05-26,0.0007210437562080559,44,-0.020435674578134253,-2.0775529304569145,-0.005228174267490893
2020-05-27,0.0011591583363033512,80,6.034156823165174e-05,-2.055897755974245,0.021655174482669626
2020-05-28,0.0009813913376731898,70,-9.64376140684314e-05,-2.055073143818872,0.0008246121553727725
2020-05-29,0.0010818413850679338,75,-0.0023105060935896685,-2.0562053709133252,-0.0011322270944531532
2020-05-30,0.0011087350973915083,79,0.0,-2.052786129722344,0.003419241190981026
2020-05-31,0.0010234376647053666,74,-0.003368391581444297,-2.055131083639083,-0.0023449539167388345
2020-06-01,0.0011796177302942587,84,-0.0007831708798231008,-2.0513662452071677,0.0037648384319153294
2020-06-02,-0.03212908488828034,95,-0.007162863383008365,-2.0898750225986333,-0.03850877739146563
2020-06-03,0.0009654909142136775,63,-0.0015787371131366092,-2.083325405414548,0.00654961718408531
2020-06-04,0.0009742367311835836,69,0.0,-2.0807724315702276,0.0025529738443204053
2020-06-05,0.0011808494726386516,86,-0.003568754909987474,-2.0831603370075764,-0.002387905437348792
2020-06-06,0.0006329077794220274,44,-0.001840601863979318,-2.0807992761821463,0.0023610608254300836
2020-06-07,0.001268467875013741,86,-0.0001364124969384393,-2.0778266189400916,0.002972657242054755
2020-06-08,0.0005558466662752246,41,3.5580264343575365e-05,-2.0770987795125344,0.0007278394275571642
2020-06-09,0.0006824026924441317,50,-1.3422022398352714e-05,-2.0764653791068324,0.0006334004057020337
2020-06-10,0.0005166212588458624,35,-0.0008348672302759506,-2.076770203055864,-0.00030482394903152965
2020-06-11,-0.03612078416395545,69,-0.00011186754133761568,-2.112167987530881,-0.03539778447501707
2020-06-12,0.0008239130110057076,54,-0.0010970343369271752,-2.112329241315465,-0.00016125378458387019
2020-06-13,0.0005482378604593533,35,-0.0008811373182814656,-2.1115651064363594,0.000764134879105427
2020-06-14,0.0004051270141144929,25,-0.006257705300748809,-2.116536547404712,-0.0049714409683527805
2020-06-15,-0.028182419313741908,83,-0.0004957021236599343,-2.1389569635413657,-0.022420416136653465
2020-06-16,0.0009138390860823355,65,-0.0006063487208494082,-2.1381537710524725,0.0008031924888931563
2020-06-17,0.0007810733181229356,52,-0.0022439139848090435,-2.139010262998309,-0.0008564919458367015
2020-06-18,0.0005349522606392143,35,-0.005913447837961032,-2.1421448445908218,-0.003134581592512564
2020-06-19,0.0007780481077912757,49,-0.011072184501751871,-2.1465255331468214,-0.004380688555999601
2020-06-20,0.00041776881144491034,26,-0.007578723112920477,-2.1426143029465448,0.003911230200276616
2020-06-21,0.000202255520122687,13,-0.012384884287169697,-2.1472182086006715,-0.0046039056541267165
2020-06-22,0.000513409611661699,36,0.0,-2.13431991470184,0.012898293898831348
2020-06-23,0.00011679085051269609,9,0.0,-2.1342031238513273,0.00011679085051286009
2020-06-24,0.0008808650659973844,57,-0.011607915713529168,-2.144930174498859,-0.010727050647531655
2020-06-25,-0.03797721577198091,34,0.0,-2.1712994745573106,-0.026369300058451728
2020-06-26,0.0008169330300381685,60,-0.00043465025044584296,-2.1709171917777184,0.0003822827795922912
2020-06-27,0.0012018651490004093,81,-0.005814595581131239,-2.175095271959403,-0.004178080181684862
2020-06-28,0.0006030228681622938,42,-0.0014825963906067038,-2.1701602499007167,0.004935022058686567
2020-06-29,0.0005139280807792209,37,-5.7810852525705315e-05,-2.168221536281856,0.0019387136188604437
2020-06-30,0.00038717035773574375,28,-0.0008774105036971116,-2.168653965575292,-0.00043242929343589864
2020-07-01,0.00024229021966354624,18,0.0,-2.1675342648519313,0.0011197007233607614
2020-07-02,0.0006024752952597977,42,-0.001705469263613119,-2.1686372588202847,-0.0011029939683533385
2020-07-03,0.00027322704923899886,19,-0.0026242733964290397,-2.1692828359038616,-0.0006455770835769314
2020-07-04,0.00019643707910102474,14,-0.0007640001968388062,-2.16722612562517,0.002056710278691476
2020-07-05,0.0003743849545447415,25,-0.0027876835025243277,-2.1688754239763113,-0.0016492983511411374
2020-07-06,0.00024407853557912733,18,0.0,-2.1658436619382075,0.003031762038103736
2020-07-07,1.2934007835694301e-05,1,0.0,-2.1658307279303717,1.293400783586307e-05
2020-07-08,0.0002273979142530177,15,-0.00014020121989406518,-2.165743531236013,8.719669435874877e-05
2020-07-09,0.0003453836741101578,22,-0.007119274467407272,-2.172377220809416,-0.0066336895734031565
2020-07-10,5.017111774299975e-05,3,-0.004541786599874385,-2.16974956182414,0.00262765898527606
2020-07-11,1.6723424635851325e-05,1,-0.007724736785435335,-2.1729157885850654,-0.0031662267609253725
2020-07-12,0.00025024040190720846,15,-0.003746434457934044,-2.168687245855657,0.004228542729408424
2020-07-13,0.00028182238507192187,17,-0.007173769925785409,-2.1718327589384363,-0.0031455130827793276
2020-07-14,6.772403262207482e-05,4,-0.006325191165230329,-2.1709164561452594,0.000916302793176893
2020-07-15,1.6931008155518705e-05,1,-0.010061375050516427,-2.17463570902239,-0.0037192528771305966
2020-07-16,-0.020251433847860354,13,-5.491495839170958e-05,-2.1848806827781257,-0.010244973755735742
2020-07-17,0.00014041400082807996,10,-0.0001809344394283018,-2.1848662882583345,1.4394519791238736e-05
2020-07-18,0.00010966813198049922,8,-0.00040709921012157505,-2.184982784897047,-0.0001164966387126043
2020-07-19,0.0001104530169656225,8,-3.905317891104713e-05,-2.1845042858488712,0.0004784990481758733
2020-07-20,6.873686992255745e-05,5,-0.0006138685298701373,-2.1850103643299077,-0.0005060784810364538
2020-07-21,0.00023568313906498542,16,-0.0002770779278419752,-2.1844378905888147,0.0005724737410930381
2020-07-22,0.00042881632023326845,28,-0.00012355125945774997,-2.1838555476001975,0.0005823429886171461
2020-07-23,0.00042854970265448014,31,-2.1596998606962036e-05,-2.183325043636692,0.0005305039635055131
2020-07-24,0.00038366377563718357,28,-0.0010233039082605427,-2.183943086770708,-0.0006180431340161441
2020-07-25,0.0002664046517367643,20,0.0,-2.182653378210711,0.0012897085599972158
2020-07-26,0.0008484902141780707,60,-0.001217191023337118,-2.18302207901987,-0.00036870080915907266
2020-07-27,0.0046932582778777855,233,-0.010896136000299903,-2.1880077657189547,-0.004985686699084724
2020-07-28,-0.03264018421674868,134,-0.007622505755291821,-2.2173743196906956,-0.029366553971740927
2020-07-29,0.002172705988315934,141,-0.005045259874289092,-2.212624367821377,0.004749951869318814
2020-07-30,0.0010660487837469972,66,-0.005063436719611075,-2.2115764958829516,0.00104787193842526
2020-07-31,0.0013697923275542332,94,-0.00045976196208871603,-2.205603028797875,0.0059734670850764005
2020-08-01,0.0020820056756494145,144,-0.0002493892106788228,-2.203310650370816,0.002292378427059205
2020-08-02,-0.04473917199731187,109,-0.009080166427313366,-2.256880599584762,-0.05356994921394609
2020-08-03,0.0012633094332727066,79,-0.005386465814383472,-2.25192358953856,0.004957010046202193
2020-08-04,0.0010099468836300518,62,-0.008000800435954723,-2.253527977276501,-0.0016043877379412486
2020-08-05,0.0010412569502418418,73,0.0,-2.2444859198903044,0.009042057386196678
2020-08-06,0.0008800311246288481,59,-0.0014736201120175679,-2.2450795088776934,-0.0005935889873889266
2020-08-07,-0.018024290377739418,58,6.062954372022324e-05,-2.261569549599695,-0.016490040722001442
2020-08-08,0.0002362827443388908,18,0.0,-2.2613938963990763,0.00017565320061851963
2020-08-09,0.0002098337669937357,16,0.0,-2.2611840626320827,0.00020983376699357237
2020-08-10,0.0016141307499878172,109,-0.0023934395778791016,-2.261963371459974,-0.0007793088278913451
2020-08-11,-0.03825687190416149,109,-0.0030222708511080075,-2.300849074637364,-0.03888570317739015
2020-08-12,0.0012569209752714605,87,-7.297747554268389e-05,-2.2966428602865276,0.004206214350836568
2020-08-13,0.0010953815415847329,79,0.0,-2.2954745012694002,0.0011683590171274183
2020-08-14,0.0009528035545764652,61,-0.0006225701220458676,-2.2951442678368696,0.00033023343253058
2020-08-15,0.0011960789722071,82,-0.0013680224522240525,-2.2946936411948404,0.0004506266420292171
2020-08-16,0.0008182031937136423,55,-0.00046860637951309596,-2.292976021928416,0.0017176192664245526
2020-08-17,0.0012459623763082742,85,-0.0027206638366765058,-2.293982117009271,-0.0010060950808550295
2020-08-18,-0.02602010381477943,79,-0.001617589624763454,-2.3188991466121376,-0.02491702960286668
2020-08-19,0.0018497520857681698,119,-0.008993239108028257,-2.324425044009634,-0.0055258973974963155
2020-08-20,0.0006466532209892828,42,-0.0045408235550292615,-2.319325975235645,0.005099068773988691
2020-08-21,0.0007171425076236873,45,-0.02656714540215392,-2.3406351545751463,-0.02130917933950105
2020-08-22,0.00011768756684534418,7,-0.015447899078919927,-2.329398220685067,0.011236933890079293
2020-08-23,0.0002659275966154943,16,-0.016572648512739437,-2.330257042522271,-0.0008588218372040934
2020-08-24,0.00036415040621276974,23,-0.009713031189493493,-2.323033274792812,0.007223767729458874
2020-08-25,-0.044637277490351915,59,-0.0013613166321202038,-2.359318837725791,-0.0362855629329788
2020-08-26,0.0008474547279339799,58,-0.0004779732241147286,-2.3575880395898516,0.0017307981359393487
2020-08-27,0.0011643511077758374,77,-0.0049679530812111105,-2.360913668339172,-0.0033256287493204084
2020-08-28,0.0006403021705091422,45,-0.0002146152178335943,-2.3555200283052855,0.0053936400338865376
2020-08-29,0.0002446125919913581,18,-0.0011901999571769563,-2.3562510004526374,-0.0007309721473518493
2020-08-30,0.00011833756733288601,9,0.0,-2.3549424629281277,0.0013085375245096564
2020-08-31,0.0,0,0.0,-2.3549424629281277,0.0
2020-09-01,0.0008085631408138243,58,-0.0009310294166459069,-2.35506492920396,-0.0001224662758323447
2020-09-02,-0.037161169296653994,100,-0.000819448569062753,-2.3921145176530305,-0.03704958844907047
2020-09-03,-0.09250589501830908,194,-0.000636563199010745,-2.4844375273012873,-0.09232300964825679
2020-09-04,0.002934343042391898,205,-0.003253521898608654,-2.4841201429584934,0.000317384342793936
2020-09-05,-0.010891508772410406,247,-0.0031776744501886564,-2.4949358042824836,-0.010815661323990255
2020-09-06,0.002124275903627938,142,-0.0008087130445903195,-2.4904425669732575,0.004493237309226128
2020-09-07,0.0019356247914057575,126,-9.341014379964557e-05,-2.487791639281061,0.0026509276921964364
2020-09-08,0.0021788948734275033,138,-0.009112537590146777,-2.4946318718539806,-0.006840232572919547
2020-09-09,0.0011548291391385497,76,-0.0038767696677734784,-2.488241274792469,0.0063905970615114605
2020-09-10,0.0013122206670052553,95,-0.00052149184548908,-2.4835737763031798,0.004667498489289379
2020-09-11,0.0005274245077063795,38,-2.6211270157043238e-05,-2.4825510712201413,0.0010227050830384776
2020-09-12,0.00018803255051573687,14,0.0,-2.4823368273994686,0.00021424382067269931
2020-09-13,0.00047532304163862835,34,-0.0004750067347078434,-2.4823365110925377,3.163069308698141e-07
2020-09-14,0.0009612183786808107,68,-0.0005644718730964877,-2.4814647578522457,0.0008717532402919836
2020-09-15,0.0010818066752861742,79,-0.00031800460596828416,-2.480136483909831,0.0013282739424145262
2020-09-16,0.0007363972491191265,50,-0.0018893554344212632,-2.480971437489165,-0.0008349535793339413
2020-09-17,0.00039624462744572756,24,-0.002230912859710891,-2.480916750287009,5.468720215606737e-05
2020-09-18,0.0004930606520547967,30,-0.0027333928748152774,-2.4809261696500586,-9.419363049545382e-06
2020-09-19,0.0005700093183755308,37,-0.001124463693112611,-2.4787472311499803,0.0021789385000783312
2020-09-20,0.0003435876716911103,21,-0.0067345501665614545,-2.4840137299517377,-0.0052664988017574466
2020-09-21,-0.02448136299859432,45,-0.0073576990305155195,-2.5091182418142863,-0.025104511862548584
2020-09-22,0.0006613236255876974,40,-0.0023276676176634714,-2.5034268867758467,0.005691355038439649
2020-09-23,-0.019673643769876927,30,-0.0004229101182451971,-2.5211957730463053,-0.017768886270458584
2020-09-24,0.0009034503257403262,64,-0.00015589331760781585,-2.5200253059199276,0.0011704671263776945
2020-09-25,0.0007715202747368775,52,-0.0008028828831154744,-2.519900775210698,0.00012453070922946452
2020-09-26,0.0004555495459790226,32,-0.0008485655057039777,-2.519490908287308,0.00040986692339028963
2020-09-27,0.000479187529602613,33,-0.0001980224537034768,-2.518361177705705,0.001129730581602928
2020-09-28,0.0002309745671328383,17,-0.002289861914676801,-2.520222042599545,-0.0018608648938402972
2020-09-29,0.0004907886371910505,35,-3.8431510782977084e-05,-2.5174798235584603,0.002742219041084848
2020-09-30,0.0004367324728457519,31,-0.0007445442522767581,-2.5177492038271083,-0.0002693802686479785
2020-10-01,0.000822896104013188,55,-0.005419173744005807,-2.5216009372148243,-0.0038517333877159388
2020-10-02,0.0010036267965772448,62,-0.007806917963992228,-2.5229850546382337,-0.0013841174234094922
2020-10-03,0.00017471777151299405,11,-0.009437033685020198,-2.524440452587749,-0.0014553979495151026
2020-10-04,0.0001978348163608382,13,-0.0035944438754096286,-2.518400027961777,0.006040424625971763
2020-10-05,0.0002581532346518555,18,-0.00045573580556223766,-2.5150031666572783,0.0033968613044987883
2020-10-06,0.0004721151328953403,32,-0.006919176139180495,-2.520994491858001,-0.0059913252007226525
2020-10-07,0.00021331572903527353,14,-0.00401556366608094,-2.517877563655866,0.0031169282021350497
2020-10-08,0.00039231771866233374,27,0.0,-2.513469682271123,0.004407881384743018
2020-10-09,0.00020874048411643367,14,-0.00024930943111206594,-2.5135102512181184,-4.056894699555613e-05
2020-10-10,0.0002854572865708647,21,2.0697712540001945e-05,-2.512954786787896,0.0005554644302225853
2020-10-11,9.130837227374601e-05,7,0.0,-2.512884176128162,7.061065973390512e-05
2020-10-12,0.0005822446336466328,41,-0.001968281945576413,-2.5142702134400916,-0.0013860373119296554
2020-10-13,0.0007248660977865126,46,-0.005514636696366729,-2.5170917020930954,-0.002821488653003801
2020-10-14,0.00048201879159986657,30,-0.005214503895827711,-2.516309550500957,0.0007821515921384581
2020-10-15,0.0007453414998044289,47,-0.00337335749438389,-2.5137230625997087,0.002586487901248269
2020-10-16,0.0006283133056039843,38,-0.012008537871630354,-2.521729929671351,-0.008006867071642443
2020-10-17,0.00024940671811963193,15,-0.009633904392041176,-2.5191058894736424,0.002624040197708677
2020-10-18,0.00021998531443314897,14,-0.0034502207302442496,-2.5127022204974123,0.006403668976230126
2020-10-19,0.0004761065391853149,34,-9.264611063855465e-06,-2.5087851578390463,0.0039170626583659995
2020-10-20,0.0005898129195844767,40,-0.0011844790665084424,-2.509370559374907,-0.000585401535860619
2020-10-21,0.0014502676503549733,102,-0.006820972791136396,-2.51355678544918,-0.004186226074272881
2020-10-22,0.0018411103190286732,118,-0.004136269421449133,-2.5090309717604637,0.004525813688716074
2020-10-23,0.0009124231114846923,57,-0.005874089340828223,-2.509856368568358,-0.0008253968078943963
2020-10-24,0.0006133053814132239,41,-0.0006471729630898367,-2.504016146809207,0.00584022175915111
2020-10-25,0.0009069977475473362,61,-0.003729370305573497,-2.5061913464041434,-0.0021751995949363945
2020-10-26,0.001302623474415991,86,-0.004707677603715302,-2.505867030227869,0.00032431617627448617
2020-10-27,0.0011503055505714145,79,-0.0015521431963875058,-2.5015611902699697,0.004305839957899238
2020-10-28,-0.04298631498959673,146,0.0,-2.542995362063179,-0.041434171793209185
2020-10-29,0.0013471916860095271,93,-0.002014932565252916,-2.543663102942422,-0.0006677408792432615
2020-10-30,0.00125996400358575,80,-0.0006097371145410241,-2.540997943488124,0.002665159454298127
2020-10-31,0.0013713995768248055,99,-0.00019970495101690873,-2.5392165117477754,0.0017814317403486157
2020-11-01,0.0008852935365719979,65,-0.00043390966208974307,-2.538565422922276,0.0006510888254993574
2020-11-02,0.001372023012580008,90,-0.005254200507684916,-2.542013690755291,-0.003448267833014995
2020-11-03,0.0016679515480114235,110,0.0,-2.5350915386995947,0.006922152055696351
2020-11-04,0.0017959466922215798,125,-0.0008105683860773101,-2.5341061603934505,0.0009853783061442023
2020-11-05,0.0024097377591085004,172,-0.0007812314760309467,-2.5316670857242958,0.002439074669154717
2020-11-06,0.0031325429019560137,221,-0.0009426879438284337,-2.5286959992901368,0.002971086434158998
2020-11-07,-0.04008154544812616,213,-0.0030317602366665636,-2.570866617031101,-0.0421706177409642
2020-11-08,0.0018128844096853296,127,-0.0016461355809703616,-2.5676681079657198,0.0031985090653812165
2020-11-09,0.0027048127738889495,178,-0.009034034627305058,-2.5723511942381654,-0.004683086272445625
2020-11-10,0.00145926120811825,92,-0.010444631386989785,-2.5723025297897317,4.866444843365514e-05
2020-11-11,0.001283286100363612,91,-0.00019487303859428305,-2.5607694853409724,0.011533044448759355
2020-11-12,0.002288721724568232,153,-0.00015757744607112638,-2.558443468023881,0.0023260173170913667
2020-11-13,0.0013478433846500764,97,-0.00018723355807550045,-2.5571252807512352,0.0013181872726457655
2020-11-14,0.0013661518111813416,88,-0.004861892791301539,-2.5604337881732797,-0.003308507422044471
2020-11-15,0.000992056590672643,64,-0.008944228883616623,-2.5635240676749222,-0.0030902795016425344
2020-11-16,0.0013484647364225316,93,-0.0012369748883528724,-2.554468348943236,0.009055718731686202
2020-11-17,0.0020618954392133777,144,-0.0011844647744043988,-2.5523539433900746,0.002114405553161447
2020-11-18,-0.04323516882405085,237,-5.101568555441982e-05,-2.594455663125275,-0.042101719735200493
2020-11-19,0.00221447017500506,152,-0.005969446150326889,-2.5981596234150426,-0.003703960289767494
2020-11-20,0.001764136252400731,119,0.0,-2.590426041012315,0.007733582402727368
2020-11-21,0.0016474676852692512,102,-0.0025714911432310516,-2.591350064470277,-0.0009240234579617201
2020-11-22,-0.01642593580266486,88,-0.00047102398258987,-2.6056755331123007,-0.014325468642023775
2020-11-23,0.0020922247222943204,150,-0.0009720528364192812,-2.604084337243836,0.0015911958684649008
2020-11-24,0.002890367715456635,205,-0.0005548533009457441,-2.6007767699929056,0.003307567250930177
2020-11-25,0.0027250053936741063,188,-0.009165449833826177,-2.606662361132112,-0.00588559113920617
2020-11-26,-0.09031408453757594,356,0.0,-2.6878109958358616,-0.08114863470374978
2020-11-27,-0.01807595457614998,218,0.0,-2.7058869504120118,-0.01807595457615019
2020-11-28,0.0009680554754870628,72,3.718644928181748e-05,-2.704881708487243,0.0010052419247688071
2020-11-29,0.001798817647509224,122,-0.0013445323857723165,-2.7044646096747877,0.00041709881245521885
2020-11-30,0.002396154681825682,158,-0.0009586589989466728,-2.7016825816061365,0.0027820280686512433
2020-12-01,-0.028546198023115647,228,-0.014756908530369909,-2.744027029160675,-0.0423444475545387
2020-12-02,-0.017431974324295482,167,0.0,-2.746702094954601,-0.002675065793925846
2020-12-03,0.001389591744845267,93,-0.001109571580408184,-2.746422074790164,0.00028002016443684496
2020-12-04,-0.027334402738277246,48,-0.0007262205116835283,-2.7733731264597163,-0.02695105166955214
2020-12-05,0.0005586912650595112,40,0.0,-2.7720882146829733,0.0012849117767430585
2020-12-06,0.0008315134644734342,52,-4.318995947653701e-05,-2.7712998911779763,0.0007883235049970239
2020-12-07,0.0007895520073870532,50,-0.002186875453156922,-2.77265402466427,-0.0013541334862936516
2020-12-08,-0.026446206049712265,29,-0.004720101483968244,-2.8016334567447934,-0.02897943208052345
2020-12-09,0.00224305882178946,145,-0.0008320949443145979,-2.79550239138335,0.006131065361443255
2020-12-10,0.0015269410011690995,99,-0.006242346124233246,-2.7993857015620995,-0.003883310178749433
2020-12-11,-0.03779913131693417,44,0.0,-2.8309424867548008,-0.03155678519270122
2020-12-12,0.0006675537249510167,46,0.0,-2.8302749330298496,0.0006675537249511976
2020-12-13,0.0009153488671984785,64,-0.0019409296443347829,-2.8313005138069856,-0.0010255807771359926
2020-12-14,0.0009058782515707172,62,-0.0006852359716350825,-2.8291389418827153,0.0021615719242702447
2020-12-15,0.001005043969927817,73,-0.00014184009275397676,-2.8275905020339067,0.0015484398488085915
2020-12-16,0.003051831134989862,115,0.0,-2.8243968308061627,0.003193671227744055
2020-12-17,-0.01762253296048966,368,-0.0019112481319171616,-2.8439306118985694,-0.019533781092406777
2020-12-18,0.002429277246630691,174,0.0,-2.8395900865200217,0.004340525378547788
2020-12-19,0.0022274828134914763,159,-0.0008625623246085283,-2.8382251660311386,0.0013649204888830369
2020-12-20,0.002704037878760363,182,-0.005450447653550877,-2.840109013481321,-0.00188384745018233
2020-12-21,-0.031146079475551678,196,-0.0009842395609626806,-2.866788884864284,-0.02667987138296324
2020-12-22,0.002729211462669919,191,5.6817795981180153e-05,-2.8630186160446707,0.0037702688196135092
2020-12-23,0.0037016150722929265,249,-0.009964103721032814,-2.8693379224893913,-0.006319306444720674
2020-12-24,0.0018979098088134395,119,-0.0014444621194520152,-2.8589203710789968,0.010417551410394577
2020-12-25,0.00234288209389848,156,3.1897906593845565e-05,-2.8551011289590527,0.0038192421199441107
2020-12-26,0.002817746509002915,197,-0.001878078210528303,-2.854193358567172,0.0009077703918807245
2020-12-27,-0.04500275688788874,297,-0.0035450787923216515,-2.9008631160368537,-0.046669757469681716
2020-12-28,0.003354159700268298,212,-0.002623110663798973,-2.8965869882080626,0.004276127828791054
2020-12-29,-0.02121527724594173,136,0.0,-2.9151791547902053,-0.01859216658214269
2020-12-30,0.0024263980736457364,163,-0.0002702406153954323,-2.913022997331955,0.002156157458250263
2020-12-31,0.0034627643368042127,243,-0.0004137533391178397,-2.909703745718873,0.003319251613082219
2021-01-01,0.0007996308819482915,60,0.0,-2.908490361497807,0.0012133842210659829
2021-01-02,-0.04506883523249308,278,-0.000279256849625206,-2.953838453579925,-0.0453480920821181
2021-01-03,-0.018734791398081804,354,-0.0038723997901708492,-2.976166387918553,-0.022327934338628008
2021-01-04,-0.1375760390784406,494,0.0,-3.1098700272068225,-0.13370363928826956
2021-01-05,-0.03211721875618223,419,-9.706983933979423e-06,-3.141996952946939,-0.03212692574011644
2021-01-06,-0.013426818031702438,387,0.0,-3.1554140639947073,-0.013417111047768326
2021-01-07,-0.02809431042919781,415,-0.0016854148439642475,-3.1851937892678692,-0.029779725273161972
2021-01-08,-0.04703183647097802,531,0.0,-3.230540210894883,-0.04534642162701363
2021-01-09,0.00437820881535662,290,-0.010624982119144422,-3.2367869841986705,-0.006246773303787645
2021-01-10,-0.0893015562383934,396,-0.004508734369358142,-3.319972292687278,-0.08318530848860739
2021-01-11,-0.241409555596561,1011,-0.00019495969906774523,-3.5570680736135487,-0.23709578092627082
2021-01-12,-0.05075072873817563,534,-0.007694393459042081,-3.6153182361116984,-0.05825016249814974
2021-01-13,-0.0268786442525328,465,-0.001489756891671165,-3.63599224379686,-0.020674007685161477
2021-01-14,0.00487584206068923,328,-0.006879309071411358,-3.636505953915911,-0.0005137101190508808
2021-01-15,-0.0903291533906987,414,0.0,-3.7199557982351985,-0.0834498443192877
2021-01-16,-0.04717644345974472,280,-0.0017346211846207154,-3.768866862879564,-0.04891106464436534
2021-01-17,-0.03263543200662482,321,-0.003554811182703296,-3.8033224848842715,-0.03445562200470764
2021-01-18,-0.019163687646794825,216,0.0,-3.818931361348363,-0.01560887646409137
2021-01-19,0.0038088820961014237,250,-0.030220727234065135,-3.845343206486327,-0.02641184513796402
2021-01-20,-0.08519939373093378,241,-4.9036033642452074e-06,-3.9003267765865597,-0.054983570100232804
2021-01-21,-0.0982568821507238,409,-0.001382793859257238,-3.9999615489931766,-0.09963477240661689
2021-01-22,-0.05333772013573729,440,-0.008624558659436591,-4.060541033929093,-0.06057948493591647
2021-01-23,-0.03753518762318713,239,-0.0011633851422629552,-4.090615048035107,-0.03007401410601407
2021-01-24,0.002131797815444392,149,-0.00019631286875560806,-4.0875161779461555,0.0030988700889515997
2021-01-25,-0.014048843404892744,195,-0.015953463594992102,-4.117322172077285,-0.029805994131129054
2021-01-26,-0.027105856971999034,328,0.0,-4.128474565454291,-0.011152393377006575
2021-01-27,-0.04892947844526191,340,-3.249192952096359e-05,-4.177436535829075,-0.04896197037478345
2021-01-28,0.0037644236301077726,255,6.222466658811158e-06,-4.173633397802787,0.0038031380262877335
2021-01-29,-0.08752399111824984,582,-0.002767204157950928,-4.2639308155456455,-0.0902974177428586
2021-01-30,0.00513078163885225,339,-0.0025335076810774257,-4.25856633742992,0.005364478115725824
2021-01-31,-0.03706628362056052,221,-0.00018579063337821546,-4.293284904002781,-0.03471856657286132
2021-02-01,0.0031221654119556567,203,-0.013883078997539282,-4.303860026954986,-0.010575122952205085
2021-02-02,0.0033824650457470753,220,-0.003081649896509928,-4.28967613280821,0.014183894146776233
2021-02-03,0.0021018808622103144,151,1.8489195911941152e-05,-4.2844741128535775,0.00520201995463232
2021-02-04,-0.018456029424167165,213,-0.003920956613833339,-4.3068695880874905,-0.022395475233913054
2021-02-05,0.00180166066803316,130,0.0,-4.301146970805624,0.00572261728186696
2021-02-06,0.002820204153380852,198,-0.02073292700614731,-4.31905969365839,-0.017912722852766017
2021-02-07,-0.03664824783693254,222,-0.0012784939971595601,-4.336253508486335,-0.017193814827945353
2021-02-08,0.009543982244097663,335,-0.00012405661712119997,-4.325555088862199,0.01069841962413598
2021-02-09,-0.01235086081194771,401,-0.0018462286674469008,-4.3396281217244725,-0.014073032862273571
2021-02-10,-0.039161397690927684,282,-0.00011582118380680902,-4.377059111931759,-0.03743099020728646
2021-02-11,0.0039846203394463394,267,-0.0029667592546572044,-4.375925429663163,0.0011336822685956705
2021-02-12,0.003541979444091651,224,-0.014291159474075965,-4.3837078504384905,-0.0077824207753272034
2021-02-13,0.0011731382224766714,72,-0.01629330153168753,-4.384536854273626,-0.0008290038351352891
2021-02-14,0.0023921065475281805,169,-0.0014315257382791393,-4.367282971932688,0.017253882340937388
2021-02-15,-0.03707483971510131,182,-0.003712030389636996,-4.406638316299148,-0.03935534436645938
2021-02-16,0.003087076084982805,195,-0.009222399268014478,-4.409061609092543,-0.0024232927933951487
2021-02-17,0.002158568554564469,150,-0.0010828760010460098,-4.39876351727101,0.010298091821533184
2021-02-18,0.0018006975251338105,120,-0.005120516870673169,-4.401000460615503,-0.002236943344493092
2021-02-19,0.0025479162773183726,176,0.0,-4.393332027467511,0.0076684331479919265
2021-02-20,-0.027607063095214664,147,0.0,-4.420939090562726,-0.02760706309521499
2021-02-21,0.001920159492506265,137,-6.746733253906479e-05,-4.419086398402759,0.0018526921599670843
2021-02-22,-0.12203253661461826,419,-0.0035676740474426356,-4.544619141732281,-0.12553274332952213
2021-02-23,-0.1865697651358761,813,0.00011679241330882319,-4.727504440407405,-0.18288529867512437
2021-02-24,-0.03496809948876259,354,0.0,-4.762589332309476,-0.03508489190207076
2021-02-25,-0.03972486913526855,301,-0.015421664584440343,-4.817735866029185,-0.05514653371970901
2021-02-26,-0.07739353284413104,485,-0.002586213417821349,-4.882293947706697,-0.06455808167751176
2021-02-27,-0.02342916395714432,181,-0.0006204419095432747,-4.903757340155563,-0.02146339244886608
2021-02-28,-0.03106957348174216,315,-0.0036605616326536496,-4.9378670333604155,-0.034109693204852576
2021-03-01,0.0029894451760476325,213,-0.00027007009956894827,-4.931487096651284,0.006379936709131506
2021-03-02,-0.021130230223165233,236,-5.879996248098421e-05,-4.952406056737361,-0.0209189600860773
2021-03-03,0.003079881719640641,201,-0.02103179717398223,-4.970299172229222,-0.017893115491860456
2021-03-04,-0.030810434502319132,238,-0.01608405513139667,-4.996161864688955,-0.02586269245973316
2021-03-05,-0.03063026401004174,282,-0.0024334010008235023,-5.013141474568424,-0.016979609879468782
2021-03-06,-0.019878013985672956,102,-0.0003466032018435639,-5.030932690755117,-0.017791216186693326
2021-03-07,0.0020985418714423386,138,-0.001287940515627327,-5.029775486197459,0.0011572045576579981
2021-03-08,0.002655073545958936,174,0.0,-5.025832472135873,0.0039430140615861475
2021-03-09,0.0022473707485990676,163,0.0,-5.023585101387273,0.0022473707485994865
2021-03-10,-0.014232984120318442,173,-0.0023678361779923495,-5.040185921685584,-0.01660082029831056
2021-03-11,0.0032543667425526603,222,-0.0006254732368977643,-5.035189192001937,0.004996729683647061
2021-03-12,-0.01864011273706955,125,0.0,-5.053203831502109,-0.018014639500171903
2021-03-13,0.002215129759037298,156,-0.0009965132980526066,-5.051985215041125,0.001218616460984201
2021-03-14,-0.016811388589277106,54,-0.0018302685503414056,-5.06963035888269,-0.017645143841565236
2021-03-15,-0.04561423491562331,303,-0.009563960523833372,-5.122978285771806,-0.05334792688911616
2021-03-16,-0.03550607922633642,259,0.00020540175691894847,-5.14871500271739,-0.025736716945583993
2021-03-17,0.003222841687066333,212,1.7831346597770676e-05,-5.145679731440644,0.0030352712767456325
2021-03-18,0.0024810421328572588,171,-0.00825583567676334,-5.151472356331148,-0.005792624890503362
2021-03-19,0.002527926163601625,174,-0.0057404895973632375,-5.146429084088146,0.0050432722430020505
2021-03-20,0.0016183406296597072,116,-0.004748117575056097,-5.143818371436179,0.0026107126519665513
2021-03-21,-0.04672238212577431,97,-0.0018781740831351282,-5.187670810070033,-0.04385243863385391
2021-03-22,-0.02504160465360104,151,-0.013325729708603106,-5.224159970349102,-0.03648916027906868
2021-03-23,-0.023011345382168136,158,-0.007958697825368,-5.241804283848035,-0.01764431349893325
2021-03-24,-0.04028266922085215,163,-0.005923553828837733,-5.280051809072358,-0.03824752522432284
2021-03-25,-0.01952185865277836,265,-0.0012152517869650453,-5.294865365683263,-0.01481355661090511
2021-03-26,0.001929386417794485,135,0.0,-5.291720727478504,0.003144638204759076
2021-03-27,0.0016525384411989331,108,-0.0027390371501939082,-5.292807226187499,-0.0010864987089949096
2021-03-28,0.0018292814702098154,126,-0.003020237165855704,-5.291259144732951,0.0015480814545476562
2021-03-29,0.002349266196693848,158,-0.0025405076570369483,-5.288430149027438,0.00282899570551276
2021-03-30,0.0011269295994435803,80,-0.00010444572236701567,-5.284867157493324,0.0035629915341139906
2021-03-31,0.0017463716448923184,125,-0.00011468242617374057,-5.283131022552239,0.0017361349410851545
2021-04-01,0.0009583294301700299,72,-0.00014887845832546037,-5.282206889154221,0.0009241333980183342
2021-04-02,0.0010146741179660932,65,-0.00521533117834283,-5.286258667756272,-0.0040517786020508595
2021-04-03,-0.01727687042308467,63,-0.0037082058221354296,-5.302028412823149,-0.015769745066877228
2021-04-04,0.001433623116739058,94,-0.00012837026632812076,-5.297014954150602,0.005013458672546989
2021-04-05,0.0011345410976493764,78,0.0,-5.295752042786624,0.0012629113639777145
2021-04-06,0.0011285618425907018,81,-0.0021516294371198355,-5.296775110381153,-0.0010230675945290812
2021-04-07,0.001586012654299382,103,-0.0268342531717011,-5.3198717214614355,-0.02309661108028216
2021-04-08,0.0011977144650576637,77,-0.0016335561834334654,-5.29347331000811,0.02639841145332511
2021-04-09,0.0009473147901875756,68,-0.0018345016073210763,-5.29272694064181,0.0007463693663005699
2021-04-10,0.0013524158454406542,89,-0.008336145037279273,-5.297876168226328,-0.005149227584517746
2021-04-11,0.0012835115358080583,78,-0.005395019264854025,-5.293651530918094,0.004224637308233525
2021-04-12,0.0015974547936591825,100,-0.00855223093726875,-5.29521128779685,-0.001559756878755536
2021-04-13,0.0014195019729409239,95,-0.00012949411298210142,-5.285369048999622,0.009842238797227232
2021-04-14,0.002770477616991477,188,-0.007328767299962613,-5.289797844569612,-0.004428795569989319
2021-04-15,0.0016434437149967522,106,-0.005556624865500062,-5.2863822584201525,0.0034155861494591377
2021-04-16,-0.03785996359642717,112,-0.0007115470679201832,-5.319397144218999,-0.03301488579884637
2021-04-17,0.0013624257075936057,93,-0.011931606604400803,-5.329254778047886,-0.00985763382888738
2021-04-18,-0.10716199789609092,364,-0.001031095869949827,-5.4255162652095255,-0.09626148716163918
2021-04-19,0.0029253799569567735,200,-0.006218660857761826,-5.427778450240381,-0.0022621850308555125
2021-04-20,-0.038447991148609785,177,-0.0004439539289497408,-5.460451734460179,-0.03267328421979787
2021-04-21,0.0026856150918570633,176,-0.027667807737736,-5.484989973177108,-0.024538238716929506
2021-04-22,-0.06877690399273638,287,-0.0016252441111260201,-5.527724313543234,-0.04273434036612578
2021-04-23,-0.03481990609356835,413,-0.0001402854733752192,-5.561059260999053,-0.033334947455818664
2021-04-24,-0.018230193258320596,114,7.009073036349223e-05,-5.579079078053634,-0.01801981705458111
2021-04-25,-0.04210932596481963,130,-9.896829729951148e-05,-5.621357463046117,-0.04227838499248282
2021-04-26,0.002797277170482131,191,-0.00048310671832502643,-5.61894432429666,0.0024131387494570333
2021-04-27,0.0011945753234924126,86,0.0,-5.617266642254842,0.0016776820418176186
2021-04-28,0.0011876843843766842,86,-0.008711819099250237,-5.624790776969716,-0.007524134714874009
2021-04-29,-0.024127574691954142,119,-0.005022188297876941,-5.645228720860297,-0.020437943890581067
2021-04-30,0.001815829146946413,129,0.0,-5.638390703415474,0.006838017444823485
2021-05-01,0.0011696092393279694,72,-0.001899609696784202,-5.63912070387293,-0.0007300004574561925
2021-05-02,-0.013968801398224245,65,-0.001601792308340749,-5.6527916878827105,-0.013670984009780618
2021-05-03,0.0013248559806849193,86,-0.011493032208660709,-5.661358071802345,-0.008566383919634823
2021-05-04,-0.03277998242303675,168,-0.03587733749303862,-5.718522359509761,-0.05716428770741544
2021-05-05,-0.03814320348658644,178,-0.0013991816049409398,-5.722187407108249,-0.0036650475984885134
2021-05-06,-0.02414981756474292,187,3.0382112388811936e-05,-5.744907660955662,-0.02272025384741294
2021-05-07,0.0023352367426050457,162,-0.006472703827933735,-5.7490755101533795,-0.004167849197717288
2021-05-08,0.0020613073984356812,148,4.651313902506588e-05,-5.7404949857879854,0.008580524365394027
2021-05-09,0.0025892119169697793,178,-0.0012343339175232028,-5.739186620927564,0.0013083648604217402
2021-05-10,-0.04516347509050749,219,-0.0004124242447634464,-5.783528186345312,-0.04434156541774836
2021-05-11,0.0025767042398879,182,0.0,-5.78053905786066,0.002989128484651715
2021-05-12,-0.1023812683446921,220,-0.0004246691113956874,-5.883344995316748,-0.1028059374560879
2021-05-13,-0.06008583453276293,407,0.0,-5.943006160738116,-0.05966116542136746
2021-05-14,0.0025563514557630463,175,-0.013248521464190645,-5.953698330746543,-0.010692170008427482
2021-05-15,-0.03452292656511939,258,-0.03217923217503219,-6.007151968022504,-0.053453637275961086
2021-05-16,-0.0969009836175398,353,2.7207679419293892e-05,-6.071846511785592,-0.06469454376308814
2021-05-17,-0.07300240882706603,474,-0.0020634707166822114,-6.1469395990087605,-0.0750930872231681
2021-05-18,-0.022411229487304448,367,-0.006654925579757162,-6.17394228335914,-0.027002684350379447
2021-05-19,-0.350496407318267,1018,-0.02287259460076687,-6.540656359698417,-0.3667140763392771
2021-05-20,-0.049645047186489454,730,-0.007687785739604103,-6.575116598023743,-0.034460238325325854
2021-05-21,-0.1460467853995022,659,-0.0002502875488134777,-6.713725885232455,-0.13860928720871168
2021-05-22,-0.029547004749754146,484,-0.002522367691157952,-6.745544970124554,-0.03181908489209917
2021-05-23,-0.11522333161112407,610,0.0,-6.858245934044519,-0.11270096391996542
2021-05-24,-0.013114921299039507,469,-0.0006776059679179599,-6.872038461311477,-0.013792527266957677
2021-05-25,-0.01899540290837354,393,-0.0013023955628097327,-6.891658653814742,-0.01962019250326552
2021-05-26,-0.028413922658369867,267,-0.00011614004229469186,-6.918886320952597,-0.027227667137854183
2021-05-27,-0.015195476078476556,200,-0.003656316153764434,-6.9376219731425435,-0.018735652189946883
2021-05-28,-0.07859262155303331,368,-0.0002727008336046849,-7.012830979375416,-0.07520900623287297
2021-05-29,-0.04935643600421039,287,0.0,-7.061914714546022,-0.04908373517060571
2021-05-30,0.0032409164068774765,231,-0.0015005114398882085,-7.060174309579033,0.0017404049669895727
2021-05-31,0.0034485593868896153,233,-0.0006008342036642868,-7.055826072955919,0.004348236623113344
2021-06-01,0.003839687931151073,249,-0.004957104465590741,-7.056342655286695,-0.0005165823307757833
2021-06-02,0.002544194777443606,169,-0.003150243082533392,-7.051991599126194,0.00435105616050091
2021-06-03,0.0020344554398475296,144,0.0,-7.046806900603813,0.005184698522381126
2021-06-04,-0.030533282177902736,230,-0.0018762074751932029,-7.079216390256908,-0.032409489653095314
2021-06-05,-0.03221773648747504,151,-0.0003280983335265455,-7.109886017602717,-0.030669627345808692
2021-06-06,0.0010613072923856338,79,-0.00011435305894444246,-7.10861096503575,0.0012750525669673607
2021-06-07,-0.033889278525374364,133,-0.023364960430170178,-7.1657508509323495,-0.05713988589659991
2021-06-08,-0.059256021110586095,311,-0.002231875721686173,-7.203873787334452,-0.03812293640210207
2021-06-09,0.004524372780577274,305,0.0,-7.197117538832188,0.006756248502263418
2021-06-10,-0.008881808978065576,253,-0.0013958615185935097,-7.207395209328848,-0.010277670496659397
2021-06-11,0.0033158650790177007,235,3.388473680305238e-05,-7.202649597994433,0.004745611334414868
2021-06-12,-0.03920883156239874,145,-0.00020122025823746364,-7.242093534551872,-0.03944393655743905
2021-06-13,0.0023756099168840564,164,-0.001127209797713628,-7.2406439141744645,0.001449620377407257
2021-06-14,0.0032438743398395266,218,-0.0021834790371412917,-7.238456309074052,0.002187605100412604
2021-06-15,0.002886972955158473,184,-0.009864004253367548,-7.24324986133512,-0.004793552261068257
2021-06-16,-0.03947932723614254,171,-0.008380215732346851,-7.281245400050241,-0.03799553871512096
2021-06-17,0.001827179926129046,122,-0.019471512139650853,-7.290509516531417,-0.009264116481175755
2021-06-18,-0.07872950776803324,192,-0.0015210649594174634,-7.351288577119217,-0.060779060587799805
2021-06-19,0.0029609651059275314,198,-0.007092063657609226,-7.3538986107114805,-0.0026100335922638607
2021-06-20,-0.03283942732778341,226,-0.002895576478456095,-7.38254155086011,-0.02864294014862967
2021-06-21,-0.05612584627068469,492,-0.026905094740891988,-7.462676915393231,-0.08013536453312042
2021-06-22,-0.09055358728251538,393,-0.005273628665450752,-7.531599036600305,-0.0689221212070743
2021-06-23,-0.005255408464121695,353,-0.003206211594627538,-7.534787027993604,-0.003187991393298617
2021-06-24,0.002660479006440698,176,-0.003939276506613997,-7.5328596138991495,0.0019274140944540719
2021-06-25,-0.05194170910389744,265,-0.009695624527208242,-7.5905576710236415,-0.05769805712449205
2021-06-26,-0.04711322855587586,331,0.00040979924087920945,-7.62756547581143,-0.03700780478778842
2021-06-27,0.004106391167420526,271,9.923129952698062e-05,-7.623769652585362,0.0037958232260679736
2021-06-28,0.0031573275593005153,210,-0.005102945078744895,-7.625814501404333,-0.0020448488189712677
2021-06-29,0.0025810825315641453,183,-0.004557789145777684,-7.622688262939802,0.003126238464531639
2021-06-30,-0.03467350827626518,138,-3.836545947596446e-05,-7.6528423475297656,-0.030154084589963936
2021-07-01,-0.03292077811783285,154,-0.0005460575420522477,-7.686270817730175,-0.033428470200409066
2021-07-02,0.002296302924290972,160,0.0,-7.683428457263831,0.00284236046634323
2021-07-03,0.001380451234525752,98,-0.0008277920257164106,-7.682875798055022,0.000552659208809203
2021-07-04,0.0005796293374397803,39,-0.00401746077032698,-7.685485837462193,-0.002610039407170639
2021-07-05,-0.014058275675906014,97,-0.00675650478138329,-7.7022831571491555,-0.01679731968696263
2021-07-06,0.0025070851463143964,159,-0.00634255952580429,-7.699362126747262,0.0029210304018931765
2021-07-07,0.001625219785984544,110,-0.017204784012298236,-7.708599131447771,-0.009237004700509033
2021-07-08,-0.04499137251118012,133,-0.0037691051247730136,-7.740154825071426,-0.03155569362365451
2021-07-09,0.0017256705492346327,117,0.0,-7.7346600493974185,0.005494775674007357
2021-07-10,0.0010894352344202917,67,-0.005521901476231496,-7.739092515639229,-0.004432466241810928
2021-07-11,0.0010423362621236184,65,-0.0017151762242581165,-7.734243454125132,0.004849061514097031
2021-07-12,-0.027585765624937256,66,-0.0003546538482686809,-7.76046869737408,-0.026225243248947372
2021-07-13,0.0016239758751751242,107,-0.004685636065607478,-7.763175703716244,-0.002707006342164142
2021-07-14,0.0013877866786152528,89,-0.0034341349219888895,-7.76053641589401,0.0026392878222338823
2021-07-15,-0.03683430063568835,83,4.1353940995895234e-05,-7.793895227666714,-0.033358811772703945
2021-07-16,0.0013341491848476114,96,-0.003996446886358626,-7.796598879309221,-0.0027036516425074097
2021-07-17,0.001322965635945757,93,-0.0022937208904863383,-7.793573187677404,0.0030256916318176508
2021-07-18,0.0009272532714429949,67,-0.00035323769899642927,-7.79070545121447,0.002867736462933479
2021-07-19,0.001393645732771957,91,-0.01477833329462506,-7.803736901077327,-0.01303144986285698
2021-07-20,-0.050058632340911825,125,-0.0010418064050136033,-7.8400590065286275,-0.036322105451300324
2021-07-21,0.0022397462906149092,147,-0.004026773695012773,-7.840804227528012,-0.0007452209993843439
2021-07-22,0.001681962246373206,108,-0.0030009063958976816,-7.838096397982524,0.002707829545487428
2021-07-23,0.0013964536482776002,96,9.018236432874027e-05,-7.8336088555740195,0.004487542408504908
2021-07-24,0.0013158685225494022,92,-6.365037886010207e-05,-7.832446819794659,0.0011620357793606928
2021-07-25,0.0009254234984660172,68,3.8861884845908675e-05,-7.8314188840324865,0.001027935762172305
2021-07-26,-0.02877246442606338,295,-0.002482414764519687,-7.862712625107915,-0.03129374107542837
2021-07-27,0.003381189650113499,227,0.00014738952786565355,-7.856701631165416,0.006010993942498821
2021-07-28,-0.01518734621954403,170,0.0,-7.872036366912826,-0.015334735747409844
2021-07-29,0.0016009098097056007,119,0.0,-7.87043545710312,0.0016009098097056196
2021-07-30,0.002138619944313357,146,0.0,-7.868296837158807,0.0021386199443131915
2021-07-31,0.0013644745403196855,101,-0.0004605266583885163,-7.867392889276876,0.0009039478819312663
2021-08-01,-0.015528185864195021,97,-0.01905775962528416,-7.901518308107967,-0.0341254188310911
2021-08-02,-0.032935851246496964,91,-0.005025554709095515,-7.920421954438274,-0.01890364633030739
2021-08-03,0.001646632892860368,103,-0.01769940171962775,-7.931449168555947,-0.01102721411767238
2021-08-04,0.0012442807988353203,85,-0.00036577771146222406,-7.912871263748945,0.01857790480700139
2021-08-05,-0.04079583991615093,163,-0.0013792882019161708,-7.954680614155551,-0.041809350406605716
2021-08-06,0.003219674178661023,217,-0.0011942113328750907,-7.951275863107848,0.003404751047702881
2021-08-07,0.0018615482814752266,122,-6.306087875011132e-05,-7.948283164372248,0.00299269873559993
2021-08-08,0.003402139705749681,224,-0.01297455343569026,-7.957792517223439,-0.009509352851190478
2021-08-09,0.0020808358719389096,134,-0.00025247509065074803,-7.942989603006461,0.014802914216978103
2021-08-10,0.0022603303465450458,140,-0.007773730253974685,-7.948250527823239,-0.005260924816778534
2021-08-11,0.0018674528747498684,122,-0.008252964914892094,-7.946862309609406,0.00138821821383317
2021-08-12,-0.027373283858985152,100,-0.0007890312573124046,-7.966771659810812,-0.01990935020140583
2021-08-13,0.0013457861092959868,93,0.0,-7.964636842444204,0.002134817366608033
2021-08-14,0.0003242684571180374,20,-0.004847784919086795,-7.969160358906173,-0.004523516461969024
2021-08-15,-0.01855930159433639,93,0.0,-7.982871875581423,-0.013711516675249946
2021-08-16,-0.024947088069939106,75,-0.0008878923929213607,-8.008706856044283,-0.025834980462859924
2021-08-17,0.002111808429513312,143,-0.019346291098118956,-8.025053446319967,-0.016346590275684747
2021-08-18,0.0020643074402961065,128,-0.019463448677105616,-8.023106296458659,0.001947149861308617
2021-08-19,0.0012292445688995772,83,0.0,-8.002413603212654,0.02069269324600498
2021-08-20,0.00038436111250156866,28,0.0,-8.002029242100152,0.00038436111250206295
2021-08-21,0.0007499564584061897,50,-0.00422973243464298,-8.005509018076388,-0.00347977597623661
2021-08-22,0.0008949463054169932,55,-0.001238620059799533,-8.001622959396128,0.0038860586802602626
2021-08-23,0.0012132051895589295,83,-0.004898230056049282,-8.004069364202818,-0.0024464048066903388
2021-08-24,0.0007626895950777351,49,-0.033877789010931025,-8.032286233562623,-0.028216869359804164
2021-08-25,-0.03699655978858125,42,0.0,-8.035405004340273,-0.003118770777650326
2021-08-26,0.0020258580231972564,127,-0.013118579463261082,-8.046497725780338,-0.011092721440064679
2021-08-27,0.001648627237508078,108,0.0,-8.031730519079568,0.014767206700769364
2021-08-28,7.760404701415686e-05,6,0.0,-8.031652915032554,7.760404701429024e-05
2021-08-29,0.0003768518008958796,23,-0.0037053583782457778,-8.034981421609904,-0.0033285065773505096
2021-08-30,-0.01727207867258702,49,-0.00844373435279805,-8.056991876257044,-0.022010454647139355
2021-08-31,0.0016754923947329848,109,-0.010649883745790168,-8.057522533255302,-0.000530656998257939
2021-09-01,0.0014749583663231582,100,0.0,-8.045397691143188,0.012124842112113399
2021-09-02,0.0012525315421183392,86,-0.00661085583187937,-8.050756015432949,-0.005358324289760574
2021-09-03,0.0015439648705165032,107,-0.0015567273639974326,-8.044157922094552,0.006598093338396893
2021-09-04,0.0011420443921334959,81,-0.002349681285783854,-8.043808831624204,0.00034909047034759055
2021-09-05,0.0008738415545694971,62,-8.614733703411129e-05,-8.040671456120885,0.003137375503319717
2021-09-06,0.0009401195309633448,64,-1.485358481411313e-05,-8.039660042837701,0.0010114132831837708
2021-09-07,-0.09973046977663665,283,-0.0005304477028964811,-8.13990610673242,-0.10024606389471913
2021-09-08,0.003152714070047533,210,-0.0076023792337935455,-8.14382532419327,-0.0039192174608491115
2021-09-09,0.0020904018836633634,142,-0.003697556105388287,-8.137830099181201,0.005995225012068062
2021-09-10,-0.0370090540461118,136,-2.5569070873552048e-05,-8.171167166192797,-0.03333706701159578
2021-09-11,0.0006916879469208442,52,-2.3274588266401406e-05,-8.170473183763269,0.0006939824295280062
2021-09-12,0.0010356763602199824,69,-0.001055716417391123,-8.170469949232174,3.234531094520321e-06
2021-09-13,-0.04229562655577344,159,-0.00023981695499142438,-8.211949676325549,-0.04147972709337466
2021-09-14,0.0013469781422185483,97,0.0,-8.21036288122834,0.0015867950972090483
2021-09-15,0.0005073658311134036,36,-0.000909941467145153,-8.21076545686437,-0.0004025756360306332
2021-09-16,0.0015193321048339945,101,-0.0036027200166712497,-8.211938903309063,-0.0011734464446924164
2021-09-17,0.0014151000954978166,90,-0.008516752288312822,-8.215437835485208,-0.00349893217614472
2021-09-18,0.0009335657509162065,65,-0.0016194255096107562,-8.20760694295559,0.007830892529618438
2021-09-19,0.0010517969003589747,68,-0.013036172578225477,-8.217971893123844,-0.010364950168254339
2021-09-20,-0.07036939882204456,250,-0.007899222412009497,-8.283204341779673,-0.06523244865582889
2021-09-21,-0.06966885066894644,322,-0.003227261506887438,-8.348201231543499,-0.064996889763826
2021-09-22,0.002485070575198106,171,3.133360670186755e-07,-8.342488586125347,0.005712645418151752
2021-09-23,0.0010389823832783437,73,-1.3640226233655643e-05,-8.341463557304369,0.0010250288209778802
2021-09-24,-0.05439419389786816,243,-0.001104337164453643,-8.396948448140458,-0.05548489083608921
2021-09-25,0.0024447502971884456,159,-0.0020047372992248445,-8.39540409797804,0.001544350162417274
2021-09-26,-0.030585209590226623,156,-0.0006349689887481598,-8.42461953925779,-0.0292154412797494
2021-09-27,-0.01695595302706299,68,-0.002853787399124458,-8.443794310695228,-0.019174771437437954
2021-09-28,0.0024782046013186844,158,-0.01960589999524435,-8.45806821869003,-0.014273907994802215
2021-09-29,0.001534719807267965,98,-0.00806125893495921,-8.444988857822477,0.013079360867553902
2021-09-30,0.001577491811735184,111,-0.0006121920686644986,-8.435962299144448,0.009026558678028707
2021-10-01,0.0021673875322584493,151,-0.000693516545329151,-8.433876236088853,0.002086063055594778
2021-10-02,0.0012390190245973934,77,-0.004176336888422432,-8.436120037407349,-0.002243801318495997
2021-10-03,0.001190248562685565,77,-0.004165353763391686,-8.434918805719633,0.001201231687716131
2021-10-04,0.0023158143988332913,155,-1.8713711680970983e-05,-8.428456351269087,0.006462454450545607
2021-10-05,0.0010486100768823524,74,0.0,-8.427389027480524,0.0010673237885630016
2021-10-06,0.009943191973493977,179,-0.0003539815230181131,-8.417799817030048,0.00958921045047667
2021-10-07,0.002584324741778292,166,-0.012309960028023223,-8.427171470793274,-0.009371653763226462
2021-10-08,0.0019859719814445723,131,-0.013864609795494053,-8.4267401485793,0.00043132221397357284
2021-10-09,0.0012829920428673613,86,-0.0028688290288190186,-8.414461375769758,0.012278772809542815
2021-10-10,0.0018302557683584975,130,-0.005229711910544938,-8.414992002883125,-0.0005306271133669327
2021-10-11,0.0016904910929756976,116,-0.00044895985625765687,-8.408520759735861,0.00647124314726355
2021-10-12,-0.038952562824673215,121,-0.0010187174356491944,-8.448043080139927,-0.03952232040406578
2021-10-13,0.0011812048126931382,80,-0.00017782609348097257,-8.446020983985065,0.002022096154862041
2021-10-14,0.001073345186065787,81,-0.00031668011396180317,-8.44508649281948,0.000934491165585527
2021-10-15,0.0025481935417049828,181,-0.0013939622094563606,-8.44361558137327,0.0014709114462085893
2021-10-16,0.0014583665268818246,97,-0.007772607814031714,-8.448535860450963,-0.0049202790776927685
2021-10-17,0.0015583006416201098,100,-0.0031200131689090517,-8.442324965164222,0.006210895286741902
2021-10-18,0.00231629690753728,159,-0.00045719333599426436,-8.437345848423771,0.004979116740450706
2021-10-19,0.001542782950298189,112,-4.472692165823303e-05,-8.435390599059135,0.0019552493646362024
2021-10-20,0.0011739431614301921,78,-0.0024793070153797227,-8.436651235991427,-0.0012606369322920585
2021-10-21,-0.02004879620974355,143,-0.018704360396288935,-8.47292508558208,-0.036273849590653384
2021-10-22,-0.04013886076710231,132,-0.0019209349004351759,-8.496280520853329,-0.023355435271248837
2021-10-23,0.001574217166890459,108,-0.0005130812418360803,-8.49329845002784,0.0029820708254888473
2021-10-24,0.0016990700110963866,110,-0.0023376638432157123,-8.493423962618124,-0.0001255125902837051
2021-10-25,0.0011709416473975082,80,-0.0011117787834412712,-8.49102713591095,0.0023968267071730054
2021-10-26,-0.02510905513312334,92,-0.0012640187882676057,-8.5162884310489,-0.025261295137950057
2021-10-27,-0.02930086397889328,141,-0.0024661311652471917,-8.546791407404774,-0.030502976355872846
2021-10-28,-0.03208897905548882,164,-0.003268585249807777,-8.579682840544823,-0.032891433140049386
2021-10-29,0.001783658638653289,125,-0.0015773265290233538,-8.576207923185386,0.0034749173594370575
2021-10-30,0.0007511380450686127,45,-0.003966436603099679,-8.577845895214395,-0.0016379720290089494
2021-10-31,-0.019198100615732693,64,-0.0001492670067114544,-8.593226826233739,-0.015380931019343791
2021-11-01,0.0013555756387569127,96,-0.00117379573804161,-8.592895779326312,0.0003310469074264688
2021-11-02,0.0012947655968043416,93,-0.0018407988178240835,-8.592268016809289,0.0006277625170234558
2021-11-03,0.0017321823343821401,115,-0.0040200557723118185,-8.592715091429394,-0.00044707462010507015
2021-11-04,0.0008152864766952793,51,-0.021252829851268307,-8.609132579031655,-0.01641748760226136
2021-11-05,0.0005538121714106245,34,-0.02875070674124773,-8.616076643750223,-0.006944064718567233
2021-11-06,-0.04198706953938757,37,6.256716198744722e-05,-8.629250439386375,-0.013173795636152619
2021-11-07,0.00017161216800186865,12,-1.5480344106989638e-05,-8.629156874724469,9.356466190624246e-05
2021-11-08,0.0012535746483815296,89,0.0,-8.62788781973198,0.0012690549924894157
2021-11-09,0.001542215402116979,99,-0.00696955185685867,-8.633315156186722,-0.00542733645474236
2021-11-10,-0.03368009956309776,177,-0.0005379402439420277,-8.660563644136904,-0.027248487950181755
2021-11-11,0.0019329548228228122,129,-0.0018685236635492901,-8.659961272733687,0.0006023714032163952
2021-11-12,0.0019064805869034142,119,-0.005772126362803319,-8.661958394846037,-0.001997122112349814
2021-11-13,0.000935751421362492,58,-0.004187274545761092,-8.659437791607631,0.0025206032384055277
2021-11-14,0.0015354128797905485,99,1.0559659887717428e-05,-8.653704544522192,0.00573324708543943
2021-11-15,0.0013501814080770543,90,-0.018963298887410395,-8.671328221661414,-0.017623677139221527
2021-11-16,-0.08062724176327649,170,-0.006159847683225634,-8.739152012220504,-0.06782379055909082
2021-11-17,-0.016725672774296294,119,0.0,-8.749717837311575,-0.010565825091070735
2021-11-18,0.0025090782472227393,168,-0.02677558106486359,-8.773984340129218,-0.024266502817642532
2021-11-19,-0.0371982800275846,72,0.0,-8.784407039091938,-0.010422698962720744
2021-11-20,0.0012955042738216247,87,1.7416976232792454e-05,-8.783094117841884,0.001312921250054444
2021-11-21,0.001151087585049842,82,-0.004441165819165281,-8.78640161305223,-0.0033074952103469
2021-11-22,-0.04102543270206676,151,-0.000730515177549506,-8.823716395112683,-0.037314782060452245
2021-11-23,0.0022800338074898,161,0.0,-8.820705846127645,0.003010548985038497
2021-11-24,0.0015598876392877749,112,-3.861726851861874e-05,-8.819184575756875,0.0015212703707696562
2021-11-25,0.0009165674082208978,64,-0.00038442285579600414,-8.818613813935931,0.0005707618209438436
2021-11-26,-0.05959259522016931,153,-0.004232464948809482,-8.882054451249115,-0.0634406373131835
2021-11-27,0.0011951935804821177,88,0.00011443401686787863,-8.876512358702954,0.005542092546161115
2021-11-28,0.0016594323917028377,120,0.0,-8.87496736032812,0.0015449983748343499
2021-11-29,0.0011487615850494948,73,-0.003647185487270589,-8.87746578423034,-0.002498423902220992
2021-11-30,0.002567317215596297,163,-0.016206159953247774,-8.88745744148072,-0.00999165725037976
2021-12-01,0.0021330774145348636,134,-0.013858135674930617,-8.882976339787868,0.004481101692851652
2021-12-02,-0.03479813989451214,134,-0.0007573247715074883,-8.904673668778958,-0.021697328991090004
2021-12-03,-0.03614035361645915,166,-0.001651791790375631,-8.941708489414285,-0.03703482063532704
2021-12-04,-0.13778810468775393,369,-0.0005859128389784413,-9.078430715150642,-0.1367222257363565
2021-12-05,0.0034299701695718657,244,5.185109675490503e-06,-9.074409647032416,0.004021068118225557
2021-12-06,0.0035549792553563812,239,-0.000589885552460959,-9.071449738439195,0.002959908593220817
2021-12-07,0.0017991254801533083,127,-0.003791168862763358,-9.072851896269345,-0.0014021578301495197
2021-12-08,0.0016796627063100757,112,-0.0044317896036713,-9.071812854303943,0.0010390419654022764
2021-12-09,-0.040225765074374885,129,-0.0075389500134957,-9.115145779788142,-0.04333292548419898
2021-12-10,0.0030791884823051334,203,-0.01742326649046068,-9.121950907782802,-0.006805127994660154
2021-12-11,0.0025273103283905253,174,0.0,-9.10200033096395,0.01995057681885193
2021-12-12,0.0010363627388391208,74,-0.0026137312802644035,-9.103577699505376,-0.001577368541425983
2021-12-13,-0.046522031652859445,116,-0.0007349257393634719,-9.148220925617334,-0.044643226111958256
2021-12-14,0.002027190630286875,148,-0.0005736651823660759,-9.146032474430049,0.0021884511872851675
2021-12-15,0.0026338789743745555,178,-0.000792596050028168,-9.143617526323336,0.002414948106713055
2021-12-16,0.0015005336091101734,104,-0.011893958655482819,-9.15321835531968,-0.00960082899634429
2021-12-17,-0.045583281014500494,113,-0.002364591338812378,-9.189272269017511,-0.036053913697831064
2021-12-18,0.001564583689758094,112,0.0,-9.18534309398894,0.003929175028570597
2021-12-19,0.0016707001952755525,106,-0.009566419715112661,-9.193238813508778,-0.00789571951983703
2021-12-20,-0.017714341736174727,85,0.0,-9.20138673552984,-0.00814792202106318
2021-12-21,0.0011854895458026768,87,-7.0933123389798706e-06,-9.200208339296378,0.0011783962334632747
2021-12-22,0.0005953439680629594,45,-0.0006752722632529273,-9.200281174279228,-7.283498285026724e-05
2021-12-23,0.0012386932336877618,90,3.283909259360809e-05,-9.198334369689693,0.0019468045895347785
2021-12-24,0.0005895495001086318,45,-4.172350107970752e-06,-9.197781831632286,0.0005525380574074035
2021-12-25,0.0006117976016063112,46,-0.0008062500698039391,-9.197972111750374,-0.0001902801180886371
2021-12-26,0.0009135648771686523,63,-9.175232430507619e-05,-9.196344049127708,0.0016280626226663486
2021-12-27,0.0006448387708544939,44,-0.008015192258518588,-9.203622650291067,-0.007278601163358545
2021-12-28,-0.03486475394613809,85,-0.0018843479620835673,-9.232356559940769,-0.028733909649702127
2021-12-29,0.0014365335675279583,92,-0.01245890252167876,-9.241494580932837,-0.009138020992068618
2021-12-30,0.0010801191148208703,67,-0.004972355410690818,-9.232927914707028,0.008566666225808817
2021-12-31,-0.034163813568518324,96,-0.0008140067161241441,-9.26293337958098,-0.030005464873951837
2022-01-01,0.00045970078106715784,31,-0.00011658384856522303,-9.261776255932354,0.0011571236486265235
2022-01-02,0.0009712027378136502,60,-0.0027701181434317793,-9.263458587489406,-0.0016823315570526631
2022-01-03,-0.019370443154211166,59,-6.684243534643651e-05,-9.280125754935533,-0.016667167446126285
2022-01-04,0.0012735233637611097,91,-0.004134885570351539,-9.282920274706777,-0.0027945197712444525
2022-01-05,-0.03182361796904056,157,-0.0062937308875256354,-9.316902737992992,-0.03398246328621468
2022-01-06,0.0009572394622680134,58,-0.0112291657321778,-9.320880933375376,-0.0039781953823840865
2022-01-07,-0.029326169062221425,185,-0.008516195373079724,-9.347494132078499,-0.02661319870312262
2022-01-08,0.0016108260019860497,105,-0.0063027344536236585,-9.343669845157056,0.0038242869214428765
2022-01-09,0.0015934467649244854,107,-0.004321836071856678,-9.340095500010364,0.0035743451466920817
2022-01-10,-0.040098845065677936,157,-0.0005716272785350372,-9.376444136282721,-0.03634863627235774
2022-01-11,0.0015194388421304783,106,0.0,-9.374353070162055,0.0020910661206663406
2022-01-12,0.0007723154858474815,55,-0.0011101691153800343,-9.374690923791588,-0.00033785362953331344
2022-01-13,0.0013732013663291989,90,-0.014470067097883853,-9.386677620407763,-0.011986696616174797
2022-01-14,0.001079068566470939,67,-0.008174337005631454,-9.37930282174904,0.007374798658723591
2022-01-15,0.0008756134268204467,56,-0.008605840299565383,-9.378858711616154,0.000444110132885811
2022-01-16,0.0007749729801031976,49,-0.008776983025509173,-9.378254881361993,0.0006038302541604423
2022-01-17,-0.04000318439393337,57,-0.0002021728063105823,-9.409683255536729,-0.03142837417473565
2022-01-18,0.0013846654224833196,95,-0.00023941832804963675,-9.408335835635985,0.0013474199007443843
2022-01-19,0.0014377694372200206,100,-0.005453087633387551,-9.412111735504102,-0.003775899868116994
2022-01-20,-0.022363006749121818,88,-0.008865204655920587,-9.437886859275757,-0.025775123771655473
2022-01-21,-0.10474671186273563,310,-0.0023479299976151132,-9.536116296480188,-0.09822943720443078
2022-01-22,-0.029492502542967133,364,-0.0015223834417968192,-9.564783252467336,-0.028666955987148413
2022-01-23,0.0036132885381305146,171,-0.0005019775962671953,-9.560149558083676,0.004633694383660014
2022-01-24,-0.04048998151712148,283,-0.0002944493072660551,-9.600432011311796,-0.04028245322811941
2022-01-25,0.002699087655945551,191,0.0,-9.597438474348584,0.002993536963211696
2022-01-26,0.002684963966963786,181,-0.022468231273279227,-9.6172217416549,-0.019783267306316077
2022-01-27,-0.03302920401184932,225,0.0,-9.62778271439347,-0.010560972738570484
2022-01-28,0.001744642769913362,126,-0.0008559435856061795,-9.626894015209162,0.0008886991843084502
2022-01-29,0.0013858612764056696,94,-0.0008300358479596433,-9.62548224619511,0.0014117690140516004
2022-01-30,0.001227326503867319,84,-0.003126629327357626,-9.626551513170641,-0.0010692669755307804
2022-01-31,0.001390385820311138,94,-4.201902539018947e-05,-9.622076517048361,0.004474996122279862
2022-02-01,0.0009297113717205248,70,0.0,-9.621104786651252,0.000971730397109738
2022-02-02,0.0012009238199572427,81,-0.018358507504250166,-9.638262370335545,-0.017157583684292987
2022-02-03,0.0001342059343329993,8,-0.010013013714081653,-9.629782670611043,0.008479699724501799
2022-02-04,0.0019614705255737307,134,-0.00011977644391281894,-9.617927962815301,0.011854707795741604
2022-02-05,0.0013534941010686198,89,-0.0023728893793131135,-9.618827581649631,-0.0008996188343299849
2022-02-06,0.0012501254893639037,85,-3.9310106409163444e-05,-9.615243876887364,0.0035837047622671037
2022-02-07,0.001455705214803028,105,-0.000677566812708547,-9.61442642837886,0.0008174485085046257
2022-02-08,-0.020252908001128174,135,-0.00016581920224424736,-9.634167588769524,-0.019741160390664092
2022-02-09,0.0014268283301859454,103,0.0,-9.632574941237094,0.001592647532429936
2022-02-10,0.001951387036413191,131,-0.022105188206542767,-9.652728742407223,-0.02015380117012988
2022-02-11,-0.029873841008435483,175,-0.013241748049609633,-9.673739143258723,-0.021010400851499966
2022-02-12,0.001108097096350465,68,-0.016855125492748996,-9.676244423605512,-0.002505280346788652
2022-02-13,0.0010288914440454355,63,-0.02080067573478839,-9.679161082403507,-0.0029166587979947423
2022-02-14,0.0012181708529228274,75,-0.010990663965318045,-9.668132899781114,0.011028182622393246
2022-02-15,0.0006911278092973851,49,-0.00014456831708073155,-9.65659567632358,0.01153722345753394
2022-02-16,0.0006906407183887149,42,-0.0038087045663438733,-9.659569171854454,-0.002973495530874004
2022-02-17,-0.045429302501370616,75,-0.002637838093591672,-9.70382760788307,-0.0442584360286169
2022-02-18,0.001486717376146453,92,-0.01028742802795437,-9.709990480441288,-0.006162872558217458
2022-02-19,0.00030082080547434725,18,-0.008526618667211983,-9.70792885027507,0.0020616301662172987
2022-02-20,-0.027170530915959668,53,-0.0081570007325191,-9.734729763256338,-0.02680091298126719
2022-02-21,-0.05504445603238786,164,-0.0045589638057204505,-9.786176182361928,-0.05144641910558967
2022-02-22,0.0028360590674242304,196,0.0,-9.778781159488782,0.007395022873145862
2022-02-23,-0.023440401182752084,75,-0.0015822555666732594,-9.803803816238206,-0.0250226567494245
2022-02-24,-0.01688993842363855,357,-0.00327471770752181,-9.822386216802693,-0.01858240056448679
2022-02-25,0.003387107458447763,227,-0.0012005879393411666,-9.816924979576065,0.005461237226628057
2022-02-26,0.0014434370930937143,102,-0.002262655777670549,-9.8165436103213,0.00038136925476450756
2022-02-27,-0.04102550714890629,152,-0.0003630652838301499,-9.855669526976365,-0.03912591665506504
2022-02-28,0.0021805433723061716,155,-0.004730798381723479,-9.857856716701953,-0.0021871897255874018
2022-03-01,0.0027683978515682128,187,-4.6831257851017826e-05,-9.850404351726512,0.007452364975440773
2022-03-02,0.0022111242283514194,159,-0.001750023068534726,-9.849896419308845,0.0005079324176673339
2022-03-03,-0.0317341792188797,91,-0.0005740555450923647,-9.880454631004282,-0.030558211695437265
2022-03-04,-0.038097098749517076,128,-0.011129249897842053,-9.929106924106549,-0.0486522931022666
2022-03-05,0.00020192659674810032,12,-0.007341553822148368,-9.925117301434106,0.0039896226724422945
2022-03-06,-0.024203404713690924,112,-0.0037884491522593112,-9.945767601477908,-0.020650300043801195
2022-03-07,0.002762521320552736,182,-0.007858052259325064,-9.94707468326442,-0.0013070817865123985
2022-03-08,0.0031147681077797473,219,-0.0014140912463959112,-9.937515954143711,0.009558729120708875
2022-03-09,0.002092126648351925,144,-0.0029384267334211117,-9.936948162982384,0.0005677911613268805
2022-03-10,-0.03810683777295664,151,-0.0032917476430526856,-9.975408321664972,-0.038460158682587675
2022-03-11,0.001877418552585365,120,-0.01931489233650919,-9.989554047805845,-0.014145726140872839
2022-03-12,0.000859593200869124,53,-0.0174455714397075,-9.986825133708173,0.0027289140976716197
2022-03-13,-0.044380950403412195,46,-0.0035310619037392257,-10.017291574575616,-0.030466440867442657
2022-03-14,0.001665889896359034,110,-0.00028040106745765855,-10.012375023842976,0.004916550732639635
2022-03-15,0.001549192460787326,102,-0.003181153200793101,-10.013726583515524,-0.001351559672547964
2022-03-16,-0.016569565803285242,189,-0.000883117444536346,-10.027998113562552,-0.014271530047027525
2022-03-17,0.0012488175741278747,81,-0.0017562339476713527,-10.02762241249156,0.0003757010709914965
2022-03-18,0.0013196184504058513,87,-0.0002729214441843273,-10.024819481537666,0.002802930953894389
2022-03-19,0.00047681859582354827,36,0.0,-10.024069741497659,0.0007497400400069409
2022-03-20,0.0008485716268157173,60,-0.0033823721080052487,-10.026603541978847,-0.002533800481188564
2022-03-21,0.0012829111543745729,85,-0.0060975873726341326,-10.028035846089102,-0.0014323041102546341
2022-03-22,0.001329573358650498,86,-0.006665534182760727,-10.027274219540576,0.0007616265485257401
2022-03-23,0.0006933723462270757,42,-0.001765637336528267,-10.021680950348118,0.005593269192457839
2022-03-24,0.0013746707312274652,94,4.041772506497578e-05,-10.018500224555297,0.0031807257928218036
2022-03-25,0.0009062594738385628,60,-0.0035198371961742336,-10.021154220002698,-0.002653995447401414
2022-03-26,0.00041509374521199265,26,-0.0019182233699365243,-10.019137512431247,0.002016707571451448
2022-03-27,0.0006987401716136857,47,-0.0002184083702644585,-10.01673895725996,0.0023985551712861763
2022-03-28,0.0010616214074961423,77,-0.0018175057335601168,-10.017276433215761,-0.0005374759558005593
2022-03-29,0.0007946395695635599,59,-0.00036333009824321747,-10.01502761801088,0.0022488152048811827
2022-03-30,0.0009385400307432601,67,-0.0021606020110718615,-10.015886349892964,-0.00085873188208474
2022-03-31,0.0007889323900356969,52,-0.021570614923494123,-10.034507430415351,-0.018621080522386535
2022-04-01,-0.03653119442714066,83,-0.00107188824598996,-10.050539898164988,-0.01603246774963729
2022-04-02,0.0011627013679589894,75,-0.010789811137537027,-10.059095119688577,-0.00855522152358823
2022-04-03,0.0010408415618261449,68,-0.005825854082103793,-10.053090321071318,0.0060047986172584444
2022-04-04,0.0012281880156485012,77,-0.004303843209204948,-10.05034012218277,0.0027501988885472173
2022-04-05,0.0009301877374779306,59,-0.020636209244934194,-10.065742300481022,-0.015402178298250746
2022-04-06,-0.040339952368872,108,-0.026555401972062933,-10.112001445577022,-0.046259145096000154
2022-04-07,0.0002867900648808672,17,-0.02053388225892937,-10.105693135799008,0.0063083097780136654
2022-04-08,-0.03916430907899973,52,-0.008230493361078244,-10.132554055980156,-0.026860920181148273
2022-04-09,0.0005411671012569219,35,-0.0024175324144003942,-10.126199927932221,0.006354128047934893
2022-04-10,0.0006796006668631541,46,-0.008505884707068954,-10.131608679558028,-0.005408751625806119
2022-04-11,-0.03421680663870454,73,-0.015206942855729757,-10.172526544345393,-0.04091786478736559
2022-04-12,0.0006603108340559297,40,-0.008571161109706855,-10.165230451765314,0.007296092580078906
2022-04-13,0.001091472758437915,72,-0.0015394114402958337,-10.157107229337466,0.00812322242784802
2022-04-14,0.0005226961108945078,35,-0.017362331459846236,-10.172407453246121,-0.015300223908655042
2022-04-15,0.0007526384661602669,46,-0.006817235721912576,-10.161109719042027,0.011297734204093857
2022-04-16,0.0002909448726374868,18,-0.009125492015860449,-10.163127030463338,-0.0020173114213104526
2022-04-17,0.0005273211169253318,32,-0.02142920881445735,-10.17490342614501,-0.011776395681671659
2022-04-18,-0.03578521655295451,79,-0.0008468344204309375,-10.190106268303937,-0.015202842158927865
2022-04-19,0.0007938522361242413,56,-0.00014095005128197962,-10.188606531698664,0.0014997366052735828
2022-04-20,0.0006254201310733479,46,-0.0005393904621956416,-10.188379551978505,0.0002269797201588375
2022-04-21,-0.026817167558881957,66,-0.001471704830093529,-10.216129033905284,-0.027749481926779396
2022-04-22,0.0009275748736302411,59,-0.009609424190289487,-10.22333917839185,-0.0072101444865655395
2022-04-23,1.6931008155511237e-05,1,-0.013587766484820966,-10.227300589678226,-0.003961411286375949
2022-04-24,-0.02124337123305662,15,-0.001018371398528665,-10.23597456582499,-0.008673976146763351
2022-04-25,0.0016959625543658612,113,-0.0002890753449055316,-10.233549307217,0.0024252586079889227
2022-04-26,-0.017824611944495986,91,-0.006982948814455684,-10.258067792631046,-0.024518485414045443
2022-04-27,0.0020246666642439255,134,-0.0002551120577523433,-10.249315289210099,0.008752503420947022
2022-04-28,0.0010904219411593035,80,0.0,-10.247969755211187,0.0013455339989114634
2022-04-29,0.0014332084350112842,96,-0.010499927555405183,-10.25703647433158,-0.009066719120392364
2022-04-30,0.0005821195941268123,36,-0.03217756816529944,-10.278131995347348,-0.02109552101576817
2022-05-01,0.0006396618202973055,39,-0.012992218631701776,-10.258306983993453,0.019825011353894695
2022-05-02,0.0019621113850466308,125,-0.011158298432483059,-10.254510952409188,0.003796031584265336
2022-05-03,0.0005064871344578727,31,-0.029061789596842417,-10.271907956439088,-0.017397004029900742
2022-05-04,0.001464608123700601,99,-2.2697042204126775e-06,-10.241383828422766,0.03052412801632265
2022-05-05,-0.07207887062061279,112,0.0,-10.313460429339159,-0.07207660091639312
2022-05-06,0.0020997994106039543,148,-0.0019611946529833105,-10.313321824581537,0.0001386047576215077
2022-05-07,0.000857143216594036,55,-0.009552030045511032,-10.32005551675747,-0.006733692175933115
2022-05-08,-0.05033120017372766,63,-0.0051403036673674345,-10.365974990553056,-0.045919473795585475
2022-05-09,-0.055364571546600766,290,-0.027792379418328107,-10.443991637850617,-0.07801664729756119
2022-05-10,-0.040048764802778365,306,-0.007844169890798475,-10.464092193125866,-0.02010055527524912
2022-05-11,-0.10473350172675447,513,-0.0007332149774110851,-10.561714739939232,-0.09762254681336557
2022-05-12,-0.04439695817767278,593,-0.00309823923311437,-10.60847672237261,-0.04676198243337737
2022-05-13,-0.03560022399459439,286,-0.0005601021475320791,-10.64153880928162,-0.0330620869090108
2022-05-14,0.002614979522294187,180,0.0,-10.638363727611795,0.003175081669825275
2022-05-15,0.0018256684483864544,126,0.0,-10.636538059163408,0.0018256684483866081
2022-05-16,0.001523051771937465,95,-0.017193257550346883,-10.652208264941818,-0.015670205778409496
2022-05-17,0.0021904580595219782,142,-0.0043543354088863215,-10.637178884740836,0.01502938020098199
2022-05-18,-0.040834351475531994,115,-0.00845145810186951,-10.682110358909352,-0.04493147416851606
2022-05-19,0.0022749978157371098,152,-0.0006004950487920116,-10.671984398040536,0.010125960868816009
2022-05-20,-0.018718132712074766,127,-0.0006780397473623167,-10.69078007545118,-0.01879567741064392
2022-05-21,0.0008162130431371643,57,-0.0006269297249358347,-10.689912752385617,0.0008673230655631414
2022-05-22,0.00029366869768805026,21,-0.000655253121239769,-10.689647407084232,0.00026534530138455636
2022-05-23,-0.021944542309201103,112,-0.002204270936420383,-10.713140967208615,-0.02349356012438264
2022-05-24,0.0015874365877961542,108,-0.00024205518643679393,-10.709591314870835,0.0035496523377798184
2022-05-25,0.0009708741455281928,73,-0.0008837353057619964,-10.709262120844631,0.000329194026203794
2022-05-26,0.0021073504907816857,145,-0.004368275287729346,-10.710639310335818,-0.0013771894911869254
2022-05-27,0.0018533714452317407,118,-0.01793923044185084,-10.722356894044706,-0.011717583708888313
2022-05-28,0.0006753321146213789,42,-0.0074143067674989575,-10.711156638255733,0.011200255788972768
2022-05-29,0.0005032567828643216,34,-0.001485273393994007,-10.704724348099365,0.006432290156368481
2022-05-30,0.0016034985594618552,112,-0.0020410602110728293,-10.703676636356983,0.0010477117423821625
2022-05-31,0.0014178159418200456,96,-0.003500467953943015,-10.703718228158031,-4.15918010485683e-05
2022-06-01,-0.040221742685860346,99,-0.010130393237998546,-10.750569896127947,-0.04685166796991602
2022-06-02,0.0014352253978018935,90,-0.0006896893589433913,-10.739693966851089,0.010875929276858542
2022-06-03,0.00046820408406617693,30,-0.012878230058730622,-10.75141430346681,-0.011720336615720583
2022-06-04,0.00015154958315639203,9,-0.009087982125484381,-10.747472505950407,0.0039417975164024455
2022-06-05,0.00042842860092219716,26,-0.007904876844438578,-10.745860972068439,0.001611533881968441
2022-06-06,0.0010078516394742758,66,-0.002202399563045264,-10.73915064314757,0.006710328920869202
2022-06-07,-0.021592398662445837,103,-0.0018694278857774049,-10.760410070132748,-0.021259426985178465
2022-06-08,-0.012668351280667595,147,-0.005422573177699891,-10.776631566705339,-0.016221496572590866
2022-06-09,0.001065362966119639,71,-0.0070837091405060535,-10.777227339702025,-0.0005957729966858949
2022-06-10,-0.0381733366815955,78,-0.0014995612299068413,-10.80981652847302,-0.03258918877099504
2022-06-11,0.0013963880864081883,88,-0.014801881528899875,-10.821722460685605,-0.011905932212584958
2022-06-12,-0.04069638699356241,144,-0.031751328957628534,-10.879368295107897,-0.0576458344222921
2022-06-13,-0.1758408602662984,388,-0.014367700826124225,-11.03782552724269,-0.15845723213479346
2022-06-14,-0.14536846845248322,428,0.0,-11.16882629486905,-0.13100076762635915
2022-06-15,-0.04994172981025766,500,-0.0010337609749014915,-11.219801785654209,-0.050975490785159394
2022-06-16,-0.06013954620749302,204,-0.008506126157835319,-11.287413697044634,-0.06761191139042566
2022-06-17,0.0032541417165052483,224,-0.008059961484828487,-11.283713390655123,0.003700306389511354
2022-06-18,-0.09832738107331057,316,-0.001554696547132729,-11.375535506790738,-0.09182211613561542
2022-06-19,-0.03264381339500318,396,-0.0008379581827604487,-11.407462581821369,-0.03192707503063019
2022-06-20,-0.02668561855450061,305,-0.004236894278415454,-11.437547136471524,-0.03008455465015558
2022-06-21,0.0027182921744130333,180,-0.02023168365521138,-11.450823633673908,-0.013276497202383553
2022-06-22,-0.02451554425550316,196,-0.022370967496095354,-11.477478461770296,-0.026654828096388528
2022-06-23,0.002951300851117811,197,0.0,-11.452156193423082,0.02532226834721385
2022-06-24,0.0014890825742634862,98,-0.002352979192356385,-11.453020090041175,-0.0008638966180924967
2022-06-25,0.0017215380540163301,111,-0.0003734588604857764,-11.449319031655287,0.0037010583858876345
2022-06-26,0.0015482783936040256,103,-0.013198808913626545,-11.460596103314824,-0.01127707165953673
2022-06-27,0.0007692555394973761,49,-0.024431027557517394,-11.471059066419217,-0.010462963104393097
2022-06-28,-0.04097517729457677,46,-0.0038532717659432014,-11.49145648792222,-0.020397421503002278
2022-06-29,0.002126588666783291,132,-0.007816215663156803,-11.49329284315265,-0.0018363552304307973
2022-06-30,-0.05435258823783957,95,8.018436392881574e-05,-11.539749031363405,-0.04645618821075459
2022-07-01,-0.023994699663694337,156,-0.015983378667034857,-11.579807294058062,-0.04005826269465729
2022-07-02,0.00013461857500090022,8,-0.016653151792862603,-11.58034244860889,-0.0005351545508283095
2022-07-03,-0.03260761638536707,61,-0.0030786752532846896,-11.599375588454679,-0.019033139845788583
2022-07-04,0.0015809444652764113,109,0.0,-11.594715968736118,0.004659619718561103
2022-07-05,-0.01923138305189917,128,-0.007547159609103123,-11.62149451139712,-0.026778542661002547
2022-07-06,0.0023862710710518473,150,-0.0007709191572176299,-11.612331999874183,0.009162511522937677
2022-07-07,0.0013258716342025992,94,-0.00018862222342604738,-11.61042383130619,0.0019081685679935845
2022-07-08,-0.013287673950621375,171,-0.001344992826180334,-11.624867875859564,-0.014444044553375335
2022-07-09,0.0014088946530820409,99,-0.0024000573495429074,-11.624514045729846,0.0003538301297183466
2022-07-10,0.0008046870530940788,51,-0.026479618960167133,-11.647788920287375,-0.0232748745575293
2022-07-11,-0.03915074232467023,97,-0.014989676975360331,-11.67544972062724,-0.027660800339864622
2022-07-12,-0.02320522930353706,95,-0.015198551519801831,-11.698863824475218,-0.02341410384797804
2022-07-13,0.0027328755542951697,182,0.0,-11.68093239740112,0.017931427074097783
2022-07-14,0.0017205733142082523,119,-0.0030443481238091805,-11.682256172210723,-0.0013237748096024404
2022-07-15,0.0021628318714441187,153,-0.0012229195352689436,-11.678271911750738,0.003984260459985123
2022-07-16,0.001480187636884782,98,-0.003977457082970561,-11.679546261661555,-0.0012743499108172074
2022-07-17,0.001608897718845979,102,-0.021111383680525286,-11.695071290540263,-0.015525028878707658
2022-07-18,0.003012456756847619,196,-0.0019253333421623007,-11.672872783445053,0.022198507095209763
2022-07-19,0.004560607679139897,303,-0.002836949575180105,-11.66922379199893,0.0036489914461235173
2022-07-20,-0.018510026156643024,222,-0.0028399941791234086,-11.687736862759515,-0.018513070760585393
2022-07-21,0.002796153561764135,180,-0.004120475002344503,-11.686221190020973,0.0015156727385416957
2022-07-22,0.0021365075903833413,145,-0.015377853259674876,-11.695342060687919,-0.00912087066694589
2022-07-23,-0.037869487073336816,110,-0.00042855490097146886,-11.718262249402551,-0.022920188714632417
2022-07-24,0.0006276456285746247,47,-5.401435352712135e-05,-11.717260063226533,0.001002186176018327
2022-07-25,0.001878388991925788,119,-0.03726410955039863,-11.75259176943148,-0.0353317062049463
2022-07-26,-0.04091743428592907,126,-0.00016633353250387493,-11.756411427699511,-0.0038196582680321
2022-07-27,0.002030540117999859,137,-0.00018381150416191554,-11.75439836555317,0.002013062146341227
2022-07-28,0.002640121080648319,174,-0.002824342421775326,-11.754398775390134,-4.0983696436569517e-07
2022-07-29,0.002728102457577893,176,-0.00868058686199128,-11.757526917372774,-0.003128141982639221
2022-07-30,0.001712812505375575,115,-0.014371945841253347,-11.761505463846659,-0.0039785464738848475
2022-07-31,0.0014778776753017104,93,-0.027008568964834518,-11.77266420929494,-0.011158745448280882
2022-08-01,-0.03770151473290421,94,-0.0014319638867201514,-11.784789118949728,-0.012124909654788851
2022-08-02,0.0022551162357966207,148,-0.006509170248161745,-11.787611209075374,-0.0028220901256457154
2022-08-03,0.0014574116353338658,102,-0.009890524560250049,-11.789535151752128,-0.001923942676754109
2022-08-04,0.001569591727557523,101,-0.018286496235472113,-11.796361531699793,-0.0068263799476646625
2022-08-05,0.001772861141197657,120,-0.0008535439320580811,-11.77715571825518,0.019205813444612474
2022-08-06,0.0004025145248570681,28,-0.006977501062395448,-11.78287716086066,-0.005721442605480576
2022-08-07,0.0005429519099453716,37,-0.002713216252150348,-11.77806992414047,0.0048072367201914545
2022-08-08,0.0011333650892801535,77,-0.0044757426142913795,-11.77869908541333,-0.000629161272859946
2022-08-09,-0.028517257630158183,39,-0.0002606544731766028,-11.803001254902373,-0.024302169489043735
2022-08-10,0.001941647746817375,128,-0.0015383202820389748,-11.802337272964419,0.000663981937954361
2022-08-11,0.0013393013951188077,97,-0.005384786548053487,-11.804844437835314,-0.0025071648708951955
2022-08-12,0.0013313063374633565,89,-0.00011088758448972302,-11.798239232534288,0.006605205301026373
2022-08-13,0.0006437926564058807,49,-1.7929720612123992e-05,-11.797502482014004,0.0007367505202839908
2022-08-14,0.00029047260719100153,19,-0.009844869687691753,-11.807038949373894,-0.00953646735989011
2022-08-15,-0.0249827275701582,110,-0.0010739868991579173,-11.823250794155518,-0.016211844781624407
2022-08-16,0.0012173849079612539,82,-0.004648977986204078,-11.825608400334602,-0.00235760617908376
2022-08-17,0.0010845527947329306,71,-0.019448554229170616,-11.839323423782835,-0.013715023448233055
2022-08-18,0.00021782306264717623,13,-0.025162055688577944,-11.844819102179596,-0.005495678396760795
2022-08-19,-0.0675085634002274,142,-0.029578728121731318,-11.916744338012977,-0.0719252358333815
2022-08-20,0.0012153217616085216,74,-0.015629237758898924,-11.901579525888538,0.015164812124439209
2022-08-21,0.0013301657924970512,87,-0.0036241506971935993,-11.888244273034335,0.013335252854203006
2022-08-22,0.0016657006296426178,104,-0.006069758220302783,-11.889024179927802,-0.0007799068934666309
2022-08-23,0.001499481000623475,98,-0.0033752598814518987,-11.884830200588327,0.004193979339474296
2022-08-24,0.0011601950206503238,77,-0.008134310543478842,-11.888429056229704,-0.0035988556413766304
2022-08-25,0.0008241178533090419,57,-0.0038450729814075214,-11.883315700814324,0.005113355415380383
2022-08-26,-0.03679714226967422,122,-0.007418005662980712,-11.92368577576557,-0.04037007495124634
2022-08-27,0.000301443550898409,18,-0.014466154862326637,-11.930432481414018,-0.006746705648447815
2022-08-28,-0.026661222546984366,4,-0.003267380466706843,-11.945894929565382,-0.015462448151364327
2022-08-29,0.0007401787373553602,52,0.0,-11.94188737036132,0.004007559204062261
2022-08-30,-0.01568728029613294,70,-0.0013370470187942162,-11.958911697676246,-0.017024327314926424
2022-08-31,0.0017519986285477363,112,-0.0055445611500956615,-11.961367213179,-0.0024555155027545794
2022-09-01,0.0007647519616780533,46,-0.00379395519078616,-11.958851855258013,0.002515357920987782
2022-09-02,0.0009312406606515661,58,-0.008995949228310526,-11.963122608634885,-0.004270753376871994
2022-09-03,3.386201631102399e-05,2,-0.012849968148379695,-11.966942765538644,-0.003820156903758587
2022-09-04,0.0,0,-0.007439691505001529,-11.961532488895266,0.005410276643377898
2022-09-05,1.6931008155511996e-05,1,-0.013497516870209723,-11.967573383252317,-0.00604089435705113
2022-09-06,-0.034096504302770135,57,-0.013330442757516145,-12.001502813442393,-0.033929430190076104
2022-09-07,0.0008893564729828551,58,-0.0020078687635504055,-11.989290882975444,0.012211930466948573
2022-09-08,0.0013612498056435243,93,-0.0016821343629456241,-11.987603898769196,0.0016869842062483542
2022-09-09,0.0013165550374505189,94,0.0,-11.9846052093688,0.0029986894003961595
2022-09-10,0.0009204535269264581,59,-0.0009079211680038574,-11.984592677009877,1.2532358923067477e-05
2022-09-11,0.0013414563596217826,90,3.418235176702629e-05,-11.982309117130484,0.0022835598793928824
2022-09-12,0.001679414459275064,113,-0.0001377704925334867,-11.98080165551551,0.0015074616149739484
2022-09-13,-0.05318991541764049,157,-0.0028957082382713275,-12.036749508678888,-0.055947853163377914
2022-09-14,0.0019095808605013092,125,-0.0025447187875071915,-12.034488938367623,0.002260570311264587
2022-09-15,0.0016252300204306828,103,-0.01895356459281751,-12.049272554152502,-0.014783615784878634
2022-09-16,-0.03241646927185055,26,6.364700389734224e-05,-12.06267181182764,-0.013399257675137832
2022-09-17,0.0002903096180389209,19,-0.00019214131809475594,-12.062637290531592,3.4521296047529404e-05
2022-09-18,-0.017197768390668243,39,-0.0004197614174550335,-12.08006267902162,-0.01742538849002706
2022-09-19,-0.014955724577853486,149,-0.0006555936817706492,-12.09525423586379,-0.015191556842170328
2022-09-20,0.002146188572665097,137,-0.020694834353219782,-12.113147287962574,-0.01789305209878478
2022-09-21,-0.028285113360849483,227,-0.0014062521312658478,-12.12214381910147,-0.008996531138896202
2022-09-22,0.0025702916601977833,170,-0.000337623679996952,-12.118504898990002,0.00363892011146838
2022-09-23,0.0012438112536498078,80,-0.0014135278080349932,-12.11833699186439,0.00016790712561132182
2022-09-24,0.0011954295821252534,75,-0.010316534603676304,-12.126044569077907,-0.007707577213516004
2022-09-25,0.0007164948502526202,44,-0.01625485532838445,-12.131266394952362,-0.005221825874455632
2022-09-26,0.0015543931366975737,98,-0.0025006660618061426,-12.115957812549087,0.01530858240327504
2022-09-27,-0.028135648844967977,167,-0.0036763737857072776,-12.145269169117956,-0.02931135656886852
2022-09-28,0.001967922971943541,132,-0.0017197281067779738,-12.141344600467084,0.0039245686508717625
2022-09-29,0.002255567818073709,156,-0.00011921847398656564,-12.13748852301622,0.003856077450864248
2022-09-30,0.0018255293470726486,123,-0.014385832772838399,-12.149929607967998,-0.012441084951777981
2022-10-01,-0.020897560238693175,18,-0.00019381784235762903,-12.15663515327621,-0.006705545308211214
2022-10-02,0.0007294318199977266,48,-0.00295130580225996,-12.158663209416114,-0.0020280561399044217
2022-10-03,0.0013474225527619669,94,0.0,-12.154364481061092,0.0042987283550210975
2022-10-04,0.001321133940332352,90,-0.00018378588715822373,-12.153227133007919,0.0011373480531737812
2022-10-05,0.0013260139214608911,89,-0.002008336595865145,-12.153725669795167,-0.0004985367872478719
2022-10-06,0.001340095052160945,92,-0.006915280096517908,-12.157292518243658,-0.0035668484484912
2022-10-07,0.000361487708654528,23,-0.022728919581132392,-12.172744670019618,-0.015452151775960488
2022-10-08,0.0,0,-0.02747861127468672,-12.177494361713173,-0.004749691693554325
2022-10-09,0.0,0,-0.026586535050070123,-12.176602285488556,0.0008920762246162894
2022-10-10,-0.037522759051134134,44,-0.0034326129963466443,-12.190971122485967,-0.014368836997411094
2022-10-11,0.0007380769178863,47,-0.005153131428984001,-12.191953564000718,-0.000982441514750576
2022-10-12,0.00046528460676228625,30,-0.0029580239284190493,-12.189293171893393,0.002660392107324938
2022-10-13,-0.03352716020921055,80,-0.0005094587396903743,-12.220371766913875,-0.031078595020481714
2022-10-14,0.0006799807863493298,48,-0.004694965762270036,-12.223877293150105,-0.0035055262362302386
2022-10-15,0.0002903895112536019,19,-0.0077025010118883346,-12.226594438888469,-0.002717145738364124
2022-10-16,0.0004249572270703638,29,-0.002856988202144114,-12.221323968851655,0.005270470036814245
2022-10-17,0.0005594586385544743,41,-2.3193505624133054e-05,-12.217930715516582,0.003393253335072899
2022-10-18,0.0006901013477998047,50,-0.0020869817556966033,-12.219304402418855,-0.0013736869022729081
2022-10-19,0.00046148288137652296,31,-0.006389783860980553,-12.22314572164276,-0.003841319223905515
2022-10-20,0.000659569037255945,43,-0.009609085587701582,-12.225705454332227,-0.0025597326894661876
2022-10-21,0.0007560816426926208,48,-0.005738129114234538,-12.221078416216066,0.004627038116160165
2022-10-22,8.895728437127742e-05,6,-0.0046781339640102225,-12.21992946378147,0.0011489524345957847
2022-10-23,0.00037493171187705747,27,2.931447169102542e-05,-12.214847083633893,0.005082380147577226
2022-10-24,0.00046574734178007904,33,-0.0016581188904072927,-12.216068769654212,-0.0012216860203189128
2022-10-25,0.00091069401237996,63,-0.003268227436176019,-12.216768184187602,-0.0006994145333898416
2022-10-26,0.0014222325056867434,96,-0.001720318053963046,-12.2137980422997,0.0029701418879017893
2022-10-27,0.001004311858312622,61,-0.013682613759143073,-12.224756026146567,-0.010957983846866526
2022-10-28,-0.020317714421122148,42,0.0,-12.231391126808546,-0.006635100661979365
2022-10-29,0.0007689711155864283,50,-0.002002401441616704,-12.232624557134576,-0.0012334303260299606
2022-10-30,0.0005297057876603707,33,-0.00521996736248924,-12.235312417267789,-0.0026878601332125385
2022-10-31,0.00037396425980154254,23,-0.00980608541948479,-12.239524571064981,-0.0042121537971926415
2022-11-01,0.00025065053156668937,15,-0.010045909880280986,-12.239513744994213,1.0826070768743534e-05
2022-11-02,-0.024787175170331337,29,2.118627449767781e-06,-12.254252891656813,-0.014739146662600788
2022-11-03,0.000541951973035842,38,-0.0007822826697321916,-12.25449534098096,-0.00024244932414596576
2022-11-04,0.0010113542088956242,70,-0.00045682137533705185,-12.25315852547767,0.001336815503290012
2022-11-05,0.0003718074537929863,28,-0.0001087997436448428,-12.252438696392185,0.0007198290854848466
2022-11-06,0.00028889058150362285,21,-0.005585594989349391,-12.257626601056387,-0.005187904664202492
2022-11-07,0.0007252948360935227,46,-0.016210988915000876,-12.267526700145943,-0.009900099089556136
2022-11-08,-0.1367336215858355,338,-0.000992994228732213,-12.389042327045509,-0.12151562689956563
2022-11-09,-0.11273040770713502,478,0.0005471827221400384,-12.500232557801771,-0.11119023075626266
2022-11-10,0.006287847377523452,357,-0.006372893380246113,-12.500864786526636,-0.0006322287248643477
2022-11-11,-0.039262676326268925,249,-0.0008392978136141662,-12.534593867286272,-0.03372908075963643
2022-11-12,0.0014813055698837088,96,-0.006798754438086524,-12.53907201834086,-0.004478151054588153
2022-11-13,0.0006519331557210963,40,-0.03118359742198994,-12.562804928169042,-0.023732909828181548
2022-11-14,-0.036092654717860974,220,-0.011091951336534312,-12.578805936801446,-0.01600100863240428
2022-11-15,0.0021800171303379082,143,-0.0038859273058208747,-12.569419895640396,0.009386041161050684
2022-11-16,0.001111095090943215,70,-0.012664253131487323,-12.577087126375119,-0.007667230734723418
2022-11-17,0.0007251338315170707,44,-0.011296856131577548,-12.574994595543693,0.0020925308314261315
2022-11-18,0.0008404424018627213,54,-0.010947696517646469,-12.573804993527899,0.001189602015793767
2022-11-19,0.00019451725719585238,12,-0.010937518227253059,-12.57360029798031,0.00020469554758939523
2022-11-20,-0.04059510495836132,22,-0.00022287877240250654,-12.603480763483821,-0.029880465503511644
2022-11-21,-0.02398481278300331,119,-0.0001926380952630389,-12.627435335589684,-0.023954572105862937
2022-11-22,0.0013296303930017172,93,-0.0003456769420446365,-12.626258744043465,0.0011765915462191856
2022-11-23,0.0007655655294108068,57,0.0,-12.625147501572009,0.0011112424714561087
2022-11-24,3.880202350705558e-05,3,0.0,-12.625108699548502,3.880202350714512e-05
2022-11-25,0.0002764398655924558,21,0.0,-12.62483225968291,0.00027643986559233724
2022-11-26,0.00015790686053709105,12,-0.00013936179878204464,-12.624813714621155,1.8545061754693393e-05
2022-11-27,9.130761483278539e-05,7,-0.00033304717211078374,-12.624916092379651,-0.00010237775849653019
2022-11-28,0.000999118939836854,68,-0.003591602792653594,-12.627175529060356,-0.0022594366807044963
2022-11-29,0.0007700472563948128,56,-0.00020778403014993965,-12.623021663041458,0.004153866018898
2022-11-30,0.0021174129248507636,81,0.0,-12.620696466086457,0.0023251969550006635
2022-12-01,0.0004818410561315283,35,-0.0017420830037591373,-12.621956708034084,-0.001260241947626639
2022-12-02,0.0004565534430601223,32,-0.0004033668430639708,-12.62016143843033,0.0017952696037539795
2022-12-03,0.00012770412898140124,9,-0.004159105560482947,-12.623789473018766,-0.00362803458843608
2022-12-04,0.00040070160086114843,29,-0.00033652247445488306,-12.619566188331877,0.004223284686888817
2022-12-05,0.00030397602753504555,22,-0.0016434674124236322,-12.62056915724231,-0.0010029689104325001
2022-12-06,0.00039323005725486464,28,-0.0001886599713723654,-12.618721119744006,0.0018480374983038672
2022-12-07,0.00028602817412010784,19,-0.0035614448153593976,-12.621807876413872,-0.00308675666986602
2022-12-08,0.0004130013657580921,29,0.0,-12.617833430232755,0.00397444618111642
2022-12-09,9.265889393053465e-05,7,-0.00018921529624886375,-12.617929986635074,-9.655640231898133e-05
2022-12-10,5.212081133425714e-05,4,-0.0001458744930637819,-12.617834525020555,9.546161451901014e-05
2022-12-11,9.188629970192888e-05,7,-0.0004931650912662662,-12.618089929319055,-0.00025540429849968405
2022-12-12,0.00030592587333144934,22,0.0,-12.617290838354458,0.0007990909645965161
2022-12-13,0.0005794709857391352,41,-0.001911815305322612,-12.618623182674042,-0.0013323443195840667
2022-12-14,0.0004262627396815218,30,-0.00908550655455858,-12.625370611183596,-0.006747428509553899
2022-12-15,-0.01502535667528919,30,-0.006229414411109184,-12.637539875715436,-0.012169264531840085
2022-12-16,-0.02283796409039087,37,-0.0046910128172477205,-12.658839438211965,-0.021299562496528424
2022-12-17,0.00043078608266882914,27,-0.0016539826770663388,-12.655371621989115,0.003467816222849862
2022-12-18,0.0002183612219204252,14,-0.0023756920119203983,-12.65587497010205,-0.0005033481129341766
2022-12-19,0.0004351132279489416,27,-0.012002542605384739,-12.665066707467565,-0.009191737365515706
2022-12-20,0.0008564983982439903,56,-0.0013539188437197186,-12.653561585307655,0.011505122159910286
2022-12-21,0.00022659803166922955,15,-0.0026477779256103163,-12.654628846357875,-0.0010672610502204805
2022-12-22,0.0003152276575039871,20,-0.0027242977741137467,-12.654390138548875,0.00023870780900026034
2022-12-23,0.00027007379517911067,18,-0.0037589132924374723,-12.65515468027202,-0.0007645417231447738
2022-12-24,6.057180795095966e-05,4,-0.0024277668690078176,-12.65376296204064,0.001391718231380068
2022-12-25,0.00010725837087668031,7,-0.0024720656808985696,-12.653700002481653,6.295955898671934e-05
2022-12-26,0.00010404999278051842,7,-0.0010032210205073665,-12.652127107828482,0.0015728946531705645
2022-12-27,0.00024877932743229094,16,-0.005847988596070403,-12.656723096076613,-0.004595988248130567
2022-12-28,0.00035762845668949625,22,-0.012073866296699017,-12.662591345320553,-0.005868249243940582
2022-12-29,0.00019820525675772323,12,-0.00842612664677466,-12.65874540041387,0.0038459449066827744
2022-12-30,6.668780269462608e-05,4,-0.009457027676146286,-12.659709613640548,-0.0009642132266769465
2022-12-31,8.382555053435251e-05,5,-0.01230766365206875,-12.662476424065934,-0.0027668104253866233
2023-01-01,8.403313405402141e-05,5,-0.009071578869136288,-12.659156306148947,0.003320117916986831
2023-01-02,0.00022263141497547465,14,-0.006973186895125877,-12.65683528275996,0.002321023388986987
2023-01-03,0.00015963244544987387,10,-0.006891023959873994,-12.656593487379258,0.00024179538070256967
2023-01-04,0.0005405856970822744,36,-0.0018281772446790009,-12.65099005496698,0.005603432412277343
2023-01-05,9.115917339755739e-05,6,-0.0021557168604024396,-12.651226435409306,-0.0002363804423257676
2023-01-06,0.00023892190269000557,16,-0.0005238902477005703,-12.649355686893914,0.001870748515392151
2023-01-07,1.4494589633865646e-05,1,-0.0005863238922538199,-12.649403625948834,-4.793905491951023e-05
2023-01-08,0.0001682273831675274,12,-6.722609501848062e-05,-12.648716300768431,0.0006873251804027092
2023-01-09,0.00018358020940808828,14,-3.393643788523002e-05,-12.648499430901891,0.00021686986653968177
2023-01-10,2.586801567137803e-05,2,0.0,-12.648439626448335,5.98044535564668e-05
2023-01-11,0.000270178745789571,19,0.0,-12.648169447702545,0.00027017874579016166
2023-01-12,0.0015574862796042315,101,-0.0021483500777697063,-12.648760311500709,-0.0005908637981644205
2023-01-13,0.0015471221661220093,105,-0.00014152612644158742,-12.64520636538326,0.0035539461174494136
2023-01-14,0.00281336692724038,180,-0.0017379002920053033,-12.643989372621583,0.0012169927616767495
2023-01-15,0.0011606147062819122,72,-0.0029720683696971622,-12.644062925992994,-7.35533714113501e-05
2023-01-16,0.0019916826917611022,134,-0.001213685258151267,-12.640312860189686,0.003750065803307834
2023-01-17,0.0014596847401493304,103,-0.002396231468301583,-12.640035721659688,0.00027713852999866617
2023-01-18,0.0018128301704125947,121,-0.016678506156499667,-12.652505166177473,-0.012469444517785533
2023-01-19,0.0006772176417665437,43,-0.004410621829519552,-12.639560064208725,0.012945101968748318
2023-01-20,0.001099049587481731,78,0.0,-12.634050392791723,0.005509671417001982
2023-01-21,0.0016003136546908145,112,-0.006307079020097189,-12.638757158157128,-0.004706765365405374
2023-01-22,0.0016071677467294331,104,-0.008855624173697077,-12.639698535563998,-0.0009413774068693925
2023-01-23,0.0014816408397272903,99,-0.0038443167746125347,-12.633205587325186,0.0064929482388116355
2023-01-24,0.0011686548797280722,79,-0.010396839438864743,-12.63858945510971,-0.005383867784523488
2023-01-25,0.0014792695069132976,95,-0.009316092600498722,-12.63602943876443,0.002560016345279692
2023-01-26,0.0,0,-0.010296220800412481,-12.637009566964345,-0.000980128199914887
2023-01-27,-0.01658374485522582,68,-0.00013952004604445681,-12.643436611065201,-0.006427044100856705
2023-01-28,0.00021429145970181784,16,-0.00033266318839129895,-12.643415462747846,2.1148317355113022e-05
2023-01-29,0.0006392485766400198,45,-0.0009155301193175182,-12.643359081102133,5.6381645713088346e-05
2023-01-30,-0.03416271755917313,56,-3.2859648402933723e-06,-12.676609554506829,-0.03325047340469567
2023-01-31,0.0006534332843729649,48,0.0,-12.675952835257615,0.0006567192492141771
2023-02-01,0.0009095879426706643,66,-8.578849540963375e-05,-12.675129035810354,0.0008237994472608534
2023-02-02,0.0009902885693949942,71,-0.004954187643542258,-12.679007146389091,-0.003878110578737548
2023-02-03,0.0009546037921840827,62,-0.006010463449691869,-12.679108818403057,-0.00010167201396527048
2023-02-04,0.00023285185554769964,15,-0.008897232714034267,-12.68176273581185,-0.0026539174087929496
2023-02-05,0.00021207020226655663,13,-0.022695003755385922,-12.695348436650935,-0.01358570083908539
2023-02-06,5.079302446653867e-05,3,-0.029213321679719084,-12.701815961550802,-0.006467524899866461
2023-02-07,0.0002318613669917401,14,-0.01162159648649,-12.68399237499058,0.01782358656022076
2023-02-08,0.00011398543588670278,7,-0.02211440014664351,-12.694371193214847,-0.01037881822426634
2023-02-09,-0.03881734822583853,44,-0.021719425047764886,-12.732793566341808,-0.03842237312696106
2023-02-10,-0.027008595193164914,20,-0.0009031608051755734,-12.738985897292384,-0.006192330950575808
2023-02-11,0.00026211225956195017,18,-2.8468624727384928e-05,-12.737849092852372,0.0011368044400121846
2023-02-12,0.0003932814417459304,28,-0.0026349594502503232,-12.740062302236149,-0.002213209383777226
2023-02-13,0.0009164319018296184,61,-0.003018501889845705,-12.739529412773916,0.0005328894622333991
2023-02-14,0.0007516713183469708,54,0.0,-12.735759239565722,0.003770173208193839
2023-02-15,0.0009951745415020053,70,0.0,-12.734764065024219,0.0009951745415026636
2023-02-16,-0.04270748012373905,130,-0.0010438309526739301,-12.778515376100634,-0.04375131107641472
2023-02-17,0.001845243572169514,129,-0.0035168872177957023,-12.779143188793585,-0.0006278126929508687
2023-02-18,0.0005595900541352606,39,-0.0025496581712094917,-12.777616369692865,0.001526819100719834
2023-02-19,0.0011271377192206486,79,-0.010473573497871768,-12.784413147300306,-0.006796777607441129
2023-02-20,0.0016215851893862702,114,-0.0003550646175340172,-12.77267305323058,0.01174009406972587
2023-02-21,0.0013987585627228227,97,-0.0038317184962955984,-12.77475094854662,-0.0020778953160398572
2023-02-22,0.0010367530012388014,63,-0.01026029024986358,-12.78014276729895,-0.005391818752329414
2023-02-23,0.0007998309583939175,50,-0.01762725814085695,-12.786709904231548,-0.006567136932599027
2023-02-24,-0.03723029864919008,69,-0.0031569224174828464,-12.809469867157365,-0.02275996292581617
2023-02-25,0.00038382610182431686,23,-0.0036074804283955484,-12.809536599066453,-6.67319090883467e-05
2023-02-26,0.0008586983243187647,56,-0.00035321257682908834,-12.805423632890568,0.004112966175885191
2023-02-27,0.0011412271514419728,77,-0.0035676881232931594,-12.80749688128559,-0.0020732483950229863
2023-02-28,0.0008089486969426844,53,-0.012296580590276964,-12.815416825055632,-0.007919943770041016
2023-03-01,0.001342535181718022,94,-0.0018326332972128626,-12.803610342580848,0.011806482474783664
2023-03-02,0.0006184766747566542,41,-0.004533221162082358,-12.805692453770963,-0.0020821111901145883
2023-03-03,-0.046697123420048996,77,-0.004359748690696939,-12.852216104719625,-0.04652365094866262
2023-03-04,0.00019761767620914144,13,-0.004532025069810503,-12.85219076342253,2.5341297094527704e-05
2023-03-05,0.0005530403991392936,38,-0.0029332878044049148,-12.850038985757985,0.002151777664545662
2023-03-06,0.00035007190713316066,24,-0.0032915822432891834,-12.850047208289736,-8.222531750590178e-06
2023-03-07,0.0008308031342537212,53,-0.008252369348518866,-12.854177192260712,-0.004129983970976525
2023-03-08,0.0007010042905229044,43,-0.02730934244657764,-12.87253316106825,-0.018355968807536982
2023-03-09,-0.05293788717042815,49,-0.0038071001349109785,-12.901968805927009,-0.029435644858759602
2023-03-10,-0.022375712364217672,103,0.0,-12.920537418156316,-0.01856861222930739
2023-03-11,0.0009365453263660195,58,-0.0016163496770459182,-12.921217222506996,-0.0006798043506801577
2023-03-12,0.0016010304145576745,107,-0.000454154925548959,-12.918453997340942,0.0027632251660545393
2023-03-13,0.0030323245128967575,213,-0.00359313327760343,-12.918560651180098,-0.00010665383915586801
2023-03-14,-0.03858927251176206,228,-0.00020258709365370938,-12.953759377507911,-0.03519872632781329
2023-03-15,0.0033701982630561077,237,-0.004925384332275061,-12.955111976483476,-0.0013525989755649448
2023-03-16,0.0015648236189503332,113,0.0,-12.94862176853225,0.006490207951225457
2023-03-17,0.0031031098065504386,217,-0.001582970319254407,-12.947101629044955,0.0015201394872956797
2023-03-18,0.0019977690561158246,124,-0.01052068819703973,-12.954041577866624,-0.006939948821669262
2023-03-19,0.0018628131109203689,127,-0.0010282912757137983,-12.942686367834378,0.011355210032245822
2023-03-20,0.0029149939331502253,202,-0.004307685617615533,-12.943050768243129,-0.00036440040875085344
2023-03-21,0.001671671883759701,119,-0.0002494635705330227,-12.937320874312288,0.005729893930841001
2023-03-22,-0.014274625869516963,92,-0.005437857605645572,-12.956783894216917,-0.019463019904629064
2023-03-23,0.0017665837483294006,114,-0.0034025869158270205,-12.95298203977877,0.0038018544381479558
2023-03-24,-0.02184038849785572,46,-0.0006424441452574809,-12.972062285506054,-0.019080245727284506
2023-03-25,0.0007240313908562478,49,-0.0020514028096881715,-12.972747212779629,-0.0006849272735749423
2023-03-26,0.0006841518309046934,50,0.0,-12.970011658139036,0.002735554640592497
2023-03-27,0.0011289297967650002,75,-0.01146792308334587,-12.980350651425617,-0.010338993286580944
2023-03-28,0.0012512391306532889,77,-0.008534634433942354,-12.97616612364556,0.004184527780056513
2023-03-29,0.0009814837973070652,65,-0.0012656167853532362,-12.967915622199664,0.008250501445896674
2023-03-30,0.0012905692521351527,85,-0.019277135205780383,-12.984636571367956,-0.01672094916829181
2023-03-31,0.0009022870281602998,57,-0.007184567273546995,-12.971641716407564,0.012994854960391322
2023-04-01,0.00035098786830921737,23,-0.0074475978101478215,-12.971553759075855,8.79573317096316e-05
2023-04-02,0.0004592326992389715,28,-0.014627273590525467,-12.978274202156994,-0.006720443081139393
2023-04-03,-0.04430304614654659,65,-3.604446387784523e-05,-13.007986019176894,-0.029711817019899556
2023-04-04,0.0007239556105722843,48,-0.0012823171508860572,-13.00850833625333,-0.0005223170764363516
2023-04-05,0.0009686144671412874,63,-0.0054616495279427146,-13.011719054163246,-0.0032107179099156724
2023-04-06,0.0005622009266999269,34,-0.00789818038834278,-13.013593384096946,-0.0018743299337007358
2023-04-07,0.000235376816226719,14,-0.010731185845864803,-13.016191012738242,-0.002597628641295202
2023-04-08,0.00013193092833821646,8,-0.009977620645455529,-13.015305516609494,0.0008854961287472207
2023-04-09,0.0003680697346721542,23,-0.0034379288692058313,-13.008397755098573,0.006907761510921873
2023-04-10,0.0004542879708302533,31,-0.0001827235537674746,-13.004688261812303,0.0037094932862693497
2023-04-11,0.0009967747699702878,73,-8.300723644687006e-05,-13.003591770725013,0.0010964910872903744
2023-04-12,0.0006628115995742976,48,-0.0021957722556142666,-13.005041724144608,-0.0014499534195948627
2023-04-13,0.00030696029053588767,23,0.0,-13.002538991598458,0.002502732546149744
2023-04-14,0.0006661960340716838,42,-0.0038077107217321994,-13.005680506286119,-0.0031415146876607736
2023-04-15,0.00016537945505254806,10,-0.006631258332670501,-13.008338674442005,-0.0026581681558859316
2023-04-16,0.00023268748702804412,14,-0.006156059389902104,-13.007630788012207,0.0007078864297973553
2023-04-17,-0.021412574059744515,15,-0.0017640017510308931,-13.024651304433082,-0.017020516420874543
2023-04-18,0.0005521417258255019,39,0.0,-13.022335160956226,0.0023161434768557143
2023-04-19,0.0011666164127424957,74,-0.018526850486218095,-13.039695395029701,-0.01736023407347531
2023-04-20,-0.030669274812220964,52,-0.0070137245374061775,-13.05885154389311,-0.019156148863409328
2023-04-21,-0.03868263888932242,68,-0.00037704812760742815,-13.090897506372633,-0.03204596247952196
2023-04-22,0.00044464317188501874,32,0.0,-13.09007581507314,0.0008216912994924996
2023-04-23,0.0006354965534546209,46,-0.0006846641075815008,-13.090124982627266,-4.9167554125872925e-05
2023-04-24,0.0010492482989697919,74,-0.0011617209863555634,-13.08955279120707,0.0005721914201952671
2023-04-25,0.0007498360032026222,53,-0.00024290076222249378,-13.087884134979735,0.0016686562273360295
2023-04-26,-0.02755069025604167,154,-0.002423568012835077,-13.11761549248639,-0.029731357506655343
2023-04-27,0.0024324973700019363,156,-0.002290437153642843,-13.115049864257196,0.002565628229193706
2023-04-28,0.0009917029271065674,64,-0.004503639897294088,-13.116271364073741,-0.0012214998165447355
2023-04-29,0.00021674206569911663,14,-0.005861457563069583,-13.117412439673817,-0.0011410756000760358
2023-04-30,0.0008302508637780238,56,-0.007311437784557909,-13.118032169031528,-0.0006197293577105967
2023-05-01,-0.030484240795862264,41,-0.002000636935823254,-13.143205608978656,-0.025173439947128173
2023-05-02,0.000861934787635045,61,-1.5535894613017834e-05,-13.140358573149811,0.002847035828844824
2023-05-03,0.001341137809591251,97,-0.0008957304990826977,-13.13989762994469,0.0004609432051214668
2023-05-04,0.0006227131383075323,39,-0.004508326182950762,-13.14288751249025,-0.0029898825455596523
2023-05-05,0.0010271165563986828,69,-0.0004310483634253759,-13.137783118114326,0.005104394375923249
2023-05-06,0.0005033679025271288,33,-0.013205399376423229,-13.150054101224796,-0.012270983110470368
2023-05-07,0.0006004562501726836,37,-0.026447624592250037,-13.162695870190452,-0.012641768965655942
2023-05-08,-0.039301925682351656,43,-0.0028939112000163788,-13.17844408248057,-0.015748212290118246
2023-05-09,0.0006456163527094505,39,-0.003457613645483219,-13.178362168573328,8.191390724299197e-05
2023-05-10,-0.021136552640947905,66,0.0,-13.196041107568792,-0.017678938995464577
2023-05-11,0.0008155328408500351,58,-0.0035596498782313676,-13.198785224606175,-0.00274411703738231
2023-05-12,0.0010114657850148173,63,-0.006809706662011166,-13.20102381560494,-0.002238590998764778
2023-05-13,0.00037572838140196934,25,-0.0070848483787548195,-13.200923228940281,0.0001005866646579534
2023-05-14,0.0004325736686712232,29,-0.0044023687057062975,-13.197808175598562,0.003115053341719687
2023-05-15,0.0005310876513639064,39,-0.001186842151202807,-13.194061561392694,0.0037466142058679708
2023-05-16,0.0005552456770710379,39,-0.00260091192148971,-13.19492038548591,-0.0008588240932159152
2023-05-17,0.000743234959826487,51,1.1398481823956111e-05,-13.19156484012277,0.003355545363140422
2023-05-18,0.0006846526204452602,47,-0.006252166805424327,-13.197143752789573,-0.005578912666804214
2023-05-19,0.0004613002629875625,31,-0.004726896869499861,-13.19515718259066,0.001986570198912574
2023-05-20,0.00011517030001462168,8,-0.0017859812501813189,-13.192101096671328,0.0030560859193329293
2023-05-21,0.00022122746342776784,15,-0.007868170174118541,-13.197962058131838,-0.005860961460509628
2023-05-22,0.000390246343335049,26,-0.005684725510634628,-13.19538836712502,0.002573691006817924
2023-05-23,0.0004303386650710258,31,-0.0007250384914033546,-13.189998341440717,0.005390025684302913
2023-05-24,0.00044507150078342526,28,-0.016054703171226727,-13.204882934619757,-0.01488459317904045
2023-05-25,0.0002673773110463733,16,-0.012227814010406672,-13.200788668147892,0.004094266471865282
2023-05-26,0.0004306444667801398,27,-0.006808385659706595,-13.194938595330411,0.005850072817480623
2023-05-27,0.00015516213646436008,10,-0.004349780213082856,-13.192324827747324,0.0026137675830870677
2023-05-28,0.00046681842598537645,33,-0.0006481679257889412,-13.188156397034044,0.004168430713280102
2023-05-29,0.00047442151367119086,30,-0.00774069917793026,-13.194774506772514,-0.006618109738470324
2023-05-30,0.0005935052507354946,37,-0.008683752410928492,-13.195124054754777,-0.0003495479822621661
2023-05-31,-0.030736290040259802,27,-0.00015443900841750362,-13.217331031392526,-0.022206976637749065
2023-06-01,0.0006236320173751657,42,-0.005024644845141191,-13.221577605211875,-0.004246573819349564
2023-06-02,0.0005714170738344191,39,-0.000233111178215659,-13.216214654471115,0.0053629507407606525
2023-06-03,0.00015570365086808527,11,-0.0014243038188506048,-13.217250143460882,-0.0010354889897676856
2023-06-04,0.00018076593553364992,13,-0.0020064245206401115,-13.217651498227138,-0.0004013547662555794
2023-06-05,-0.04550089248038749,57,-0.0013176761709310673,-13.262463642357815,-0.04481214413067747
2023-06-06,0.001324731601291188,92,-1.799840113942087e-05,-13.259839232986732,0.002624409371083658
2023-06-07,0.0014462830675053759,94,-0.01325617134655887,-13.271631122864646,-0.01179188987791413
2023-06-08,0.000663671526306584,42,-0.008853321865050664,-13.266564601856832,0.005066521007814018
2023-06-09,0.0003755722662314393,24,-0.009056149134622993,-13.266391856860173,0.00017274499665909104
2023-06-10,-0.03793021485724805,87,-0.0015615388243569385,-13.296827461407155,-0.03043560454698202
2023-06-11,0.0004865056601754432,35,-0.0010464746522602397,-13.295825891574882,0.0010015698322725086
2023-06-12,0.0005922484842178848,42,-0.001195214886726839,-13.295382383325132,0.0004435082497504794
2023-06-13,0.0006261748767416723,46,-0.0009629317507393264,-13.294523925312404,0.0008584580127273256
2023-06-14,0.0005828510428833891,40,-0.014308158976473832,-13.307286301495255,-0.012762376182850588
2023-06-15,0.0004586251334373553,29,-0.005485408088783731,-13.298004925474128,0.009281376021126775
2023-06-16,0.000709417677935614,48,0.0,-13.291810099707408,0.006194825766719703
2023-06-17,0.00031196460410441864,20,-0.0020547240267890132,-13.293552859130093,-0.0017427594226848697
2023-06-18,0.00037962351494801126,24,-0.004756349511308423,-13.295874861099664,-0.002322001969570664
2023-06-19,0.0007260506445352897,47,-0.000897533099590003,-13.291289994043408,0.004584867056255604
2023-06-20,0.0011564464057290562,82,-8.74552162725068e-05,-13.289323469754363,0.0019665242890454238
2023-06-21,0.0015724453032759486,103,-0.007932051500068102,-13.295595620734883,-0.006272150980519697
2023-06-22,0.0008609852404955315,52,-0.010648815411138369,-13.297451399405457,-0.0018557786705741819
2023-06-23,0.0013931347909362974,95,-0.004441755811128877,-13.289851205014513,0.0076001943909442815
2023-06-24,0.0005031331194593558,33,-0.007130196313672712,-13.292036512397598,-0.002185307383085089
2023-06-25,0.0006292176343640894,42,-0.008983174830168186,-13.29326027327973,-0.0012237608821319412
2023-06-26,0.000969772422186949,60,-0.013634921298394824,-13.29694224732577,-0.003681974046040537
2023-06-27,0.0007853146139716894,52,-0.004676794034161955,-13.287198805447566,0.00974344187820364
2023-06-28,0.0007809658060971554,48,-0.018578332720803895,-13.30031937832811,-0.01312057288054369
2023-06-29,0.0006332127997975343,41,-0.009331375160223272,-13.290439207967731,0.009880170360379026
2023-06-30,0.0015653523679160935,103,-0.00433822098347708,-13.28388070142307,0.006558506544660503
2023-07-01,0.00013986926738239236,9,-0.003146591539391491,-13.282549202711602,0.0013314987114689814
2023-07-02,0.00039989191608106705,26,-0.0028928762781663705,-13.281895595534296,0.0006536071773055596
2023-07-03,0.00046149194324470827,33,-0.00019942842793473035,-13.27874065574082,0.0031549397934753642
2023-07-04,0.000347077417617901,25,-0.003175258802456857,-13.281369408697724,-0.0026287529569035684
2023-07-05,0.0004049527710218967,26,-0.0072761809922837935,-13.285065378116528,-0.0036959694188034575
2023-07-06,0.0011892367444306688,78,-0.02123018130363589,-13.29783014168345,-0.012764763566922355
2023-07-07,0.0004608475921989087,28,-0.009684709408020421,-13.285823822195635,0.012006319487815276
2023-07-08,0.00014782907163825472,9,-0.011040919143508411,-13.287032202859486,-0.001208380663850761
2023-07-09,0.00014618768382174065,9,-0.014149745866168802,-13.289994841898324,-0.0029626390388379775
2023-07-10,0.0007406323466711814,47,-0.008777167367672783,-13.283881631053156,0.006113210845168027
2023-07-11,0.00046004869279624215,30,-0.005025176469487679,-13.279669591462175,0.0042120395909801545
2023-07-12,0.0005708373590172254,38,-0.009542946013488233,-13.283616523647158,-0.003946932184982543
2023-07-13,0.0008609597508112539,61,0.0,-13.273212617882859,0.010403905764299282
2023-07-14,0.0005605372415965602,37,-0.012491277773851495,-13.285143358415112,-0.011930740532253736
2023-07-15,9.683936692543276e-05,6,-0.013158212152383721,-13.28571345342672,-0.0005700950116072079
2023-07-16,0.000260980884693919,16,-0.014722988734261734,-13.287017249123904,-0.0013037956971846398
2023-07-17,0.0004323399318450547,26,-0.017504774899913932,-13.289366695357712,-0.0023494462338078392
2023-07-18,3.344769310713555e-05,2,-0.02681410138754416,-13.298642574152234,-0.009275878794522185
2023-07-19,6.751644910237029e-05,4,-0.025098004843454966,-13.296858961159044,0.0017836129931900757
2023-07-20,0.00014742478244642905,9,-0.02825039541770279,-13.299863926950845,-0.0030049657918009842
2023-07-21,0.0,0,-0.02493340314326949,-13.296546934676412,0.0033169922744331615
2023-07-22,0.0,0,-0.028446049700504596,-13.300059581233647,-0.003512646557235044
2023-07-23,0.0001837585001961536,11,-0.01920117239025977,-13.290630945423207,0.009428635810440511
2023-07-24,-0.05149585484357717,26,-0.0019547025766712195,-13.324880330453196,-0.0342493850299892
2023-07-25,0.00017851667819834837,12,-0.0013742259938659966,-13.32412133719219,0.0007589932610052585
2023-07-26,0.0004156463965054081,29,-0.0014636567409503924,-13.323795121542771,0.0003262156494194812
2023-07-27,0.0001892437508841698,13,-0.0030308173722158713,-13.32517303842315,-0.0013779168803793596
2023-07-28,0.00015905278804573454,11,-0.001912745813777459,-13.323895914076667,0.0012771243464833049
2023-07-29,2.89891792677356e-05,2,-0.0015417746494826136,-13.323495953733104,0.0003999603435627108
2023-07-30,0.0001481382445873434,10,-0.002238720486189743,-13.324044761325226,-0.000548807592121392
2023-07-31,0.00024663106854307045,17,-0.002902174643512935,-13.324461584414005,-0.00041682308877888374
2023-08-01,0.0005945368557381893,39,-5.326342763481765e-06,-13.320970199257518,0.003491385156486615
2023-08-02,0.000414238611366576,29,-0.005383802024587251,-13.325934436327975,-0.0049642370704567895
2023-08-03,0.0003260624169269804,22,-0.005258205364720277,-13.325482777251182,0.00045165907679312056
2023-08-04,0.00022640997825384442,15,-0.00674742959465378,-13.326745591502862,-0.0012628142516799556
2023-08-05,1.5495465787124108e-05,1,-0.007591771396608667,-13.32757443783903,-0.0008288463361676435
2023-08-06,9.19646881533535e-05,6,-0.007268466670824607,-13.327159168425093,0.00041526941393676964
2023-08-07,0.00035907031594491516,23,-0.004916364517395084,-13.324447995955719,0.0027111724693735795
2023-08-08,0.0004376327846274508,32,0.0,-13.319093998653695,0.005353997302023572
2023-08-09,0.0002577588996981417,19,-0.0006592861547730126,-13.31949552590877,-0.00040152725507525133
2023-08-10,0.00016509240945084623,12,-0.0016763411781949345,-13.32034748852274,-0.0008519626139698033
2023-08-11,8.519137040398368e-05,6,-0.00196253074268537,-13.320548486716827,-0.000200998194086921
2023-08-12,1.409979959563523e-05,1,-0.0019135647380043078,-13.320485420912549,6.306580427839492e-05
2023-08-13,2.8396601774957966e-05,2,-0.0033031560508682252,-13.321846615623638,-0.0013611947110891975
2023-08-14,0.00024267827623180915,17,-0.0019277146184216174,-13.320228495914959,0.0016181197086790888
2023-08-15,8.836869755895444e-05,6,-0.005122746107396895,-13.323335158706374,-0.00310666279141536
2023-08-16,0.00026324965284994274,17,-0.016535956047161605,-13.334485118993289,-0.011149960286914506
2023-08-17,-0.11656931851442143,81,0.0,-13.43451848146055,-0.10003336246726136
2023-08-18,0.001342147686637213,92,-0.005034214209200498,-13.438210547983113,-0.003692066522562598
2023-08-19,0.00028719637867067596,19,-0.0042377972072820186,-13.437126934602524,0.0010836133805884884
2023-08-20,0.0002650830617578016,18,-0.0028510381448614364,-13.435475092478347,0.0016518421241773495
2023-08-21,0.000316770838078522,21,-0.0038074411455576917,-13.436114724640964,-0.0006396321626169765
2023-08-22,0.0005658381781054262,36,-0.00499621883146266,-13.436737664148765,-0.0006229395078012345
2023-08-23,0.0006967264667746242,49,-0.0005259503277658003,-13.431570669178294,0.00516699497047135
2023-08-24,0.0004922024036210509,34,-0.0030017698053485544,-13.433554286252255,-0.001983617073960886
2023-08-25,0.0003934498636894957,26,-0.004721750559742385,-13.43488081714296,-0.001326530890704447
2023-08-26,4.507795481083732e-05,3,-0.005431180359704362,-13.43554516898811,-0.0006643518451507902
2023-08-27,8.915665570458077e-05,6,-0.004207738158380655,-13.434232570131082,0.0013125988570283909
2023-08-28,0.0003296551873851602,22,-0.0038963878961810975,-13.433591564681498,0.0006410054495837869
2023-08-29,0.0012529660022064571,86,-0.002786508806565417,-13.431228719589674,0.0023628450918238286
2023-08-30,0.0006997865425652686,44,-0.011236456260037166,-13.438978880500581,-0.007750160910907411
2023-08-31,-0.048952523450026,46,-0.004878581032362169,-13.481573528722931,-0.04259464822234982
2023-09-01,0.0005426298350207496,33,-0.008028467245789093,-13.484180785101337,-0.0026072563784058644
2023-09-02,8.217329509855788e-05,5,-0.0066513613866882645,-13.482721505947138,0.001459279154198967
2023-09-03,0.00028827807720545806,18,-0.004600129101286612,-13.480381995584532,0.0023395103626064895
2023-09-04,0.0003132185404938268,19,-0.007636512537372108,-13.483105160480124,-0.0027231648955918786
2023-09-05,0.0002863748978414804,17,-0.008431812592376384,-13.483614085637287,-0.0005089251571632758
2023-09-06,0.00023228070720164958,14,-0.00907707051317994,-13.484027062850888,-0.0004129772136014509
2023-09-07,0.0006420321333478125,41,-0.0008467289362963533,-13.475154689140657,0.008872373710230974
2023-09-08,0.0003296392610852509,21,-0.005227819934847187,-13.479206140878121,-0.004051451737463907
2023-09-09,4.91382528875405e-05,3,-0.005380423114283283,-13.479309605804671,-0.00010346492654988992
2023-09-10,0.00019841869089062667,12,-0.006830370775730663,-13.480561134775227,-0.0012515289705561372
2023-09-11,-0.025723531238785104,30,-0.00024103166062158294,-13.499695326898904,-0.019134192123676286
2023-09-12,0.0008904617022632865,59,-0.010131180799337851,-13.508695014335355,-0.008999687436451964
2023-09-13,0.0007946703953969958,51,-0.0025224502708079116,-13.500291613411429,0.00840340092392644
2023-09-14,0.0008049018587756075,57,-0.0014188665313772083,-13.498383127813224,0.001908485598205445
2023-09-15,0.0003598059773910192,26,-0.00028198631371578194,-13.496886441618171,0.001496686195052277
2023-09-16,0.00015060169332279955,11,-0.0005910035103516157,-13.497044857121484,-0.00015841550331252563
2023-09-17,8.401168623828258e-05,6,-0.0008930024932872868,-13.49726284441818,-0.00021798729669697536
2023-09-18,0.0004570660683909962,31,-0.006890490094271013,-13.502803265950774,-0.005540421532593598
2023-09-19,0.0008266996670725897,53,-0.001181022999028353,-13.49626709918846,0.006536166762314721
2023-09-20,0.0006962777298818668,44,-0.0018167531605464615,-13.496206551620096,6.054756836348929e-05
2023-09-21,8.217664994232334e-05,5,-0.012025246959941753,-13.50633286876955,-0.010126317149453001
2023-09-22,0.0,0,-0.011758348654845497,-13.506065970464453,0.0002668983050959639
2023-09-23,0.0,0,-0.011850855695915367,-13.506158477505522,-9.2507041069112e-05
2023-09-24,-0.02017296747778147,1,-0.00030337210357395225,-13.514783961390963,-0.008625483885440488
2023-09-25,0.0004385366806654314,29,-0.00028377211672317936,-13.514325824723448,0.00045813666751470805
2023-09-26,0.00019600905357552664,13,-0.0007638079603764299,-13.514609851513526,-0.00028402679007832887
2023-09-27,0.0004705889129369895,33,-0.0026129819679441262,-13.515988436608158,-0.0013785850946312905
2023-09-28,0.00033373146269266563,24,0.0,-13.51304172317752,0.0029467134306369047
2023-09-29,6.50548191699188e-05,5,0.0,-13.51297666835835,6.505481917074007e-05
2023-09-30,0.0,0,0.0,-13.51297666835835,0.0
2023-10-01,0.00025764597738135996,17,-8.585232126740445e-05,-13.512804874702237,0.00017179365611319497
2023-10-02,0.0012187751925944069,84,-0.01445452602648432,-13.525954773214858,-0.01314989851262105
2023-10-03,0.0004300791840501362,26,-0.016604899455935962,-13.52767506746026,-0.0017202942454019876
2023-10-04,0.0006143575629921412,38,-0.007429330951964849,-13.517885141393297,0.009789926066963162
2023-10-05,0.0004843988993367566,31,-0.017222224102608333,-13.527193635644604,-0.009308494251307309
2023-10-06,0.0008196024543663644,53,-0.004469258848737953,-13.513621067936366,0.01357256770823767
2023-10-07,5.937078063628434e-05,4,-0.004015439239168532,-13.51310787754616,0.0005131903902064749
2023-10-08,0.00029806850563329437,20,-0.004718345139525893,-13.513512714940884,-0.00040483739472385594
2023-10-09,0.000530375070528614,33,-0.01211303753835532,-13.520377032269185,-0.006864317328300729
2023-10-10,0.00039396049650336864,24,-0.01835258973821538,-13.526222623972542,-0.0058455917033573
2023-10-11,-0.042749317334688425,9,2.746630905055218e-05,-13.550591885259964,-0.024369261287422006
2023-10-12,0.0003596444244672877,24,-0.0005533867388889454,-13.550813093883438,-0.0002212086234738564
2023-10-13,0.0004217639465913008,29,-0.0011747269418106708,-13.551012670139768,-0.00019957625633004739
2023-10-14,4.328598144705826e-05,3,-0.0012629116115863417,-13.551057568828098,-4.489868832990851e-05
2023-10-15,0.00022268757540759153,16,-0.0003481288474717042,-13.549920098488576,0.0011374703395219399
2023-10-16,-0.01902739798301522,96,-0.0001292989408590036,-13.568728666564978,-0.018808568076401855
2023-10-17,0.0007121274171952021,52,-0.0006014243583519484,-13.568488664565276,0.00024000199970153346
2023-10-18,0.0004518234934265631,33,-0.0011726960417581052,-13.568608112755255,-0.00011944818997911
2023-10-19,0.00035219008676318827,26,0.0,-13.567083226626734,0.0015248861285215298
2023-10-20,0.001118842824298362,79,-0.0009076681258703001,-13.566872051928305,0.00021117469842835135
2023-10-21,0.0002949974306056872,22,2.91631701798028e-05,-13.56564022320165,0.001231828726655948
2023-10-22,0.0002623446783691451,20,0.0,-13.56540704169346,0.00023318150818951722
2023-10-23,0.0166396560567072,155,-0.007307321450070202,-13.556074707086823,0.009332334606636294
2023-10-24,-0.01859097249365143,212,-0.0005135643775125377,-13.567871922507917,-0.01179721542109391
2023-10-25,0.001151995515787936,80,-0.0031146383344458992,-13.569321000949063,-0.0014490784411460567
2023-10-26,0.0006294965884562798,39,-0.006951602158001412,-13.572528468184162,-0.003207467235098349
2023-10-27,0.00011830947356892708,7,-0.011381986121943388,-13.576840542674535,-0.004312074490373519
2023-10-28,0.00021617248461243226,13,-0.007771063464113024,-13.573013447532091,0.003827095142444392
2023-10-29,0.000382513531524778,24,-0.0027713219491757378,-13.56763119248563,0.005382255046461282
2023-10-30,0.0006630854037285306,42,-0.0033599300681577153,-13.567556715200883,7.447728474652138e-05
2023-10-31,0.0006777459421075392,42,-0.0017205361640304996,-13.56523957535465,0.002317139846233829
2023-11-01,0.0013946252795450185,94,-9.404665427026892e-05,-13.562218460565344,0.0030211147893055568
2023-11-02,0.00100059217844088,69,-0.002669201955848867,-13.563793023688481,-0.001574563123137196
2023-11-03,0.0009032201571483859,57,-0.005235216965941669,-13.565455818541425,-0.0016627948529439607
2023-11-04,0.0003558617290187879,24,-0.0018548281036214966,-13.561719567950085,0.0037362505913396404
2023-11-05,0.0006738702715312558,47,-0.002662780822031952,-13.561853650396964,-0.00013408244687873605
2023-11-06,0.0005321706534637482,37,-0.0022611170095068684,-13.560919815930975,0.0009338344659894915
2023-11-07,0.0008716611142038746,62,-0.00015697188961912405,-13.557944009696884,0.002975806234090328
2023-11-08,0.00029323761549314756,22,0.0,-13.557493800191772,0.0004502095051126531
2023-11-09,-0.014276206785565636,153,-9.672511911857804e-05,-13.571866732096455,-0.014372931904683028
2023-11-10,0.0005844950141217786,43,0.0,-13.571185511963215,0.0006812201332397905
2023-11-11,0.000236284272701897,18,0.0,-13.570949227690512,0.00023628427270239172
2023-11-12,0.00011814137216945685,9,0.0,-13.570831086318343,0.00011814137216958898
2023-11-13,0.0005192193222900786,38,-0.0026488067052479,-13.5729606737013,-0.0021295873829565437
2023-11-14,0.0008411391180890599,56,-0.018957055330480765,-13.588427783208443,-0.015467109507143917
2023-11-15,0.0014501204837899866,96,-0.0002062375119200419,-13.568226844906093,0.02020093830235048
2023-11-16,-0.022907506729510037,78,-0.00018930043431250243,-13.591117414557996,-0.022890569651902837
2023-11-17,0.001126558786824041,77,-0.00028574611539620954,-13.590087301452256,0.0010301131057399715
2023-11-18,0.00028065669627545125,20,-0.0009147583978401459,-13.590435657038423,-0.0003483555861674148
2023-11-19,0.00033100124746653233,24,0.0,-13.589189897393116,0.001245759645307487
2023-11-20,0.0004298068987877727,29,-0.0005805497406862566,-13.589340640235013,-0.00015074284189786624
2023-11-21,-0.015722394003550872,52,-0.0025838757623310882,-13.607066360260209,-0.017725720025195457
2023-11-22,0.0008900942755417512,62,-0.0017101663656865157,-13.605302556588022,0.001763803672186981
2023-11-23,0.00047649417854656343,30,-0.0030950434809799837,-13.60621093952477,-0.0009083829367479979
2023-11-24,0.0010333005095478067,71,-0.003193429010288732,-13.60527602454453,0.0009349149802400092
2023-11-25,5.877346094443044e-05,4,-0.0025960678153593886,-13.604619889888657,0.0006561346558733305
2023-11-26,0.00045001941237624195,29,-0.006162062743779067,-13.6077358654047,-0.003115975516044145
2023-11-27,0.0005909661033323316,36,-0.009182352454929002,-13.610165189012516,-0.002429323607815448
2023-11-28,0.0007435693165102203,51,-0.0030154504630381072,-13.603254717704116,0.006910471308399835
2023-11-29,0.0007746691175456869,55,-0.0020201546946412505,-13.601484752818173,0.001769964885943054
2023-11-30,0.00038066151841242764,26,-0.003088739848791245,-13.602172676453911,-0.0006879236357377749
2023-12-01,0.00030009559762721985,22,0.0,-13.598783841007492,0.003388835446418881
2023-12-02,0.000362859321206181,24,-0.0004197784878475579,-13.598840760174133,-5.69191666404123e-05
2023-12-03,0.000527890458073273,37,-0.0006370496021556227,-13.598530140830368,0.0003106193437645288
2023-12-04,0.0012657200617429269,91,2.4144057398336407e-05,-13.59660322710907,0.0019269137212987175
2023-12-05,0.0013128091161872834,95,0.0,-13.59531456205028,0.0012886650587891069
2023-12-06,0.0010587632615532158,79,-0.0006913566796839807,-13.594947155468411,0.00036740658186928954
2023-12-07,0.0009395758284829743,65,-0.003685107258679496,-13.597001330218923,-0.002054174750512061
2023-12-08,0.0005323896958968927,38,0.0,-13.592783833264347,0.00421749695457585
2023-12-09,0.00024015109411570094,18,-0.0008979957186003886,-13.593441677888832,-0.0006578446244844827
2023-12-10,0.0002841803296925134,21,-0.0005692102162501558,-13.592828712056788,0.0006129658320439546
2023-12-11,-0.035118243431980126,138,-0.00571662773514299,-13.633094373007662,-0.04026566095087425
2023-12-12,0.0012386388133369334,85,-0.0032689862328371946,-13.62940809269202,0.003686280315642776
2023-12-13,0.0012307099192766385,83,-0.002427153012162677,-13.627335549552066,0.002072543139952643
2023-12-14,0.0011290626404057277,73,-0.0013143283923574322,-13.625093662291857,0.002241887260209907
2023-12-15,0.00036484310878039626,23,-0.015137444232648734,-13.638551935023367,-0.013458272731510235
2023-12-16,0.00034769243444503456,21,-0.00952513994511463,-13.632591938301388,0.0059599967219785555
2023-12-17,0.00015092852026829073,9,-0.026252088792739364,-13.649167958628745,-0.01657602032735639
2023-12-18,-0.029073978344850034,81,0.0,-13.651989848180856,-0.0028218895521110454
2023-12-19,0.0008276985019805583,53,-0.00710862960976185,-13.658270779288637,-0.0062809311077813845
2023-12-20,0.0009507266069701667,67,-8.820794814481326e-05,-13.65029963102005,0.007971148268586248
2023-12-21,0.0006127410111365357,46,0.0,-13.649598682060768,0.0007009489592828544
2023-12-22,0.00034341703839386507,26,0.0,-13.649255265022374,0.0003434170383940227
2023-12-23,0.00022586578463074965,17,-5.515162599387121e-05,-13.649084550863737,0.00017071415863689765
2023-12-24,0.00037892609860297867,27,-0.004001019773778425,-13.652651492912918,-0.0035669420491810655
2023-12-25,0.0005263281534421537,38,-0.000300528568375546,-13.648424673554073,0.0042268193588448355
2023-12-26,0.0006522123627697997,41,-0.011033405961586711,-13.658505338584515,-0.010080665030441693
2023-12-27,0.0008314276054737465,56,-0.0006864667182410803,-13.647326971735694,0.011178366848820787
2023-12-28,0.0008965209454593947,60,-0.01015049145083248,-13.655894475522826,-0.008567503787132225
2023-12-29,0.0007394338619629687,46,-0.019097406455845404,-13.664101956665876,-0.008207481143049478
2023-12-30,0.0003623651854400978,22,-0.01753657069816436,-13.662178755722755,0.0019232009431213726
2023-12-31,0.0006086229524975012,38,-0.014634490148146318,-13.65866805222024,0.0035107035025152555
2024-01-01,0.0007973298746123756,54,0.0,-13.64323623219748,0.015431820022758558
2024-01-02,0.001569741637750481,113,-0.0024015695876236183,-13.644068060147355,-0.0008318279498737979
2024-01-03,-0.05205753407551178,131,0.0,-13.693724024635243,-0.04965596448788823
2024-01-04,0.0009589846893227367,69,-0.0009153966910605607,-13.693680436636981,4.358799826142956e-05
2024-01-05,0.002161780895041101,144,-0.0009491901135080204,-13.691552449164387,0.0021279874725941283
2024-01-06,0.00039754639936012703,27,-0.0019971216223509153,-13.69220283427387,-0.0006503851094823432
2024-01-07,0.0006379212731393477,45,-0.002838482774480089,-13.69240627415286,-0.00020343987899096305
2024-01-08,0.0011162255165515454,78,0.0,-13.688451565861829,0.003954708291031395
2024-01-09,-0.008516880031606687,120,-0.0019476561234555616,-13.698916102016891,-0.010464536155062376
2024-01-10,0.0037719745447924932,248,-0.0002211354775415239,-13.693417606826186,0.005498495190705555
2024-01-11,-0.03308064518311815,145,-0.0013926758023507717,-13.727669792334112,-0.03425218550792586
2024-01-12,-0.05749723202302148,169,0.0,-13.783774348554783,-0.05610455622067079
2024-01-13,0.0004339528164389275,33,0.0,-13.783340395738344,0.00043395281643832107
2024-01-14,0.000538092794266206,39,-0.005679003204121985,-13.7884813061482,-0.005140910409854982
2024-01-15,0.0007962681367664857,58,-0.0005470449954620756,-13.782553079802772,0.005928226345426779
2024-01-16,0.0003907881501707359,29,0.0,-13.78161524665714,0.0009378331456328937
2024-01-17,0.000589009934807306,44,2.9778949254402325e-05,-13.780996457773078,0.0006187888840614164
2024-01-18,0.0009065755911844009,60,-0.013933324747767277,-13.794052985878917,-0.013056528105838794
2024-01-19,0.00104265605281042,65,-0.00782798203009861,-13.786904987108437,0.007147998770479447
2024-01-20,0.00021937258305526933,14,-0.007301894735577656,-13.786159527230861,0.0007454598775762378
2024-01-21,9.27718253002946e-05,6,-0.008942787211495825,-13.787707647881478,-0.0015481206506162692
2024-01-22,-0.03912097863661073,69,-0.006395204533771334,-13.824281043840363,-0.03657339595888587
2024-01-23,-0.02092552001509473,78,0.0,-13.838811359321687,-0.014530315481323441
2024-01-24,0.0010325562025516849,66,-0.001134473554451585,-13.838913276673587,-0.00010191735190012707
2024-01-25,0.0005621370023273717,36,-0.0016849987839931682,-13.838901664900801,1.161177278596881e-05
2024-01-26,0.0007293012321820816,50,-0.0011602491355641397,-13.83764761402019,0.0012540508806111461
2024-01-27,0.00022581340453502465,15,-0.00017550980939877187,-13.83643706128949,0.001210552730700698
2024-01-28,0.0006887804059778578,49,-0.0031167605524821105,-13.838689531626594,-0.0022524703371047394
2024-01-29,0.0007004110032879084,50,0.0,-13.834872360070824,0.0038171715557702157
2024-01-30,0.00065211842813745,43,-0.005493912187367752,-13.839714153830053,-0.004841793759229773
2024-01-31,0.0010851079215059038,68,-0.010299806072601458,-13.843434939793783,-0.0037207859637291563
2024-02-01,0.0005546116960321589,34,-0.003826754430893949,-13.836407276456043,0.007027663337739298
2024-02-02,0.0006522283377802196,41,-0.0030165893566352,-13.834944883044004,0.0014623934120390203
2024-02-03,7.889878513341057e-05,5,-0.004823626133339839,-13.836673021035574,-0.0017281379915701223
2024-02-04,0.00019759006485657403,12,-0.010151261799091153,-13.84180306663647,-0.005130045600894917
2024-02-05,0.0005530531089120339,34,-0.008308456455805698,-13.839407208184271,0.0023958584521981408
2024-02-06,0.0005660163687010946,35,-0.004062137357688749,-13.834594872717453,0.004812335466818141
2024-02-07,0.0007327343924954684,49,-1.4607968708241637e-05,-13.829814608935976,0.00478026378147689
2024-02-08,0.0004068323986616101,27,-0.0006102064908081856,-13.830003375059414,-0.00018876612343809995
2024-02-09,0.001377448367006742,95,-0.0063651033621796764,-13.834380823563778,-0.0043774485043641675
2024-02-10,0.0004564756115623019,32,-0.0011434959568601994,-13.828702740546897,0.005678083016881885
2024-02-11,0.0003839803462190707,29,0.0,-13.827175264243817,0.001527476303079922
2024-02-12,0.0009248468058551765,67,-0.00021302441798088805,-13.826463441855942,0.0007118223878741503
2024-02-13,0.0013651879404403375,93,-0.0009531229353105671,-13.825838352432832,0.0006250894231101256
2024-02-14,0.0012024662431878034,83,-0.00021734947580363335,-13.823900112730138,0.0019382397026941334
2024-02-15,0.0012987724715263233,95,-0.0013627820567095686,-13.823746772839517,0.00015333989062149556
2024-02-16,0.0008061288534784829,59,-0.00041096691700636626,-13.821988828846335,0.0017579439931818541
2024-02-17,0.0004209538578917802,28,-0.0028227421169852197,-13.823979650188422,-0.001990821342086946
2024-02-18,0.0004224731752729806,30,-0.0002994481819315029,-13.821033883078094,0.0029457671103276795
2024-02-19,0.00064558080603463,48,-0.001926312507380534,-13.82201516659751,-0.000981283519415399
2024-02-20,0.0010564566690683932,75,-0.00011452546723524392,-13.819146922888295,0.0028682437092140134
2024-02-21,0.001120636279385588,74,-0.001516529411270296,-13.819428290552946,-0.00028136766465003404
2024-02-22,0.0007476642126647323,51,-0.006005924231920889,-13.823170021160932,-0.0037417306079863266
2024-02-23,0.0005772174419669703,37,-0.012520435560436133,-13.82910731504748,-0.005937293886548289
2024-02-24,0.00024436656077055465,16,-0.0033950972779849924,-13.819737610204257,0.009369704843223303
2024-02-25,0.00024345064928193197,17,-0.002234756815678482,-13.818333819092668,0.0014037911115885038
2024-02-26,0.000980569325138445,69,-0.00011093769852842212,-13.81522943065038,0.0031043884422885526
2024-02-27,0.0016467817714728706,119,0.0,-13.813471711180378,0.001757719470001362
2024-02-28,-0.025893163782215328,211,-0.00017263276126392983,-13.83953750772386,-0.026065796543480957
2024-02-29,0.003496949020406977,233,-0.013965628463318799,-13.849833554405507,-0.010296046681647297
2024-03-01,0.0015274281077784532,100,-0.0021055020471186414,-13.836445999881528,0.013387554523978551
2024-03-02,0.0006075445730126114,40,-0.0045971869984551186,-13.83833014025985,-0.0018841403783227406
2024-03-03,0.0007899628937058722,54,-7.464898263345572e-05,-13.833017639350324,0.005312500909527174
2024-03-04,0.0025138761094390103,173,-0.0002344338865514995,-13.830663548144804,0.0023540912055199925
2024-03-05,-0.07191652835850998,330,-0.0009758564916262593,-13.903321499108388,-0.07265795096358474
2024-03-06,0.0037237257238060253,246,-0.006592085882778266,-13.905214002775734,-0.001892503667345835
2024-03-07,0.0019380723245031632,131,-0.002863734506020634,-13.899547579074474,0.00566642370126047
2024-03-08,-0.01994623161076586,105,-0.003254566229237748,-13.919884642408457,-0.020337063333982996
2024-03-09,0.00022815007115890065,14,-0.002500618071853728,-13.918902544179915,0.0009820982285422275
2024-03-10,0.0011183775914678227,75,-0.0020268123294978927,-13.917310360846091,0.0015921833338232716
2024-03-11,0.0017166724318882199,114,-0.0014142784000188257,-13.914981154484723,0.0023292063613684633
2024-03-12,-0.021001448226546135,105,0.0,-13.93456832431125,-0.01958716982652753
2024-03-13,0.00127786594004777,93,-0.00015174315113591425,-13.933442201522338,0.0011261227889125536
2024-03-14,-0.044316704221314535,113,-0.00023759812114055093,-13.977844760713657,-0.04440255919131886
2024-03-15,-0.02428967950520269,310,-0.0002167905737340497,-14.002113632671453,-0.024268871957795923
2024-03-16,-0.046325383156878584,118,-0.003091098236374606,-14.051313323490971,-0.04919969081951869
2024-03-17,0.0018099624054157717,126,-0.0005794412006984855,-14.04699170404988,0.004321619441091329
2024-03-18,0.002281418054333855,148,-0.004233900331393985,-14.048364745126241,-0.0013730410763610479
2024-03-19,-0.06550391485718572,184,-0.0038889831359043463,-14.113523742787937,-0.06515899766169575
2024-03-20,0.003672818021054771,250,0.0,-14.105961941630976,0.007561801156960257
2024-03-21,-0.016469288945032714,126,-0.0006154384662354341,-14.123046669042244,-0.017084727411267764
2024-03-22,-0.03628268279967821,93,3.925702644221494e-05,-14.158674656349245,-0.03562798730700045
2024-03-23,0.000663268697110527,46,-0.011433657050846865,-14.169484301729423,-0.010809645380177813
2024-03-24,0.0015274143955252865,103,0.0,-14.156523230283051,0.012961071446371264
2024-03-25,0.001257026706545741,83,-0.003765755771340995,-14.159031959347846,-0.0025087290647949345
2024-03-26,0.0015459540564444455,101,-0.006500295825064836,-14.160220545345126,-0.0011885859972800006
2024-03-27,0.0013959442156345756,89,-0.010149650171981828,-14.16247395547641,-0.0022534101312832178
2024-03-28,0.0012494858049591317,83,-0.0023087594009369456,-14.153383578900405,0.009090376576004644
2024-03-29,0.0005901343963923836,37,-0.008931710827788245,-14.159416395930865,-0.006032817030460436
2024-03-30,0.00026911203241601297,17,-0.011368521720253658,-14.161584094790914,-0.002167698860048972
2024-03-31,0.0004796674580620131,32,-0.000512151836353514,-14.150248057448952,0.011336037341962424
2024-04-01,0.0006847670675446044,42,-0.010219635052880425,-14.159270773597934,-0.009022716148981758
2024-04-02,-0.044777424044681824,124,-0.017462022599185237,-14.21129058518892,-0.05201981159098601
2024-04-03,0.0011938074508200235,75,-0.011767620313179052,-14.204402375452094,0.006888209736825246
2024-04-04,0.0011024091460162303,76,0.0,-14.191532345992899,0.012870029459195464
2024-04-05,0.001646156526862476,117,-0.00019727429229134341,-14.190083463758329,0.0014488822345697372
2024-04-06,0.000295055972932778,22,-0.0014288764927568648,-14.191020009985861,-0.0009365462275319203
2024-04-07,0.0007416528216722094,49,-0.0024436352526289837,-14.191293115924061,-0.00027310593820040197
2024-04-08,0.001215187402757922,80,-0.0023887673971226295,-14.190023060665798,0.0012700552582636249
2024-04-09,-0.0214884221609636,56,-0.0010422424212378455,-14.210164957850877,-0.02014189718507886
2024-04-10,0.0015588629365664284,103,3.490719941282356e-05,-14.207528945293658,0.002636012557218237
2024-04-11,0.0008526277088508879,63,-0.0010605210935314547,-14.207771745877753,-0.00024280058409509309
2024-04-12,-0.04080939717258927,90,-7.992406551396124e-06,-14.247528614363363,-0.03975686848560933
2024-04-13,-0.040485571648857605,163,-0.007064771195541723,-14.29507096480121,-0.0475423504378476
2024-04-14,-0.020714385280182903,142,-4.2612831418863855e-05,-14.30876319171727,-0.01369222691605998
2024-04-15,0.0014897121556873578,101,-0.020266766441885693,-14.327497633172051,-0.018734441454780537
2024-04-16,-0.03948421276304833,160,0.0,-14.346715079493213,-0.019217446321162512
2024-04-17,0.002136799602904322,137,-0.012511318006675274,-14.357089597896984,-0.010374518403770239
2024-04-18,0.0018230628675792102,123,0.0,-14.342755217022729,0.014334380874254649
2024-04-19,0.0033683811621212627,222,-0.008168714270275098,-14.347555550130883,-0.004800333108153865
2024-04-20,0.0011082217823788643,71,-0.000818409567431251,-14.33909702364566,0.008458526485222606
2024-04-21,0.0008131881609385501,56,-0.0018657585043623524,-14.339331184421653,-0.00023416077599236473
2024-04-22,0.0006068910360376715,44,0.0,-14.336858534881253,0.0024726495403992743
2024-04-23,5.173603134274457e-05,4,0.0,-14.33680679884991,5.173603134345228e-05
2024-04-24,0.0007357677680779084,49,-0.008291999685696692,-14.344363030767528,-0.007556231917618561
2024-04-25,0.001243977519906358,79,-0.0060989417740043425,-14.340925995335931,0.003437035431597124
2024-04-26,0.0011393902937082792,72,-0.013231002839630256,-14.346918666107848,-0.005992670771917119
2024-04-27,0.00016827469032827512,10,-0.017122235435200975,-14.350641624013091,-0.0037229579052429074
2024-04-28,0.00037783975432063095,23,-0.02277907808780928,-14.355920626911379,-0.005279002898287644
2024-04-29,-0.042307616297719966,48,0.0,-14.375449165121289,-0.01952853820990974
2024-04-30,-0.03859906138171792,76,0.0,-14.414048226503006,-0.03859906138171709
2024-05-01,-0.0536270491976849,165,0.0,-14.46767527570069,-0.053627049197684684
2024-05-02,0.0012058852336627656,83,-0.0009145132286851579,-14.467383903695712,0.0002913720049786406
2024-05-03,0.0013862616392048548,96,-1.786278167711534e-05,-14.4651009916095,0.002282912086212008
2024-05-04,0.000627661439618787,41,-0.0011043984023239627,-14.465559865790528,-0.0004588741810280794
2024-05-05,0.0007795316158731966,49,-0.001136819725795131,-14.464812755498127,0.0007471102924014872
2024-05-06,0.0010430387852219897,67,-0.015561476557002152,-14.478194373544111,-0.013381618045984922
2024-05-07,0.0010027867851551651,62,-0.026136480823269827,-14.487766591025224,-0.009572217481112588
2024-05-08,-0.03398280376895394,41,-0.008821876849497503,-14.504434790820405,-0.016668199795180527
2024-05-09,0.0011798759354873882,79,0.0,-14.49443303803542,0.010001752784985385
2024-05-10,0.0010697108276941873,70,-0.011131961301292143,-14.504495288509016,-0.01006225047359699
2024-05-11,0.0004245188458611419,26,-0.011343888973487946,-14.504282697335352,0.00021259117366412283
2024-05-12,0.000537861657734661,34,-0.005769058940147762,-14.498170005644276,0.006112691691075867
2024-05-13,0.0010142684380360473,72,-4.227100067310571e-05,-14.491428949266766,0.006741056377510546
2024-05-14,0.0009393118186264231,63,-0.007121485686692136,-14.497568852134158,-0.0061399028673925216
2024-05-15,0.001144500558988189,81,0.0,-14.489302865888478,0.008265986245680423
2024-05-16,0.000327855557360858,24,-0.0005529373584547373,-14.489527947689572,-0.00022508180109426235
2024-05-17,0.00040589519790034935,28,-0.0006590574663486073,-14.489228172599566,0.00029977509000644886
2024-05-18,0.000284165641876602,19,-0.0009797851469733059,-14.489264734638315,-3.656203874946584e-05
2024-05-19,0.0005420838654045824,36,-0.004347877773091183,-14.492090743399027,-0.002826008760711929
2024-05-20,0.001385784281944357,94,0.0,-14.486357081343991,0.005733662055035893
2024-05-21,0.0010300177384285566,73,-0.001782480778700557,-14.487109544384264,-0.0007524630402730992
2024-05-22,0.0010301422987190419,69,-0.008207409701278479,-14.492504331008123,-0.005394786623858394
2024-05-23,-0.03312372932819816,69,-0.00012126312095173331,-14.517541913755995,-0.025037582747872378
2024-05-24,0.0006400887376964166,46,0.0,-14.516780561897345,0.0007613518586495616
2024-05-25,0.0001078661463565515,7,-0.0003727901661351658,-14.517045485917125,-0.00026492401977940006
2024-05-26,0.0002842302719686892,18,-0.002920298251138851,-14.519308763730159,-0.002263277813034037
2024-05-27,0.0006561068033495847,43,-0.0035144506937204644,-14.51924680936939,6.19543607687234e-05
2024-05-28,0.0006904943526214459,42,-0.010218029033856485,-14.525259893356905,-0.006013083987514989
2024-05-29,0.00024508860223542307,15,-0.017573009168431703,-14.532369784889244,-0.007109891532339319
2024-05-30,0.0005858571957898504,36,-0.012521579056930408,-14.526732497581953,0.005637287307290961
2024-05-31,0.00026160692400533693,16,-0.022069715079835333,-14.536019026680854,-0.009286529098901042
2024-06-01,0.0,0,-0.019289026924306493,-14.533238338525326,0.0027806881555285656
2024-06-02,8.444745725791885e-05,5,-0.01930398213304282,-14.533168846276803,6.949224852270675e-05
2024-06-03,0.0010179888093788886,66,-0.0076539528752650405,-14.520500828209647,0.01266801806715634
2024-06-04,0.0008937106217339833,62,-0.0003727198538412822,-14.51232588456649,0.008174943643156851
2024-06-05,0.00031427081390367965,24,0.0,-14.511638893898745,0.0006869906677451354
2024-06-06,0.0001324335345488507,10,-3.7823350415777877e-05,-14.511544283714612,9.461018413325917e-05
2024-06-07,0.0005829987629337458,39,-0.0057954390744342,-14.516718900675697,-0.005174616961085121
2024-06-08,7.566451636018101e-05,5,-0.0061271911516017595,-14.516974988236504,-0.00025608756080686135
2024-06-09,0.0001342362134962118,9,-0.003876799671679916,-14.514590360543085,0.0023846276934182953
2024-06-10,0.00036636563319240075,25,-0.004823585829807975,-14.51517078106802,-0.0005804205249351213
2024-06-11,-0.041648146632509306,39,-0.0001385351222218371,-14.552133876992944,-0.036963095924923195
2024-06-12,0.0009555305879057863,64,-0.0064426426823098355,-14.557482453965125,-0.005348576972181718
2024-06-13,-0.02016244511049592,25,-0.0002708739769954529,-14.571473130370308,-0.013990676405182256
2024-06-14,0.0009930660720119772,64,-0.004811871401493322,-14.575021061722794,-0.003547931352485989
2024-06-15,0.00014047380782417475,9,-0.003536151869284139,-14.573604868382759,0.0014161933400345106
2024-06-16,0.0002109064392532606,14,-0.0012819198752272967,-14.571139729949449,0.002465138433310088
2024-06-17,0.0010825682405444222,69,-0.0015171866374568128,-14.570292428471134,0.0008473014783145771
2024-06-18,0.0005145489878861447,31,-0.011890101275464944,-14.580150794121257,-0.009858365650122991
2024-06-19,0.000218443281699762,13,-0.014165858174682213,-14.582208107738774,-0.0020573136175165985
2024-06-20,0.0003715124751809578,23,-0.014304067407509913,-14.58197480449642,0.00023330324235359967
2024-06-21,-0.02670528202627204,50,-0.00022566898254544707,-14.594601688097729,-0.012626883601308592
2024-06-22,5.600830942244795e-05,4,-0.0003586497475133424,-14.594678660553273,-7.697245554361132e-05
2024-06-23,0.0001330661848944994,9,-0.005976693410909955,-14.600163638031775,-0.005484977478502628
2024-06-24,-0.030494005825629895,100,-0.00815768210020642,-14.632838632546703,-0.03267499451492739
2024-06-25,0.0012061397076135992,83,-0.0010611007263043825,-14.624535911465186,0.00830272108151675
2024-06-26,0.0006318197849778074,44,-0.005823139849751493,-14.628666130803655,-0.004130219338469132
2024-06-27,0.0006147225477071066,43,-0.001483257380493389,-14.62371152578669,0.004954605016964209
2024-06-28,0.0007048388836620555,48,-0.012583507320692851,-14.634106936843228,-0.010395411056537185
2024-06-29,0.0003221981771564814,21,-0.006400848449751282,-14.627602079795128,0.006504857048099666
2024-06-30,0.0004485430375548549,32,0.0,-14.620752688307823,0.006849391487305567
2024-07-01,0.0005012018143939063,32,-0.002760540752385885,-14.623012027245814,-0.002259338937991018
2024-07-02,0.00026078664944731233,16,-0.007988991761103605,-14.627979691605086,-0.004967664359272206
2024-07-03,-0.018337009430309994,59,-0.0036622268722196613,-14.64198993614651,-0.0140102445414243
2024-07-04,-0.023253705252260313,114,-0.01729374556235433,-14.678875160088905,-0.03688522394239513
2024-07-05,-0.03661234069146811,136,-0.00017072609868311615,-14.698364481316702,-0.019489321227796452
2024-07-06,0.0007112976827640531,51,-0.00033771790924876636,-14.697820175444503,0.0005443058721983363
2024-07-07,0.0006004208692653682,38,-0.02208450124822081,-14.718966537914211,-0.02114636246970747
2024-07-08,-0.041955463573912534,178,-3.092955562079636e-05,-14.738868429795524,-0.01990189188131275
2024-07-09,0.0013570531188641765,90,-0.0001837988262982767,-14.737664245947338,0.0012041838481859912
2024-07-10,0.0012368214743670746,84,-0.005776389341668173,-14.74202001498834,-0.004355769041001878
2024-07-11,0.0017812869565824374,121,-0.010011585958620131,-14.74447392464871,-0.0024539096603710675
2024-07-12,0.0015290163674083902,98,-0.005221965104359308,-14.738155287427041,0.006318637221669476
2024-07-13,0.0004704577647678237,34,0.0,-14.732462864557913,0.005692422869127967
2024-07-14,0.0006497305782097925,44,-0.001209498973158337,-14.733022632952862,-0.0005597683949485344
2024-07-15,0.0012102911845149743,85,0.0,-14.730602842795188,0.0024197901576741287
2024-07-16,0.0009330144145445709,67,-0.0002852911640406778,-14.729955119544684,0.0006477232505037733
2024-07-17,0.0012093370449154093,78,-0.01148447887684935,-14.739944970212576,-0.009989850667892597
2024-07-18,0.000563361380559118,35,-0.012889341084976382,-14.740786471040145,-0.0008415008275690639
2024-07-19,0.0010092037290537492,67,0.0,-14.726887926226116,0.013898544814029634
2024-07-20,0.00019709214467200235,15,0.0,-14.726690834081444,0.0001970921446723395
2024-07-21,0.00038922288171901247,27,-5.9899184923301895e-05,-14.726361510384649,0.00032932369679450346
2024-07-22,0.0009912011912578678,62,-0.00241263765072228,-14.72772304765919,-0.0013615372745405807
2024-07-23,0.0003629903912677248,22,-0.01589834647940253,-14.740845766096601,-0.013122718437411862
2024-07-24,-0.023750383517597482,10,-0.00026061954435699396,-14.748958422679152,-0.00811265658255067
2024-07-25,0.0013946934593765078,88,-0.0002832071671827811,-14.747586316842602,0.0013721058365501193
2024-07-26,0.0006498777606272359,44,-0.00028460168085723365,-14.746937833595648,0.0006484832469535462
2024-07-27,0.0013165481828278291,90,-0.005063503296288598,-14.750400187028252,-0.003462353432603038
2024-07-28,0.0004856269653976845,32,-0.0029003309877549633,-14.74775138775432,0.002648799273931246
2024-07-29,0.0009338507713536646,62,-0.012323912234606951,-14.756241118229818,-0.008489730475497836
2024-07-30,0.0003869238730117527,23,-0.018735041769793175,-14.762265323891992,-0.006024205662173543
2024-07-31,-0.033535330792050816,28,-0.0015768053947807035,-14.77864241830903,-0.01637709441703805
2024-08-01,-0.019026483712452455,76,-0.0003038213347501588,-14.796395917961451,-0.017753499652421567
2024-08-02,-0.01628165099840919,145,-0.013587135006852607,-14.825960882631964,-0.02956496467051295
2024-08-03,-0.03607838596590392,68,-8.761766366102251e-05,-14.848539751254677,-0.022578868622712633
2024-08-04,-0.03688631610969556,73,-0.0006636748688007713,-14.886002124569512,-0.03746237331483471
2024-08-05,-0.1170873706308868,595,-0.0029637934119707597,-15.005389613743569,-0.11938748917405739
2024-08-06,0.0035335653118548256,234,-0.0021436283278291387,-15.001035883347573,0.00435373039599618
2024-08-07,0.0025005980395984605,170,-0.017060072932033356,-15.013451729912179,-0.012415846564605815
2024-08-08,0.00234940465526706,164,-0.0014316380154601343,-14.995473890340339,0.017977839571839738
2024-08-09,0.00214928235045032,135,-0.006833430426411997,-14.998726400400841,-0.0032525100605020896
2024-08-10,0.0007346261709094931,47,-0.005871251381361513,-14.99702959518488,0.0016968052159604952
2024-08-11,-0.03497070198307296,72,-0.0016731668934725874,-15.027802212680065,-0.030772617495184562
2024-08-12,0.002517861570905678,174,-0.0009364921689634788,-15.02454767638465,0.003254536295415278
2024-08-13,0.0016800203043820729,117,-0.003203954038618434,-15.025135117949922,-0.0005874415652726839
2024-08-14,-0.023360187704661032,56,-0.0004182895386436492,-15.045709641154609,-0.020574523204686557
2024-08-15,-0.03097957742225792,116,0.0,-15.076270929038223,-0.03056128788361434
2024-08-16,0.0014236701251409917,96,-0.002159395553594971,-15.077006654466677,-0.0007357254284539039
2024-08-17,0.00024248109943788022,18,-6.900987812742107e-05,-15.074673787691772,0.0023328667749051846
2024-08-18,0.0003432547384692046,26,-0.005388146724454271,-15.07964966979963,-0.004975882107858709
2024-08-19,0.0013545084205662816,93,-0.00015885909415833146,-15.073065873748767,0.006583796050863455
2024-08-20,0.0005638722856558526,37,-0.018297798789378764,-15.09064094115833,-0.01757506740956316
2024-08-21,0.0009113167357732245,59,-0.0014986574903105695,-15.07293048312349,0.01771045803484128
2024-08-22,0.001071158413625609,70,-0.0064326484304446045,-15.076793315649997,-0.0038628325265079866
2024-08-23,0.0012039466381484317,85,-0.0006892009039485959,-15.069845921485355,0.0069473941646425175
2024-08-24,0.00047882736781722826,35,-0.0005336954175219218,-15.06921158863111,0.0006343328542453008
2024-08-25,0.0003225945661026625,24,-0.0004008301210294715,-15.068756128768515,0.0004554598625947648
2024-08-26,0.00092343869544806,64,-0.009433667237174433,-15.076865527189213,-0.008109398420698355
2024-08-27,-0.047711843079675034,57,-0.006461064948768889,-15.121604767980482,-0.04473924079126945
2024-08-28,-0.024750663049232176,76,-1.8242654884409518e-05,-15.139912608735829,-0.018307840755346305
2024-08-29,0.0008247731565505036,55,-0.009448526747224165,-15.14851811967162,-0.008605510935790761
2024-08-30,-0.02538464673295897,53,0.0,-15.164454239657355,-0.015936119985735075
2024-08-31,0.00010501269753332911,8,-7.156635281049653e-05,-15.164420793312631,3.344634472313146e-05
2024-09-01,0.0011757605819559694,80,-0.010902309906005974,-15.174075776283871,-0.00965498297123979
2024-09-02,0.0010980815268232169,75,0.0,-15.162075384851041,0.012000391432829716
2024-09-03,0.0006232118724152449,43,-0.005520089483350823,-15.166972262461977,-0.0048968776109354906
2024-09-04,0.0008108894226501363,53,-0.0025888852920749523,-15.16323016884805,0.0037420936139263006
2024-09-05,0.0006335001090437882,39,-0.0181047236899815,-15.178112507136913,-0.014882338288861874
2024-09-06,-0.052617965511137475,94,1.9158968948291555e-05,-15.21260658998912,-0.03449408285220734
2024-09-07,0.00048360477438244055,36,-0.00027952392775297845,-15.212421668111439,0.00018492187768082147
2024-09-08,0.00037240680160433904,28,0.0,-15.211769737382081,0.0006519307293579857
2024-09-09,0.0008199953549150549,56,-0.002186692823698984,-15.213136434850865,-0.0013666974687840394
2024-09-10,0.0012775694420719386,79,-0.0005893006399629426,-15.210261473225057,0.002874961625808581
2024-09-11,0.0010138822533190886,63,-0.00183150714676654,-15.210489797478541,-0.0002283242534844021
2024-09-12,0.001290830885813953,87,-0.0008341220339977051,-15.208201581479958,0.0022882159985826434
2024-09-13,0.0006795815290145192,47,-4.203362685013062e-05,-15.206729911543794,0.0014716699361638774
2024-09-14,0.0002485619814644001,16,-0.0013043123440628556,-15.207743628279543,-0.00101371673574846
2024-09-15,0.0004050058631267959,26,-0.0066747309908875545,-15.21270904106324,-0.004965412783697332
2024-09-16,-0.0205423184343471,45,-0.0001228200568711127,-15.22669944856357,-0.013990407500330093
2024-09-17,0.0009747667181393962,68,-0.003652391839254577,-15.229254253627815,-0.0025548050642445475
2024-09-18,0.0018381787921601196,123,0.0,-15.223763682996399,0.005490570631415892
2024-09-19,0.0007239494664639189,51,-0.002172960285029742,-15.225212693814965,-0.0014490108185665207
2024-09-20,0.0009866768644504068,70,-0.0018272796289288944,-15.223880336294414,0.001332357520551497
2024-09-21,0.00019839003272697418,14,-0.001168938416366065,-15.223023605049125,0.0008567312452889553
2024-09-22,0.0005777281245731906,40,-0.0004476735692096214,-15.221724612077395,0.001298992971729973
2024-09-23,0.0008384401195356059,61,-0.0012510497854337193,-15.221689548174083,3.5063903311538525e-05
2024-09-24,0.0007229122385565746,52,0.0,-15.219715586150093,0.001973962023990694
2024-09-25,0.00041031139288563603,30,-0.0020974395425220646,-15.22140271429973,-0.0016871281496371182
2024-09-26,0.000650007612009474,44,-0.0008349234915464064,-15.219490190636744,0.0019125236629857767
2024-09-27,0.0005922057314026481,41,-0.0013127020427725082,-15.219375763456569,0.0001144271801756247
2024-09-28,0.00024444191781635474,17,-0.000801557972718699,-15.218620177468697,0.0007555859878713989
2024-09-29,0.00015805911797404462,11,-0.0016798550237908513,-15.219340415401797,-0.0007202379331001652
2024-09-30,0.00030570225612656324,19,-0.021951705110001628,-15.239306563231882,-0.019966147830084324
2024-10-01,-0.031349624659245116,57,-0.016096662053102524,-15.264801144834228,-0.025494581602346855
2024-10-02,-0.023691574743343418,62,-0.0005698207474823208,-15.272965878271952,-0.008164733437723726
2024-10-03,0.0012548999783337038,89,-0.0010237705789992902,-15.272164928125136,0.0008009501468162483
2024-10-04,0.0004711579730340218,35,-0.0005935382162026679,-15.271263537789304,0.0009013903358319197
2024-10-05,0.00015617432110295935,10,-0.0006834680060094895,-15.271197293258007,6.624453129688845e-05
2024-10-06,0.0003429696521190679,23,-0.0001204004032307254,-15.27029125600311,0.0009060372548965745
2024-10-07,0.0008376225494314228,61,-0.00717042279528368,-15.276503655845731,-0.006212399842620897
2024-10-08,0.0009739119011461248,65,-0.007468749041582624,-15.275828070190883,0.0006755856548483763
2024-10-09,0.0005168787826902455,33,-0.026613076269549406,-15.29445551863616,-0.01862744844527775
2024-10-10,-0.042552224614627904,21,-9.958324178692952e-06,-15.310404625305418,-0.015949106669257418
2024-10-11,0.00046267563600811993,33,-0.0023720929703551726,-15.312304084315585,-0.0018994590101666375
2024-10-12,0.0003168784267393711,23,-0.00034003525499855133,-15.30995514817349,0.0023489361420949706
2024-10-13,0.0003441538501722543,24,-0.0013895852490925704,-15.310660544317413,-0.0007053961439229539
2024-10-14,0.000955281323467533,68,-6.531727096140803e-05,-15.308380995015813,0.0022795493015994595
2024-10-15,-0.017070127116366303,62,0.0,-15.325385804861218,-0.017004809845404978
2024-10-16,0.0009325711900129746,63,-0.0015351710736335618,-15.32598840474484,-0.0006025998836207691
2024-10-17,0.000800592405446999,52,-0.002420188577170016,-15.326072829842929,-8.442509808936904e-05
2024-10-18,0.0006001467116153842,43,-0.0006270941510177195,-15.32367958870516,0.0023932411377689533
2024-10-19,5.542040866364075e-05,4,-0.000720129589563141,-15.323717203735042,-3.7615029881976625e-05
2024-10-20,0.0001874546320867615,14,0.0,-15.322809619513391,0.0009075842216503816
2024-10-21,0.000562941495718748,38,-0.005897294370434953,-15.328143972388107,-0.00533435287471562
2024-10-22,0.0008170904430411062,53,-0.0054934792162900535,-15.32692306679092,0.0012209055971865723
2024-10-23,0.0005707529916793773,35,-0.012366145429324984,-15.333224980012277,-0.00630191322135687
2024-10-24,0.0008286979389875576,56,-0.001355375446374779,-15.32138551209034,0.011839467921937796
2024-10-25,0.0012422571047067616,82,-0.012138740222346707,-15.330926619761604,-0.00954110767126437
2024-10-26,0.0003325194446649718,21,-0.00857905158771485,-15.327034411682307,0.0038922080792964664
2024-10-27,0.0002649242884574145,18,-0.0021392098849920284,-15.320329645691128,0.006704765991178974
2024-10-28,0.0004705238540224212,35,0.0,-15.317719911952112,0.0026097337390158515
2024-10-29,0.0008916615040371729,62,-0.0013275918708667198,-15.318155842318943,-0.00043593036683020614
2024-10-30,0.0009200595458588843,56,-0.0029164716906119677,-15.31882466259283,-0.0006688202738871496
2024-10-31,-0.019990717997676315,29,-0.0002983854836659744,-15.336197294383558,-0.01737263179072812
2024-11-01,0.0017166836925747286,111,-0.008306220588653553,-15.342488445795972,-0.006291151412414209
2024-11-02,0.0002727826114183528,17,-0.009764312811911357,-15.343673755407812,-0.0011853096118397133
2024-11-03,0.00015030829608077002,9,-0.01645064488013938,-15.350209779179957,-0.006536023772145683
2024-11-04,-0.03506533973723173,53,-0.00018204612083028336,-15.36900652015788,-0.01879674097792261
2024-11-05,0.001066100608351867,71,-0.004099753384855349,-15.371858126813553,-0.002851606655672967
2024-11-06,0.002730016239012535,196,-0.0012913153804435216,-15.366319672570128,0.005538454243424695
2024-11-07,0.001296209001574795,83,-0.001643047818079055,-15.36537519600619,0.000944476563939034
2024-11-08,0.0007578237418423759,51,-0.000899331238861173,-15.363873655685127,0.0015015403210618672
2024-11-09,0.00024701245915416614,17,-0.000719034287708481,-15.363446346274822,0.00042730941030555414
2024-11-10,0.001485941872760698,105,-0.00018452630757831543,-15.361425896421931,0.0020204498528908488
2024-11-11,0.0018042807239621813,126,-0.0012087232929306787,-15.360645812683323,0.0007800837386078285
2024-11-12,-0.01874353054118228,219,-0.004416452683259987,-15.382597072614836,-0.021951259931512368
2024-11-13,-0.013862892820321243,177,-0.0006017131134135897,-15.392645225865309,-0.010048153250473035
2024-11-14,0.002789483699513575,189,-0.014132478758555379,-15.403386507810936,-0.010741281945627179
2024-11-15,0.0025362987690930026,166,-3.924573787849356e-05,-15.386756976021168,0.016629531789767782
2024-11-16,0.0005167955541986445,39,-0.0005841595862359164,-15.386785094315327,-2.8118294158829826e-05
2024-11-17,0.0009000639580045054,64,-0.002905615559414124,-15.3882064863305,-0.0014213920151728843
2024-11-18,0.0011918885283363364,87,-0.0009223788549385714,-15.385031361097688,0.003175125232811382
2024-11-19,0.000782589987551231,53,-0.0036211657572712353,-15.386947558012471,-0.0019161969147827307
2024-11-20,0.001349162822339383,94,-0.0004146679918263735,-15.382391897424686,0.004555660587785226
2024-11-21,0.001834765839307729,127,-0.0005897827401383901,-15.380732246333691,0.0016596510909945295
2024-11-22,0.0010947825584133942,81,-3.737092340135195e-06,-15.37905141812748,0.0016808282062115154
2024-11-23,0.00023580849772150404,17,-0.0016665651412571588,-15.380478437678674,-0.0014270195511940642
2024-11-24,0.0009147392629303701,62,-0.0015651407913891237,-15.379462274065876,0.0010161636127978824
2024-11-25,-0.04077030676665339,81,-0.0026985511959859753,-15.421365991237126,-0.041903717171249966
2024-11-26,0.002284506071638338,151,-0.011857759789508768,-15.42824069375901,-0.006874702521884046
2024-11-27,0.0009567859923401454,65,-0.002070226600922859,-15.417496374578084,0.010744319180925999
2024-11-28,0.0009363761248647235,57,-0.002800008332905754,-15.417289780185204,0.00020659439288017722
2024-11-29,0.0008661700988824561,58,-0.0016408958703990834,-15.415264497623813,0.0020252825613908954
2024-11-30,0.00021311152934925718,14,-0.006120994256190495,-15.419531484480256,-0.004266986856443111
2024-12-01,0.0004993651587191469,33,-0.002623207064703407,-15.415534332130049,0.003997152350207145
2024-12-02,0.0015579608870101777,98,-0.010015312507987569,-15.421368476686322,-0.005834144556272847
2024-12-03,0.0008347819017402924,51,-0.009977649907149564,-15.420496032183744,0.0008724445025780625
2024-12-04,0.0013738803899236876,90,-0.00020826564545443983,-15.409352767532125,0.011143264651618523
2024-12-05,-0.0660256351623931,198,-0.0003665142012645325,-15.475536651250328,-0.06618388371820316
2024-12-06,0.0014035294530466396,99,-0.004763702724213208,-15.478530310320231,-0.0029936590699026766
2024-12-07,0.0005107200724964405,32,-0.004246772563338082,-15.47750266008686,0.001027650233371702
2024-12-08,0.0005817343348296449,37,-0.0008899896169639323,-15.473564142805655,0.003938517281204312
2024-12-09,-0.02772776990249519,105,-0.00020540061166500587,-15.500607323702853,-0.027043180897198482
2024-12-10,0.002220804297830431,148,-0.0035186799453309943,-15.50169979873869,-0.0010924750358363156
2024-12-11,0.001371013742174631,94,-0.0005625562847436437,-15.497372661335927,0.004327137402762915
2024-12-12,0.0012513145251309757,86,-0.007406931697147663,-15.5029657222232,-0.005593060887273182
2024-12-13,0.0006973416938127285,47,-0.0017302998755635251,-15.496591748707802,0.006373973515398035
2024-12-14,0.0004326489449648409,31,-0.0016886264661054471,-15.49611742635338,0.0004743223544227959
2024-12-15,0.00033683166563259066,24,-0.0004581568074189355,-15.49455012502906,0.0015673013243198142
2024-12-16,0.001268796446013461,89,-0.0010016387610915938,-15.493824810536719,0.0007253144923407007
2024-12-17,0.000686340354520274,51,-0.0008568844803959889,-15.492993715901504,0.0008310946352150239
2024-12-18,-0.03541424236002862,105,-0.0035212158612721897,-15.53107228964241,-0.03807857374090595
2024-12-19,-0.03635426114200133,177,-0.0009722988621868392,-15.564877633785326,-0.03380534414291603
2024-12-20,-0.034215406045431974,182,2.1796212476759494e-05,-15.598098944756092,-0.03322131097076664
2024-12-21,0.0007984612113782757,58,-0.0011472942805645083,-15.598469574037756,-0.000370629281663426
2024-12-22,0.0012755569360306028,84,-0.012352424987369416,-15.60839914780853,-0.009929573770774525
2024-12-23,0.0011876112418952344,74,-0.01461166019000615,-15.60947077176927,-0.0010716239607404532
2024-12-24,0.0009583382418350717,65,0.0,-15.59390077333743,0.01556999843184137
2024-12-25,0.0002482487337046331,19,0.0,-15.593652524603725,0.0002482487337047701
2024-12-26,0.00099267509103666,65,-0.007298933677306365,-15.599958783189994,-0.006306258586269209
2024-12-27,0.0013864201189391378,89,-0.019241791093829293,-15.610515220487578,-0.010556437297584154
2024-12-28,0.00040944519095511796,25,-0.011071715567614347,-15.601935699770408,0.008579520717169942
2024-12-29,0.00018169527640028138,11,-0.025675824688409243,-15.616358113614803,-0.01442241384439491
2024-12-30,-0.04287841438888233,54,-0.0016288582349471613,-15.635189561550222,-0.01883144793541902
2024-12-31,0.0007539614731397424,51,-0.008535959818873031,-15.64134270166101,-0.006153140110788158
2025-01-01,0.00016682749204064413,10,-0.00314362743428666,-15.635783541784383,0.005559159876627362
2025-01-02,0.0011538094653343088,79,-0.0009600704640841674,-15.632446175348845,0.0033373664355380583
2025-01-03,0.00044262781296333556,32,0.0,-15.631043477071797,0.0014026982770474206
2025-01-04,0.00012991724834411354,10,0.0,-15.630913559823453,0.00012991724834421348
2025-01-05,0.00010520660689284073,8,0.0,-15.63080835321656,0.00010520660689294914
2025-01-06,0.0006472604587457347,45,0.0,-15.630161092757815,0.0006472604587450803
2025-01-07,0.00043321567670089853,28,-0.02694390907656035,-15.656671786157675,-0.02651069339986023
2025-01-08,-0.03773084900413645,84,-0.0014125945498076576,-15.668871320635057,-0.012199534477382201
2025-01-09,-0.01774894221874753,79,-0.0013924391473632285,-15.68660010745136,-0.017728786816302744
2025-01-10,0.0010533331368903043,75,-0.0016383535205614684,-15.685792688687668,0.0008074187636921693
2025-01-11,0.00024672913607097166,15,-0.002002023858089273,-15.685909629889125,-0.00011694120145655518
2025-01-12,0.0002930147049091887,18,-0.0023363265487853294,-15.685950917874912,-4.1287985787619164e-05
2025-01-13,-0.015810546104484617,132,0.0,-15.69942513743061,-0.013474219555698497
2025-01-14,0.001080053435542721,77,-0.0007396921149927711,-15.69908477611006,0.0003403613205499312
2025-01-15,0.0009905081197329353,70,7.393527882029811e-06,-15.697347182347453,0.0017375937626074034
2025-01-16,0.0012370959637660797,82,-0.000801552410548429,-15.696919032322118,0.000428150025335583
2025-01-17,0.000841693049922914,61,-0.002492490864566905,-15.697768277726214,-0.0008492454040958108
2025-01-18,0.0011482795093402847,78,-0.001123974639937056,-15.695251481992242,0.0025167957339711222
2025-01-19,0.0018512650900984896,130,-0.01329379885304327,-15.705570041115251,-0.010318559123009052
2025-01-20,-0.029694925453178818,292,-0.007216953224554093,-15.729188120939941,-0.023618079824689886
2025-01-21,0.0022107391625714205,146,0.0,-15.719760428552815,0.00942769238712593
2025-01-22,0.0009095298726089327,66,-0.0028987321909732062,-15.72174963087118,-0.0019892023183647467
2025-01-23,0.0027454040508367683,189,-0.001179109203833423,-15.717284603833205,0.004465027037975133
2025-01-24,0.0007231059246956921,53,-0.000158148902674906,-15.71554053760735,0.001744066225855434
2025-01-25,0.00026795058852909057,20,-0.00033482341922802034,-15.715449261535374,9.12760719753436e-05
2025-01-26,0.00026133108419648513,19,-0.007544809200268962,-15.722397916232218,-0.0069486546968438034
2025-01-27,-0.039479406439001816,135,0.0,-15.75433251347095,-0.03193459723873282
2025-01-28,0.0009658134997589422,62,-0.005471740918377784,-15.75883844088957,-0.004505927418618327
2025-01-29,0.0013461637930688435,89,-0.0009310411771461042,-15.752951577355269,0.005886863534300346
2025-01-30,0.00039810089111488135,30,-0.00017704949222589723,-15.751799484779234,0.001152092576035102
2025-01-31,0.0007324504115914515,51,-0.008509490275488467,-15.759399475150904,-0.007599990371669918
2025-02-01,0.00019472318348194226,12,-0.023033059602833323,-15.773728321294767,-0.014328846143863316
2025-02-02,-0.04076854024971184,92,-0.004017263363933763,-15.79548106530558,-0.021752744010813174
2025-02-03,-0.024451704274763182,205,-0.0019433531990974548,-15.817858859415507,-0.022377794109926796
2025-02-04,-0.01625070217591717,143,-0.00578953073348884,-15.837955739125816,-0.020096879710308713
2025-02-05,0.0013365628501205665,86,-0.014001005710247635,-15.844830651252453,-0.006874912126637156
2025-02-06,0.0012243264115044132,77,-0.015183043320086336,-15.844788362450787,4.228880166579074e-05
2025-02-07,0.0015600664087395124,101,-0.014913935705836712,-15.842959188427798,0.0018291740229887665
2025-02-08,0.00011747913949024419,7,-0.015418795893409961,-15.843346569475882,-0.00038738104808366813
2025-02-09,0.0002812130641576623,17,-0.015926429840898475,-15.843572990359213,-0.00022642088333135746
2025-02-10,0.0008650896927786561,54,-0.008351297994033717,-15.83513276881957,0.008440221539643744
2025-02-11,0.00045860444082013776,29,-0.022477443148408063,-15.848800309533123,-0.013667540713553805
2025-02-12,-0.03890227986471119,31,-0.0001096552806629118,-15.86533480153009,-0.016534491996965883
2025-02-13,0.0002655564676750299,16,-0.0031463060120205007,-15.868105895793772,-0.002771094263682272
2025-02-14,0.000928642956673919,59,-0.0017536506462622454,-15.86578459747134,0.002321298322431886
2025-02-15,0.00015455190538501523,10,-0.0015420344321852085,-15.865418429351877,0.0003661681194628841
2025-02-16,0.0001922556505308652,12,-0.007588710055476969,-15.871272849324638,-0.005854419972761704
2025-02-17,0.00028534203298603535,17,-0.009296324082915468,-15.87269512131909,-0.0014222719944516626
2025-02-18,-0.019260458172617165,35,2.3436853820665337e-05,-15.88263581855497,-0.00994069723587998
2025-02-19,0.0003443995651967685,26,0.0,-15.882314855843594,0.0003209627113758273
2025-02-20,0.0002584292022265832,17,-0.00013574275142088488,-15.88219216939279,0.00012268645080482088
2025-02-21,0.0007605014244083709,51,-0.010708361522462084,-15.892004286739422,-0.009812117346632121
2025-02-22,0.00021451854664061206,13,-0.008149437224773227,-15.889230843895092,0.0027734428443295656
2025-02-23,6.710212589849189e-05,4,-0.010124042605789071,-15.891138347150209,-0.0019075032551167936
2025-02-24,-0.029905828788308563,44,-0.011993078328718538,-15.922913211661447,-0.03177486451123812
2025-02-25,-0.02653689529557653,123,-0.005006313182162738,-15.942463341810468,-0.019550130149021072
2025-02-26,-0.02864526682615709,139,-0.01569110550408654,-15.981793400958548,-0.039330059148079854
2025-02-27,0.002200817383856261,142,-0.013183906138276488,-15.977085384208882,0.004708016749665589
2025-02-28,-0.07354800185627103,141,0.0,-16.037449479926877,-0.06036409571799517
2025-03-01,0.0010039642822996658,66,-0.000507616166594649,-16.03695313181117,0.0004963481157069793
2025-03-02,0.002082975150595006,148,-0.00019100576349484168,-16.034553546257474,0.0023995855536966815
2025-03-03,-0.04753563956363475,152,-0.010805793700626261,-16.09270397375824,-0.05815042750076671
2025-03-04,-0.03213656997092048,280,-0.0028598170144785474,-16.116894567043012,-0.024190593284771467
2025-03-05,0.0024632885860349112,171,0.0,-16.111571461442498,0.0053231056005138555
2025-03-06,-0.028139294133434165,113,0.0,-16.139710755575933,-0.0281392941334353
2025-03-07,0.0037539006135417336,249,-0.009794528478067228,-16.14575138344046,-0.006040627864525305
2025-03-08,0.00026923715000175925,16,-0.014050524925161467,-16.14973814273755,-0.003986759297092135
2025-03-09,-0.056365999377761405,57,-0.0004994345799902585,-16.19255305177014,-0.042814909032589554
2025-03-10,-0.02020939713953507,202,-0.013553025842201276,-16.22581604017189,-0.03326298840174857
2025-03-11,-0.028179137851001956,198,-0.0010282742739536257,-16.24147042645464,-0.015654386282751176
2025-03-12,0.002084726866700302,132,-0.0008250525137181019,-16.239182477827704,0.0022879486269360427
2025-03-13,-0.02192317853992705,84,-0.00020343477890147333,-16.260484038632814,-0.021301560805110142
2025-03-14,0.001082572864340958,77,-0.0019748722031258086,-16.261172903192698,-0.0006888645598834842
2025-03-15,0.00023637168481227717,17,-0.0008415824445479065,-16.259803241749307,0.0013696614433911236
2025-03-16,0.0010280800945358976,69,-0.007883697996012271,-16.265817277206235,-0.006014035456928468
2025-03-17,0.0011983317818980558,81,-0.0014193998847563342,-16.258154647313084,0.0076626298931508074
2025-03-18,0.0009295307262233885,58,-0.0084072604685303,-16.264212977170633,-0.006058329857548728
2025-03-19,0.0010090337527969414,71,-6.409279825830715e-05,-16.254860775747563,0.009352201423070028
2025-03-20,0.0007053232616902413,44,-0.013167644206130698,-16.267259003893745,-0.012398228146182078
2025-03-21,-0.019751397643963543,24,-0.00036991593581382255,-16.274212673267392,-0.0069536693736473865
2025-03-22,5.541886208787497e-05,4,-0.0008589410707502567,-16.27464627954024,-0.0004336062728462764
2025-03-23,0.00018708368942758495,14,0.0,-16.27360025478006,0.0010460247601784545
2025-03-24,0.0007149273711113099,52,-0.001634620956607239,-16.27451994836556,-0.0009196935854980381
2025-03-25,0.000778452067781503,55,-0.0018954677135498061,-16.27400234305472,0.000517605310839997
2025-03-26,0.0007024597190076065,48,-0.004138165280371734,-16.27554258090253,-0.0015402378478128753
2025-03-27,0.0005590350265309201,38,-0.002866332866700325,-16.27371171346233,0.0018308674402014447
2025-03-28,0.00042137807287932977,26,-0.027391600836051314,-16.297815603358803,-0.024103889896473163
2025-03-29,-0.04586799638175058,27,-0.0008897357159804844,-16.317181734620483,-0.019366131261680408
2025-03-30,0.0005210775011876257,34,-0.0022675318386635073,-16.31803845324198,-0.0008567186214953892
2025-03-31,0.0013236712270525486,85,-0.0038495363257822967,-16.318296786502046,-0.0002583332600671895
2025-04-01,0.0005751938553866913,40,0.0,-16.31387205632088,0.004424730181167291
2025-04-02,-0.020536593206481633,71,-0.001214242342355462,-16.33562289186972,-0.02175083554883983
2025-04-03,0.0016292670822851193,107,-0.0011006494839085063,-16.333880031928985,0.0017428599407338652
2025-04-04,0.0021512725168749865,149,-0.0006433454967198121,-16.33127145542492,0.0026085765040662068
2025-04-05,0.00038845225110977237,27,-0.0016306380953800366,-16.33187029577247,-0.0005988403475534199
2025-04-06,-0.041073182306515035,85,-0.005155252344155735,-16.376468092327762,-0.044597796555290614
2025-04-07,-0.02661085525754195,308,-0.005964613430482553,-16.40388830867163,-0.0274202163438666
2025-04-08,-0.03270012753029663,83,-0.00044484328930361703,-16.43106866606075,-0.027180357389120502
2025-04-09,0.006833457853991235,221,0.0,-16.423790364917455,0.007278301143294641
2025-04-10,0.0013800448919499223,93,-0.014823026733891104,-16.437233346759395,-0.013442981841940593
2025-04-11,0.0012657765888517726,88,-0.0016121003724090858,-16.422756643809063,0.014476702950332765
2025-04-12,0.0007939273150186749,54,-0.0006563601944294273,-16.421006976316065,0.001749667492997986
2025-04-13,0.00138089536016498,93,-0.006918578332673425,-16.425888299094144,-0.004881322778079067
2025-04-14,0.0014953543819897128,104,-0.002873630161240375,-16.42034799654072,0.00554030255342397
2025-04-15,0.0008054921230059675,59,-0.008236165610162773,-16.424905039866637,-0.0045570433259172205
2025-04-16,0.0011532141718698925,77,-0.0053080916991963475,-16.4208237517838,0.00408128808283692
2025-04-17,0.0006201744251294476,43,-0.0015492559043960071,-16.416444741563872,0.004379010219928148
2025-04-18,7.148714571745183e-05,5,-0.0034914765399278566,-16.418315475053685,-0.0018707334898131478
2025-04-19,0.0002222773006725299,16,-0.0009269132678088152,-16.415528634480893,0.002786840572792215
2025-04-20,0.0002575653336708849,18,-0.0006877036193193584,-16.415031859498736,0.0004967749821567224
2025-04-21,0.0009318781028315783,62,-0.00149338691506007,-16.414905664691645,0.00012619480709119557
2025-04-22,0.001158959209145854,81,0.0,-16.412253318567437,0.0026523461242078383
2025-04-23,0.0005165894675565187,39,0.0,-16.411736729099882,0.0005165894675549509
2025-04-24,0.0004981269389379623,37,0.0,-16.411238602160942,0.0004981269389396914
2025-04-25,0.00047659520088857055,32,-0.0018382011915892569,-16.41260020815164,-0.0013616059906986777
2025-04-26,0.0002852259547375126,18,-0.001871848829228241,-16.412348629834543,0.000251578317097767
2025-04-27,0.00024201406212695782,15,-0.005767586580642186,-16.41600235352383,-0.0036537236892861813
2025-04-28,0.0007683203236104167,48,-0.0008431358730946828,-16.41030958249267,0.005692771031160504
2025-04-29,0.000542188556658667,35,-0.003213424068442607,-16.41213768213136,-0.0018280996386899062
2025-04-30,0.0007232126827617035,45,-0.0036154791915681043,-16.411816524571723,0.00032115755963602055
2025-05-01,0.0007360980855056322,52,-0.0009112862594489719,-16.4083762335541,0.003440291017621888
2025-05-02,0.0003586734005231662,27,-0.00022710759473189572,-16.40733338148886,0.0010428520652396855
2025-05-03,8.440491119738709e-05,6,-0.0028970429398497634,-16.40991891192278,-0.002585530433918848
2025-05-04,0.00034280395156195437,23,-0.01245974719295922,-16.41913881222433,-0.009219900301548734
2025-05-05,0.0005309180930375264,33,-0.009087102184986746,-16.415235249123317,0.003903563101012253
2025-05-06,0.0006988134002979777,45,-0.00030922309576296284,-16.405758556633796,0.009476692489521099
2025-05-07,0.0006222665791077251,46,-0.00010195580034159806,-16.40492902275927,0.0008295338745263336
2025-05-08,0.0007995244846180148,56,-0.0006411793565042467,-16.404668721830813,0.0002603009284563029
2025-05-09,0.0008643978041744432,57,-0.001605474373448522,-16.404768619043583,-9.989721277037233e-05
2025-05-10,0.00034952351506618113,24,-5.863186684434495e-05,-16.402872253021915,0.0018963660216684275
2025-05-11,0.0005652028907518433,40,-0.0009442945471823252,-16.4031927128115,-0.00032045978958450405
2025-05-12,0.0010692899081910638,72,-0.007877888685069726,-16.409057017041196,-0.005864304229696415
2025-05-13,0.0009085936058919112,60,-0.002213088466206191,-16.40248362321644,0.0065733938247554136
2025-05-14,0.0005196710092265464,35,-0.004531361432145569,-16.404282225173155,-0.0017986019567146627
2025-05-15,0.0008090622257521581,52,-0.0034203400847692125,-16.402362141600026,0.0019200835731290056
2025-05-16,0.0004330717813734257,30,-0.004741596587382212,-16.403250326321267,-0.0008881847212407479
2025-05-17,0.0002125085967021033,14,-0.006444317834734004,-16.404740538971915,-0.0014902126506477487
2025-05-18,0.000637362550218514,46,0.0,-16.39765885858696,0.0070816803849531595
2025-05-19,0.000983124741410636,68,0.0,-16.39667573384555,0.0009831247414098243
2025-05-20,0.00028108538120574854,21,0.0,-16.396394648464344,0.0002810853812071912
2025-05-21,0.0014442268758418895,99,-2.2686962561325974e-05,-16.394973108551067,0.0014215399132773143
2025-05-22,0.0008076350198471426,53,-6.155052377710938e-05,-16.394204337092436,0.000768771458631079
2025-05-23,-0.017330152302801608,18,-2.4300073295012537e-05,-16.411497238944754,-0.017292901852318465
2025-05-24,0.0005466792128368768,39,-0.002765339117984202,-16.41369159877661,-0.0021943598318543422
2025-05-25,0.0007340219699829259,51,-0.00013993412775873684,-16.4103321718164,0.0033594269602090776
2025-05-26,0.00020829237022315845,16,0.0,-16.409983945318416,0.00034822649798371685
2025-05-27,0.0004321095393033463,32,-0.00020041585372620443,-16.40975225163284,0.0002316936855777385
2025-05-28,0.0004793178000604874,34,-0.0026920938246173367,-16.41176461180367,-0.0020123601708306182
2025-05-29,0.0007119274932531497,48,-0.014323703566415871,-16.422684294052214,-0.010919682248545115
2025-05-30,0.0006763881361586272,41,-0.02874270235173685,-16.436426904701374,-0.01374261064916027
2025-05-31,0.0,0,-0.023078734408386342,-16.430762936758025,0.00566396794334878
2025-06-01,0.00011727492617749204,7,-0.013902817396647196,-16.421469744820108,0.009293191937917555
2025-06-02,0.00016641149652904866,10,-0.01231245524834551,-16.419712971175276,0.0017567736448320659
2025-06-03,0.0005201460220711391,32,-0.01570541476478209,-16.42258578466964,-0.002872813494363413
2025-06-04,0.0001996532886525193,12,-0.02145997665600452,-16.42814069327221,-0.005554908602569242
2025-06-05,-0.03831070080650609,41,-0.003455365541996505,-16.448446782964705,-0.020306089692496698
2025-06-06,0.0005554183504093802,39,-0.00045578468499145737,-16.444891783757292,0.00355499920741309
2025-06-07,9.246955166150337e-05,7,0.0,-16.44434352952064,0.000548254236651502
2025-06-08,0.0,0,0.0,-16.44434352952064,0.0
2025-06-09,0.000354736858870772,25,0.0,-16.44398879266177,0.0003547368588705524
2025-06-10,0.0001974799633909482,15,0.0,-16.44379131269838,0.0001974799633899238
2025-06-11,0.00016061475674508858,12,-0.00025023016674562343,-16.44388092810838,-8.9615410001187e-05
2025-06-12,0.0005736304134896252,39,-0.01220938545943192,-16.455266452987576,-0.011385524879194975
2025-06-13,0.0005810051779471317,35,-0.009562549005859086,-16.45203861135606,0.0032278416315172365
2025-06-14,0.00016559789107579103,10,-0.014097446417527196,-16.45640791087665,-0.004369299520590175
2025-06-15,0.00026366349907023146,16,-0.012764258714555339,-16.454811059674608,0.0015968512020414494
2025-06-16,0.0006333856329781996,43,-0.004495130336006419,-16.445908545663084,0.008902514011523976
2025-06-17,0.0003892017317874298,25,-0.01869097508690589,-16.459715188682193,-0.013806643019108833
2025-06-18,0.00023578945689466433,14,-0.01586196684289404,-16.456650390981288,0.00306479770090462
2025-06-19,0.00016868733099615284,10,-0.017785483398422987,-16.45840522020582,-0.0017548292245308517
2025-06-20,-0.03526747288901225,28,-0.00045411621414249444,-16.47634132591055,-0.01793610570473092
2025-06-21,0.00047673766929889227,31,-0.0035438280785953435,-16.478954300105702,-0.0026129741951521623
2025-06-22,-0.024671460141924607,69,0.0,-16.50008193216903,-0.02112763206332957
2025-06-23,0.000715153154437612,47,0.0,-16.499366779014593,0.0007151531544380418
2025-06-24,0.0,0,0.0,-16.499366779014593,0.0
2025-06-25,0.0003634043825548875,25,-0.0006806020142653391,-16.499683976646306,-0.00031719763171267346
2025-06-26,0.000387021442712441,27,-0.0018174540989847753,-16.50043380728831,-0.0007498306420039569
2025-06-27,0.00038402956888468863,26,-0.001835024795252585,-16.500067348415694,0.0003664588726159934
2025-06-28,5.837551258590883e-05,4,-0.0011982464039674093,-16.49937219451182,0.0006951539038730914
2025-06-29,0.0001811467137265774,13,8.229342063933397e-06,-16.497984572052065,0.0013876224597559883
2025-06-30,0.00035331956934688566,25,-0.0024550014162790603,-16.500094483241064,-0.0021099111889988365
2025-07-01,0.00026084991249965717,17,-0.008406933265598689,-16.50578556517788,-0.005691081936817
2025-07-02,0.00035924080269397475,25,0.0,-16.49701939110959,0.008766174068291832
2025-07-03,7.77964370099048e-05,6,0.0,-16.496941594672577,7.779643701155692e-05
2025-07-04,0.0001937028805112346,14,-0.001082913297596649,-16.497830805089663,-0.0008892104170854509
2025-07-05,8.244422935657265e-05,6,-0.0006686886871200077,-16.49733413624983,0.0004966688398333474
2025-07-06,0.00011930027475258861,9,0.0,-16.496546147287955,0.0007879889618749303
2025-07-07,0.0002162328708655131,16,-0.0005492720503124341,-16.496879186467403,-0.00033303917944849104
2025-07-08,0.00028069757618227203,21,1.888587603425229e-05,-16.49603033096487,0.0008488555025323308
2025-07-09,0.000330482222473905,23,-0.0005397842950799558,-16.49625851891351,-0.00022818794863965763
2025-07-10,0.0006259575536361894,43,-0.0005572346370766313,-16.495650011701873,0.0006085072116377432
2025-07-11,0.000782728056419406,56,-0.0011632439827697948,-16.495473292991147,0.00017671871072622025
2025-07-12,0.00012435350096163188,9,-0.0013744368197587155,-16.495560132327174,-8.68393360278219e-05
2025-07-13,0.00019729596372297024,15,0.0,-16.493988399543692,0.0015717327834821049
2025-07-14,0.0007826972574264975,52,-0.009838397055701418,-16.503044099341967,-0.009055699798274475
2025-07-15,-0.03978166983071439,35,-1.1597175160615766e-05,-16.532998969292137,-0.029954869950170604
2025-07-16,0.000172587599076443,13,0.0,-16.5328147845179,0.00018418477423765012
2025-07-17,0.0004307999516803322,31,-0.0024417251520352833,-16.534825709718255,-0.0020109252003557287
2025-07-18,0.00045083204062335935,28,-0.007954360683882217,-16.53988751320948,-0.005061803491223316
2025-07-19,0.0,0,-0.008588966496611457,-16.540522119022206,-0.0006346058127277843
2025-07-20,8.465504077757875e-05,5,-0.011230229013078111,-16.543078726497896,-0.002556607475689532
2025-07-21,0.00023392626309546715,14,-0.010700763572642491,-16.542315334794367,0.000763391703529237
2025-07-22,0.0004914200777184445,30,-0.0010056022938910705,-16.532128753437895,0.010186581356471436
2025-07-23,8.135886610168863e-05,5,-0.004486357393671302,-16.535528149671574,-0.0033993962336786865
2025-07-24,0.0003010283889939814,18,-0.006287188546213752,-16.537027952435125,-0.0014998027635506617
2025-07-25,-0.01674674798358152,63,5.9985346069977196e-05,-16.547427526526423,-0.010399574091298547
2025-07-26,0.0001081114737748424,8,-0.00011323180457631355,-16.547492632203294,-6.510567687101343e-05
2025-07-27,7.914543930291921e-05,6,0.0,-16.547300254959413,0.00019237724388077027
2025-07-28,0.00023995485833114055,18,-0.0001361197958039267,-16.54719641989689,0.00010383506252509278
2025-07-29,0.0003652771348820241,27,-0.000277729874917923,-16.546972752841118,0.00022366705577070434
2025-07-30,0.0004405246406237787,32,-0.00036069792028360073,-16.54661519624586,0.00035755659525804617
2025-07-31,0.00039554932949817763,29,-0.006944544916951077,-16.552803493913032,-0.006188297667172549
2025-08-01,0.0009752226832175118,61,-0.025018459195966326,-16.56990218550883,-0.017098691595798243
2025-08-02,3.3862016311036704e-05,2,-0.031817838729533116,-16.576667703026086,-0.006765517517255404
2025-08-03,0.00016661739751273842,10,-0.017071353087900275,-16.56175459998694,0.01491310303914517
2025-08-04,0.0004522095258719005,28,-0.011004151530900504,-16.55523518890407,0.006519411082869908
2025-08-05,0.00024899827099606506,15,-0.017717082747422168,-16.561699121849593,-0.006463932945521833
2025-08-06,0.00047656141760702445,29,-0.011407257587627591,-16.554912735272193,0.006786386577399384
2025-08-07,0.0004185046627245612,28,-0.000985218485984076,-16.544072191507823,0.01084054376437038
2025-08-08,0.00020194476432546372,14,-0.003103438152907873,-16.545988466410424,-0.0019162749026016002
2025-08-09,0.00015569815203513552,11,-0.003861659729006903,-16.54659098983449,-0.0006025234240638611
2025-08-10,0.0003998300792401615,30,0.0,-16.54232950002624,0.004261489808246921
2025-08-11,0.000500250560056511,32,-0.011741502400066123,-16.553570751866253,-0.011241251840012012
2025-08-12,0.00041459035717621357,25,-0.004337157602580747,-16.54575181671159,0.007818935154663365
2025-08-13,0.0008375337238233361,56,-7.601896973296845e-05,-16.540653144354916,0.005098672356673717
2025-08-14,0.0003173628759616957,21,-0.023320699763807393,-16.56358046227303,-0.0229273179181142
2025-08-15,8.46550407775711e-05,5,-0.03113281613446967,-16.571307923602916,-0.007727461329885443
2025-08-16,0.0,0,-0.030830473862717568,-16.571005581331164,0.00030234227175185424
2025-08-17,0.0,0,-0.03063979698322622,-16.570814904451673,0.0001906768794910363
2025-08-18,-0.03935517421498546,33,-0.0005828501131248096,-16.58011313179656,-0.00929822734488539
2025-08-19,0.00028606591119762794,18,-0.014854182545504576,-16.59409839831774,-0.013985266521181927
2025-08-20,0.00010117088189375874,6,-0.007051271395540583,-16.58619431628588,0.007904082031860327
2025-08-21,0.00010075655868987264,6,-0.01695274825276338,-16.595995036584412,-0.009800720298532184
2025-08-22,-0.02190868872458516,30,-0.00025735505349588076,-16.60120833210973,-0.005213295525319239
2025-08-23,0.00017737872122089644,11,-0.0037770403979286854,-16.604550638732942,-0.0033423066232103338
2025-08-24,-0.028966167719634825,37,0.0,-16.629739766054648,-0.025189127321706195
2025-08-25,0.001155153448557114,78,-0.010700115961943198,-16.639284728568033,-0.009544962513384547
2025-08-26,0.001030166734582623,65,-0.0030497867368486356,-16.630604232608356,0.008680495959676904
2025-08-27,0.0007136716941794271,49,-0.005017009667919147,-16.63185778384525,-0.001253551236892747
2025-08-28,0.0004865333394436758,35,-0.0008630905078310456,-16.627217331345715,0.004640452499533154
2025-08-29,0.0003428824451586268,22,-0.02226299397042077,-16.648274352363146,-0.021057021017430344
2025-08-30,0.0,0,-0.01891064741056078,-16.644922005803284,0.0033523465598612745
2025-08-31,0.00010096329837406931,6,-0.023263893924102684,-16.649174289018454,-0.004252283215169683
2025-09-01,0.00016765278360466853,10,-0.016276044419764248,-16.64201878673051,0.007155502287943705
2025-09-02,0.0007848876121098548,50,-0.004755217505192709,-16.629713072203828,0.01230571452668272
2025-09-03,0.00039535399465318727,27,-0.0031913499715936246,-16.627753850675578,0.001959221528249344
2025-09-04,0.0003575062535057683,23,-0.007721810553394953,-16.631926805003875,-0.004172954328296896
2025-09-05,0.0007365652337340668,51,-0.006154828722956537,-16.629623257939702,0.002303547064173017
2025-09-06,0.0001237708982986348,8,-0.008453848198974242,-16.631798506517423,-0.0021752485777213337
2025-09-07,0.00012195316959310809,8,-0.004406518704631327,-16.627629223853486,0.004169282663937679
2025-09-08,0.0003294647114216847,23,-0.0016800961368009836,-16.624573336574237,0.003055887279248992
2025-09-09,0.00037101264996708427,26,-0.0035564801108797363,-16.626078707898348,-0.0015053713241108824
2025-09-10,0.0003424354048503877,25,0.0,-16.622179792382617,0.0038989155157302946
2025-09-11,0.0,0,0.0,-16.622179792382617,0.0
2025-09-12,0.0003159732804579972,21,-0.00041639851433293974,-16.622280217616492,-0.00010042523387454594
2025-09-13,9.01583164997048e-05,6,-0.0005474968441672213,-16.622321157629827,-4.094001333498909e-05
2025-09-14,0.00014972846365555727,10,-0.0018731817127715835,-16.623497114034777,-0.0011759564049498294
2025-09-15,0.00038259871705711155,25,-0.001360816496258208,-16.62260215010121,0.0008949639335682491
2025-09-16,0.00037476102989114033,25,-1.1297658310993548e-05,-16.620877870233368,0.0017242798678402949
2025-09-17,0.00057509783365194,39,-0.0008258782851550321,-16.62111735302656,-0.0002394827931908594
2025-09-18,0.00031511628484297613,23,-0.0005444083902775333,-16.620520766846838,0.00059658617972147
2025-09-19,0.00011598197028555368,8,-0.004148715091889847,-16.624009091578166,-0.0034883247313288734
2025-09-20,2.9585704651491042e-05,2,-0.003943395605070006,-16.623774186386694,0.00023490519147273403
2025-09-21,3.0185416818437523e-05,2,-0.005775905889368301,-16.625576511254174,-0.0018023248674801096
2025-09-22,6.360673462405535e-05,4,-0.022806277708744032,-16.642543276338923,-0.01696676508474937
2025-09-23,0.0,0,-0.02788476813072023,-16.647621766760903,-0.005078490421979609
2025-09-24,0.00011789430652959036,7,-0.017816863877500706,-16.63743596820115,0.010185798559753323
2025-09-25,-0.03792462380794868,26,-0.008012307783545083,-16.665556035915145,-0.028120067713995667
2025-09-26,0.00048003349244285927,29,-0.004729379591699923,-16.661793074230857,0.003762961684287802
2025-09-27,6.565493783917286e-05,4,-0.00476375473291954,-16.661761794434238,3.1279796619543276e-05
2025-09-28,0.0002294820792382411,15,-7.52353739056674e-05,-16.656843792995986,0.004918001438252162
2025-09-29,0.00015100567160502572,11,0.0,-16.656617551950475,0.00022624104551027813
2025-09-30,0.0002090619302061225,16,0.0,-16.65640849002027,0.00020906193020664432
2025-10-01,0.0003598319405095183,26,0.0,-16.656048658079758,0.000359831940510702
2025-10-02,8.935682612139749e-05,6,-0.0003006943693045633,-16.656259995622943,-0.00021133754318469755
2025-10-03,0.0005950820973579963,42,-0.0005663946256762016,-16.655930613781955,0.0003293818409879634
2025-10-04,0.0001645021865337812,12,-0.0003069703893508736,-16.655506687359097,0.00042392642285804527
2025-10-05,0.000245809936972049,16,-0.0038481482534085745,-16.658802055286184,-0.0032953679270875114
2025-10-06,0.0005903131059489258,37,-0.0021651067145663544,-16.656528700641395,0.0022733546447888386
2025-10-07,-0.01761092601166839,23,-0.0006616981741042632,-16.672636218112597,-0.01610751747120176
2025-10-08,0.0005462739107631549,40,0.0,-16.67142824602773,0.0012079720848667819
2025-10-09,0.0005533860887401931,39,-0.001104318540270478,-16.671979178479262,-0.0005509324515315939
2025-10-10,-0.060364293516094764,157,-0.0027343654701924487,-16.73397351892528,-0.061994340446016594
2025-10-11,0.0010704727564818232,66,-0.01317988558754003,-16.743348566286144,-0.009375047360865807
2025-10-12,0.0013204978401823995,88,-0.0007699273114193995,-16.72961811016984,0.013730456116302747
2025-10-13,0.0009629828743908537,70,-0.0004108380458644935,-16.728296038029896,0.0013220721399456181
2025-10-14,0.0012186584076244959,77,-0.005991879129393228,-16.7326584207058,-0.004362382675903831
2025-10-15,0.0007921895933447535,49,-0.02129562159791882,-16.74716997358098,-0.01451155287518091
2025-10-16,-0.04034531462575995,69,-0.001335903362826761,-16.76755556997165,-0.020385596390667615
2025-10-17,-0.019467163725059085,79,0.0,-16.785686830333884,-0.018131260362235224
2025-10-18,0.0,0,0.0,-16.785686830333884,0.0
2025-10-19,0.00030999350477596907,21,-0.0006322313335447426,-16.786009068162652,-0.00032223782876883433
2025-10-20,0.0004046179700054976,29,0.0,-16.784972218859103,0.0010368493035493032
2025-10-21,0.0012581760892702032,85,-0.02624965330876481,-16.809963696078597,-0.02499147721949413
2025-10-22,-0.028195875787722962,85,-0.002861769870929304,-16.814771688428486,-0.004807992349888934
2025-10-23,0.0007995724541157812,58,1.8101945496999292e-06,-16.81110853590889,0.00366315251959648
2025-10-24,0.00023435126100837533,18,0.0,-16.810875994842434,0.0002325410664560934
2025-10-25,0.0,0,0.0,-16.810875994842434,0.0
2025-10-26,0.0003943762177910692,28,-0.0002072399143464254,-16.810688858538988,0.0001871363034453566
2025-10-27,0.00020925659700660052,16,-0.000839082113658538,-16.811111444141293,-0.0004225856023047925
2025-10-28,0.0006343171570356766,46,-0.0045083449994790204,-16.81414638987008,-0.0030349457287854875
2025-10-29,0.0008695924975446633,55,-0.022250418632046777,-16.831018871005103,-0.016872481135024486
2025-10-30,-0.039103691542411875,81,-0.0037602977992369623,-16.851632441714703,-0.02061357070959957
2025-10-31,0.0010210284256017893,75,-0.0005740046637775699,-16.847425120153645,0.004207321561057853
2025-11-01,0.00018435356555946265,14,-3.812546642105269e-05,-16.84670488739073,0.0007202327629158845
2025-11-02,0.0001961301991750443,15,0.0,-16.846470631725133,0.0002342556655960948
2025-11-03,0.0012901979411946217,82,-0.011145302080535935,-16.856325735864473,-0.009855104139340654
2025-11-04,-0.06513335817727693,86,0.0,-16.910313791961215,-0.05398805609674184
2025-11-05,0.0009388588597066763,66,-0.00028019719785667515,-16.909655130299363,0.0006586616618520225
2025-11-06,0.00120977715166155,77,-0.01150725542369891,-16.919672411373543,-0.010017281074180318
2025-11-07,0.000830633460843951,52,-0.0015225534243480466,-16.90885707591335,0.010815335460193864
2025-11-08,0.0004948465717251536,31,-0.005500673358443318,-16.91234034927572,-0.0034832733623701984
2025-11-09,0.0009052285782434655,61,-0.0006678419433873795,-16.906602289282418,0.005738059993301903
2025-11-10,0.0003181406650099783,24,0.0,-16.905616306674023,0.0009859826083946643
2025-11-11,0.000647279239627108,45,-0.006662532004371983,-16.91163155943877,-0.0060152527647474585
2025-11-12,0.0008866850772079367,58,-0.01376818659294378,-16.917850528950133,-0.00621896951136236
2025-11-13,-0.036494417116947266,127,-0.0007248951246630884,-16.9413016545988,-0.02345112564866625
2025-11-14,-0.028057048646409833,148,-0.006623877866498018,-16.975257685987046,-0.033956031388246544
2025-11-15,0.0007534514747299843,54,-0.001639245734408382,-16.969519602380227,0.005738083606818378
2025-11-16,0.0014336903472285227,95,-0.008477592590771106,-16.974924258889363,-0.005404656509135464
2025-11-17,0.0012513089666815306,83,-0.020656287963378588,-16.985851645295288,-0.010927386405924722
2025-11-18,-0.031347000142948826,100,0.0,-16.996542357474855,-0.010690712179567186
2025-11-19,0.0016874347225112503,112,-0.002242722869499807,-16.997097645621842,-0.0005552881469874649
2025-11-20,-0.041678537322050235,115,-0.003255511208830164,-17.039788971283222,-0.04269132566138012
2025-11-21,-0.027298985336379478,262,2.610118875270527e-05,-17.06380634422202,-0.02401737293879691
2025-11-22,0.0010241478026296164,74,-0.0003148127760268919,-17.06312311038417,0.0006832338378508496
2025-11-23,0.000998851004013818,68,-0.0012410928443420382,-17.063050539448472,7.257093569634776e-05
2025-11-24,0.0016430296112866947,111,-0.00014483534971641135,-17.060311252342558,0.002739287105914201
2025-11-25,0.001241912998112854,86,-0.0024778186161281517,-17.06140232261086,-0.001091070268302019
2025-11-26,0.0011928477027033535,82,-3.536492582661135e-05,-17.057767021217852,0.003635301393007495
2025-11-27,0.0006218453731327294,44,-0.00045380235091366987,-17.05756361326981,0.00020340794804241114
2025-11-28,0.000625017804183174,45,-0.002117156637766578,-17.05860194975248,-0.0010383364826687114
2025-11-29,0.0002476050271340826,17,-0.0024167661904846626,-17.058653954278064,-5.2004525585402916e-05
2025-11-30,0.00040912712783911366,29,-0.005468361576043143,-17.061296422535783,-0.002642468257718633
2025-12-01,-0.04082632381703816,84,-0.0008194272338821005,-17.097473812010662,-0.03617738947487936
2025-12-02,0.0014694019947937343,101,-0.0014412336080245592,-17.09662621639001,0.000847595620651731
2025-12-03,0.0006535206791684271,49,0.0,-17.094531462102818,0.002094754287192302
2025-12-04,0.0004579753469742204,34,-0.0003862815555435061,-17.094459768311385,7.169379143334709e-05
2025-12-05,0.0009320775645811888,62,-0.014897259899817978,-17.10803866909108,-0.013578900779695147
2025-12-06,0.00030868780371012567,19,-0.015821202512116616,-17.10865392389967,-0.0006152548085900378
2025-12-07,0.0009475496768303204,60,-0.006362653301746568,-17.098247825012468,0.01040609888720212
2025-12-08,0.0011638567352730744,78,-0.005003559035572374,-17.09572487401102,0.0025229510014490586
2025-12-09,0.0010959037224940178,72,-0.004844940589567644,-17.09447035184252,0.0012545221684980845
2025-12-10,0.0007212871868029143,44,-0.006269341757794024,-17.095173465823944,-0.0007031139814230869
2025-12-11,-0.013406470639227955,76,0.0,-17.10231059470538,-0.007137128881435473
2025-12-12,0.0005437311644837677,37,-0.0032081475310256668,-17.10497501107192,-0.002664416366542355
2025-12-13,0.0001352354674133309,9,-0.003333029040291531,-17.104964657113772,1.0353958149522668e-05
2025-12-14,0.00040250060565959027,25,-0.01852350191526058,-17.119752629383083,-0.014787972269310501
2025-12-15,-0.03755462210568556,56,-0.00040144480774436704,-17.13918519438125,-0.019432564998165702
2025-12-16,0.0012131466396086887,85,-6.469411870682203e-05,-17.137635297052604,0.0015498973286440787
2025-12-17,-0.014690626806185195,84,-0.0013413985309666295,-17.153602628271052,-0.015967331218448066
2025-12-18,0.0012700529372965828,85,-0.00895344209917486,-17.15994461890196,-0.006341990630907901
2025-12-19,0.0013208579674185343,95,0.0,-17.14967031883537,0.010274300066591024
2025-12-20,6.486242917420864e-05,5,0.0,-17.149605456406196,6.48624291734734e-05
2025-12-21,0.00013049593321325619,10,0.0,-17.149474960472983,0.00013049593321312614
2025-12-22,0.0008256279390662865,54,-0.0056372713055837746,-17.154286603839502,-0.0048116433665192915
2025-12-23,0.0001657954710206814,10,-0.01207942268281054,-17.160562959745707,-0.006276355906205566
2025-12-24,0.0,0,-0.010951453294464553,-17.15943499035736,0.0011279693883459174
2025-12-25,0.0001507200929131985,9,-0.015107533970273642,-17.163440350940256,-0.004005360582894468
2025-12-26,0.0004827961983647796,30,-0.014655105341238412,-17.162505126112855,0.0009352248274012709
2025-12-27,0.0,0,-0.010964966959007956,-17.158814987730626,0.00369013838222898
2025-12-28,0.0,0,-0.010414482230394517,-17.158264503002012,0.0005504847286132986
2025-12-29,0.00034811430623358033,22,-0.01617336961625064,-17.163675276081634,-0.005410773079621123
2025-12-30,0.00041109913397906715,25,-0.007198439029171885,-17.154289246360573,0.009386029721060396
2025-12-31,0.0001973874983429555,12,-0.01377398115186816,-17.160667400984927,-0.006378154624353982
2026-01-01,9.931104293829765e-05,6,-0.005025195361264692,-17.151819304151385,0.008848096833542485
2026-01-02,0.0009466174387977647,62,-0.0011407326783687325,-17.14698822402969,0.004831080121693532
2026-01-03,0.00020632310928222472,14,-0.00017170984823501248,-17.145812878090275,0.0011753459394157062
2026-01-04,0.00029614710829968446,22,-1.179444090090181e-05,-17.14535681557464,0.000456062515635125
2026-01-05,0.00043334716246956146,30,-0.0013792646895412492,-17.146290938660808,-0.0009341230861679151
2026-01-06,0.0007913844829801729,52,-0.001652802181432917,-17.14577309166972,0.0005178469910873673
2026-01-07,0.00032852812772722205,20,-0.01731374890289805,-17.161105510263457,-0.015332418593736463
2026-01-08,-0.03499992269880301,31,-0.0002884234843496388,-17.17908010754371,-0.0179745972802543
2026-01-09,0.000742133860975171,54,-0.0012471002107849179,-17.179296650409174,-0.00021654286546279877
2026-01-10,4.1710731660597484e-05,3,-0.0016515955717975892,-17.179659435038523,-0.0003627846293490222
2026-01-11,0.0001511849542815918,11,-0.00037720610745011233,-17.178233860619898,0.0014255744186257857
2026-01-12,0.0006191654992085333,46,-7.563630911385142e-05,-17.17731312532235,0.0009207352975479921
2026-01-13,0.0005035289077636232,36,3.9830056925776765e-05,-17.176694130048546,0.0006189952738040461
2026-01-14,0.00079637723686805,55,-0.0011329997714228494,-17.177070582640027,-0.00037645259148177956
2026-01-15,0.0008551438221638655,53,-0.0068415280868424355,-17.181923967133283,-0.004853384493255675
2026-01-16,0.0001517563228406345,9,-0.0071207514567409435,-17.182051434180345,-0.00012746704706145806
2026-01-17,1.6931008155514015e-05,1,-0.009833332061758378,-17.184747083777207,-0.002695649596862637
2026-01-18,0.0,0,-0.019754835987092333,-17.19466858770254,-0.009921503925333752
2026-01-19,-0.028542756387443653,36,-0.0010485973355140706,-17.204505105438407,-0.009836517735866579
2026-01-20,-0.029015418926125844,33,-0.0007773438856338347,-17.23324927091465,-0.02874416547624392
2026-01-21,0.0015297820122786095,106,-0.001453360026454375,-17.23239550504319,0.0008537658714615759
2026-01-22,0.0006339965753790463,45,-0.0009651577959817171,-17.23127330623734,0.0011221988058487398
2026-01-23,0.0006116681654580352,44,-0.0006883869007660252,-17.230384867176667,0.000888439060673818
2026-01-24,5.581130683874534e-05,4,-0.001842329510238691,-17.2314829984793,-0.001098131302633476
2026-01-25,0.000284267999871699,18,-0.02043580798754335,-17.249792208956734,-0.01830921047743317
2026-01-26,0.0010469890117118443,66,-0.005977231257653292,-17.234286643215132,0.015505565741602112
2026-01-27,0.0007765389624478131,51,-0.0017599250256575332,-17.229292798020687,0.004993845194444901
2026-01-28,0.0007207311243094213,52,-0.0020870962874746765,-17.228899238158196,0.0003935598624913439
2026-01-29,-0.042885178834187174,65,-0.0014423711201603695,-17.271139691825066,-0.04224045366687079
2026-01-30,-0.025153882120311662,107,-0.00013350633786769704,-17.294984709163085,-0.023845017338018692
2026-01-31,-0.04219139043463325,105,-0.0003999268753422809,-17.337442520135195,-0.042457810972109655
2026-02-01,0.0025160559532905395,170,-0.010088186950634579,-17.344614724257198,-0.007172204122003478
2026-02-02,0.002482138225560429,168,-0.0004046386234441746,-17.332449037704446,0.012165686552751964
2026-02-03,-0.04251610833876777,150,0.0,-17.37456050741977,-0.04211146971532287
2026-02-04,0.002304426247060651,150,-0.01167531230488857,-17.383931393477596,-0.009370886057826766
2026-02-05,-0.12085430872667496,293,-0.002327660958325771,-17.495438050857707,-0.11150665738011156
2026-02-06,0.005075632409601932,332,-0.00139790336304139,-17.48943266085282,0.00600539000488709
2026-02-07,-0.02050452989219447,169,-2.5245016975767414e-05,-17.508564532398946,-0.019131871546125723
2026-02-08,0.0014645676922448463,101,-0.0064682502558471855,-17.513542969945572,-0.004978437546625969
2026-02-09,0.0020159616912352766,129,-0.009576340155767952,-17.51463509815426,-0.001092128208686205
2026-02-10,0.0007227203181977504,44,-0.02506557816591123,-17.529401615846204,-0.014766517691946035
2026-02-11,-0.04128505357464006,150,-0.005883694205317348,-17.55150478546025,-0.022103169614045015
2026-02-12,0.0013694816905265648,90,-0.011879708271437143,-17.556131317835842,-0.004626532375592518
2026-02-13,0.00137463410168736,92,-6.381327680445308e-05,-17.54294078873952,0.013190529096320347
2026-02-14,0.0006438116575306617,41,-0.001133867993236802,-17.543367031798425,-0.00042624305890370806
2026-02-15,0.000654625978228509,42,-0.009276128677825726,-17.550854666504787,-0.00748763470636149
2026-02-16,-0.02023067047088611,41,0.0,-17.56180920829785,-0.010954541793061878
2026-02-17,0.0012265370799440548,84,-0.00433602658200732,-17.56491869779991,-0.003109489502062246
2026-02-18,0.0011445139544250934,75,-0.013953434501025125,-17.573391591764505,-0.008472893964594164
2026-02-19,0.0011983188374981638,74,-0.008366930410402052,-17.566606768836383,0.00678482292812177
2026-02-20,0.0017810919583547118,118,-0.0015940222380891591,-17.558052768705714,0.008554000130668982
2026-02-21,0.00023619175957986235,17,-0.002200310833029143,-17.558422865541075,-0.0003700968353612666
2026-02-22,0.0003071933964186711,21,-0.004132391923020445,-17.560047753234645,-0.001624887693569832
2026-02-23,-0.04238333948116037,90,-0.003737691557057635,-17.60203639234984,-0.041988639115196236
2026-02-24,0.0014273208737344526,90,-0.008946515850132857,-17.605817895769185,-0.0037815034193435793
2026-02-25,0.0011056659633527492,78,-0.007071029040999944,-17.6028367429967,0.0029811527724845632
2026-02-26,-0.013628519765654254,51,-0.00039427406084572593,-17.6097885077822,-0.006951764785497971
2026-02-27,0.001150808599220599,75,-0.013592667289873737,-17.621836092412007,-0.012047584629808483
2026-02-28,-0.0374102792686424,132,-0.0009242906951803453,-17.646577995085956,-0.0247419026739486
2026-03-01,0.0017801491688454391,119,-0.01259114829570748,-17.65646470351764,-0.009886708431682933
2026-03-02,0.002731645474943612,177,-0.003921783324947349,-17.645063693071933,0.01140101044570585
2026-03-03,-0.022670602168754637,105,0.0,-17.66381251191574,-0.018748818843807413
2026-03-04,0.0015651230310103992,111,-0.0031002941232274707,-17.66534768300796,-0.0015351710922182349
2026-03-05,0.0016127745332859464,106,-0.01886576791725489,-17.6795003822687,-0.01415269926074103
2026-03-06,-0.041458493240722746,67,-0.009084760120755568,-17.711177867712923,-0.03167748544422366
2026-03-07,0.00023310349276793813,14,-0.018666040949078082,-17.720526045048477,-0.009348177335553487
2026-03-08,-0.033440141115493476,21,-0.0015442575001313038,-17.736844402715025,-0.016318357666548877
2026-03-09,0.0014528831306993475,101,-0.003186124711512444,-17.737033386795705,-0.0001889840806796883
2026-03-10,0.0010756982143389755,75,-0.007890863399257639,-17.74066242726911,-0.0036290404734060644
2026-03-11,0.0006307603052715612,38,-0.006179668979933107,-17.738320472544515,0.0023419547245957517
2026-03-12,0.00025292720473430136,15,-0.0038530335787012107,-17.73574090993855,0.002579562605966146
2026-03-13,0.001575233862022943,105,-0.009411862588270084,-17.739724505086095,-0.003983595147545316
2026-03-14,0.0003282863852873335,20,-0.007161801510290803,-17.737146157622828,0.0025783474632667946
2026-03-15,0.0008882783919433314,60,-0.0005374645341368683,-17.72963354225473,0.0075126153680962204
2026-03-16,0.0004964760984717499,36,4.0071800887583306e-05,-17.728559529821233,0.0010740124334986945
2026-03-17,0.001492913371814767,97,-0.009207947249705457,-17.736314635500012,-0.007755105678779017
2026-03-18,-0.03581601907229323,55,-0.001456114067446114,-17.764378821390043,-0.028064185890031013
2026-03-19,0.0003770652748817467,23,-0.010598738766068589,-17.773144380813783,-0.008765559423739688
2026-03-20,0.0006099195220089902,37,-0.005473879259217213,-17.767409601784923,0.005734779028859549
2026-03-21,-0.02332637918859372,14,-1.2313201599957672e-06,-17.785263333034457,-0.017853731249534377
2026-03-22,0.0009086642558375462,60,-0.00743651581803248,-17.791789953276492,-0.006526620242034653
2026-03-23,0.0016922761541819415,109,-0.0012600898098473745,-17.783921251114126,0.007868702162365793
2026-03-24,0.000715934482134403,44,-0.00325965213213441,-17.78520487895428,-0.001283627840152235
2026-03-25,0.0010163807495475303,66,-0.0010515260761594868,-17.78198037214876,0.003224506805519667
2026-03-26,-0.02390999091123857,29,-0.0012846193906292974,-17.806123456374465,-0.02414308422570599
2026-03-27,-0.030913715692337067,65,-2.3121494812479508e-06,-17.835754864825653,-0.029631408451187724
2026-03-28,0.00033021716094015085,24,-0.0016158164146989566,-17.83703815192993,-0.0012832871042789407
2026-03-29,0.000588838426527744,42,-0.003566256544134618,-17.838399753632842,-0.0013616017029107752
2026-03-30,0.0005605539479042809,41,-0.00021247925997111848,-17.834485422400775,0.003914331232067525
2026-03-31,0.0009868933071352152,70,-0.00016766954054246768,-17.83345371937421,0.0010317030265660776
2026-04-01,0.0007519213708423111,50,-0.0026518732710939376,-17.83518600173392,-0.0017322823597112347
2026-04-02,0.000272648528678888,17,-0.012863883295688265,-17.845125363229833,-0.009939361495913346
2026-04-03,5.079302446655534e-05,3,-0.012077454117935111,-17.844288141027615,0.0008372222022181575
2026-04-04,9.992791228212564e-05,6,-0.00867294213271517,-17.840783701130114,0.003504439897501044
2026-04-05,0.0003960584993243535,25,-7.188692842062861e-05,-17.831786587426496,0.008997113703617998
2026-04-06,0.0005082833167207621,37,-0.0028992381339886762,-17.834105655315344,-0.0023190678888482807
2026-04-07,0.0009335418738643523,64,-0.0008602974073273987,-17.83113317271482,0.002972482600522852
2026-04-08,0.0006255651879718237,43,-0.006384993364624223,-17.836032303484146,-0.004899130769324245
2026-04-09,0.0007068381175196969,49,-0.0023347562735887024,-17.83127522827559,0.004757075208555506
2026-04-10,0.0003842702086751359,28,0.0,-17.82855620179333,0.0027190264822607446
2026-04-11,6.486242917417836e-05,5,0.0,-17.828491339364156,6.48624291734734e-05
2026-04-12,0.00025443649666344597,17,-0.006345407574479259,-17.83458231044197,-0.006090971077814089
2026-04-13,0.000682917343784869,47,-0.0006428465049915093,-17.8281968320287,0.006385478413271528
2026-04-14,0.0006288121450207239,43,-0.006850066024297223,-17.833775239402986,-0.005578407374287053
2026-04-15,0.0006513000450725928,43,-0.0030843390517726766,-17.829358212385387,0.00441702701759894
2026-04-16,0.0007362223137891042,50,-0.001458593370638494,-17.826996244390465,0.002361967994922054
2026-04-17,0.0005554474920093037,39,-0.002730226384949617,-17.82771242991277,-0.0007161855223039026
2026-04-18,0.0001945462888937095,12,-0.0129158130241939,-17.837703470263115,-0.00999104035034648
2026-04-19,-0.029457227892790153,8,-0.000333462249695572,-17.85457834738141,-0.01687487711829405
2026-04-20,0.0005651024685098035,41,0.0,-17.853679782663203,0.0008985647182058187
2026-04-21,0.00026292871032120377,20,0.0,-17.853416853952883,0.0002629287103204092
2026-04-22,0.0003304671298319337,24,-0.0002941631283570553,-17.853380549951407,3.630400147613955e-05
2026-04-23,0.0006139904411507336,44,-0.000387044364150663,-17.85285944074605,0.0005211092053549748
2026-04-24,0.0002929779271567989,21,-0.0033737110982917243,-17.855553129553037,-0.002693688806985506
2026-04-25,0.00010106891654021281,7,-0.0024307641357062815,-17.854509113673913,0.0010440158791240606
2026-04-26,0.0003112264278804653,23,1.0589252571960928e-05,-17.851756533857756,0.0027525798161569526
2026-04-27,0.0003025443926359366,21,-0.0020139581627753624,-17.853478536880466,-0.0017220030227100835
2026-04-28,0.00028649165014111097,18,-0.008010462527220643,-17.859188549594773,-0.0057100127143066
2026-04-29,0.0004689175339048351,30,-0.014460572611336363,-17.865169742144985,-0.005981192550212455
2026-04-30,0.0003582462455718001,22,-0.008859370301285622,-17.85921029358936,0.005959448555625357
2026-05-01,0.0004953363780078425,35,-0.0004542558483564269,-17.850309842758424,0.008900450830935824
2026-05-02,0.00011949341319003202,9,0.0,-17.849736093496876,0.0005737492615480733
2026-05-03,9.169542906994603e-05,7,-4.5984366002399055e-05,-17.84969038243381,4.571106306627826e-05
2026-05-04,0.0007060829799309241,46,-0.0014758510755244554,-17.8504141661634,-0.000723783729590366
2026-05-05,0.00039034987655958524,28,-0.0009447618757861745,-17.8494927270871,0.0009214390763006008
2026-05-06,0.0004040723192261916,30,-0.0003040490763679827,-17.848447941968455,0.0010447851186441426
2026-05-07,0.00036429195012900844,25,-0.006820753151207012,-17.854600354093165,-0.0061524121247096275
2026-05-08,0.00032300204979609636,21,-0.0055240533557221454,-17.852980652247883,0.001619701845282151
2026-05-09,0.00011695513870419707,8,-0.0028087414583401874,-17.8501483852118,0.0028322670360836355
2026-05-10,0.0002906433144853322,21,0.0,-17.84704900043897,0.0030993847728275625
2026-05-11,0.0003676479770455247,27,-4.057223035767625e-05,-17.846721924692282,0.0003270757466893315
2026-05-12,0.0002736360191371459,19,-0.003680074089834986,-17.850087790532623,-0.0033658658403403763
2026-05-13,0.00027222647776606405,18,-0.011741978005193197,-17.857877467970216,-0.007789677437592957
2026-05-14,0.0005595940267685113,38,-0.0011794089993259038,-17.84675530493758,0.011122163032634802
2026-05-15,0.0002916165729945428,19,-0.014374637428582075,-17.85965891679384,-0.012903611856259545
2026-05-16,0.0,0,-0.024842079534598143,-17.870126358899856,-0.010467442106016023
2026-05-17,-0.04265732828153563,1,1.849048549916692e-05,-17.887923117161296,-0.017796758261440004
2026-05-18,0.000536589254918648,36,-0.0012002718025373202,-17.888605290194416,-0.0006821730331196818
2026-05-19,0.0003904263861183166,26,-0.0020050263389136715,-17.889019618344673,-0.00041432815025643777
2026-05-20,0.0003453288952048344,24,-3.883719712005106e-05,-17.886708100307676,0.002311518036997029
2026-05-21,0.0003525465503167584,25,-0.0008999759258036001,-17.887216692486042,-0.0005085921783667402
2026-05-22,0.000228526913535378,15,-0.015727966740549933,-17.90181615638725,-0.014599463901209475
2026-05-23,0.0003297921418072148,21,-0.004847069792310817,-17.890605467297206,0.011210689090045634
2026-05-24,0.00027168967245377195,18,-0.0030540310450345816,-17.888540738877477,0.002064728419728823
2026-05-25,0.00018488202575329079,13,-0.0018598341917109426,-17.8871616599984,0.0013790788790757347
2026-05-26,0.000523009209033975,35,-0.008813204521799968,-17.893592021119456,-0.006430361121054773
2026-05-27,0.00014721555204493615,9,-0.024121922090393353,-17.908753523136006,-0.015161502016550088
2026-05-28,-0.03334532033399795,32,-0.00019741039888642576,-17.918174331778495,-0.00942080864248851
2026-05-29,0.0005180619098245696,34,-0.0025619536239101133,-17.920020813093693,-0.0018464813151979342
2026-05-30,0.0001648275840648735,11,-0.0009171225648000241,-17.918211154450518,0.0018096586431752826
2026-05-31,0.000207306486132751,14,-0.0016524072671882791,-17.918739132666772,-0.0005279782162546098
2026-06-01,-0.027424788706257898,28,-0.0003558920355355475,-17.94486740614138,-0.02612827347460822
2026-06-02,-0.029606773905044653,62,-0.0053822766499163465,-17.979500564660807,-0.03463315851942639
2026-06-03,-0.023526810746473722,58,-0.009159328894217765,-18.00680442765158,-0.02730386299077381
2026-06-04,-0.032442570845941356,86,0.0,-18.030087669603304,-0.02328324195172371
2026-06-05,-0.033995104333252986,124,3.620564135694444e-05,-18.0640465682952,-0.03395889869189617
2026-06-06,0.0010648288988251244,78,-0.00011122700547920412,-18.06312917204321,0.0009173962519888335
2026-06-07,0.001005951711525189,68,-7.664740571561246e-05,-18.062088640731922,0.001040531311289783
2026-06-08,0.0007657050744433391,57,-0.0006824775743386934,-18.061928765826103,0.00015987490581892416
2026-06-09,0.0008465454344063069,56,-0.00929511476229469,-18.069694857579652,-0.0077660917535489205
2026-06-10,0.001126661144953269,71,-0.011028206790232658,-18.070301288462634,-0.0006064308829820675
2026-06-11,0.0008018697940898826,57,0.0,-18.058471211878313,0.011830076584320892
2026-06-12,0.0002507695825179549,19,7.164270551348658e-05,-18.05814879959028,0.0003224122880318703
2026-06-13,2.5868015671376106e-05,2,0.0,-18.058194574280122,-4.5774689841238114e-05
2026-06-14,0.00023253766639201817,16,3.7391296833011123e-06,-18.057958297484046,0.00023627679607685081
2026-06-15,0.00025794977047328646,19,5.094261335899699e-05,-18.0576531442299,0.00030515325414626204
2026-06-16,0.0003229930836123066,24,-0.0012343023724176601,-18.058615396132065,-0.0009622519021661446
2026-06-17,0.0007531415552306556,52,-0.007499650698521173,-18.06412760290294,-0.005512206770873718
2026-06-18,-0.03794262828164045,31,-0.0003436018734985372,-18.09491418235956,-0.030786579456620444
2026-06-19,0.0004931746407326797,35,-4.531946230803835e-05,-18.094122725307635,0.0007914570519247377
2026-06-20,0.00017064772093616852,13,0.0,-18.09390675812439,0.00021596718324445874
2026-06-21,3.880202350707477e-05,3,-0.0001615453229023588,-18.094029501423787,-0.0001227432993964328
2026-06-22,0.0002799807209546748,19,-0.007284058729582044,-18.10087203410951,-0.006842532685723768
2026-06-23,-0.029402309630306125,34,-1.548615995997327e-05,-18.123005771170195,-0.022133737060684666
2026-06-24,-0.03074676591292822,53,0.0,-18.153737050923162,-0.030731279752966856
2026-06-25,0.0010805631137029707,71,-0.0028490769006442513,-18.155505564710104,-0.0017685137869420942
2026-06-26,0.001293615003017523,86,-0.001245545774112549,-18.152608418580552,0.002897146129551942
2026-06-27,0.00033332824178027796,24,-0.0026653341551996766,-18.15369487871986,-0.001086460139308798
2026-06-28,0.0005191676920709092,35,-0.0062952027381952234,-18.156805579610783,-0.0031107008909216916
2026-06-29,0.0011901525222566276,81,-0.001518865391654865,-18.15083908974199,0.005966489868793445
2026-06-30,0.0005507248903502308,34,-0.017433417649281684,-18.166202917109267,-0.015363827367277594
2026-07-01,0.0009001109477656933,59,-0.0019023194930760262,-18.149771708005296,0.016431209103970446
2026-07-02,0.0005798475183702927,40,-0.0008118045962112674,-18.14810134559006,0.0016703624152363261
2026-07-03,0.000483924480800562,32,-0.0006062360591038616,-18.14741185257215,0.00068949301790866
2026-07-04,0.00028713435959996437,21,-0.00019993646214675511,-18.146718418615595,0.0006934339565560776
2026-07-05,0.0002050548274051149,15,0.0,-18.146313427326046,0.0004049912895496277
2026-07-06,0.00047761956682353015,33,0.0,-18.145835807759223,0.0004776195668227956
2026-07-07,0.0002781759246817617,21,0.0,-18.145557631834542,0.00027817592468082353
2026-07-08,0.0006025982468153969,41,-0.00301469128513089,-18.14796972487286,-0.002412093038316243
2026-07-09,0.0006843973923765437,49,-6.402796562238494e-05,-18.144334664160972,0.00363506071188624
2026-07-10,0.0002601838281718096,17,-0.0007516004236481988,-18.144762052790828,-0.0004273886298555851
2026-07-11,0.00010928027954467592,7,-0.0019197833902475962,-18.14582095547788,-0.0010589026870526652
2026-07-12,0.0001594265545297927,10,-0.002339756549435965,-18.14608150208254,-0.0002605466046610161
2026-07-13,-0.017496328521849035,16,6.529834649785168e-05,-18.161172775708454,-0.015091273625913004
2026-07-14,0.0004446567370558052,31,1.2228829864582599e-05,-18.160781188488034,0.0003915872204203197
2026-07-15,0.00038289993248472005,27,-0.0021475996661018573,-18.162558117051514,-0.0017769285634798848
2026-07-16,0.0003789633518126601,25,-0.009424757095785545,-18.169456311129384,-0.006898194077869846
2026-07-17,0.00038844512003249096,24,-0.008377697383324766,-18.168020806296887,0.001435504832496548
2026-07-18,0.0001364493912073221,9,-0.0017289280549156552,-18.161235587577274,0.006785218719613795
2026-07-19,0.0001634239602000442,11,-0.0022657728914659532,-18.161609008453624,-0.00037342087635039434
2026-07-20,0.0006763288955814,46,-0.0006081534802413396,-18.159275060146815,0.0023339483068092193
2026-07-21,0.00013417264136480204,10,0.0,-18.15853273402521,0.0007423261216032984
2026-07-22,7.798882700565417e-05,6,0.0,-18.158454745198206,7.798882700527088e-05
2026-07-23,0.00023718516640349447,17,-0.001401160656711308,-18.159618720688513,-0.001163975490307223
2026-07-24,0.00030794135188609996,21,-0.00884168352593694,-18.166751302205853,-0.007132581517339531
2026-07-25,6.238868877286744e-05,4,-0.0065866793494104795,-18.164433909340556,0.0023173928652973075
2026-07-26,0.00015828206478775766,11,-0.000635212597379134,-18.158324160523737,0.006109748816818694
2026-07-27,0.0003972661348768231,28,-0.010602573144346088,-18.167894254935828,-0.009570094412090668
2026-07-28,0.0003274728204170078,20,-0.00908395236438448,-18.16604816133545,0.001846093600377685
2026-07-29,0.0007210042142252361,46,-0.008426966690040564,-18.164670171446883,0.0013779898885672992
2026-07-30,0.0004206986003852847,28,-0.0028938827675748175,-18.158716388924027,0.005953782522855278
2026-07-31,0.00013270767197294563,9,-0.02425742507634909,-18.17994722356083,-0.02123083463680331
2026-08-01,0.0,0,-0.02525414659110032,-18.18094394507558,-0.000996721514749055
2026-08-02,0.00018292733764523801,11,-0.014122391207742764,-18.16962926235458,0.011314682721000224
2026-08-03,0.0002764856064215198,17,-0.014850837499538458,-18.170081223039954,-0.00045196068537478595
2026-08-04,0.0004275494525560798,27,-0.00809349023069935,-18.16289632631856,0.007184896721394551
2026-08-05,0.0003024852090485754,20,-0.003578814555898786,-18.15807916543471,0.004817160883849425
2026-08-06,0.00017831810117320223,12,-0.005829571722481801,-18.160151604500122,-0.0020724390654116576
2026-08-07,0.00030443465174346526,21,-0.002134475960854596,-18.15615207408675,0.003999530413370422
2026-08-08,2.8396601774970313e-05,2,-0.001972272235937469,-18.155961473760062,0.00019060032668960503
2026-08-09,8.44064762765246e-05,6,-0.0019557124111315373,-18.15586050745898,0.00010096630108336058
2026-08-10,0.00018870071650978058,13,-0.009480996753223328,-18.16319709108456,-0.007336583625580317
2026-08-11,0.00019309414396828157,12,-0.012880861552287695,-18.166403861739656,-0.003206770655097557
2026-08-12,0.00020858296150843541,13,-0.014473205715318845,-18.16778762294118,-0.0013837612015237255
2026-08-13,0.00024528948116088185,15,-0.01453243966624328,-18.167601567410944,0.0001860555302357625
2026-08-14,3.324010958748138e-05,2,-0.020801779083695283,-18.173837666718807,-0.00623609930786273
2026-08-15,0.0,0,-0.020176109079052443,-18.173211996714166,0.000625670004641421
2026-08-16,1.6931008155515926e-05,1,-0.022917708079372916,-18.17593666470633,-0.0027246679921653083
2026-08-17,0.0002885318315844356,18,-0.004482293185952486,-18.157212717981324,0.018723946725007323
2026-08-18,0.0001805304170642739,12,-0.0032285846401721064,-18.15577847901848,0.0014342389628438923
2026-08-19,0.0006548121719408049,47,-0.0012205782430741656,-18.15311566044944,0.0026628185690391604
2026-08-20,0.0006826662260682422,46,-0.00023727916148318502,-18.15144969514178,0.001665965307662276
2026-08-21,0.001224005328221894,80,-0.0027146276021458916,-18.15270303825422,-0.0012533431124417405
2026-08-22,0.00043640593025344167,27,-0.010312594642636973,-18.15986459936446,-0.0071615611102409105
2026-08-23,0.0002845117040422738,17,-0.005703254423194621,-18.154970747440977,0.004893851923483794
2026-08-24,0.001082439794295524,71,-0.0015344894565361266,-18.14971954268002,0.005251204760956085
2026-08-25,0.000809029718223455,56,-0.006086427492168734,-18.15346245099743,-0.0037429083174096434
2026-08-26,0.0006132327025056871,40,-0.003201239599971664,-18.149964030402728,0.0034984205947026226
2026-08-27,0.0005786389108162888,42,-5.434570045447277e-05,-18.146238497592396,0.003725532810332055
2026-08-28,0.0005370033882583529,36,-0.011438279139560395,-18.157085427643242,-0.010846930050846026
2026-08-29,0.00011294922633297712,7,-0.008278529769529936,-18.153812729046876,0.0032726985963655864
2026-08-30,0.00037179888717473803,24,-0.013098246575178964,-18.15826064696535,-0.004447917918472655
2026-08-31,0.0006251833132907457,40,-0.005863731960877852,-18.15040094903776,0.007859697927589337
2026-09-01,0.0004296486670769862,27,-0.015255929410533676,-18.159363497820337,-0.008962548782577073
2026-09-02,0.00021782221881167695,13,-0.016205957674604587,-18.160095703865597,-0.000732206045260142
2026-09-03,0.0006163465102031708,40,-0.000811290141903427,-18.144084689822694,0.016011014042902616
2026-09-04,0.00021040380545136962,13,-0.006610661645040252,-18.14967365752038,-0.0055889676976867975
2026-09-05,0.0,0,-0.005873627480395225,-18.148936623355734,0.000737034164647099
2026-09-06,-0.0067005022038743745,0,0.0,-18.149763498079214,-0.0008268747234794205
