,realized,cycles,unrealized,equity,ret
2020-01-01,0.0004929179337242037,3,-0.00036052855779604366,0.00013238937592816003,0.00013238937592816003
2020-01-02,0.0005082619173282367,3,-0.007809527756911212,-0.006808347905858771,-0.006940737281786931
2020-01-03,0.004448887273604564,27,-0.0003441301134623496,0.005105937011194655,0.011914284917053427
2020-01-04,0.0009601603747816277,6,-0.0003491747881653114,0.0060610527112733206,0.0009551157000786655
2020-01-05,0.0012643748883878346,8,-0.00153370935971498,0.006140893028111486,7.984031683816537e-05
2020-01-06,0.0020097674532634892,13,0.0,0.009684369841089956,0.0035434768129784704
2020-01-07,0.005274939095465342,32,-4.259646230704131e-05,0.014916712474248259,0.005232342633158303
2020-01-08,0.007100066754508894,45,-0.00647765278648388,0.015581722904580314,0.0006650104303320553
2020-01-09,0.003667069127241844,22,-0.02099102826778078,0.00473541655052526,-0.010846306354055054
2020-01-10,0.00624733349978229,38,-0.0020294213469369275,0.0299443569711514,0.02520894042062614
2020-01-11,0.0027184216971942784,17,-0.008328340393541123,0.026363859621741485,-0.003580497349409916
2020-01-12,0.002088658633713404,13,-0.0024034478963770992,0.03437741075261891,0.008013551130877424
2020-01-13,0.0006405128356031893,4,-0.00513032832656702,0.032291043158032176,-0.0020863675945867327
2020-01-14,0.005729478443284377,35,-0.00016549731072172956,0.04298535261716185,0.01069430945912967
2020-01-15,0.005606043878060127,34,-0.0003005911391106602,0.04845630266683304,0.005470950049671193
2020-01-16,0.0028419562198584367,17,-0.002133675345674415,0.049465174680127726,0.0010088720132946857
2020-01-17,0.004041830947774237,25,-0.00039481971748027883,0.055245861256096096,0.00578068657596837
2020-01-18,0.0011272202679648577,7,-0.00036487093508401157,0.05640303030645722,0.0011571690503611246
2020-01-19,0.004971349964845401,30,-0.013104571316007146,0.04863467989037949,-0.007768350416077728
2020-01-20,0.0013482350602577846,8,-0.01621070001649443,0.04687678625015,-0.001757893640229491
2020-01-21,0.0020224045573903546,12,-0.011541923164208706,0.053567967659826084,0.006691181409676082
2020-01-22,0.0006664602964017873,4,-0.01446703203071166,0.051309319089724914,-0.0022586485701011697
2020-01-23,0.0015669660593592444,9,-0.032733579007701616,0.0346097381720942,-0.016699580917630713
2020-01-24,0.0017526805210703916,10,-0.03001305297691677,0.039082944723949437,0.0044732065518552355
2020-01-25,0.0008879381095997816,5,-0.038294147806167335,0.03168978800429865,-0.007393156719650788
2020-01-26,0.0010468174820630145,6,-0.018042479714681304,0.0529882735778477,0.021298485573549054
2020-01-27,0.002311713426212055,14,-0.005190771157865841,0.06815169556087522,0.015163421983027517
2020-01-28,0.004707463667126311,30,0.0,0.07804993038586737,0.00989823482499215
2020-01-29,0.0,0,0.0,0.07804993038586737,0.0
2020-01-30,0.0,0,0.0,0.07804993038586737,0.0
2020-01-31,0.0,0,0.0,0.07804993038586737,0.0
2020-02-01,0.0,0,0.0,0.07804993038586737,0.0
2020-02-02,0.0001539669210344547,1,0.0,0.07820389730690182,0.00015396692103444853
2020-02-03,0.0,0,0.0,0.07820389730690182,0.0
2020-02-04,0.0012317681923719333,8,4.18011635768128e-05,0.07947746666285056,0.0012735693559487449
2020-02-05,0.0011317681872855128,7,-0.0006013371019989023,0.07996609658456036,0.0004886299217097961
2020-02-06,0.0026170959310471034,16,-0.0003597776421910195,0.08282475197541535,0.002858655390854989
2020-02-07,0.0011332979873825877,7,-6.10107217884115e-05,0.08425681688320054,0.001432064907785191
2020-02-08,0.0009686384895970139,6,-0.0002135948478389458,0.085072871246747,0.0008160543635464673
2020-02-09,0.001398451377145407,9,9.037271023338169e-05,0.08677529018196474,0.0017024189352177338
2020-02-10,0.002692372565265313,17,-0.004802874494151097,0.08457441554284559,-0.002200874639119152
2020-02-11,0.0020450044814592882,13,0.0,0.09142229451845597,0.006847878975610386
2020-02-12,0.0,0,0.0,0.09142229451845597,0.0
2020-02-13,0.00076414509514766,5,0.0,0.09218643961360364,0.0007641450951476614
2020-02-14,0.000152829019029532,1,0.0,0.09233926863263317,0.00015282901902953505
2020-02-15,0.0020447168855162894,13,-0.0027978644671219142,0.09158612105102755,-0.0007531475816056205
2020-02-16,0.0035287051518057594,22,-0.0029689593528877565,0.09494373131706746,0.0033576102660399093
2020-02-17,0.004616559257680407,28,-0.01050758287377476,0.09202166705386086,-0.0029220642632065974
2020-02-18,0.004144215631408604,26,0.0,0.10667346555904422,0.014651798505183361
2020-02-19,0.004850376983648019,30,-0.013729892683059276,0.09779394985963297,-0.008879515699411256
2020-02-20,0.0035200327670135605,21,-0.013596588703897426,0.10144728660580837,0.0036533367461754063
2020-02-21,0.0014875253645366317,9,-0.010032785275396146,0.10649861539884628,0.005051328793037907
2020-02-22,0.0004979247964251576,3,-0.011088348178494157,0.10594097729217342,-0.0005576381066728642
2020-02-23,0.0020875478342261035,13,-0.0024924467836445006,0.11662442652124917,0.010683449229075756
2020-02-24,0.002792089349881583,17,-0.012995474926548772,0.10891348772822648,-0.00771093879302269
2020-02-25,0.0025659799663506856,15,-0.0371401216196191,0.08733482100150686,-0.021578666726719625
2020-02-26,-0.10066330603637344,18,-0.0005470306078286355,0.023264605976923872,-0.06407021502458299
2020-02-27,0.00602891964464391,37,-0.0012067186802069097,0.028633837549189505,0.005369231572265633
2020-02-28,0.006826468665447331,41,-0.004693485486607904,0.03197353940823584,0.003339701859046338
2020-02-29,0.0016560604823101267,10,-0.01224522518078168,0.02607786019637219,-0.0058956792118636525
2020-03-01,0.0030349390909963523,18,-0.012186986958875318,0.029171037509274904,0.003093177312902713
2020-03-02,0.00278470921842375,17,-5.7730923335929665e-05,0.04408500276323804,0.014913965253963136
2020-03-03,0.0022728554857691314,14,-0.002383240135076581,0.044032349037266515,-5.265372597152568e-05
2020-03-04,0.0006551656267746965,4,-0.0027895433506428965,0.0442812114484749,0.0002488624112083823
2020-03-05,0.0022071625680393663,14,-0.0002902346901996974,0.04898768267695746,0.004706471228482563
2020-03-06,0.0010800770753473226,7,8.830405627368721e-05,0.050446298498778165,0.0014586158218207051
2020-03-07,0.001244552526420562,8,-0.003996693889752176,0.047605853079172866,-0.002840445419605299
2020-03-08,0.0015464265017492806,9,-0.07310843920752227,-0.019959465736847953,-0.06756531881602082
2020-03-09,-0.10239454403128574,52,-0.0004411607517848674,-0.04968673131239629,-0.029727265575548334
2020-03-10,0.006815163357662475,43,-0.004351512155873201,-0.046781919358822144,0.0029048119535741435
2020-03-11,0.004543739224973942,28,-0.0029797441873903215,-0.04086641216536532,0.00591550719345682
2020-03-12,-0.3708405755052546,269,-0.013642530077220131,-0.42236977356044975,-0.38150336139508445
2020-03-13,-0.13622808101176628,631,-0.0015143947785291843,-0.5464697192735252,-0.12409994571307542
2020-03-14,0.03198522332212819,193,-0.03965529049819566,-0.5526253916710635,-0.0061556723975383365
2020-03-15,-0.01864892731979328,137,-0.0015438364128979522,-0.533162864905559,0.01946252676550453
2020-03-16,-0.06686216599761186,258,-0.005013150996141819,-0.6034943454864148,-0.07033148058085581
2020-03-17,0.01597715131779005,102,0.0,-0.5825040431724828,0.020990302313931952
2020-03-18,0.014282500415184038,91,0.0,-0.5682215427572987,0.014282500415184085
2020-03-19,0.016133634088545762,99,-0.006812934167583685,-0.5589008428363367,0.009320699920962072
2020-03-20,-0.018032264674598782,164,-0.0030604199286623744,-0.5731805932720141,-0.014279750435677419
2020-03-21,0.025432523259231007,154,-0.008051026231097567,-0.5527386763152183,0.020441916956795758
2020-03-22,0.01705590168257235,101,-0.04971743353584015,-0.5773491819373886,-0.024610505622170264
2020-03-23,0.01933595086021686,118,-4.5092981163181404e-05,-0.5083408905224948,0.06900829141489384
2020-03-24,0.011425555661034955,68,-0.0005187179387573641,-0.49738895981905396,0.010951930703440804
2020-03-25,0.012620061761562199,74,-0.008267972916425599,-0.49251815303516,0.004870806783893955
2020-03-26,0.006336143899948457,37,-0.005029356018257554,-0.48294339223704347,0.009574760798116533
2020-03-27,0.0035758714958521276,21,-0.033116048017272574,-0.5074542127402063,-0.024510820503162833
2020-03-28,-0.04937203254656732,39,-0.0009473090310899303,-0.524657506300591,-0.017203293560384747
2020-03-29,0.005028677409935912,30,-0.02153422314602163,-0.5402157430055867,-0.015558236704995676
2020-03-30,0.006081692269855183,38,-3.0300403377528013e-05,-0.5126301279930874,0.027585615012499343
2020-03-31,0.0015351394850556946,10,0.0,-0.5110646881046542,0.0015654398884331622
2020-04-01,0.004889980931974293,31,0.0,-0.5061747071726799,0.004889980931974347
2020-04-02,0.010730905807645682,66,-0.006906950999422294,-0.5023507523644565,0.0038239548082233954
2020-04-03,0.00792711725287257,49,-0.011972484090449927,-0.4994891682026115,0.0028615841618449545
2020-04-04,0.0060052051924532075,37,-0.00402608641231495,-0.4855375653320233,0.01395160287058822
2020-04-05,0.002766942880227775,17,-0.008059316756408747,-0.48680385279588934,-0.0012662874638660337
2020-04-06,0.003287336686996555,21,0.0,-0.47545719935248404,0.011346653443405297
2020-04-07,0.004901259065686098,29,-0.005480822029889002,-0.4760367623166869,-0.0005795629642028621
2020-04-08,0.004051185883742551,24,-0.0006531812607284912,-0.4671579356637839,0.008878826652903016
2020-04-09,0.0022129322543643546,13,-0.002471326876545797,-0.4667631490252368,0.0003947866385470844
2020-04-10,0.0005226927378059738,3,-0.030400203139699433,-0.4941693325505845,-0.027406183525347683
2020-04-11,0.0,0,-0.028912865138706875,-0.49268199454959194,0.001487338000992544
2020-04-12,0.002282112266917353,13,-0.026673968851338933,-0.4881609859953066,0.004521008554285333
2020-04-13,-0.04858590664277009,29,-9.586404044219049e-05,-0.5101687878271799,-0.022007801831873286
2020-04-14,0.0037252763255641507,24,-0.0005479705578384707,-0.5068956180190121,0.0032731698081678307
2020-04-15,0.0022247075284274605,14,-0.011507343759166299,-0.5156302836919124,-0.008734665672900377
2020-04-16,0.003978972088313776,25,0.0,-0.5001439678444324,0.015486315847480059
2020-04-17,0.0,0,0.0,-0.5001439678444324,0.0
2020-04-18,0.0,0,-9.529988413409587e-05,-0.5002392677285665,-9.529988413414792e-05
2020-04-19,0.0011861533328659868,7,-0.0023892983334116093,-0.501347112844978,-0.0011078451164114878
2020-04-20,0.0015629777527309432,9,-0.019593638023679097,-0.5169884747825145,-0.015641361937536513
2020-04-21,0.0001778628631378973,1,-0.018463961658054688,-0.5156809355537522,0.0013075392287623666
2020-04-22,0.0020896607347830024,12,-0.0022362963859548666,-0.49736360954686937,0.018317326006882795
2020-04-23,0.005298811090858892,33,-0.0013849512986321352,-0.49121345336868777,0.006150156178181598
2020-04-24,0.0017308019689176563,11,-0.0007847839388529921,-0.48888248403999096,0.002330969328696808
2020-04-25,0.0021797850278543647,14,-0.0008508468126288128,-0.4867687618859124,0.0021137221540785678
2020-04-26,0.0020050824688925845,13,0.0,-0.483912832604391,0.0028559292815213966
2020-04-27,0.00015282901902952632,1,0.0,-0.4837600035853615,0.00015282901902952117
2020-04-28,0.0,0,0.0,-0.4837600035853615,0.0
2020-04-29,0.009463268761173219,57,-0.0016365671188769302,-0.4759333019430652,0.007826701642296263
2020-04-30,0.017253489848438892,104,-0.029842886771692254,-0.48688613174744166,-0.010952829804376452
2020-05-01,0.0068979416586395625,41,-0.015153346742783604,-0.46529865005989346,0.021587481687548205
2020-05-02,0.002492298822929524,15,-0.008029226222095075,-0.4556822307162754,0.009616419343618066
2020-05-03,0.005424717717585876,33,-0.012562982337314982,-0.45479126911390944,0.0008909616023659583
2020-05-04,0.003907786596289712,23,-0.013904435807020048,-0.45222493598732477,0.0025663331265846634
2020-05-05,0.004286836242622558,26,-0.0065945790332966655,-0.44062824297097886,0.011596693016345916
2020-05-06,0.005216790184791532,33,-0.0035359264349911664,-0.4323528001878818,0.008275442783097053
2020-05-07,0.005482866918528623,34,-0.0002564509085225687,-0.42359045774288456,0.00876234244499724
2020-05-08,0.0047547433325170075,29,-0.003467546551650347,-0.4220468100534953,0.0015436476893892492
2020-05-09,0.004232825512631261,25,-0.013983661966233062,-0.4283300999554468,-0.006283289901951483
2020-05-10,-0.05599162180134726,134,-0.0037142787077896885,-0.47405233849835066,-0.04572223854290386
2020-05-11,0.02086311619155961,129,-0.00918555468464623,-0.4586604982836476,0.015391840214703079
2020-05-12,0.005048647141909125,32,-0.001463968799787586,-0.44589026525687986,0.012770233026767719
2020-05-13,0.002545357918691747,16,-0.00039417710796307035,-0.44227511564636357,0.0036151496105162884
2020-05-14,0.00932261694902616,59,-0.00023147021903542408,-0.43278979180840976,0.009485323837953807
2020-05-15,0.007170967945261668,44,-0.016155070879861712,-0.4415424245239744,-0.008752632715564646
2020-05-16,0.004120836531619212,25,-0.01262377829362263,-0.4338902954061161,0.007652129117858286
2020-05-17,0.003477890917674942,22,-0.0017933668041824643,-0.419581992999001,0.014308302407115114
2020-05-18,0.0042340877257880305,27,-0.0003472552244809294,-0.41390179369351143,0.005680199305489575
2020-05-19,0.003300939064765986,21,-0.00039907598568290073,-0.41065267538994743,0.0032491183035640026
2020-05-20,0.002391043999483948,15,-0.006681986526194684,-0.4145445419309753,-0.0038918665410278552
2020-05-21,0.0054528077639777045,32,-0.03482718636632342,-0.4372369340071263,-0.022692392076151036
2020-05-22,0.002763270723624611,16,-0.026315117014123007,-0.4259615939313013,0.011275340075825036
2020-05-23,0.0013650904586874268,8,-0.025782290967770898,-0.4240636774262618,0.0018979165050395097
2020-05-24,0.0022555972882565907,13,-0.07085553666571179,-0.4668813258359461,-0.04281764840968433
2020-05-25,0.00017786286313789922,1,-0.05168045597332709,-0.44752838228042346,0.01935294355552264
2020-05-26,0.00035434952018606274,2,-0.05831733737912105,-0.45381091416603137,-0.0062825318856079004
2020-05-27,0.002431879123782823,14,-0.02381614973366063,-0.4168778473967881,0.03693306676924324
2020-05-28,0.002651363393709983,16,-0.004361587130411176,-0.3947719213998287,0.02210592599695943
2020-05-29,0.0011407392524099317,7,-0.010306451890073095,-0.3995760469070807,-0.004804125507252011
2020-05-30,0.0025779921322420236,16,-0.0014313545320325818,-0.38812295741679814,0.011453089490282564
2020-05-31,0.0009686504301066416,6,-0.009373677319467684,-0.39509662977412663,-0.0069736723573284864
2020-06-01,0.0022177250577586627,14,-0.0009443533711857375,-0.38444958076808605,0.010647049006040576
2020-06-02,0.00085974136797906,5,-0.02133402547633558,-0.4039795115052568,-0.019529930737170742
2020-06-03,0.0,0,-0.016216554082602554,-0.39886204011152376,0.005117471393733031
2020-06-04,0.0,0,-0.012206329468677425,-0.3948518154975987,0.004010224613925084
2020-06-05,0.0,0,-0.018857688974310137,-0.40150317500323135,-0.00665135950563267
2020-06-06,0.0,0,-0.01706946760394529,-0.3997149536328665,0.0017882213703648286
2020-06-07,0.0,0,-0.013872932770654597,-0.39651841879957583,0.0031965348332906873
2020-06-08,0.0,0,-0.012485615260903192,-0.3951311012898244,0.0013873175097514068
2020-06-09,0.0,0,-0.012865127018282352,-0.3955106130472036,-0.00037951175737915843
2020-06-10,0.0014187886223141152,8,-0.00840220183746948,-0.3896288992440766,0.0058817138031269645
2020-06-11,-0.04178373030307592,10,-0.0018981941220651685,-0.4249086218317482,-0.03527972258767159
2020-06-12,0.0020492900689747674,13,-0.0004333865539459709,-0.4213945241946543,0.003514097637093927
2020-06-13,0.0006286164455198493,4,-0.0001597616660583985,-0.42049228286124685,0.0009022413334074386
2020-06-14,0.0009553833006141881,6,-0.002528516743172179,-0.42190565463774643,-0.0014133717764995835
2020-06-15,0.004087207163264452,25,-0.0009082242017598589,-0.41619815493306966,0.005707499704676766
2020-06-16,0.0017086378564588637,11,-0.00027568876634973487,-0.4138569816412007,0.0023411732918689476
2020-06-17,0.001415953852500019,9,-0.0008619817823050965,-0.41302732080465604,0.0008296608365446767
2020-06-18,0.0006321759337871532,4,-0.0025526416752421973,-0.41408580476380596,-0.001058483959149925
2020-06-19,0.0011176072873845294,7,-0.004705731421174451,-0.4151212872223537,-0.0010354824585477318
2020-06-20,0.0011224080678321167,7,-0.003209211939162535,-0.41250235967250964,0.0026189275498440523
2020-06-21,0.0003172590877678093,2,-0.0052820730296754895,-0.4142579616752548,-0.0017556020027451602
2020-06-22,0.0014020324216902818,9,0.0,-0.40757385622388903,0.006684105451365774
2020-06-23,0.0,0,0.0,-0.40757385622388903,0.0
2020-06-24,0.0017510703934863366,11,-0.003762095421486185,-0.4095848812518889,-0.00201102502799988
2020-06-25,0.0019643905874766167,12,-0.00529286986528222,-0.4091512651082083,0.000433616143680593
2020-06-26,0.0021339567003382143,13,-0.008817256317750736,-0.4105416948603386,-0.0013904297521302733
2020-06-27,0.001515568180561764,9,-0.017060140927274644,-0.4172690112893008,-0.006727316428962182
2020-06-28,0.0009996776729687391,6,-0.011039143982341116,-0.41024833667139854,0.007020674617902234
2020-06-29,0.0009933650795935882,6,-0.007355829841959806,-0.40557165745142365,0.0046766792199748886
2020-06-30,0.0006601352170847164,4,-0.009956542987181141,-0.4075122353795603,-0.001940577928136622
2020-07-01,0.0004904455317936958,3,-0.005944681771242023,-0.4030099286318275,0.004502306747732776
2020-07-02,0.0009997531637503324,6,-0.012638021067784978,-0.40870351476462013,-0.0056935861327926385
2020-07-03,0.0003319498642834266,2,-0.014237381929212348,-0.4099709257617641,-0.0012674109971439473
2020-07-04,0.00033069502712271433,2,-0.010014167762856687,-0.40541701656828566,0.004553909193478423
2020-07-05,0.0003357652692790604,2,-0.013577900616963737,-0.4086449841531136,-0.003227967584827962
2020-07-06,0.0011370977641788765,7,-0.0024728879108069264,-0.39640287368277793,0.012242110470335688
2020-07-07,0.00016224769305049855,1,-0.004998455110732061,-0.39876619318965256,-0.0023633195068746282
2020-07-08,0.001116436421874022,7,-0.0007494210771097743,-0.39340072273415627,0.005365470455496291
2020-07-09,0.000644178750285821,4,-0.005928656664348775,-0.3979357795711094,-0.004535056836953155
2020-07-10,0.0006502329416399154,4,-0.004021799774668383,-0.3953786897397891,0.0025570898313203028
2020-07-11,0.0,0,-0.00573869064345418,-0.3970955806085749,-0.001716890868785792
2020-07-12,0.0009698564215824637,6,-0.003562616985790394,-0.3939496505293287,0.0031459300792462397
2020-07-13,0.0003232774541155229,2,-0.0055488988986694835,-0.3956126549880922,-0.0016630044587635506
2020-07-14,0.0006539232755558921,4,-0.005055847354024086,-0.3944656801678909,0.0011469748202013186
2020-07-15,0.00032695548752439247,2,-0.0072941262982938425,-0.3963770036246363,-0.001911323456745384
2020-07-16,0.00033069502712271433,2,-0.010107493698068765,-0.39885967599728844,-0.0024826723726521505
2020-07-17,0.00016472009498100102,1,-0.009197179049018922,-0.39778464125325763,0.0010750347440308117
2020-07-18,0.00016347774376219623,1,-0.00842866614774629,-0.39685265060822283,0.000931990645034797
2020-07-19,0.00032819783874319725,2,-0.006807812488010484,-0.3949035991097438,0.0019490514984790153
2020-07-20,0.0,0,-0.008886114303265687,-0.396981900924999,-0.0020783018152552013
2020-07-21,0.0014397382813107875,9,-0.001490721930477363,-0.38814677027089994,0.008835130654099077
2020-07-22,0.0010975232270015794,7,-5.7827137504097424e-05,-0.38561635225092505,0.0025304180199748894
2020-07-23,0.0009261101543128669,6,0.00014880207464628003,-0.3844836128844618,0.0011327393664632424
2020-07-24,0.0007698455465377061,5,-0.00014786111051290137,-0.3840104305230833,0.0004731823613784991
2020-07-25,0.0007652829971525655,5,0.0,-0.38309728641541785,0.0009131441076654645
2020-07-26,0.0013585830265408036,8,-0.0008926772821209624,-0.382631380670998,0.0004659057444198478
2020-07-27,0.008339362341156412,51,-0.0045646857460788035,-0.3779640267937995,0.004667353877198521
2020-07-28,0.009156669423582866,54,-0.008623743703467121,-0.37286641532760495,0.005097611466194529
2020-07-29,0.004637928082322371,28,-0.0027656993597141143,-0.36237044290152953,0.010495972426075417
2020-07-30,0.0016776107006147018,10,-0.0029439732388475224,-0.36087110608004824,0.0014993368214812897
2020-07-31,0.003085520111867986,19,-0.00010573964066626598,-0.354947352369999,0.005923753710049218
2020-08-01,0.003906753777771318,25,0.0,-0.3509348589515614,0.004012493418437624
2020-08-02,0.009600160874317051,58,-0.013993428614243348,-0.3553281266914877,-0.004393267739926321
2020-08-03,0.002935648794537754,18,-0.00916421356690501,-0.3475632628496116,0.007764863841876135
2020-08-04,0.002617157819070551,16,-0.0101902958264478,-0.34597218729008383,0.0015910755595277548
2020-08-05,0.0037610414569136602,24,0.0,-0.3320208500067224,0.013951337283361454
2020-08-06,0.0012271947016213698,8,0.0,-0.330793655305101,0.0012271947016213591
2020-08-07,0.002030604464387369,13,-0.00035186163657848786,-0.32911491247729213,0.0016787428278088878
2020-08-08,0.0010766524279671257,7,0.0,-0.32768639841274655,0.001428514064545583
2020-08-09,0.0009261101543128817,6,1.8863614555627337e-05,-0.32674142464387806,0.0009449737688684845
2020-08-10,0.0007699008907259624,5,0.0,-0.3259903873677077,0.0007510372761703743
2020-08-11,0.003835298734176618,24,-0.0037806616706326586,-0.3259357503041638,5.46370635439164e-05
2020-08-12,0.0022282823318700573,14,-0.0007377845773055779,-0.3206645908789666,0.0052711594251971805
2020-08-13,0.003138761132550864,20,0.0,-0.3167880451691102,0.003876545709856405
2020-08-14,0.0006113160761181161,4,0.0,-0.31617672909299205,0.0006113160761181402
2020-08-15,0.0,0,0.0,-0.31617672909299205,0.0
2020-08-16,0.0,0,0.0,-0.31617672909299205,0.0
2020-08-17,0.0011631047123984016,7,-0.0008719091980317853,-0.3158855335786254,0.0002911955143666267
2020-08-18,0.0027503481102572353,16,-0.008266692076735584,-0.320529968347072,-0.004644434768446559
2020-08-19,0.0008838522749396183,5,-0.015748192871245757,-0.3271276168666425,-0.006597648519570509
2020-08-20,0.0005322123833239864,3,-0.011571124641550343,-0.32241833625362315,0.00470928061301934
2020-08-21,0.00017648665704817442,1,-0.026844642508493364,-0.337515367463518,-0.015097031209894862
2020-08-22,0.0,0,-0.020302583376334265,-0.3309733083313589,0.006542059132159106
2020-08-23,0.0,0,-0.021039695797926118,-0.33171042075295076,-0.0007371124215918567
2020-08-24,0.00017786286313790597,1,-0.016065802336786655,-0.3265586644286734,0.00515175632427739
2020-08-25,0.0,0,-0.037427648361854006,-0.34792051045374073,-0.021361846025067355
2020-08-26,0.0,0,-0.030319459055592933,-0.3408123211474796,0.0071081893062611146
2020-08-27,0.0,0,-0.03683318682697619,-0.3473260489188629,-0.00651372777138326
2020-08-28,0.0,0,-0.027064831856278407,-0.3375576939481651,0.009768354970697779
2020-08-29,0.0,0,-0.03010026379064216,-0.3405931258825289,-0.003035431934363786
2020-08-30,0.0,0,-0.017906843745806412,-0.3283997058376931,0.012193420044835757
2020-08-31,0.00017786286313790597,1,-0.020971104082363235,-0.331286103311112,-0.0028863974734189
2020-09-01,0.0017459551892046394,10,-0.009017292198936338,-0.3175863362384805,0.013699767072631541
2020-09-02,0.0,0,-0.03394239394499483,-0.342511437984539,-0.024925101746058498
2020-09-03,-0.04897647678043361,30,-0.0464655494070924,-0.40401107022707017,-0.06149963224253119
2020-09-04,0.0010630628960383189,6,-0.02681961938606874,-0.3833020773100082,0.020708992917061964
2020-09-05,-0.060616042148592744,32,-7.405202417348066e-05,-0.4171725520967057,-0.03387047478669747
2020-09-06,0.004100991962801565,26,-0.0006074128383790236,-0.41360492094810963,0.00356763114859604
2020-09-07,0.003841567877776347,24,1.1328586666153968e-05,-0.40914461164528815,0.004460309302821486
2020-09-08,0.006442251073018514,40,-0.004130714790360728,-0.4068444039492965,0.0023002076959916518
2020-09-09,0.001904876983068469,12,-0.0019029496263869008,-0.4027117618022542,0.004132642147042287
2020-09-10,0.0028109472793783263,18,-0.00034124628593294065,-0.398339111182422,0.004372650619832219
2020-09-11,0.0006193253141848347,4,-4.4190296139907696e-05,-0.39742272987844407,0.0009163813039779201
2020-09-12,0.0004619117044687937,3,0.0,-0.3969166278778354,0.000506102000608688
2020-09-13,0.00015627570771111523,1,-0.00021137421094032766,-0.3969717263810646,-5.5098503229211726e-05
2020-09-14,0.0012340660376831563,8,0.0,-0.3955262861324411,0.0014454402486234752
2020-09-15,0.0008400533634119611,5,-0.0008885097851281861,-0.3955747425541573,-4.845642171619202e-05
2020-09-16,0.0018221744930789264,11,-0.0008054006369994644,-0.3936694589129497,0.0019052836412076224
2020-09-17,0.0011618750363024187,7,-0.0009963542953464381,-0.39269853753499423,0.0009709213779554582
2020-09-18,0.0004941727708849201,3,-0.0009527691208312765,-0.3921607795895941,0.0005377579454001191
2020-09-19,0.0009772251489047737,6,-0.00012968272203827286,-0.3903604680418964,0.0018003115476977194
2020-09-20,0.001168200497822593,7,-0.0016774972886039474,-0.3907400821106395,-0.0003796140687430949
2020-09-21,0.0015753509423867542,9,-0.019813241031054717,-0.4073004749107035,-0.016560392800063994
2020-09-22,0.0010603104838588738,6,-0.013865064307822032,-0.40029198770361196,0.007008487207091518
2020-09-23,0.0003516114434867245,2,-0.031013441811591325,-0.41708875376389454,-0.016796766060282575
2020-09-24,0.0022515683319440684,13,-0.005834507330773141,-0.38965825095113227,0.02743050281276227
2020-09-25,0.0011992079996277633,7,-0.007423873691307167,-0.39004840931203855,-0.00039015836090627865
2020-09-26,0.0005081553656313747,3,-0.006081981102363984,-0.388198361357464,0.0018500479545745518
2020-09-27,0.0008504013296949718,5,-0.004618616118798844,-0.38588459504420386,0.002313766313260135
2020-09-28,0.0009996649978459438,6,-0.006617646500673836,-0.3868839604282329,-0.0009993653840290606
2020-09-29,0.000675397810056635,4,-0.0031695013569389046,-0.38276041747444134,0.004123542953791581
2020-09-30,0.0006779716360201554,4,-0.004543604638808862,-0.38345654912029115,-0.0006961316458498068
2020-10-01,0.0022198935017416627,13,-0.009148281873514508,-0.3858413328532551,-0.0023847837329639687
2020-10-02,0.0012259017303674585,7,-0.010973774587440858,-0.386440923836814,-0.0005995909835588842
2020-10-03,0.00017377702847772984,1,-0.012150835363588589,-0.387444207584484,-0.001003283747670003
2020-10-04,0.000689786340367265,4,-0.007564377240857723,-0.3821679631213859,0.005276244463098101
2020-10-05,0.0006792783476631734,4,-0.004268577059260266,-0.37819288459212524,0.003975078529260656
2020-10-06,0.0005120622344523777,3,-0.010664354316873821,-0.38407659961528645,-0.005883715023161207
2020-10-07,0.0003448863298577367,2,-0.008005592322352038,-0.3810729512909069,0.0030036483243795487
2020-10-08,0.0015207433577975684,9,-0.0015814259388452327,-0.37312804154960255,0.007944909741304351
2020-10-09,0.00082114055891643,5,-0.00040016398636046096,-0.37112563903820134,0.0020024025114012134
2020-10-10,0.0017274024727214293,11,-0.0013048816747612752,-0.37030295425388077,0.0008226847843205709
2020-10-11,0.0014030240626521319,9,-0.00046531162431967044,-0.368060360140787,0.0022425941130937432
2020-10-12,0.0015559539603898097,10,0.0,-0.3660390945560775,0.0020212655847094974
2020-10-13,0.0010743656825918442,7,-0.0001263568498552513,-0.3650910857233409,0.0009480088327366021
2020-10-14,0.0009249833522438972,6,0.00010055732919141693,-0.3639391881920504,0.0011518975312905244
2020-10-15,0.001075503584596769,7,0.0,-0.362964241936645,0.0009749462554053956
2020-10-16,0.0015639508051739602,10,-0.0004251272459221447,-0.3618254183773932,0.0011388235592518225
2020-10-17,0.00046766717982703977,3,-6.551016661112564e-05,-0.3609981341182551,0.0008272842591380836
2020-10-18,0.00046191170446879755,3,0.0,-0.3604707122471752,0.0005274218710799028
2020-10-19,0.0001528290190295305,1,0.0,-0.3603178832281457,0.00015282901902952117
2020-10-20,0.0001672424444252587,1,-0.0005206075619047007,-0.3606712483456251,-0.00035336511747940946
2020-10-21,0.00239688955211983,15,0.0,-0.3577537512316006,0.002917497114024503
2020-10-22,0.0,0,0.0,-0.3577537512316006,0.0
2020-10-23,0.0,0,0.0,-0.3577537512316006,0.0
2020-10-24,0.0,0,0.0,-0.3577537512316006,0.0
2020-10-25,0.0016945454988353246,10,-0.002508786287170184,-0.35856799201993544,-0.0008142407883348635
2020-10-26,0.0023985376678409016,14,-0.0023823073517804804,-0.3560429754167048,0.002525016603230623
2020-10-27,0.0034058774157758767,21,-0.0008151993529895429,-0.351069990002138,0.004972985414566811
2020-10-28,0.004436605306924054,27,-0.010168704423048111,-0.35598688976527254,-0.00491689976313453
2020-10-29,0.003643459378681062,22,-0.004806085630591347,-0.34698081159413474,0.009006078171137799
2020-10-30,0.0039266407707121065,24,-0.0027379532646831825,-0.34098603845751446,0.0059947731366202794
2020-10-31,0.003773302988191976,24,-0.0012379383424694344,-0.33571272054710877,0.005273317910405695
2020-11-01,0.0020456729381136633,13,-0.0014785747110133462,-0.33390768397753906,0.0018050365695697068
2020-11-02,0.0022632309318948137,14,-0.005762120514866624,-0.33592799884949753,-0.002020314871958473
2020-11-03,0.003957535707854728,25,0.00016598770706768205,-0.3260423549197085,0.009885643929789023
2020-11-04,0.002342051765715253,15,0.0,-0.3238662908610609,0.00217606405864762
2020-11-05,0.005923743574897183,37,0.0,-0.3179425472861637,0.005923743574897167
2020-11-06,0.0023004224822082598,15,0.0,-0.3156421248039555,0.002300422482208242
2020-11-07,0.005021069796601875,31,-0.008046343401772772,-0.3186673984091264,-0.0030252736051709084
2020-11-08,0.0037797081847998344,24,0.0,-0.30684134682255376,0.011826051586572628
2020-11-09,0.00561519433070892,36,-0.00011957793273615827,-0.301345730424581,0.005495616397972747
2020-11-10,0.0031001064039221054,20,-0.0003228781555576189,-0.29844892424348035,0.002896806181100664
2020-11-11,0.0006124539781230356,4,0.0,-0.2975135921097997,0.0009353321336806331
2020-11-12,0.004180348205410499,25,-2.5474837710465852e-05,-0.2933587187420997,0.0041548733677000405
2020-11-13,0.0035955263442144962,22,-0.0005484577741855309,-0.29028617533436024,0.0030725434077394365
2020-11-14,0.0015167838183630425,9,-0.0035111167156434034,-0.29173205045745504,-0.0014458751230947975
2020-11-15,0.0018473881696070187,11,-0.005629764434526759,-0.2920033100067314,-0.0002712595492763703
2020-11-16,0.002742192575298023,17,-0.0006300577870681553,-0.28426141078397477,0.007741899222756643
2020-11-17,0.0030518934015560046,19,-0.00039341175267443935,-0.28097287134802507,0.0032885394359497
2020-11-18,0.012817753140654097,78,-0.006775650997880228,-0.2745373574525768,0.006435513895448275
2020-11-19,0.0054629716483422215,33,-0.00601784994756719,-0.26831658475392156,0.00622077269865523
2020-11-20,0.005364455740107919,34,-1.791768569244277e-05,-0.25695219675193887,0.011364388001982695
2020-11-21,0.0024612607393046165,16,0.00011103172334983092,-0.254361986603592,0.002590210148346872
2020-11-22,0.006016512383699794,38,-0.0012315323791607942,-0.2496880383224028,0.004673948281189194
2020-11-23,0.0058050327678723194,37,-0.0017327056411969052,-0.2443841788165666,0.0053038595058362
2020-11-24,0.0025136009919514064,16,0.0,-0.24013787218341828,0.004246306633148317
2020-11-25,0.0004596249590935279,3,0.0,-0.23967824722432476,0.00045962495909351864
2020-11-26,0.01666755624859616,98,-0.033772465760384895,-0.2567831567361135,-0.017104909511788752
2020-11-27,0.004913337624863895,28,-0.0352710357834727,-0.2533683891343374,0.003414767601776114
2020-11-28,0.0035847300013733745,21,-0.013684307480605212,-0.2281969308300965,0.02517145830424089
2020-11-29,0.004699751586347407,29,-0.003977693315815794,-0.2137905650789597,0.014406365751136824
2020-11-30,0.007540046260534151,46,-0.00046087064778825603,-0.20273369615039802,0.01105686892856167
2020-12-01,0.013517317221232802,79,-0.01696152016594528,-0.2057170284473222,-0.002983332296924185
2020-12-02,0.0072955097336751245,42,-0.006267908304473923,-0.18772790685217575,0.017989121595146457
2020-12-03,0.004239297959410576,25,-0.003004034895662203,-0.18022473548395343,0.007503171368222317
2020-12-04,0.0038090962454805093,22,-0.019243811650134217,-0.19265541599294495,-0.012430680508991515
2020-12-05,0.002082879597961418,12,-0.007227167988049134,-0.17855589273289843,0.014099523260046515
2020-12-06,0.0022220929122655168,13,-0.0038150570348532745,-0.17292168886743706,0.0056342038654613735
2020-12-07,0.0006819052422032661,4,-0.007030396737414828,-0.17545512332779534,-0.0025334344603582803
2020-12-08,0.001572190545155614,9,-0.03161427653485893,-0.19846681258008383,-0.023011689252288497
2020-12-09,0.0,0,-0.02439825379819715,-0.19125078984342206,0.007216022736661776
2020-12-10,0.0,0,-0.03484312279045363,-0.20169565883567853,-0.010444868992256467
2020-12-11,0.0,0,-0.0427901869007316,-0.2096427229459565,-0.007947064110277985
2020-12-12,0.0005294743066246272,3,-0.015602803029157196,-0.1819258647677575,0.027716858178199022
2020-12-13,0.0018839167456863,11,-0.006864531412798204,-0.17130367640571217,0.010622188362045315
2020-12-14,0.0011939407392935638,7,-0.005121077474461458,-0.16836628172808188,0.002937394677630295
2020-12-15,0.0020197915320673823,12,-0.0029464250983755125,-0.16417183781992853,0.00419444390815335
2020-12-16,0.003970300919144668,25,-0.0006772352595125011,-0.15793234706192086,0.006239490758007671
2020-12-17,0.01692166270627776,100,-0.00796704367715111,-0.14830049277328172,0.009631854288639136
2020-12-18,0.0050694242115683925,29,-0.003509120930235005,-0.13877314581479722,0.009527346958484506
2020-12-19,0.006402039151311588,38,-0.0012951986482155112,-0.13015718438146612,0.008615961433331099
2020-12-20,0.0048609900663626904,29,-0.006261156182079983,-0.13026215184896792,-0.00010496746750179864
2020-12-21,0.006205337766293668,36,-0.021714129682109024,-0.13950978758270327,-0.009247635733735354
2020-12-22,0.006084224087715691,35,-0.0023418257136327797,-0.11405325952651134,0.025456528056191932
2020-12-23,0.009163499156489433,54,-0.010574163339606304,-0.11312209799599542,0.0009311615305159227
2020-12-24,0.005349221179239295,31,-0.003190450662239052,-0.10038916413938888,0.012732933856606538
2020-12-25,0.005179799131778906,32,8.511917710421604e-05,-0.0919337951682667,0.008455368971122174
2020-12-26,0.004658762519663465,29,-0.0011947490035403244,-0.08855490082924779,0.0033788943390189174
2020-12-27,0.016183742284471787,102,-0.01415756252418938,-0.08533397206542505,0.003220928763822739
2020-12-28,0.007208653255031773,45,-0.002709142581139015,-0.0666768988673429,0.018657073198082144
2020-12-29,0.0069952285254687,43,-0.0006736472065340597,-0.05764617496726925,0.009030723900073652
2020-12-30,0.0028021498154840235,18,-6.245376042684048e-05,-0.05423283170567801,0.003413343261591241
2020-12-31,0.009031151087911232,54,-0.0009630669714625342,-0.046102293828802474,0.008130537876875538
2021-01-01,0.004093353278271544,25,-0.0003495342144747755,-0.04139540779354317,0.004706886035259303
2021-01-02,0.01479429970302733,90,-0.004297673296057059,-0.030549247172098126,0.010846160621445045
2021-01-03,0.012105489602199447,77,-0.002366215513959568,-0.016512299787801187,0.014036947384296939
2021-01-04,-0.0876794795794885,153,2.970528205757806e-05,-0.10179585857127255,-0.08528355878347135
2021-01-05,0.01768794739195303,109,-0.0007486555791935152,-0.0848862720405706,0.016909586530701945
2021-01-06,0.019603648358825436,121,0.0,-0.06453396810255166,0.020352303938018942
2021-01-07,0.01773907705297765,111,-0.00037605127091595186,-0.04717094232048996,0.017363025782061697
2021-01-08,0.024732556368847757,148,-0.005331364331134964,-0.027393699011861217,0.019777243308628744
2021-01-09,0.010252828028827238,59,-0.0100025495095854,-0.021812056161484412,0.005581642850376805
2021-01-10,-0.03355228165319964,102,-0.0020338107586606383,-0.04739559906375929,-0.02558354290227488
2021-01-11,-0.030678776719614494,291,0.0,-0.07604056502471315,-0.02864496596095386
2021-01-12,0.024355818518841707,153,-0.005890910370970753,-0.0575756568768422,0.018464908147870954
2021-01-13,0.019394386027430613,119,-0.0004860362774756998,-0.03277639675591653,0.02479926012092567
2021-01-14,0.011134323512192604,70,-3.5480932636122335e-05,-0.021191517898884352,0.011584878857032178
2021-01-15,0.015805920705291136,94,-0.02143031932012026,-0.026780435581077355,-0.005588917682193002
2021-01-16,0.015185035928904033,90,-0.03754230085596906,-0.027707381188022122,-0.0009269456069447672
2021-01-17,0.005578984819307468,32,-0.04126944097298113,-0.025855536485726725,0.0018518447022953972
2021-01-18,0.009348200904128849,54,-0.02413761256654951,0.0006244928248337438,0.02648002931056047
2021-01-19,0.007750509021112455,46,-0.04002197294592216,-0.0075093585334264495,-0.008133851358260193
2021-01-20,-0.10094839092380842,41,0.0,-0.0684357765113127,-0.060926417977886255
2021-01-21,-0.07075381669277633,99,-0.0015928697431533668,-0.1407824629472424,-0.07234668643592969
2021-01-22,0.020020486150521582,124,-0.0037727918462777408,-0.12294189889984518,0.017840564047397214
2021-01-23,0.01185903757755381,69,-0.013412793131449042,-0.12072286260746266,0.0022190362923825147
2021-01-24,0.00573973923859666,33,-0.011619551983129129,-0.11318988222054609,0.007532980386916577
2021-01-25,0.012898167036458406,78,-0.02635194651196136,-0.11502410971291992,-0.00183422749237383
2021-01-26,0.010846909328055394,62,-0.022681620145811602,-0.10050687401871476,0.014517235694205155
2021-01-27,-0.08956447735631703,60,-0.002501400643720762,-0.16989113187294094,-0.06938425785422618
2021-01-28,0.006166109704750797,39,-0.00040720063958566354,-0.16163082216405505,0.008260309708885888
2021-01-29,0.04632160703148019,201,-0.051194770006654705,-0.1660967844996439,-0.004465962335588852
2021-01-30,0.0015966371499719556,9,-0.05091451823140147,-0.16421989557441874,0.0018768889252251675
2021-01-31,-0.10225531112372387,10,-3.549549445948884e-05,-0.21559618396120062,-0.051376288386781876
2021-02-01,0.007819177679520414,50,-0.001047533281786985,-0.20878904406900767,0.006807139892192948
2021-02-02,0.006417604109000515,39,-0.001078872994130279,-0.20240277967235046,0.00638626439665721
2021-02-03,0.007792915863149418,49,0.0,-0.19353099081507075,0.008871788857279711
2021-02-04,0.004961919845952723,32,-0.0008414954401655384,-0.18941056640928355,0.004120424405787193
2021-02-05,0.0027888368817681813,18,0.0,-0.18578023408734984,0.003630332321933716
2021-02-06,0.008187595949491963,50,-0.009575114282881516,-0.18716775242073938,-0.0013875183333895424
2021-02-07,0.007690664986535675,45,-0.014120139575906989,-0.18402211272722918,0.0031456396935101993
2021-02-08,0.016899914227799573,102,0.0,-0.15300205892352262,0.031020053803706565
2021-02-09,0.006943822405760175,45,0.0,-0.14605823651776245,0.006943822405760164
2021-02-10,0.0097219302416298,61,-0.00578303404281892,-0.14211934031895157,0.003938896198810882
2021-02-11,0.006688756675031098,41,-0.0011025797830600524,-0.1307501293841616,0.011369210934789958
2021-02-12,0.008537066114864966,50,-0.0059868459964634345,-0.12709732948270003,0.003652799901461584
2021-02-13,0.005895657773408379,34,-0.006950141800882642,-0.12216496751371086,0.004932361968989163
2021-02-14,0.0062844125283614185,38,-0.0025837126541714884,-0.11151412583863829,0.010650841675072575
2021-02-15,0.007217054858926875,42,-0.006654201017501784,-0.10836755934304172,0.003146566495596567
2021-02-16,0.007371211355348431,45,-0.004766135043283571,-0.09910828201347507,0.009259277329566648
2021-02-17,0.005348868217027229,34,0.0,-0.08899327875316426,0.010115003260310812
2021-02-18,0.0,0,0.0,-0.08899327875316426,0.0
2021-02-19,0.004917786202344687,31,-0.00022928387840439156,-0.08430477642922396,0.004688502323940302
2021-02-20,0.007329839330723371,47,-0.0008736126293962481,-0.07761926584949246,0.0066855105797315045
2021-02-21,0.0016948618814484223,11,0.0,-0.07505079133864778,0.0025684745108446733
2021-02-22,-0.08451460933366248,115,-0.0012357781407335764,-0.16080117881304384,-0.08575038747439606
2021-02-23,-0.03038286656460714,278,-0.0009504408897177941,-0.1908987081266352,-0.03009752931359136
2021-02-24,0.013538467452373177,86,-0.0003272496590216141,-0.17673704944356586,0.014161658683069345
2021-02-25,0.009444297785859283,60,-0.01628200344493157,-0.18324750544361654,-0.0065104560000506795
2021-02-26,0.02599765926455661,152,-0.028190286256440485,-0.16915812899056884,0.014089376453047697
2021-02-27,0.013457184242427887,80,-0.03001342222813353,-0.15752408071983398,0.01163404827073486
2021-02-28,0.0029869515162192902,17,-0.04722239180537465,-0.1717460987808558,-0.01422201806102183
2021-03-01,0.01109721938193709,67,-0.0005061646957576138,-0.11393265228930169,0.05781344649155412
2021-03-02,0.009809516846516413,61,-0.005530886808894468,-0.10914785755592213,0.00478479473337956
2021-03-03,0.006357030341143434,38,-0.008363273820853952,-0.10562321422673818,0.003524643329183952
2021-03-04,0.003326318918140418,19,-0.027084055875510535,-0.12101767736325435,-0.01539446313651617
2021-03-05,-0.027831800060271684,66,-0.0013068143637782797,-0.12307223591179377,-0.00205455854853942
2021-03-06,0.003529970876793719,22,-0.0009088186054003629,-0.11914426927662214,0.003927966635171629
2021-03-07,0.002157889446620741,14,0.0,-0.11607756122460104,0.003066708052021097
2021-03-08,0.0010851079151729423,7,4.422573351120359e-05,-0.1149482275759169,0.0011293336486841443
2021-03-09,0.004718711808038547,30,0.00019436952585139583,-0.11007937197553816,0.004868855600378738
2021-03-10,0.006784355195715701,42,-0.0037671156879595887,-0.10725650199363344,0.002822869981904716
2021-03-11,0.00830313083982744,49,-0.0003867112727038117,-0.09557296673855023,0.011683535255083213
2021-03-12,0.007576230165776024,45,-0.0016908469816240266,-0.08930087228169442,0.006272094456855809
2021-03-13,0.006859399429596481,43,0.0,-0.08075062587047391,0.008550246411220513
2021-03-14,0.002315336359223682,15,-0.002526347428507985,-0.08096163693975822,-0.00021101106928431146
2021-03-15,0.013411961676154806,80,-0.03260474362724656,-0.09762807146234198,-0.016666434522583762
2021-03-16,0.007438502296122971,43,-0.016770878235567818,-0.07435570377454027,0.023272367687801707
2021-03-17,0.008678453141096276,51,-0.002588998913233149,-0.05149537131110933,0.022860332463430943
2021-03-18,0.005769190033025199,36,-0.00862767693716168,-0.05176485930201266,-0.0002694879909033304
2021-03-19,0.006312144757640146,39,-0.005364691928279761,-0.0421897295354906,0.009575129766522063
2021-03-20,0.002690973770088524,17,-0.006993146939553923,-0.041127210776676235,0.001062518758814364
2021-03-21,0.0038258572765429116,23,-0.012693938864875626,-0.043002145425455024,-0.0018749346487787893
2021-03-22,0.00472147401020704,28,-0.05664038209896089,-0.08222711464933324,-0.03922496922387822
2021-03-23,0.0038856019992090053,22,-0.0529931030109945,-0.07469423356215785,0.007532881087175397
2021-03-24,0.004155659017644089,24,-0.09037089220108467,-0.10791636373460393,-0.03322213017244609
2021-03-25,-0.1029776462515821,52,-0.0025429730167862838,-0.12306609080188764,-0.015149727067283708
2021-03-26,0.0056835721384376125,36,0.0,-0.11483954564666375,0.008226545155223891
2021-03-27,0.0,0,-0.0009191799586940625,-0.11575872560535781,-0.0009191799586940608
2021-03-28,0.0035354003030442435,21,-0.0010247063830116164,-0.11232885172663114,0.0034298738787266747
2021-03-29,0.004728312410631284,29,-0.0005682695658690899,-0.10714410249885731,0.00518474922777383
2021-03-30,0.002503037444177506,16,-0.0006026771460540186,-0.10467547263486474,0.002468629863992572
2021-03-31,0.005796117992946766,37,-0.0006179864974524114,-0.09889466399331637,0.005780808641548368
2021-04-01,0.00326098890527063,21,-0.000684634178642857,-0.09570032276923618,0.0031943412240801883
2021-04-02,0.0015362883284260386,10,-0.00029635662943496737,-0.09377575689160227,0.001924565877633913
2021-04-03,0.0015631193308607556,10,-0.008335340160157474,-0.10025162109146402,-0.00647586419986175
2021-04-04,0.002415756904003112,15,-0.002118889243541522,-0.09161941327084494,0.008632207820619076
2021-04-05,0.0019027317182355196,12,0.00037239121161622,-0.08722540109745168,0.004394012173393261
2021-04-06,0.0021962632060335916,14,-0.0030169374555209195,-0.08841846655855523,-0.0011930654611035513
2021-04-07,0.005566104146277932,34,-0.018141605877617574,-0.09797703083437395,-0.00955856427581872
2021-04-08,0.002758636449095413,17,-0.002457273931938916,-0.07953406243959987,0.01844296839477408
2021-04-09,0.0014147026564209956,9,-0.0023721706964790904,-0.07803425654771906,0.0014998058918808121
2021-04-10,0.0018580201868067846,12,0.0,-0.07380406566443319,0.00423019088328587
2021-04-11,0.00015282901902952643,1,0.0,-0.07365123664540367,0.00015282901902952117
2021-04-12,0.0,0,0.0,-0.07365123664540367,0.0
2021-04-13,0.0032820779078437945,20,4.965039749898041e-05,-0.0703195083400609,0.003331728305342771
2021-04-14,0.007165225277995071,44,-0.004711737696372712,-0.06791567115593752,0.002403837184123375
2021-04-15,0.0021302171607399147,13,-0.0038300918089264994,-0.0649038081077514,0.0030118630481861253
2021-04-16,0.0037278742481073237,22,-0.01609319757982184,-0.07343903963053941,-0.008535231522788012
2021-04-17,0.002930757595733514,17,-0.030481099614566742,-0.0848961840695508,-0.011457144439011385
2021-04-18,-0.0833077647598779,123,-0.001553785589206224,-0.13927663480406816,-0.05438045073451736
2021-04-19,0.008550429017259695,53,-0.0062539653657921876,-0.13542638556339442,0.003850249240673731
2021-04-20,0.009882885457319036,60,-0.0022338576814309946,-0.12152339242171421,0.013902993141680212
2021-04-21,0.005110001162104898,31,-0.02374877047750605,-0.13792830405568435,-0.016404911633970135
2021-04-22,0.008531952668391646,50,-0.05336759760836238,-0.15901517851814906,-0.02108687446246471
2021-04-23,-0.07740994644031274,92,5.734274027955988e-06,-0.18305179307607145,-0.024036614557922387
2021-04-24,0.006366649116683136,39,-0.0028402225970796087,-0.17953110083049587,0.0035206922455755796
2021-04-25,0.005511174814604782,33,-0.009311947267345124,-0.1804916506861566,-0.0009605498556607417
2021-04-26,0.005705259362773647,35,-0.00020832029853571157,-0.16568276435457355,0.01480888633158306
2021-04-27,0.003786554093263896,23,-0.0004120182324552761,-0.1620999081952292,0.0035828561593443387
2021-04-28,0.004565707878267858,28,-0.0036911545580076126,-0.1608133366425137,0.0012865715527154986
2021-04-29,0.0031936597165370378,19,-0.013270989835179771,-0.16719951220314883,-0.006386175560635116
2021-04-30,0.004652048114154776,29,0.0,-0.14927647425381427,0.017923037949334558
2021-05-01,0.00030565803805906327,2,0.0,-0.1489708162157552,0.0003056580380590701
2021-05-02,0.0026404922245445717,17,-0.000569908379166558,-0.1469002323703772,0.0020705838453780046
2021-05-03,0.0013845862700360596,9,0.0,-0.14494573772117456,0.001954494649202637
2021-05-04,0.008463704633596832,52,-0.02637920768109049,-0.1628612407686682,-0.017915503047493647
2021-05-05,0.008016791122253241,50,0.0,-0.1284652419653245,0.03439599880334371
2021-05-06,0.00450244065025997,29,-0.0010572750669213,-0.12502007638198584,0.003445165583338655
2021-05-07,0.005002556011343454,32,0.0,-0.11896024530372107,0.006059831078264771
2021-05-08,0.00030565803805906327,2,0.0,-0.118654587265662,0.0003056580380590701
2021-05-09,0.001692553094771785,11,0.0,-0.11696203417089021,0.001692553094771787
2021-05-10,0.005153878493474914,32,-0.003115509112567756,-0.11492366478998306,0.0020383693809071513
2021-05-11,0.005915611169099648,37,-0.0003274267468966723,-0.10621997125521232,0.00870369353477074
2021-05-12,-0.10104764099326873,54,0.0013869010449832956,-0.2055532844566011,-0.09933331320138877
2021-05-13,0.024969091131282917,153,-0.005132540919399554,-0.187103635289701,0.01844964916690009
2021-05-14,0.007342928377584844,46,-0.004107079363039087,-0.1787352453557557,0.008368389933945314
2021-05-15,0.012597115219368706,76,-0.041836698183639054,-0.20386774895698695,-0.02513250360123126
2021-05-16,0.009358333254732898,55,-0.04552881974964723,-0.19820153726826223,0.0056662116887247205
2021-05-17,-0.08808920857608205,151,-0.010143415941893105,-0.25090534203659015,-0.05270380476832792
2021-05-18,0.015221822509187629,94,-0.01711207983216431,-0.24265218341767372,0.008253158618916429
2021-05-19,-0.17863452263926105,356,-0.01811992408991486,-0.4222945503146853,-0.1796423668970116
2021-05-20,0.0290633053965998,173,-0.010572573230421243,-0.38568389405859194,0.03661065625609339
2021-05-21,-0.09294322951500524,194,9.406182038564487e-05,-0.46796048852279026,-0.08227659446419833
2021-05-22,0.026585737835159502,162,-0.0072455323668539386,-0.44871434487487033,0.019246143647919933
2021-05-23,-0.05959640312453091,205,-0.0007929373992032475,-0.5018581530317506,-0.0531438081568803
2021-05-24,0.018963246074224643,120,0.0002673006126846402,-0.4818346689456381,0.020023484086112542
2021-05-25,0.015352486108262883,97,-0.00044980973728393287,-0.46719929318734377,0.014635375758294322
2021-05-26,0.007859542922951214,46,-0.0056315021540735725,-0.46452144268118223,0.0026778505061615387
2021-05-27,0.006773034633359836,39,-0.0135268681425526,-0.4656437740363014,-0.0011223313551191882
2021-05-28,-0.021183280877353217,103,-0.008122974774568251,-0.4814231615456703,-0.01577938750936886
2021-05-29,0.008906962711850264,52,-0.023050221708631885,-0.4874434457678837,-0.006020284222213401
2021-05-30,0.008104784334468214,47,-0.009697433140563988,-0.46598587286534754,0.021457572902536137
2021-05-31,0.008520258869851739,51,-0.00012579179211365618,-0.44789397264704545,0.018091900218302093
2021-06-01,0.009935677373330403,60,-0.0029016107888908587,-0.44073411427049225,0.0071598583765531965
2021-06-02,0.0054926386852687074,34,-0.0012972197054144283,-0.4336370845017471,0.0070970297687451556
2021-06-03,0.002486962958021214,16,0.0,-0.4298529018383115,0.003784182663435609
2021-06-04,0.009846720978857857,60,-0.010448426686963351,-0.43045460754641696,-0.0006017057081054711
2021-06-05,0.00822639890802404,49,-0.028828652368160162,-0.4406084343195898,-0.010153826773172836
2021-06-06,0.00442602371445829,26,-0.023607491099514263,-0.4309612493364856,0.009647184983104184
2021-06-07,0.003555019219312293,21,-0.07115938871143532,-0.4749581277290944,-0.043996878392608796
2021-06-08,-0.0789575190608653,71,-0.0006995357073246019,-0.48345579378584896,-0.00849766605675456
2021-06-09,0.011288970062661127,70,0.00010340086118082009,-0.4713638871546824,0.012091906631166549
2021-06-10,0.010811240612852623,67,-0.008412728441878337,-0.469068775844889,0.0022951113097934295
2021-06-11,0.009563123517886275,59,-0.0034268381028191523,-0.45451976198794347,0.014549013856945514
2021-06-12,0.006835725016277582,40,-0.026372356088316888,-0.47062955495716363,-0.01610979296922016
2021-06-13,0.00676139606156745,41,0.0,-0.4374958028072793,0.033133752149884343
2021-06-14,0.003845708256312471,23,-0.000696929014968952,-0.43434702356593574,0.0031487792413435467
2021-06-15,0.005672961630759463,34,-0.004855168145006888,-0.4328323010652142,0.0015147225007215437
2021-06-16,0.006434017966964939,37,-0.028734904259785175,-0.45027801921302757,-0.01744571814781337
2021-06-17,0.0028130192348213624,16,-0.03355048398696262,-0.45228057970538366,-0.002002560492356087
2021-06-18,-0.06360401674911523,13,-0.0030658264021521686,-0.4853999388696884,-0.03311935916430475
2021-06-19,0.005794104679521095,34,-0.005788795826321146,-0.4823288036143363,0.003071135255352131
2021-06-20,0.004143024281291751,24,-0.004747534972787884,-0.4771445184795113,0.005184285134824995
2021-06-21,-0.032996620082643674,128,-0.015252063530648173,-0.5206456671200151,-0.04350114864050386
2021-06-22,-0.05217914603891903,117,-0.0032510666381225647,-0.5608238162664086,-0.040178149146393505
2021-06-23,0.01240446380124739,79,-0.00034561711326593645,-0.5455139029403047,0.015309913326103985
2021-06-24,0.006174423659204793,39,0.0,-0.5389938621678338,0.006520040772470814
2021-06-25,0.009379214226697227,57,-0.027186878811153517,-0.5568015267522902,-0.017807664584456373
2021-06-26,0.015504195972697372,90,-0.013604067433784136,-0.5277145194022235,0.02908700735006675
2021-06-27,0.011681674623265316,73,0.0,-0.502428777345174,0.025285742057049476
2021-06-28,0.00015282901902952486,1,0.0,-0.5022759483261444,0.00015282901902957668
2021-06-29,0.0034148984210247736,21,-0.0015027247744201996,-0.5003637746795399,0.0019121736466045647
2021-06-30,0.004765237410756384,28,-0.008679876915464787,-0.502775689409828,-0.0024119147302881228
2021-07-01,0.0005253743593156353,3,-0.03397316632895861,-0.5275436044640062,-0.02476791505417819
2021-07-02,0.0003557257262757947,2,-0.028628549574607434,-0.5218432619833793,0.0057003424806268965
2021-07-03,0.0024263901627975355,14,-0.013680266750053155,-0.5044685889960274,0.017374672987351847
2021-07-04,0.001679111660043935,10,-0.00573171857307086,-0.4948409291590012,0.009627659837026237
2021-07-05,0.0026325307733664,15,-0.0294724281354359,-0.5159491079479999,-0.021108178788998677
2021-07-06,0.005262615961122318,30,-0.01862861886432247,-0.4998426827157641,0.016106425232235766
2021-07-07,0.0031095193472499534,18,-0.025909579990761808,-0.5040141244949534,-0.004171441779189322
2021-07-08,0.0,0,-0.04689055908869573,-0.5249951035928874,-0.02098097909793395
2021-07-09,0.0003557257262757947,2,-0.026784736723164577,-0.5045335555010805,0.02046154809180689
2021-07-10,0.0008851856974203064,5,-0.0334775524353965,-0.510341185515892,-0.005807630014811549
2021-07-11,0.0008811141982402345,5,-0.01862077110144667,-0.494603289983702,0.015737895532190016
2021-07-12,0.0008702467947614087,5,-0.04109082056934068,-0.5162030926568346,-0.021599802673132606
2021-07-13,0.0,0,-0.04819756821247094,-0.5233098402999649,-0.00710674764313024
2021-07-14,-0.0634111831176522,23,-0.0006243393469285449,-0.5391477945520746,-0.015837954252109765
2021-07-15,0.0028025173343798073,17,-0.008242865738746056,-0.5439638036095124,-0.004816009057437731
2021-07-16,0.0031614739433031285,19,-0.015311939323909939,-0.5478714032513731,-0.003907599641860715
2021-07-17,0.0026849193765968904,16,-0.013496483453586738,-0.543371028004453,0.004500375246920041
2021-07-18,0.00265832409256863,16,-0.009298762522097718,-0.5365149829803953,0.006856045024057678
2021-07-19,0.002229176661678143,13,-0.024511803923677467,-0.549498847720297,-0.012983864739901652
2021-07-20,0.0003489298219770446,2,-0.0503754772453799,-0.5750135912200224,-0.02551474349972538
2021-07-21,0.00651867720074918,39,-0.005272712652584706,-0.5233921494264779,0.05162144179354444
2021-07-22,0.0024448469911365783,15,-0.003931903893073234,-0.5196064936758299,0.0037856557506480426
2021-07-23,0.003172123742429849,20,0.0,-0.5125024660403269,0.007104027635502996
2021-07-24,0.0003056580380590576,2,0.0,-0.5121968080022679,0.00030565803805904235
2021-07-25,0.00033069502712273265,2,-1.0928027477321323e-05,-0.5118770410026225,0.0003197669996453101
2021-07-26,0.020344231533375202,100,-0.026953162757916503,-0.5184750441996865,-0.00659800319706394
2021-07-27,0.005844563715711425,34,-0.002837511736344594,-0.48851482946240316,0.02996021473728333
2021-07-28,0.011027135742198215,68,-0.001709813279015371,-0.4763599952628757,0.012154834199527453
2021-07-29,0.005658216778185722,35,-0.0017289222790918151,-0.4707208874847664,0.005639107778109276
2021-07-30,0.006097212677314483,38,0.0,-0.4628947525283601,0.007826134956406328
2021-07-31,0.0010709410352116447,7,0.0,-0.46182381149314844,0.0010709410352116588
2021-08-01,0.0032922451998249787,21,-0.005960900637947796,-0.4644924669312713,-0.0026686554381228356
2021-08-02,0.004438100947841924,27,-0.013393321472030206,-0.46748678681751177,-0.002994319886240493
2021-08-03,0.004289210487577435,25,-0.028452584577260447,-0.4782568394351646,-0.010770052617652848
2021-08-04,0.0035535277184924265,21,-0.00706966274979326,-0.453320389889205,0.024936449545959638
2021-08-05,0.008927201739295643,54,-0.0008042203559249174,-0.438127745756041,0.015192644133163957
2021-08-06,0.005184502632231162,33,0.0,-0.43213902276788496,0.005988722988156059
2021-08-07,0.007855297293067259,48,-5.248937950328659e-06,-0.424288974412768,0.007850048355116934
2021-08-08,0.006538103319337363,41,-0.005867390133097119,-0.42361301228857745,0.0006759621241905767
2021-08-09,0.0055570358066603116,35,0.0,-0.41218858634882,0.011424425939757454
2021-08-10,0.002611803012958793,17,0.0,-0.4095767833358612,0.002611803012958769
2021-08-11,0.000458487057088585,3,0.0,-0.40911829627877266,0.0004584870570885635
2021-08-12,0.0029850898591829845,19,-0.003339306875189775,-0.40947251329477946,-0.000354217016006797
2021-08-13,0.0019086660028483978,12,0.0002014783527614211,-0.40402306206397987,0.005449451230799596
2021-08-14,0.0032074842357754114,19,-0.0028214496501725913,-0.40383850583113845,0.0001845562328414152
2021-08-15,0.002763486926010572,16,-0.0032336437407955118,-0.40148721299575074,0.0023512928353877083
2021-08-16,0.0032143441229922735,19,-0.01066224044894446,-0.40570146558090747,-0.00421425258515673
2021-08-17,0.004324965909628491,25,-0.027079814980456127,-0.41779407420279063,-0.01209260862188316
2021-08-18,0.0014146743395250035,8,-0.02694964491967691,-0.41624922980248635,0.0015448444003042794
2021-08-19,0.001910491160002083,11,-0.004468454508958948,-0.39185754823176633,0.024391681570720025
2021-08-20,0.003915245545619505,24,4.873183372192062e-05,-0.383425116343466,0.00843243188830034
2021-08-21,0.0028471804153590336,18,-0.002308719405523644,-0.3829353871673525,0.000489729176113507
2021-08-22,0.002070625496782908,13,-0.0008255716300266567,-0.37938161389507263,0.0035537732722798476
2021-08-23,0.0015420328624188597,10,-0.0002868579347327951,-0.3773008673373599,0.0020807465577127315
2021-08-24,0.0019207776457844318,12,-0.008729494548140508,-0.38382272630498315,-0.006521858967623251
2021-08-25,0.003898191972220716,24,-0.0016954625915992106,-0.3728905023762212,0.010932223928761975
2021-08-26,0.003197390514180034,19,-0.01790510076010416,-0.3859027500305461,-0.013012247654324904
2021-08-27,0.0036438406851519636,22,-0.001304387364865477,-0.3656581959501555,0.02024455408039061
2021-08-28,0.0011128068530222757,7,-0.0019118070143506103,-0.3651528087466183,0.0005053872035371554
2021-08-29,0.0028747211247599417,18,-0.002558825726140775,-0.36292510633364855,0.0022277024129697676
2021-08-30,0.0021290491762681356,13,-0.01698662284013397,-0.37522385427137356,-0.012298747937725008
2021-08-31,0.002499942311884877,15,-0.016434553352682207,-0.37217184247203694,0.003052011799336618
2021-09-01,0.0031192813421663476,19,-0.0023422226144224592,-0.35496023039161084,0.017211612080426097
2021-09-02,0.0027922507525866254,18,-0.0015451894971881932,-0.35137094652178996,0.0035892838698208807
2021-09-03,0.0027959550373611274,18,1.0574703460601243e-05,-0.34701922728378004,0.004351719238009921
2021-09-04,0.0015362555043297304,10,-7.294439282263404e-05,-0.34556649087573355,0.0014527364080464955
2021-09-05,0.0010732277805869015,7,0.0,-0.34442031870232404,0.0011461721734095098
2021-09-06,0.00016472009498100728,1,-0.00010012825148979594,-0.3443557268588328,6.459184349122404e-05
2021-09-07,-0.05084051997066879,85,-0.0031218232996655677,-0.3982179418776774,-0.053862215018844584
2021-09-08,0.008395029112563183,51,-0.009189660376113868,-0.3958907498415625,0.0023271920361149223
2021-09-09,0.004062705646081233,25,-0.005531424393907107,-0.38816980821327446,0.007720941628288014
2021-09-10,0.00581487745894595,35,-0.022847525960511626,-0.3996710323209331,-0.011501224107658636
2021-09-11,0.0020236457384593958,12,-0.019099299554740753,-0.3938991601767028,0.005771872144230306
2021-09-12,0.0028319569069749397,17,-0.009410504410023536,-0.3813784081250106,0.012520752051692174
2021-09-13,0.007886295837155806,46,-0.020629125005718462,-0.3847107328835497,-0.0033323247585390625
2021-09-14,0.0036135497759555717,22,-0.0018995412385544603,-0.3623675993404301,0.022343133543119564
2021-09-15,0.0021858322074361828,14,-4.262973419324796e-05,-0.3583248556286327,0.004042743711797414
2021-09-16,0.0029519504610046074,19,-0.0006445843365511376,-0.355974859769986,0.002349995858646703
2021-09-17,0.0023583040118842647,15,-0.0021047392808531576,-0.35507671070240376,0.0008981490675822323
2021-09-18,0.0012363971858812262,8,0.00013523696272274834,-0.35160033727294665,0.0034763734294571136
2021-09-19,0.0009377105573483003,6,-0.0024099178672220465,-0.35320778154554316,-0.0016074442725965143
2021-09-20,0.005335938524549875,31,-0.05996803589443563,-0.40542996104820683,-0.05222217950266367
2021-09-21,-0.086100530709193,95,-0.01805653799781228,-0.4496189938607765,-0.04418903281256964
2021-09-22,0.006662002304008095,42,0.0,-0.4249004535589561,0.024718540301820358
2021-09-23,0.0003056580380590565,2,0.0,-0.4245947955208971,0.00030565803805904235
2021-09-24,0.006693222360761463,42,-0.0004486378290606878,-0.4183502109891963,0.006244584531700792
2021-09-25,0.005180682770827245,33,-0.000937459213793,-0.4136583496031014,0.004691861386094898
2021-09-26,0.004859493247893536,31,1.8304167172369524e-05,-0.4078430929742425,0.0058152566288589
2021-09-27,0.0020109162966338748,13,-0.00342173835273736,-0.4092722191975183,-0.001429126223275845
2021-09-28,0.004648510338926538,29,-0.013797033635789487,-0.4149990041416439,-0.005726784944125596
2021-09-29,0.0037322405750131182,23,-0.008426088809799,-0.4058958187406403,0.009103185401003633
2021-09-30,0.003417874390733615,22,0.0,-0.3940518555401077,0.011843963200532603
2021-10-01,0.004703030476045223,29,-0.00022609149174951902,-0.389574916555812,0.004476938984295686
2021-10-02,0.0015815649137150996,10,-0.0015916784294853225,-0.3893589385798327,0.0002159779759792757
2021-10-03,0.0023596224764925707,15,-0.0011637758839894217,-0.38657141355784425,0.0027875250219884795
2021-10-04,0.00438819180574736,28,0.0,-0.3810194458681075,0.005551967689736759
2021-10-05,0.0006576505146471094,4,-0.00021720483180073363,-0.3805790001852611,0.00044044568284640206
2021-10-06,0.004219489571446172,26,0.0,-0.3761423057820142,0.004436694403246899
2021-10-07,0.001224907956246096,8,2.3116078829074636e-05,-0.374894281746939,0.0012480240350751792
2021-10-08,0.0003056580380590595,2,0.0,-0.37461173978770906,0.00028254195922994274
2021-10-09,0.00015282901902952974,1,0.0,-0.37445891076867954,0.00015282901902952117
2021-10-10,0.0011940611683921034,7,-0.0016463443218682904,-0.3749111939221557,-0.000452283153476174
2021-10-11,0.0037870595013232396,23,-0.00010037835669719059,-0.3695781684556614,0.005333025466494334
2021-10-12,0.004195846133169255,25,-0.00580499739539011,-0.37108694136118503,-0.0015087729055236476
2021-10-13,0.004536612162211677,27,-0.00037254919518416594,-0.3611178809987674,0.009969060362417625
2021-10-14,0.0033600465660624974,21,-0.0020160721982951796,-0.35940135743581597,0.001716523562951433
2021-10-15,0.005172382177291375,32,-0.0019767334103657436,-0.35418963647059515,0.005211720965220823
2021-10-16,0.0025618183240881105,15,-0.0055051154795420516,-0.3551562002156834,-0.0009665637450882447
2021-10-17,0.003982809749056566,23,-0.002556209170890457,-0.3482244841579752,0.006931716057708204
2021-10-18,0.005937940403595778,35,-0.0009996169417141251,-0.3407299515252031,0.007494532632772111
2021-10-19,0.004766664609063904,29,-5.6933563071872276e-05,-0.3350206035374969,0.00570934798770617
2021-10-20,0.0014102884887527947,9,0.0,-0.33355338148567226,0.001467222051824646
2021-10-21,0.008281832846831918,52,-0.015746567226214273,-0.3410181158650546,-0.007464734379382332
2021-10-22,0.0042019269491854324,25,-0.0320624275321347,-0.35313204922178965,-0.012113933356735052
2021-10-23,0.0027500411233940033,16,-0.024861068204945148,-0.3431806487712061,0.00995140045058357
2021-10-24,0.0029544038010819403,17,-0.030055963013795386,-0.3454211397789744,-0.002240491007768297
2021-10-25,0.0024862409445153243,15,-0.008846849430516428,-0.3217257852511801,0.023695354527794255
2021-10-26,0.002559899263864549,15,-0.03687650303685781,-0.3471955395936569,-0.02546975434247678
2021-10-27,0.0006911202039161071,4,-0.0674306145807626,-0.3770585309336456,-0.02986299133998871
2021-10-28,0.005370713191479376,31,-0.03357637748016937,-0.337833580641573,0.039224950292072625
2021-10-29,0.004418495832740242,26,-0.015156672603946444,-0.31499537993260984,0.02283820070896314
2021-10-30,0.001861551343924234,11,-0.018859357404556912,-0.3168365133892961,-0.0018411334566862392
2021-10-31,0.0025842374013578745,15,-0.02476374694191358,-0.32015666552529487,-0.0033201521359987884
2021-11-01,0.003423025548451905,20,-0.02931084633049086,-0.32128073936542023,-0.0011240738401253614
2021-11-02,0.0029810185738115835,18,-0.00785927109764575,-0.2968481455587635,0.024432593806656744
2021-11-03,0.0029792488212439542,18,-0.010121798301575998,-0.2961314239414498,0.0007167216173136759
2021-11-04,0.0016918655436981233,10,-0.023580146296765418,-0.3078979063929411,-0.011766482451491311
2021-11-05,0.0016943874951793271,10,-0.02898174996552648,-0.3116051225665229,-0.0037072161735817732
2021-11-06,0.0020654256243163817,12,-0.022685654367535935,-0.30324360134421596,0.008361521222306934
2021-11-07,0.002333954901581747,14,-0.007484409553549245,-0.2857084016286475,0.01753519971556844
2021-11-08,0.003276759572998568,21,0.0,-0.27494723250209974,0.010761169126547787
2021-11-09,0.0,0,0.0,-0.27494723250209974,0.0
2021-11-10,0.0020766859079939604,12,-0.01626782839395709,-0.28913837498806283,-0.014191142485963093
2021-11-11,0.0,0,-0.017074291854136135,-0.28994483844824187,-0.000806463460179041
2021-11-12,0.0,0,-0.021935513726564274,-0.29480606032067,-0.004861221872428156
2021-11-13,0.0,0,-0.020013704665545935,-0.2928842512596517,0.0019218090610183536
2021-11-14,0.0,0,-0.011521123289101761,-0.2843916698832075,0.008492581376444153
2021-11-15,0.001060310483858888,6,-0.027829403000875323,-0.2996396391111222,-0.01524796922791466
2021-11-16,-0.03580159144156289,52,-0.007450646395272299,-0.31506247394708203,-0.015422834835959853
2021-11-17,0.00678073784367079,39,-0.005819428306571127,-0.30665051801471005,0.008411955932371984
2021-11-18,0.0029666732663332796,17,-0.03800047406818783,-0.3358648905099935,-0.02921437249528347
2021-11-19,0.0,0,-0.025515350779608995,-0.32337976722141465,0.01248512328857887
2021-11-20,0.0012354637184262952,7,-0.009914249631341411,-0.30654320235472077,0.01683656486669388
2021-11-21,0.001767676101750255,10,-0.019386063375147193,-0.3142473399967763,-0.00770413764205552
2021-11-22,0.0005308361772342344,3,-0.0449329005747893,-0.3392633410191841,-0.025016001022407808
2021-11-23,-0.05084811530908332,24,-0.00011065987761287602,-0.34528921563109105,-0.006025874611906956
2021-11-24,0.003026067804381836,19,-0.0006598590586455455,-0.3428123470077419,0.002476868623349171
2021-11-25,0.001708682259281727,11,0.0,-0.3404438056898146,0.0023685413179272974
2021-11-26,0.005544299063425096,33,-0.034106201614035894,-0.3690057082404254,-0.028561902550610807
2021-11-27,0.0032188937925051032,19,-0.02082758466697333,-0.3525081975008577,0.016497510739567678
2021-11-28,0.004317895041832331,26,-0.0016966456603560854,-0.32905936345240816,0.02344883404844955
2021-11-29,0.0028108894911421066,18,-0.0005306124337902309,-0.32508244073470016,0.003976922717707998
2021-11-30,0.007391685013807259,47,-0.003002891092484011,-0.3201630343795867,0.004919406355113454
2021-12-01,0.00456276467580264,29,-0.0020903335669493857,-0.3146877121782494,0.005475322201337285
2021-12-02,0.003522223657704101,22,-0.0055254074360464095,-0.31460056238964235,8.714978860707712e-05
2021-12-03,0.0038501125953254492,23,-0.03601174723221498,-0.3412367895904854,-0.026636227200843077
2021-12-04,-0.14846481710055542,62,-0.000411118566065028,-0.4541009780248909,-0.11286418843440549
2021-12-05,0.006345538064645988,38,8.297144866829963e-05,-0.4472613499455116,0.006839628079379323
2021-12-06,0.008087131868036113,48,-0.0002852194944643168,-0.4395424090206081,0.007718940924903495
2021-12-07,0.004708545238888353,30,-0.0029814314982275626,-0.437530075785483,0.002012333235125119
2021-12-08,0.0046919567469962745,29,-0.0035487376680849183,-0.4334054252083441,0.0041246505771389
2021-12-09,0.004984143116115792,30,-0.036775193857153554,-0.4616477382812969,-0.02824231307295283
2021-12-10,0.007986139794599428,47,-0.04422134360612903,-0.4611077482356729,0.0005399900456239948
2021-12-11,0.004924124580257683,29,-0.0115711478062806,-0.4235334278555668,0.03757432038010611
2021-12-12,0.0026073884784731656,16,-0.006079558271601918,-0.41543444984241495,0.008098978013151847
2021-12-13,0.00398106190138916,23,-0.053040496572593826,-0.4584143262420177,-0.04297987639960277
2021-12-14,0.0047412012865038385,27,-0.024102397270961907,-0.424735025653882,0.03367930058813573
2021-12-15,0.006811502030286356,40,-0.017290635687309625,-0.4111117620399434,0.013623263613938619
2021-12-16,0.0020238172051848685,12,-0.03529072850663128,-0.42708803765408015,-0.01597627561413678
2021-12-17,0.0022944544513850895,13,-0.06524132423657371,-0.45474417893263747,-0.02765614127855731
2021-12-18,0.0007100752464618564,4,-0.050228467829393574,-0.43902124727899544,0.015722931653642025
2021-12-19,0.003152471098992906,18,-0.0523749922449956,-0.43801530059560456,0.0010059466833908792
2021-12-20,0.0008879381095997515,5,-0.04779960409568013,-0.43255197433668935,0.005463326258915213
2021-12-21,0.0035644556128381745,21,-0.017121695665182426,-0.39830961029335343,0.034242364043335916
2021-12-22,0.0019980749655089678,12,-0.020874932789836608,-0.40006477245249866,-0.0017551621591452293
2021-12-23,0.003468513400059174,21,-0.001761401046402549,-0.37748272730900545,0.022582045143493212
2021-12-24,0.002501661362522274,16,-0.0018532475716519915,-0.37507291247173263,0.0024098148372728168
2021-12-25,0.0009494235951657839,6,-0.003968881492603452,-0.37623912279751826,-0.0011662103257856216
2021-12-26,0.0019240918774996874,12,-0.0020705835014155935,-0.3724167329288307,0.003822389868687548
2021-12-27,0.001403079565410886,9,-0.002432159003527323,-0.3713752288655316,0.0010415040632991146
2021-12-28,0.002181353355002521,13,-0.03680683645305705,-0.4035685529600588,-0.03219332409452719
2021-12-29,0.0029692321943201234,17,-0.05812298289665457,-0.4219154672093362,-0.018346914249277424
2021-12-30,0.0015843655333425627,9,-0.04448897780231376,-0.4066970965816528,0.015218370627683386
2021-12-31,0.0027928263023407327,16,-0.06341125345425716,-0.42282654593125546,-0.016129449349602643
2022-01-01,0.0024627132067545454,14,-0.03374674086759855,-0.3906993201378423,0.03212722579341315
2022-01-02,0.0008797379921505041,5,-0.04142295386521384,-0.3974957951433071,-0.006796475005464764
2022-01-03,0.0008810857501113309,5,-0.05851918158695905,-0.413710937114941,-0.01621514197163393
2022-01-04,0.0005294743066246131,3,-0.07036779266339022,-0.42503007388474756,-0.01131913676980656
2022-01-05,-0.10134700864542806,17,-0.002119481683233454,-0.45812877155001885,-0.03309869766527129
2022-01-06,0.003784725572016457,22,-0.00419581467576119,-0.4564203789705301,0.0017083925794887378
2022-01-07,0.0017662714475316357,10,-0.019965328611207155,-0.47042362145844446,-0.014003242487914347
2022-01-08,0.00017786286313789502,1,-0.01852109453409762,-0.46880152451819707,0.0016220969402473973
2022-01-09,0.001061686689948574,6,-0.016163598541019487,-0.4653823418351704,0.003419182683026656
2022-01-10,-0.03826383534975025,32,2.1502187731353387e-05,-0.4874610764561698,-0.022078734620999407
2022-01-11,0.001691382210100025,11,0.0,-0.48579119643380114,0.001669880022368675
2022-01-12,0.0008311548481149543,5,-0.00036696782937002063,-0.4853270094150562,0.0004641870187449548
2022-01-13,0.001858169629507671,11,-0.006762936762942829,-0.4898648087191213,-0.0045377993040651154
2022-01-14,0.0022473864971454746,13,-0.004072370784500029,-0.48492685624353304,0.004937952475588259
2022-01-15,0.0011887934935141317,7,-0.0051824629972114546,-0.48484815496273037,7.870128080267325e-05
2022-01-16,0.0011939407392935373,7,-0.005273523937016097,-0.48374527516324145,0.0011028797994889206
2022-01-17,0.0015748880075341684,9,-0.01375689898894213,-0.4906537622076333,-0.006908487044391842
2022-01-18,0.0014065026702047,8,-0.012028870181713003,-0.4875192307301995,0.0031345314774338107
2022-01-19,0.0019455105167593236,11,-0.021132444356424532,-0.49467729438815167,-0.007158063657952185
2022-01-20,0.002077625808881225,12,-0.032572685515177016,-0.5040399097380229,-0.009362615349871262
2022-01-21,-0.04119473709542419,44,-0.042799282222063945,-0.5554612435403341,-0.051421333802311175
2022-01-22,-0.0511604768165838,75,-0.004499265903781953,-0.5683217040386358,-0.012860460498301696
2022-01-23,0.0072465546588740765,44,-0.00022675659693214984,-0.556802640072912,0.011519063965723775
2022-01-24,0.01239615515792712,74,-0.0010638701231158456,-0.5452435984411685,0.011559041631743483
2022-01-25,0.006603242328946092,42,-0.00020442118409331588,-0.5377809071732,0.007462691267968502
2022-01-26,0.0029369704600850583,19,-0.000551945654244706,-0.5351914611832663,0.002589445989933714
2022-01-27,0.007620387805171941,48,5.047657779293948e-05,-0.5269686511460568,0.008222810037209483
2022-01-28,0.004800925026887969,31,0.0,-0.5222182026969617,0.004750448449095113
2022-01-29,0.0,0,0.0,-0.5222182026969617,0.0
2022-01-30,0.0,0,0.0,-0.5222182026969617,0.0
2022-01-31,0.001690244308095033,11,0.0,-0.5205279583888667,0.0016902443080950569
2022-02-01,0.003844182557725978,23,-0.0009890000770157456,-0.5176727759081564,0.002855182480710261
2022-02-02,0.001727797530297708,10,-0.016322529575802647,-0.5312785078766455,-0.013605731968489132
2022-02-03,0.00035572572627580684,2,-0.011294005692685025,-0.5258942582672521,0.005384249609393432
2022-02-04,0.006595087529709893,40,0.0,-0.5080051650448572,0.01788909322239496
2022-02-05,0.00015282901902952697,1,0.0,-0.5078523360258276,0.00015282901902957668
2022-02-06,0.0,0,0.0,-0.5078523360258276,0.0
2022-02-07,0.003078671791854724,19,-0.0011531602441613076,-0.5059268244781342,0.0019255115476933815
2022-02-08,0.007519767127081337,47,-0.003287719334421732,-0.5005416164413132,0.005385208036820965
2022-02-09,0.0036727282855264862,23,-0.0016328755860804895,-0.4952140444074455,0.005327572033867745
2022-02-10,0.005348421595597437,34,-0.007131812421739315,-0.49536455964750686,-0.0001505152400613774
2022-02-11,0.005915890506235044,36,-0.02045527598375476,-0.5027721327032872,-0.007407573055780381
2022-02-12,0.0027107508888710584,16,-0.022763604813476668,-0.502369710644138,0.00040242205914919893
2022-02-13,0.0018550706491397603,11,-0.02559225269300205,-0.5033432878745238,-0.0009735772303857138
2022-02-14,0.002372373000416633,14,-0.01822508413552818,-0.49360374631663323,0.00973954155789053
2022-02-15,0.002732265011929183,17,-0.0010068089948350061,-0.47365320616401085,0.019950540152622376
2022-02-16,0.0011188136249457204,7,-0.0043671616626567876,-0.4758947452068869,-0.0022415390428760507
2022-02-17,0.0027125699297416324,16,-0.051989365749594285,-0.5208043793640829,-0.044909634157195955
2022-02-18,0.0,0,-0.06398612838468068,-0.5328011419991692,-0.011996762635086311
2022-02-19,0.0,0,-0.061664839261574296,-0.5304798528760628,0.0023212891231063626
2022-02-20,-0.09888999543166486,12,-0.0007428950845465679,-0.5684479041307,-0.0379680512546372
2022-02-21,0.009549318678704354,57,-0.01997019555245437,-0.5781258859199034,-0.009677981789203427
2022-02-22,0.006880675629941122,40,-0.00488934904192778,-0.5561643637794357,0.02196152214046776
2022-02-23,0.003322977102295918,20,-0.01441026157750706,-0.5623622992127191,-0.006197935433283397
2022-02-24,-0.05168484435411275,70,-0.00387535048828923,-0.603512232477614,-0.04114993326489491
2022-02-25,0.009098230401886523,55,-0.0014903654326697503,-0.592029017020108,0.011483215457505969
2022-02-26,0.003417321264317224,21,-0.0043420448851373365,-0.5914633752082583,0.0005656418118497042
2022-02-27,0.006048404657580512,36,-0.01996395812717171,-0.6010368837927121,-0.009573508584453827
2022-02-28,0.0097875393845112,59,-0.0012253187200038456,-0.5725107050010332,0.028526178791678958
2022-03-01,0.0064212041525683996,39,-0.00038413916801403327,-0.565248321296475,0.0072623837045582285
2022-03-02,0.0071456057597435885,44,-0.003097769027932443,-0.5608163453966498,0.004431975899825136
2022-03-03,0.003221059672142292,19,-0.01578260850500841,-0.5702801252015836,-0.009463779804933736
2022-03-04,-0.06714107431071725,13,-0.0005036461220919721,-0.6221422371293843,-0.05186211192780077
2022-03-05,0.0018346738593308012,11,-0.00010088084353521398,-0.6199047979914968,0.0022374391378875425
2022-03-06,0.0035240038114211975,21,-0.005911185857932425,-0.6221910991944728,-0.0022863012029760155
2022-03-07,0.007721010215238141,45,-0.01023650522354092,-0.6187954083448431,0.003395690849629651
2022-03-08,0.00728976222923143,43,-0.002988718933526429,-0.6042578598255973,0.014537548519245824
2022-03-09,0.0024001321515650068,15,0.0,-0.5988690087405059,0.005388851085091462
2022-03-10,0.006065281647206789,37,-0.009697709448965544,-0.6025014365422646,-0.003632427801758764
2022-03-11,0.004313700093892476,26,-0.019344694664703316,-0.60783472166411,-0.005333285121845388
2022-03-12,0.0016686731869598364,10,-0.018178423616456895,-0.6049997774289038,0.0028349442352062493
2022-03-13,0.0008400792966633901,5,-0.035816744802708016,-0.6217980193184914,-0.016798241889587673
2022-03-14,0.004535559705764595,27,-0.007723820141447311,-0.5891695349514662,0.03262848436702526
2022-03-15,0.003176889834790372,19,-0.011841456951260973,-0.5901102819264894,-0.0009407469750232211
2022-03-16,0.010341783465625436,65,-7.978140497423912e-05,-0.5680068229145773,0.02210345901191213
2022-03-17,0.0023268140070532815,15,-0.000556367357848793,-0.5661565948603986,0.0018502280541786709
2022-03-18,0.002034106322988869,13,0.0,-0.563566121179561,0.002590473680837646
2022-03-19,0.0,0,0.0,-0.563566121179561,0.0
2022-03-20,0.000612453978123035,4,2.042064287793148e-05,-0.56293324655856,0.0006328746210009228
2022-03-21,0.0018510935065567582,12,-0.0003513697794450795,-0.5614539434743262,0.0014793030842338295
2022-03-22,0.0018300212538520215,11,-0.0026703971743782936,-0.5619429496154075,-0.0004890061410812718
2022-03-23,0.0018784996133989593,11,-0.0005454793326778536,-0.5579395321603081,0.004003417455099356
2022-03-24,0.0024798849923099615,15,-4.8937169406277617e-05,-0.5549631050047265,0.0029764271555816624
2022-03-25,0.0019108714751008666,12,-0.001556798720382516,-0.5545600950806019,0.0004030099241245644
2022-03-26,0.0009517888577277539,6,-0.0008653741093174483,-0.5529168816118091,0.0016432134687928146
2022-03-27,0.001089356945096844,7,0.0,-0.5509621505573948,0.0019547310544142382
2022-03-28,0.0013240349456515438,8,-0.00194976496319426,-0.5515878805749375,-0.000625730017542625
2022-03-29,0.001998074965508918,12,-0.0009367104899892515,-0.5485767511362235,0.0030111294387139553
2022-03-30,0.0016865741555003458,10,-0.002235177802356428,-0.5481886442930903,0.00038810684313317356
2022-03-31,0.0015378035359735497,9,-0.014596712901454229,-0.5590123758562147,-0.010823731563124328
2022-04-01,0.0017500835846424707,10,-0.0071899600871594815,-0.5498555394572774,0.009156836398937274
2022-04-02,0.0024183568187031487,14,-0.01148808038145703,-0.5517353029328718,-0.001879763475594376
2022-04-03,0.0027488558795528287,16,-0.006138754753603075,-0.5436371214254649,0.00809818150740682
2022-04-04,0.0024478724469978756,14,-0.00501341994579073,-0.5400639141706548,0.00357320725481014
2022-04-05,0.0013851013918145796,8,-0.014927239348203865,-0.5485926321812533,-0.008528718010598513
2022-04-06,0.0,0,-0.044694655245617596,-0.578360048078667,-0.029767415897413718
2022-04-07,-0.047272884428865375,12,-0.00047928828811129033,-0.5814175655500261,-0.0030575174713590725
2022-04-08,0.002624699721325918,16,-0.008958892705949972,-0.5872724702465388,-0.0058549046965127305
2022-04-09,0.0006728109189866975,4,-0.004634252956559691,-0.5822750195781619,0.004997450668376979
2022-04-10,0.001161926512821661,7,-0.00956051255645852,-0.586039352665239,-0.003764333087077132
2022-04-11,0.0020817387954472255,12,-0.049682320623189224,-0.6240794219365224,-0.03804006927128345
2022-04-12,0.0,0,-0.04003618774982494,-0.6144332890631582,0.009646132873364244
2022-04-13,0.0014105600567359462,8,-0.021722402914612214,-0.5947089441712096,0.01972434489194863
2022-04-14,0.0005294743066246155,3,-0.042384608058174414,-0.6148416750081471,-0.020132730836937562
2022-04-15,0.0,0,-0.03158640991133428,-0.604043476861307,0.010798198146840132
2022-04-16,0.0,0,-0.03465462742191844,-0.607111694371891,-0.0030682175105840592
2022-04-17,0.0,0,-0.0470662129969523,-0.619523279946925,-0.012411585575033968
2022-04-18,0.000711451452551602,4,-0.02717107501807909,-0.5989166905155002,0.020606589431424793
2022-04-19,0.001585713291303407,9,-0.016820694168408257,-0.5869805963745259,0.011936094140974296
2022-04-20,0.0019156741763227485,11,-0.01871795474217497,-0.5869621827719699,1.841360255605551e-05
2022-04-21,0.0017009886190624522,10,-0.035207144668226546,-0.601750384078959,-0.014788201306989102
2022-04-22,0.0,0,-0.049770512529928965,-0.6163137519406614,-0.014563367861702425
2022-04-23,0.0,0,-0.054825928085154296,-0.6213691674958868,-0.005055415555225373
2022-04-24,0.0,0,-0.05466476994670573,-0.6212080093574383,0.000161158138448525
2022-04-25,-0.07080055662476793,23,3.13106074456993e-05,-0.6373124854280547,-0.01610447607061649
2022-04-26,0.0029401748022921115,18,-0.018565890066394405,-0.6529695112996027,-0.015657025871547936
2022-04-27,0.0037492634177354375,23,-0.005134769256905066,-0.6357891270723779,0.017180384227224788
2022-04-28,0.004581633622959232,29,-0.0018397929189639224,-0.6279125171114776,0.007876609960900338
2022-04-29,0.0026011255235217088,16,-0.011779381586702855,-0.6352509802556947,-0.0073384631442171555
2022-04-30,0.0008337159989556169,5,-0.027005397018239136,-0.6496432796882753,-0.01439229943258058
2022-05-01,0.0026863169610800105,16,-0.013406633347653268,-0.6333581990566094,0.016285080631665894
2022-05-02,0.003119892462814162,19,-0.012614193090675196,-0.6294458663368172,0.003912332719792189
2022-05-03,0.0006690085790974527,4,-0.02511965660659082,-0.6412823212736353,-0.011836454936818064
2022-05-04,0.004381734746482774,27,-0.0020252910408550193,-0.6138062209614168,0.027476100312218477
2022-05-05,0.0026203545154807758,15,-0.04981051360789549,-0.6589710890129764,-0.045164868051559615
2022-05-06,0.0,0,-0.06382694431277738,-0.6729875197178583,-0.0140164307048819
2022-05-07,0.0,0,-0.07790004382132498,-0.6870606192264059,-0.014073099508547626
2022-05-08,-0.09806681323425243,24,-0.004199571305982759,-0.7114269599453162,-0.024366340718910307
2022-05-09,-0.04060392498228461,81,-0.017144874044895068,-0.7649761876665131,-0.05354922772119686
2022-05-10,0.016806121388085755,102,-0.012734253982114595,-0.7437594462156468,0.021216741450866272
2022-05-11,-0.07514792098759182,154,-5.690516084514105e-05,-0.8062300183819692,-0.06247057216632235
2022-05-12,0.03654350008854321,226,-0.00031167404114508567,-0.7699412871737259,0.036288731208243274
2022-05-13,0.008844575583343709,53,-0.01547803811000352,-0.7762630756592406,-0.006321788485514679
2022-05-14,0.004707277797273935,27,-0.004532587849320558,-0.7606103476012837,0.01565272805795692
2022-05-15,0.005065500600498004,30,-2.6678164505115992e-05,-0.7510389373159702,0.009571410285313497
2022-05-16,0.007803806555764076,45,-0.010987950969279365,-0.7541964035649804,-0.0031574662490102545
2022-05-17,0.0054281567908931305,32,-0.004237082325595241,-0.7420173781304031,0.012179025434577273
2022-05-18,0.0019295411905074168,11,-0.03209846013097859,-0.7679492147452791,-0.02593183661487597
2022-05-19,0.0029282862990484136,17,-0.005458218283262837,-0.738380686598515,0.02956852814676414
2022-05-20,0.0032525336772331586,19,-0.023424342586414928,-0.7530942772244339,-0.014713590625918926
2022-05-21,0.0012381733469967815,7,-0.01835287085560461,-0.7467846321466267,0.00630964507780718
2022-05-22,0.0024038880853634614,14,-0.005703902677609809,-0.7317317758832684,0.015052856263358283
2022-05-23,0.0025571256340669733,15,-0.02513439747997594,-0.7486051450515676,-0.01687336916829918
2022-05-24,0.0022930645737147684,13,-0.014473097825461979,-0.7356507808233389,0.01295436422822871
2022-05-25,0.002431641800499749,14,-0.016503451639661455,-0.7352494928370387,0.0004012879863002361
2022-05-26,0.002288936178276871,13,-0.023405221594356377,-0.7398623266134567,-0.004612833776418079
2022-05-27,0.0005335885894137116,3,-0.03664802528657421,-0.7525715417162608,-0.012709215102804094
2022-05-28,0.0,0,-0.027344582076817812,-0.7432680985065044,0.009303443209756401
2022-05-29,0.0007100752464618861,4,-0.017897746978951436,-0.7331111881621761,0.010156910344328307
2022-05-30,0.006598546680536513,40,-0.0007048798349528388,-0.709319774337641,0.02379141382453509
2022-05-31,0.0031397274351323526,20,-0.0014677238812070754,-0.706942890948763,0.0023768833888780927
2022-06-01,0.00366621111314892,22,-0.03081521558991708,-0.732624171544324,-0.025681280595561073
2022-06-02,0.0029015041428400255,17,-0.01692819110900623,-0.7158356429205731,0.01678852862375091
2022-06-03,0.0017433937476697965,10,-0.03346536632934761,-0.7306294243932447,-0.01479378147267163
2022-06-04,0.0008675651732517498,5,-0.029313017989631825,-0.7256095108802773,0.005019913512967489
2022-06-05,0.0010320323044308727,6,-0.028074022857083266,-0.7233384834432979,0.002271027436979378
2022-06-06,0.0031009304486916854,19,-0.0047377841946894825,-0.6969013143322125,0.0264371691110854
2022-06-07,0.007645575136405878,46,-0.00757130911967397,-0.6920892641207911,0.0048120502114213926
2022-06-08,0.004539212018726384,27,-0.02355415234508235,-0.7035328953274731,-0.011443631206682015
2022-06-09,0.0015257991397516196,9,-0.025688825894053174,-0.7041417697366923,-0.0006088744092191956
2022-06-10,0.0019145070770576877,11,-0.05509172852990799,-0.7316301652954894,-0.02748839555879712
2022-06-11,0.00017786286313790385,1,-0.07790850422674904,-0.7542690781291925,-0.022638912833703118
2022-06-12,-0.10505678168188898,34,-0.01993335177237879,-0.8013507073567112,-0.047081629227518684
2022-06-13,-0.10265755018031006,79,-7.869351555051873e-05,-0.8841535992801931,-0.08280289192348189
2022-06-14,0.02800964056443792,168,-0.01290841861185411,-0.8689736838120588,0.015179915468134353
2022-06-15,0.020269741069792617,118,-0.004714539374704389,-0.8405100635051164,0.028463620306942383
2022-06-16,0.006006484537958926,35,-0.07303219490529027,-0.9028212344977433,-0.06231117099262695
2022-06-17,0.0005335885894137079,3,-0.07208240049975129,-0.9013378515027908,0.0014833829949525423
2022-06-18,-0.10632141273652555,67,-0.01606965306985107,-0.951646516809416,-0.050308665306625255
2022-06-19,0.015222791125449877,93,0.0,-0.9203540726141151,0.03129244419530097
2022-06-20,0.008287569663051397,53,0.0,-0.9120665029510636,0.008287569663051442
2022-06-21,0.00513266933484615,31,-0.010931893591992517,-0.91786572720821,-0.005799224257146407
2022-06-22,0.004577914476263356,26,-0.03140428690382301,-0.9337602060437772,-0.01589447883556716
2022-06-23,0.006274424145219882,36,-0.004689695317331339,-0.9007711903120657,0.032989015731711535
2022-06-24,0.005059879863007999,30,-0.0031063749587765133,-0.8941279900905028,0.006643200221562839
2022-06-25,0.0023415229112822337,14,-0.0008426714643071929,-0.8895227636847512,0.004605226405751561
2022-06-26,0.002632131264307022,16,-0.006105824736071308,-0.8921537856922084,-0.002631022007457129
2022-06-27,0.0023885590569076775,14,-0.011806744264812045,-0.8954661461640414,-0.0033123604718330313
2022-06-28,0.0020643389248304186,12,-0.024688847181011768,-0.9062839101554107,-0.010817763991369245
2022-06-29,0.0003557257262758034,2,-0.029959135671940647,-0.9111984729200637,-0.004914562764653074
2022-06-30,-0.05482458277268158,33,0.00034368182439269384,-0.9357202381964119,-0.024521765276348195
2022-07-01,0.006307627619966338,39,-0.010567950233746732,-0.9403242426345849,-0.004604004438172993
2022-07-02,0.0024796231210277267,15,-0.011253111439941305,-0.9385297807197519,0.001794461914833012
2022-07-03,0.0029993361516030903,18,-0.009653301909952951,-0.9339306350381604,0.004599145681591477
2022-07-04,0.004775772027755748,30,0.0,-0.9195015611004518,0.014429073937708647
2022-07-05,0.003944795370967841,25,-8.668939939657042e-05,-0.9156434551288806,0.003858105971571213
2022-07-06,0.004476727997284874,29,0.0,-0.9110800377321991,0.004563417396681424
2022-07-07,0.0014603632777847172,9,-0.0005297760266883262,-0.9101494504811027,0.0009305872510964042
2022-07-08,0.007830399237111976,49,-0.006509663381033782,-0.9082989385983362,0.0018505118827665257
2022-07-09,0.002253281957014191,14,-0.0065306004831602715,-0.9060665937434484,0.002232344854887769
2022-07-10,0.0021783921107124933,13,-0.024444010993040267,-0.921801612142616,-0.015735018399167577
2022-07-11,0.0020907989627612414,12,-0.060030228558795945,-0.9552970307456105,-0.03349541860299443
2022-07-12,0.0,0,-0.08833203414892533,-0.9835988363357399,-0.028301805590129403
2022-07-13,-0.09605319144404799,34,0.0,-0.9913199936308625,-0.0077211572951226826
2022-07-14,0.0018591579271621732,12,0.0,-0.9894608357037004,0.0018591579271621805
2022-07-15,0.0026582606977453437,16,-0.0013011245815770407,-0.9881036995875321,0.0013571361161682782
2022-07-16,0.0036082911959746345,22,-0.0015446693515530489,-0.9847389531615335,0.0033647464259985993
2022-07-17,0.0032502637239481607,20,-0.008535899788033555,-0.9884799198740658,-0.003740966712532323
2022-07-18,0.006916088742926775,44,0.0,-0.9730279313431054,0.015451988530960414
2022-07-19,0.008402490451393152,53,-0.0012600478063708302,-0.965885488698083,0.0071424426450223955
2022-07-20,0.010781374697730807,67,-0.00782035196653158,-0.961664418160513,0.0042210705375700375
2022-07-21,0.00687833074264455,41,-0.008996399573010336,-0.9559621350243472,0.00570228313616572
2022-07-22,0.0033052836565976703,20,-0.018860687426550386,-0.9625211392212896,-0.006559004196942331
2022-07-23,0.0031232169742608927,18,-0.02608528133294015,-0.9666225161534185,-0.004101376932128975
2022-07-24,0.0037504391406185606,22,-0.02227381952991508,-0.9590606152097748,0.007561900943643729
2022-07-25,0.0014133545886250254,8,-0.0704817761226397,-1.0058552172138744,-0.04679460200409957
2022-07-26,-0.09181836830477418,8,8.265883109562225e-05,-1.0271091505649133,-0.021253933351038867
2022-07-27,0.0035098185186519643,22,-4.604014967594761e-05,-1.023728031027033,0.0033811195378803394
2022-07-28,0.006398547672425005,40,-0.0005851182888495143,-1.0178685614937812,0.005859469533251671
2022-07-29,0.005746554891193694,37,-0.0010186439300679986,-1.012555532243806,0.005313029249975232
2022-07-30,0.0024773344010557315,16,-0.0018631116759212384,-1.0109226655886037,0.0016328666552023474
2022-07-31,0.0026626911235873205,17,-0.006084088872349005,-1.012480951661444,-0.0015582860728402537
2022-08-01,0.0027595862644135723,17,-0.006457780201478614,-1.01009505672616,0.002385894935283961
2022-08-02,0.0032946754962794164,20,-0.011546874001054764,-1.0118894750294565,-0.0017944183032965189
2022-08-03,0.002108305626904799,13,-0.015278606891976044,-1.013512902293473,-0.0016234272640165415
2022-08-04,0.002326388243232612,14,-0.019406539189764337,-1.0153144463480288,-0.0018015440545557926
2022-08-05,0.003273641091446456,20,-0.005666746579457994,-0.9983010126462759,0.0170134337017529
2022-08-06,0.0003257254368127018,2,-0.012260394351251343,-1.0045689349812565,-0.006267922334980636
2022-08-07,0.0011443932265829456,7,-0.007916326815501156,-0.9990804742189233,0.005488460762333225
2022-08-08,0.002652669105523926,17,-0.0007914784993919363,-0.9893029567972902,0.00977751742163313
2022-08-09,0.0012850681991451434,8,-0.008382553757078843,-0.995608963855832,-0.006306007058541785
2022-08-10,0.005693659955706986,36,3.631296079990676e-05,-0.9814964371822462,0.014112526673585757
2022-08-11,0.0007675588011624346,5,-0.0002475800902766408,-0.9810127714321603,0.0004836657500859598
2022-08-12,0.001547766616695833,10,0.0,-0.9792174247251878,0.001795346706972456
2022-08-13,0.0,0,0.0,-0.9792174247251878,0.0
2022-08-14,0.0,0,0.0,-0.9792174247251878,0.0
2022-08-15,0.0024591243136961754,14,-0.008633050065619523,-0.9853913504771111,-0.006173925751923326
2022-08-16,0.0007100752464618796,4,-0.013136306812421426,-0.9891845319774512,-0.003793181500340026
2022-08-17,0.0008838238268107027,5,-0.02183865249539642,-0.9970030538336154,-0.007818521856164273
2022-08-18,0.0,0,-0.024616798503308408,-0.9997811998415275,-0.0027781460079120412
2022-08-19,-0.04181467956725747,27,-0.02727459954615823,-1.0442536804516347,-0.04447248061010722
2022-08-20,0.0014132981334353226,8,-0.01808485889738324,-1.0336506416694242,0.010603038782210472
2022-08-21,0.002415661516541762,14,-0.009513399179642602,-1.0226635204351417,0.010987121234282471
2022-08-22,0.0024492206369557705,14,-0.011793174105883826,-1.0224940747244273,0.00016944571071442205
2022-08-23,0.0022512792707709904,13,-0.009184986517922189,-1.0176346078656946,0.0048594668587327305
2022-08-24,0.002064213433715436,12,-0.012517505407680998,-1.018902913321738,-0.0012683054560433948
2022-08-25,0.0013650904586874648,8,-0.008725188523582735,-1.0137455059789524,0.0051574073427855804
2022-08-26,0.0027460784673025616,16,-0.04643306250597047,-1.0487073014940376,-0.03496179551508516
2022-08-27,0.0,0,-0.05300229648509511,-1.0552765354731621,-0.006569233979124567
2022-08-28,-0.06058174991781796,5,-0.004666029376011498,-1.0675220182818965,-0.012245482808734387
2022-08-29,0.0024377709779314733,15,-0.00037116951889026905,-1.060789387446844,0.0067326308350526
2022-08-30,0.0027639296082914593,17,-0.006925241082487904,-1.0645795294021498,-0.0037901419553059146
2022-08-31,0.003704007453857483,23,-0.0031229056175913384,-1.057073186483396,0.00750634291875385
2022-09-01,0.0032821649423135876,20,-0.0022088813078534318,-1.0528769972313443,0.004196189252051674
2022-09-02,0.0025925507904635834,16,-0.00457634334905381,-1.0526519084820811,0.00022508874926319145
2022-09-03,0.0003319498642834251,2,-0.006523667810965424,-1.0542672830797093,-0.001615374597628172
2022-09-04,0.0011580851745745776,7,-0.0038591008499498946,-1.0504446309441193,0.0038226521355899656
2022-09-05,0.0004966699592644233,3,-0.0072192784285334865,-1.0533081385634384,-0.0028635076193190834
2022-09-06,0.0042363299019073306,25,-0.03744480631839754,-1.0792973365513954,-0.025989197987956958
2022-09-07,0.0015709281136712303,9,-0.019276212052436372,-1.0595578141717628,0.019739522379632612
2022-09-08,0.0022497919004321786,13,-0.0184656060654781,-1.0564974162843723,0.0030603978873904314
2022-09-09,0.0035453255662940943,22,0.0,-1.0344864846526,0.022010931631772257
2022-09-10,0.0,0,0.0,-1.0344864846526,0.0
2022-09-11,0.0010060282955536843,6,1.0436666129473384e-06,-1.0334794126904334,0.0010070719621666502
2022-09-12,0.005528236275136164,34,-0.00013719497542454806,-1.0280894150573348,0.005389997633098664
2022-09-13,0.003441415881127196,21,-0.053013093937095634,-1.0775238981378787,-0.04943448308054399
2022-09-14,-0.07287394878447832,9,-0.0002392248499126199,-1.097623977835174,-0.020100079697295214
2022-09-15,0.0038810296814671083,24,-0.005690088454936904,-1.0991938117587312,-0.0015698339235572512
2022-09-16,0.0019855135404171866,12,-0.00391767327278679,-1.095435883036164,0.0037579287225673053
2022-09-17,0.001290709952236754,8,-0.0008293669845528001,-1.091056866795693,0.004379016240470879
2022-09-18,0.002138033234784906,13,-0.01105799567606287,-1.0991474622524182,-0.008090595456725191
2022-09-19,0.005492285511511259,32,-0.008828650782018733,-1.091425831846863,0.00772163040555518
2022-09-20,0.003960311034981509,23,-0.028691150235750362,-1.107328020265613,-0.01590218841875002
2022-09-21,0.007855772519943472,46,-0.04067587345056262,-1.1114569709604818,-0.004128950694868738
2022-09-22,0.005529880224917669,32,-0.010897803718935365,-1.0761490210039368,0.03530794995654496
2022-09-23,0.0048681857587166595,28,-0.013441774471073312,-1.073824805997358,0.002324215006578756
2022-09-24,0.0012151331246191776,7,-0.024715105706429267,-1.083883004108095,-0.010058198110736827
2022-09-25,0.0010481237705481487,6,-0.028723711590788965,-1.0868434862219065,-0.0029604821138116133
2022-09-26,0.0034718029906419777,20,-0.01516883800963265,-1.0698168096501082,0.01702667657179835
2022-09-27,0.005794808462868313,35,-0.019289808643005626,-1.0681429718206128,0.0016738378294953726
2022-09-28,0.006001224183873494,35,-0.01163324849307567,-1.0544851874868095,0.013657784333803269
2022-09-29,0.004742493081994184,28,-0.007598195634873113,-1.0457076415466129,0.00877754594019664
2022-09-30,0.004609220908476309,28,-0.010912632525958005,-1.0444128575292215,0.0012947840173913594
2022-10-01,0.00033963254077755986,2,-0.013517499123200652,-1.0466780915856864,-0.0022652340564648377
2022-10-02,0.0013756256032973787,8,-0.020614332075260516,-1.052399298934449,-0.005721207348762691
2022-10-03,0.0025371067514892323,15,-0.006981658026387311,-1.0362295181340866,0.016169780800362465
2022-10-04,0.0030527232926337755,19,-0.00017230345369004886,-1.0263674402687555,0.00986207786533111
2022-10-05,0.0019192566565534959,12,-0.0011443460567015016,-1.0254202262152134,0.0009472140535420337
2022-10-06,0.0017414464907019123,11,-0.003191201442224528,-1.0257256351100346,-0.0003054088948211131
2022-10-07,0.0016461695763601428,10,-0.011169150054311558,-1.0320574141457615,-0.006331779035726903
2022-10-08,0.0005055815396678503,3,-0.014033179685531031,-1.034415862237313,-0.0023584480915515016
2022-10-09,0.00033576526927907036,2,-0.013451889929252645,-1.0334988072117555,0.0009170550255575005
2022-10-10,0.0013664106415845062,8,-0.022800629419136936,-1.0414811360600553,-0.007982328848299858
2022-10-11,0.0012084496987027392,7,-0.02531193097276403,-1.0427839879149796,-0.0013028518549242918
2022-10-12,0.0006897726597154762,4,-0.02196315053662607,-1.038745434819126,0.004038553095853548
2022-10-13,0.0026019402191637987,15,-0.01521535633611985,-1.0293957003994563,0.009349734419669797
2022-10-14,0.00316161476365701,19,-0.021205667523704102,-1.0322243968233833,-0.002828696423927024
2022-10-15,0.00017244316492886905,1,-0.0249549099356095,-1.03580119607036,-0.003576799246976625
2022-10-16,0.0011952609221906048,7,-0.018465958890672318,-1.0281169841032323,0.007684211967127652
2022-10-17,0.0010060413606600817,6,-0.01067431434677378,-1.0193192981986736,0.00879768590455865
2022-10-18,0.0011810444823353802,7,-0.016569616134864257,-1.0240335555044286,-0.004714257305755032
2022-10-19,0.000513368946095396,3,-0.02308026099867345,-1.0300308314221425,-0.005997275917713818
2022-10-20,0.0010320594563367107,6,-0.025999358060277866,-1.03191786902741,-0.0018870376052675386
2022-10-21,0.0013916614693799108,8,-0.021650246338764865,-1.0261770958365173,0.005740773190892723
2022-10-22,0.00017112298203179866,1,-0.02023509816789486,-1.0245908246836155,0.0015862711529017748
2022-10-23,0.0010124957242301437,6,-0.01016020582715688,-1.0135034366186473,0.011087388064968229
2022-10-24,0.0003383390952425921,2,-0.016500790606226532,-1.0195056823024744,-0.006002245683827123
2022-10-25,0.002599339721647657,16,-0.0019156687592475673,-1.0023212207338479,0.01718446156862652
2022-10-26,0.002631457544986566,17,0.0,-0.9977740944296136,0.004547126304234261
2022-10-27,0.002007458019913544,13,-0.0015434839297242533,-0.9973101203394243,0.0004639740901892786
2022-10-28,0.0018685166373975455,12,-6.465037602422421e-05,-0.9939627701483268,0.0033473501910975534
2022-10-29,0.00015282901902952795,1,0.0,-0.993745290753273,0.00021747939505378788
2022-10-30,0.00045962495909350915,3,2.1776862172967862e-05,-0.9932638889320066,0.00048140182126643616
2022-10-31,0.0010835458053303005,7,-0.00038188503909071823,-0.99258400502794,0.0006798839040665916
2022-11-01,0.00030908268543926385,2,-0.00026596015968965514,-0.9921589974630995,0.00042500756484042945
2022-11-02,0.0026290705675764345,17,-0.0025753990042972335,-0.9918393657401308,0.00031963172296878284
2022-11-03,0.000790782456857584,5,-0.002087396178043584,-0.9905605804570194,0.0012787852831113167
2022-11-04,0.0015443419693156103,10,0.0,-0.9869288423096603,0.003631738147359176
2022-11-05,0.0,0,0.0,-0.9869288423096603,0.0
2022-11-06,0.0,0,0.0,-0.9869288423096603,0.0
2022-11-07,0.0006170274688736024,4,0.00017254474898762705,-0.986139270091799,0.0007895722178612452
2022-11-08,-0.07384550912294215,101,0.0,-1.0601573239637287,-0.07401805387192972
2022-11-09,-0.0681818600690641,146,-0.000189103917139669,-1.1285282879499325,-0.06837096398620379
2022-11-10,0.018148289335490817,113,-0.004969870853966678,-1.1151607655512688,0.01336752239866379
2022-11-11,0.011669346481988951,68,-0.019360030208484823,-1.1178815784237979,-0.0027208128725291214
2022-11-12,0.0015640490521842795,9,-0.029021525782702524,-1.1259790249458312,-0.008097446522033369
2022-11-13,0.0008838522749396221,5,-0.05258186337355315,-1.1486555102617422,-0.022676485315910933
2022-11-14,0.005087241467204106,29,-0.039335638849934594,-1.1303220442709196,0.01833346599082253
2022-11-15,0.004189769153774903,24,-0.026246509910050047,-1.11304314617726,0.017278898093659567
2022-11-16,0.0015898840292822122,9,-0.0370932815869551,-1.122300033824883,-0.009256887647622891
2022-11-17,0.0008851856974203422,5,-0.035678335767487857,-1.1199999023079954,0.0023001315168875713
2022-11-18,0.0012259725210372499,7,-0.03514144682386725,-1.1182370408433375,0.0017628614646578722
2022-11-19,0.0003543495201860823,2,-0.03528221366796763,-1.1180234581672517,0.00021358267608584391
2022-11-20,0.0,0,-0.05775581846867378,-1.1404970629679578,-0.02247360480070615
2022-11-21,-0.09159996428597215,7,-0.00015218878799084894,-1.1744933975732472,-0.03399633460528939
2022-11-22,0.003210323676996621,20,1.7415509938443812e-05,-1.1711134695983212,0.0033799279749260336
2022-11-23,0.0013846083113373882,9,0.0,-1.1697462767969222,0.0013671928013989643
2022-11-24,0.0,0,0.0,-1.1697462767969222,0.0
2022-11-25,0.00045962495909350286,3,0.0,-1.1692866518378287,0.00045962495909357415
2022-11-26,0.00015282901902952508,1,6.650556657290509e-06,-1.1691271722621417,0.00015947957568696047
2022-11-27,0.00015282901902952508,1,-8.386144530174145e-05,-1.1690648552450713,6.231701707037907e-05
2022-11-28,0.0015651897475365828,10,-0.0015357193698470983,-1.16895152342208,0.00011333182299133604
2022-11-29,0.0013892262049107838,9,-4.208433798597599e-05,-1.166068662185308,0.0028828612367719497
2022-11-30,0.00015282901902952508,1,0.0,-1.1658737488282924,0.00019491335701560253
2022-12-01,0.0,0,0.0,-1.1658737488282924,0.0
2022-12-02,0.0,0,0.0,-1.1658737488282924,0.0
2022-12-03,0.0,0,0.0,-1.1658737488282924,0.0
2022-12-04,0.0,0,0.0,-1.1658737488282924,0.0
2022-12-05,0.0008325118661275049,5,-0.00407121119380904,-1.169112448155974,-0.0032386993276816156
2022-12-06,0.0005068619200964018,3,-0.0023793802703041995,-1.166913755312373,0.00219869284360108
2022-12-07,0.00034488632985773957,2,-0.00667438924645374,-1.1708638779586649,-0.003950122646291909
2022-12-08,0.0011758968304083175,7,-0.0010027165509711568,-1.164016308432774,0.00684756952589094
2022-12-09,0.00016724244442525133,1,-0.0018055725873734364,-1.1646519220247509,-0.0006356135919769468
2022-12-10,0.00016724244442525133,1,-0.001955726205598658,-1.164634833198551,1.708882619988472e-05
2022-12-11,0.00016597493214171407,1,-0.002436036533947105,-1.1649491685947577,-0.000314335396206733
2022-12-12,0.0005055815396678434,3,-0.0010036330790383135,-1.163011183600181,0.001937984994576647
2022-12-13,0.0016082557026715016,10,-0.0006967044058924956,-1.1610959992243637,0.0019151843758173914
2022-12-14,0.002960204404239195,19,-0.002042154085735874,-1.1594812444999678,0.0016147547243958726
2022-12-15,0.0003233015133514202,2,-0.010400872690215713,-1.1675166615910961,-0.008035417091128316
2022-12-16,0.001689666797529502,10,-0.03812061094074145,-1.1935467330440925,-0.026030071452996406
2022-12-17,0.0005226788433939985,3,-0.031225109357185928,-1.186128552617143,0.007418180426949528
2022-12-18,0.00017244316492886979,1,-0.03309482167300156,-1.1878258217680298,-0.0016972691508867488
2022-12-19,0.000173777028477728,1,-0.048687704573556034,-1.2032449276401065,-0.015419105872076733
2022-12-20,0.0020788632577479252,12,-0.02610746163570049,-1.1785858214445029,0.02465910619560363
2022-12-21,0.0005160093118895343,3,-0.029138836683307988,-1.181101187180221,-0.0025153657357182
2022-12-22,0.0005213449798451403,3,-0.02928728477584974,-1.1807282902929175,0.0003728968873035754
2022-12-23,0.0001711229820317947,1,-0.031254222002029264,-1.1825241045370654,-0.0017958142441478753
2022-12-24,0.0,0,-0.02861422845503506,-1.179884110990071,0.0026399935469942903
2022-12-25,0.00034488632985773957,2,-0.02879795587821178,-1.1797229520833903,0.0001611589066807806
2022-12-26,0.0003422459640635894,2,-0.025086462083793365,-1.1756692123249082,0.004053739758482111
2022-12-27,0.000173777028477728,1,-0.03448042467293279,-1.18488939788557,-0.009220185560661731
2022-12-28,0.0008729425289198988,5,-0.042558905194689065,-1.192094935878406,-0.007205537992836186
2022-12-29,0.0005267362299252574,3,-0.0382566944196394,-1.1872659888734312,0.004828947004974937
2022-12-30,0.0005294743066246185,3,-0.039603178858065954,-1.188082999005233,-0.0008170101318019096
2022-12-31,0.0,0,-0.042843001871157554,-1.1913228220183247,-0.0032398230130916694
2023-01-01,0.00017648665704817238,1,-0.03896329282434017,-1.1872666263144591,0.004056195703865617
2023-01-02,0.0003489018149162705,2,-0.036283728034666646,-1.1842381597098692,0.0030284666045898856
2023-01-03,0.000173777028477728,1,-0.03609579153673185,-1.1838764461834568,0.0003617135264124549
2023-01-04,0.0008582824278589694,5,-0.02796178992485105,-1.174884162143717,0.00899228403973984
2023-01-05,0.0,0,-0.028809868379465232,-1.1757322405983313,-0.0008480784546143205
2023-01-06,0.0005133824173494466,3,-0.023747123183557477,-1.170156112985074,0.00557612761325732
2023-01-07,0.0,0,-0.024050466734858555,-1.170459456536375,-0.00030334355130112733
2023-01-08,0.0005055815396678432,3,-0.017193195038719872,-1.1630966033005683,0.0073628532358067655
2023-01-09,0.0004979374715479671,3,-0.015613262754370914,-1.1610187335446713,0.002077869755896966
2023-01-10,0.000494172770884913,3,-0.008311701233623042,-1.1532229992530387,0.0077957342916326056
2023-01-11,0.0014398083685992855,9,-0.0007231729377460494,-1.1441946625885624,0.009028336664476333
2023-01-12,0.002662101495219069,17,-0.0010555927363915826,-1.1418649808919887,0.00232968169657366
2023-01-13,0.00354315783730687,22,1.2027149796019393e-06,-1.1372650276033107,0.004599953288678016
2023-01-14,0.0068908712451164105,41,-0.0005977675792561438,-1.13097312665243,0.006291900950880613
2023-01-15,0.001346928348614752,8,-0.0011173908928893029,-1.1301458216174485,0.0008273050349816291
2023-01-16,0.004286825448353101,26,-0.000986834566812536,-1.1257284398430187,0.0044173817744297406
2023-01-17,0.0027693910411415047,17,-0.0017047429076151245,-1.12367695714268,0.002051482700338836
2023-01-18,0.004471375474981739,27,-0.00964052851071013,-1.1271413672707933,-0.003464410128113382
2023-01-19,0.0010022255656808457,6,-0.0030753627412600714,-1.1195739759356624,0.007567391335130846
2023-01-20,0.002402124648782458,15,0.0,-1.11409648854562,0.005477487390042501
2023-01-21,0.0035366806834728954,21,-0.0031938674501840294,-1.1137536753123312,0.00034281323328877455
2023-01-22,0.002399845007787909,14,-0.00406195573217541,-1.1122219185865345,0.0015317567257966402
2023-01-23,0.002214211814101544,13,-0.0019074322987217402,-1.1078531833389793,0.004368735247555211
2023-01-24,0.0018746335771356443,11,-0.004995963786650722,-1.1090670812497727,-0.0012138979107934045
2023-01-25,0.003863508589726587,23,-0.005467993406937144,-1.1056756022803325,0.0033914789694402536
2023-01-26,0.001678826346395377,10,-0.006234269483201046,-1.104763052010201,0.0009125502701314847
2023-01-27,0.0028600009170944582,17,-0.005270485710929926,-1.1009392673208356,0.003823784689365395
2023-01-28,0.0,0,-0.005911024310600342,-1.101579805920506,-0.0006405385996703927
2023-01-29,0.0032786714753510727,20,-0.00039763532468898807,-1.0927877454592436,0.008792060461262352
2023-01-30,0.0011798298456062446,7,-0.011343944952275841,-1.1025542252412242,-0.00976647978198053
2023-01-31,0.0018577102026386355,11,-0.006219678235725918,-1.0955722483220356,0.0069819769191885594
2023-02-01,0.002808322194310915,17,-0.00043807651174626307,-1.0869823244037449,0.00858992391829072
2023-02-02,0.0030321329113976374,19,-0.004235325801585685,-1.0877474407821868,-0.0007651163784418991
2023-02-03,0.001470094244162283,9,-0.0050749727595274475,-1.0871169934959661,0.0006304472862206367
2023-02-04,0.0003281978387431995,2,-0.00659114457245119,-1.0883049674701466,-0.0011879739741804674
2023-02-05,0.0008375440790741258,5,-0.013370876168083076,-1.0942471549867043,-0.005942187516557729
2023-02-06,0.0013559698042564414,8,-0.016661811149960112,-1.096182120164325,-0.0019349651776205956
2023-02-07,0.0018500271281814559,11,-0.008047949563261436,-1.085718231449445,0.01046388871488002
2023-02-08,0.0006754756177903803,4,-0.01348237849185967,-1.0904771847602526,-0.004758953310807668
2023-02-09,0.0012192050648673596,7,-0.050808957059367554,-1.126584558262893,-0.03610737350264048
2023-02-10,0.0,0,-0.05708475731536081,-1.1328603585188863,-0.00627580025599328
2023-02-11,0.0,0,-0.04838164941186371,-1.1241572506153892,0.008703107903497154
2023-02-12,0.0,0,-0.05127865208904306,-1.1270542532925687,-0.0028970026771795165
2023-02-13,0.0,0,-0.05162954837584987,-1.1274051495793753,-0.00035089628680662344
2023-02-14,0.00035572572627580326,2,-0.03601448028155305,-1.1114343557588027,0.01597079382057265
2023-02-15,0.004303930676537253,26,8.520953922752882e-05,-1.0710307352614847,0.04040362049731794
2023-02-16,0.002478889771599825,16,-0.009195187973275492,-1.077832243002388,-0.006801507740903157
2023-02-17,0.005369832515912905,34,0.0,-1.0632672225131996,0.014565020489188285
2023-02-18,0.0003056580380590567,2,0.0,-1.0629615644751405,0.00030565803805915337
2023-02-19,0.0006147297821328938,4,-0.0006066582072913858,-1.062953492900299,8.07157484139509e-06
2023-02-20,0.001092893412550659,7,0.0,-1.061253941280457,0.0016995516198421434
2023-02-21,0.0006147407234983257,4,0.00013208339444679794,-1.0605071171625118,0.0007468241179451329
2023-02-22,0.003013020867156042,19,-0.0009922498904575507,-1.05861842958026,0.0018886875822516913
2023-02-23,0.003154135177474605,20,-0.00304001890168098,-1.057512063414009,0.0011063661662511493
2023-02-24,0.0022984436875452445,14,-0.016243344816639988,-1.0684169456414225,-0.010904882227413593
2023-02-25,0.0005068619200964157,3,-0.01678595588945122,-1.0684526947941373,-3.574915271475909e-05
2023-02-26,0.0009871406521228673,6,-0.008499241143797501,-1.0591788393963606,0.009273855397776698
2023-02-27,0.0022827827330977706,14,-0.009315747408937614,-1.057712562928403,0.0014662764679576057
2023-02-28,0.0008248929590723684,5,-0.016243615879063634,-1.0638155384394565,-0.006102975511053543
2023-03-01,0.002119269185989179,13,-0.007286545345380939,-1.0527391987197847,0.011076339719671813
2023-03-02,0.0009772128483976422,6,-0.010177348325137874,-1.054652788851144,-0.0019135901313593884
2023-03-03,0.0019269119303721943,11,-0.04291126185347008,-1.0854597904491041,-0.030807001597960015
2023-03-04,0.0,0,-0.043040261573455064,-1.085588790169089,-0.00012899971998492354
2023-03-05,0.001577513173854156,9,-0.03983141090616755,-1.0808024263279472,0.0047863638411418385
2023-03-06,0.0003502495728770934,2,-0.040652704492114944,-1.0812734703410176,-0.00047104401307040966
2023-03-07,0.0012367971409070438,7,-0.04928935080286218,-1.0886733195108578,-0.007399849169840156
2023-03-08,0.00017786286313790163,1,-0.07149274286873557,-1.1106988487135931,-0.022025529202735372
2023-03-09,-0.10592158517217608,8,-0.0046493582224164665,-1.1497770492394501,-0.039078200525856976
2023-03-10,0.003711824747900001,21,-0.008406951004412596,-1.1498228172735463,-4.576803409617192e-05
2023-03-11,0.004683197298332817,27,-0.003387007572631751,-1.1401196765434325,0.009703140730113802
2023-03-12,0.006519471966707627,40,-7.495774100524178e-06,-1.1302206927781937,0.009898983765238789
2023-03-13,0.006647028813716699,42,-0.0010029892200068972,-1.1245691574103835,0.0056515353678101565
2023-03-14,0.009621784218893011,58,-0.022882774881317153,-1.1368271588528007,-0.012258001442417177
2023-03-15,0.003871981960719418,22,-0.03397283599820769,-1.1440452380089718,-0.00721807915617112
2023-03-16,0.0033410749928153927,19,-0.015049421822805994,-1.1217807488407547,0.022264489168217105
2023-03-17,0.008872525741488538,55,0.0,-1.0978588012764603,0.023921947564294443
2023-03-18,0.0018522976941153927,12,-0.0005140693973722422,-1.0965205729797172,0.001338228296743127
2023-03-19,0.001382310466026183,9,0.0,-1.0946241931163188,0.001896379863398412
2023-03-20,0.0032318292570072456,19,-0.003930620940949206,-1.0953229848002608,-0.000698791683942046
2023-03-21,0.004096888597373076,24,-0.0010040104747599688,-1.0882994857366983,0.007023499063562477
2023-03-22,0.004597776604700527,27,-0.013840151504607566,-1.0965378501618455,-0.008238364425147138
2023-03-23,0.004745967813419451,28,-0.0016577098377712094,-1.0796094406815897,0.016928409480255757
2023-03-24,0.0025756385052831676,15,-0.011484826512584229,-1.0868609188511196,-0.007251478169529868
2023-03-25,0.00104673345180957,6,-0.01133393637807524,-1.085663295264801,0.0011976235863184748
2023-03-26,0.001538867487165162,9,-0.004442094540465539,-1.077232585940026,0.008430709324775076
2023-03-27,0.0010536413934225397,6,-0.016940095018795908,-1.0886769450249338,-0.011444359084907818
2023-03-28,0.0012381733469967494,7,-0.0144118255742281,-1.0849105022333692,0.0037664427915646836
2023-03-29,0.0027087885165758586,16,-0.0013365547776243328,-1.0691264429201894,0.01578405931317972
2023-03-30,0.0029857212994997356,18,-0.00897961356392539,-1.0737837804069907,-0.004657337486801305
2023-03-31,0.002359685427502455,14,-0.0036503558281513627,-1.0660948372437142,0.007688943163276507
2023-04-01,0.0004941727708849088,3,-0.0037752976421302612,-1.0657256062868083,0.00036923095690588603
2023-04-02,0.0008439206349104321,5,-0.006968833504492147,-1.0680752215142597,-0.0023496152274513626
2023-04-03,0.0022222672476422496,13,-0.012651170592347837,-1.0715352913544731,-0.003460069840213409
2023-04-04,0.001182286061367486,7,-0.00705812113309367,-1.0647599558338514,0.006775335520621706
2023-04-05,0.0024987143771237137,15,-0.006994782721554482,-1.0621979030451885,0.0025620527886629496
2023-04-06,0.0008478011725169777,5,-0.008896377024433409,-1.0632516961755505,-0.001053793130362024
2023-04-07,0.0,0,-0.010877419826020822,-1.0652327389771379,-0.001981042801587396
2023-04-08,0.00016981627038878142,1,-0.01031566990424409,-1.0645011727849725,0.0007315661921654115
2023-04-09,0.0010086151866235899,6,-0.005110185590678896,-1.0582870732847838,0.006214099500188697
2023-04-10,0.002406537158391113,15,-0.0001137130173411688,-1.050884063553055,0.007403009731728805
2023-04-11,0.0007687076445327655,5,0.0,-1.050001642891181,0.0008824206618740504
2023-04-12,0.000612453978123027,4,5.6170066421244485e-06,-1.049383571906416,0.0006180709847649624
2023-04-13,0.00015282901902952554,1,0.0,-1.0492363598940284,0.0001472120123875431
2023-04-14,0.0,0,0.0,-1.0492363598940284,0.0
2023-04-15,0.0,0,0.0,-1.0492363598940284,0.0
2023-04-16,0.0,0,0.0,-1.0492363598940284,0.0
2023-04-17,0.0009353900240624037,6,-0.0016186323944679996,-1.049919602264434,-0.0006832423704055124
2023-04-18,0.001092893412550632,7,0.0,-1.0472080764574152,0.002711525807018722
2023-04-19,0.002867834023958568,18,-0.00629864853439976,-1.0506388909678563,-0.003430814510441138
2023-04-20,0.0029653872264802823,18,-0.015011509897457847,-1.0563863651044343,-0.005747474136577946
2023-04-21,0.0020513773035908773,12,-0.03907450148844732,-1.0783979793918328,-0.022011614287398507
2023-04-22,0.0006937881447740055,4,-0.02413871507157231,-1.062768404830184,0.015629574561648818
2023-04-23,0.0006937742503620385,4,-0.030073669396256646,-1.0680095849045061,-0.0052411800743221715
2023-04-24,0.0026270687326164846,15,-0.03221414047291942,-1.0675229872485525,0.00048659765595360227
2023-04-25,0.0015456174529121917,9,-0.013929169536900378,-1.0476923988596212,0.01983058838893137
2023-04-26,0.008092926837537434,49,-0.012610989437141179,-1.0382812919223245,0.009411106937296632
2023-04-27,0.007032457922577788,44,-0.0013321515662854818,-1.019969996128891,0.01831129579343349
2023-04-28,0.0011092587911441824,7,-0.0024243275180827178,-1.0199529132895442,1.708283934687138e-05
2023-04-29,0.0,0,-0.003012421098918936,-1.0205410068703804,-0.0005880935808362242
2023-04-30,0.0012526270705288363,8,-0.0030872783033700285,-1.0193632370043026,0.0011777698660777602
2023-05-01,0.0024864143239973057,15,-0.021281279961842786,-1.035070824338778,-0.015707587334475415
2023-05-02,0.002152768852987409,13,-0.009841274428925,-1.0214780499528728,0.013592774385905226
2023-05-03,0.003285927617535545,20,-0.005096152276813541,-1.0134470001832259,0.00803104976964697
2023-05-04,0.0011236259998175843,7,-0.007417289781725784,-1.0146445116883205,-0.0011975115050946172
2023-05-05,0.002225718233831725,14,-0.0011919560550842515,-1.0061934597278472,0.008451051960473244
2023-05-06,0.001137261665152918,7,-0.006546309767536582,-1.010410551775147,-0.0042170920472996976
2023-05-07,0.0006490273101615552,4,-0.012607941055241077,-1.0158231557526898,-0.00541260397754284
2023-05-08,0.00222890721449221,13,-0.027650770978659665,-1.0286370784616161,-0.01281392270892634
2023-05-09,0.001383546910077517,8,-0.028708626806830864,-1.0283113873797098,0.0003256910819062764
2023-05-10,0.0029374324469922043,17,-0.029206621051953124,-1.0258719491778399,0.002439438201869981
2023-05-11,0.0014064885575558654,8,-0.04659510231298201,-1.0418539418813129,-0.015981992703473002
2023-05-12,0.0,0,-0.052088880796547124,-1.047347720364878,-0.005493778483565137
2023-05-13,0.0,0,-0.05271322414935362,-1.0479720637176844,-0.0006243433528063669
2023-05-14,0.0,0,-0.04820896500903535,-1.0434678045773662,0.0045042591403181564
2023-05-15,0.0010562389846787788,6,-0.040699829240800706,-1.0349024298244527,0.008565374752913524
2023-05-16,0.00017786286313790074,1,-0.04453125672402906,-1.0385559944445433,-0.003653564620090588
2023-05-17,0.0010589486132492238,6,-0.033859041274428237,-1.0268248303816931,0.01173116406285013
2023-05-18,0.0007018610163637977,4,-0.05125758328624669,-1.0435215113771479,-0.016696680995454738
2023-05-19,0.00017786286313790074,1,-0.04909848752522174,-1.041184552752985,0.0023369586241628326
2023-05-20,0.0,0,-0.04236076961967026,-1.0344468348474334,0.006737717905551666
2023-05-21,0.00017786286313790074,1,-0.05358344423055885,-1.0454916465951842,-0.011044811747750849
2023-05-22,0.0,0,-0.050371857465412666,-1.042280059830038,0.0032115867651463237
2023-05-23,0.0007059609636727799,4,-0.03898750168437355,-1.030189743085326,0.012090316744711949
2023-05-24,0.0,0,-0.06683515562715213,-1.0580373970281045,-0.02784765394277855
2023-05-25,0.0,0,-0.062253684232355916,-1.0534559256333085,0.004581471394796033
2023-05-26,0.0,0,-0.054908077415986176,-1.0461103188169387,0.007345606816369754
2023-05-27,0.0,0,-0.050213635632466266,-1.0414158770334188,0.004694441783519965
2023-05-28,0.0019065295642115006,11,-0.01906581106779334,-1.0083615229045344,0.033054354128884356
2023-05-29,0.0005095018797429052,3,-0.027147810502364398,-1.0159340204593625,-0.007572497554828139
2023-05-30,0.0006845053993812506,4,-0.02824239350372365,-1.0163440980613405,-0.00041007760197797616
2023-05-31,0.0005335885894137022,3,-0.042193886308355556,-1.0297620022765588,-0.013417904215218268
2023-06-01,0.000176486657048168,1,-0.05569398264563866,-1.0430856119567937,-0.013323609680234938
2023-06-02,0.0005335885894137022,3,-0.04111827834648001,-1.0279763190682214,0.015109292888572323
2023-06-03,0.000176486657048168,1,-0.0468456241369477,-1.0335271782016409,-0.005550859133419461
2023-06-04,0.0003543495201860687,2,-0.045367997396842934,-1.0316952019413501,0.0018319762602907463
2023-06-05,-0.09923942273686823,5,-0.0002804074182426019,-1.0858470346996179,-0.05415183275826774
2023-06-06,0.003042088485772061,19,0.0,-1.0825245387956033,0.0033224959040145663
2023-06-07,0.0018777973123908502,12,-0.002572628715337137,-1.0832193701985495,-0.0006948314029462388
2023-06-08,0.001257267005403591,8,-0.0014686380052630291,-1.0808581124830718,0.0023612577154776826
2023-06-09,0.00046883838471883926,3,-0.0016364122621044912,-1.0805570483551943,0.00030106412787755943
2023-06-10,0.0034518285429276092,21,-0.009069796770072993,-1.0845386043202352,-0.003981555965040906
2023-06-11,0.0006502329416399062,4,-0.007630698007266912,-1.082449272615789,0.00208933170444614
2023-06-12,0.000814940917894687,5,-0.007978101977040833,-1.0819817356676684,0.0004675369481206282
2023-06-13,0.0017701930267748633,11,-0.006882972357261383,-1.0791164130211142,0.002865322646554258
2023-06-14,0.0011685593593191083,7,-0.022472304944459887,-1.0935371862489935,-0.01442077322787938
2023-06-15,0.001513007419704674,9,-0.012260791220507012,-1.081812665105336,0.011724521143657629
2023-06-16,0.002295331716113283,14,-0.0026918532641647943,-1.0699483954328806,0.011864269672455352
2023-06-17,0.0006274679286027457,4,-0.0013428877837744933,-1.0679719620238874,0.001976433408993117
2023-06-18,0.0006262740357362537,4,-0.0027390713312773762,-1.068741871535654,-0.0007699095117665866
2023-06-19,0.00139958847390647,9,7.251344813362102e-05,-1.0645306982823366,0.004211173253317435
2023-06-20,0.0010851079151729419,7,-3.289218605136286e-05,-1.0635509960013485,0.0009797022809880929
2023-06-21,0.0028465855999925435,18,0.0,-1.0606715182153046,0.002879477786043916
2023-06-22,0.00015282901902953196,1,0.0,-1.060518689196275,0.00015282901902957668
2023-06-23,0.0018372609514023146,11,-0.003087500827407413,-1.06176892907228,-0.0012502398760050326
2023-06-24,0.0010267648346988865,6,-0.004540341051203411,-1.0621950044613773,-0.00042607538909722464
2023-06-25,0.0008504280670570581,5,-0.00527330226379529,-1.0620775376069118,0.00011746685446545335
2023-06-26,0.0020813781149737936,12,-0.007345978295486216,-1.062068835523629,8.702083282852158e-06
2023-06-27,0.001879820210839775,11,-0.0030493811654252493,-1.0558924181827283,0.006176417340900686
2023-06-28,0.0006937881447740015,4,-0.010133114258477051,-1.062282363131006,-0.006389944948277826
2023-06-29,0.0012018485748196287,7,-0.005447008526158795,-1.0563944088238684,0.005887954307137733
2023-06-30,0.003939290471484594,23,-0.005167607378422306,-1.0521757172046473,0.00421869161922106
2023-07-01,0.00017112298203179722,1,-0.004080160045521936,-1.0509171468897152,0.0012585703149321503
2023-07-02,0.0013677040871194635,8,-0.003778976015698321,-1.049248258772772,0.0016688881169431014
2023-07-03,0.0013418325631905567,8,-0.0004202132732006812,-1.0445476634670838,0.004700595305688227
2023-07-04,0.0003332173765669674,2,-0.00257303567579453,-1.0463672684931107,-0.0018196050260268493
2023-07-05,0.00017244316492886634,1,-0.004796317315350817,-1.0484181069677383,-0.0020508384746276143
2023-07-06,0.002030484730088262,12,-0.012959589463972488,-1.0545508943862716,-0.006132787418533292
2023-07-07,0.0010480673153584303,6,-0.006545852421974418,-1.0470890900289151,0.0074618043573564385
2023-07-08,0.0,0,-0.007102626724365607,-1.0476458643313065,-0.0005567743023913163
2023-07-09,0.00017377702847772464,1,-0.008914893953528303,-1.0492843545319914,-0.001638490200684961
2023-07-10,0.0013770548255898608,8,-0.005678805496200158,-1.0446712112490735,0.004613143282917953
2023-07-11,0.0012005147112707703,7,-0.0037299235572593307,-1.0415218145988618,0.0031493966502116333
2023-07-12,0.0006805985305602333,4,-0.0056972789663310534,-1.0428085714773732,-0.0012867568785113193
2023-07-13,0.0028385653809514617,17,-0.0004845857829331441,-1.0347573129130239,0.008051258564349295
2023-07-14,0.0010246022592905139,6,-0.010902517275989848,-1.0441506421467899,-0.009393329233766012
2023-07-15,0.0,0,-0.011228305713855306,-1.0444764305846554,-0.00032578843786557066
2023-07-16,0.0003475540569554493,2,-0.011926873010127596,-1.0448274438239722,-0.0003510132393167442
2023-07-17,0.001402402722895693,8,-0.013444272070056464,-1.0449424401610055,-0.0001149963370332685
2023-07-18,0.0007073228342824035,4,-0.018137065248838437,-1.048927910505505,-0.0039854703444994755
2023-07-19,0.0005280981005348802,3,-0.017280056458821188,-1.0475428036149528,0.0013851068905521569
2023-07-20,0.0010589770613781348,6,-0.0189651385647366,-1.0481689086594903,-0.0006261050445375282
2023-07-21,0.00017648665704816805,1,-0.017307116673945192,-1.0463344001116506,0.0018345085478397305
2023-07-22,0.00017648665704816805,1,-0.019217642366418618,-1.0480684391470758,-0.0017340390354252389
2023-07-23,0.0007032513351023363,4,-0.014171283644504868,-1.0423188290900598,0.005749610057016019
2023-07-24,0.00017786286313789936,1,-0.03229101639604661,-1.0602606989784635,-0.01794186988840374
2023-07-25,0.0,0,-0.031181420391361913,-1.0591511029737788,0.001109596004684743
2023-07-26,0.0,0,-0.02857627274059962,-1.0565459553230165,0.0026051476507622517
2023-07-27,0.0,0,-0.03131120141614189,-1.0592808839985588,-0.0027349286755422586
2023-07-28,0.0,0,-0.029376977203434483,-1.0573466597858514,0.0019342242127073916
2023-07-29,0.0,0,-0.028556371572036252,-1.0565260541544532,0.0008206056313981858
2023-07-30,0.0,0,-0.030076693821538443,-1.0580463764039554,-0.0015203222495021596
2023-07-31,0.0,0,-0.031110707728594363,-1.0590803903110113,-0.0010340139070559307
2023-08-01,0.0,0,-0.021080942201799246,-1.0490506247842162,0.010029765526795131
2023-08-02,0.0003543495201860674,2,-0.032089675850262414,-1.0597050089124933,-0.010654384128277128
2023-08-03,0.0,0,-0.031928137641604806,-1.0595434707038356,0.00016153820865771884
2023-08-04,0.0,0,-0.03361444410550738,-1.0612297771677381,-0.0016863064639025538
2023-08-05,0.0,0,-0.0345006812502527,-1.0621160143124835,-0.0008862371447453388
2023-08-06,0.0,0,-0.034155798233341604,-1.0617711312955724,0.00034488301691104617
2023-08-07,0.0,0,-0.031559330879505784,-1.0591746639417365,0.0025964673538358962
2023-08-08,0.0005294743066246116,3,-0.019492253034577404,-1.0465781117901836,0.012596552151552975
2023-08-09,0.0005294743066246116,3,-0.02370620273568406,-1.0502625871846656,-0.003684475394482023
2023-08-10,0.0,0,-0.026378887330826176,-1.0529352717798077,-0.0026726845951421385
2023-08-11,0.0,0,-0.02700810300072182,-1.0535644874497034,-0.0006292156698957108
2023-08-12,0.0,0,-0.026920453173219547,-1.053476837622201,8.76498275024229e-05
2023-08-13,0.0,0,-0.029595043199394253,-1.0561514276483759,-0.0026745900261748723
2023-08-14,0.0,0,-0.026904362866721505,-1.0534607473157032,0.0026906803326727236
2023-08-15,0.0,0,-0.031793487181963606,-1.0583498716309452,-0.004889124315242022
2023-08-16,0.0,0,-0.041733274021105424,-1.068289658470087,-0.009939786839141762
2023-08-17,-0.09313767337346052,16,-0.006387271984515806,-1.1260813298069579,-0.05779167133687091
2023-08-18,0.0008797238795017107,5,-0.015050892573353949,-1.1338652265162943,-0.007783896709336435
2023-08-19,0.0,0,-0.014282795220444634,-1.1330971291633851,0.0007680973529091695
2023-08-20,0.0,0,-0.012780656558962673,-1.1315949905019032,0.0015021386614819665
2023-08-21,0.0,0,-0.013833555929708048,-1.1326478898726484,-0.0010528993707452639
2023-08-22,0.0,0,-0.015017504294592404,-1.1338318382375328,-0.0011839483648843352
2023-08-23,0.000883823826810695,5,-0.008919832959443576,-1.1268503430755732,0.006981495161959561
2023-08-24,0.0,0,-0.01294659630440759,-1.1308771064205372,-0.004026763344963991
2023-08-25,0.0,0,-0.014950560795675532,-1.1328810709118051,-0.00200396449126794
2023-08-26,0.0,0,-0.015662398898871662,-1.1335929090150012,-0.000711838103196083
2023-08-27,0.0,0,-0.01425341353513444,-1.132183923651264,0.0014089853637371252
2023-08-28,0.0,0,-0.013949079374222965,-1.1318795894903526,0.00030433416091146803
2023-08-29,0.004052679358197964,24,-0.0007518962331362457,-1.114629726991068,0.017249862499284507
2023-08-30,0.0008478011725169885,5,-0.0037603094414781937,-1.116790339026893,-0.0021606120358248493
2023-08-31,0.0008465475294505325,5,-0.029031980368051234,-1.1412154624240154,-0.02442512339712244
2023-09-01,0.0,0,-0.0322810726969883,-1.1444645547529524,-0.0032490923289369977
2023-09-02,0.0,0,-0.030738035111168797,-1.142921517167133,0.0015430375858194179
2023-09-03,0.0,0,-0.028303549810550634,-1.1404870318665148,0.0024344853006181832
2023-09-04,0.0,0,-0.03177909475447144,-1.1439625768104356,-0.003475544943920772
2023-09-05,0.0,0,-0.032591068612848745,-1.144774550668813,-0.0008119738583773906
2023-09-06,0.0,0,-0.0333606723730736,-1.1455441544290377,-0.0007696037602247241
2023-09-07,0.0,0,-0.021510210740123638,-1.133693692796088,0.011850461632949782
2023-09-08,0.0,0,-0.0297568202392677,-1.141940302295232,-0.00824660949914402
2023-09-09,0.0,0,-0.029969628246371872,-1.1421531103023361,-0.00021280800710421488
2023-09-10,0.0,0,-0.031405902760010894,-1.143589384815975,-0.0014362745136389243
2023-09-11,-0.05403252744716261,2,-3.6738773247507636e-05,-1.1662527482763745,-0.022663363460399433
2023-09-12,0.0031133201465487776,20,-0.0012271093270312125,-1.1643297986836094,0.0019229495927650664
2023-09-13,0.001080099116648715,7,0.0,-1.1620225902399295,0.002307208443679931
2023-09-14,0.00030565803805906246,2,0.0,-1.1617169322018703,0.00030565803805915337
2023-09-15,0.0,0,0.0,-1.1617169322018703,0.0
2023-09-16,0.0,0,0.0,-1.1617169322018703,0.0
2023-09-17,0.0,0,0.0,-1.1617169322018703,0.0
2023-09-18,0.0,0,0.0,-1.1617169322018703,0.0
2023-09-19,0.0003344977569955212,2,-0.00044940154242389697,-1.1618318359872988,-0.00011490378542844404
2023-09-20,0.0011796859041894926,7,-0.0009179999323140598,-1.1611207484729995,0.000711087514299269
2023-09-21,0.00017377702847772274,1,-0.005795355395952268,-1.1658243269081598,-0.004703578435160338
2023-09-22,0.0,0,-0.005639111210677154,-1.1656680827228847,0.00015624418527515616
2023-09-23,0.0,0,-0.005693265497115806,-1.1657222370093234,-5.4154286438734545e-05
2023-09-24,0.0005199972218843162,3,-0.010413439945205175,-1.1699224142355285,-0.004200177226205026
2023-09-25,0.0008865619035100253,5,-0.009569927392955448,-1.1681923397797687,0.0017300744557597891
2023-09-26,0.0,0,-0.010911636672739023,-1.1695340490595523,-0.0013417092797836094
2023-09-27,0.0010494430803800092,6,-0.008428367261924339,-1.1660013365683575,0.0035327124911948005
2023-09-28,0.001712739451228608,10,-0.001481530584668604,-1.1573417604398732,0.008659576128484225
2023-09-29,0.000679278347663161,4,-0.0022740068108111247,-1.1574549583183524,-0.00011319787847918761
2023-09-30,0.00016981627038877755,1,-0.0019137378677026584,-1.1569248731048551,0.0005300852134972889
2023-10-01,0.0014839601017002755,9,2.5631490390812043e-05,-1.1535015436450615,0.0034233294597936226
2023-10-02,0.002563757044741473,16,-0.007449514471549342,-1.1584129325622603,-0.004911388917198778
2023-10-03,0.000993339918528847,6,-0.008303127701517476,-1.1582732058736995,0.00013972668856077064
2023-10-04,0.0009846183026785893,6,-0.004159874683400278,-1.1531453345529037,0.00512787132079584
2023-10-05,0.0009735467554984256,6,-0.00906241738995514,-1.1570743305039604,-0.0039289959510566685
2023-10-06,0.001789851233262765,11,-0.0028326441230491434,-1.1490547060037914,0.00801962450016891
2023-10-07,0.0,0,-0.002606281995279266,-1.1488283438760216,0.00022636212776983022
2023-10-08,0.00016102976106502766,1,-0.0028204504200492475,-1.1488814825397267,-5.31386637050435e-05
2023-10-09,0.0008199226269309328,5,-0.006463728239591022,-1.1517048377323373,-0.002823355192610677
2023-10-10,0.00032819783874319156,2,-0.00938849099925095,-1.154301402653254,-0.002596564920916755
2023-10-11,0.0008504543982715232,5,-0.019220011783541595,-1.1632824690392731,-0.008981066386019032
2023-10-12,0.0003435661469606654,2,-0.021910579942786147,-1.1656294710515571,-0.002347002012283994
2023-10-13,0.0008530014868729393,5,-0.0195373319857437,-1.1624032216076419,0.0032262494439152523
2023-10-14,0.0,0,-0.01976077047131797,-1.1626266600932162,-0.00022343848557437873
2023-10-15,0.0005055815396678408,3,-0.013440047253766262,-1.1558003553359968,0.006826304757219459
2023-10-16,0.005075403517895767,32,-0.0008516968141192812,-1.138136601378454,0.017663753957542827
2023-10-17,0.0014146912300318252,9,-0.0013895089140672791,-1.13725972224837,0.0008768791300839407
2023-10-18,0.0012410150794546363,8,-0.0018010327395507112,-1.136430230994399,0.0008294912539710264
2023-10-19,0.0015593782813167346,10,-6.497486071119137e-05,-1.1331347948342425,0.003295436160156484
2023-10-20,0.0003067959400639794,2,0.0,-1.1327630240334674,0.0003717708007751064
2023-10-21,0.0001659749321417187,1,-0.0003655892042741701,-1.1329626383056,-0.00019961427213255334
2023-10-22,0.0008387858511284198,5,-9.023529363703166e-05,-1.1318484985438342,0.0011141397617657756
2023-10-23,0.008564893423224697,52,-0.009136118582130487,-1.132329488409103,-0.0004809898652688993
2023-10-24,0.01069843458404173,65,-0.0072335038170977806,-1.1197284390600286,0.012601049349074467
2023-10-25,0.004380027498424088,27,-0.00233000710673165,-1.1104449148512383,0.009283524208790306
2023-10-26,0.001138278969205694,7,-0.005024185282948977,-1.11200081405825,-0.0015558992070117128
2023-10-27,0.0011682260410904059,7,-0.007634337096075616,-1.1134427398302864,-0.0014419257720363898
2023-10-28,0.0009858606538974209,6,-0.005737942420022491,-1.1105604845003358,0.002882255329950567
2023-10-29,0.0008125050539237737,5,-0.002115765980923499,-1.106125803007313,0.004434681493022952
2023-10-30,0.0014541876959989584,9,-0.0024830775089511622,-1.1050389268393417,0.001086876167971207
2023-10-31,0.0009735103957554776,6,-0.001526179154653791,-1.1031085180892886,0.0019304087500531253
2023-11-01,0.003492843483238182,22,1.3755256707850242e-05,-1.0980757401946888,0.005032777894599771
2023-11-02,0.0023692117574967927,15,-0.0025784415755547635,-1.0982987252694547,-0.00022298507476592455
2023-11-03,0.0009686384895970293,6,-0.004399081002352557,-1.0991507262066555,-0.0008520009372008364
2023-11-04,0.0009518004521521025,6,-0.0019972679276741862,-1.0957971126798252,0.00335361352683039
2023-11-05,0.0012679116952229374,8,-0.002280701196808339,-1.094812634253736,0.0009844784260890638
2023-11-06,0.00047352336908974596,3,-0.0020103651834845375,-1.0940687748713227,0.0007438593824133921
2023-11-07,0.002030683314412864,13,-0.0004311091685667137,-1.090458835541992,0.003609939329330736
2023-11-08,0.001078950273278335,7,-6.565298330630597e-05,-1.0890144290834531,0.0014444064585388272
2023-11-09,0.003432810922391404,20,-0.004925695453159913,-1.0904416606309155,-0.001427231547462382
2023-11-10,0.002035354088071078,12,-0.0012068974999831156,-1.0846875085896674,0.005754152041248073
2023-11-11,0.0003383390952425928,2,-0.001903690533573205,-1.085045962528015,-0.00035845393834765815
2023-11-12,0.0001698162703887802,1,-0.002343822607490635,-1.0853162783315438,-0.0002703158035286535
2023-11-13,0.0011913936506921165,7,-0.007183785561788296,-1.0889648476351492,-0.0036485693036054645
2023-11-14,0.001213785366658317,7,-0.01952892807931207,-1.1000962047860148,-0.01113135715086555
2023-11-15,0.003723217024279276,22,0.0,-1.0768440596824234,0.023252145103591415
2023-11-16,0.0013933406834284294,8,-0.00981129944734946,-1.0852620184463444,-0.00841795876392104
2023-11-17,0.0024396732026137594,14,-0.005745293103457152,-1.0787563388998385,0.006505679546505938
2023-11-18,0.00051734317543839,3,-0.006050786066891258,-1.0785444886878341,0.00021185021200431642
2023-11-19,0.001188833295982647,7,-0.0009746228685909631,-1.0722794921935512,0.006264996494282915
2023-11-20,0.002682397614097618,16,-0.0006626693937975115,-1.06928514110466,0.002994351088891234
2023-11-21,0.002559312507782941,15,-0.014207751214271137,-1.0802709104173507,-0.010985769312690685
2023-11-22,0.002216171474103275,13,-0.0007812401770249319,-1.064628227906001,0.015642682511349593
2023-11-23,0.000501740201420787,3,-0.0011482347113907672,-1.0644934822389462,0.00013474566705484747
2023-11-24,0.0022974840243984752,14,-0.0017472545637126757,-1.0627950180668697,0.0016984641720765303
2023-11-25,0.00032944018996201586,2,-0.0015393770056318459,-1.0622577003188267,0.000537317748042998
2023-11-26,0.0004991923087086901,3,-0.00345820647672477,-1.063677337481211,-0.0014196371623842463
2023-11-27,0.001182272795259451,7,-0.005060732316821085,-1.0640975905260477,-0.000420253044836727
2023-11-28,0.001315463187329998,8,-0.0013387136558716184,-1.0590601086777682,0.005037481848279457
2023-11-29,0.001143163175871227,7,-0.00115081501658047,-1.057729046862606,0.0013310618151622933
2023-11-30,0.000492917933724204,3,-0.0018372727795821346,-1.0579225866918833,-0.00019353982927738933
2023-12-01,0.0011224791935429634,7,-0.0003714667493162877,-1.0553343014680745,0.0025882852238088283
2023-12-02,0.0009307611891235864,6,-4.395388106205181e-05,-1.0540760274106968,0.0012582740573776618
2023-12-03,0.0004596249590935154,3,0.0,-1.053572448570541,0.0005035788401557273
2023-12-04,0.002131508717641114,13,-0.00045356575482253267,-1.0518945056077227,0.001677942962818424
2023-12-05,0.0029937687850348934,19,0.0,-1.0484471710678651,0.0034473345398575717
2023-12-06,0.0004596249590935037,3,0.0,-1.0479875461087715,0.00045962495909357415
2023-12-07,0.0013914794888286645,9,-0.0004472136714663575,-1.0470432802914094,0.0009442658173621776
2023-12-08,0.0006147407234983132,4,0.0,-1.0459813258964448,0.0010619543949645927
2023-12-09,0.0,0,0.0,-1.0459813258964448,0.0
2023-12-10,0.0,0,0.0,-1.0459813258964448,0.0
2023-12-11,0.006417882263803911,39,-0.012297915973330435,-1.0518613596059714,-0.005880033709526611
2023-12-12,0.0021565712006571857,13,-0.009718602686571801,-1.0471254751185555,0.004735884487415909
2023-12-13,0.002583962628026703,16,-0.0014700782290189697,-1.0362929880329759,0.0108324870855796
2023-12-14,0.0027031889459134886,17,-0.0010947672666306559,-1.033214488124674,0.0030784999083017794
2023-12-15,0.00047832414953732276,3,-0.008366885077154362,-1.0400082817856604,-0.006793793660986314
2023-12-16,0.0009674324981211889,6,-0.005436276766545927,-1.0361102409769307,0.003898040808729686
2023-12-17,0.001136976020791442,7,-0.01486531807744038,-1.0444023062670336,-0.008292065290102846
2023-12-18,0.0028122594019275634,17,-0.0027323890361069204,-1.0294571178237726,0.014945188443260982
2023-12-19,0.002224709387306592,14,-0.005452902659365355,-1.0299529220597243,-0.0004958042359517467
2023-12-20,0.002478729252480192,16,0.00011177936125528799,-1.0219095107866236,0.008043411273100709
2023-12-21,0.0010732168392214591,7,0.0,-1.0209480733086573,0.0009614374779662871
2023-12-22,0.0006113160761181039,4,0.0,-1.0203367572325392,0.0006113160761180847
2023-12-23,0.00030679594006397773,2,0.0,-1.0200299612924753,0.00030679594006399746
2023-12-24,0.0007814568909385698,5,-0.0012863739525525025,-1.0205348783540893,-0.0005049170616140408
2023-12-25,0.0010835681668517178,7,5.287786473752534e-06,-1.0181596484482112,0.002375229905878129
2023-12-26,0.0014456855219476413,9,-0.0037698131237109585,-1.0204890638364483,-0.002329415388237166
2023-12-27,0.0018802205503854785,12,-8.899228149521408e-05,-1.0149280224438473,0.005561041392601052
2023-12-28,0.0009354918822826633,6,-0.0034225820301427385,-1.0173261203102122,-0.002398097866364912
2023-12-29,0.002255861484401154,14,-0.007033255274673792,-1.018680932070342,-0.0013548117601298593
2023-12-30,0.0011308981231571724,7,-0.006533834166551088,-1.0170506128390622,0.0016303192312798753
2023-12-31,0.0008015425966681982,5,-0.005195834002244291,-1.0149110700780872,0.002139542760974944
2024-01-01,0.0017263997318236076,11,0.0,-1.0079888363440195,0.006922233734067751
2024-01-02,0.0015091003539222725,9,-0.002630864394933664,-1.009110600385031,-0.001121764041011497
2024-01-03,-0.030258248430962142,31,1.5729899438520325e-05,-1.0367222545216208,-0.027611654136589836
2024-01-04,0.0010743547412264034,7,0.0,-1.035663629679833,0.0010586248417878696
2024-01-05,0.0004619117044687989,3,0.0,-1.035201717975364,0.00046191170446885366
2024-01-06,0.0,0,0.0,-1.035201717975364,0.0
2024-01-07,0.0,0,0.0,-1.035201717975364,0.0
2024-01-08,0.003376226075358398,21,-0.00025003343877894133,-1.0320755253387845,0.003126192636579539
2024-01-09,0.00701868016660191,44,-0.0037132334051773203,-1.028520045138581,0.0035554802002035757
2024-01-10,0.012455357150761688,77,-0.001597108356557958,-1.0139485629392,0.01457148219938098
2024-01-11,0.005350455385971227,34,-0.0032082418767632992,-1.0102092410734342,0.0037393218657657545
2024-01-12,0.0032037375982256447,19,-0.051520174502733655,-1.0553174361011788,-0.045108195027744546
2024-01-13,0.00035572572627579703,2,-0.05007338058818106,-1.0535149164603503,0.0018025196408284483
2024-01-14,0.0,0,-0.07480677260214952,-1.0782483084743189,-0.024733392013968514
2024-01-15,0.0005322123833239685,3,-0.057542127169144294,-1.0604514506579896,0.017796857816329226
2024-01-16,0.0014160362101346543,8,-0.04395376131506503,-1.0454470485937757,0.01500440206421394
2024-01-17,0.0,0,-0.05166715954186162,-1.0531604468205722,-0.0077133982267965084
2024-01-18,0.0,0,-0.08378217125839629,-1.085275458537107,-0.03211501171653475
2024-01-19,-0.09967081310803884,10,-0.0006354260669759181,-1.1017995264537253,-0.016524067916618312
2024-01-20,0.00015862954388390607,1,-0.0005027301573193196,-1.1015082010001847,0.0002913254535406029
2024-01-21,0.00015862954388390607,1,-0.0009175975906174567,-1.1017644388895989,-0.00025623788941420145
2024-01-22,0.0033252331308117108,20,-0.01973996599217003,-1.1172615741603396,-0.015497135270740703
2024-01-23,0.003656432454794781,21,-0.01486230897048857,-1.1087274846838633,0.00853408947647627
2024-01-24,0.0020313676143130584,12,-0.01246596840555748,-1.1042997765046192,0.004427708179244094
2024-01-25,0.000679278347663182,4,-0.013931165442971561,-1.10508569519437,-0.0007859186897507531
2024-01-26,0.0029351039525043364,18,-0.0007701378521393597,-1.0889895636510336,0.016096131543336334
2024-01-27,0.0006357239956652728,4,-4.906334868563557e-05,-1.0876327651519144,0.0013567984991191828
2024-01-28,0.0009354017706716784,6,-0.0014753876760979809,-1.088123687708655,-0.0004909225567406583
2024-01-29,0.001397268425644353,9,0.0,-1.0852510316069128,0.0028726561017422547
2024-01-30,0.0,0,0.0,-1.0852510316069128,0.0
2024-01-31,0.0009192499181870284,6,-8.122077342887108e-05,-1.0844130024621548,0.0008380291447580568
2024-02-01,0.00138805500001901,9,0.0,-1.082943726688707,0.001469275773447798
2024-02-02,0.00015282901902952833,1,0.0,-1.0827908976696774,0.00015282901902957668
2024-02-03,0.0,0,0.0,-1.0827908976696774,0.0
2024-02-04,0.0006135918801279717,4,-7.78443975676124e-05,-1.082255150187117,0.0005357474825604669
2024-02-05,0.0006135918801279717,4,6.96610228712595e-05,-1.0814940528865502,0.0007610973005667265
2024-02-06,0.00015282901902952833,1,0.0,-1.0814108848903918,8.316799615837311e-05
2024-02-07,0.0,0,0.0,-1.0814108848903918,0.0
2024-02-08,0.0013066534055753407,8,-0.000391511661931108,-1.0804957431467477,0.0009151417436441545
2024-02-09,0.0018780461195721844,12,0.0,-1.0782261853652444,0.002269557781503284
2024-02-10,0.00015282901902952855,1,0.0,-1.0780733563462148,0.00015282901902957668
2024-02-11,0.0,0,0.0,-1.0780733563462148,0.0
2024-02-12,0.0009870907046091097,6,-0.00028169477884262654,-1.0773679604204485,0.00070539592576635
2024-02-13,0.002344276536650325,14,-0.0007028168564234134,-1.0754448059613788,0.0019231544590696537
2024-02-14,0.0036411494270554606,23,-4.1121751826020034e-06,-1.0711049518530826,0.004339854108296182
2024-02-15,0.002620961094395854,17,-0.00031843369270287945,-1.068798312276207,0.002306639576875602
2024-02-16,0.0015397020344408447,10,-4.421338671514574e-05,-1.0669843899357785,0.001813922340428542
2024-02-17,0.0012619976985627,8,-0.000804241584140512,-1.0664824204346413,0.0005019695011372338
2024-02-18,0.0012409483151103779,8,-3.121747241606176e-05,-1.0644684480078064,0.0020139724268348758
2024-02-19,0.0007664208991575033,5,-0.0005206981199420631,-1.064191507756175,0.0002769402516313857
2024-02-20,0.0021706386930265523,14,0.0,-1.0615001709432064,0.0026913368129686255
2024-02-21,0.0017367036989334313,11,-0.00037724735393392073,-1.0601407145982067,0.0013594563449996766
2024-02-22,0.0012490682415536012,8,-0.001960334372350246,-1.0604747333750695,-0.0003340187768627878
2024-02-23,0.0012702305767765744,8,-0.004601324963190953,-1.0618454933891335,-0.0013707600140639986
2024-02-24,0.0007884516414982732,5,-0.0010192412112182136,-1.0574749579956626,0.004370535393470876
2024-02-25,0.0003113914721159228,2,-0.0005551806079194838,-1.056699505920248,0.0007754520754146288
2024-02-26,0.0010893796330715426,7,-0.0003322019878091745,-1.055387147667066,0.0013123582531819888
2024-02-27,0.006006731909584532,38,-0.0005840563029266624,-1.049632270072599,0.005754877594466912
2024-02-28,0.011818300328169303,73,-0.0012854997610161874,-1.0385154132025192,0.011116856870079905
2024-02-29,0.009013098168632787,57,-0.006519952550750533,-1.0347367678236208,0.003778645378898382
2024-03-01,0.0031669788700370224,20,-0.0014261834943931281,-1.0264760198972265,0.008260747926394307
2024-03-02,0.0006333355442546427,4,-0.002614118378340505,-1.0270306192369192,-0.0005545993396927074
2024-03-03,0.0014183076886728303,9,-3.93350260878974e-05,-1.0230375281959936,0.0039930910409256
2024-03-04,0.004647892927329074,29,0.00014144304906506933,-1.0182088571935115,0.004828671002482077
2024-03-05,0.011173705508718558,67,-0.027345406955328614,-1.0345220016891867,-0.016313144495675225
2024-03-06,0.010515397277606482,63,-0.00849276928573749,-1.0051539667419889,0.029368034947197863
2024-03-07,0.00293673189693153,18,-0.004614515039996284,-0.9983389805993163,0.006814986142672619
2024-03-08,0.007013046114907174,44,-0.003085924975276366,-0.9897973444196891,0.00854163617962711
2024-03-09,0.0003172590877678098,2,-0.0024006102096156634,-0.9887947705662606,0.0010025738534285011
2024-03-10,0.0018649582872128933,12,-0.0007650134635278796,-0.9852942155329599,0.003500555033300712
2024-03-11,0.002370324469524384,15,0.0,-0.9821588775999077,0.003135337933052207
2024-03-12,0.0010778123712734404,7,0.0,-0.9810810652286343,0.0010778123712734677
2024-03-13,0.0014976151445167617,9,-0.00017759892882881394,-0.9797610490129464,0.0013200162156878914
2024-03-14,0.00483437525913012,28,-0.004464208360391209,-0.9792132831853786,0.0005477658275677699
2024-03-15,0.0022730649425534524,13,-0.01560017726609492,-0.988076187148529,-0.00886290396315037
2024-03-16,-0.05071392242516826,5,-0.0011072597858828726,-1.0242971920934851,-0.03622100494495617
2024-03-17,0.004978279439284089,31,-9.27287348676895e-05,-1.018304381603186,0.005992810490299094
2024-03-18,0.004076379092686144,26,-0.00152251643937063,-1.0156577902150028,0.0026465913881832392
2024-03-19,0.010188722933247912,60,-0.04997109545753687,-1.0539176462999211,-0.03825985608491833
2024-03-20,0.01136312252454946,67,-0.0009936919431761762,-0.993577120261011,0.06034052603891016
2024-03-21,0.004021868946779035,25,-0.012069868683380378,-1.0006314280544362,-0.007054307793425196
2024-03-22,0.004440750096462603,26,-0.02734839975199926,-1.0114692090265924,-0.010837780972156263
2024-03-23,0.0023610313870096487,14,-0.026167311472645557,-1.007927089360229,0.003542119666363419
2024-03-24,0.0036359978238376892,22,-0.0027737787298464356,-0.9808975587935922,0.027029530566636817
2024-03-25,0.002042362716504627,13,0.0,-0.9760814173472412,0.004816141446351008
2024-03-26,0.0,0,0.0,-0.9760814173472412,0.0
2024-03-27,0.0007641450951476276,5,0.0,-0.9753172722520935,0.0007641450951476614
2024-03-28,0.0,0,0.0,-0.9753172722520935,0.0
2024-03-29,0.0,0,0.0,-0.9753172722520935,0.0
2024-03-30,0.0,0,0.0,-0.9753172722520935,0.0
2024-03-31,0.0,0,0.0,-0.9753172722520935,0.0
2024-04-01,0.0009226636242018157,6,0.0,-0.9743946086278917,0.0009226636242017916
2024-04-02,0.005043419077877239,31,-0.008551915259817595,-0.9779031048098321,-0.0035084961819403793
2024-04-03,0.0027793443659289594,17,-0.0057821351285646345,-0.9723539803126502,0.005549124497181923
2024-04-04,0.0034628009979933722,22,4.503665962626514e-05,-0.9630640075264659,0.009289972786184264
2024-04-05,0.003472594503090855,22,-0.00103737875312572,-0.960673828436127,0.0023901790903388953
2024-04-06,0.0010846946487006414,7,0.0,-0.9585517550343007,0.002122073401826352
2024-04-07,0.0,0,0.0,-0.9585517550343007,0.0
2024-04-08,0.0016572774832832485,10,-0.0014952323833610868,-0.9583897099343786,0.00016204509992212568
2024-04-09,0.002430942339552546,14,-0.012498322557718343,-0.9669618577691832,-0.008572147834804644
2024-04-10,0.0028009708376654538,16,-0.004809846385585776,-0.9564724107593852,0.010489447009798036
2024-04-11,0.0017060431823620573,10,-0.0078581808857788,-0.9578147020772162,-0.0013422913178310347
2024-04-12,0.0008596853447864008,5,-0.03134465143824053,-0.9804414872848914,-0.02262678520767525
2024-04-13,-0.047769395383733246,42,-0.002899854973700448,-0.9997660862040847,-0.019324598919193248
2024-04-14,0.009081113109299696,54,1.0463368004941185e-05,-0.9877746547530796,0.011991431451005119
2024-04-15,0.005170398908999074,31,-0.013247352958161939,-0.9958620721702474,-0.008087417417167786
2024-04-16,0.006566890418397884,38,-0.010409743489650684,-0.9864575722833383,0.009404499886909057
2024-04-17,0.002951269721976538,17,-0.0337714004699984,-1.0068679595417094,-0.020410387258371077
2024-04-18,0.004502845883334003,26,-0.012823418168983833,-0.9814171313573608,0.02545082818434863
2024-04-19,0.007428472876283556,44,-0.010307319028501993,-0.9714725593405954,0.009944572016765352
2024-04-20,0.0015066162306491505,9,-0.0037384566928999924,-0.9633970807743442,0.008075478566251237
2024-04-21,0.0013140584926406237,8,-0.003938953635260921,-0.9622835192240644,0.0011135615502797513
2024-04-22,0.0020887538257018446,13,-9.13785629180196e-05,-0.9563471903260197,0.00593632889804474
2024-04-23,0.0006345297699599383,4,-0.0004575942972869494,-0.9560788762904288,0.0002683140355909108
2024-04-24,0.0011424338090560468,7,-0.008004421422341325,-0.962483269606427,-0.006404393315998291
2024-04-25,0.0021807348304269604,13,-0.007045784053479693,-0.9593438974071384,0.0031393721992886148
2024-04-26,0.0016788653447531673,10,-0.011576571481431413,-0.9621958194903371,-0.0028519220831986214
2024-04-27,0.001029378257984933,6,-0.013633081708275744,-0.9632229514591965,-0.001027131968859396
2024-04-28,0.0008465207920884247,5,-0.01668124391060835,-0.9654245928694406,-0.0022016414102441484
2024-04-29,0.0019037493678025832,11,-0.010916633292563377,-0.9577562328835931,0.007668359985847473
2024-04-30,0.0008426794538413561,5,-0.044991402453479254,-0.9909883225906676,-0.033232089707074475
2024-05-01,-0.07505601398552715,41,-0.002156064772282088,-1.0232089988949975,-0.0322206763043299
2024-05-02,0.0027785087835554083,17,-0.000420901112878534,-1.0186953264520386,0.00451367244295886
2024-05-03,0.0018909775547668014,12,0.0,-1.0163834477843932,0.002311878667645484
2024-05-04,0.0009908302442074575,6,-0.0006128351988411137,-1.0160054527390268,0.00037799504536639716
2024-05-05,0.0016573412449418326,10,-0.0004701883827994317,-1.0142054646780432,0.0017999880609835817
2024-05-06,0.002463719540559006,15,-0.004827184111491366,-1.0160987408661761,-0.001893276188132953
2024-05-07,0.002166597790362801,13,-0.009461780353673867,-1.0185667393179958,-0.002467998451819664
2024-05-08,0.0015440945388832687,9,-0.01812081635856784,-1.0256816807840063,-0.007114941466010549
2024-05-09,0.0027808754332168026,16,-0.005097791937354907,-1.0098777809295767,0.01580389985442965
2024-05-10,0.002079372557929045,12,-0.02217934711506787,-1.0248799635493606,-0.015002182619783921
2024-05-11,0.0005308361772342537,3,-0.02191087113382169,-1.02408065139088,0.000799312158480614
2024-05-12,0.0008810857501113525,5,-0.015543329974394792,-1.0168320244813418,0.007248626909538203
2024-05-13,0.002065767077750861,12,-0.005830149888368805,-1.005053077317565,0.01177894716377681
2024-05-14,0.00191025491918187,11,-0.014895146257139735,-1.0122078187671542,-0.007154741449589164
2024-05-15,0.004106858769066784,25,-0.00013779719140791992,-0.9933436109323555,0.018864207834798696
2024-05-16,0.001265580879863631,8,-0.0020438961370252712,-0.9939841289981092,-0.0006405180657537146
2024-05-17,0.0017122187267354433,11,-2.8539524813148553e-06,-0.9902308680868298,0.003753260911279366
2024-05-18,0.00046076286109842377,3,-8.401427549949012e-05,-0.9898512655487496,0.0003796025380802259
2024-05-19,0.0009250053935452446,6,-0.000975040599989609,-0.9898172864796945,3.3979069055112276e-05
2024-05-20,0.0012474619981961877,8,2.264624034407032e-07,-0.9875945574191053,0.002222729060589179
2024-05-21,0.002016198282369853,12,-0.0032958017553616197,-0.9888743873545004,-0.0012798299353951048
2024-05-22,0.001887660685843952,11,-0.007200966680126491,-0.9908918915934213,-0.0020175042389208864
2024-05-23,0.0015844919061369078,9,-0.01587571889364073,-0.9979821519007986,-0.007090260307377361
2024-05-24,0.0005294743066246274,3,-0.011619924180241197,-0.9931968828807745,0.004785269020024185
2024-05-25,0.000522678843394009,3,-0.007105668279960578,-0.9881599481371,0.005036934743674504
2024-05-26,0.00017377702847773082,1,-0.011921430348348522,-0.99280193317701,-0.00464198503991009
2024-05-27,0.0019010134338670807,11,-0.006374939246771197,-0.9853544286415657,0.007447504535444294
2024-05-28,0.0015938990732725898,9,-0.012699988808905303,-0.9900855791304273,-0.004731150488861524
2024-05-29,0.0007087133758522507,4,-0.01860196135178739,-0.9952788382974571,-0.00519325916702984
2024-05-30,0.0010576008552884383,6,-0.012940642741849792,-0.9885599188322312,0.006718919465225959
2024-05-31,0.0008797095440216313,5,-0.019568001495280374,-0.9943075680416401,-0.005747649209408956
2024-06-01,0.0,0,-0.017618561533088824,-0.9923581280794486,0.001949439962191546
2024-06-02,0.0003557257262758023,2,-0.017629046089401093,-0.992012886909485,0.0003452411699635949
2024-06-03,0.002267383985543027,13,-0.009929649669297184,-0.9820461065038381,0.009966780405646913
2024-06-04,0.0015442298924829019,9,-0.002041949926322821,-0.9726141768683807,0.009431929635457359
2024-06-05,0.0008349447098427829,5,-0.0007077579721014382,-0.9704450402043165,0.002169136664064153
2024-06-06,0.0005004726891372503,3,-0.0013088596893628263,-0.9705456692324407,-0.00010062902812413288
2024-06-07,0.0020450612930082283,12,-0.006264356486990071,-0.9734561047370598,-0.0029104355046191133
2024-06-08,0.0,0,-0.006488076373317593,-0.9736798246233873,-0.0002237198863275225
2024-06-09,0.0003448863298577419,2,-0.0050635641030125494,-0.9719104260232245,0.001769398600162786
2024-06-10,0.00034356614696067574,2,-0.0058623949304488525,-0.9723656907037002,-0.00045526468047563107
2024-06-11,0.00017377702847773082,1,-0.021508245985951968,-0.9878377647307255,-0.015472074027025329
2024-06-12,0.0020976091934690596,12,-0.013633494104476904,-0.9778654036557815,0.009972361074944036
2024-06-13,0.0003557257262758023,2,-0.025348480775489145,-0.9892246646005178,-0.011359260944736382
2024-06-14,0.0,0,-0.03107656537950875,-0.9949527492045375,-0.005728084604019634
2024-06-15,0.0,0,-0.02962879046368115,-0.9935049742887099,0.0014477749158275932
2024-06-16,0.0,0,-0.026103875763048397,-0.9899800595880771,0.003524914700632764
2024-06-17,0.0,0,-0.027459563834126722,-0.9913357476591554,-0.0013556880710783314
2024-06-18,-0.04666246039795067,2,5.2468402217456633e-05,-1.010486175820762,-0.019150428161606503
2024-06-19,0.0006453369762455958,4,-0.00030314168368641113,-1.0101964489304203,0.0002897268903416794
2024-06-20,0.001123673066292589,7,-0.0026604361774976116,-1.0114300703579386,-0.0012336214275183721
2024-06-21,0.001662334857294633,10,-0.005617045298728534,-1.012724344621875,-0.001294274263936357
2024-06-22,0.0001647200949810059,1,-0.0050724372872442205,-1.0120150165154096,0.0007093281064654011
2024-06-23,0.0,0,-0.011341287702227218,-1.0182838669303926,-0.00626885041498304
2024-06-24,0.0017623404337947272,10,-0.04161805160743113,-1.0467982904018018,-0.0285144234714092
2024-06-25,0.0017608237422618955,10,-0.02401048064726257,-1.0274298956993713,0.01936839470243057
2024-06-26,0.0007032513351023606,4,-0.035263054521805406,-1.0379792182388117,-0.010549322539440409
2024-06-27,0.0012327256417269915,7,-0.024995703245509572,-1.0264791413207888,0.011500076918022906
2024-06-28,0.0005280981005349039,3,-0.04111473141710751,-1.0420700713918518,-0.015590930071063047
2024-06-29,0.0,0,-0.033634115801939625,-1.034589455776684,0.007480615615167885
2024-06-30,0.0015682041496207528,9,-0.014777365229184596,-1.014164501054308,0.02042495472237582
2024-07-01,0.0011822860613675168,7,-0.013686149689042313,-1.0118909994527985,0.002273501601509631
2024-07-02,0.0006884933093760506,4,-0.020407085005868596,-1.0179234414602487,-0.006032442007450234
2024-07-03,0.0005253884719644572,3,-0.04404973925438055,-1.0410407072367962,-0.02311726577654749
2024-07-04,-0.07614070234915309,19,-0.0037407631589893376,-1.0768724334905582,-0.035831726253761964
2024-07-05,0.004841538912348278,28,-0.006404651439563523,-1.074694782858784,0.0021776506317741084
2024-07-06,0.0020173717534585412,12,-0.00030947338496273665,-1.0665822330507246,0.008112549808059422
2024-07-07,0.0015117520033794789,9,-0.011269339907673117,-1.0760303475700557,-0.00944811451933103
2024-07-08,0.008055638782359223,47,-0.005883877664122746,-1.0625892465441462,0.013441101025909452
2024-07-09,0.0035085198592823916,21,-0.0005562627614412757,-1.0537531117821823,0.008836134761963876
2024-07-10,0.0026024167061654544,16,-0.004925383761176069,-1.0555198160757517,-0.0017667042935693988
2024-07-11,0.0032638210753947764,20,-0.007286400530304237,-1.054617011769485,0.000902804306266658
2024-07-12,0.0019956413496070523,12,-0.003949504998005185,-1.0492844748875791,0.005332536881905936
2024-07-13,0.0012884052799998105,8,-0.0006055357554885542,-1.0446521003650628,0.004632374522516303
2024-07-14,0.0017121178480273527,11,0.0,-1.042334446761547,0.002317653603515879
2024-07-15,0.0013054477740969505,8,-9.17929087436243e-06,-1.0410381782783242,0.001296268483222729
2024-07-16,0.003913045634343574,24,-0.0002570840877360454,-1.0373730374408425,0.0036651408374817063
2024-07-17,0.0020778851620149334,13,-0.005161047534956938,-1.0401991157260484,-0.0028260782852058686
2024-07-18,0.001782446313718417,11,-0.005699495284264987,-1.0389551171616382,0.0012439985644101537
2024-07-19,0.0028753864327465874,18,0.0,-1.0303802354446265,0.008574881717011706
2024-07-20,0.0006147297821329249,4,0.0,-1.0297655056624937,0.000614729782132839
2024-07-21,0.0010766524279671552,7,0.0,-1.0286888532345266,0.001076652427967062
2024-07-22,0.0001528290190295362,1,0.0,-1.028536024215497,0.00015282901902957668
2024-07-23,0.0013846083113374585,9,-0.0008722705434754193,-1.028023686447635,0.00051233776786197
2024-07-24,0.001710991045958363,11,-0.002372292265367828,-1.0278127171235691,0.00021096932406594604
2024-07-25,0.0020827214213835557,13,-0.001094803584792642,-1.0244525070216104,0.0033602101019587494
2024-07-26,0.0006181874121799241,4,0.0,-1.0227395160246378,0.001712990996972641
2024-07-27,0.0,0,0.0,-1.0227395160246378,0.0
2024-07-28,0.0,0,0.0,-1.0227395160246378,0.0
2024-07-29,0.0013905708060210759,8,-0.008858943958583707,-1.0302078891772004,-0.007468373152562657
2024-07-30,0.0008893143156894961,5,-0.012394894671638509,-1.0328545255745658,-0.0026466363973653984
2024-07-31,0.0007114514525515969,4,-0.022708908757458353,-1.042457088207834,-0.009602562633268086
2024-08-01,-0.03370166289962051,16,-1.1912825562738211e-05,-1.0534617551755587,-0.011004666967724841
2024-08-02,0.005628619004942494,35,-0.018546417417740026,-1.0663676407627936,-0.012905885587234822
2024-08-03,0.002768729334226841,16,-0.026520450050252043,-1.0715729440610786,-0.005205303298285058
2024-08-04,0.0006991655004421754,4,-0.06089944697519091,-1.1052527754855752,-0.0336798314244966
2024-08-05,-0.12315919261857333,148,-0.004143481186595785,-1.1716560023155533,-0.06640322682997812
2024-08-06,0.009884183595319045,60,-0.0014879490185690963,-1.1591162865522078,0.01253971576334556
2024-08-07,0.005845125795647689,36,-0.01150244778815641,-1.1632856595261474,-0.0041693729739396
2024-08-08,0.005910042069788386,37,-0.0018273585883732497,-1.1477005282565758,0.015585131269571617
2024-08-09,0.004713777505570497,28,-0.005402138098582838,-1.1465615302612149,0.0011389979953608798
2024-08-10,0.0013354173989800016,8,-0.004917736671944473,-1.1447417114355964,0.0018198188256184356
2024-08-11,0.0022257605860160623,13,-0.02116105537678186,-1.1587592695544178,-0.014017558118821327
2024-08-12,0.00660050851616383,38,-0.015143693179974452,-1.1461413988414466,0.012617870712971158
2024-08-13,0.003925055449241228,23,-0.006812142796540072,-1.133884793008771,0.012256605832675627
2024-08-14,0.0025521319210931757,15,-0.023277845938457883,-1.1477983642295957,-0.013913571220824705
2024-08-15,0.002625750077612953,15,-0.03644438048773127,-1.158339148701256,-0.010540784471660292
2024-08-16,0.0019360049838900977,11,-0.021188723031822655,-1.1411474862614572,0.01719166243979875
2024-08-17,0.0005199972218843293,3,-0.014973690981111822,-1.134412456988862,0.006735029272595172
2024-08-18,0.0008569485643101241,5,-0.026230435083800678,-1.1448122525272408,-0.010399795538378775
2024-08-19,0.002116563581186482,12,-0.01549969552843692,-1.1319649493906907,0.012847303136550137
2024-08-20,0.002741200526076631,16,-0.019701994803452985,-1.1334260481396299,-0.0014610987489391825
2024-08-21,0.0030536671917588574,18,-0.003827403587365209,-1.1144977897317832,0.018928258407846732
2024-08-22,0.0013443673907962796,8,-0.008183465364207722,-1.1175094841178295,-0.0030116943860463152
2024-08-23,0.004497561532305052,28,-8.52699007221539e-05,-1.1049137271220388,0.01259575699579063
2024-08-24,0.0007721322919129856,5,0.00010160241332496798,-1.1039547225160788,0.0009590046059599899
2024-08-25,0.0004607628610984384,3,-1.9628677835707542e-05,-1.1036151907461411,0.0003395317699377287
2024-08-26,0.0006239428875381688,4,-0.0031290851188449063,-1.106100704299612,-0.0024855135534709305
2024-08-27,0.0022157823051079098,13,-0.02970192291904848,-1.1304577597947079,-0.024357055495095814
2024-08-28,0.0038326826527858614,22,-0.034263880097234835,-1.1311870343201083,-0.0007292745254003918
2024-08-29,0.0020603465767606833,12,-0.030072018847182483,-1.1249348264932955,0.0062522078268127945
2024-08-30,0.002449221078023912,14,-0.032657079553608206,-1.1250706661216974,-0.00013583962840191255
2024-08-31,0.00017377702847772947,1,-0.034477008115042555,-1.1267168176546538,-0.0016461515329564413
2024-09-01,0.0007086990403721492,4,-0.057664606432742016,-1.149195716931981,-0.02247889927732727
2024-09-02,0.0012354637184263286,7,-0.03263259491413431,-1.122928241694947,0.026267475237033988
2024-09-03,0.0006951220083228789,4,-0.05493232375287179,-1.1445328485253616,-0.02160460683041454
2024-09-04,0.00017786286313790028,1,-0.047829741182081054,-1.1372524030914328,0.007280445433928806
2024-09-05,0.0,0,-0.0741559102861835,-1.1635785721955354,-0.02632616910410257
2024-09-06,-0.09269173935967577,17,-0.002494070779230832,-1.1846084720482586,-0.02102989985272319
2024-09-07,0.0006715564718095712,4,-0.0014377083876427272,-1.1828805531848607,0.0017279188633978482
2024-09-08,0.0016699793076176356,10,-0.00017719360767939565,-1.1799500590972798,0.002930494087580948
2024-09-09,0.004017589438410656,25,-0.000667879306558074,-1.1764231553577478,0.003526903739532017
2024-09-10,0.0021660090528439696,14,0.0,-1.1735892669983459,0.0028338883594019038
2024-09-11,0.0029906621600071424,19,-0.00016843627821280696,-1.1707670411165516,0.0028222258817942603
2024-09-12,0.000918112016182125,6,0.0,-1.1696804928221567,0.0010865482943949178
2024-09-13,0.0,0,7.442779276451474e-05,-1.1696060650293922,7.442779276445322e-05
2024-09-14,0.0003357652692790725,2,-0.00043754568464840753,-1.169782273237526,-0.000176208208133799
2024-09-15,0.0005094884084888601,3,-0.0027965584793954953,-1.1716317976237842,-0.0018495243862581834
2024-09-16,0.001225929737428216,7,-0.0076091853974559025,-1.1752184948044164,-0.0035866971806322034
2024-09-17,0.0032084787585045086,19,-0.0016189375846120265,-1.1660197682330682,0.009198726571348237
2024-09-18,0.004307068985762042,26,0.00011664880409040747,-1.1599771128586036,0.006042655374464578
2024-09-19,0.0026593901853782663,17,-0.00042175357481833906,-1.1578561250521342,0.00212098780646941
2024-09-20,0.0018533802519320737,12,-0.00012018965611580013,-1.1557011808814996,0.002154944170634554
2024-09-21,0.00030908268543926987,2,-6.268726291262952e-05,-1.1553345958028571,0.0003665850786425118
2024-09-22,0.0013972460641228954,9,0.0,-1.1538746624758216,0.0014599333270355341
2024-09-23,0.0018442002877641227,12,-6.975821869867135e-05,-1.152100220406756,0.0017744420690655183
2024-09-24,0.0013868839567767646,9,0.0,-1.1506435782312807,0.0014566421754753645
2024-09-25,0.0004596249590935173,3,-0.0001976900441515079,-1.1503816433163387,0.00026193491494197474
2024-09-26,0.0004619117044688013,3,0.0,-1.1497220415677183,0.0006596017486204531
2024-09-27,0.0,0,0.0,-1.1497220415677183,0.0
2024-09-28,0.0,0,0.0,-1.1497220415677183,0.0
2024-09-29,0.0,0,0.0,-1.1497220415677183,0.0
2024-09-30,0.0006124539781230487,4,7.978789490454633e-05,-1.1490297996946905,0.0006922418730277435
2024-10-01,0.003339481185123366,21,-0.008323265834444581,-1.1540933722389164,-0.005063572544225847
2024-10-02,0.002748673012840372,17,-0.00938145770235338,-1.152402891093985,0.0016904811449314217
2024-10-03,0.00280157118205442,17,-0.00863003615489485,-1.148849898364472,0.003552992729513038
2024-10-04,0.0019276165791829963,12,-0.002102841845147551,-1.1403950874755417,0.008454810888930187
2024-10-05,0.00015862954388390723,1,-0.0020792657816690575,-1.1402128818681792,0.0001822056073625955
2024-10-06,0.0006286278719090593,4,-0.0004833070990359039,-1.137988295313637,0.002224586554542052
2024-10-07,0.002006242573848486,13,-0.0023807169963267587,-1.1378794626370794,0.0001088326765577019
2024-10-08,0.0015756746100885552,10,-0.0026305009434164847,-1.1365535719740805,0.0013258906629989298
2024-10-09,0.0004807965514678354,3,-0.011450358941316224,-1.1448926334205123,-0.008339061446431817
2024-10-10,0.001492798829374732,9,-0.013829386968215557,-1.145778862618037,-0.0008862291975246794
2024-10-11,0.0019234289392078925,12,-0.0013771220260715398,-1.131403168736685,0.014375693881351959
2024-10-12,0.0006216341008615016,4,-0.00011201924408185911,-1.1295164318538338,0.0018867368828512365
2024-10-13,0.0006251140924299673,4,-0.0006070274155521193,-1.129386325932874,0.00013010592095974438
2024-10-14,0.0006181874121799171,4,-0.0003268684814826217,-1.1284879795866245,0.0008983463462495234
2024-10-15,0.0034809471151929974,21,-0.0008650687023351198,-1.125545232692284,0.0029427468943405977
2024-10-16,0.002419148152187068,15,-0.0005037911712244742,-1.1227648070089862,0.002780425683297727
2024-10-17,0.001301683815265308,8,-0.0008269802460737451,-1.12178631226857,0.0009784947404161137
2024-10-18,0.001432477752395603,9,-0.00029008289431707124,-1.119816937164418,0.0019693751041520713
2024-10-19,0.0,0,-0.00018017903588068404,-1.1197070333059815,0.00010990385843645534
2024-10-20,0.00047235216419795053,3,-6.798632633717756e-05,-1.11912248843224,0.0005845448737415992
2024-10-21,0.0011130621447517962,7,-0.005508368563636528,-1.1234498085247877,-0.004327320092547771
2024-10-22,0.002110474297820639,13,-0.005260394920734022,-1.1210913605840644,0.002358447940723263
2024-10-23,0.0009971553235245225,6,-0.00957573264035539,-1.1244095429801613,-0.003318182396096825
2024-10-24,0.0016164590953295838,10,-0.0021520248191938783,-1.1153693760636703,0.00904016691649101
2024-10-25,0.003100465816851487,19,-0.009379661589640584,-1.1194965470172655,-0.004127170953595272
2024-10-26,0.0006539232755558987,4,-0.006993402914071401,-1.1164563650661405,0.0030401819511249872
2024-10-27,0.0004831012237047545,3,-0.0027937564795440686,-1.1117736174079085,0.004682747658232067
2024-10-28,0.0017204067234883815,11,0.000122906612041572,-1.1071365475928343,0.0046370698150741685
2024-10-29,0.0008192893154312975,5,-0.0009161997795879957,-1.1073563646690325,-0.00021981707619822544
2024-10-30,0.0018589379206381362,11,-0.001793575528631429,-1.1063748024974378,0.0009815621715947298
2024-10-31,0.0013930906916723544,8,-0.011128983183914871,-1.114317119461049,-0.007942316963611251
2024-11-01,0.0022836013833863506,13,-0.016944557893791054,-1.1178490927875386,-0.003531973326489579
2024-11-02,0.00017786286313789697,1,-0.017961985131185167,-1.1186886571617949,-0.000839564374256252
2024-11-03,0.0,0,-0.022985359076841797,-1.1237120311074515,-0.005023373945656662
2024-11-04,0.0,0,-0.03075411699951266,-1.1314807890301224,-0.007768757922670844
2024-11-05,0.001240911423696095,7,-0.01798488919944687,-1.1174706498063605,0.01401013922376193
2024-11-06,0.00956124228307068,58,-0.00046970068273064,-1.0903942190065734,0.027076430799787055
2024-11-07,0.0020411360152395855,13,-0.0004985496138918785,-1.0883819319224952,0.0020122870840781903
2024-11-08,0.001553521771833946,10,-0.00019657838512275542,-1.0865264389218923,0.001855493000602948
2024-11-09,0.0004653583931503662,3,-0.00010828201954720724,-1.0859727841631663,0.00055365475872593
2024-11-10,0.0019876442585715862,12,-0.0009921888254932425,-1.0848690467105409,0.0011037374526254862
2024-11-11,0.00432185395167356,27,-0.0004547413849465251,-1.0800097453183204,0.004859301392220461
2024-11-12,0.010560239623590545,62,-0.002706388315667033,-1.0717011526254503,0.008308592692870098
2024-11-13,0.009198121791636487,56,-0.003739093164529343,-1.063535735682676,0.008165416942774284
2024-11-14,0.007623415644178172,46,-0.018236953797010503,-1.070410180670979,-0.006874444988302919
2024-11-15,0.005304821261957499,32,-0.0021932800331649943,-1.049061685645176,0.021348495025802938
2024-11-16,0.0009637785239481975,6,-0.0032264049136866944,-1.0491310320017495,-6.934635657351862e-05
2024-11-17,0.0009784799860654433,6,-0.005417031604918746,-1.050343178706916,-0.0012121467051664503
2024-11-18,0.004500724672628199,28,-0.004420807636792952,-1.0448462300661618,0.005496948640754118
2024-11-19,0.002365560140639555,15,-0.001682412472136875,-1.0397422747608662,0.0051039553052956155
2024-11-20,0.002315425491322481,15,0.0,-1.035744436797407,0.003997837963459316
2024-11-21,0.0020147472231623843,12,-0.0003197809623515167,-1.034049470536596,0.0016949662608110039
2024-11-22,0.001984245645930475,12,-0.00023452026135869816,-1.0319799641896727,0.0020695063469231556
2024-11-23,0.00033448488885050277,2,-0.0019419521810193087,-1.033352911220483,-0.0013729470308101455
2024-11-24,0.0011823252607269543,7,-0.0014803485549641216,-1.0317089823337007,0.00164392888678222
2024-11-25,0.002568983468849222,15,-0.02275554227287348,-1.050415192582761,-0.018706210249060273
2024-11-26,0.001061686689948577,6,-0.02980184160835557,-1.0563998052282944,-0.005984612645533405
2024-11-27,0.001733976927890165,10,-0.007264299247785011,-1.0321282859398335,0.02427151928846083
2024-11-28,0.0013835605907292952,8,-0.008162039516234832,-1.031642465617554,0.00048582032227950656
2024-11-29,0.0016892661826513411,10,-0.0023435475706480215,-1.024134707489316,0.007507758128238118
2024-11-30,0.0003396325407775501,2,-0.005282461170580776,-1.0267339885484712,-0.0025992810591553006
2024-12-01,0.0006779849021281937,4,-0.003041895059429432,-1.0238154375351918,0.0029185510132794246
2024-12-02,0.0018931171974417732,11,-0.00634204892043685,-1.0252224741987574,-0.001407036663565675
2024-12-03,0.002088131667660565,12,-0.0065217638845505126,-1.0233140574952104,0.0019084167035470223
2024-12-04,0.0025451438712683094,15,-0.0005418913972116341,-1.0147890411366034,0.00852501635860703
2024-12-05,0.00959808656442486,59,-0.0213679380324229,-1.0260170012073897,-0.011227960070786303
2024-12-06,0.004412580750572761,27,-0.007212240138916095,-1.00744872256331,0.018568278644079728
2024-12-07,0.00048430721518055085,3,-0.006853283824618549,-1.0066054590338318,0.0008432635294781665
2024-12-08,0.0009662382724158639,6,-0.0029524154094189535,-1.0017383523462164,0.0048671066876153635
2024-12-09,0.0041967925975545895,25,-0.01972705230987391,-1.0143161966491168,-0.01257784430290032
2024-12-10,0.005295097518189596,31,-0.024319642039470894,-1.0136136888605243,0.000702507788592488
2024-12-11,0.0032973185956819287,20,-0.0029147631622034155,-0.9889114913875748,0.02470219747294944
2024-12-12,0.0020670540747099717,13,-0.006245503422909231,-0.9901751775735707,-0.001263686185995816
2024-12-13,0.0015947372112165303,10,-0.002183586330324942,-0.9845185232697699,0.005656654303800801
2024-12-14,0.0006286278719090399,4,-0.0021939706295245522,-0.9839002796970604,0.0006182435727094537
2024-12-15,0.0013961084823379917,9,0.0,-0.9803102005851979,0.0035900791118624875
2024-12-16,0.0,0,0.0,-0.9803102005851979,0.0
2024-12-17,0.001020217600083745,6,-0.0024676156422324454,-0.9817575986273466,-0.001447398042148662
2024-12-18,0.0015775555163950418,9,-0.027833492026402576,-1.0055459194951217,-0.02378832086777516
2024-12-19,-0.03990444004048606,21,-0.0014063202058189031,-1.0190231877150242,-0.013477268219902472
2024-12-20,0.006458167078760366,38,-0.0006804103971524553,-1.0118391108275973,0.007184076887426949
2024-12-21,0.0014775979280270584,9,-0.0025779599744514105,-1.012259062476869,-0.00041995164927177697
2024-12-22,0.002037993850756165,12,-0.010207436403790314,-1.0178505450554518,-0.005591482578582774
2024-12-23,0.005355843543200754,31,-0.011108608305480886,-1.0133958734139417,0.004454671641510144
2024-12-24,0.0030078147188178244,18,-0.00045631013977435846,-0.9997357605294172,0.013660112884524511
2024-12-25,0.001784773098460378,11,3.50325022819149e-05,-0.9974596447889006,0.00227611574051656
2024-12-26,0.0015044810952949857,9,-0.009441435718641481,-1.005431631914529,-0.0079719871256283
2024-12-27,0.001863004011769604,11,-0.01754240086725865,-1.0116695930513764,-0.006237961136847492
2024-12-28,0.0005160093118895378,3,-0.01195896951284388,-1.0055701523850722,0.00609944066630419
2024-12-29,0.00017648665704816875,1,-0.021027789345167844,-1.014462485560348,-0.008892333175275713
2024-12-30,0.002273997275617946,13,-0.02787239968868092,-1.019033098628243,-0.00457061306789508
2024-12-31,0.0019104766241953915,11,-0.02220264967498229,-1.011452871990349,0.007580226637893928
2025-01-01,0.0012205104802873066,7,-0.015788290551342416,-1.0038180023864218,0.00763486960392723
2025-01-02,0.002863883235740158,17,-0.004950390176977518,-0.9901162187763168,0.01370178361010499
2025-01-03,0.0009871406521228514,6,-0.0018953676154019987,-0.9860740555626185,0.004042163213698324
2025-01-04,0.00016347774376219005,1,-0.001801898980654492,-0.9858171091841088,0.0002569463785097037
2025-01-05,0.0003281978387431933,2,-0.0015131188356045417,-0.9852001312003157,0.0006169779837931211
2025-01-06,0.002523214279823659,16,0.00019343212757491626,-0.9809703659573126,0.004229765243003114
2025-01-07,0.0021030168210297473,13,-0.015790175403364554,-0.9948509566672223,-0.013880590709909768
2025-01-08,0.003109670729411193,18,-0.028336065623596328,-1.004287176158043,-0.00943621949082063
2025-01-09,0.001580279698682404,9,-0.04993721239664385,-1.024308043232408,-0.020020867074365123
2025-01-10,0.0045482047314523094,26,-0.031261684866206146,-1.001084310970518,0.023223732261890007
2025-01-11,0.00034622019340659234,2,-0.03228519650734364,-1.001761602418249,-0.0006772914477308767
2025-01-12,0.0006911202039161189,4,-0.032701519137094986,-1.0014868048440841,0.0002747975741648201
2025-01-13,0.0015749440307268013,9,-0.03277897420866112,-0.9999893158849236,0.0014974889591605756
2025-01-14,0.0027016839061255694,16,-0.018098865385643287,-0.9826075231557801,0.01738179272914342
2025-01-15,0.0024403893892218343,15,-0.001989528261768315,-0.9640577966426833,0.01854972651309683
2025-01-16,0.002728072435599733,17,-0.0031780090936444133,-0.9625182050389597,0.0015395916037236335
2025-01-17,0.001554738026221913,10,0.0,-0.9577854579190934,0.004732747119866265
2025-01-18,0.0,0,0.0,-0.9577854579190934,0.0
2025-01-19,0.0020305701819883152,13,-0.0006925397691644919,-0.9564474275062697,0.0013380304128237652
2025-01-20,0.014574554961882936,87,-0.02030892721203953,-0.9614892599872618,-0.005041832480992103
2025-01-21,0.004686634210296062,27,-0.004406615162920404,-0.9409003137278465,0.02058894625941521
2025-01-22,0.001211117425800416,7,-0.013951376726637054,-0.9492339578657628,-0.008333644137916263
2025-01-23,0.008829232667230244,51,-0.012978157439248137,-0.9394315059111437,0.009802451954619151
2025-01-24,0.0020510509884177322,12,-0.008759744627649018,-0.9331620421111269,0.006269463800016806
2025-01-25,0.00017244316492886832,1,-0.009279999204262923,-0.9335098535228119,-0.0003478114116850506
2025-01-26,0.00017112298203179993,1,-0.019080093883158032,-0.9431388252196752,-0.009628971696863275
2025-01-27,0.00017648665704816875,1,-0.02214531501800127,-0.9460275596974703,-0.0028887344777951407
2025-01-28,0.0017717619364104528,10,-0.02583461746544357,-0.9479451002085021,-0.0019175405110317678
2025-01-29,0.0021125064174864665,12,-0.013813987552146169,-0.9338119638777181,0.014133136330783946
2025-01-30,0.0010294054098907645,6,-0.009380599988143563,-0.9283491709038248,0.0054627929738932934
2025-01-31,0.0010333935336457269,6,-0.02090131620627483,-0.9388364935883103,-0.01048732268448549
2025-02-01,0.00017786286313790022,1,-0.03279477664722961,-0.9505520911661273,-0.011715597577816927
2025-02-02,-0.059254733551903326,8,4.984321842707969e-05,-0.976962204852374,-0.026410113686246683
2025-02-03,0.010157477577602474,61,-6.910978442933054e-05,-0.9669236802776279,0.010038524574746077
2025-02-04,0.004782306655847562,30,-0.008027669997562195,-0.9700999338349132,-0.0031762535572853468
2025-02-05,0.001781155484030436,11,-0.013422932507935765,-0.9737140408612563,-0.0036141070263431274
2025-02-06,0.001634973714919131,10,-0.013745503796950359,-0.9724016384353518,0.0013124024259045797
2025-02-07,0.0032368032084555054,20,-0.01375867441821333,-0.9691780058481592,0.003223632587192604
2025-02-08,0.0003319498642834292,2,-0.01435426824235149,-0.969441649808014,-0.00026364395985478684
2025-02-09,0.0013354429422478373,8,-0.01409355631242388,-0.9678454949358385,0.0015961548721754593
2025-02-10,0.001648555867433053,10,-0.009448390518654277,-0.9615517732746358,0.006293721661202678
2025-02-11,0.0008249807503610776,5,-0.01819519557205048,-0.9694735975776709,-0.007921824303035119
2025-02-12,0.0033376907837905445,20,-0.007462601521538971,-0.9554033127433689,0.01407028483430206
2025-02-13,0.0011644348473185213,7,-0.013446758796328858,-0.9602230351708402,-0.004819722427471307
2025-02-14,0.0011456355778017414,7,-0.008937584353415143,-0.9545682251501247,0.0056548100207154395
2025-02-15,0.00016347774376219764,1,-0.008820599584939581,-0.954287762637887,0.00028046251223778906
2025-02-16,0.0001647200949810036,1,-0.016186809279896318,-0.9614892522378626,-0.007201489599975686
2025-02-17,0.0004991923087086904,3,-0.018240521067499727,-0.9630437717167574,-0.0015545194788947336
2025-02-18,0.001184912955907598,7,-0.018897463306037907,-0.9625158009993879,0.0005279707173694304
2025-02-19,0.0011707228472668339,7,-0.013245540514631199,-0.9556931553607144,0.006822645638673519
2025-02-20,0.000978430780383126,6,-0.005855091782662375,-0.9473242758483624,0.00836887951235199
2025-02-21,0.0014679922291283673,9,-0.015798929134514927,-0.9558001209710866,-0.008475845122724146
2025-02-22,0.0001659749321417146,1,-0.013764053867634114,-0.953599270772064,0.002200850199022608
2025-02-23,0.00016724244442526114,1,-0.015337190195399756,-0.9550051646554044,-0.0014058938833404477
2025-02-24,0.0017048299573095176,10,-0.05392844624348135,-0.9918915907461765,-0.036886426090772084
2025-02-25,-0.10343091903817234,24,-0.0006195438586576842,-1.042013607399525,-0.05012201665334848
2025-02-26,0.006235332177039975,37,-0.018449154195972855,-1.0536078855598003,-0.011594278160275362
2025-02-27,0.004442273546831254,26,-0.016050002835772847,-1.0467664606527691,0.006841424907031213
2025-02-28,0.002783254117051699,16,-0.01845717115218784,-1.0463903748521326,0.0003760858006365275
2025-03-01,0.00152842603429175,9,-0.00838998466076049,-1.0347947623264133,0.011595612525719279
2025-03-02,0.004968782059298694,31,0.0,-1.0214359956063541,0.0133587667200592
2025-03-03,0.005307183826619484,33,-0.012951748277074423,-1.0290805600568091,-0.007644564450455027
2025-03-04,0.010797129402183352,63,-0.007711311181005518,-1.0130429935585568,0.016037566498252387
2025-03-05,0.00687412362319628,43,-0.0004002954961142654,-0.9988578542504694,0.014185139308087402
2025-03-06,0.004679771029306574,30,-0.0013558165848107965,-0.9951336043098592,0.003724249940610158
2025-03-07,0.00989152070110744,61,-0.01132220914902632,-0.9952084761729674,-7.48718631081724e-05
2025-03-08,0.001006015427408688,6,-0.014359136531710195,-0.9972393881282425,-0.002030911955275161
2025-03-09,0.0014133265815642294,8,-0.06392130325298427,-1.0453882282679523,-0.04814884013970977
2025-03-10,-0.09549773714788201,22,-0.001187303356044459,-1.0781519655188947,-0.03276373725094239
2025-03-11,0.0071206733408003585,45,0.0,-1.0698439888220497,0.00830797669684502
2025-03-12,0.0009203987615573853,6,0.0,-1.0689235900604923,0.0009203987615573617
2025-03-13,0.0006251140924299619,4,-0.0002997924363247045,-1.0685982684043869,0.0003253216561054373
2025-03-14,0.0003067959400639815,2,0.0,-1.0679916800279983,0.000606588376388606
2025-03-15,0.0,0,0.0,-1.0679916800279983,0.0
2025-03-16,0.0,0,0.0,-1.0679916800279983,0.0
2025-03-17,0.0,0,0.0,-1.0679916800279983,0.0
2025-03-18,0.0009181120161821061,6,0.0,-1.0670735680118162,0.0009181120161820822
2025-03-19,0.0011556127726441083,7,-3.904617366246302e-05,-1.0659570014128346,0.0011165665989816276
2025-03-20,0.0016613339775035673,10,-0.005949867752860214,-1.0702064890145286,-0.00424948760169408
2025-03-21,0.0015296796773581621,9,-0.006499704891931284,-1.0692266464762417,0.000979842538286979
2025-03-22,0.0,0,-0.007558993914584835,-1.0702859354988952,-0.001059289022653509
2025-03-23,0.0008362765667905772,5,-0.0009395623168200384,-1.0628302273343397,0.00745570816455543
2025-03-24,0.0017679361200540196,11,-0.0010989024435071773,-1.0612216313409728,0.0016085959933669347
2025-03-25,0.0011188136249457026,7,-0.0013382480087364887,-1.0603421632812566,0.0008794680597161708
2025-03-26,0.0012895276670410833,8,-0.0024404674559822207,-1.0601548550614612,0.00018730821979540124
2025-03-27,0.0009686384895970118,6,-0.0017039154759488002,-1.0584496645918309,0.0017051904696303577
2025-03-28,0.0003383390952425962,2,-0.011081678876559857,-1.0674890888971993,-0.009039424305368415
2025-03-29,0.000701861016363821,4,-0.021811146728302352,-1.0775166957325781,-0.010027606835378844
2025-03-30,0.0012218582382481484,7,-0.023663307600765675,-1.0781469983667933,-0.0006303026342151519
2025-03-31,0.0029692591054845236,17,-0.02256004619722049,-1.0740744778577633,0.004072520509029953
2025-04-01,0.002386815013847564,14,-0.007975278257170367,-1.0571028949038657,0.016971582953897668
2025-04-02,0.0044333783982077575,27,-0.023058464437288186,-1.0677527026857758,-0.010649807781910159
2025-04-03,0.0026243586629779727,15,-0.018115726893006532,-1.0601856064785162,0.007567096207259594
2025-04-04,0.004661629696727066,27,-0.014122759750322383,-1.051531009639105,0.008654596839411166
2025-04-05,0.000517343175438402,3,-0.016131238621655122,-1.0530221453349995,-0.00149113569589443
2025-04-06,0.0,0,-0.060240199984650133,-1.0971311066979945,-0.044108961362995025
2025-04-07,-0.06631126559122166,65,-0.0022793223702583547,-1.1054814946748244,-0.008350387976829854
2025-04-08,0.003668244036158722,23,-0.016855995283445363,-1.1163899235518526,-0.010908428877028253
2025-04-09,0.009007716501355479,55,0.0,-1.0905262117670518,0.025863711784800847
2025-04-10,0.0015745931839689605,10,-0.0005384581738027417,-1.0894900767568856,0.0010361350101661948
2025-04-11,0.0009284633438123699,6,0.0,-1.0880231552392703,0.0014669215176152939
2025-04-12,0.0008198857217557153,5,-0.00039054576126239097,-1.087593815278777,0.00042933996049332457
2025-04-13,0.002834464662307319,17,-0.003539665156447649,-1.087908470011655,-0.00031465473287806134
2025-04-14,0.0029737958919125377,18,-0.0013964583879660642,-1.0827914673512609,0.005117002660394165
2025-04-15,0.0013016961157724203,8,-0.005458715849118677,-1.0855520286966411,-0.0027605613453802746
2025-04-16,0.0025024137639744547,15,-0.004058910663177639,-1.0816498097467258,0.0039022189499153814
2025-04-17,0.0009895878929886397,6,-0.0015448189476591919,-1.0781461301382187,0.00350367960850706
2025-04-18,0.0,0,-0.002697748658262624,-1.0792990598488221,-0.0011529297106034342
2025-04-19,0.00032819783874319915,2,-0.001243215719588537,-1.0775163290714047,0.0017827307774174184
2025-04-20,0.00033069502712272024,2,-0.0010043861455709669,-1.0769468044702644,0.0005695246011403476
2025-04-21,0.0026946170033389128,17,-0.000715487818673956,-1.0739632891400286,0.0029835153302357753
2025-04-22,0.0019098695173243052,12,-4.3251508857980366e-05,-1.0713811833128883,0.0025821058271402464
2025-04-23,0.001970504117640734,12,-0.00047330955220451014,-1.069840737238594,0.001540446074294266
2025-04-24,0.00099085540527216,6,-0.0002555538392418182,-1.0686321261203593,0.0012086111182347814
2025-04-25,0.0016188956722536802,10,-0.0005393144199224524,-1.0672969910287862,0.0013351350915731253
2025-04-26,0.00016224769305049914,1,-0.0004586832074152902,-1.0670541121232286,0.00024287890555751979
2025-04-27,0.0004831012237047447,3,-0.0013583542346588709,-1.0674706819267674,-0.0004165698035387688
2025-04-28,0.0016213317144411876,10,-0.00014783489613176884,-1.064638830873799,0.0028318510529683483
2025-04-29,0.0006405010698326762,4,-0.0009028856931089283,-1.0647533806009437,-0.00011454972714464162
2025-04-30,0.0009759706789597203,6,-0.0011793033246894442,-1.0640538275535643,0.0006995530473794531
2025-05-01,0.0011057683718599016,7,-0.0004487635252119865,-1.062217519382227,0.0018363081713372864
2025-05-02,0.0009295568429944327,6,-0.0005516144148855762,-1.0613908134289063,0.0008267059533206833
2025-05-03,0.0,0,-0.002376734300637489,-1.0632159333146582,-0.001825119885751958
2025-05-04,0.00015744691260291543,1,-0.007467596391038294,-1.068149348492456,-0.004933415177797773
2025-05-05,0.0008100205332670269,5,-0.005716551811888303,-1.065588283380039,0.002561065112417049
2025-05-06,0.001279960892729901,8,-0.0006335519996081779,-1.059225322675029,0.006362960705009968
2025-05-07,0.0012455882499851295,8,-0.0004594110078740591,-1.05780559343331,0.0014197292417190699
2025-05-08,0.0011196557269643587,7,-0.0001313353363831856,-1.0563578620348546,0.001447731398455332
2025-05-09,0.0014762813992421407,9,-0.0009853865420532694,-1.0557356318412825,0.0006222301935721042
2025-05-10,0.0006502329416399292,4,6.144484025145815e-05,-1.0540385675173378,0.0016970643239446748
2025-05-11,0.0006453369762455973,4,-6.920849523138871e-05,-1.053523883876575,0.0005146836407627919
2025-05-12,0.002282968597413749,14,-0.004174791015076116,-1.055346497799006,-0.0018226139224308824
2025-05-13,0.0016398707821423317,10,-0.0015830896040582023,-1.0511149256058459,0.00423157219316006
2025-05-14,0.0004892031805748976,3,-0.002789652397182872,-1.0518322852183954,-0.0007173596125495951
2025-05-15,0.0016523205680961212,10,-0.002178503830358793,-1.0495688160834753,0.0022634691349201486
2025-05-16,0.0004879731298632029,3,-0.0028945476453556083,-1.049796886768609,-0.00022807068513364115
2025-05-17,0.00016347774376219743,1,-0.003707191356003162,-1.0504460527354942,-0.0006491659668852456
2025-05-18,0.0019264457136725058,12,0.0,-1.0448124156658185,0.005633637069675679
2025-05-19,0.0017837970419087373,11,-0.0009107441725266728,-1.0439393627964364,0.0008730528693821071
2025-05-20,0.002351253764951447,15,-0.00013031191466501005,-1.0408076767736232,0.003131686022813218
2025-05-21,0.0023153250976382226,15,0.0,-1.03836203976132,0.002445637012303159
2025-05-22,0.0,0,0.0,-1.03836203976132,0.0
2025-05-23,0.00015282901902953234,1,-0.00017139545580822127,-1.0383806061980987,-1.856643677866643e-05
2025-05-24,0.0006124539781230561,4,1.0079655201533574e-06,-1.0375957487986471,0.0007848573994515551
2025-05-25,0.0015419887798161715,10,0.0,-1.036054767984351,0.0015409808142961001
2025-05-26,0.0,0,0.0,-1.036054767984351,0.0
2025-05-27,0.0,0,0.0,-1.036054767984351,0.0
2025-05-28,0.0003079338420689181,2,1.0227549956571128e-05,-1.0357366065923257,0.0003181613920253401
2025-05-29,0.001237568070553021,8,-0.0026674458864851835,-1.0371767119582145,-0.0014401053658887886
2025-05-30,0.0011140246102686116,7,-0.007259751329126898,-1.0406549927905875,-0.003478280832373004
2025-05-31,0.0008112505839787371,5,-0.005333571276099075,-1.037917562153581,0.0027374306370064883
2025-06-01,0.0008003366051924145,5,-0.0025428774958245843,-1.0343265317681138,0.0035910303854671533
2025-06-02,0.0011199959101413541,7,-0.002039122736601691,-1.0327027810987497,0.0016237506693641546
2025-06-03,0.0007872459894037747,5,-0.0031660473839657905,-1.03304245975671,-0.0003396786579603628
2025-06-04,0.00031845331347312973,2,-0.004987625857702985,-1.0345455849169742,-0.0015031251602641849
2025-06-05,0.0018164703988726438,11,-0.01669835063150623,-1.0444398392919048,-0.009894254374930522
2025-06-06,0.001466587901654662,9,-0.006275578717317402,-1.0325504794760614,0.011889359815843381
2025-06-07,0.0004794830745381612,3,-0.002755519814443812,-1.0285509374986495,0.0039995419774119245
2025-06-08,0.0003160764564868251,2,-0.00232955588361204,-1.0278088971113308,0.000742040387318621
2025-06-09,0.0009296012458173005,6,0.0,-1.0245497399819015,0.0032591571294293686
2025-06-10,0.0,0,0.0,-1.0245497399819015,0.0
2025-06-11,0.0,0,0.0,-1.0245497399819015,0.0
2025-06-12,0.0007687076445328005,5,-0.002475416614835,-1.0262564489522037,-0.0017067089703022287
2025-06-13,0.0020910943229451983,13,-0.0015504998277674807,-1.0232404378421909,0.0030160111100128173
2025-06-14,0.00015982376958922185,1,-0.002972763294028597,-1.0245028775388627,-0.0012624396966718354
2025-06-15,0.00047708285735703756,3,-0.002467351754910798,-1.0235203831423878,0.0009824943964749089
2025-06-16,0.0014008381959850075,9,-0.0006300005227146183,-1.0202821937142068,0.003238189428180993
2025-06-17,0.001271795059649856,8,-0.005467724809942737,-1.023848122941785,-0.0035659292275782573
2025-06-18,0.0012894799015250465,8,-0.004361773753856657,-1.0214526919841738,0.0023954309576112998
2025-06-19,0.0008027368223735384,5,-0.005113738747415504,-1.0214019201553592,5.0771828814522024e-05
2025-06-20,0.0008040980648192535,5,-0.009450475906399556,-1.024934559249524,-0.003532639094164791
2025-06-21,0.0006664854574665211,4,-0.014719655373678458,-1.0295372532593363,-0.00460269400981228
2025-06-22,0.0023884924925168974,14,-0.02096271688581263,-1.0333918222789538,-0.0038545690196174487
2025-06-23,0.0034778657530103196,21,-0.003200180171556622,-1.0121514198116874,0.02124040246726633
2025-06-24,0.0007931593138438627,5,-0.0015120611799536196,-1.0096701415062406,0.0024812783054468657
2025-06-25,0.0009330479344988832,6,-0.0001506703668975278,-1.0073757027586854,0.002294438747555194
2025-06-26,0.0007698455465377272,5,-0.0005167267846774475,-1.0069719136299278,0.0004037891287576034
2025-06-27,0.000465347293214453,3,-0.0004232127277567966,-1.0064130522797927,0.0005588613501350537
2025-06-28,0.0,0,-0.00019140428266949745,-1.0061812438347053,0.00023180844508741139
2025-06-29,0.00045962495909352373,3,0.0,-1.0055302145929423,0.0006510292417629682
2025-06-30,0.00015396692103445905,1,-0.00033120561177129974,-1.0057074532836792,-0.00017723869073682508
2025-07-01,0.00015744691260291728,1,-0.002453374708928328,-1.0076721754682334,-0.001964722184554235
2025-07-02,0.0010882307897012084,7,0.0,-1.004130569969604,0.0035416054986294743
2025-07-03,0.0,0,0.0,-1.004130569969604,0.0
2025-07-04,0.00015282901902953234,1,0.0,-1.0039777409505743,0.00015282901902957668
2025-07-05,0.0,0,0.0,-1.0039777409505743,0.0
2025-07-06,0.0,0,0.0,-1.0039777409505743,0.0
2025-07-07,0.00015282901902953234,1,0.0,-1.0038249119315448,0.00015282901902957668
2025-07-08,0.00015282901902953234,1,0.0,-1.0036720829125152,0.00015282901902957668
2025-07-09,0.0,0,0.0,-1.0036720829125152,0.0
2025-07-10,0.0009748737774085298,6,-0.0003615594231595905,-1.0030587685582664,0.0006133143542488284
2025-07-11,0.0012572900262171139,8,-0.0005905163053434653,-1.002030435414233,0.0010283331440332777
2025-07-12,0.00015627570771111648,1,-0.000727381320902928,-1.0020110247220815,1.9410692151611286e-05
2025-07-13,0.0009272591562537305,6,-1.7587910981090408e-05,-1.000373972155906,0.001637052566175523
2025-07-14,0.0001528290190295267,1,0.0,-1.0002035552258952,0.00017041693001074165
2025-07-15,0.0017308241624039728,11,-0.0010138788235500183,-0.9994866098870412,0.0007169453388540248
2025-07-16,0.0018453711724358154,12,-0.0001798977644188096,-0.9968072576554743,0.0026793522315669005
2025-07-17,0.0015408399364457348,10,0.0,-0.9950865199546097,0.0017207377008645608
2025-07-18,0.0009319100324939361,6,-0.0008029087262414338,-0.9949575186483572,0.0001290013062524853
2025-07-19,0.0,0,-0.0007342686111566213,-0.9948888785332725,6.864011508478374e-05
2025-07-20,0.0004665072365207328,3,-0.0017063823557324804,-0.9953944850413275,-0.0005056065080550898
2025-07-21,0.0015581732885143105,10,-0.0015115131866451472,-0.9936414425837259,0.0017530424576016612
2025-07-22,0.0020166720922121387,13,0.0,-0.9901132573048687,0.003528185278857232
2025-07-23,0.0009341744163477739,6,-7.424686155433549e-05,-0.9892533297500752,0.0008599275547934715
2025-07-24,0.0010835237640288954,7,-0.000423443458310886,-0.9885190025828029,0.0007343271672722862
2025-07-25,0.0016006965705795994,10,-0.0011159071287834758,-0.9876107696826959,0.0009082329001069978
2025-07-26,0.00015627570771111648,1,-0.0008090448879922271,-0.9871476317341935,0.0004631379485023901
2025-07-27,0.0004619117044687863,3,0.0,-0.9858766751417325,0.0012709565924610144
2025-07-28,0.0001528290190295267,1,-0.0006289706813959381,-0.9863528168040988,-0.00047614166236631394
2025-07-29,0.0007767498652663006,5,-0.0007701150535443536,-0.985717211310981,0.0006356054931178079
2025-07-30,0.0006274679286027468,4,-0.0007337613155064413,-0.9850533896443402,0.000663821666640807
2025-07-31,0.0007778987086366574,5,-0.004923384803354239,-0.9884651144235513,-0.003411724779211145
2025-08-01,0.0016262528262819841,10,-0.014033511226151587,-0.9959489880200667,-0.007483873596515367
2025-08-02,0.0004992049838315088,3,-0.017640238101926446,-0.9990565099120101,-0.00310752189194341
2025-08-03,0.0006614152153101595,4,-0.010137881005088827,-0.9908927375998623,0.008163772312147821
2025-08-04,0.0003244953861010011,2,-0.007081495764753412,-0.9875118569734258,0.003380880626436489
2025-08-05,0.0004941727708849066,3,-0.010395537835992213,-0.9903317262737797,-0.002819869300353939
2025-08-06,0.0006526932248441975,4,-0.007295824206767655,-0.986579319419711,0.003752406854068746
2025-08-07,0.0009590014497807824,6,-0.0013565343655166139,-0.9796810281286792,0.006898291291031811
2025-08-08,0.00015862954388390534,1,-0.0027837283738377187,-0.9809495925931163,-0.0012685644644371274
2025-08-09,0.0001574469126029168,1,-0.003233962808110677,-0.9812423801147865,-0.0002927875216701681
2025-08-10,0.000777921070158101,5,6.944832410707414e-05,-0.9771610479124107,0.004081332202375831
2025-08-11,0.0001528290190295267,1,-0.00013313907795672777,-0.9772108062954449,-4.9758383034226306e-05
2025-08-12,0.000614729782132881,4,0.0,-0.9764629374353553,0.0007478688600895955
2025-08-13,0.0003056580380590534,2,0.0,-0.9761572793972962,0.00030565803805904235
2025-08-14,0.001700573274203873,11,-0.00033447287299703576,-0.9747911789960894,0.0013661004012068823
2025-08-15,0.00046652959804217636,3,-0.0015762948411725242,-0.9755664713662227,-0.0007752923701332959
2025-08-16,0.0,0,-0.0015110058909949668,-0.9755011824160451,6.528895017754444e-05
2025-08-17,0.0004676671798270411,3,-0.001469830394055756,-0.9749923397392789,0.000508842676766208
2025-08-18,0.0006405128356031728,4,-0.0037603064045347062,-0.9766423029141547,-0.001649963174875757
2025-08-19,0.0006490761558464532,4,-0.016050848236943256,-0.9882837685907168,-0.011641465676562102
2025-08-20,0.0013190280829506289,8,-0.009897400492991308,-0.9808112927638142,0.00747247582690258
2025-08-21,0.00016724244442525293,1,-0.01790066302875863,-0.9886473128551563,-0.0078360200913421
2025-08-22,0.002284440384568599,14,-0.002230178814075812,-0.9706923882559049,0.01795492459925141
2025-08-23,0.0,0,-0.005406241982392521,-0.9738684514242215,-0.003176063168316645
2025-08-24,0.0015053103069527446,9,-0.011904677568052892,-0.9788615767029292,-0.004993125278707655
2025-08-25,0.0017023092165032222,10,-0.03008097978059058,-0.9953355696989635,-0.01647399299603436
2025-08-26,0.001724595201893529,10,-0.020093158837289682,-0.9836231535537692,0.01171241614519436
2025-08-27,0.0015244793630021678,9,-0.02287998530911718,-0.9848855006625945,-0.0012623471088253346
2025-08-28,0.0006715564718095556,4,-0.015923097075418086,-0.9772570559570858,0.007628444705508719
2025-08-29,0.0008663290206080817,5,-0.04295057274693917,-1.0034182026079987,-0.02616114665091296
2025-08-30,0.0003543495201860697,2,-0.03949209114985741,-0.9996053714907309,0.003812831117267823
2025-08-31,0.0003516114434867193,2,-0.04404737731543319,-1.00380904621282,-0.004203674722089046
2025-09-01,0.0014132981334353037,8,-0.03616215643015401,-0.9945105271941055,0.00929851901871448
2025-09-02,0.0017271953590715142,10,-0.023013873240165697,-0.9796350486450457,0.014875478549059795
2025-09-03,0.0013559565381483555,8,-0.020413131331536778,-0.9756783501982684,0.003956698446777263
2025-09-04,0.0006871594458271659,4,-0.026112405113531238,-0.9806904645344356,-0.005012114336167217
2025-09-05,0.0013495548370071999,8,-0.026525404126247976,-0.9797539087101452,0.0009365558242904193
2025-09-06,0.0001711229820317979,1,-0.029549646620052758,-0.9826070282219183,-0.002853119511773028
2025-09-07,0.00034356614696066554,2,-0.02363870387110892,-0.9763525193260137,0.006254508895904509
2025-09-08,0.0005055815396678454,3,-0.01852611678982946,-0.9707343507050665,0.005618168620947217
2025-09-09,0.0006753978100566252,4,-0.021311078087492795,-0.9728439141926731,-0.0021095634876066027
2025-09-10,0.0011657167567525647,7,-0.010121035313982948,-0.9604881546624107,0.012355759530262467
2025-09-11,0.0011431264561307774,7,-0.005272987259552817,-0.9544969801518498,0.005991174510560859
2025-09-12,0.0006417070613084848,4,-0.004264026069150415,-0.9528463119001389,0.0016506682517108962
2025-09-13,0.00016102976106502505,1,-0.004463706249959508,-0.952884962319883,-3.865041974404626e-05
2025-09-14,0.0,0,-0.006402100450734692,-0.9548233565206581,-0.0019383942007751287
2025-09-15,0.000483101223704743,3,-0.006075149281439772,-0.9540133041276585,0.0008100523929995829
2025-09-16,0.0007991423794870781,5,-0.002541713328034826,-0.9496807257947665,0.004332578332892023
2025-09-17,0.0012798196797305379,8,-0.0032650251489570363,-0.949124217935958,0.0005565078588084527
2025-09-18,0.0003160764564868221,2,-0.0019387521865173469,-0.9474818685170316,0.001642349418926381
2025-09-19,0.0001574469126029168,1,-0.005109817530257956,-0.9504954869481693,-0.003013618431137677
2025-09-20,0.00016102976106502505,1,-0.0051572333379098275,-0.9503818729947562,0.00011361395341313862
2025-09-21,0.0,0,-0.006508576800694235,-0.9517332164575406,-0.0013513434627844267
2025-09-22,0.000834944709842722,5,-0.016844447534080136,-0.9612341424810837,-0.009500926023543133
2025-09-23,0.00033576526927906565,2,-0.019821575815135023,-0.9638755054928596,-0.0026413630117758657
2025-09-24,0.0006702630262745886,4,-0.01399060474010032,-0.9573742713915503,0.006501234101309317
2025-09-25,0.00017512478643854734,1,-0.04122086196923696,-0.9844294038342484,-0.027055132442698082
2025-09-26,0.0008742761742319099,5,-0.036143100087860966,-0.9784773657786405,0.0059520380556078445
2025-09-27,0.0,0,-0.03620305761755159,-0.9785373233083312,-5.995752969067958e-05
2025-09-28,0.0008556822706809786,5,-0.01978881398155141,-0.96126739740165,0.017269925906681194
2025-09-29,0.0006664602964017789,4,-0.009613876358148732,-0.9504259994818455,0.01084139791980454
2025-09-30,0.0008236254467888101,5,-0.010742247021214282,-0.9507307446981222,-0.0003047452162767694
2025-10-01,0.0017475932859729335,11,-0.00020971831234422618,-0.9384506227032792,0.012280121994843074
2025-10-02,0.0007675588011624077,5,0.0,-0.9374733455897726,0.0009772771135065916
2025-10-03,0.0,0,0.0,-0.9374733455897726,0.0
2025-10-04,0.0,0,0.0,-0.9374733455897726,0.0
2025-10-05,0.0005094488111663394,3,-0.0010565869986089388,-0.9380204837772151,-0.000547138187442564
2025-10-06,0.0015001759053738615,9,-0.0006784465304641388,-0.9361421674036965,0.0018783163735186514
2025-10-07,0.0008544286276145508,5,-0.007388284163560822,-0.9419975764091787,-0.005855409005482204
2025-10-08,0.0013664106415845233,8,-0.0025279132725149287,-0.9357707948765482,0.006226781532630454
2025-10-09,0.0012098382892211845,7,-0.006322242912752086,-0.9383552862275643,-0.002584491351016016
2025-10-10,-0.04339951803108653,43,-0.0015079223251015267,-0.9769404836710003,-0.038585197443436026
2025-10-11,0.0023352107001100965,14,-0.00663305157705398,-0.9797304022228426,-0.0027899185518422964
2025-10-12,0.0029596216642203185,18,-0.0003110488587872721,-0.9704487778403555,0.00928162438248703
2025-10-13,0.0019167263066768186,12,-0.0001313710030993301,-0.9683523736779908,0.0020964041623647844
2025-10-14,0.0028243890942359733,17,-0.00315100979726264,-0.9685476233779181,-0.00019524969992734675
2025-10-15,0.0014989842584875986,9,-0.010213409408434295,-0.9741110387306021,-0.005563415352684009
2025-10-16,0.003250812663869323,19,-0.02321470768071085,-0.9838615243390094,-0.0097504856084073
2025-10-17,0.0007059894118016864,4,-0.0352867284740426,-0.9952275557205394,-0.011366031381530028
2025-10-18,0.0005335885894136854,3,-0.029785002172837888,-0.9891922408299211,0.006035314890618371
2025-10-19,0.0012300440202172728,7,-0.020565761992536367,-0.9787429566294022,0.010449284200518827
2025-10-20,0.0020445702936332105,12,-0.011138694236249575,-0.9672713185794822,0.011471638049920019
2025-10-21,0.003737364848238529,22,-0.01956955459110763,-0.9719648140861018,-0.004693495506619572
2025-10-22,0.0019250531181607903,11,-0.023564537320259368,-0.9740347436970926,-0.0020699296109908394
2025-10-23,0.0018877556214296459,11,-0.011659869822009516,-0.9602423205774132,0.013792423119679431
2025-10-24,0.0010137369052992174,6,-0.008217859854589341,-0.9557865737046938,0.004455746872719435
2025-10-25,0.00016724244442525458,1,-0.006195722026970683,-0.9535971934326499,0.0021893802720438504
2025-10-26,0.00162264697058079,10,-0.0006211615596278816,-0.9463999859947263,0.007197207437923625
2025-10-27,0.0004770828573570369,3,-0.002009160567883181,-0.9473109021456245,-0.0009109161508982222
2025-10-28,0.001442103197787438,9,-0.004102134344375261,-0.9479617727243291,-0.0006508705787046098
2025-10-29,0.001675268355515906,10,-0.014078784104568448,-0.9562631541290064,-0.008301381404677288
2025-10-30,0.0022461340979282934,13,-0.023095964499605045,-0.9630342004261148,-0.006771046297108341
2025-10-31,0.0022233996239085134,13,-0.016008736534937923,-0.9537235728375392,0.009310627588575593
2025-11-01,0.0005107555228093623,3,-0.01370463734994546,-0.9509087181297373,0.0028148547078018504
2025-11-02,0.0005081553656313716,3,-0.011800426656654737,-0.9484963520708152,0.002412366058922144
2025-11-03,0.001410574169384752,8,-0.0332552597454157,-0.9685406109901914,-0.020044258919376223
2025-11-04,-0.07225440633629954,18,-0.0001994349562732444,-1.0077391925373484,-0.03919858154715705
2025-11-05,0.0032483006981693717,20,-0.0003247731862474204,-1.0046162300691532,0.0031229624681952117
2025-11-06,0.002438987808088151,15,-0.005461595607133236,-1.007314064681951,-0.0026978346127977115
2025-11-07,0.0029505348044598727,18,-0.0009106292454809481,-0.9998125635158387,0.007501501166112257
2025-11-08,0.00016224769305049912,1,-0.0026006412113610275,-1.0013403277886683,-0.0015277642728296348
2025-11-09,0.0019013746299785764,12,-0.0004847641245859193,-0.9973230760719146,0.004017251716753711
2025-11-10,0.0021567515446158257,14,9.602526263312747e-06,-0.9946719578764496,0.002651118195465041
2025-11-11,0.0010953608756363413,7,-0.004716872421579527,-0.9983030719486561,-0.0036311140722065094
2025-11-12,0.0017669064811172903,11,-0.009326126920264365,-1.0011454199662237,-0.002842348017567664
2025-11-13,0.003946315981585982,24,-0.020434416485167795,-1.008307393549541,-0.0071619735833172715
2025-11-14,0.0026164221789963336,15,-0.06514408018574722,-1.0504006350711241,-0.042093241521583113
2025-11-15,0.00035572572627580164,2,-0.054709359198426226,-1.0396101883575273,0.010790446713596857
2025-11-16,0.00017786286313790082,1,-0.0686064951876863,-1.0533294614836495,-0.0137192731261222
2025-11-17,0.0,0,-0.08991134188743372,-1.074634308183397,-0.021304846699747415
2025-11-18,-0.10316069973510492,20,-0.0003686401095898833,-1.088252306140658,-0.013617997957261041
2025-11-19,0.004132512303764318,25,-0.0026259814451579525,-1.0863771351724616,0.001875170968196338
2025-11-20,0.0032463487019592724,19,-0.028747125540405632,-1.1092519305657502,-0.022874795393288627
2025-11-21,-0.07293545074237837,48,7.027908099164318e-05,-1.1533699766867311,-0.044118046120980914
2025-11-22,0.001238661569735113,8,-0.00015892352326720156,-1.152360517721255,0.0010094589654761066
2025-11-23,0.00015282901902953364,1,0.0,-1.1520487651789582,0.00031175254229687255
2025-11-24,0.0,0,-0.0006565245071499645,-1.152705289686108,-0.0006565245071499248
2025-11-25,0.0022246793887917373,13,-0.002410360723431628,-1.152234446513598,0.00047084317251000485
2025-11-26,0.0026841287106278986,16,2.241124533305446e-05,-1.1471175458342056,0.005116900679392522
2025-11-27,0.001117595692960252,7,-0.00024337351259831348,-1.1462657348991767,0.0008518109350288405
2025-11-28,0.0014265642599203677,9,-0.002410926485990315,-1.1470067236126484,-0.0007409887134717241
2025-11-29,0.000322059522130071,2,-0.0026513494514680287,-1.146925087055996,8.163655665249792e-05
2025-11-30,0.0004770828573570457,3,-0.003902720584151134,-1.147699375331322,-0.0007742882753261071
2025-12-01,0.002251940715587877,13,-0.025198164846904056,-1.166742878878487,-0.019043503547164997
2025-12-02,0.003967081818259502,24,-0.0015701589980731516,-1.1391477912113968,0.02759508766709029
2025-12-03,0.003425451468573063,22,-7.068649086830766e-05,-1.134222867235619,0.004924923975777817
2025-12-04,0.002028261395311719,13,-0.0017508409223177621,-1.1338747602717565,0.000348106963862449
2025-12-05,0.0022694407548325035,14,-0.0119427357187095,-1.1417972143133157,-0.007922454041559224
2025-12-06,0.0006563956774864044,4,-0.012504403886486323,-1.1417024868036063,9.472750970940247e-05
2025-12-07,0.002624650515643646,16,-0.006940696613479394,-1.1335141290149555,0.00818835778865079
2025-12-08,0.0025669583710591945,16,-0.00600685284541629,-1.1300133268758332,0.0035008021391222943
2025-12-09,0.0018946894975020716,12,-0.00023100235073078516,-1.1223427868836457,0.007670539992187475
2025-12-10,0.002955430294002712,19,-0.001294451865126687,-1.120450806104039,0.0018919807796067278
2025-12-11,0.0033499043397200185,21,-0.0009695823767426283,-1.1167760322759348,0.0036747738281042164
2025-12-12,0.0015973720955844025,10,-0.00734217666958123,-1.121551254473189,-0.004775222197254125
2025-12-13,0.00016224769305050747,1,-0.007481493484485254,-1.1215283235950426,2.2930878146310008e-05
2025-12-14,0.0004916878830125221,3,-0.0192174779880239,-1.1327726202155686,-0.011244296620525951
2025-12-15,0.0018519121610651723,11,-0.033197748581217816,-1.1449009786476974,-0.012128358432128783
2025-12-16,0.002915827582315347,17,-0.02137320933198697,-1.1301606118161511,0.014740366831546226
2025-12-17,0.0037265046723009313,22,-0.032986564092947056,-1.1380474619048102,-0.007886850088659081
2025-12-18,0.0053118117233841725,31,-0.039887209692636684,-1.1396362957811157,-0.0015888338763054843
2025-12-19,0.0039075741002569395,23,-0.018679209153641164,-1.1145207211418633,0.025115574639252403
2025-12-20,0.0,0,-0.017202046407601358,-1.1130435583958234,0.0014771627460399284
2025-12-21,0.0005030077137043447,3,-0.015487922909071637,-1.1108264271835895,0.0022171312122338804
2025-12-22,0.0021427534247670096,13,-0.015444686209379239,-1.10864043705913,0.0021859901244594138
2025-12-23,0.0013546630926134196,8,-0.022132680160338612,-1.113973767917476,-0.005333330858345864
2025-12-24,0.0006818785048411642,4,-0.02101347315119921,-1.1121726824034954,0.0018010855139805049
2025-12-25,0.00033833909524259967,2,-0.02400388065300935,-1.114824750810063,-0.0026520684065676203
2025-12-26,0.0020173343152340437,12,-0.024707966816983264,-1.1135115026588027,0.0013132481512603267
2025-12-27,0.00016981627038878064,1,-0.02107621632815489,-1.1097099358995857,0.0038015667592170566
2025-12-28,0.0,0,-0.020534441745428806,-1.1091681613168596,0.0005417745827260845
2025-12-29,0.0016739109395403442,10,-0.02545744494942103,-1.1124172535813115,-0.003249092264451914
2025-12-30,0.001178444723120463,7,-0.016975990908860518,-1.1027573548176306,0.009659898763680896
2025-12-31,0.0005030336469557608,3,-0.023035340004248017,-1.1083136702660623,-0.0055563154484317145
2026-01-01,0.0003357652692790819,2,-0.014799941170030516,-1.0997425061625659,0.008571164103496454
2026-01-02,0.0018045657160586143,11,-0.008682334795069272,-1.091820334071546,0.007922172091019863
2026-01-03,0.0003257254368127023,2,-0.005928864252950488,-1.0887411380926144,0.0030791959789315815
2026-01-04,0.0007991306137166209,5,-0.0029609647405886286,-1.0849741079665358,0.0037670301260785966
2026-01-05,0.0017064071019452056,11,0.0,-1.080306736124002,0.004667371842533852
2026-01-06,0.0015513357403631998,10,9.92645824457021e-05,-1.078656135801193,0.0016506003228089483
2026-01-07,0.0007861317548856925,5,-0.0034982847246844903,-1.0814675533534377,-0.002811417552244677
2026-01-08,0.001455405627984433,9,-0.004355588706073687,-1.0808694517068425,0.0005981016465952393
2026-01-09,0.0014456972877182027,9,-0.005871163284217257,-1.0809393289972677,-6.98772904252909e-05
2026-01-10,0.0,0,-0.006465044091269433,-1.08153320980432,-0.0005938808070522494
2026-01-11,0.000322059522130071,2,-0.004567221457939929,-1.0793133276488605,0.0022198821554595405
2026-01-12,0.002224466200728974,14,-0.003718833532555239,-1.0762404735227469,0.0030728541261135778
2026-01-13,0.0014007822051234481,9,0.0,-1.0711208577850682,0.005119615737678718
2026-01-14,0.0,0,0.0,-1.0711208577850682,0.0
2026-01-15,0.0,0,0.0,-1.0711208577850682,0.0
2026-01-16,0.0,0,0.0,-1.0711208577850682,0.0
2026-01-17,0.0,0,0.0,-1.0711208577850682,0.0
2026-01-18,0.0,0,0.0,-1.0711208577850682,0.0
2026-01-19,0.0007778987086366894,5,-0.0002824591897018914,-1.0706254182661334,0.0004954395189347149
2026-01-20,0.0011384396432095542,7,-0.014645777042260884,-1.0838502964754828,-0.013224878209349367
2026-01-21,0.0036467702861848455,22,-0.00919182584131546,-1.0747495749883527,0.009100721487130148
2026-01-22,0.0004941727708849196,3,-0.008674710538455418,-1.0737382869146077,0.0010112880737449537
2026-01-23,0.0016311484244606925,10,-0.008474694242066177,-1.0719071221937577,0.001831164720849987
2026-01-24,0.0,0,-0.01032219633229185,-1.0737546242839835,-0.0018475020902257722
2026-01-25,0.000339685609354137,2,-0.02726291335707766,-1.0903556556994152,-0.016601031415431677
2026-01-26,0.0023671726860606816,14,-0.015253586340904873,-1.0759791559971816,0.014376499702233536
2026-01-27,0.0016788522796468259,10,-0.010120369388827821,-1.0691670867654577,0.0068120692317239495
2026-01-28,0.0009808910635874194,6,-0.009845981907211518,-1.0679118082202539,0.0012552785452037973
2026-01-29,0.0012183500319351494,7,-0.0453062846093149,-1.1021537608904222,-0.034241952670168274
2026-01-30,0.0,0,-0.049470860318047025,-1.1063183365991542,-0.004164575708732077
2026-01-31,-0.09161157372274911,22,-0.0015845349322104326,-1.1500435849360668,-0.0437252483369126
2026-02-01,0.005395742484718678,31,-0.007325049485990104,-1.1503883570051279,-0.00034477206906102786
2026-02-02,0.005028333162100064,29,-0.0015892093703388293,-1.1396241837273766,0.010764173277751254
2026-02-03,0.0036190928206686593,21,-0.013150795756255584,-1.1475666772926245,-0.007942493565247899
2026-02-04,-0.03303771316724202,12,-1.6376211446501923e-05,-1.1674699709150573,-0.019903293622432816
2026-02-05,-0.055388002567747084,64,-0.004273673559245433,-1.2271152708306035,-0.059645299915546124
2026-02-06,0.015020827315071521,92,-0.0016849957264671559,-1.2095057656827535,0.01760950514784998
2026-02-07,0.0066206269033006636,39,-0.005734448267947897,-1.2069345913209337,0.0025711743618197502
2026-02-08,0.0034483385926563056,21,-0.003092605423700376,-1.2008444098840299,0.006090181436903874
2026-02-09,0.005841874220745368,35,-0.004379457008252843,-1.196289387247837,0.004555022636192785
2026-02-10,0.002719899507503161,16,-0.011303176565708315,-1.2004932072977894,-0.004203820049952345
2026-02-11,0.0036727894829263735,21,-0.025469604131317266,-1.210986845380472,-0.010493638082682555
2026-02-12,0.0021111017632678857,12,-0.03400415213284258,-1.2174102916187297,-0.006423446238257746
2026-02-13,0.0024278894944071328,14,-0.011428855852327557,-1.1924071058438073,0.025003185774922443
2026-02-14,0.0011745641855138743,7,-0.00579944990969208,-1.185603135715658,0.0068039701281492615
2026-02-15,0.001684248418086354,10,-0.011371334052764533,-1.1894907714406442,-0.0038876357249861826
2026-02-16,0.0030804696644165766,18,-0.01089858651329868,-1.1859375542367616,0.003553217203882575
2026-02-17,0.001754112309284684,10,-0.022518773290152824,-1.195803628704331,-0.009866074467569375
2026-02-18,0.002109739669826962,12,-0.0337320968243213,-1.2049072125686726,-0.009103583864341624
2026-02-19,0.0005335885894137108,3,-0.027474643895678448,-1.198116171050616,0.00679104151805654
2026-02-20,0.0033465226980852153,19,-0.017857592986238627,-1.185152597443091,0.012963573607525092
2026-02-21,0.0005186633583354695,3,-0.018234847228059053,-1.1850111883265761,0.00014140911651483457
2026-02-22,0.0003475540569554532,2,-0.02111490466238102,-1.1875436917039426,-0.002532503377366435
2026-02-23,0.0,0,-0.05454277135335396,-1.2209715583949154,-0.03342786669097286
2026-02-24,-0.07217606505183134,16,-0.0005272899824869854,-1.2391321420758798,-0.018160583680964404
2026-02-25,0.004324422068337729,27,-0.002465202403673602,-1.2367456324287285,0.002386509647151369
2026-02-26,0.002395937301265167,14,-0.0044017865084823235,-1.236286279232272,0.0004593531964565134
2026-02-27,0.0017515575016373945,10,-0.012842560324289905,-1.2429754955464423,-0.006689216314170299
2026-02-28,0.0014024307299564465,8,-0.006844189677655897,-1.2355746941698518,0.007400801376590493
2026-03-01,0.0027941623351777824,16,-0.014918846418701054,-1.2408551885757193,-0.005280494405867531
2026-03-02,0.005303810544642983,31,-0.00114843248501143,-1.2217809640973867,0.019074224478332624
2026-03-03,0.0036032569146502947,21,-0.00244147061310423,-1.219470745310829,0.002310218786557572
2026-03-04,0.005623615660311407,35,1.406183312554315e-05,-1.2113915972042881,0.008079148106540979
2026-03-05,0.0029486616214048893,19,-0.004451523192041967,-1.2129085206080505,-0.0015169234037624157
2026-03-06,0.0028025192702585094,17,-0.023010459285063598,-1.2286649374308136,-0.015756416822763075
2026-03-07,0.00034490001050952205,2,-0.03165253472776762,-1.2369621128630082,-0.008297175432194548
2026-03-08,0.0015708866441955175,9,-0.04779403737538054,-1.2515327288664255,-0.014570616003417358
2026-03-09,0.004130659230412739,24,-0.020162726599482945,-1.2197707588601154,0.03176197000631009
2026-03-10,0.00436801598001828,27,-0.009172352910495058,-1.204412369191109,0.015358389669006378
2026-03-11,0.003402560463389773,21,-0.007908952563751563,-1.1997464083809757,0.004665960810133374
2026-03-12,0.0022776423754987357,14,-0.005956760681986094,-1.1955165741237117,0.004229834257263976
2026-03-13,0.0029755007817757143,19,-0.0041602027781406335,-1.1907445154380905,0.00477205868562125
2026-03-14,0.00048067730024346246,3,-0.00311229237022186,-1.1892159277299281,0.0015285877081623322
2026-03-15,0.0018731229429321285,12,0.0002184067869519519,-1.1840121056298223,0.005203822100105837
2026-03-16,0.0006147297821328683,4,0.0,-1.1836157826346414,0.00039632299518088665
2026-03-17,0.0,0,0.0,-1.1836157826346414,0.0
2026-03-18,0.0009482750782486694,6,-0.0029680841887731986,-1.185635591745166,-0.002019809110524573
2026-03-19,0.0022913561935103835,14,-0.00946154416381366,-1.1898376955266963,-0.0042021037815302975
2026-03-20,0.0021080746118117607,13,-0.0062044753254578535,-1.1844725520765285,0.005365143450167809
2026-03-21,0.0004979374715479659,3,-0.014912906735922292,-1.1926830460154452,-0.008210493938916708
2026-03-22,0.0016853589076827006,10,-0.023875304556435932,-1.199960084928276,-0.007277038912830935
2026-03-23,0.0055532998431684945,34,-0.004275027636798124,-1.17480650816547,0.025153576762806162
2026-03-24,0.002438830417910811,15,-0.0059801402194352826,-1.1740727903301962,0.0007337178352737617
2026-03-25,0.0017497250743928625,11,-0.0027618449459415845,-1.1691047699823096,0.00496802034788657
2026-03-26,0.001166920117393998,7,-0.01751134467004823,-1.1826873495890222,-0.013582579606712608
2026-03-27,0.0019162130284683203,11,-0.044198579112579864,-1.2074583710030855,-0.024771021414063288
2026-03-28,0.00070051325840297,4,-0.044736677891352224,-1.207295956523455,0.00016241447963061262
2026-03-29,0.0008824619562010419,5,-0.04981463893181167,-1.2114914556077132,-0.004195499084258314
2026-03-30,0.002437172662957762,14,-0.03900399619686927,-1.198243640209813,0.013247815397900098
2026-03-31,0.004659044481060281,27,-0.02246318678311034,-1.1770437863149938,0.021199853894819265
2026-04-01,0.0015206251566100698,9,-0.024155528569447013,-1.1772155029447204,-0.00017171662972659263
2026-04-02,0.001224679048977813,7,-0.03702383370087543,-1.188859129027171,-0.01164362608245062
2026-04-03,0.00035024957287707733,2,-0.03626665824283455,-1.187751703996253,0.0011074250309179856
2026-04-04,0.00017377702847772047,1,-0.032455493808425155,-1.1837667625333659,0.003984941462887193
2026-04-05,0.0010255516096463286,6,-0.01581195051087599,-1.1660976676261705,0.01766909490719537
2026-04-06,0.0016522834887273204,10,-0.017087631915312557,-1.1657210655418797,0.0003766020842908002
2026-04-07,0.0029366326899159627,18,-0.0011552487388241136,-1.1468520496754753,0.018869015866404437
2026-04-08,0.0012608150672816971,8,-0.0037043838975228576,-1.1481403697668922,-0.0012883200914168835
2026-04-09,0.00172737911252658,11,-0.0014385847252583201,-1.144147191482101,0.003993178284791066
2026-04-10,0.001238705972557896,8,9.084625909734897e-05,-1.1413790545251876,0.0027681369569134695
2026-04-11,0.00015282901902952478,1,0.0,-1.1413170717652554,6.198275993218871e-05
2026-04-12,0.000633347138678951,4,-0.003629874096699773,-1.1443135987232762,-0.002996526958020773
2026-04-13,0.001565302879961083,10,0.0,-1.1391184217466153,0.005195176976660942
2026-04-14,0.0,0,0.0,-1.1391184217466153,0.0
2026-04-15,0.0,0,0.0,-1.1391184217466153,0.0
2026-04-16,0.0,0,0.0,-1.1391184217466153,0.0
2026-04-17,0.0019632845060158096,12,-0.001504393279515175,-1.1386595305201146,0.0004588912265006684
2026-04-18,0.0,0,-0.006209451801383771,-1.1433645890419832,-0.004705058521868644
2026-04-19,0.0003357652692790815,2,-0.018190367390456326,-1.1550097393617769,-0.011645150319793629
2026-04-20,0.0016918008092554585,10,-0.005619373783218373,-1.1407469449452834,0.014262794416493474
2026-04-21,0.001833380413795854,11,-0.0036308795217928555,-1.136925070270062,0.003821874675221437
2026-04-22,0.0014434749962351473,9,-0.0015806224035453808,-1.1334313381555794,0.0034937321144825617
2026-04-23,0.0012834378288971882,8,-0.0013794828321516688,-1.1319467607552884,0.001484577400290954
2026-04-24,0.00048067730024348713,3,-0.0037459793012874086,-1.1338325799241809,-0.0018858191688924109
2026-04-25,0.00016102976106503302,1,-0.0030272382675137427,-1.1329528091293422,0.0008797707948386968
2026-04-26,0.0006381126184220749,4,-0.0006367811442628155,-1.1299242393876692,0.0030285697416729818
2026-04-27,0.0009567775851387931,6,-0.0038127173349874477,-1.132143397993255,-0.002219158605585747
2026-04-28,0.0003282226251922149,2,-0.008637506464692348,-1.1366399644977676,-0.004496566504512689
2026-04-29,0.000987240562137825,6,-0.011997203295271068,-1.1390124207662085,-0.002372456268440848
2026-04-30,0.0008324096852756732,5,-0.008615537423282985,-1.1347983452089447,0.004214075557263719
2026-05-01,0.0016056410075728272,10,-0.0014465122353591337,-1.126023679013448,0.008774666195496827
2026-05-02,0.0001586295438839074,1,-0.0005811432263201192,-1.124999680460525,0.0010239985529230111
2026-05-03,0.0003160764564868279,2,-0.0008057457155440579,-1.124908206493262,9.147396726283397e-05
2026-05-04,0.0020177982476078816,13,-0.00017341913260741725,-1.1222580816627175,0.002650124830544609
2026-05-05,0.00015282901902953408,1,0.0,-1.1219318335110804,0.0003262481516370652
2026-05-06,0.0,0,0.0,-1.1219318335110804,0.0
2026-05-07,0.00015396692103445713,1,7.292248912221714e-05,-1.1217049441009237,0.00022688941015669428
2026-05-08,0.00108006613398191,7,3.382088477920602e-05,-1.120663979571285,0.0010409645296387549
2026-05-09,0.00015282901902953408,1,0.0,-1.1205449714370346,0.0001190081342503646
2026-05-10,0.0,0,0.0,-1.1205449714370346,0.0
2026-05-11,0.0,0,0.0,-1.1205449714370346,0.0
2026-05-12,0.00015282901902953408,1,0.0,-1.120392142418005,0.00015282901902957668
2026-05-13,0.0003113914721159341,2,-0.0008322642928023018,-1.1209130152386912,-0.0005208728206862467
2026-05-14,0.0007733031765847374,5,0.0,-1.1193074477693044,0.0016055674693868927
2026-05-15,0.00015627570771112193,1,-0.0011337843561258665,-1.120284956417719,-0.0009775086484147266
2026-05-16,0.00015982376958922705,1,-0.0039082547065465,-1.1228996029985505,-0.0026146465808314368
2026-05-17,0.000480701006523635,3,-0.006781972513332797,-1.1252926197988133,-0.002393016800262826
2026-05-18,0.0008186433705369201,5,-0.009150466868711094,-1.1268424707836546,-0.0015498509848412834
2026-05-19,0.00032819783874320983,2,-0.010024800129557716,-1.127388606205758,-0.0005461354221034664
2026-05-20,0.0008112505839787354,5,-0.006301933587824989,-1.1228544890800465,0.004534117125711612
2026-05-21,0.00048430721518056657,3,-0.0059806384990412145,-1.1220488867760823,0.0008056023039642035
2026-05-22,0.00016102976106503302,1,-0.019073109722569724,-1.1349803282385458,-0.0129314414624635
2026-05-23,0.0011708772925845955,7,-0.01054994874417927,-1.1252862899675706,0.009694038270975147
2026-05-24,0.0006563956774864196,4,-0.00878926528951233,-1.1228692108354172,0.002417079132153388
2026-05-25,0.000485525147166034,3,-0.007317607880524825,-1.1209120282792637,0.001957182556153514
2026-05-26,0.0008137229859092438,5,-0.014806792936275303,-1.127587490349105,-0.006675462069841265
2026-05-27,0.0005068749852028286,3,-0.025696681010727355,-1.137970503438354,-0.010383013089249049
2026-05-28,0.0007045847575830896,4,-0.033534175497291645,-1.1451034131673352,-0.007132909728981174
2026-05-29,0.0012218582382481744,7,-0.03516596375900148,-1.145513343190797,-0.00040993002346167984
2026-05-30,0.0003489018149162824,2,-0.030913749333875563,-1.1409122269507548,0.0046011162400421135
2026-05-31,0.00017377702847772703,1,-0.03294197160316757,-1.142766672191569,-0.0018544452408142398
2026-06-01,0.0003489018149162824,2,-0.05957085704142371,-1.1690466558149089,-0.02627998362333983
2026-06-02,-0.09400721947965866,8,-0.0045321822143485745,-1.2080152004674922,-0.03896854465258337
2026-06-03,0.001909074562422945,11,-0.022977461970449066,-1.22455140566117,-0.01653620519367771
2026-06-04,-0.03827733558917446,32,-0.0006599228385500071,-1.2405112021184455,-0.01595979645727552
2026-06-05,0.006162989598091326,37,-0.015123581030044516,-1.2488118707118487,-0.008300668593403282
2026-06-06,0.0027172601509656805,16,-0.016769778600915972,-1.2477408081317545,0.001071062580094262
2026-06-07,0.003102962157578991,19,-0.00214573995207902,-1.2300138073253386,0.01772700080641587
2026-06-08,0.0019083663840472665,12,-0.003292640537172626,-1.229252341526385,0.0007614657989536422
2026-06-09,0.0009860334466274762,6,-0.011321587325716479,-1.2362952548683013,-0.007042913341916313
2026-06-10,0.0019868183250916016,12,-0.01302493634778162,-1.236011785565275,0.0002834693030262514
2026-06-11,0.0019398700586030558,12,-0.00147118709323209,-1.2225181662521223,0.013493619313152738
2026-06-12,0.001264328846760791,8,-0.00161465605642547,-1.2213973063685548,0.001120859883567471
2026-06-13,0.0006251140924299495,4,-8.108914609195366e-05,-1.2192386253657914,0.0021586810027633963
2026-06-14,0.0007733031765847149,5,0.0,-1.2183842330431147,0.0008543923226767003
2026-06-15,0.0,0,0.0,-1.2183842330431147,0.0
2026-06-16,0.0,0,0.0,-1.2183842330431147,0.0
2026-06-17,0.0006147627647996887,4,-0.00012158441817564683,-1.2178910546964907,0.0004931783466239903
2026-06-18,0.001108308091397871,7,-0.0053694864535276336,-1.2220306486404449,-0.004139593943954134
2026-06-19,0.0006429249932939672,4,-0.002579431426144781,-1.218597668619768,0.0034329800206769345
2026-06-20,0.000787257415792948,5,-0.00061271901669682,-1.2158436987945271,0.0027539698252407874
2026-06-21,0.00046883838471883807,3,-0.003664945022391064,-1.2184270864155025,-0.0025833876209753193
2026-06-22,0.0014019310484937578,9,-0.0011998757053019028,-1.2145600860499195,0.003867000365582962
2026-06-23,0.0012872797431631264,8,-0.006572396100166111,-1.2186453267016204,-0.0040852406517009054
2026-06-24,0.002354286963709449,14,-0.018316509429366946,-1.2280351530671119,-0.00938982636549146
2026-06-25,0.003111544866027337,18,-0.0326987067042146,-1.2393058054759323,-0.011270652408820414
2026-06-26,0.0031376867944259024,18,-0.02880702086252797,-1.2322764328398197,0.007029372636112585
2026-06-27,0.000856948564310114,5,-0.029766497588626574,-1.232378961001608,-0.00010252816178835111
2026-06-28,0.0006991793948541304,4,-0.03551936284236642,-1.237432646860494,-0.005053685858885881
2026-06-29,0.003469023667298114,20,-0.026992418591932764,-1.2254366789427622,0.01199596791773172
2026-06-30,0.0001778628631378953,1,-0.049495501041255933,-1.2477618985289474,-0.022325219586185163
2026-07-01,0.0027850181641347078,16,-0.029826488051770336,-1.225307867375327,0.022454031153620324
2026-07-02,0.0020265088589329593,12,-0.014233214181776598,-1.2076880846464007,0.017619782728926392
2026-07-03,0.0009846183026786027,6,-0.007521307214820806,-1.199991559376766,0.007696525269634602
2026-07-04,0.00048310122370474705,3,-0.004351327278553014,-1.1963384782167934,0.0036530811599726487
2026-07-05,0.0007979597482061008,5,-0.0023378443010488195,-1.1935270354910832,0.0028114427257102115
2026-07-06,0.0019256665795575074,12,-0.0012074753716589184,-1.1904709999821357,0.0030560355089475078
2026-07-07,0.0012738366140873213,8,-0.0034507092366569503,-1.1914403972330463,-0.0009693972509106086
2026-07-08,0.0011407750774163321,7,-0.008470104276316637,-1.1953190171952897,-0.003878619962243368
2026-07-09,0.001296836328340196,8,-0.004048703472530028,-1.189600780063163,0.005718237132126713
2026-07-10,0.0007872916981919637,5,-0.0007598263267747596,-1.1855246112192157,0.0040761688439472366
2026-07-11,0.00015627570771111144,1,-0.0018240682504839121,-1.1864325774352138,-0.0009079662159980906
2026-07-12,0.0003125514154222229,2,-0.0019451742116903103,-1.1862411319809978,0.00019144545421601045
2026-07-13,0.0007992477674800491,5,-0.00893820037035204,-1.1924349103721794,-0.006193778391181626
2026-07-14,0.0015819807381385886,10,0.00013283986431491634,-1.181781889399374,0.010653020972805516
2026-07-15,0.0007664208991574832,5,-8.890576116746681e-05,-1.1812372141256988,0.0005446752736750771
2026-07-16,0.0004653583931503768,3,-0.0017892891026502883,-1.1824722390740312,-0.001235024948332386
2026-07-17,0.0012715061381093466,8,-0.0014741962338396895,-1.180885640067111,0.001586599006920153
2026-07-18,0.0003113914721159238,2,0.00018142993997217468,-1.1789186224211832,0.001967017645927882
2026-07-19,0.00030793384206890607,2,-0.0001149109659077346,-1.1789070294849944,1.1592936188797864e-05
2026-07-20,0.0013914796473991856,9,0.0,-1.1774006388716873,0.0015063906133070404
2026-07-21,0.0,0,0.0,-1.1774006388716873,0.0
2026-07-22,0.0,0,0.0,-1.1774006388716873,0.0
2026-07-23,0.00015282901902952573,1,0.0,-1.1772478098526578,0.00015282901902957668
2026-07-24,0.0004653804344517486,3,-0.0009798560111540695,-1.1777622854293601,-0.0005144755767023668
2026-07-25,0.00015627570771111144,1,-0.0004338437021590262,-1.1770599974126539,0.0007022880167062429
2026-07-26,0.0004619117044687911,3,0.0,-1.176164242006026,0.0008957554066277851
2026-07-27,0.00030679594006397876,2,-0.002020135696396012,-1.1778775817623581,-0.001713339756332033
2026-07-28,0.0009494235951657739,6,-0.0015259612690527776,-1.1764339837398492,0.0014435980225089295
2026-07-29,0.0015628135498423179,10,-0.001310827397453313,-1.1746560363184075,0.0017779474214416613
2026-07-30,0.0009319100324939283,6,-7.060808598863037e-05,-1.172483906974449,0.0021721293439584954
2026-07-31,0.0003138587800945562,2,-0.005753376254285564,-1.1778528163626514,-0.005368909388202336
2026-08-01,0.00016224769305049646,1,-0.006013810990244132,-1.1779510034055594,-9.81870429079823e-05
2026-08-02,0.0006393068441273761,4,-0.0026491243082116802,-1.1739470098793996,0.004003993526159766
2026-08-03,0.0007991776801915668,5,-0.0028436743126884685,-1.1733423822036848,0.0006046276757147862
2026-08-04,0.0006286164455198543,4,-0.0010575258613293994,-1.170927617306806,0.0024147648968788626
2026-08-05,0.0004653583931503768,3,-0.00015908281782429584,-1.1695638158701505,0.0013638014366554874
2026-08-06,0.0004630496064737184,3,-0.0005532410578428469,-1.1694949245036952,6.889136645527039e-05
2026-08-07,0.0007687076445327698,5,3.9740614742386453e-05,-1.1681332351865772,0.0013616893171179978
2026-08-08,0.00015282901902952573,1,0.0,-1.16802014678229,0.00011308840428725375
2026-08-09,0.00015282901902952573,1,2.3092350889690264e-05,-1.1678442254123707,0.0001759213699192852
2026-08-10,0.0004596249590935045,3,-0.0013551397581306186,-1.1687628325622974,-0.0009186071499267534
2026-08-11,0.0003149052515950169,2,-0.0025323943055256077,-1.1696251818580974,-0.0008623492957999801
2026-08-12,0.00031372262031402573,2,-0.002999353226270802,-1.1697784181585287,-0.000153236300431292
2026-08-13,0.0006333471386789542,4,-0.0029570580552975385,-1.1691027758488763,0.0006756423096523356
2026-08-14,0.00016102976106503045,1,-0.004901187972779923,-1.1708858760052936,-0.00178310015641725
2026-08-15,0.0,0,-0.004668817773975207,-1.1706535058064889,0.0002323701988047322
2026-08-16,0.00015982376958922011,1,-0.00568703168869043,-1.1715118959516149,-0.000858390145126009
2026-08-17,0.0009459212420758691,6,-0.0002854039883679003,-1.1651643470092166,0.006347548942398307
2026-08-18,0.00030908268543926537,2,-0.0001126911973940444,-1.1646825515328034,0.00048179547641313825
2026-08-19,0.0019679395326755553,12,-0.00035794108944917324,-1.162959861892183,0.0017226896406203895
2026-08-20,0.0028423298570461756,18,0.0,-1.1597595909456877,0.0032002709464953316
2026-08-21,0.0043303273528426485,27,-0.0013325306797948597,-1.15676179427264,0.00299779667304767
2026-08-22,0.001118860345335299,7,-0.005424405188724205,-1.159734808436234,-0.0029730141635939678
2026-08-23,0.0011383037556546753,7,-0.002852875013356108,-1.1560249745052111,0.0037098339310228656
2026-08-24,0.003460879787675813,22,-0.0006330026263452287,-1.1503442223305245,0.005680752174686665
2026-08-25,0.0020212896655654603,13,-0.0017778528015659125,-1.1494677828401798,0.0008764394903446604
2026-08-26,0.0007849035796201657,5,-0.0007759418289867972,-1.1476809682879805,0.0017868145521993117
2026-08-27,0.0012317792923078569,8,0.0,-1.145673247166686,0.002007721121294548
2026-08-28,0.0009413276882094298,6,-0.002366754249389155,-1.1470986737278657,-0.0014254265611797212
2026-08-29,0.00047827708306234773,3,-0.001794449082802746,-1.146048091478217,0.0010505822496487127
2026-08-30,0.00047475238137905236,3,-0.0043884448797311005,-1.1481673348937662,-0.0021192434155492546
2026-08-31,0.001424152616350009,9,-0.0016114587056010742,-1.143966196103286,0.004201138790480119
2026-09-01,0.0009554533879026765,6,-0.0054695654468409245,-1.1468688494566233,-0.00290265335333717
2026-09-02,0.001133310106108762,7,-0.005790353899707816,-1.1460563278033813,0.000812521653241971
2026-09-03,0.0017357946995644326,11,0.0,-1.1385301792041091,0.007526148599272142
2026-09-04,0.0006181653708785164,4,-9.721083246907581e-05,-1.1380092246656996,0.0005209545384095016
2026-09-05,0.00015282901902952844,1,9.89808565792991e-06,-1.137749286728543,0.00025993793715661795
2026-09-06,4.4347687889804676e-05,1,0.0,-1.1377148371263113,3.4449602231756415e-05
