,realized,cycles,unrealized,equity,ret
2020-01-01,0.0015311662815208258,22,-0.00048300940045456877,0.001048156881066257,0.001048156881066257
2020-01-02,0.0018413237754790622,26,-0.015654700384746378,-0.01228221032774649,-0.013330367208812748
2020-01-03,-0.013039767777651945,132,-0.00013269464968698193,-0.00979997237033904,0.00248223795740745
2020-01-04,0.003301941548316624,48,-0.00042968744500045076,-0.0067950236173358845,0.003004948753003155
2020-01-05,0.0010944840121472148,16,-0.00033531759599693476,-0.005606169756185153,0.0011888538611507316
2020-01-06,0.005223883236431418,75,0.0,-4.696892375679988e-05,0.005559200832428353
2020-01-07,0.008792771733931361,126,0.0,0.008745802810174562,0.008792771733931361
2020-01-08,-0.026502797704649996,215,5.312832129250011e-05,-0.017703866573182937,-0.0264496693833575
2020-01-09,0.008973718261400422,128,-0.011926730324004497,-0.02071000695707951,-0.0030061403838965717
2020-01-10,0.010071561410502295,145,0.0,0.0012882847774272812,0.021998291734506792
2020-01-11,0.005774785699433677,81,-0.008448590451380439,-0.0013855199745194807,-0.002673804751946762
2020-01-12,0.004214470267499137,59,-0.000790526694312939,0.010487014050047157,0.011872534024566637
2020-01-13,0.0025772774706797007,36,-0.0032167517210363516,0.010638066494003444,0.00015105244395628714
2020-01-14,0.011934659948956424,173,0.0,0.02578947816399622,0.015151411669992777
2020-01-15,0.004466727425473947,65,0.0,0.03025620558947017,0.004466727425473948
2020-01-16,0.008184631340825591,119,-0.00017261357458357208,0.03826822335571219,0.008012017766242024
2020-01-17,0.008533457818992552,121,-0.0017388125554085546,0.04523548219387976,0.006967258838167567
2020-01-18,0.00487460357897798,69,-0.0016233197468782114,0.05022557858138808,0.0049900963875083235
2020-01-19,-0.014529978231418004,139,-0.00010061470259267708,0.037218305394255614,-0.013007273187132469
2020-01-20,0.004752046808660338,69,-0.0008785372414892429,0.041192429664019384,0.003974124269763769
2020-01-21,0.003312671422980763,48,0.0,0.04538363832848939,0.004191208664470009
2020-01-22,0.0021254564584800633,31,-0.00025247508690156445,0.04725661970006789,0.0018729813715784999
2020-01-23,0.005091120906187486,72,-0.016767629341007655,0.03583258635214928,-0.01142403334791861
2020-01-24,0.0034160005437730207,48,-0.013371800890312544,0.04264441534661742,0.006811828994468139
2020-01-25,0.0002873033393111102,4,-0.024024411016247374,0.0322791085599937,-0.010365306786623722
2020-01-26,0.0033909379469824743,48,-0.0020328812773855107,0.05766157624583804,0.02538246768584434
2020-01-27,0.004283096498038355,62,-0.0016334143186169927,0.06234413970264491,0.004682563456806871
2020-01-28,0.008197436504974795,119,0.0,0.0721749905262367,0.009830850823591794
2020-01-29,0.007091395109566506,101,-0.003381996855612221,0.07588438878019099,0.003709398253954291
2020-01-30,0.007664876851002633,110,-0.00020857006156086707,0.08672269242524497,0.010838303645053976
2020-01-31,0.005822353215541403,83,-0.00548040464791682,0.08727321105443042,0.0005505186291854536
2020-02-01,0.00376596816280468,54,-0.003933645572971007,0.09258593829218092,0.005312727237750503
2020-02-02,0.004413801022900762,63,-0.00683943153143914,0.09409395335661355,0.0015080150644326273
2020-02-03,0.005798563427823034,83,-0.004360518035034048,0.10237143028084167,0.008277476924228117
2020-02-04,0.0039235649997329605,55,-0.010208172428635701,0.10044734088697299,-0.0019240893938686776
2020-02-05,0.006170560323357693,88,-0.0016820734051418368,0.11514400023382454,0.014696659346851548
2020-02-06,0.006669973414921391,95,-0.0010780595523958414,0.12241798750149192,0.007273987267667384
2020-02-07,0.003955326504981509,57,-0.00040506524724458085,0.1270463083116247,0.004628320810132772
2020-02-08,0.003186534559032614,46,-0.00026650216581746073,0.1303714059520844,0.003325097640459712
2020-02-09,0.00308924302520935,44,1.6596388152193125e-05,0.13374374753126342,0.0033723415791790112
2020-02-10,0.001777187679789133,25,-0.013279089300325626,0.12222524952257474,-0.011518498008688677
2020-02-11,0.004252432233891169,61,-0.0008122459626128448,0.13894452509417868,0.016719275571603937
2020-02-12,0.004986864414911513,73,-2.0461969777753e-05,0.14472317350192526,0.005778648407746584
2020-02-13,0.008985999324100444,130,-0.001469021211276535,0.15226061358452692,0.007537440082601654
2020-02-14,0.005232548007904795,76,6.617311434023623e-05,0.15902835591804848,0.006767742333521565
2020-02-15,0.003290873165642794,47,-0.018415164043840505,0.14383789192551055,-0.015190463992537928
2020-02-16,-0.032197474019108815,65,0.0,0.13005558195024225,-0.013782309975268303
2020-02-17,0.010212166279857519,145,-0.005973828008207694,0.13429392022189207,0.004238338271649822
2020-02-18,0.007252610988346155,104,-0.0007037748590616815,0.14681658435938424,0.012522664137492173
2020-02-19,-0.026661981858223157,114,-0.0039748178842968235,0.11688355947592594,-0.02993302488345831
2020-02-20,0.008677774410094694,123,-0.0038525464744615084,0.12568360529585595,0.008800045819930019
2020-02-21,0.005418589066447769,78,-0.001525072267036234,0.133429668569729,0.007746063273873033
2020-02-22,0.0016054897997519108,23,-0.0023600698891169105,0.13420016074740024,0.0007704921776712503
2020-02-23,0.0008930898009857078,13,0.0,0.13745332043750286,0.0032531596901026194
2020-02-24,0.006732542097564929,97,-0.002857394736859204,0.1413284677982086,0.0038751473607057385
2020-02-25,0.003182646821372111,45,-0.028512481986107823,0.11885602737033209,-0.02247244042787651
2020-02-26,-0.05210649516285037,153,-0.0025304387706830706,0.09273157542290647,-0.026124451947425617
2020-02-27,0.01219100816634371,173,-0.0037893729153626824,0.10366364944457056,0.010932074021664087
2020-02-28,-0.026981877193904633,120,0.0,0.08047114516602862,-0.023192504278541942
2020-02-29,0.0024558608292832218,36,-0.0016636172387531484,0.08126338875655868,0.0007922435905300673
2020-03-01,0.008010392778282215,116,-0.001596409192975367,0.08934098958061869,0.008077600824060005
2020-03-02,0.004837895108871979,70,-0.0002521553379426069,0.09552313854452342,0.006182148963904732
2020-03-03,0.005981651381527319,85,-0.005987018231461284,0.09576992703253207,0.00024678848800864517
2020-03-04,0.004528450506237872,64,-0.007043781176153648,0.09924161459407757,0.0034716875615455056
2020-03-05,0.0023529617328722956,34,0.0,0.10863835750310351,0.009396742909025937
2020-03-06,0.001629756179501062,23,-0.00016546610268350711,0.11010264757992107,0.0014642900768175593
2020-03-07,0.0017010209766583405,24,-0.010044981138065526,0.10192415352119738,-0.008178494058723687
2020-03-08,-0.06475074523620335,79,-0.00032893779889280706,0.04688945162416675,-0.05503470189703063
2020-03-09,-0.01975215285519855,202,0.0,0.02746623656786101,-0.019423215056305742
2020-03-10,0.007115793150920616,101,-0.01015965402865375,0.024422375690127875,-0.003043860877733135
2020-03-11,-0.026293776661981096,84,0.0,0.008288253056800528,-0.016134122633327346
2020-03-12,-0.4488423233720721,678,-4.864579881761334e-05,-0.4406027161140892,-0.4488909691708897
2020-03-13,-0.19053522371675088,1400,0.0003549929257008798,-0.6307343011063216,-0.19013158499223237
2020-03-14,-0.03330026434586025,583,-0.003948311880287935,-0.6683378702581706,-0.03760356915184904
2020-03-15,-0.029671365427638544,411,-0.006274659727109688,-0.700335583532631,-0.03199771327446044
2020-03-16,-0.07354533952475605,802,-0.0027744433177432594,-0.7703807066480206,-0.07004512311538957
2020-03-17,0.04000070200511225,553,-0.010711772629691483,-0.7383173339548565,0.03206337269316406
2020-03-18,-0.009602343524170123,425,0.0,-0.7372079048493352,0.0011094291055213645
2020-03-19,0.044297284401884005,424,-0.01179114757358924,-0.7047017680210405,0.03250613682829473
2020-03-20,-0.05824312802253659,541,-0.0023171761626980814,-0.753470924632686,-0.04876915661164549
2020-03-21,-0.024503921704545975,473,-0.0006484835066893923,-0.7763061536812232,-0.022835229048537298
2020-03-22,-0.028547783067792622,270,-0.0034504630724467174,-0.8076559163147731,-0.03134976263354983
2020-03-23,0.020867269742244395,441,0.0,-0.783338183500082,0.024317732814691073
2020-03-24,0.010027516260230145,342,-0.0004697493265136125,-0.7737804165663654,0.009557766933716572
2020-03-25,-0.01601981368610495,230,0.0,-0.7893304809259568,-0.015550064359591387
2020-03-26,0.006051510277925176,85,-0.0004902071560416017,-0.7837691778040733,0.005561303121883521
2020-03-27,-0.0494334763746355,106,-0.00015321459567084597,-0.832865661618338,-0.04909648381426468
2020-03-28,-0.031121687272100348,153,-0.0005694541161918537,-0.8644035884109592,-0.03153792679262124
2020-03-29,-0.01860065528282874,84,-0.005872795466057536,-0.8883075850436537,-0.02390399663269449
2020-03-30,0.011751904873933594,170,-0.005555266508309848,-0.8762381512119723,0.012069433831681353
2020-03-31,0.010999766216336233,157,-0.004956139542856037,-0.8646392580301823,0.011598893181790082
2020-04-01,-0.028488971578270014,72,0.0,-0.8881720900655963,-0.02353283203541401
2020-04-02,-0.012661623475834874,244,-0.0012122702482042895,-0.9020459837896354,-0.013873893724039132
2020-04-03,0.014409511976008076,206,-0.00887228355094582,-0.895296485116369,0.006749498673266463
2020-04-04,0.013250145352073533,189,-0.0011910502577635097,-0.8743651064711131,0.02093137864525585
2020-04-05,0.00790681429227661,113,-0.006113686708924791,-0.8713809286299977,0.0029841778411153763
2020-04-06,0.01160070063043271,167,0.0,-0.8536665412906402,0.017714387339357485
2020-04-07,0.009737472063644961,138,-0.010821594573273672,-0.854750663800269,-0.0010841225096287488
2020-04-08,0.009303171086875187,131,-0.001078179051387962,-0.8357040771915081,0.019046586608760907
2020-04-09,0.006196854148186368,87,-0.004427626184273513,-0.8328566701762072,0.00284740701530084
2020-04-10,-0.024002991997777803,109,-0.0074091791529820854,-0.8598412151426936,-0.02698454496648639
2020-04-11,0.0031479706351611424,44,-0.00605578351297346,-0.8553398488675238,0.004501366275169838
2020-04-12,0.006478441875311458,93,-0.010018430476530275,-0.8528240539557692,0.0025157949117545764
2020-04-13,-0.025669629494863976,155,0.0,-0.8684752529741029,-0.015651199018333672
2020-04-14,0.004252327591588125,61,-0.0024041388317232928,-0.8666270642142381,0.0018481887598648106
2020-04-15,-0.01943429493023323,42,-0.0014384663086786638,-0.8850956866214266,-0.018468622407188495
2020-04-16,0.013446168800449732,194,0.0,-0.8702110515122983,0.014884635109128297
2020-04-17,0.004434103981965036,65,-0.0003547521674982485,-0.8661316996978314,0.004079351814466836
2020-04-18,0.0026553141675783086,38,-0.00032139604002478746,-0.8634430294027796,0.0026886702950518204
2020-04-19,0.004624686628917957,65,-0.006256590556363219,-0.8647535372902001,-0.0013105078874204867
2020-04-20,-0.015561757484972159,122,-0.01545127875312579,-0.8895099829719348,-0.02475644568173474
2020-04-21,0.007127467688095237,100,-0.01291741321322645,-0.8798486497439403,0.009661333227994562
2020-04-22,0.00384429748652589,55,0.0,-0.8630869390441879,0.016761710699752408
2020-04-23,0.00862476442328616,103,-0.005168986077354653,-0.8596311606982563,0.0034557783459315816
2020-04-24,0.00519150929542287,74,-0.0040741979859092396,-0.853344863311388,0.006286297386868256
2020-04-25,0.004531431010616037,65,-0.0034962879618322456,-0.848235522276695,0.005109341034693071
2020-04-26,0.004827313464025983,70,0.0,-0.8399119208508368,0.008323601425858196
2020-04-27,0.0019098734522616672,28,0.0,-0.8380020473985751,0.001909873452261679
2020-04-28,0.00034010453508967193,5,0.0,-0.8376619428634854,0.0003401045350897025
2020-04-29,0.015554305493013173,224,-0.000226329003514124,-0.8223339663739864,0.015327976489499018
2020-04-30,-0.037586317760683705,275,-0.00592060120466549,-0.8656145563358214,-0.043280589961835036
2020-05-01,0.012179429709878165,172,-0.007820672985289844,-0.8553351984065676,0.01027935792925383
2020-05-02,0.006233823864611167,89,-0.0012880719695278265,-0.8425687735261944,0.012766424880373162
2020-05-03,0.009483482091971838,136,-0.004505819782446992,-0.8363030392471418,0.006265734279052637
2020-05-04,0.0072125730940531705,102,-0.00577477159154087,-0.8303594179621824,0.0059436212849593995
2020-05-05,0.010695989192947146,154,-0.0002709636168162238,-0.8141596207945107,0.016199797167671726
2020-05-06,0.010931865373862329,157,-0.008195003146844088,-0.8111517949506761,0.003007825843834522
2020-05-07,0.013300428592615316,192,0.0,-0.7896563632112168,0.021495431739459336
2020-05-08,0.005610012401794381,82,-0.0006770850514483007,-0.7847234358608707,0.004932927350346117
2020-05-09,0.009951789418256418,142,-0.015326414533452716,-0.7894209759246188,-0.004697540063748118
2020-05-10,-0.127430447480382,329,-0.0019666244156936077,-0.9034916332872417,-0.1140706573626229
2020-05-11,-0.014231082935597278,333,-0.0008210552100120349,-0.9165771470171574,-0.013085513729915732
2020-05-12,0.01015096587860935,146,-0.004530152793235774,-0.9101352787217718,0.006441868295385622
2020-05-13,0.008491481109973715,123,-0.00024929871726767674,-0.89736294353583,0.012772335185941786
2020-05-14,0.007474272589036451,107,-0.0023439912480614253,-0.8919833634775873,0.005379580058242683
2020-05-15,-0.0018781324031191913,213,-0.02000521744422614,-0.9115227220768712,-0.019539358599283907
2020-05-16,0.00887810618349175,125,-0.013807250412138436,-0.8964466488612919,0.015076073215579355
2020-05-17,0.005351666056888821,77,-7.564459644591979e-05,-0.8773633769887105,0.01908327187258141
2020-05-18,0.003115347253022697,44,-0.005694423332491981,-0.8798668084717338,-0.002503431483023344
2020-05-19,-0.015798496712363913,52,-0.0017477621827432892,-0.8917186440343491,-0.011851835562615265
2020-05-20,-0.014013959053495397,90,-0.0014467269652021994,-0.9054315678703034,-0.01371292383595435
2020-05-21,-0.03210515669983422,166,-0.002388776006432073,-0.9384787736113676,-0.03304720574106412
2020-05-22,0.008168974160459336,118,-0.00031793427811684495,-0.928238957722593,0.01023981588877454
2020-05-23,0.0033570725954685907,49,-0.00016857867273460106,-0.9247325295217421,0.0035064282008508973
2020-05-24,0.006222574812205381,89,-0.030987289156938075,-0.9493286651937403,-0.024596135671998143
2020-05-25,0.0017889972008594817,25,-0.014486456554435484,-0.9310388353903782,0.018289829803362023
2020-05-26,0.003143256990199464,44,-0.020435674578134253,-0.9338447964238775,-0.0028059610334992824
2020-05-27,0.005563098828757656,80,6.034156823165174e-05,-0.907785681448754,0.026059114975123476
2020-05-28,0.004834821175287121,70,-9.64376140684314e-05,-0.903107639455767,0.004678041992987048
2020-05-29,0.005210532916478276,75,-0.0023105060935896685,-0.9001111750188099,0.0029964644369571136
2020-05-30,0.005457606555288494,79,0.0,-0.8923430623699318,0.007768112648878112
2020-05-31,0.005097055768999171,74,-0.003368391581444297,-0.8906143981823769,0.001728664187554907
2020-06-01,0.005803734607703977,84,-0.0007831708798231008,-0.8822254428730516,0.008388955309325263
2020-06-02,-0.026899355521574506,95,-0.007162863383008365,-0.9155044908978114,-0.03327904802475978
2020-06-03,0.004433623033305815,63,-0.0015787371131366092,-0.9054867415946338,0.010017749303177559
2020-06-04,0.0047726213498497354,69,0.0,-0.8991353831316475,0.00635135846298629
2020-06-05,0.0059150495899365765,86,-0.003568754909987474,-0.8967890884516984,0.002346294679949179
2020-06-06,0.003055072502242825,44,-0.001840601863979318,-0.8920058629034474,0.004783225548250947
2020-06-07,0.00600271621860269,86,-0.0001364124969384393,-0.8842989573178038,0.007706905585643575
2020-06-08,0.0028128451307900633,41,3.5580264343575365e-05,-0.8813141194257318,0.0029848378920720453
2020-06-09,0.0034348423436633916,50,-1.3422022398352714e-05,-0.8779282793688103,0.003385840056921441
2020-06-10,0.0024433504474296653,35,-0.0008348672302759506,-0.8763063741292582,0.0016219052395521905
2020-06-11,-0.032322376941054796,69,-0.00011186754133761568,-0.9079057513813746,-0.03159937725211648
2020-06-12,0.0037965956751598766,54,-0.0010970343369271752,-0.9050943225018043,0.00281142887957031
2020-06-13,0.0024749844512256796,35,-0.0008811373182814656,-0.9024034410319329,0.002690881469871398
2020-06-14,0.0017813820252305925,25,-0.006257705300748809,-0.9059986269891697,-0.003595185957236735
2020-06-15,-0.023613323826668756,83,-0.0004957021236599343,-0.9238499476387496,-0.01785132064957995
2020-06-16,0.00449202533726807,65,-0.0006063487208494082,-0.919468568898671,0.004381378740078601
2020-06-17,0.003643649840839941,52,-0.0022439139848090435,-0.9174624843217907,0.0020060845768803404
2020-06-18,0.002461691538841218,35,-0.005913447837961032,-0.9186703266361014,-0.001207842314310703
2020-06-19,0.003475499122511602,49,-0.011072184501751871,-0.9203535641773807,-0.0016832375412793033
2020-06-20,0.0018490720617289182,26,-0.007578723112920477,-0.9150110307268204,0.005342533450560238
2020-06-21,0.0009179034966411433,13,-0.012384884287169697,-0.9188992884044285,-0.0038882576776080313
2020-06-22,0.002495178313474472,36,0.0,-0.9040192258037844,0.014880062600644117
2020-06-23,0.0006122266623393481,9,0.0,-0.903406999141445,0.000612226662339399
2020-06-24,0.004018702920174316,57,-0.011607915713529168,-0.9109962119347997,-0.007589212793354783
2020-06-25,-0.036105548064697776,34,0.0,-0.9354938442859684,-0.02449763235116864
2020-06-26,0.004119859538085723,60,-0.00043465025044584296,-0.9318086349983286,0.0036852092876398235
2020-06-27,0.005660870428792202,81,-0.005814595581131239,-0.9315277099002218,0.0002809250981067324
2020-06-28,0.002915088580023679,42,-0.0014825963906067038,-0.9242806221296735,0.007247087770548277
2020-06-29,0.002550738348924759,37,-5.7810852525705315e-05,-0.9203050982426678,0.0039755238870057275
2020-06-30,0.0019285393281603168,28,-0.0008774105036971116,-0.919196158565679,0.0011089396769887738
2020-07-01,0.001233166636597062,18,0.0,-0.9170855814253848,0.0021105771402942786
2020-07-02,0.002914540705730043,42,-0.001705469263613119,-0.9158765099832679,0.0012090714421169046
2020-07-03,0.0013191617751605214,19,-0.0026242733964290397,-0.9154761523409232,0.0004003576423446953
2020-07-04,0.0009671231340357316,14,-0.0007640001968388062,-0.9126487560072972,0.0028273963336259422
2020-07-05,0.0017506230448374603,25,-0.0027876835025243277,-0.9129218162681454,-0.00027306026084816803
2020-07-06,0.0012349559368246303,18,0.0,-0.9088991768287964,0.004022639439348996
2020-07-07,6.798240784000717e-05,1,0.0,-0.9088311944209564,6.798240784000598e-05
2020-07-08,0.0010531422913887085,15,-0.00014020121989406518,-0.9079182533494617,0.000912941071494644
2020-07-09,0.0015564819588444693,22,-0.007119274467407272,-0.9133408446381304,-0.005422591288668621
2020-07-10,0.0002153225754510394,3,-0.004541786599874385,-0.9105480341951464,0.0027928104429839617
2020-07-11,7.177391038371194e-05,1,-0.007724736785435335,-0.9136592104703236,-0.0031111762751772076
2020-07-12,0.0010759973518407076,15,-0.003746434457934044,-0.9086049107909816,0.005054299679342011
2020-07-13,0.0012176792800549488,17,-0.007173769925785409,-0.9108145669787782,-0.0022096561877965604
2020-07-14,0.00028792643264003044,4,-0.006325191165230329,-0.909678061785583,0.001136505193195192
2020-07-15,7.198160816000761e-05,1,-0.010061375050516427,-0.913342264062709,-0.0036642022771260496
2020-07-16,-0.0195357940225563,13,-5.491495839170958e-05,-0.9228715979931407,-0.00952933393043165
2020-07-17,0.0006909040960999894,10,-0.0001809344394283018,-0.9223067133780773,0.0005648846150633213
2020-07-18,0.0005500587424109113,8,-0.00040709921012157505,-0.9219828194063597,0.0003238939717176148
2020-07-19,0.0005508440594067844,8,-3.905317891104713e-05,-0.9210639293157424,0.000918890090617297
2020-07-20,0.0003439811083798578,5,-0.0006138685298701373,-0.9212947635583216,-0.00023083424257919205
2020-07-21,0.001116473357455264,16,-0.0002770779278419752,-0.9198414995988382,0.0014532639594834196
2020-07-22,0.001970208213129069,28,-0.00012355125945774997,-0.9177177647173249,0.002123734881513295
2020-07-23,0.002135065291682711,31,-2.1596998606962036e-05,-0.9154807451647914,0.0022370195525335257
2020-07-24,0.001925030815994052,28,-0.0010233039082605427,-0.914557421258451,0.000923323906340423
2020-07-25,0.00136737690348403,20,0.0,-0.9121667404467064,0.002390680811744539
2020-07-26,0.004151434091704011,60,-0.001217191023337118,-0.9092324973783396,0.0029342430683668708
2020-07-27,0.017519755130988284,233,-0.010896136000299903,-0.9013916872243141,0.00784081015402549
2020-07-28,-0.025263506349159498,134,-0.007622505755291821,-0.9233815633284654,-0.021989876104151374
2020-07-29,0.00993472248898501,141,-0.005045259874289092,-0.9108695949584777,0.012511968369987692
2020-07-30,0.004699360094060794,66,-0.005063436719611075,-0.906188411709739,0.004681183248738785
2020-07-31,0.006544426689105558,94,-0.00045976196208871603,-0.895040310263111,0.011148101446627923
2020-08-01,0.010009096096586739,144,-0.0002493892106788228,-0.8848208414151144,0.010219468847996627
2020-08-02,-0.03873874254773676,109,-0.009080166427313366,-0.9323903611794857,-0.04756951976437129
2020-08-03,0.005612265970864202,79,-0.005386465814383472,-0.9230843945956917,0.009305966583794012
2020-08-04,0.004423062190896498,62,-0.008000800435954723,-0.9212756670263664,0.0018087275693252636
2020-08-05,0.005059843581537949,73,0.0,-0.9082150230088737,0.01306064401749274
2020-08-06,0.004127951081715209,59,-0.0014736201120175679,-0.9055606920391761,0.0026543309696975825
2020-08-07,-0.014831410991498274,58,6.062954372022324e-05,-0.9188578533749366,-0.013297161335760532
2020-08-08,0.0012271558546810334,18,0.0,-0.9176913270639758,0.0011665263109608137
2020-08-09,0.0010906097575585057,16,0.0,-0.9166007173064173,0.0010906097575584806
2020-08-10,0.007614518812947528,109,-0.0023934395778791016,-0.9113796380713489,0.0052210792350684265
2020-08-11,-0.03225644786971604,109,-0.0030222708511080075,-0.9442649172142938,-0.03288527914294492
2020-08-12,0.0060462042442596025,87,-7.297747554268389e-05,-0.935269419594469,0.008995497619824877
2020-08-13,0.005444245649513553,79,0.0,-0.9297521964694128,0.005517223125056203
2020-08-14,0.0043108461284618975,61,-0.0006225701220458676,-0.9260639204629968,0.003688276006415969
2020-08-15,0.0057101223481737925,82,-0.0013680224522240525,-0.9210992504450011,0.00496467001799572
2020-08-16,0.0038459239960719534,55,-0.00046860637951309596,-0.9163539103762182,0.004745340068782911
2020-08-17,0.005925157051621734,85,-0.0027206638366765058,-0.9126808107817598,0.0036730995944583844
2020-08-18,-0.02167119595511302,79,-0.001617589624763454,-0.9332489325249598,-0.020568121743199996
2020-08-19,0.008400682647336516,119,-0.008993239108028257,-0.9322238993608881,0.0010250331640716537
2020-08-20,0.002958742947555753,42,-0.0045408235550292615,-0.9248127408603334,0.007411158500554738
2020-08-21,0.0031943948752786223,45,-0.02656714540215392,-0.9436446678321794,-0.01883192697184599
2020-08-22,0.0005030413103147111,7,-0.015447899078919927,-0.9320223801986307,0.011622287633548667
2020-08-23,0.001146734461942628,16,-0.016572648512739437,-0.9320003951705076,2.198502812311709e-05
2020-08-24,0.0016303003013575451,23,-0.009713031189493493,-0.9235104775459041,0.008489917624603494
2020-08-25,-0.04138933877060602,59,-0.0013613166321202038,-0.9565481017591368,-0.03303762421323275
2020-08-26,0.004040315473593587,58,-0.0004779732241147286,-0.9516244428775377,0.00492365888159918
2020-08-27,0.005403170615515919,77,-0.0049679530812111105,-0.9507112521191182,0.0009131907584194465
2020-08-28,0.003117512244258233,45,-0.0002146152178335943,-0.9428404020114824,0.007870850107635774
2020-08-29,0.0012354902871883516,18,-0.0011901999571769563,-0.9425804964636374,0.0002599055478450518
2020-08-30,0.0006137742304922885,9,0.0,-0.9407765222759682,0.0018039741876691995
2020-08-31,0.0,0,0.0,-0.9407765222759682,0.0
2020-09-01,0.004001402480045697,58,-0.0009310294166459069,-0.9377061492125685,0.003070373063399745
2020-09-02,-0.03165622126827865,100,-0.000819448569062753,-0.9692507896332639,-0.03154464042069549
2020-09-03,-0.08182622789182312,194,-0.000636563199010745,-1.0508941321550351,-0.08164334252177119
2020-09-04,0.014219420739337912,205,-0.003253521898608654,-1.039291670115295,0.011602462039740136
2020-09-05,0.0027058262740248095,247,-0.0031776744501886564,-1.0365099963928501,0.002781673722444866
2020-09-06,0.009941307028718753,142,-0.0008087130445903195,-1.0241997279585333,0.012310268434316818
2020-09-07,0.008871891585136332,126,-9.341014379964557e-05,-1.0146125334726064,0.009587194485926931
2020-09-08,0.009775790937656069,138,-0.009112537590146777,-1.0138558699812974,0.0007566634913089842
2020-09-09,0.005338602124904401,76,-0.0038767696677734784,-1.0032814999340196,0.010574370047277792
2020-09-10,0.006541864621337857,95,-0.00052149184548908,-0.9933843574903973,0.009897142443622275
2020-09-11,0.002619283485418903,38,-2.6211270157043238e-05,-0.9902697934296463,0.003114564060751057
2020-09-12,0.0009587139794902515,14,0.0,-0.989284868179999,0.0009849252496472172
2020-09-13,0.002346988218193947,34,-0.0004750067347078434,-0.987412886696513,0.001871981483486107
2020-09-14,0.004704554550918264,68,-0.0005644718730964877,-0.9827977972839834,0.004615089412529527
2020-09-15,0.005430663311434693,79,-0.00031800460596828416,-0.9771206667054205,0.0056771305785628945
2020-09-16,0.0034888666196340296,50,-0.0018893554344212632,-0.9752031509142395,0.0019175157911810459
2020-09-17,0.001717453468621705,24,-0.002230912859710891,-0.9738272548709074,0.0013758960433321032
2020-09-18,0.002144570467775217,30,-0.0027333928748152774,-0.9721851644182367,0.0016420904526707192
2020-09-19,0.002606850454352621,37,-0.001124463693112611,-0.9679693847821813,0.00421577963605535
2020-09-20,0.001499643686921964,21,-0.0067345501665614545,-0.9720798275687081,-0.004110442786526836
2020-09-21,-0.02200410940581887,45,-0.0073576990305155195,-0.9947070858384811,-0.022627258269772965
2020-09-22,0.0028633388650113386,40,-0.0023276676176634714,-0.9868137155606177,0.00789337027786341
2020-09-23,-0.018022147524919464,30,-0.0004229101182451971,-1.0029311055861188,-0.016117390025501055
2020-09-24,0.0044265895778585725,64,-0.00015589331760781585,-0.9982374992076228,0.004693606378495918
2020-09-25,0.0036340915393364317,52,-0.0008028828831154744,-0.995250397233794,0.0029871019738287874
2020-09-26,0.0022171212770275973,32,-0.0008485655057039777,-0.993078958579355,0.0021714386544390285
2020-09-27,0.0022958135522608883,33,-0.0001980224537034768,-0.9901326019750936,0.0029463566042614575
2020-09-28,0.0011668034748255308,17,-0.002289861914676801,-0.9910576379612414,-0.000925035986147793
2020-09-29,0.0024175036071689897,35,-3.8431510782977084e-05,-0.9863887039501785,0.004668934011062831
2020-09-30,0.002143252565775514,31,-0.0007445442522767581,-0.9849515641258968,0.0014371398242817301
2020-10-01,0.003850619489409442,55,-0.005419173744005807,-0.9857755741282164,-0.0008240100023195751
2020-10-02,0.00441673862518682,62,-0.007806917963992228,-0.983746579723016,0.002028994405200324
2020-10-03,0.0007802680289804269,11,-0.009437033685020198,-0.9845964274150636,-0.0008498476920475451
2020-10-04,0.0009134803596673166,13,-0.0035944438754096286,-0.9778403572457857,0.006756070169277928
2020-10-05,0.0012490383827920195,18,-0.00045573580556223766,-0.9734526107931463,0.004387746452639396
2020-10-06,0.0022336959818551527,32,-0.006919176139180495,-0.9776823551449093,-0.004229744351763043
2020-10-07,0.0009840110741951126,14,-0.00401556366608094,-0.9737947315976146,0.0038876235472946608
2020-10-08,0.0018786482412995757,27,0.0,-0.9679005196902342,0.005894211907380487
2020-10-09,0.0009794333110028626,14,-0.00024930943111206594,-0.9671703958103435,0.0007301238798906873
2020-10-10,0.0014414813060931206,21,2.0697712540001945e-05,-0.9654589073605983,0.0017114884497452243
2020-10-11,0.00047664759629651365,7,0.0,-0.9650029574768417,0.00045594988375652346
2020-10-12,0.0028392576279408594,41,-0.001968281945576413,-0.9641319817944772,0.0008709756823644943
2020-10-13,0.00325716399756513,46,-0.005514636696366729,-0.9644211725477024,-0.00028919075322519916
2020-10-14,0.002133522529738851,30,-0.005214503895827711,-0.9619875172174245,0.0024336553302779507
2020-10-15,0.0033326919504673186,47,-0.00337335749438389,-0.9568136788655134,0.0051738383519110975
2020-10-16,0.002720227813803216,38,-0.012008537871630354,-0.9627286314289566,-0.00591495256344321
2020-10-17,0.001075163209182895,15,-0.009633904392041176,-0.9592788347401845,0.0034497966887721
2020-10-18,0.000990684330618226,14,-0.0034502207302442496,-0.9521044667477694,0.007174367992415109
2020-10-19,0.002347772146987718,34,-9.264611063855465e-06,-0.9463157384816013,0.005788728266168053
2020-10-20,0.0027917887985995076,40,-0.0011844790665084424,-0.9446991641384463,0.0016165743431549862
2020-10-21,0.007065276554240584,102,-0.006820972791136396,-0.9432703813088337,0.0014287828296126737
2020-10-22,0.008336994843097191,118,-0.004136269421449133,-0.9322486830960492,0.011021698212784425
2020-10-23,0.004050278335614108,57,-0.005874089340828223,-0.9299362246798142,0.0023124584162350637
2020-10-24,0.002870335471940896,41,-0.0006471729630898367,-0.9218389728301348,0.008097251849679354
2020-10-25,0.004265015109329825,61,-0.003729370305573497,-0.9206561550632887,0.0011828177668461448
2020-10-26,0.006036890617684369,86,-0.004707677603715302,-0.915597571743746,0.0050585833195426755
2020-10-27,0.005499199889378333,79,-0.0015521431963875058,-0.90694283744704,0.008654734296706046
2020-10-28,-0.03494912585979731,146,0.0,-0.9403398201104497,-0.033396982663409736
2020-10-29,0.006466772326917513,93,-0.002014932565252916,-0.9358879803487851,0.004451839761664633
2020-10-30,0.005663959980770609,80,-0.0006097371145410241,-0.9288188249173026,0.0070691554314824545
2020-10-31,0.006821241227830308,99,-0.00019970495101690873,-0.9215875515259482,0.007231273391354431
2020-11-01,0.004463464075921626,65,-0.00043390966208974307,-0.9173582921610994,0.0042292593648487475
2020-11-02,0.006326493478086056,90,-0.005254200507684916,-0.9158520895286085,0.001506202632490905
2020-11-03,0.007723410515588508,110,0.0,-0.9028744785053351,0.012977611023273439
2020-11-04,0.008677095324376424,125,-0.0008105683860773101,-0.8950079515670359,0.007866526938299145
2020-11-05,0.011878164434882843,172,-0.0007812314760309467,-0.8831004502221067,0.011907501344929239
2020-11-06,0.015298390186015106,221,-0.0009426879438284337,-0.8679635165038891,0.01513693371821756
2020-11-07,-0.028356005814539748,213,-0.0030317602366665636,-0.898408594611267,-0.030445078107377843
2020-11-08,0.008804124926498262,127,-0.0016461355809703616,-0.8882188450290726,0.01018974958219443
2020-11-09,0.012503649548495544,178,-0.009034034627305058,-0.8831030945269116,0.005115750502160954
2020-11-10,0.006523862252566046,92,-0.010444631386989785,-0.8779898290340303,0.005113265492881269
2020-11-11,0.006292749004897211,91,-0.00019487303859428305,-0.8614473216807377,0.016542507353292657
2020-11-12,0.010711297453313302,153,-0.00015757744607112638,-0.8506987286349011,0.01074859304583653
2020-11-13,0.006687589508104222,97,-0.00018723355807550045,-0.8440407952388013,0.00665793339609988
2020-11-14,0.00621053648318149,88,-0.004861892791301539,-0.8425049179888459,0.0015358772499554085
2020-11-15,0.0045152446128141205,64,-0.008944228883616623,-0.8420720094683467,0.0004329085204991534
2020-11-16,0.006468046078033776,93,-0.0012369748883528724,-0.8278967093950492,0.014175300073297481
2020-11-17,0.009988974791218958,144,-0.0011844647744043988,-0.8178552244898818,0.01004148490516743
2020-11-18,-0.030188492865300908,237,-5.101568555441982e-05,-0.8469102682663328,-0.02905504377645096
2020-11-19,0.0105819637537854,152,-0.005969446150326889,-0.8422467349773198,0.004663533289012922
2020-11-20,0.008315019689917687,119,0.0,-0.8279622691370753,0.014284465840244565
2020-11-21,0.007262585130580136,102,-0.0025714911432310516,-0.8232711751497263,0.004691093987349015
2020-11-22,-0.011581573381044142,88,-0.00047102398258987,-0.8327522813701292,-0.00948110622040299
2020-11-23,0.010349568453690146,150,-0.0009720528364192812,-0.8229037417702685,0.009848539599860762
2020-11-24,0.014175421207819387,205,-0.0005548533009457441,-0.8083111210269756,0.014592620743292928
2020-11-25,0.013074266092164475,188,-0.009165449833826177,-0.8038474514676915,0.0044636695592840114
2020-11-26,-0.07071637797542182,356,0.0,-0.8653983796092872,-0.061550928141595684
2020-11-27,-0.006075180669375177,218,0.0,-0.8714735602786624,-0.00607518066937518
2020-11-28,0.004931560534793057,72,3.718644928181748e-05,-0.8665048132945875,0.004968746984074901
2020-11-29,0.008514844016992465,122,-0.0013445323857723165,-0.8593716881126493,0.007133125181938205
2020-11-30,0.011093995947850195,158,-0.0009586589989466728,-0.8478918187779734,0.01147986933467593
2020-12-01,-0.015994835324325874,228,-0.014756908530369909,-0.8776849036337225,-0.029793084855749163
2020-12-02,-0.008238776640576444,167,0.0,-0.8711667717439291,0.006518131889793444
2020-12-03,0.006509195723288766,93,-0.001109571580408184,-0.8657671476010484,0.0053996241428806435
2020-12-04,-0.02469201201991005,48,-0.0007262205116835283,-0.8900758085522338,-0.024308660951185335
2020-12-05,0.0027606500143172374,40,0.0,-0.8865889380262331,0.0034868705260007182
2020-12-06,0.00369411775009311,52,-4.318995947653701e-05,-0.8829380102356165,0.0036509277906165982
2020-12-07,0.0035420506349617955,50,-0.002186875453156922,-0.881539645094335,0.0013983651412814435
2020-12-08,-0.024849762286375532,29,-0.004720101483968244,-0.908922633411522,-0.027382988317186996
2020-12-09,0.010225279169402156,145,-0.0008320949443145979,-0.8948093477024661,0.0141132857090559
2020-12-10,0.006976868264166989,99,-0.006242346124233246,-0.8932427306182178,0.001566617084248323
2020-12-11,-0.03537696509305973,44,0.0,-0.9223773495870443,-0.02913461896882652
2020-12-12,0.003199820079265476,46,0.0,-0.9191775295077789,0.0031998200792654474
2020-12-13,0.004438494668426359,64,-0.0019409296443347829,-0.9166799644836873,0.002497565024091597
2020-12-14,0.004318936278129,62,-0.0006852359716350825,-0.9111053345328586,0.005574629950828691
2020-12-15,0.00502361066913568,73,-0.00014184009275397676,-0.9055383279848418,0.005567006548016784
2020-12-16,0.009382515846153657,115,0.0,-0.8960139720459341,0.009524355938907658
2020-12-17,0.0026355910611450257,368,-0.0019112481319171616,-0.8952896291167063,0.0007243429292278503
2020-12-18,0.012007797239110692,174,0.0,-0.8813705837456784,0.013919045371027838
2020-12-19,0.010980272521319761,159,-0.0008625623246085283,-0.8712528735489673,0.01011771019671115
2020-12-20,0.012723039350697638,182,-0.005450447653550877,-0.863117719527212,0.008135154021755353
2020-12-21,-0.02035644817372569,196,-0.0009842395609626806,-0.8790079596083495,-0.015890240081137597
2020-12-22,0.013243598319116721,191,5.6817795981180153e-05,-0.8647233039322889,0.014284655676060631
2020-12-23,0.01740893144786438,249,-0.009964103721032814,-0.8573352940014386,0.007388009930850314
2020-12-24,0.008448866877009437,119,-0.0014444621194520152,-0.8403667855228484,0.016968508478590216
2020-12-25,0.010930611476086767,156,3.1897906593845565e-05,-0.8279598140207157,0.012406971502132658
2020-12-26,0.013662429782037636,197,-0.001878078210528303,-0.8162073603558002,0.011752453664915508
2020-12-27,-0.028653034549855103,297,-0.0035450787923216515,-0.8465273954874487,-0.030320035131648493
2020-12-28,0.015024757436405559,212,-0.002623110663798973,-0.8305806699225204,0.015946725564928266
2020-12-29,-0.013728598142440939,136,0.0,-0.8416861574011625,-0.01110548747864204
2020-12-30,0.011399462390824122,163,-0.0002702406153954323,-0.8305569356257337,0.011129221775428744
2020-12-31,0.016839701560106918,243,-0.0004137533391178397,-0.8138607467893493,0.016696188836384462
2021-01-01,0.004102547866671907,60,0.0,-0.8093444455835596,0.004516301205789719
2021-01-02,-0.029765100537914667,278,-0.000279256849625206,-0.8393888029710994,-0.030044357387539855
2021-01-03,0.0007527499815364043,354,-0.0038723997901708492,-0.8422291959301087,-0.002840392959009286
2021-01-04,-0.11038170398061978,494,0.0,-0.9487385001205576,-0.1065093041904489
2021-01-05,-0.009051582220978332,419,-9.706983933979423e-06,-0.9577997893254699,-0.009061289204912337
2021-01-06,0.007877235401188036,387,0.0,-0.9499128469403479,0.007886942385121998
2021-01-07,-0.00524880972114855,415,-0.0016854148439642475,-0.9568470715054607,-0.006934224565112723
2021-01-08,-0.017800532462816772,531,0.0,-0.9729621891243132,-0.016115117618852537
2021-01-09,0.0203425901161807,290,-0.010624982119144422,-0.963244581127277,0.009717607997036248
2021-01-10,-0.06750194100219568,396,-0.004508734369358142,-1.0246302743796865,-0.0613856932524095
2021-01-11,-0.185754464101817,1011,-0.00019495969906774523,-1.206070963811213,-0.18144068943152658
2021-01-12,-0.02135425833808706,534,-0.007694393459042081,-1.2349246559092744,-0.028853692098061323
2021-01-13,-0.0012806448086405153,465,-0.001489756891671165,-1.2300006641505439,0.004923991758730484
2021-01-14,0.0229320659417334,328,-0.006879309071411358,-1.2124581503885508,0.017542513761993117
2021-01-15,-0.06753863326067765,414,0.0,-1.2731174745778169,-0.06065932418926612
2021-01-16,-0.031762553709206734,280,-0.0017346211846207154,-1.3066146494716444,-0.03349717489382753
2021-01-17,-0.014964625100272595,321,-0.003554811182703296,-1.3233994645699996,-0.016784815098355166
2021-01-18,-0.007273007573078751,216,0.0,-1.327117660960375,-0.0037181963903754056
2021-01-19,0.017571298793777557,250,-0.030220727234065135,-1.3397670894006626,-0.012649428440287602
2021-01-20,-0.07193240359740125,241,-4.9036033642452074e-06,-1.3814836693673629,-0.04171657996670031
2021-01-21,-0.07574154821838597,409,-0.001382793859257238,-1.4586031078416417,-0.07711943847427882
2021-01-22,-0.029116018048108466,440,-0.008624558659436591,-1.4949608906899297,-0.036357782848287945
2021-01-23,-0.024378349247295615,239,-0.0011633851422629552,-1.5118780664200515,-0.01691717573012186
2021-01-24,0.010334122047416868,149,-0.00019631286875560806,-1.5005768720991273,0.011301194320924246
2021-01-25,-0.0033141631974810026,195,-0.015953463594992102,-1.5196481860228446,-0.019071313923717303
2021-01-26,-0.009049682759083523,328,0.0,-1.512744405186936,0.00690378083590848
2021-01-27,-0.030212642546698892,340,-3.249192952096359e-05,-1.5429895396631559,-0.030245134476219793
2021-01-28,0.0178020222620783,255,6.222466658811158e-06,-1.5251488030048979,0.017840736658258027
2021-01-29,-0.0554851992946619,582,-0.002767204157950928,-1.5834074289241695,-0.05825862591927167
2021-01-30,0.023792599932473894,339,-0.0025335076810774257,-1.5593811325148221,0.024026296409347392
2021-01-31,-0.02490029750892798,221,-0.00018579063337821546,-1.581933712976051,-0.022552580461228766
2021-02-01,0.014297263926818375,203,-0.013883078997539282,-1.5813337374133936,0.00059997556265734
2021-02-02,0.015493408609194813,220,-0.003081649896509928,-1.5550388997031692,0.02629483771022434
2021-02-03,0.01041427118942994,151,1.8489195911941152e-05,-1.5415244894213176,0.01351441028185163
2021-02-04,-0.006730563443715167,213,-0.003920956613833339,-1.552194498674778,-0.0106700092534604
2021-02-05,0.00895801885003708,130,0.0,-1.5393155232109075,0.012878975463870512
2021-02-06,0.01371993006009525,198,-0.02073292700614731,-1.5463285201569597,-0.007012996946052175
2021-02-07,-0.02442725544084565,222,-0.0012784939971595601,-1.5513013425888174,-0.004972822431857704
2021-02-08,0.027985535603013527,335,-0.00012405661712119997,-1.5221613696057656,0.02913997298305171
2021-02-09,0.009723869590380383,401,-0.0018462286674469008,-1.5141596720657111,0.008001697540054531
2021-02-10,-0.023637526409396252,282,-0.00011582118380680902,-1.5360667909914671,-0.02190711892575603
2021-02-11,0.01868283554203498,267,-0.0029667592546572044,-1.5202348935202825,0.01583189747118463
2021-02-12,0.01587317593015045,224,-0.014291159474075965,-1.5156861178095509,0.004548775710731645
2021-02-13,0.005136756161953641,72,-0.01629330153168753,-1.5125515037052086,0.003134614104342237
2021-02-14,0.011695399675975679,169,-0.0014315257382791393,-1.4859943282358246,0.026557175469384076
2021-02-15,-0.027055907034575062,182,-0.003712030389636996,-1.5153307399217575,-0.029336411685932928
2021-02-16,0.013821825038544698,195,-0.009222399268014478,-1.5070192837615903,0.008311456160167152
2021-02-17,0.010415948802455376,150,-0.0010828760010460098,-1.4884638116921665,0.018555472069423873
2021-02-18,0.008406642367404345,120,-0.005120516870673169,-1.4840948101943894,0.004369001497777081
2021-02-19,0.012236584132162035,176,0.0,-1.466737709191554,0.017357101002835273
2021-02-20,-0.01951477829895879,147,0.0,-1.486252487490513,-0.019514778298958868
2021-02-21,0.009461871864506153,137,-6.746733253906479e-05,-1.476858082958546,0.009394404531966938
2021-02-22,-0.09896682403888189,419,-0.0035676740474426356,-1.5793251137123314,-0.10246703075378538
2021-02-23,-0.14181446965295422,813,0.00011679241330882319,-1.7174551169045342,-0.1381300031922028
2021-02-24,-0.015480551478422224,354,0.0,-1.7330524607962652,-0.015597343891730953
2021-02-25,-0.023154922212509664,301,-0.015421664584440343,-1.771629047593215,-0.03857658679694986
2021-02-26,-0.05069458303151969,485,-0.002586213417821349,-1.809488179458116,-0.03785913186490086
2021-02-27,-0.013465118919121617,181,-0.0006204419095432747,-1.8209875268689595,-0.011499347410843574
2021-02-28,-0.0137290271309328,315,-0.0036605616326536496,-1.8377566737230027,-0.016769146854043182
2021-03-01,0.014714883449599628,213,-0.00027007009956894827,-1.8196512987403184,0.018105374982684275
2021-03-02,-0.008138457733909131,236,-5.879996248098421e-05,-1.8275784863371396,-0.007927187596821206
2021-03-03,0.014144874399096024,201,-0.02103179717398223,-1.8344066091495448,-0.006828122812405191
2021-03-04,-0.017708614791372652,238,-0.01608405513139667,-1.8471674818983321,-0.012760872748787344
2021-03-05,-0.015106284524127031,282,-0.0024334010008235023,-1.848623112291886,-0.0014556303935537862
2021-03-06,-0.014262945485208485,102,-0.0003466032018435639,-1.8607992599781145,-0.012176147686228544
2021-03-07,0.009695393708349319,138,-0.001287940515627327,-1.852045203583549,0.00875405639456539
2021-03-08,0.012233717819614463,174,0.0,-1.8385235452483073,0.01352165833524177
2021-03-09,0.011220336526844475,163,0.0,-1.827303208721463,0.011220336526844399
2021-03-10,-0.004709503813783609,173,-0.0023678361779923495,-1.834380548713239,-0.007077339991776066
2021-03-11,0.015475322360974889,222,-0.0006254732368977643,-1.8171628634111694,0.017217685302069574
2021-03-12,-0.011758903114279507,125,0.0,-1.8282962932885511,-0.01113342987738175
2021-03-13,0.010802788824704023,156,-0.0009965132980526066,-1.8184900177618997,0.009806275526651476
2021-03-14,-0.013838682081423748,54,-0.0018302685503414056,-1.8331624550956123,-0.014672437333712596
2021-03-15,-0.02893424614119653,303,-0.009563960523833372,-1.8698303932103009,-0.0366679381146886
2021-03-16,-0.021248285622256027,259,0.00020540175691894847,-1.8813093165518047,-0.0114789233415038
2021-03-17,0.014893367144086983,212,1.7831346597770676e-05,-1.8666035198180388,0.014705796733765819
2021-03-18,0.011894466774511574,171,-0.00825583567676334,-1.8629827200668883,0.003620799751150594
2021-03-19,0.012106500453709193,174,-0.0057404895973632375,-1.848360873533779,0.014621846533109162
2021-03-20,0.008004019976516162,116,-0.004748117575056097,-1.839364481534956,0.008996391998823183
2021-03-21,-0.041382573429913326,97,-0.0018781740831351282,-1.8778771114729482,-0.038512629937992315
2021-03-22,-0.01672904099319403,151,-0.013325729708603106,-1.9060537080916102,-0.02817659661866201
2021-03-23,-0.014313488091741145,158,-0.007958697825368,-1.9150001643001162,-0.008946456208505982
2021-03-24,-0.0313095812566471,163,-0.005923553828837733,-1.944274601560233,-0.029274437260116803
2021-03-25,-0.004933711795631662,265,-0.0012152517869650453,-1.9445000113139919,-0.00022540975375884287
2021-03-26,0.00936102130649079,135,0.0,-1.933923738220536,0.010576273093455768
2021-03-27,0.007597906363283152,108,-0.0027390371501939082,-1.9290648690074468,0.004858869213089312
2021-03-28,0.008765489731214177,126,-0.003020237165855704,-1.9205805792918944,0.008484289715552373
2021-03-29,0.01104708165469554,158,-0.0025405076570369483,-1.9090537681283801,0.011526811163514283
2021-03-30,0.005530852352788285,80,-0.00010444572236701567,-1.901086853840922,0.007966914287458104
2021-03-31,0.00862749299030607,125,-0.00011468242617374057,-1.8924695975544226,0.008617256286499453
2021-04-01,0.004921829136136098,72,-0.00014887845832546037,-1.8875819644504381,0.0048876331039844345
2021-04-02,0.004592915870045032,65,-0.00521533117834283,-1.8880555013004106,-0.0004735368499724224
2021-04-03,-0.013808712460604501,63,-0.0037082058221354296,-1.9003570884048075,-0.012301587104396994
2021-04-04,0.006608292611574387,94,-0.00012837026632812076,-1.8901689602374259,0.010188128167381683
2021-04-05,0.0054283854785387555,78,0.0,-1.8846122044925588,0.005556755744867026
2021-04-06,0.005587526775303657,81,-0.0021516294371198355,-1.881176307154375,0.0034358973381838354
2021-04-07,0.007256137554934722,103,-0.0268342531717011,-1.8986027933340217,-0.017426486179646705
2021-04-08,0.005436552336416963,77,-0.0016335561834334654,-1.867965544009337,0.0306372493246847
2021-04-09,0.004690643309711824,68,-0.0018345016073210763,-1.8634758461235128,0.0044896978858242065
2021-04-10,0.006251834237950029,89,-0.008336145037279273,-1.8637256553155208,-0.00024980919200801033
2021-04-11,0.005577437911934848,78,-0.005395019264854025,-1.8552070916311607,0.008518563684360103
2021-04-12,0.007102462149312434,100,-0.00855223093726875,-1.851261841154263,0.003945250476897755
2021-04-13,0.006649204976278542,95,-0.00012949411298210142,-1.8361898993536978,0.015071941800565147
2021-04-14,0.013119763343976064,188,-0.007328767299962613,-1.8302694091967022,0.005920490156995584
2021-04-15,0.007478724069305736,106,-0.005556624865500062,-1.821018542692934,0.009250866503768274
2021-04-16,-0.031694448222195595,112,-0.0007115470679201832,-1.8478679131175497,-0.02684937042461577
2021-04-17,0.006482014733502213,93,-0.011931606604400803,-1.852605957920528,-0.004738044802978347
2021-04-18,-0.08712390627448871,364,-0.001031095869949827,-1.9288293534605656,-0.07622339554003754
2021-04-19,0.013935246315702157,200,-0.006218660857761826,-1.9200816721326757,0.008747681327889945
2021-04-20,-0.028704227928356495,177,-0.0004439539289497408,-1.94301119313222,-0.022929520999544373
2021-04-21,0.012374358737892109,176,-0.027667807737736,-1.957860688203114,-0.014849495070893948
2021-04-22,-0.05297777508199089,287,-0.0016252441111260201,-1.984795899658495,-0.026935211455380914
2021-04-23,-0.012084505976508664,413,-0.0001402854733752192,-1.9953954469972528,-0.010599547338757898
2021-04-24,-0.011954552052320523,114,7.009073036349223e-05,-2.0071396228458345,-0.011744175848581673
2021-04-25,-0.03495295823410029,130,-9.896829729951148e-05,-2.042261640107598,-0.03512201726176345
2021-04-26,0.013311701491166415,191,-0.00048310671832502643,-2.029334077037457,0.01292756307014109
2021-04-27,0.005928782995674471,86,0.0,-2.0229221873234575,0.006411889713999308
2021-04-28,0.00592188826369758,86,-0.008711819099250237,-2.02571211815901,-0.0027899308355525676
2021-04-29,-0.0175766747106259,119,-0.005022188297876941,-2.039599162068263,-0.013887043909253105
2021-04-30,0.008917153846501907,129,0.0,-2.025659819923884,0.013939342144379196
2021-05-01,0.005133225236407408,72,-0.001899609696784202,-2.0224262043842605,0.0032336155396235355
2021-05-02,-0.010390603819937855,65,-0.001601792308340749,-2.032518990815755,-0.01009278643149436
2021-05-03,0.006059135361009543,86,-0.011493032208660709,-2.0363510953550654,-0.003832104539310599
2021-05-04,-0.02353168001017229,168,-0.03587733749303862,-2.0842670806496155,-0.0479159852945501
2021-05-05,-0.028344361728384063,178,-0.0013991816049409398,-2.0781332864899023,0.006133794159713268
2021-05-06,-0.013855506512004704,187,3.0382112388811936e-05,-2.0905592292845774,-0.012425942794675127
2021-05-07,0.011253209602458382,162,-0.006472703827933735,-2.0858091056224413,0.004750123662136119
2021-05-08,0.010208551550618958,148,4.651313902506588e-05,-2.0690813371048633,0.016727768517577957
2021-05-09,0.01238798506338394,178,-0.0012343339175232028,-2.0579741990980276,0.011107138006835715
2021-05-10,-0.03310767384151682,219,-0.0004124242447634464,-2.090259963266785,-0.0322857641687575
2021-05-11,0.012595635625759239,182,0.0,-2.077251903396262,0.013008059870522892
2021-05-12,-0.09027031683936389,220,-0.0004246691113956874,-2.167946889347022,-0.09069498595075975
2021-05-13,-0.03768069936432289,407,0.0,-2.205202919599949,-0.03725603025292701
2021-05-14,0.012189982672476264,175,-0.013248521464190645,-2.2062614583916638,-0.0010585387917148026
2021-05-15,-0.020320086299003143,258,-0.03217923217503219,-2.245512255401508,-0.03925079700984435
2021-05-16,-0.07746854070921262,353,2.7207679419293892e-05,-2.2907743562562692,-0.04526210085476112
2021-05-17,-0.04690891791268139,474,-0.0020634707166822114,-2.3397739525650523,-0.04899959630878303
2021-05-18,-0.0022080499588798125,367,-0.006654925579757162,-2.3465734573870067,-0.006799504821954461
2021-05-19,-0.2944559408331835,1018,-0.02287259460076687,-2.6572470672412,-0.31067360985419334
2021-05-20,-0.009459027398298684,730,-0.007687785739604103,-2.6515212857783363,0.005725781462863733
2021-05-21,-0.10976920878150583,659,-0.0002502875488134777,-2.7538529963690515,-0.10233171059071511
2021-05-22,-0.0029032015493419055,484,-0.002522367691157952,-2.759028278060738,-0.005175281691686351
2021-05-23,-0.08164317464342379,610,0.0,-2.838149085013004,-0.07912080695226598
2021-05-24,0.01270332743665079,469,-0.0006776059679179599,-2.826123363544271,0.012025721468732709
2021-05-25,0.0026390678416803215,393,-0.0013023955628097327,-2.8241090852974824,0.002014278246788681
2021-05-26,-0.013715694927591187,267,-0.00011614004229469186,-2.836638524704559,-0.012529439407076737
2021-05-27,-0.004185578912003798,200,-0.003656316153764434,-2.8443642797280324,-0.00772575502347328
2021-05-28,-0.058334334011429685,368,-0.0002727008336046849,-2.8993149984193023,-0.054950718691269884
2021-05-29,-0.03355722601554438,287,0.0,-2.932599523601242,-0.033284525181939806
2021-05-30,0.015957236150709153,231,-0.0015005114398882085,-2.9181427988904214,0.014456724710820712
2021-05-31,0.01627507598199874,233,-0.0006008342036642868,-2.9009680456721987,0.017174753218222705
2021-06-01,0.017547080303792678,249,-0.004957104465590741,-2.887777235630333,0.013190810041865841
2021-06-02,0.01184757161720103,169,-0.003150243082533392,-2.8741228026300742,0.013654433000258592
2021-06-03,0.009961519688525954,144,0.0,-2.8610110398590147,0.01311176277105952
2021-06-04,-0.017871884310202365,230,-0.0018762074751932029,-2.8807591316444103,-0.019748091785395605
2021-06-05,-0.023905214540959622,151,-0.0003280983335265455,-2.9031162370437036,-0.022357105399293253
2021-06-06,0.0054101526454112155,79,-0.00011435305894444246,-2.8974923391237097,0.005623897919993848
2021-06-07,-0.026567625061360355,133,-0.023364960430170178,-2.947310571556296,-0.04981823243258621
2021-06-08,-0.042135578249999195,311,-0.002231875721686173,-2.9683130650978113,-0.0210024935415154
2021-06-09,0.021314453746330893,305,0.0,-2.944766735629794,0.02354632946801738
2021-06-10,0.005045691191731935,253,-0.0013958615185935097,-2.9411169059566555,0.003649829673138427
2021-06-11,0.016252391199401417,235,3.388473680305238e-05,-2.9234347685018576,0.017682137454797964
2021-06-12,-0.031226722056487216,145,-0.00020122025823746364,-2.9548965955533855,-0.03146182705152789
2021-06-13,0.0114036875605711,164,-0.001127209797713628,-2.9444188975322905,0.010477698021094994
2021-06-14,0.015244659059266016,218,-0.0021834790371412917,-2.930230507712452,0.014188389819838498
2021-06-15,0.013016157678826577,184,-0.009864004253367548,-2.9248948752498523,0.005335632462599715
2021-06-16,-0.030065806747506165,171,-0.008380215732346851,-2.9534768934763376,-0.028582018226485317
2021-06-17,0.008543221906573747,122,-0.019471512139650853,-2.956024967977068,-0.0025480745007304684
2021-06-18,-0.06816000484888804,192,-0.0015210649594174634,-3.0062345256457226,-0.050209557668654536
2021-06-19,0.0138607684892733,198,-0.007092063657609226,-2.997944755854641,0.008289769791081536
2021-06-20,-0.020398193020748374,226,-0.002895576478456095,-3.0141464616962366,-0.016201705841595526
2021-06-21,-0.029041527732746236,492,-0.026905094740891988,-3.067197507691419,-0.05305104599518229
2021-06-22,-0.06891914588142037,393,-0.005273628665450752,-3.1144851874973978,-0.04728767980597892
2021-06-23,0.014176990365370538,353,-0.003206211594627538,-3.098240780061204,0.016244407436193598
2021-06-24,0.012349208817252332,176,-0.003939276506613997,-3.086624636155938,0.011616143905265996
2021-06-25,-0.037353513485155206,265,-0.009695624527208242,-3.129734497661688,-0.04310986150574969
2021-06-26,-0.028891845566174926,331,0.00040979924087920945,-3.1485209194597754,-0.018786421798087538
2021-06-27,0.0190248385180756,271,9.923129952698062e-05,-3.1298066488830516,0.018714270576723813
2021-06-28,0.014717734394584603,210,-0.005102945078744895,-3.120291090866739,0.009515558016312653
2021-06-29,0.012655057608264039,183,-0.004557789145777684,-3.1070908773255077,0.013200213541231243
2021-06-30,-0.027076701390681128,138,-3.836545947596446e-05,-3.129648155029887,-0.02255727770437943
2021-07-01,-0.024443218991840068,154,-0.0005460575420522477,-3.1545990661043035,-0.024950911074416382
2021-07-02,0.011104171792550514,160,0.0,-3.1429488367697007,0.011650229334602802
2021-07-03,0.006775256586718881,98,-0.0008277920257164106,-3.1370013722086982,0.00594746456100248
2021-07-04,0.002726558330320033,39,-0.00401746077032698,-3.1374644826229887,-0.0004631104142904796
2021-07-05,-0.008718424840593885,97,-0.00675650478138329,-3.1489219514746387,-0.011457468851649999
2021-07-06,0.011260028750848276,159,-0.00634255952580429,-3.1372479774682116,0.011673974006427112
2021-07-07,0.007680655233452439,110,-0.017204784012298236,-3.140429546721253,-0.00318156925304125
2021-07-08,-0.037669749835895695,133,-0.0037691051247730136,-3.1646636176696235,-0.0242340709483706
2021-07-09,0.008166450252814402,117,0.0,-3.152728062292036,0.011935555377587281
2021-07-10,0.004777800697896829,67,-0.005521901476231496,-3.153472163070371,-0.0007441007783346443
2021-07-11,0.00462059323980104,65,-0.0017151762242581165,-3.145044844578597,0.008427318491774027
2021-07-12,-0.023952494710935857,66,-0.0003546538482686809,-3.167636816913543,-0.022591972334946142
2021-07-13,0.007514286795096418,107,-0.004685636065607478,-3.1644535123357853,0.0031833045777576174
2021-07-14,0.006287224539684294,89,-0.0034341349219888895,-3.1569147866524827,0.007538725683302605
2021-07-15,-0.03226519149165508,83,4.1353940995895234e-05,-3.185704489281153,-0.02878970262867009
2021-07-16,0.006618846489878047,96,-0.003996446886358626,-3.183123443618629,0.0025810456625237066
2021-07-17,0.006442532942525462,93,-0.0022937208904863383,-3.1749781846802314,0.008145258938397681
2021-07-18,0.004615529467889625,67,-0.00035323769899642927,-3.168422172020852,0.006556012659379551
2021-07-19,0.006403169380660893,91,-0.01477833329462506,-3.1764440982358195,-0.008021926214967667
2021-07-20,-0.04317743914470464,125,-0.0010418064050136033,-3.205885010490913,-0.029440912255093377
2021-07-21,0.010332047376889454,147,-0.004026773695012773,-3.1985379304040222,0.007347080086890667
2021-07-22,0.0076273463636967005,108,-0.0030009063958976816,-3.1898847167412105,0.008653213662811687
2021-07-23,0.006681185246482813,96,9.018236432874027e-05,-3.1801124427345013,0.009772274006709214
2021-07-24,0.006380390641826267,92,-6.365037886010207e-05,-3.173885884835864,0.006226557898637353
2021-07-25,0.004668739968742883,68,3.8861884845908675e-05,-3.1691146326034154,0.004771252232448564
2021-07-26,-0.012532936550558592,295,-0.002482414764519687,-3.1841688458033395,-0.01505421319992406
2021-07-27,0.015877421478292183,227,0.00014738952786565355,-3.165661620032662,0.018507225770677316
2021-07-28,-0.005829017164404784,170,0.0,-3.1716380267249327,-0.005976406692270508
2021-07-29,0.008151703405297635,119,0.0,-3.163486323319635,0.008151703405297805
2021-07-30,0.010175824088390791,146,0.0,-3.153310499231244,0.010175824088390684
2021-07-31,0.006924394941617838,101,-0.0004605266583885163,-3.1468466309480148,0.006463868283229424
2021-08-01,-0.010188387727799642,97,-0.01905775962528416,-3.17563225164271,-0.028785620694695258
2021-08-02,-0.02792635657556316,91,-0.005025554709095515,-3.1895264033020845,-0.013894151659374465
2021-08-03,0.007316791159651538,103,-0.01769940171962775,-3.1948834591529653,-0.005357055850880865
2021-08-04,0.005923474548586998,85,-0.00036577771146222406,-3.1716263605962127,0.02325709855675262
2021-08-05,-0.03182280651800327,163,-0.0013792882019161708,-3.2044626776046696,-0.032836317008456906
2021-08-06,0.015165404297048076,217,-0.0011942113328750907,-3.1891121964385807,0.015350481166088947
2021-08-07,0.00857760917870296,122,-6.306087875011132e-05,-3.1794034368057527,0.009708759632828023
2021-08-08,0.01573325922222521,224,-0.01297455343569026,-3.176581670140468,0.002821766665284553
2021-08-09,0.009457512839394071,134,-0.00025247509065074803,-3.1544020789560347,0.022179591184433356
2021-08-10,0.009967353795822606,140,-0.007773730253974685,-3.151955980323536,0.002446098632498561
2021-08-11,0.008583517021941371,122,-0.008252964914892094,-3.143851697962512,0.008104282361024229
2021-08-12,-0.021868302551279625,100,-0.0007890312573124046,-3.158256066856212,-0.014404368893699893
2021-08-13,0.0064653659765565395,93,0.0,-3.151001669622343,0.007254397233869003
2021-08-14,0.0014252725578449976,20,-0.004847784919086795,-3.1544241819835848,-0.003422512361241914
2021-08-15,-0.013439717818489197,93,0.0,-3.163016114882987,-0.008591932899402188
2021-08-16,-0.02081837086576092,75,-0.0008878923929213607,-3.1847223781416694,-0.021706263258682412
2021-08-17,0.009983873973307382,143,-0.019346291098118956,-3.1931969028735594,-0.008474524731890032
2021-08-18,0.009110727624526442,128,-0.019463448677105616,-3.1842033328280195,0.008993570045539911
2021-08-19,0.005798347480596248,83,0.0,-3.1589415366703175,0.025261796157701966
2021-08-20,0.0019257285366815799,28,0.0,-3.157015808133636,0.0019257285366816035
2021-08-21,0.00350243329208357,50,-0.00422973243464298,-3.1577431072761954,-0.0007272991425595343
2021-08-22,0.003922709348167034,55,-0.001238620059799533,-3.1508292855531845,0.006913821723010916
2021-08-23,0.005782299272975751,83,-0.004898230056049282,-3.1487065962764587,0.0021226892767258754
2021-08-24,0.0034601321562759274,49,-0.033877789010931025,-3.174226023075065,-0.025519426798606304
2021-08-25,-0.0346844870641711,42,0.0,-3.175032721128305,-0.0008066980532399626
2021-08-26,0.009017215763415187,127,-0.013118579463261082,-3.1791340848281506,-0.004101363699845706
2021-08-27,0.007593993006815687,108,0.0,-3.158421512358074,0.02071257247007674
2021-08-28,0.000407894447040034,6,0.0,-3.158013617911034,0.00040789444704003586
2021-08-29,0.0016430086870509884,23,-0.0037053583782457778,-3.1600759676022285,-0.002062349691194676
2021-08-30,-0.01457466227809619,49,-0.00844373435279805,-3.1793890058548766,-0.019313038252648074
2021-08-31,0.007675914231927985,109,-0.010649883745790168,-3.173919241015941,0.005469764838935465
2021-09-01,0.006979898298373678,100,0.0,-3.156289458971777,0.01762978204416399
2021-09-02,0.0059867711141455265,86,-0.00661085583187937,-3.156913543689511,-0.0006240847177338971
2021-09-03,0.007434231751355926,107,-0.0015567273639974326,-3.144425183470273,0.012488360219237826
2021-09-04,0.0056010167458144305,81,-0.002349681285783854,-3.1396171206462453,0.004808062824027903
2021-09-05,0.0042868819477193745,62,-8.614733703411129e-05,-3.133066704749776,0.006550415896469097
2021-09-06,0.004463278966281865,64,-1.485358481411313e-05,-3.1285321320312742,0.004534572718501995
2021-09-07,-0.08415156575180353,283,-0.0005304477028964811,-3.21319929190116,-0.08466715986988582
2021-09-08,0.014713118366008044,210,-0.0076023792337935455,-3.205558105066049,0.007641186835110947
2021-09-09,0.00990741436405968,142,-0.003697556105388287,-3.191745867573584,0.013812237492464963
2021-09-10,-0.029522297629660847,136,-2.5569070873552048e-05,-3.2175961781687303,-0.025850310595146198
2021-09-11,0.003554215270784547,52,-2.3274588266401406e-05,-3.2140396684153387,0.0035565097533916123
2021-09-12,0.0048340947960449744,69,-0.001055716417391123,-3.2102380154484185,0.003801652966920255
2021-09-13,-0.033542774239408796,159,-0.00023981695499142438,-3.2429648902254273,-0.03272687477700886
2021-09-14,0.006686723789432175,97,0.0,-3.236038349481004,0.006926540744423448
2021-09-15,0.002489131206351946,36,-0.000909941467145153,-3.2344591597417973,0.0015791897392065657
2021-09-16,0.007079337741719321,101,-0.0036027200166712497,-3.2300726005496037,0.004386559192193662
2021-09-17,0.006369594271182105,90,-0.008516752288312822,-3.2286170385500634,0.0014555619995402225
2021-09-18,0.004511762859910955,65,-0.0016194255096107562,-3.2172079489114505,0.01140908963861298
2021-09-19,0.004795182928175035,68,-0.013036172578225477,-3.22382951305189,-0.006621564140439684
2021-09-20,-0.05660696848604707,250,-0.007899222412009497,-3.275299531371721,-0.05147001831983067
2021-09-21,-0.05194288324693702,322,-0.003227261506887438,-3.322570453713536,-0.04727092234181507
2021-09-22,0.01189849743415867,171,3.133360670186755e-07,-3.3074443814364227,0.015126072277113156
2021-09-23,0.0050575677626236585,73,-1.3640226233655643e-05,-3.3024007672361,0.0050436142003227324
2021-09-24,-0.04101713869076119,243,-0.001104337164453643,-3.344508602865081,-0.042107835628980794
2021-09-25,0.01119765959182288,159,-0.0020047372992248445,-3.334211343408029,0.010297259457051844
2021-09-26,-0.02199753648589891,156,-0.0006349689887481598,-3.3548391115834515,-0.020627768175422556
2021-09-27,-0.013212554999972604,68,-0.002853787399124458,-3.3702704849938003,-0.015431373410348836
2021-09-28,0.011176091028669918,158,-0.01960589999524435,-3.3758465065612504,-0.0055760215674500735
2021-09-29,0.006929610070859658,98,-0.00806125893495921,-3.3573722554301058,0.018474251131144648
2021-09-30,0.007687942270075392,111,-0.0006121920686644986,-3.3422352462937353,0.015137009136370505
2021-10-01,0.010479813915188395,151,-0.000693516545329151,-3.331836756855212,0.010398489438523395
2021-10-02,0.005477879630515362,77,-0.004176336888422432,-3.3298416975677894,0.001995059287422496
2021-10-03,0.005429082324716566,77,-0.004165353763391686,-3.3244016321180423,0.005440065449747067
2021-10-04,0.010848487601654773,155,-1.8713711680970983e-05,-3.3094065044646768,0.014995127653365525
2021-10-05,0.0051222420363942695,74,0.0,-3.3042655487166015,0.005140955748075271
2021-10-06,0.01979698872261878,179,-0.0003539815230181131,-3.2848225415170007,0.019443007199600792
2021-10-07,0.011722599826699964,166,-0.012309960028023223,-3.285055920195306,-0.00023337867830530712
2021-10-08,0.009197472891717072,131,-0.013864609795494053,-3.2774130970710593,0.007642823124246689
2021-10-09,0.00601724838074434,86,-0.0028688290288190186,-3.26040006792364,0.017013029147419534
2021-10-10,0.008986629689471929,130,-0.005229711910544938,-3.2537743211158943,0.006625746807745525
2021-10-11,0.008076210152371381,116,-0.00044895985625765687,-3.2409173589092353,0.012856962206658995
2021-10-12,-0.03229158334540315,121,-0.0010187174356491944,-3.27377869983403,-0.032861340924794646
2021-10-13,0.005585157439810459,80,-0.00017782609348097257,-3.267352651052051,0.0064260487819787215
2021-10-14,0.005532279726823691,81,-0.00031668011396180317,-3.2619592253457084,0.005393425706342825
2021-10-15,0.012512067953962125,181,-0.0013939622094563606,-3.250524439487241,0.011434785858467578
2021-10-16,0.006798173483689216,97,-0.007772607814031714,-3.250104911608127,0.0004195278791137014
2021-10-17,0.00706328644632653,100,-0.0031200131689090517,-3.238389030516678,0.011715881091449276
2021-10-18,0.011069135499780598,159,-0.00045719333599426436,-3.2246570751839823,0.013731955332695556
2021-10-19,0.0077082555853971784,112,-4.472692165823303e-05,-3.216536353184249,0.008120721999733238
2021-10-20,0.005467809229720194,78,-0.0024793070153797227,-3.2135031240482506,0.003033229135998461
2021-10-21,-0.012176627656660999,143,-0.018704360396288935,-3.2419048050858206,-0.028401681037570015
2021-10-22,-0.032872281998453406,132,-0.0019209349004351759,-3.25799366158842,-0.01608885650259939
2021-10-23,0.00751954197994203,108,-0.0005130812418360803,-3.249066265949879,0.008927395638540947
2021-10-24,0.007754546106674174,110,-0.0023376638432157123,-3.2431363024445843,0.005929963505294733
2021-10-25,0.005574888625537184,80,-0.0011117787834412712,-3.2363355287592723,0.006800773685311956
2021-10-26,-0.02004444794070409,92,-0.0012640187882676057,-3.256532216704803,-0.020196687945530645
2021-10-27,-0.021538968124597387,141,-0.0024661311652471917,-3.27927329720638,-0.02274108050157686
2021-10-28,-0.023060930296052336,164,-0.003268585249807777,-3.303136681586993,-0.023863384380613084
2021-10-29,0.008664800507306043,125,-0.0015773265290233538,-3.2927806223589022,0.010356059228090686
2021-10-30,0.0032284091243028256,45,-0.003966436603099679,-3.2919413233086754,0.0008392990502268383
2021-10-31,-0.015674939138231495,64,-0.0001492670067114544,-3.3037990928505185,-0.011857769541843144
2021-11-01,0.006640284737182047,96,-0.00117379573804161,-3.2981833368446667,0.005615756005851846
2021-11-02,0.006414317381721269,93,-0.0018407988178240835,-3.2924360225427276,0.005747314301939088
2021-11-03,0.008062883060210427,115,-0.0040200557723118185,-3.286552396437005,0.0058836261057226835
2021-11-04,0.0036228405498123003,51,-0.021252829851268307,-3.300162329966149,-0.01360993352914397
2021-11-05,0.0024255205493883838,34,-0.02875070674124773,-3.30523468630674,-0.005072356340591
2021-11-06,-0.039950253312743475,37,6.256716198744722e-05,-3.316371665716248,-0.011136979409508196
2021-11-07,0.0008322019970660679,12,-1.5480344106989638e-05,-3.3156175112252764,0.0007541544909717146
2021-11-08,0.006152938637429924,89,0.0,-3.3094490922437396,0.00616841898153675
2021-11-09,0.006992151072340808,99,-0.00696955185685867,-3.3094264930282575,2.2599215482088653e-05
2021-11-10,-0.023936281328939425,177,-0.0005379402439420277,-3.32693116274428,-0.01750466971602238
2021-11-11,0.009034343989850632,129,-0.0018685236635492901,-3.319227402174037,0.007703760570243023
2021-11-12,0.008457442372565464,119,-0.005772126362803319,-3.314673562500725,0.004553839673311799
2021-11-13,0.0041286607666532115,58,-0.004187274545761092,-3.30896004991703,0.005713512583695124
2021-11-14,0.0069853448058189585,99,1.0559659887717428e-05,-3.297776870905562,0.011183179011467814
2021-11-15,0.006304639851684205,90,-0.018963298887410395,-3.310446089601176,-0.012669218695613882
2021-11-16,-0.07126874853951845,170,-0.006159847683225634,-3.3689113869365097,-0.05846529733533368
2021-11-17,-0.010174845122682767,119,0.0,-3.3729263843759667,-0.004014997439456991
2021-11-18,0.011757394477431371,168,-0.02677558106486359,-3.387944570963399,-0.015018186587432147
2021-11-19,-0.03323473941941941,72,0.0,-3.3944037293179545,-0.006459158354555683
2021-11-20,0.006084808779551522,87,1.7416976232792454e-05,-3.3883015035621704,0.006102225755784119
2021-11-21,0.005665106197180715,82,-0.004441165819165281,-3.387094980160388,0.001206523401782622
2021-11-22,-0.032712905816774565,151,-0.000730515177549506,-3.4160972353355463,-0.02900225517515853
2021-11-23,0.01114293500197979,161,0.0,-3.404223785156017,0.011873450179529232
2021-11-24,0.007725369689026681,112,-3.861726851861874e-05,-3.396537032735509,0.007686752420508203
2021-11-25,0.004439713880149364,64,-0.00038442285579600414,-3.392443124442637,0.004093908292871706
2021-11-26,-0.05117003929446675,153,-0.004232464948809482,-3.4474612058301175,-0.05501808138748032
2021-11-27,0.006039484154882178,88,0.00011443401686787863,-3.4370748227095578,0.010386383120559728
2021-11-28,0.008265299479834374,120,0.0,-3.428923957246591,0.008150865462966728
2021-11-29,0.005167407388273689,73,-0.003647185487270589,-3.427403735345588,0.0015202219010030937
2021-11-30,0.011540459096475525,163,-0.016206159953247774,-3.42842225071509,-0.0010185153695019267
2021-12-01,0.009509783136404257,134,-0.013858135674930617,-3.4165644433003686,0.01185780741472131
2021-12-02,-0.02742157907736233,134,-0.0007573247715074883,-3.430885211474308,-0.014320768173939236
2021-12-03,-0.027002155917063817,166,-0.001651791790375631,-3.4587818344102397,-0.02789662293593187
2021-12-04,-0.11747493675784228,369,-0.0005859128389784413,-3.5751908922166846,-0.11640905780644495
2021-12-05,0.016861930623505585,244,5.185109675490503e-06,-3.5577378636445256,0.017453028572159024
2021-12-06,0.01671180211108863,239,-0.000589885552460959,-3.5416211321955733,0.016116731448952315
2021-12-07,0.008790358423875187,127,-0.003791168862763358,-3.5360320570820005,0.005589075113572761
2021-12-08,0.007845210681780141,112,-0.0044317896036713,-3.528827467141128,0.0072045899408723635
2021-12-09,-0.03312432602746462,129,-0.0075389500134957,-3.565058953578417,-0.03623148643728902
2021-12-10,0.014254263342115252,203,-0.01742326649046068,-3.560689006713267,0.004369946865150354
2021-12-11,0.012105884279534495,174,0.0,-3.5311598559432715,0.029529150769995294
2021-12-12,0.005109987957259299,74,-0.0026137312802644035,-3.528663599266277,0.0024962566769946015
2021-12-13,-0.04013627783002836,116,-0.0007349257393634719,-3.566921071555404,-0.038257472289127126
2021-12-14,0.010174416004163949,148,-0.0005736651823660759,-3.5565853949942428,0.0103356765611613
2021-12-15,0.012432676706109258,178,-0.000792596050028168,-3.5443716491557953,0.012213745838447476
2021-12-16,0.007225652741944815,104,-0.011893958655482819,-3.548247359019305,-0.003875709863509602
2021-12-17,-0.03936271495629353,113,-0.002364591338812378,-3.5780807066589277,-0.029833347639622865
2021-12-18,0.007730068324263339,112,0.0,-3.5679860469958524,0.010094659663075323
2021-12-19,0.007505995551900422,106,-0.009566419715112661,-3.5700464711590647,-0.002060424163212282
2021-12-20,-0.013035150484502772,85,0.0,-3.573515201928455,-0.003468730769390138
2021-12-21,0.005974733498017031,87,-7.0933123389798706e-06,-3.5675475617427765,0.005967640185678302
2021-12-22,0.003072529296241528,45,-0.0006752722632529273,-3.5651432113974493,0.0024043503453272663
2021-12-23,0.006193090312775605,90,3.283909259360809e-05,-3.558242009728827,0.006901201668622292
2021-12-24,0.003066731638937814,45,-4.172350107970752e-06,-3.555212289532591,0.003029720196236152
2021-12-25,0.003144033267036268,46,-0.0008062500698039391,-3.5528703339852505,0.002341955547340291
2021-12-26,0.004381668415504847,63,-9.175232430507619e-05,-3.547774167824247,0.005096166161003612
2021-12-27,0.0030670100606458067,44,-0.008015192258518588,-3.552630597697815,-0.004856429873568047
2021-12-28,-0.03018550691856524,85,-0.0018843479620835673,-3.576685260319945,-0.024054662622130074
2021-12-29,0.006501122102391246,92,-0.01245890252167876,-3.580758692777149,-0.004073432457203818
2021-12-30,0.0047684794505858455,67,-0.004972355410690818,-3.568503666215575,0.012255026561573956
2021-12-31,-0.028879052811641943,96,-0.0008140067161241441,-3.5932243703326505,-0.02472070411707561
2022-01-01,0.0021662335160479813,31,-0.00011658384856522303,-3.5903607139490434,0.0028636563836070827
2022-01-02,0.004274214157884502,60,-0.0027701181434317793,-3.5887400340860256,0.0016206798630178376
2022-01-03,-0.016122499068349592,59,-6.684243534643651e-05,-3.6021592574462895,-0.01341922336026391
2022-01-04,0.006282980894759423,91,-0.004134885570351539,-3.5999443196865353,0.002214937759754232
2022-01-05,-0.023180861675153812,157,-0.0062937308875256354,-3.6252840266788633,-0.025339706992328015
2022-01-06,0.004150160634851697,58,-0.0112291657321778,-3.626069300888664,-0.0007852742098006793
2022-01-07,-0.01914197694311395,185,-0.008516195373079724,-3.6424983074726796,-0.016429006584015582
2022-01-08,0.007391047122127244,105,-0.0063027344536236585,-3.632893799431096,0.009604508041583415
2022-01-09,0.007483740881232422,107,-0.004321836071856678,-3.623429160168097,0.009464639262999341
2022-01-10,-0.03145606224812376,157,-0.0005716272785350372,-3.6511350136228993,-0.027705853454802476
2022-01-11,0.007354650942568985,106,0.0,-3.643208735401795,0.007926278221104255
2022-01-12,0.0038000110310235815,55,-0.0011101691153800343,-3.6405188934861514,0.002689841915643587
2022-01-13,0.006327672480416247,90,-0.014470067097883853,-3.647551118988239,-0.007032225502087375
2022-01-14,0.004767428324000645,67,-0.008174337005631454,-3.6364879605719858,0.01106315841625305
2022-01-15,0.003958407109467184,56,-0.008605840299565383,-3.6329610567564523,0.0035269038155334442
2022-01-16,0.0034724223022338527,49,-0.008776983025509173,-3.629659777180162,0.003301279576290117
2022-01-17,-0.03686533597979225,57,-0.0002021728063105823,-3.6579503029407556,-0.028290525760593432
2022-01-18,0.006614349251337328,95,-0.00023941832804963675,-3.6513731992111573,0.006577103729598299
2022-01-19,0.0069426889000075796,100,-0.005453087633387551,-3.6496441796164873,0.0017290195946699782
2022-01-20,-0.017518643042391722,88,-0.008865204655920587,-3.6705749396814125,-0.020930760064925114
2022-01-21,-0.0876813840652283,310,-0.0023479299976151132,-3.7517390490883353,-0.08116410940692287
2022-01-22,-0.009454514375004667,364,-0.0015223834417968192,-3.7603680169075218,-0.008628967819186428
2022-01-23,0.013026672078735377,171,-0.0005019775962671953,-3.746320938983257,0.014047077924264961
2022-01-24,-0.024911044481915195,283,-0.0002944493072660551,-3.7710244551761707,-0.024703516192913888
2022-01-25,0.013213457931863263,191,0.0,-3.7575165479370414,0.013507907239129313
2022-01-26,0.012648913659414953,181,-0.022468231273279227,-3.7673358655509057,-0.009819317613864342
2022-01-27,-0.020643076245467275,225,0.0,-3.765510710523094,0.0018251550278116646
2022-01-28,0.008680804444692899,126,-0.0008559435856061795,-3.757685849664007,0.007824860859086957
2022-01-29,0.006560504482512274,94,-0.0008300358479596433,-3.7510994374438487,0.006586412220158433
2022-01-30,0.00585146964079714,84,-0.003126629327357626,-3.7475445612824494,0.0035548761613992674
2022-01-31,0.0065650315167846635,94,-4.201902539018947e-05,-3.7378949194636975,0.009649641818751942
2022-02-01,0.004783112764019195,70,0.0,-3.733069787674288,0.004825131789409465
2022-02-02,0.005659928581629476,81,-0.018358507504250166,-3.745768366596909,-0.012698578922620829
2022-02-03,0.0005746100506841458,8,-0.010013013714081653,-3.736848262756056,0.008920103840852622
2022-02-04,0.009338081792813233,134,-0.00011977644391281894,-3.7176169436930744,0.01923131906298181
2022-02-05,0.0062529130870637014,89,-0.0023728893793131135,-3.713617143541411,0.003999800151663457
2022-02-06,0.005929322456108112,85,-3.9310106409163444e-05,-3.705354241812399,0.008262901729012118
2022-02-07,0.00723584095447593,105,-0.000677566812708547,-3.698756657564222,0.006597584248176691
2022-02-08,-0.0128212382037072,135,-0.00016581920224424736,-3.711066148157465,-0.012309490593243044
2022-02-09,0.007096865613730204,103,0.0,-3.7038034633414907,0.007262684815974474
2022-02-10,0.009162868910688926,131,-0.022105188206542767,-3.7167457826373442,-0.012942319295853544
2022-02-11,-0.020240194857012145,175,-0.013241748049609633,-3.7281225373374234,-0.01137675470007915
2022-02-12,0.004851514112515581,68,-0.016855125492748996,-3.7268844006680473,0.0012381366693761109
2022-02-13,0.004497058459601326,63,-0.02080067573478839,-3.7263328924504853,0.0005515082175620023
2022-02-14,0.005346937421818608,75,-0.010990663965318045,-3.711175943259196,0.015156949191289293
2022-02-15,0.0033885309819720053,49,-0.00014456831708073155,-3.696941316628987,0.014234626630209135
2022-02-16,0.003002754656237216,42,-0.0038087045663438733,-3.697602698222013,-0.0006613815930260891
2022-02-17,-0.041300541325499644,75,-0.002637838093591672,-3.7377323730747607,-0.040129674852747765
2022-02-18,0.006551333532820832,92,-0.01028742802795437,-3.7388306294763023,-0.0010982564015415974
2022-02-19,0.0012917294383920465,18,-0.008526618667211983,-3.735778090677168,0.0030525387991344743
2022-02-20,-0.024252868927472967,53,-0.0081570007325191,-3.759661341669948,-0.023883250992779992
2022-02-21,-0.04601634104753026,164,-0.0045589638057204505,-3.802079645790679,-0.04241830412073133
2022-02-22,0.013625711138964974,196,0.0,-3.783894970845994,0.01818467494468523
2022-02-23,-0.01931169604189877,75,-0.0015822555666732594,-3.804788922454566,-0.020893951608571992
2022-02-24,0.002762837063933302,357,-0.00327471770752181,-3.803718547531481,0.0010703749230849269
2022-02-25,0.015883342543863983,227,-0.0012005879393411666,-3.7857610752194364,0.017957472312044587
2022-02-26,0.007058442237353105,102,-0.002262655777670549,-3.7797647008204125,0.005996374399023896
2022-02-27,-0.03265801174323824,152,-0.0003630652838301499,-3.8105231220698106,-0.030758421249398094
2022-02-28,0.01071314212022188,155,-0.004730798381723479,-3.804177713047482,0.0063454090223284965
2022-03-01,0.013062641152862542,187,-4.6831257851017826e-05,-3.7864311047707475,0.017746608276734577
2022-03-02,0.010963904932204897,159,-0.001750023068534726,-3.777170391649226,0.009260713121521658
2022-03-03,-0.026724671839509287,91,-0.0005740555450923647,-3.802719095965293,-0.025548704316066928
2022-03-04,-0.031050695935261177,128,-0.011129249897842053,-3.8443249862533033,-0.04160589028801054
2022-03-05,0.0008625331112621973,12,-0.007341553822148368,-3.8396747570663474,0.004650229186955901
2022-03-06,-0.018037894140380522,112,-0.0037884491522593112,-3.854159546536839,-0.014484789470491588
2022-03-07,0.012781554982525522,182,-0.007858052259325064,-3.845447594661379,0.008711951875460144
2022-03-08,0.015170523046443002,219,-0.0014140912463959112,-3.8238331106020067,0.021614484059372163
2022-03-09,0.010019222640002266,144,-0.0029384267334211117,-3.8153382234490296,0.008494887152977082
2022-03-10,-0.02979429885043689,151,-0.0032917476430526856,-3.845485843209098,-0.030147619760068523
2022-03-11,0.008483405623092171,120,-0.01931489233650919,-3.8530255822794626,-0.007539739070364426
2022-03-12,0.003777254222896124,53,-0.0174455714397075,-3.847379007159765,0.005646575119697683
2022-03-13,-0.04184864120008851,46,-0.0035310619037392257,-3.875313138823885,-0.027934131664120176
2022-03-14,0.007721347729176647,110,-0.00028040106745765855,-3.8643411302584267,0.010972008565458324
2022-03-15,0.007164255814155783,102,-0.003181153200793101,-3.8600776265776067,0.004263503680820069
2022-03-16,-0.006165186485261697,189,-0.000883117444536346,-3.8639447773066116,-0.003867150729004898
2022-03-17,0.005707848697135903,81,-0.0017562339476713527,-3.859110045112611,0.004834732194000768
2022-03-18,0.006108936228887436,87,-0.0002729214441843273,-3.8515177963802363,0.007592248732374518
2022-03-19,0.002458567157472488,36,0.0,-3.8487863077785796,0.0027314886016567286
2022-03-20,0.0041515155491522165,60,-0.0033823721080052487,-3.8480171643374326,0.00076914344114698
2022-03-21,0.00596212616676877,85,-0.0060975873726341326,-3.8447702534352928,0.003246910902139799
2022-03-22,0.006063855335480381,86,-0.006665534182760727,-3.839274344909939,0.005495908525353865
2022-03-23,0.003005487787598529,42,-0.001765637336528267,-3.831368960276108,0.007905384633831058
2022-03-24,0.006549307777914657,94,4.041772506497578e-05,-3.8230135974365997,0.008355362839508107
2022-03-25,0.004209235148305024,60,-0.0035198371961742336,-3.822364617209534,0.0006489802270657208
2022-03-26,0.0018463955231052796,26,-0.0019182233699365243,-3.818916607860191,0.003448009349343195
2022-03-27,0.0032860649723085943,47,-0.0002184083702644585,-3.81393072788821,0.0049858799719806335
2022-03-28,0.005300384371493263,77,-0.0018175057335601168,-3.8102294408800126,0.003701287008197607
2022-03-29,0.004042512526044181,59,-0.00036333009824321747,-3.804732752718651,0.005496688161361618
2022-03-30,0.0046268224395667875,67,-0.0021606020110718615,-3.8019032021919132,0.002829550526737723
2022-03-31,0.0036515132384865546,52,-0.021570614923494123,-3.8176617018658487,-0.0157584996739355
2022-04-01,-0.031962094297954886,83,-0.00107188824598996,-3.8291250694862997,-0.01146336762045097
2022-04-02,0.005291437405739703,75,-0.010789811137537027,-3.833551554972107,-0.004426485485807152
2022-04-03,0.004784221559683545,68,-0.005825854082103793,-3.8238033763569903,0.009748178615116565
2022-04-04,0.0054670426600404,77,-0.004303843209204948,-3.816814322824051,0.006989053532939327
2022-04-05,0.004178135301406488,59,-0.020636209244934194,-3.828968553558374,-0.01215423073432298
2022-04-06,-0.03439458702603165,108,-0.026555401972062933,-3.869282333311534,-0.040313779753160084
2022-04-07,0.0012226496941384949,17,-0.02053388225892937,-3.8620381639042622,0.007244169407271794
2022-04-08,-0.03630172012889322,52,-0.008230493361078244,-3.8860364951353046,-0.023998331231042336
2022-04-09,0.002467909800186811,35,-0.0024175324144003942,-3.8777556243884397,0.008280870746864899
2022-04-10,0.0032118736519687577,46,-0.008505884707068954,-3.8806321030291393,-0.00287647864069962
2022-04-11,-0.030198152827297167,73,-0.015206942855729757,-3.917531314005097,-0.03689921097595761
2022-04-12,0.0028623255160261383,40,-0.008571161109706855,-3.908033206743048,0.009498107262048805
2022-04-13,0.005055045748197373,72,-0.0015394114402958337,-3.89594641132544,0.012086795417608265
2022-04-14,0.002449428643154695,35,-0.017362331459846236,-3.9093199027018355,-0.013373491376395652
2022-04-15,0.0032849516522061896,46,-0.006817235721912576,-3.8954898553116957,0.013830047390139821
2022-04-16,0.0012818480697152457,18,-0.009125492015860449,-3.8965162635359283,-0.0010264082242326111
2022-04-17,0.002288932351965921,32,-0.02142920881445735,-3.906531047982559,-0.010014784446630731
2022-04-18,-0.03143632466687863,79,-0.0008468344204309375,-3.9173849982554114,-0.010853950272852408
2022-04-19,0.003876600916364287,56,-0.00014095005128197962,-3.9128025129698982,0.004582485285513194
2022-04-20,0.00315766329451802,46,-0.0005393904621956416,-3.910043290086294,0.0027592228836041954
2022-04-21,-0.02318389805214163,66,-0.001471704830093529,-3.934159502506333,-0.02411621242003914
2022-04-22,0.004175520999405068,59,-0.009609424190289487,-3.938121700867124,-0.003962198360790925
2022-04-23,7.198160816000013e-05,1,-0.013587766484820966,-3.942028061553496,-0.003906360686372068
2022-04-24,-0.02041763914956565,15,-0.001018371398528665,-3.9498763056167694,-0.007848244063273224
2022-04-25,0.00791656078244182,113,-0.0002890753449055316,-3.9412304487807046,0.00864585683606478
2022-04-26,-0.01281505659078395,91,-0.006982948814455684,-3.9607393788410388,-0.019508930060334162
2022-04-27,0.00940131271544766,134,-0.0002551120577523433,-3.944610229368888,0.01612914947215094
2022-04-28,0.005494324600221239,80,0.0,-3.9388607927109143,0.005749436657973561
2022-04-29,0.006717960263521929,96,-0.010499927555405183,-3.9426427600027973,-0.0037819672918830705
2022-04-30,0.002563926114794083,36,-0.03217756816529944,-3.9617564744978977,-0.019113714495100353
2022-05-01,0.002786623855825115,39,-0.012992218631701776,-3.9397845011084747,0.021971973389423027
2022-05-02,0.00884335147637691,125,-0.011158298432483059,-3.929107229432879,0.010677271675595623
2022-05-03,0.002213045621246916,31,-0.029061789596842417,-3.9447976749759914,-0.015690445543112386
2022-05-04,0.006914501077884277,99,-2.2697042204126775e-06,-3.9088236540054853,0.03597402097050617
2022-05-05,-0.06591333400074295,112,0.0,-3.974734718302008,-0.0659110642965226
2022-05-06,0.0102470647492838,148,-0.0019611946529833105,-3.966448848205707,0.008285870096300663
2022-05-07,0.003884885452039748,55,-0.009552030045511032,-3.9701547981461953,-0.003705949940488118
2022-05-08,-0.04686308522016712,63,-0.0051403036673674345,-4.012606156988219,-0.042451358842023446
2022-05-09,-0.03940014034570778,290,-0.027792379418328107,-4.074658373084887,-0.06205221609666811
2022-05-10,-0.023203590733088017,306,-0.007844169890798475,-4.077913754290446,-0.003255381205558905
2022-05-11,-0.07649308265288554,513,-0.0007332149774110851,-4.147295882029944,-0.06938212773949815
2022-05-12,-0.01175256936629989,593,-0.00309823923311437,-4.161413475651948,-0.01411759362200371
2022-05-13,-0.019856065475953394,286,-0.0005601021475320791,-4.178731404042319,-0.01731792839037105
2022-05-14,0.012523849413449823,180,0.0,-4.165647452481337,0.013083951560981966
2022-05-15,0.008761874720737337,126,0.0,-4.156885577760599,0.008761874720737417
2022-05-16,0.0067528117704108905,95,-0.017193257550346883,-4.167326023540536,-0.010440445779936525
2022-05-17,0.010007525612119168,142,-0.0043543354088863215,-4.144479575786956,0.02284644775357947
2022-05-18,-0.034503618666478705,115,-0.00845145810186951,-4.183080317146418,-0.038600741359461566
2022-05-19,0.010642524709706261,152,-0.0006004950487920116,-4.164586829383634,0.018493487762784255
2022-05-20,-0.011726816510092577,127,-0.0006780397473623167,-4.176391190592297,-0.011804361208663572
2022-05-21,0.003954015312012544,57,-0.0006269297249358347,-4.172386065257858,0.004005125334439086
2022-05-22,0.00144969723687617,21,-0.000655253121239769,-4.170964691417286,0.001421373840572393
2022-05-23,-0.01577898308686528,112,-0.002204270936420383,-4.188292692319332,-0.017328000902046448
2022-05-24,0.007532768676986337,108,-0.00024205518643679393,-4.178797707892362,0.009494984426970277
2022-05-25,0.0049894220372270065,73,-0.0008837353057619964,-4.1744499659744605,0.004347741917901438
2022-05-26,0.010089496142790635,145,-0.004368275287729346,-4.167845009813637,0.006604956160823683
2022-05-27,0.00834926271798118,118,-0.01793923044185084,-4.173066702249777,-0.005221692436140124
2022-05-28,0.0029874376264182687,42,-0.0074143067674989575,-4.159554340949008,0.013512361300769271
2022-05-29,0.0023749373345086297,34,-0.001485273393994007,-4.151250370240994,0.008303970708013253
2022-05-30,0.007769004613209873,112,-0.0020410602110728293,-4.144037152444863,0.007213217796131488
2022-05-31,0.006702559298105262,96,-0.003500467953943015,-4.138794000889628,0.005243151555235137
2022-06-01,-0.03477180546172014,99,-0.010130393237998546,-4.180195731635404,-0.041401730745776355
2022-06-02,0.0063897306507103655,90,-0.0006896893589433913,-4.164365297105639,0.01583043452976529
2022-06-03,0.0021197002184131734,30,-0.012878230058730622,-4.174434137587013,-0.010068840481373798
2022-06-04,0.0006470045266347366,9,-0.009087982125484381,-4.169996885127131,0.004437252459881691
2022-06-05,0.0018597377184908805,26,-0.007904876844438578,-4.166954042127594,0.00304284299953661
2022-06-06,0.004641130917334382,66,-0.002202399563045264,-4.156610433928867,0.010343608198727594
2022-06-07,-0.01592225931566418,103,-0.0018694278857774049,-4.172199721567263,-0.015589287638396065
2022-06-08,-0.004576075098380529,147,-0.005422573177699891,-4.1803289419575655,-0.008129220390302727
2022-06-09,0.0049738803037542335,71,-0.0070837091405060535,-4.177016197616617,0.0033127443409481927
2022-06-10,-0.033879454755476095,78,-0.0014995612299068413,-4.205311504461494,-0.028295306844876578
2022-06-11,0.006240789400841539,88,-0.014801881528899875,-4.212373035359645,-0.007061530898151425
2022-06-12,-0.03276924408579656,144,-0.031751328957628534,-4.2620917268741705,-0.049718691514525126
2022-06-13,-0.15448154915219567,388,-0.014367700826124225,-4.399189647894862,-0.13709792102069152
2022-06-14,-0.12180728638068486,428,0.0,-4.506629233449423,-0.10743958555456068
2022-06-15,-0.02241705070490719,500,-0.0010337609749014915,-4.530080045129231,-0.023450811679808226
2022-06-16,-0.048909368383518746,204,-0.008506126157835319,-4.586461778695683,-0.05638173356645204
2022-06-17,0.01558517977299169,224,-0.008059961484828487,-4.570430434249685,0.016031344445997853
2022-06-18,-0.08093164953636928,316,-0.001554696547132729,-4.644856818848358,-0.07442638459867279
2022-06-19,-0.010844200211243573,396,-0.0008379581827604487,-4.6549842806952295,-0.010127461846871633
2022-06-20,-0.009895558624812182,305,-0.004236894278415454,-4.668278775415697,-0.013294494720467398
2022-06-21,0.012627218930175774,180,-0.02023168365521138,-4.671646345862317,-0.0033675704466205048
2022-06-22,-0.013725762349591553,196,-0.022370967496095354,-4.687511392052793,-0.01586504619047524
2022-06-23,0.01379605763417322,197,0.0,-4.651344366922524,0.03616702513026837
2022-06-24,0.006883947718537539,98,-0.002352979192356385,-4.646813398396343,0.004530968526180956
2022-06-25,0.007832067797253475,111,-0.0003734588604857764,-4.637001810267218,0.00981158812912497
2022-06-26,0.007218382524818921,103,-0.013198808913626545,-4.642608777795541,-0.005606967528322571
2022-06-27,0.0034667017146754833,49,-0.024431027557517394,-4.650374294724756,-0.007765516929215011
2022-06-28,-0.038442874280567994,46,-0.0038532717659432014,-4.66823941321375,-0.01786511848899419
2022-06-29,0.009393208255241354,132,-0.007816215663156803,-4.662809148855722,0.005430264358028403
2022-06-30,-0.04912285092643328,95,8.018436392881574e-05,-4.704035599755069,-0.04122645089934718
2022-07-01,-0.015406874265645689,156,-0.015983378667034857,-4.735506037051679,-0.03147043729661014
2022-07-02,0.0005750229184747561,8,-0.016653151792862603,-4.735600787259032,-9.475020735294493e-05
2022-07-03,-0.029249622367183353,61,-0.0030786752532846896,-4.751275933086638,-0.015675145827605874
2022-07-04,0.007581314262079915,109,0.0,-4.740615943571274,0.010659989515364288
2022-07-05,-0.0121850316217987,128,-0.007547159609103123,-4.760348134802176,-0.01973219123090253
2022-07-06,0.010643776649324617,150,-0.0007709191572176299,-4.742928117700966,0.017420017101209773
2022-07-07,0.006500481821241685,94,-0.00018862222342604738,-4.735845338945933,0.007082778755033381
2022-07-08,-0.0038742632429732307,171,-0.001344992826180334,-4.74087597279166,-0.005030633845726662
2022-07-09,0.00685875694185782,99,-0.0024000573495429074,-4.735072280373164,0.00580369241849521
2022-07-10,0.0036122352921525744,51,-0.026479618960167133,-4.755539606691636,-0.020467326318471812
2022-07-11,-0.03381091285174914,97,-0.014989676975360331,-4.777860577558578,-0.02232097086694207
2022-07-12,-0.01797551923393814,95,-0.015198551519801831,-4.796044971336959,-0.018184393778380326
2022-07-13,0.01275189289885846,182,0.0,-4.768094526918298,0.02795044441866068
2022-07-14,0.008271432774126009,119,-0.0030443481238091805,-4.762867442267981,0.005227084650316627
2022-07-15,0.010585338308801415,153,-0.0012229195352689436,-4.75046067537064,0.012406766897341548
2022-07-16,0.00687504788527136,98,-0.003977457082970561,-4.74634016503307,0.004120510337569883
2022-07-17,0.0072239939347532745,102,-0.021111383680525286,-4.7562500976958715,-0.009909932662801602
2022-07-18,0.013802205919936195,196,-0.0019253333421623007,-4.723261841437573,0.0329882562582986
2022-07-19,0.021240626027124405,303,-0.002836949575180105,-4.702932831643467,0.020329009794106234
2022-07-20,-0.00628909449362574,222,-0.0028399941791234086,-4.709224970741036,-0.006292139097569205
2022-07-21,0.012705123173431867,180,-0.004120475002344503,-4.697800328390825,0.011424642350211123
2022-07-22,0.01011866929083338,145,-0.015377853259674876,-4.698939037357321,-0.0011387089664962602
2022-07-23,-0.03181402589734785,110,-0.00042855490097146886,-4.715803764895966,-0.01686472753864532
2022-07-24,0.00321493129792235,47,-5.401435352712135e-05,-4.712214293050599,0.003589471845367065
2022-07-25,0.008429335315614118,119,-0.03726410955039863,-4.740995052931857,-0.028780759881257723
2022-07-26,-0.03398112362941291,126,-0.00016633353250387493,-4.737878400543376,0.0031166523884813557
2022-07-27,0.009572313244909937,137,-0.00018381150416191554,-4.728323565270124,0.00955483527325196
2022-07-28,0.012218757124275385,174,-0.002824342421775326,-4.718745339063462,0.00957822620666171
2022-07-29,0.012416869489203277,176,-0.00868058686199128,-4.712184714014474,0.0065606250489880225
2022-07-30,0.008043502569801856,115,-0.014371945841253347,-4.709832570423934,0.0023521435905395904
2022-07-31,0.00659753024745224,93,-0.027008568964834518,-4.715871663300064,-0.006039092876129359
2022-08-01,-0.03252688776791435,94,-0.0014319638867201514,-4.722821945989863,-0.006950282689799359
2022-08-02,0.010402467062846601,148,-0.006509170248161745,-4.717496685288459,0.005325260701404488
2022-08-03,0.007072424471360326,102,-0.009890524560250049,-4.7138056151291865,0.0036910701592720585
2022-08-04,0.007129625027982995,101,-0.018286496235472113,-4.715071961776426,-0.001266346647239125
2022-08-05,0.008378790661965901,120,-0.0008535439320580811,-4.689260218811046,0.025811742965379914
2022-08-06,0.0019438919409077778,28,-0.006977501062395448,-4.693440284000475,-0.004180065189429705
2022-08-07,0.002579778153178266,37,-0.002713216252150348,-4.686596221037052,0.006844062963422992
2022-08-08,0.005372167541918739,77,-0.0044757426142913795,-4.682986579857275,0.0036096411797776895
2022-08-09,-0.02637032121994263,39,-0.0002606544731766028,-4.705141812936103,-0.02215523307882794
2022-08-10,0.0089880004175812,128,-0.0015383202820389748,-4.697431478327384,0.0077103346087188385
2022-08-11,0.006679042816952501,97,-0.005384786548053487,-4.694598901776446,0.0028325765509382705
2022-08-12,0.006230713111029138,89,-0.00011088758448972302,-4.683094289701852,0.01150461207459319
2022-08-13,0.003341169775206006,49,-1.7929720612123992e-05,-4.679660162062769,0.003434127639083684
2022-08-14,0.0013364168252885298,19,-0.009844869687691753,-4.68815068520456,-0.008490523141791328
2022-08-15,-0.018927294275065825,110,-0.0010739868991579173,-4.698307096691092,-0.010156411486532235
2022-08-16,0.005731440010987904,82,-0.004648977986204078,-4.696150647767151,0.0021564489239409568
2022-08-17,0.004993080694695003,71,-0.019448554229170616,-4.705957143315422,-0.009806495548271066
2022-08-18,0.0009334796077404523,13,-0.025162055688577944,-4.71073716516709,-0.004780021851667371
2022-08-19,-0.05969152485084724,142,-0.029578728121731318,-4.7748453624510905,-0.06410819728400075
2022-08-20,0.005289045481367228,74,-0.015629237758898924,-4.755606826606891,0.019238535844199767
2022-08-21,0.006119489376370826,87,-0.0036241506971935993,-4.7374822501688145,0.01812457643807619
2022-08-22,0.00739091067252108,104,-0.006069758220302783,-4.732536947019402,0.004945303149412439
2022-08-23,0.006894351868324597,98,-0.0033752598814518987,-4.722948096812226,0.009588850207175703
2022-08-24,0.005399012240826815,77,-0.008134310543478842,-4.722308135233427,0.0006399615787993085
2022-08-25,0.003961924473093199,57,-0.0038450729814075214,-4.714056973198263,0.008251162035164405
2022-08-26,-0.03008109138986191,122,-0.007418005662980712,-4.747710997269698,-0.03365402407143492
2022-08-27,0.0012923525265831671,18,-0.014466154862326637,-4.753466793942461,-0.005755796672763047
2022-08-28,-0.026441023750447847,4,-0.003267380466706843,-4.768709043297289,-0.015242249354828097
2022-08-29,0.0036027327511712684,52,0.0,-4.76183893007941,0.006870113217878782
2022-08-30,-0.011833835203449185,70,-0.0013370470187942162,-4.775009812301653,-0.013170882222243385
2022-08-31,0.007917586418636005,112,-0.0055445611500956615,-4.771299740014318,0.003710072287335109
2022-09-01,0.0032970718151470765,46,-0.00379395519078616,-4.766252062239861,0.005047677774457249
2022-09-02,0.004124147523161808,58,-0.008995949228310526,-4.767329908754224,-0.0010778465143630456
2022-09-03,0.0001439632163200018,2,-0.012849968148379695,-4.771039964457973,-0.003710055703749049
2022-09-04,0.0,0,-0.007439691505001529,-4.765629687814595,0.005410276643377898
2022-09-05,7.19816081600009e-05,1,-0.013497516870209723,-4.771615531571643,-0.005985843757048137
2022-09-06,-0.03095865245017216,57,-0.013330442757516145,-4.8024071099091215,-0.030791578337478143
2022-09-07,0.004082240281899682,58,-0.0020078687635504055,-4.787002295633257,0.015404814275864709
2022-09-08,0.006480838184320636,93,-0.0016821343629456241,-4.7801957230483305,0.006806572584926229
2022-09-09,0.006491160096515414,94,0.0,-4.77202242858887,0.008173294459460578
2022-09-10,0.00416839573302084,59,-0.0009079211680038574,-4.768761954023853,0.0032604745650166578
2022-09-11,0.006295910000850499,90,3.418235176702629e-05,-4.761523940503232,0.007238013520621145
2022-09-12,0.007900003579067507,113,-0.0001377704925334867,-4.7537958897684645,0.0077280507347676775
2022-09-13,-0.04454710574320692,157,-0.0028957082382713275,-4.801100933257409,-0.0473050434889446
2022-09-14,0.00879079203835798,125,-0.0025447187875071915,-4.791959151768287,0.009141781489121925
2022-09-15,0.007295376506806712,103,-0.01895356459281751,-4.8010726210667904,-0.009113469298503318
2022-09-16,-0.030985191125670976,26,6.364700389734224e-05,-4.8130406005957465,-0.011967979528956008
2022-09-17,0.001336253746425132,19,-0.00019214131809475594,-4.811960135171314,0.0010804654244322975
2022-09-18,-0.015050817635973605,39,-0.0004197614174550335,-4.827238572906648,-0.015278437735333661
2022-09-19,-0.006753378192365156,149,-0.0006555936817706492,-4.834227783363328,-0.006989210456680439
2022-09-20,0.009688025353966049,137,-0.020694834353219782,-4.844578998680812,-0.010351215317483842
2022-09-21,-0.015788825132104632,227,-0.0014062521312658478,-4.841079241590962,0.003499757089850064
2022-09-22,0.011928724144974472,170,-0.000337623679996952,-4.828081888994719,0.012997352596243239
2022-09-23,0.005647798340154195,80,-0.0014135278080349932,-4.823509994782603,0.004571894212116234
2022-09-24,0.005324183633934276,75,-0.010316534603676304,-4.827088817944309,-0.003578823161706879
2022-09-25,0.003138705580467922,44,-0.01625485532838445,-4.829888433088549,-0.0027996151442399864
2022-09-26,0.00694929422874179,98,-0.0025006660618061426,-4.80918494959323,0.020703483495319475
2022-09-27,-0.0189423649282312,167,-0.0036763737857072776,-4.8293030222453615,-0.020118072652131502
2022-09-28,0.009234455228770732,132,-0.0017197281067779738,-4.818111921337662,0.011191100907699258
2022-09-29,0.010843249141366123,156,-0.00011921847398656564,-4.805668162563505,0.012443758774157487
2022-09-30,0.008596611699978215,123,-0.014385832772838399,-4.811338165162378,-0.005670002598873403
2022-10-01,-0.019906672155059337,18,-0.00019381784235762903,-4.817052822386957,-0.005714657224578978
2022-10-02,0.003371814794729775,48,-0.00295130580225996,-4.81643849555213,0.0006143268348273168
2022-10-03,0.0065220446017027,94,0.0,-4.806965145148166,0.009473350403963465
2022-10-04,0.0062755763958411695,90,-0.00018378588715822373,-4.800873354639483,0.006091790508683026
2022-10-05,0.006225417782013114,89,-0.002008336595865145,-4.796472487566177,0.004400867073306003
2022-10-06,0.0064046305060300405,92,-0.006915280096517908,-4.7949748005608,0.001497687005377557
2022-10-07,0.0016276361382164591,23,-0.022728919581132392,-4.809160803907197,-0.014186003346397413
2022-10-08,0.0,0,-0.02747861127468672,-4.8139104956007515,-0.004749691693554325
2022-10-09,0.0,0,-0.026586535050070123,-4.813018419376135,0.0008920762246162894
2022-10-10,-0.0351005851500093,44,-0.0034326129963466443,-4.824965082472421,-0.011946663096285448
2022-10-11,0.0033254233700302466,47,-0.005153131428984001,-4.8233601775350285,0.001604904937392071
2022-10-12,0.002116779134191578,30,-0.0029580239284190493,-4.819048290900271,0.004311886634757123
2022-10-13,-0.029123209761726755,80,-0.0005094587396903743,-4.84572293547327,-0.026674644572998396
2022-10-14,0.003322336542599009,48,-0.004694965762270036,-4.84658610595325,-0.0008631704799801909
2022-10-15,0.001336333683614062,19,-0.0077025010118883346,-4.848257307519254,-0.001671201566003866
2022-10-16,0.0020213882768325745,29,-0.002856988202144114,-4.841390406432677,0.0068669010865765046
2022-10-17,0.002816459091145124,41,-2.3193505624133054e-05,-4.835740152645013,0.005650253787664816
2022-10-18,0.003442545236457589,50,-0.0020869817556966033,-4.834361395658627,0.0013787569863854543
2022-10-19,0.0021680165972481837,31,-0.006389783860980553,-4.836496181166663,-0.002134785508036252
2022-10-20,0.003026707153813854,43,-0.009609085587701582,-4.83668877573957,-0.00019259457290665694
2022-10-21,0.0033984792858284536,48,-0.005738129114234538,-4.829419339980275,0.007269435759295284
2022-10-22,0.0004192539333644265,6,-0.0046781339640102225,-4.827940090896686,0.001479249083589096
2022-10-23,0.0018612526650334572,27,2.931447169102542e-05,-4.821371389795951,0.006568701100734486
2022-10-24,0.002282365966786813,33,-0.0016581188904072927,-4.820776457191263,0.0005949326046881254
2022-10-25,0.0043787959705554,63,-0.003268227436176019,-4.818007769766476,0.0027686874247869753
2022-10-26,0.006706978292905289,96,-0.001720318053963046,-4.809752882091358,0.008254887675118283
2022-10-27,0.004362382783028232,61,-0.013682613759143073,-4.81735279501351,-0.007599912922152008
2022-10-28,-0.018005661347774624,42,0.0,-4.821675842602141,-0.004323047588631113
2022-10-29,0.0035214584151746914,50,-0.002002401441616704,-4.820156785628583,0.0015190569735574755
2022-10-30,0.0023463596162149997,33,-0.00521996736248924,-4.82102799193324,-0.0008712063046569796
2022-10-31,0.0016401195566170448,23,-0.00980608541948479,-4.823973990433619,-0.002945998500378799
2022-11-01,0.0010764077072408064,15,-0.010045909880280986,-4.823137407187175,0.0008365832464445333
2022-11-02,-0.023190719719563394,29,2.118627449767781e-06,-4.8362800983990075,-0.013142691211832869
2022-11-03,0.002633818946851373,38,-0.0007822826697321916,-4.834430680749338,0.0018494176496695047
2022-11-04,0.004864800538457689,70,-0.00045682137533705185,-4.829240418916486,0.005190261832852094
2022-11-05,0.0019131679682784374,28,-0.0001087997436448428,-4.826979229316515,0.002261189599971125
2022-11-06,0.0014449164907553889,21,-0.005585594989349391,-4.831011108071464,-0.0040318787549491475
2022-11-07,0.0032575929718551945,46,-0.016210988915000876,-4.83837890902526,-0.007367800953796078
2022-11-08,-0.11812684209976078,338,-0.000992994228732213,-4.9412877564387525,-0.10290884741349249
2022-11-09,-0.08641661629903194,478,0.0005471827221400384,-5.0261641957869125,-0.08487643934816003
2022-11-10,0.025940523224213172,357,-0.006372893380246113,-5.007143748665085,0.01902044712182782
2022-11-11,-0.025555325429632125,249,-0.0008392978136141662,-5.027165478528085,-0.020021729863000104
2022-11-12,0.006766083871673485,96,-0.006798754438086524,-5.026358851280883,0.0008066272472015967
2022-11-13,0.0028539432265098355,40,-0.03118359742198994,-5.0478897510382765,-0.021530899757393307
2022-11-14,-0.023981685848951998,220,-0.011091951336534312,-5.051779790801773,-0.0038900397634966666
2022-11-15,0.010052120217074648,143,-0.0038859273058208747,-5.034521646553985,0.017258144247787932
2022-11-16,0.004964596319164397,70,-0.012664253131487323,-5.038335376060488,-0.0038137295065023835
2022-11-17,0.003147349316738319,44,-0.011296856131577548,-5.03382062974384,0.004514746316647944
2022-11-18,0.003813134164005349,54,-0.010947696517646469,-5.029658335965903,0.004162293777937087
2022-11-19,0.0008551196935145493,12,-0.010937518227253059,-5.028793037981996,0.0008652979839069985
2022-11-20,-0.03938400131047917,22,-0.00022287877240250654,-5.057462399837624,-0.02866936185562796
2022-11-21,-0.017433899004517514,119,-0.0001926380952630389,-5.074866058165002,-0.017403658327378224
2022-11-22,0.00644920136794908,93,-0.0003456769420446365,-5.068569895643835,0.006296162521167048
2022-11-23,0.0039033399212458613,57,0.0,-5.064320878780544,0.004249016863290933
2022-11-24,0.00020394722351999418,3,0.0,-5.064116931557024,0.00020394722352001793
2022-11-25,0.001432458921810696,21,0.0,-5.062684472635213,0.0014324589218110972
2022-11-26,0.0008184891460245021,12,-0.00013936179878204464,-5.06200534528797,0.0006791273472428472
2022-11-27,0.0004766468384386479,7,-0.00033304717211078374,-5.06172238382286,0.0002829614651096435
2022-11-28,0.004742475973028657,68,-0.003591602792653594,-5.060238463470374,0.0014839203524861233
2022-11-29,0.0038527828340690876,56,-0.00020778403014993965,-5.053001861873802,0.007236601596572356
2022-11-30,0.006576402331981172,81,0.0,-5.046217675511671,0.00678418636213074
2022-12-01,0.002408551101246238,35,-0.0017420830037591373,-5.045551207414184,0.0006664680974868276
2022-12-02,0.00221812572666651,32,-0.0004033668430639708,-5.041994365526822,0.003556841887362161
2022-12-03,0.0006231459476163173,9,-0.004159105560482947,-5.045126958296624,-0.003132592769802045
2022-12-04,0.0019971193000159885,29,-0.00033652247445488306,-5.03930725591058,0.005819702386044234
2022-12-05,0.0015150515209702664,22,-0.0016434674124236322,-5.039099149327579,0.0002081065830008555
2022-12-06,0.0019346023630156762,28,-0.0001886599713723654,-5.0357097395235115,0.0033894098040674336
2022-12-07,0.0013319699459447424,19,-0.0035614448153593976,-5.037750554421554,-0.00204081489804242
2022-12-08,0.002009425834861087,29,0.0,-5.032179683771334,0.0055708706502199945
2022-12-09,0.0004779988612977219,7,-0.00018921529624886375,-5.031890900206285,0.0002887835650486892
2022-12-10,0.00027231462313934477,4,-0.0001458744930637819,-5.031575244779961,0.0003156554263243905
2022-12-11,0.00047722584182335604,7,-0.0004931650912662662,-5.03144530953634,0.0001299352436205936
2022-12-12,0.0015170024399867733,22,0.0,-5.029435142005087,0.0020101675312531597
2022-12-13,0.002836482453382024,41,-0.001911815305322612,-5.028510474857027,0.0009246671480598323
2022-12-14,0.002077735788975317,30,-0.00908550655455858,-5.033606430317288,-0.005095955460260981
2022-12-15,-0.013373863294203097,30,-0.006229414411109184,-5.044124201468041,-0.010517771150753141
2022-12-16,-0.020801118014959267,37,-0.0046910128172477205,-5.063386917889139,-0.019262716421097892
2022-12-17,0.0019171377787863856,27,-0.0016539826770663388,-5.058432749970171,0.004954167918968189
2022-12-18,0.0009890593441841792,14,-0.0023756920119203983,-5.058165399960841,0.00026735000932998076
2022-12-19,0.0019214673057826892,27,-0.012002542605384739,-5.065870783248522,-0.007705383287681222
2022-12-20,0.003939281559734142,56,-0.0013539188437197186,-5.0512828779271235,0.014587905321398864
2022-12-21,0.0010523419685393005,15,-0.0026477779256103163,-5.051524395040475,-0.0002415171133511862
2022-12-22,0.0014162267820590306,20,-0.0027242977741137467,-5.050184688106919,0.0013397069335558953
2022-12-23,0.0012609655045484865,18,-0.0037589132924374723,-5.049958338120694,0.00022634998622450553
2022-12-24,0.0002807702712928391,4,-0.0024277668690078176,-5.048346421425972,0.0016119166947223817
2022-12-25,0.0004926063739829923,7,-0.0024720656808985696,-5.047898113863879,0.00044830756209268685
2022-12-26,0.0004893962299544282,7,-0.0010032210205073665,-5.045939872973533,0.001958240890346019
2022-12-27,0.0011295767541324039,16,-0.005847988596070403,-5.0496550637949635,-0.0037151908214303475
2022-12-28,0.00156873348110899,22,-0.012073866296699017,-5.054312208014483,-0.004657144219519793
2022-12-29,0.0008588097229986205,12,-0.00842612664677466,-5.04980565864156,0.004506549372923274
2022-12-30,0.0002868896323583559,4,-0.009457027676146286,-5.050549670038573,-0.000744011397013189
2022-12-31,0.00035907809399474177,5,-0.01230766365206875,-5.0530412279205015,-0.0024915578819282302
2023-01-01,0.0003592857917710389,5,-0.009071578869136288,-5.049445857345797,0.0035953705747040487
2023-01-02,0.0009933318876081858,14,-0.006973186895125877,-5.046354133484178,0.0030917238616190446
2023-01-03,0.0007101331187998838,10,-0.006891023959873994,-5.045561837430126,0.0007922960540520663
2023-01-04,0.0025223693569605787,36,-0.0018281772446790009,-5.037976621357971,0.007585216072155454
2023-01-05,0.0004214570343386319,6,-0.0021557168604024396,-5.0378827039393554,9.391741861541902e-05
2023-01-06,0.0011197139037372706,16,-0.0005238902477005703,-5.035131163422917,0.0027515405164386664
2023-01-07,6.954384860239066e-05,1,-0.0005863238922538199,-5.035124053218867,7.1102040495318874e-06
2023-01-08,0.0008288153492027959,12,-6.722609501848062e-05,-5.03377614007243,0.0013479131464375627
2023-01-09,0.0009542591877570244,14,-3.393643788523002e-05,-5.03278859122754,0.0009875488448898295
2023-01-10,0.00013596481568000377,2,0.0,-5.032618689973974,0.00016990125356564079
2023-01-11,0.0013161117938858275,19,0.0,-5.031302578180088,0.0013161117938862432
2023-01-12,0.007117512917036089,101,-0.0021483500777697063,-5.0263334153408215,0.004969162839266517
2023-01-13,0.007327308222855927,105,-0.00014152612644158742,-5.016999283166637,0.00933413217418444
2023-01-14,0.012722346013364961,180,-0.0017379002920053033,-5.005873311318837,0.011125971847800287
2023-01-15,0.005124225752655149,72,-0.0029720683696971622,-5.001983253643873,0.003890057674963643
2023-01-16,0.009368310588163873,134,-0.001213685258151267,-4.990856559944164,0.0111266936997092
2023-01-17,0.007129740108282509,103,-0.002396231468301583,-4.984909366046032,0.0059471938981321415
2023-01-18,0.008473822971607214,121,-0.016678506156499667,-4.990717817762623,-0.005808451716591279
2023-01-19,0.003044365472342448,43,-0.004410621829519552,-4.975405567963301,0.01531224979932233
2023-01-20,0.005392874433389276,78,0.0,-4.965602071700392,0.009803496262908773
2023-01-21,0.007765817955426445,112,-0.006307079020097189,-4.964143332765063,0.001458738935329329
2023-01-22,0.007332345572359361,104,-0.008855624173697077,-4.959359532346304,0.004783800418758588
2023-01-23,0.0069315431689360475,99,-0.0038443167746125347,-4.947416681778283,0.011942850568020802
2023-01-24,0.005517559318240807,79,-0.010396839438864743,-4.948451645124295,-0.0010349633460116081
2023-01-25,0.006709005407067217,95,-0.009316092600498722,-4.940661892878861,0.0077897522454337675
2023-01-26,0.0,0,-0.010296220800412481,-4.941642021078774,-0.0009801281999131106
2023-01-27,-0.012840424780500952,68,-0.00013952004604445681,-4.944325745104908,-0.0026837240261334827
2023-01-28,0.0010950699038377559,16,-0.00033266318839129895,-4.943423818343417,0.0009019267614904791
2023-01-29,0.0031164580704775486,45,-0.0009155301193175182,-4.940890227203865,0.002533591139552094
2023-01-30,-0.031079916745463877,56,-3.2859648402933723e-06,-4.971057899794852,-0.03016767259098696
2023-01-31,0.0032957744285374946,48,0.0,-4.967758839401474,0.0032990603933784612
2023-02-01,0.004542813134933331,66,-8.578849540963375e-05,-4.96330181476195,0.004457024639523688
2023-02-02,0.004898764585119956,71,-0.004954187643542258,-4.963271449324962,3.0365436987978e-05
2023-02-03,0.004367688637904076,62,-0.006010463449691869,-4.959960036493207,0.003311412831754623
2023-02-04,0.001058599234602542,15,-0.008897232714034267,-4.961788206522947,-0.00182817002973934
2023-02-05,0.0009277235809117873,13,-0.022695003755385922,-4.974658253983387,-0.012870047460440404
2023-02-06,0.0002159448244800054,3,-0.029213321679719084,-4.98096062708324,-0.0063023730998530425
2023-02-07,0.0010025669199082731,14,-0.01162159648649,-4.9623663349701035,0.018594292113136568
2023-02-08,0.0004993371416557673,7,-0.02211440014664351,-4.972359801488601,-0.009993466518497307
2023-02-09,-0.036395165020373085,44,-0.021719425047764886,-5.008359991410096,-0.03600018992149501
2023-02-10,-0.025907602865822558,20,-0.0009031608051755734,-5.0134513300333285,-0.005091338623232744
2023-02-11,0.0012529995868001374,18,-2.8468624727384928e-05,-5.011323638266081,0.002127691767247697
2023-02-12,0.0019346537757894235,28,-0.0026349594502503232,-5.011995475315814,-0.0006718370497331705
2023-02-13,0.00427445445629147,61,-0.003018501889845705,-5.008104563299118,0.003890912016696113
2023-02-14,0.003724314219748114,54,0.0,-5.001361747189524,0.006742816109594152
2023-02-15,0.004848611965567882,70,0.0,-4.996513135223956,0.004848611965567962
2023-02-16,-0.03555106188909299,130,-0.0010438309526739301,-5.0331080280657226,-0.03659489284176676
2023-02-17,0.00894658446180143,129,-0.0035168872177957023,-5.026634499869043,0.006473528196679901
2023-02-18,0.0027065080171372866,39,-0.0025496581712094917,-5.022960762805319,0.0036737370637238698
2023-02-19,0.005476019306156418,79,-0.010473573497871768,-5.025408658825825,-0.0024478960205058797
2023-02-20,0.007897183760168527,114,-0.0003550646175340172,-5.007392966185319,0.018015692640505954
2023-02-21,0.006738532710543179,97,-0.0038317184962955984,-5.004131087353536,0.0032618788317826386
2023-02-22,0.004504924343896476,63,-0.01026029024986358,-5.006054734763208,-0.0019236474096722134
2023-02-23,0.0035523352436349635,50,-0.01762725814085695,-5.009869367410567,-0.0038146326473587067
2023-02-24,-0.03343183241634125,69,-0.0031569224174828464,-5.028830864103534,-0.01896149669296676
2023-02-25,0.0016499868267239952,23,-0.0036074804283955484,-5.027631435287723,0.0011994288158110322
2023-02-26,0.00394148269667641,56,-0.00035321257682908834,-5.02043568473948,0.007195750548242508
2023-02-27,0.0053800339314602815,77,-0.0035676881232931594,-5.0182701263544836,0.0021655583849966575
2023-02-28,0.0037265818435859867,53,-0.012296580590276964,-5.023272436977882,-0.005002310623398287
2023-03-01,0.006517154540587116,94,-0.0018326332972128626,-5.006291335144231,0.016981101833651202
2023-03-02,0.0028755096116304265,41,-0.004533221162082358,-5.00611641339747,0.00017492174676103645
2023-03-03,-0.0424582960580629,77,-0.004359748690696939,-5.048401236984147,-0.04228482358667751
2023-03-04,0.0009132630999988987,13,-0.004532025069810503,-5.047660250263261,0.00074098672088585
2023-03-05,0.002644913476166591,38,-0.0029332878044049148,-5.043416599521689,0.004243650741572402
2023-03-06,0.0016712553342524232,24,-0.0032915822432891834,-5.042103638626321,0.0013129608953681426
2023-03-07,0.0037484483098592647,53,-0.008252369348518866,-5.043315977421691,-0.0012123387953701936
2023-03-08,0.003068165213574982,43,-0.02730934244657764,-5.059304785306175,-0.01598880788448387
2023-03-09,-0.0502404309274291,49,-0.0038071001349109785,-5.086042973921938,-0.026738188615762937
2023-03-10,-0.01670567315163242,103,0.0,-5.098941546938659,-0.012898573016721038
2023-03-11,0.00412945510863222,58,-0.0016163496770459182,-5.096428441507072,0.0025131054315865597
2023-03-12,0.007491328705003514,107,-0.000454154925548959,-5.087774918050572,0.008653523456500167
2023-03-13,0.014757786387785023,213,-0.00359313327760343,-5.076156110014841,0.01161880803573112
2023-03-14,-0.02603808496909947,228,-0.00020258709365370938,-5.09880364879999,-0.022647538785149024
2023-03-15,0.01641683685104177,237,-0.004925384332275061,-5.0871096091875705,0.011694039612419438
2023-03-16,0.0077853496664763875,113,0.0,-5.074398875188819,0.012710733998751778
2023-03-17,0.015048775766413952,217,-0.001582970319254407,-5.060933069741659,0.013465805447159696
2023-03-18,0.008823987492924294,124,-0.01052068819703973,-5.06104680012652,-0.00011373038486084397
2023-03-19,0.00885408110913003,127,-0.0010282912757137983,-5.042700322096064,0.018346478030456304
2023-03-20,0.01403493713721651,202,-0.004307685617615533,-5.0319447793007495,0.0107555427953141
2023-03-21,0.00822250442770373,119,-0.0002494635705330227,-5.019664052825963,0.012280726474786618
2023-03-22,-0.009210053504656448,92,-0.005437857605645572,-5.0340625003657316,-0.01439844753976871
2023-03-23,0.008042262128175867,114,-0.0034025869158270205,-5.0239849675477375,0.010077532817994062
2023-03-24,-0.019308084808899652,46,-0.0006424441452574809,-5.040532909586068,-0.0165479420383301
2023-03-25,0.003421452674083637,49,-0.0020514028096881715,-5.038520415576415,0.0020124940096524213
2023-03-26,0.0034365924448721656,50,0.0,-5.033032420321854,0.005487995254561007
2023-03-27,0.005257647246240326,75,-0.01146792308334587,-5.03924269615896,-0.006210275837105428
2023-03-28,0.005490106462674166,77,-0.008534634433942354,-5.030819301046883,0.008423395112076904
2023-03-29,0.0045597072810083595,65,-0.0012656167853532362,-5.018990576117285,0.011828724929597634
2023-03-30,0.005969788479644457,85,-0.019277135205780383,-5.0310323060580675,-0.012041729940782453
2023-03-31,0.004040136673259608,57,-0.007184567273546995,-5.014899601452575,0.016132704605492876
2023-04-01,0.0016171305186245238,23,-0.0074475978101478215,-5.013545501470551,0.0013540999820236266
2023-04-02,0.002000641333699398,28,-0.014627273590525467,-5.018724535917229,-0.005179034446677555
2023-04-03,-0.04072481060462018,65,-3.604446387784523e-05,-5.044858117395201,-0.02613358147797218
2023-04-04,0.003366335571128516,48,-0.0012823171508860572,-5.04273805451108,0.002120062884120699
2023-04-05,0.004436748305476968,63,-0.0054616495279427146,-5.04248063858266,0.00025741592842010164
2023-04-06,0.0024339139219560556,34,-0.00789818038834278,-5.042483255521104,-2.6169384437224608e-06
2023-04-07,0.0010060843040915425,14,-0.010731185845864803,-5.044310176674535,-0.0018269211534311935
2023-04-08,0.0005723337924969215,8,-0.009977620645455529,-5.0429842776816285,0.0013258989929063603
2023-04-09,0.0016342217870655193,23,-0.0034379288692058313,-5.0348103641183135,0.008173913563314983
2023-04-10,0.0021608177265309853,31,-0.0001827235537674746,-5.029394341076345,0.005416023041968643
2023-04-11,0.005015336917704569,73,-8.300723644687006e-05,-5.02427928784132,0.0051150532350252575
2023-04-12,0.003305157905683646,48,-0.0021957722556142666,-5.023086894954804,0.0011923928865158473
2023-04-13,0.0015730787075084122,23,0.0,-5.019318043991681,0.0037688509631230716
2023-04-14,0.002978296517252811,42,-0.0038077107217321994,-5.02014745819616,-0.0008294142044791286
2023-04-15,0.0007158832916302604,10,-0.006631258332670501,-5.0222551225154675,-0.002107664319307645
2023-04-16,0.0010033934946516274,14,-0.006156059389902104,-5.020776530078047,0.001478592437420545
2023-04-17,-0.020586826907312384,15,-0.0017640017510308931,-5.036971299346488,-0.016194769268441433
2023-04-18,0.0026990555891722163,39,0.0,-5.032508242006285,0.004463057340203136
2023-04-19,0.005240313324453288,74,-0.018526850486218095,-5.04579477916805,-0.013286537161764755
2023-04-20,-0.027806701285710847,52,-0.0070137245374061775,-5.062088354504949,-0.016293575336899124
2023-04-21,-0.03493924093473022,68,-0.00037704812760742815,-5.090390919029881,-0.02830256452493174
2023-04-22,0.0022062088999255857,32,0.0,-5.087807662002348,0.002583257027533037
2023-04-23,0.0031677452630912506,46,-0.0006846641075815008,-5.085324580846837,0.002483081155510547
2023-04-24,0.005122880609767325,74,-0.0011617209863555634,-5.0806787571158445,0.00464582373099276
2023-04-25,0.003667436613462079,53,-0.00024290076222249378,-5.076092500278249,0.004586256837595393
2023-04-26,-0.01907305871008609,154,-0.002423568012835077,-5.097346226238948,-0.0212537259606993
2023-04-27,0.011020276077586122,156,-0.002290437153642843,-5.08619281930217,0.011153406936778687
2023-04-28,0.004514890754587087,64,-0.004503639897294088,-5.083891131291234,0.002301688010935443
2023-04-29,0.0009874392967585458,14,-0.005861457563069583,-5.0842615096602515,-0.0003703783690172102
2023-04-30,0.0039130195782889855,56,-0.007311437784557909,-5.08179847030345,0.0024630393568010334
2023-05-01,-0.028227198828527467,41,-0.002000636935823254,-5.104714868283243,-0.022916397979792613
2023-05-02,0.004219927346187159,61,-1.5535894613017834e-05,-5.098509839895846,0.006205028387396894
2023-05-03,0.006680880242210988,97,-0.0008957304990826977,-5.092709154258104,0.0058006856377419425
2023-05-04,0.002769665845063668,39,-0.004508326182950762,-5.093552084096909,-0.0008429298388046291
2023-05-05,0.004825530280798002,69,-0.0004310483634253759,-5.084649275996585,0.008902808100323512
2023-05-06,0.0023200072343724024,33,-0.013205399376423229,-5.0951036197752115,-0.010454343778626196
2023-05-07,0.0026373141445310477,37,-0.026447624592250037,-5.105708530846507,-0.010604911071295575
2023-05-08,-0.03693477317882293,43,-0.0028939112000163788,-5.119089590633096,-0.013381059786588878
2023-05-09,0.002792581665688175,39,-0.003457613645483219,-5.116860711412874,0.0022288792202216356
2023-05-10,-0.017503297022361735,66,0.0,-5.130906394789753,-0.014045683376878948
2023-05-11,0.004008376016294084,58,-0.0035596498782313676,-5.13045766865169,0.00044872613806301587
2023-05-12,0.004479623209264765,63,-0.006809706662011166,-5.129228102226206,0.0012295664254846628
2023-05-13,0.0017519672111340394,25,-0.0070848483787548195,-5.127751276731815,0.0014768254943904324
2023-05-14,0.0020290089106204537,29,-0.0044023687057062975,-5.123039788148147,0.0047114885836681
2023-05-15,0.002677989926278341,39,-0.001186842151202807,-5.117146271667365,0.005893516480782068
2023-05-16,0.0027021612488722776,39,-0.00260091192148971,-5.11585818018878,0.0012880914785853292
2023-05-17,0.003550749374865671,51,1.1398481823956111e-05,-5.1096951204106,0.006163059778179658
2023-05-18,0.003271969667171551,47,-0.006252166805424327,-5.1126867160306775,-0.0029915956200774474
2023-05-19,0.0021678338783437225,31,-0.004726896869499861,-5.10899361221641,0.003693103814267573
2023-05-20,0.0005555639389088003,8,-0.0017859812501813189,-5.105497132658182,0.0034964795582279606
2023-05-21,0.0010469684442682835,15,-0.007868170174118541,-5.110532353137851,-0.005035220479668645
2023-05-22,0.0018215344449000566,26,-0.005684725510634628,-5.106527374029466,0.00400497910838471
2023-05-23,0.002136855238767087,31,-0.0007250384914033546,-5.099430831771468,0.007096542257998273
2023-05-24,0.0019864723407388217,28,-0.016054703171226727,-5.112774024110553,-0.013343192339084986
2023-05-25,0.0011481849743149003,16,-0.012227814010406672,-5.107798949975418,0.004975074135134427
2023-05-26,0.0019169960849504965,27,-0.006808385659706595,-5.1004625255397675,0.007336424435650635
2023-05-27,0.0007056603492990413,10,-0.004349780213082856,-5.097298259743845,0.0031642657959221054
2023-05-28,0.0022834376405305766,33,-0.0006481679257889412,-5.091313209816021,0.0059850499278244484
2023-05-29,0.0021259210701710858,30,-0.00774069917793026,-5.096279819997991,-0.00496661018197031
2023-05-30,0.002630359319174728,37,-0.008683752410928492,-5.094592513911816,0.0016873060861755107
2023-05-31,-0.02924995325949958,27,-0.00015443900841750362,-5.115313153768804,-0.020720639856988576
2023-06-01,0.002935709072776274,42,-0.005024644845141191,-5.117247650532752,-0.0019344967639476351
2023-06-02,0.0027183415465795876,39,-0.000233111178215659,-5.109737775319247,0.007509875213504991
2023-06-03,0.0007612434427199515,11,-0.0014243038188506048,-5.1101677245171615,-0.00042994919791450315
2023-06-04,0.0008964020839094752,13,-0.0020064245206401115,-5.109853443135042,0.0003142813821197521
2023-06-05,-0.04236306879646437,57,-0.0013176761709310673,-5.1515277635817975,-0.041674320446755786
2023-06-06,0.006389258598920121,92,-1.799840113942087e-05,-5.143838827213085,0.0076889363687122625
2023-06-07,0.006620959530539782,94,-0.01325617134655887,-5.150456040627964,-0.006617213414878975
2023-06-08,0.0029757706199662975,42,-0.008853321865050664,-5.14307742052649,0.007378620101474276
2023-06-09,0.0016967697290749993,24,-0.009056149134622993,-5.141583478066988,0.0014939424595024065
2023-06-10,-0.033140910897831104,87,-0.0015615388243569385,-5.167229778654553,-0.025646300587565563
2023-06-11,0.0024132182727479696,35,-0.0010464746522602397,-5.164301496209708,0.0029282824448451095
2023-06-12,0.002904308265720331,42,-0.001195214886726839,-5.161545928178454,0.0027555680312536524
2023-06-13,0.003158418455608029,46,-0.0009629317507393264,-5.158155226586858,0.003390701591595935
2023-06-14,0.0027848230899923066,40,-0.014308158976473832,-5.1687156307226,-0.010560404135741663
2023-06-15,0.0020550747144465024,29,-0.005485408088783731,-5.157837805120463,0.010877825602136681
2023-06-16,0.0033517896366274972,48,0.0,-5.1490006073950525,0.008837197725410917
2023-06-17,0.0014129619326330725,20,-0.0020547240267890132,-5.149642369489208,-0.0006417620941556734
2023-06-18,0.0017008232076507596,24,-0.004756349511308423,-5.1506431717660766,-0.0010008022768683844
2023-06-19,0.0033133904772643303,47,-0.000897533099590003,-5.143470964877094,0.0071722068889821244
2023-06-20,0.005670467967423477,82,-8.74552162725068e-05,-5.136990419026353,0.006480545850741315
2023-06-21,0.007242562736267503,103,-0.007932051500068102,-5.137592452573882,-0.0006020335475289684
2023-06-22,0.003723605747758249,52,-0.010648815411138369,-5.136585610737193,0.0010068418366886434
2023-06-23,0.006622823281439189,95,-0.004441755811128877,-5.123755727855745,0.012829882881448817
2023-06-24,0.0023197723220770216,33,-0.007130196313672712,-5.124124396036211,-0.000368668180466436
2023-06-25,0.002941297764160337,42,-0.008983174830168186,-5.123036076788545,0.0010883192476658365
2023-06-26,0.004272783054993756,60,-0.013634921298394824,-5.123415040201778,-0.00037896341323317984
2023-06-27,0.0036478934711522597,52,-0.004676794034161955,-5.1108090194663935,0.01260602073538486
2023-06-28,0.0034233771457952804,48,-0.018578332720803895,-5.12128718100724,-0.010478161540846465
2023-06-29,0.0028902538476232925,41,-0.009331375160223272,-5.109149969599036,0.012137211408203896
2023-06-30,0.007235465896865165,103,-0.00433822098347708,-5.0969213495254255,0.012228620073610585
2023-07-01,0.0006353177818653149,9,-0.003146591539391491,-5.095094402299474,0.0018269472259513364
2023-07-02,0.001831185326692871,26,-0.0028928762781663705,-5.093009501711556,0.0020849005879179927
2023-07-03,0.0022781082260255785,33,-0.00019942842793473035,-5.088037945635298,0.00497155607625821
2023-07-04,0.0017233004774924968,25,-0.003175258802456857,-5.089290475532327,-0.0012525298970293974
2023-07-05,0.0018362489671930869,26,-0.0072761809922837935,-5.091555148754961,-0.002264673222633462
2023-07-06,0.005483111230504665,78,-0.02123018130363589,-5.100026037835809,-0.008470889080848032
2023-07-07,0.0020022571155171066,28,-0.009684709408020421,-5.086478308824676,0.013547729011133214
2023-07-08,0.0006432819672994016,9,-0.011040919143508411,-5.087191236592864,-0.0007129277681885426
2023-07-09,0.0006416396760420078,9,-0.014149745866168802,-5.089658423639483,-0.002467187046618413
2023-07-10,0.003327980205355864,47,-0.008777167367672783,-5.080957864935631,0.008700558703851335
2023-07-11,0.002111540338311417,30,-0.005025176469487679,-5.075094333699135,0.0058635312364963
2023-07-12,0.0026627202317192115,38,-0.009542946013488233,-5.076949383011416,-0.0018550493122813094
2023-07-13,0.004218951772690609,61,0.0,-5.063187485225237,0.013761897786179311
2023-07-14,0.002597373164021257,37,-0.012491277773851495,-5.0730813898350675,-0.009893904609830528
2023-07-15,0.00042714035431778595,6,-0.013158212152383721,-5.0733211838592815,-0.00023979402421403506
2023-07-16,0.0011417850272874457,16,-0.014722988734261734,-5.073744175413872,-0.0004229915545908014
2023-07-17,0.0018636512022603814,26,-0.017504774899913932,-5.074662310377264,-0.0009181349633919922
2023-07-18,0.0001435486650673146,2,-0.02681410138754416,-5.0838280881998275,-0.009165777822563115
2023-07-19,0.0002877187348636976,4,-0.025098004843454966,-5.0818242729208745,0.0020038152789529917
2023-07-20,0.000642877455581626,9,-0.02825039541770279,-5.08433378603954,-0.0025095131186656516
2023-07-21,0.0,0,-0.02493340314326949,-5.081016793765107,0.0033169922744331615
2023-07-22,0.0,0,-0.028446049700504596,-5.084529440322342,-0.003512646557235044
2023-07-23,0.0007893137337964617,11,-0.01920117239025977,-5.074495249278301,0.01003419104404113
2023-07-24,-0.05006456387250909,26,-0.0019547025766712195,-5.107313343337221,-0.032818094058920444
2023-07-25,0.000839110307593404,12,-0.0013742259938659966,-5.1058937564468225,0.001419586890398783
2023-07-26,0.002012072321467207,29,-0.0014636567409503924,-5.10397111487244,0.0019226415743824887
2023-07-27,0.0009048845655581614,13,-0.0030308173722158713,-5.104633390938147,-0.0006622760657073457
2023-07-28,0.0007645944233056047,11,-0.001912745813777459,-5.102750724956404,0.001882665981743692
2023-07-29,0.00013908769720478566,2,-0.0015417746494826136,-5.102240666094904,0.0005100588614999069
2023-07-30,0.0006986325913819623,10,-0.002238720486189743,-5.102238979340229,1.6867546746013318e-06
2023-07-31,0.001182468593774693,17,-0.002902174643512935,-5.101719964903777,0.0005190144364517479
2023-08-01,0.0027414740539074716,39,-5.326342763481765e-06,-5.09608164254912,0.005638322354656999
2023-08-02,0.002010663761465402,29,-0.005383802024587251,-5.099449454469479,-0.003367811920358399
2023-08-03,0.0015371500669938405,22,-0.005258205364720277,-5.097786707742618,0.001662746726860398
2023-08-04,0.0010521538116169064,15,-0.00674742959465378,-5.098223778160935,-0.0004370704183163099
2023-08-05,7.054527565070472e-05,1,-0.007591771396608667,-5.098997574687239,-0.0007737965263041602
2023-08-06,0.0004222629924600679,6,-0.007268466670824607,-5.098252006968995,0.0007455677182441889
2023-08-07,0.001625217414942933,23,-0.004916364517395084,-5.094274687400623,0.003977319568371662
2023-08-08,0.002199194654061071,32,0.0,-5.087159128229167,0.007115559171456454
2023-08-09,0.001303685111752016,19,-0.0006592861547730126,-5.086514729272188,0.0006443989569788755
2023-08-10,0.0008256786499564235,12,-0.0016763411781949345,-5.086706105645653,-0.000191376373464891
2023-08-11,0.0004154859465898453,6,-0.00196253074268537,-5.086576809263553,0.00012929638209957517
2023-08-12,6.914884126666611e-05,1,-0.0019135647380043078,-5.086458694417606,0.00011811484594748123
2023-08-13,0.0001384947935497653,2,-0.0033031560508682252,-5.08770979093692,-0.0012510965193142098
2023-08-14,0.0011785136257959098,17,-0.0019277146184216174,-5.085155835878678,0.0025539550582420745
2023-08-15,0.00041866502258638245,6,-0.005122746107396895,-5.087932202345067,-0.002776366466389568
2023-08-16,0.001199096325163245,17,-0.016535956047161605,-5.098146315959668,-0.010214113614600784
2023-08-17,-0.11211031169933505,81,0.0,-5.193720671611842,-0.09557435565217354
2023-08-18,0.006406684270302619,92,-0.005034214209200498,-5.19234820155074,0.0013724700611019713
2023-08-19,0.001333138793490059,19,-0.0042377972072820186,-5.190218645755331,0.002129555795408855
2023-08-20,0.0012559720241635728,18,-0.0028510381448614364,-5.187575914668746,0.0026427310865848597
2023-08-21,0.0014728120929806418,21,-0.0038074411455576917,-5.187059505576461,0.0005164090922846754
2023-08-22,0.0025476357372727597,36,-0.00499621883146266,-5.185700647525094,0.0013588580513674842
2023-08-23,0.003394132721022036,49,-0.0005259503277658003,-5.177836246300375,0.007864401224718875
2023-08-24,0.0023638768707934213,34,-0.0030017698053485544,-5.177948188907164,-0.00011194260678948353
2023-08-25,0.0018247397285131432,26,-0.004721750559742385,-5.177843429933045,0.00010475897411943436
2023-08-26,0.00021022660917675775,3,-0.005431180359704362,-5.1783426331238305,-0.0004992031907855576
2023-08-27,0.00041945341443426563,6,-0.004207738158380655,-5.1766997375080726,0.0016428956157579222
2023-08-28,0.0015407448149589022,22,-0.0038963878961810975,-5.174847642430914,0.0018520950771581113
2023-08-29,0.005987205813366039,86,-0.002786508806565417,-5.167750557527933,0.007097084902981443
2023-08-30,0.003121988076313991,44,-0.011236456260037166,-5.173078516905091,-0.005327959377157576
2023-08-31,-0.04642022750230062,46,-0.004878581032362169,-5.213140869179717,-0.04006235227462618
2023-09-01,0.002359290777136597,33,-0.008028467245789093,-5.213931464616007,-0.0007905954362898981
2023-09-02,0.0003574249291363905,5,-0.0066513613866882645,-5.212196933827769,0.0017345307882372651
2023-09-03,0.0012791798064448506,18,-0.004600129101286612,-5.208866521735923,0.0033304120918460356
2023-09-04,0.001359175278244411,19,-0.007636512537372108,-5.2105437298937645,-0.0016772081578411147
2023-09-05,0.0012222342985858514,17,-0.008431812592376384,-5.210116795650182,0.00042693424358208887
2023-09-06,0.0010029864909284055,14,-0.00907707051317994,-5.209759067080057,0.0003577285701252819
2023-09-07,0.002899078035447728,41,-0.0008467289362963533,-5.198629647467726,0.011129419612331048
2023-09-08,0.0014856875989322333,21,-0.005227819934847187,-5.201525050867344,-0.002895403399618246
2023-09-09,0.00021428914209353314,3,-0.005380423114283283,-5.201463364904687,6.168596265698767e-05
2023-09-10,0.0008590232746084049,12,-0.006830370775730663,-5.202054289291527,-0.0005909243868398306
2023-09-11,-0.024072038087991444,30,-0.00024103166062158294,-5.21953698826441,-0.01748269897288246
2023-09-12,0.00413838740047319,59,-0.010131180799337851,-5.225288750002653,-0.005751761738243211
2023-09-13,0.0036022131211587865,51,-0.0025224502708079116,-5.2140778063529645,0.011210943649688332
2023-09-14,0.003942697901830226,57,-0.0014188665313772083,-5.209031524711704,0.0050462816412606415
2023-09-15,0.001791077324188683,26,-0.00028198631371578194,-5.206103567169853,0.002927957541850823
2023-09-16,0.0007561386769918787,11,-0.0005910035103516157,-5.205656445689498,0.0004471214803549728
2023-09-17,0.0004143056131108681,6,-0.0008930024932872868,-5.205544139059322,0.00011230663017602893
2023-09-18,0.002163597353192212,31,-0.006890490094271013,-5.209378029307114,-0.0038338902477921266
2023-09-19,0.003744342584077233,53,-0.001181022999028353,-5.199924219627794,0.009453809679319747
2023-09-20,0.0031184773323351426,44,-0.0018167531605464615,-5.197441472456977,0.002482747170817312
2023-09-21,0.0003574282858267049,5,-0.012025246959941753,-5.207292537970546,-0.009851065513569068
2023-09-22,0.0,0,-0.011758348654845497,-5.20702563966545,0.0002668983050959639
2023-09-23,0.0,0,-0.011850855695915367,-5.207118146706519,-9.2507041069112e-05
2023-09-24,-0.020117917778981875,1,-0.00030337210357395225,-5.21568858089316,-0.008570434186641052
2023-09-25,0.0020349752047328484,29,-0.00028377211672317936,-5.213634005701576,0.0020545751915843624
2023-09-26,0.0009116535919587807,13,-0.0007638079603764299,-5.21320238795327,0.00043161774830569044
2023-09-27,0.0022872102028065077,33,-0.0026129819679441262,-5.212764351758032,0.0004380361952378564
2023-09-28,0.001654905895821994,24,0.0,-5.208496463894266,0.004267887863766084
2023-09-29,0.00034029703097931935,5,0.0,-5.208156166863287,0.00034029703097893105
2023-09-30,0.0,0,0.0,-5.208156166863287,0.0
2023-10-01,0.0011934895653599037,17,-8.585232126740445e-05,-5.207048529619195,0.001107637244092352
2023-10-02,0.00584291362277297,84,-0.01445452602648432,-5.215574289701639,-0.008525760082443767
2023-10-03,0.0018613892101209172,26,-0.016604899455935962,-5.215863273920969,-0.0002889842193303238
2023-10-04,0.0027062643897718727,38,-0.007429330951964849,-5.203981441027226,0.011881832893743116
2023-10-05,0.002190945228478248,31,-0.017222224102608333,-5.211583388949392,-0.0076019479221658415
2023-10-06,0.0037372414649742233,53,-0.004469258848737953,-5.195093182230547,0.016490206718844824
2023-10-07,0.0002795685829173451,4,-0.004015439239168532,-5.19435979403806,0.0007333881924873609
2023-10-08,0.0013990581855713464,20,-0.004718345139525893,-5.193663641752846,0.0006961522852133584
2023-10-09,0.002347029267465108,33,-0.01211303753835532,-5.19871130488421,-0.0050476631313634
2023-10-10,0.0017151680804644162,24,-0.01835258973821538,-5.2032356890036064,-0.004524384119396707
2023-10-11,-0.04225387037646094,9,2.746630905055218e-05,-5.227109503332802,-0.02387381432919522
2023-10-12,0.0016808331204227118,24,-0.0005533867388889454,-5.226009523260318,0.001099980072483575
2023-10-13,0.0020181932387310308,29,-0.0011747269418106708,-5.224612670224508,0.0013968530358097198
2023-10-14,0.00020843364948788478,3,-0.0012629116115863417,-5.224492421244797,0.00012024897971141257
2023-10-15,0.001103470640873165,16,-0.0003481288474717042,-5.222474167839809,0.0020182534049881795
2023-10-16,-0.01374267207139933,96,-0.0001292989408590036,-5.235998010004595,-0.013523842164786082
2023-10-17,0.0035746659912051664,52,-0.0006014243583519484,-5.232895469430883,0.003102540573712176
2023-10-18,0.002268434454568805,33,-0.0011726960417581052,-5.23119830665972,0.00169716277116283
2023-10-19,0.0017834572416770935,26,0.0,-5.228242153376285,0.0029561532834350146
2023-10-20,0.005467719845617718,79,-0.0009076681258703001,-5.223682101656537,0.004560051719748159
2023-10-21,0.001506067982106146,22,2.91631701798028e-05,-5.2212392023783805,0.0024428992781562187
2023-10-22,0.0013633146954550627,20,0.0,-5.2199050508531055,0.0013341515252749403
2023-10-23,0.025172318490906846,155,-0.007307321450070202,-5.202040053812269,0.017864997040836883
2023-10-24,-0.006920470131597603,212,-0.0005135643775125377,-5.202166766871309,-0.00012671305904010666
2023-10-25,0.005555932065734075,80,-0.0031146383344458992,-5.199211908762508,0.0029548581088008063
2023-10-26,0.0027764530289102704,39,-0.006951602158001412,-5.2002724195571535,-0.0010605107946455306
2023-10-27,0.0005036635593437211,7,-0.011381986121943388,-5.2041991399617515,-0.003926720404598072
2023-10-28,0.0009318281212064146,13,-0.007771063464113024,-5.1996563891827146,0.004542750779036986
2023-10-29,0.00170371481492967,24,-0.0027713219491757378,-5.192952932852847,0.00670345632986713
2023-10-30,0.002975184174778869,42,-0.0033599300681577153,-5.190566356797051,0.0023865760557963966
2023-10-31,0.002989852782505997,42,-0.0017205361640304996,-5.185937110110417,0.004629246686634225
2023-11-01,0.0065692733094712165,94,-9.404665427026892e-05,-5.177741347291186,0.008195762819230623
2023-11-02,0.0047989913034828064,69,-0.002669201955848867,-5.175517511289281,0.0022238360019048997
2023-11-03,0.0040410703158538465,57,-0.005235216965941669,-5.174042455983521,0.0014750553057600868
2023-11-04,0.001677048342930182,24,-0.0018548281036214966,-5.168985018778271,0.005057437205250537
2023-11-05,0.0032611813835145853,47,-0.002662780822031952,-5.166531790113166,0.0024532286651046675
2023-11-06,0.0025689909625549712,37,-0.0022611170095068684,-5.163561135338086,0.0029706547750798507
2023-11-07,0.004284700307211442,62,-0.00015697188961912405,-5.157172289910987,0.006388845427099277
2023-11-08,0.0015043071983688256,22,0.0,-5.155511010822999,0.0016612790879877437
2023-11-09,-0.005853656031234312,153,-9.672511911857804e-05,-5.161461391973352,-0.005950381150352513
2023-11-10,0.0029515918089756867,43,0.0,-5.1584130750452575,0.0030483169280941524
2023-11-11,0.0012271573838852706,18,0.0,-5.157185917661372,0.0012271573838855687
2023-11-12,0.0006135779273405283,9,0.0,-5.156572339734032,0.0006135779273401809
2023-11-13,0.002611073783763442,38,-0.0026488067052479,-5.156610072655517,-3.773292148512297e-05
2023-11-14,0.003923913825634667,56,-0.018957055330480765,-5.168994407455115,-0.012384334799597774
2023-11-15,0.006734881620908906,96,-0.0002062375119200419,-5.143508708015645,0.025485699439469656
2023-11-16,-0.018613612863922515,78,-0.00018930043431250243,-5.16210538380196,-0.01859667578631541
2023-11-17,0.005365357493186565,77,-0.00028574611539620954,-5.156836471989857,0.005268911812103205
2023-11-18,0.0013816367925305944,20,-0.0009147583978401459,-5.1560838474797706,0.0007526245100866191
2023-11-19,0.001652174177850427,24,0.0,-5.153516914904079,0.002566932575691183
2023-11-20,0.0020262406178714193,29,-0.0005805497406862566,-5.152071224026894,0.0014456908771851573
2023-11-21,-0.012859782478131609,52,-0.0025838757623310882,-5.166934332526671,-0.014863108499776345
2023-11-22,0.004303143614397442,62,-0.0017101663656865157,-5.161757479515629,0.005176853011041871
2023-11-23,0.0021279948758677553,30,-0.0030950434809799837,-5.161014361755054,0.0007431177605745631
2023-11-24,0.004941800199595595,71,-0.003193429010288732,-5.156170947084767,0.004843414670286705
2023-11-25,0.0002789709344530814,4,-0.0025960678153593886,-5.155294614955384,0.0008763321293834281
2023-11-26,0.002046464256686282,29,-0.006162062743779067,-5.156814145627117,-0.0015195306717332713
2023-11-27,0.0025727774932315897,36,-0.009182352454929002,-5.157261657845036,-0.00044751221791905493
2023-11-28,0.003551083915583608,51,-0.0030154504630381072,-5.147543671937561,0.009717985907474969
2023-11-29,0.003802365958190823,55,-0.0020201546946412505,-5.142746010210973,0.004797661726588132
2023-11-30,0.0018119443443670208,26,-0.003088739848791245,-5.142002651020756,0.0007433591902170633
2023-12-01,0.0015111689552241131,22,0.0,-5.137402742216741,0.004599908804014952
2023-12-02,0.0016840497866819509,24,-0.0004197784878475579,-5.136138470917906,0.0012642712988348848
2023-12-03,0.0025647084112901267,37,-0.0006370496021556227,-5.133791033620924,0.002347437296982058
2023-12-04,0.00627517329770386,91,2.4144057398336407e-05,-5.126854666663666,0.006936366957257967
2023-12-05,0.006542453394409852,95,0.0,-5.120336357326655,0.006518309337010919
2023-12-06,0.005407607214311641,79,-0.0006913566796839807,-5.1156201067920275,0.004716250534627875
2023-12-07,0.004517776245501402,65,-0.003685107258679496,-5.114096081125521,0.0015240256665061125
2023-12-08,0.002624251406512598,38,0.0,-5.10778672246033,0.006309358665191667
2023-12-09,0.0012310263336471128,18,-0.0008979957186003886,-5.107453691845283,0.0003330306150468587
2023-12-10,0.001440203646361346,21,-0.0005692102162501558,-5.105684702696571,0.0017689891487115972
2023-12-11,-0.027521435146515807,138,-0.00571662773514299,-5.138353555361979,-0.032668852665407755
2023-12-12,0.005917829457667519,85,-0.0032689862328371946,-5.129988084402006,0.008365470959972754
2023-12-13,0.005799813637520923,83,-0.002427153012162677,-5.123346437543812,0.006641646858194683
2023-12-14,0.005147697601078453,73,-0.0013143283923574322,-5.117085915322928,0.00626052222088358
2023-12-15,0.0016309933851975382,23,-0.015137444232648734,-5.129278037778022,-0.012192122455093823
2023-12-16,0.001503750708989888,21,-0.00952513994511463,-5.122161982781498,0.00711605499652368
2023-12-17,0.0006463831219056663,9,-0.026252088792739364,-5.138242548507217,-0.016080565725719254
2023-12-18,-0.024614965615131604,81,0.0,-5.136605425329609,0.001637123177608224
2023-12-19,0.0037453419687567325,53,-0.00710862960976185,-5.139968712970615,-0.0033632876410054635
2023-12-20,0.004639015723441352,67,-8.820794814481326e-05,-5.128309275585556,0.011659437385058702
2023-12-21,0.00314497719583118,46,0.0,-5.1250760904415795,0.0032331851439764137
2023-12-22,0.001774679364509569,26,0.0,-5.12330141107707,0.0017746793645097014
2023-12-23,0.0011616918803841116,17,-5.515162599387121e-05,-5.12219487082268,0.0011065402543897207
2023-12-24,0.0018652492503209994,27,-0.004001019773778425,-5.1242754897201435,-0.00208061889746336
2023-12-25,0.0026181865277072453,38,-0.000300528568375546,-5.117956811987034,0.006318677733109901
2023-12-26,0.0029092638681983965,41,-0.011033405961586711,-5.125780425512046,-0.007823613525012263
2023-12-27,0.00391419696767841,56,-0.0006864667182410803,-5.111519289301022,0.014261136211024095
2023-12-28,0.00419949125971509,60,-0.01015049145083248,-5.116783822773898,-0.005264533472876032
2023-12-29,0.0032717397800255963,46,-0.019097406455845404,-5.122458997998885,-0.005675175224987505
2023-12-30,0.001573472817015772,22,-0.01753657069816436,-5.119324689424189,0.0031343085746966537
2023-12-31,0.002700526622874158,38,-0.014634490148146318,-5.1137220822512965,0.005602607172892071
2024-01-01,0.0037699979070677514,54,0.0,-5.095317594196083,0.01840448805521344
2024-01-02,0.0077902703922170975,113,-0.0024015695876236183,-5.08992889339149,0.005388700804592972
2024-01-03,-0.04484611613890975,131,0.0,-5.132373439942776,-0.04244454655128571
2024-01-04,0.0047573609130696715,69,-0.0009153966910605607,-5.1285314757207665,0.003841964222009331
2024-01-05,0.010088915225281055,144,-0.0009491901135080204,-5.118476353917933,0.010055121802833078
2024-01-06,0.0018838797999302026,27,-0.0019971216223509153,-5.117640405626846,0.0008359482910877958
2024-01-07,0.0031151300364120295,45,-0.002838482774480089,-5.115366636742563,0.0022737688842822124
2024-01-08,0.00541005981631047,78,0.0,-5.107118094151772,0.008248542590790997
2024-01-09,-0.0019109667911142221,120,-0.0019476561234555616,-5.110976717066342,-0.0038586229145698425
2024-01-10,0.017424288366158166,248,-0.0002211354775415239,-5.091825908054271,0.019150809012071335
2024-01-11,-0.02509853013850848,145,-0.0013926758023507717,-5.118095978517588,-0.026270070463317197
2024-01-12,-0.04819383967272682,169,0.0,-5.1648971423879635,-0.04680116387037536
2024-01-13,0.002250553941331639,33,0.0,-5.1626465884466315,0.002250553941332001
2024-01-14,0.002684998924901029,39,-0.005679003204121985,-5.165640592725852,-0.0029940042792206967
2024-01-15,0.003989100708670638,58,-0.0005470449954620756,-5.156519533808521,0.009121058917330949
2024-01-16,0.0019872003928353282,29,0.0,-5.153985288420224,0.0025342453882970517
2024-01-17,0.003011150495692116,44,2.9778949254402325e-05,-5.150944358975278,0.003040929444946272
2024-01-18,0.0042095514396459,60,-0.013933324747767277,-5.160697911232653,-0.009753552257374842
2024-01-19,0.004620913206504737,65,-0.00782798203009861,-5.149971655308479,0.010726255924173422
2024-01-20,0.0009900712619851475,14,-0.007301894735577656,-5.148455496751973,0.0015161585565062197
2024-01-21,0.00042307057386563383,6,-0.008942787211495825,-5.149673318654026,-0.0012178219020526626
2024-01-22,-0.03532252661852226,69,-0.006395204533771334,-5.182448262594823,-0.032774943940797385
2024-01-23,-0.016631680765004875,78,0.0,-5.192684738826056,-0.010236476231233027
2024-01-24,0.004665849078119763,66,-0.001134473554451585,-5.189153363302387,0.0035313755236687783
2024-01-25,0.0025439325243201464,36,-0.0016849987839931682,-5.187159956007609,0.001993407294778038
2024-01-26,0.0034817666969583646,50,-0.0011602491355641397,-5.183153439662222,0.00400651634538729
2024-01-27,0.00105155690953627,15,-0.00017550980939877187,-5.18111714342652,0.0020362962357021175
2024-01-28,0.0033861822866116218,49,-0.0031167605524821105,-5.1806722118829915,0.00044493154352842623
2024-01-29,0.0034528605665121366,50,0.0,-5.174102590763997,0.006569621118994284
2024-01-30,0.003019252443784662,43,-0.005493912187367752,-5.17657725050758,-0.002474659743582741
2024-01-31,0.0048285122841347046,68,-0.010299806072601458,-5.176554632108679,2.2618398901386172e-05
2024-02-01,0.0024263205140785116,34,-0.003826754430893949,-5.167655259952893,0.008899372155785734
2024-02-02,0.0029092798520016653,41,-0.0030165893566352,-5.163935815026632,0.003719444926260529
2024-02-03,0.0003541486168390132,5,-0.004823626133339839,-5.1653887031864985,-0.0014528881598661059
2024-02-04,0.0008581941924879687,12,-0.010151261799091153,-5.169858144659762,-0.004469441473263558
2024-02-05,0.0024247610690920703,34,-0.008308456455805698,-5.165590578247385,0.004267566412377022
2024-02-06,0.002492772744986093,35,-0.004062137357688749,-5.158851486404282,0.006739091843103395
2024-02-07,0.003430160465966446,49,-1.4607968708241637e-05,-5.1513737965493345,0.007477689854947123
2024-02-08,0.0018931709103646513,27,-0.0006102064908081856,-5.15007622416107,0.0012975723882648893
2024-02-09,0.006607128223500968,95,-0.0063651033621796764,-5.14922399280894,0.0008522313521295288
2024-02-10,0.0022180478523292366,32,-0.0011434959568601994,-5.141784337551291,0.007439655257648781
2024-02-11,0.001980388841781163,29,0.0,-5.138660452752649,0.003123884798641896
2024-02-12,0.00461312167775232,67,-0.00021302441798088805,-5.134260355492878,0.004400097259771307
2024-02-13,0.006484778486717289,93,-0.0009531229353105671,-5.128515675523491,0.005744679969387434
2024-02-14,0.005771554415750985,83,-0.00021734947580363335,-5.122008347648233,0.006507327875257651
2024-02-15,0.006528409023799871,95,-0.0013627820567095686,-5.1166253712053384,0.005382976442894538
2024-02-16,0.004054008133808144,59,-0.00041096691700636626,-5.111619547931827,0.0050058232735112895
2024-02-17,0.001962341423187593,28,-0.0028227421169852197,-5.112068981708618,-0.000449433776791075
2024-02-18,0.002073944138741982,30,-0.0002994481819315029,-5.107471743634823,0.004597238073794863
2024-02-19,0.003287917628094494,48,-0.001926312507380534,-5.105810690332178,0.0016610533026453211
2024-02-20,0.005185134228405886,75,-0.00011452546723524392,-5.098813769063626,0.006996921268552114
2024-02-21,0.005194307883041995,74,-0.001516529411270296,-5.095021465124619,0.003792303939007091
2024-02-22,0.003555181065621416,51,-0.006005924231920889,-5.0959556788796485,-0.000934213755029667
2024-02-23,0.002614062545387618,37,-0.012520435560436133,-5.099856127662775,-0.0039004487831268975
2024-02-24,0.001125161558627371,16,-0.0033950972779849924,-5.0896056278216975,0.010250499841077954
2024-02-25,0.001179286423970053,17,-0.002234756815678482,-5.08726600093542,0.002339626886277202
2024-02-26,0.004778957429345425,69,-0.00011093769852842212,-5.0803632243889245,0.006902776546495737
2024-02-27,0.008197600615580267,119,0.0,-5.072054686074816,0.008308538314108382
2024-02-28,-0.014277796959431514,211,-0.00017263276126392983,-5.086505115795512,-0.014450429720695546
2024-02-29,0.016323492249790236,233,-0.013965628463318799,-5.083974619247776,0.002530496547735517
2024-03-01,0.007032396919846779,100,-0.0021055020471186414,-5.0650820959117295,0.01889252333604663
2024-03-02,0.002809530211756828,40,-0.0045971869984551186,-5.064764250651309,0.0003178452604206683
2024-03-03,0.003762626871280591,54,-7.464898263345572e-05,-5.056479085764207,0.00828516488710207
2024-03-04,0.01203740138525607,173,-0.0002344338865514995,-5.044601469282869,0.011877616481338116
2024-03-05,-0.05375019700008426,330,-0.0009758564916262593,-5.099093088888028,-0.05449161960515969
2024-03-06,0.017265930426481113,246,-0.006592085882778266,-5.0874433878527,0.011649701035328697
2024-03-07,0.009149546870190903,131,-0.002863734506020634,-5.074565489605751,0.012877898246948405
2024-03-08,-0.014166055720030185,105,-0.003254566229237748,-5.089122377048998,-0.01455688744324668
2024-03-09,0.0009988535813306666,14,-0.002500618071853728,-5.087369575310283,0.0017528017387151706
2024-03-10,0.005247089232874184,75,-0.0020268123294978927,-5.081648680335053,0.005720894975230095
2024-03-11,0.007992323339906775,114,-0.0014142784000188257,-5.073043823065667,0.008604857269385313
2024-03-12,-0.015221240379360033,105,0.0,-5.086850785045009,-0.013806961979341281
2024-03-13,0.0063974084231771386,93,-0.00015174315113591425,-5.080605119772968,0.006245665272040846
2024-03-14,-0.03809611303351856,113,-0.00023759812114055093,-5.118787087776491,-0.03818196800352336
2024-03-15,-0.007224256356082642,310,-0.0002167905737340497,-5.125990536585168,-0.00720344880867696
2024-03-16,-0.03982952069288091,118,-0.003091098236374606,-5.16869436494069,-0.042703828355521445
2024-03-17,0.008746160032959409,126,-0.0005794412006984855,-5.157436547872053,0.011257817068636378
2024-03-18,0.010428783358241671,148,-0.004233900331393985,-5.150662223644507,0.006774324227546202
2024-03-19,-0.055374795410322114,184,-0.0038889831359043463,-5.20569210185934,-0.05502987821483263
2024-03-20,0.017435159827321037,250,0.0,-5.1843679588961145,0.021324142963225157
2024-03-21,-0.009532995780042321,126,-0.0006154384662354341,-5.1945163931423926,-0.010148434246278093
2024-03-22,-0.031163084523231806,93,3.925702644221494e-05,-5.225024782172947,-0.03050838903055464
2024-03-23,0.0031955326928907717,46,-0.011433657050846865,-5.233302163557346,-0.008277381384398375
2024-03-24,0.00719750704292838,103,0.0,-5.2146709994635705,0.018631164093775077
2024-03-25,0.005826144909886844,83,-0.003765755771340995,-5.212610610325025,0.0020603891385455597
2024-03-26,0.007105974346392953,101,-0.006500295825064836,-5.208239176032356,0.004371434292669285
2024-03-27,0.0062953865667164845,89,-0.010149650171981828,-5.205593143812557,0.002646032219798755
2024-03-28,0.005818599857691407,83,-0.0023087594009369456,-5.1919336531838205,0.013659490628736393
2024-03-29,0.0026269866094702082,37,-0.008931710827788245,-5.195929618001202,-0.003995964817381292
2024-03-30,0.0012049619314581231,17,-0.011368521720253658,-5.197161466962209,-0.0012318489610070316
2024-03-31,0.00224125246391834,32,-0.000512151836353514,-5.184063844614391,0.013097622347817861
2024-04-01,0.0029968777724604413,42,-0.010219635052880425,-5.190774450058457,-0.006710605444066431
2024-04-02,-0.03795121677892326,124,-0.017462022599185237,-5.235968054383685,-0.045193604325227454
2024-04-03,0.0053225606097872,75,-0.011767620313179052,-5.224951091487892,0.011016962895793014
2024-04-04,0.005286153279146391,76,0.0,-5.207897317895566,0.01705377359232596
2024-04-05,0.008086892464905793,117,-0.00019727429229134341,-5.200007699722951,0.00788961817261491
2024-04-06,0.0015061265566556831,22,-0.0014288764927568648,-5.199733175366761,0.00027452435618968707
2024-04-07,0.003439083803960846,49,-0.0024436352526289837,-5.197308850322672,0.0024243250440889597
2024-04-08,0.00561915873432812,80,-0.0023887673971226295,-5.191634823732838,0.005674026589834291
2024-04-09,-0.01840562452619898,56,-0.0010422424212378455,-5.208693923283152,-0.01705909955031437
2024-04-10,0.007228972893649353,103,3.490719941282356e-05,-5.200387800768852,0.008306122514300185
2024-04-11,0.004320697706589057,63,-0.0010605210935314547,-5.1971625313552074,0.00322526941364476
2024-04-12,-0.03585497176523188,90,-7.992406551396124e-06,-5.231964974433459,-0.03480244307825142
2024-04-13,-0.03151249990243,163,-0.007064771195541723,-5.270534253124879,-0.03856927869142002
2024-04-14,-0.012897311690064918,142,-4.2612831418863855e-05,-5.276409406450821,-0.005875153325941795
2024-04-15,0.00704970148937325,101,-0.020266766441885693,-5.2895838585719135,-0.013174452121092806
2024-04-16,-0.030676354455757116,160,0.0,-5.299993446585785,-0.010409588013871485
2024-04-17,0.009678631216396045,137,-0.012511318006675274,-5.3028261333760645,-0.0028326867902794817
2024-04-18,0.008594143862902862,123,0.0,-5.281720671506487,0.021105461869577624
2024-04-19,0.015589399535540472,222,-0.008168714270275098,-5.274299986241222,0.007420685265264737
2024-04-20,0.005016762710054931,71,-0.000818409567431251,-5.2619329188283235,0.012367067412898614
2024-04-21,0.0038959474839193034,56,-0.0018657585043623524,-5.259084320281335,0.002848598546988157
2024-04-22,0.0030290414389096475,44,0.0,-5.2541895203380635,0.004894799943271799
2024-04-23,0.00027192963135999604,4,0.0,-5.2539175907067035,0.0002719296313600239
2024-04-24,0.0034331955111576626,49,-0.008291999685696692,-5.2587763948812425,-0.004858804174538989
2024-04-25,0.0055929234169650975,79,-0.0060989417740043425,-5.250990413552585,0.0077859813286575985
2024-04-26,0.005102989657892959,72,-0.013231002839630256,-5.253019484960317,-0.0020290714077324523
2024-04-27,0.0007187801204805699,10,-0.017122235435200975,-5.256191937435408,-0.0031724524750904592
2024-04-28,0.0016439971842579608,23,-0.02277907808780928,-5.260204782903758,-0.0040128454683499015
2024-04-29,-0.039665265877579584,48,0.0,-5.2770909706935285,-0.0168861877897708
2024-04-30,-0.034415279664820345,76,0.0,-5.311506250358349,-0.034415279664820275
2024-05-01,-0.04454394869834045,165,0.0,-5.356050199056689,-0.04454394869834033
2024-05-02,0.005774975288082092,83,-0.0009145132286851579,-5.351189736997292,0.004860462059396831
2024-05-03,0.006670987627597709,96,-1.786278167711534e-05,-5.343622098922686,0.007567638074606364
2024-05-04,0.002884699431904792,41,-0.0011043984023239627,-5.341823935111428,0.001798163811257858
2024-05-05,0.0034769834471353738,49,-0.001136819725795131,-5.338379372987764,0.0034445621236640633
2024-05-06,0.0047313787114985715,67,-0.015561476557002152,-5.348072651107472,-0.009693278119708104
2024-05-07,0.004415898151411693,62,-0.026136480823269827,-5.354231757222329,-0.006159106114856705
2024-05-08,-0.031725782386983085,41,-0.008821876849497503,-5.368642935635539,-0.01441117841321038
2024-05-09,0.0055287865502129515,79,0.0,-5.354292272235829,0.014350663399710584
2024-05-10,0.004923189277486766,70,-0.011131961301292143,-5.360501044259634,-0.006208772023805764
2024-05-11,0.001855825811450558,26,-0.011343888973487946,-5.358857146120379,0.001643898139255029
2024-05-12,0.0024095612563453726,34,-0.005769058940147762,-5.350872754830694,0.007984391289685533
2024-05-13,0.004977798933548603,72,-4.227100067310571e-05,-5.34016816795767,0.010704586873023558
2024-05-14,0.004407429528409004,63,-0.007121485686692136,-5.342839953115281,-0.0026717851576103513
2024-05-15,0.005603474264574819,81,0.0,-5.330114993164013,0.012724959951267323
2024-05-16,0.0016490267563166233,24,-0.0005529373584547373,-5.329018903766151,0.0010960893978619879
2024-05-17,0.001947274474716807,28,-0.0006590574663486073,-5.327177749399328,0.0018411543668230834
2024-05-18,0.0013301063885396316,19,-0.0009797851469733059,-5.326168370691413,0.0010093787079155092
2024-05-19,0.002523868349893922,36,-0.004347877773091183,-5.327012594967636,-0.0008442242762232155
2024-05-20,0.006560427445672223,94,0.0,-5.316104289748873,0.010908305218762848
2024-05-21,0.005048598183518512,73,-0.001782480778700557,-5.312838172344056,0.0032661174048174146
2024-05-22,0.004828557688525694,69,-0.008207409701278479,-5.314434543578108,-0.0015963712340525404
2024-05-23,-0.029325330833012274,69,-0.00012126312095173331,-5.335673727830794,-0.02123918425268556
2024-05-24,0.003172339974930075,46,0.0,-5.332380124734912,0.003293603095881892
2024-05-25,0.0004932144839902728,7,-0.0003727901661351658,-5.332259700417056,0.00012042431785541652
2024-05-26,0.0012751297732442287,18,-0.002920298251138851,-5.333532078728816,-0.0012723783117598586
2024-05-27,0.003023243014249602,43,-0.0035144506937204644,-5.331102988157149,0.002429090571667736
2024-05-28,0.0030026082099083528,42,-0.010218029033856485,-5.334803958287376,-0.003700970130227077
2024-05-29,0.0010708427165523901,15,-0.017573009168431703,-5.341088095705399,-0.006284137418023583
2024-05-30,0.0025676657736809533,36,-0.012521579056930408,-5.333468999820217,0.007619095885182503
2024-05-31,0.0011424114111789202,16,-0.022069715079835333,-5.3418747244319436,-0.00840572461172684
2024-06-01,0.0,0,-0.019289026924306493,-5.339094036276415,0.0027806881555285656
2024-06-02,0.0003597003430237351,5,-0.01930398213304282,-5.338749291142127,0.00034474513428772724
2024-06-03,0.004651273666867165,66,-0.0076539528752650405,-5.322447988217482,0.016301302924644823
2024-06-04,0.004306761951072943,62,-0.0003727198538412822,-5.310859993244986,0.011587994972496851
2024-06-05,0.0016354345356426304,24,0.0,-5.308851838855502,0.0020081543894834297
2024-06-06,0.0006829192372698934,10,-3.7823350415777877e-05,-5.308206742968649,0.000645095886853575
2024-06-07,0.0027299296103889524,39,-0.0057954390744342,-5.311234429082278,-0.0030276861136293576
2024-06-08,0.00035091256788282116,5,-0.0061271911516017595,-5.311215268591562,1.9160490715819378e-05
2024-06-09,0.0006296816274741181,9,-0.003876799671679916,-5.308335195484166,0.0028800731073959085
2024-06-10,0.001742599309547923,25,-0.004823585829807975,-5.307539382332746,0.0007958131514200772
2024-06-11,-0.03950120832113919,39,-0.0001385351222218371,-5.3423555399463,-0.0348161576135535
2024-06-12,0.0044786985056674555,64,-0.0064426426823098355,-5.34418094900072,-0.0018254090544207457
2024-06-13,-0.018786202641014108,25,-0.0002708739769954529,-5.356795382936419,-0.012614433935699054
2024-06-14,0.004516254649784914,64,-0.004811871401493322,-5.356820125711133,-2.4742774713537585e-05
2024-06-15,0.0006359226550539003,9,-0.003536151869284139,-5.35490848352387,0.0019116421872631406
2024-06-16,0.000981600458309142,14,-0.0012819198752272967,-5.351672651071504,0.0032358324523658055
2024-06-17,0.0048810124862610094,69,-0.0015171866374568128,-5.347026905347472,0.004645745724031869
2024-06-18,0.002221111912022584,31,-0.011890101275464944,-5.355178708073458,-0.008151802725985924
2024-06-19,0.0009341001681695492,13,-0.014165858174682213,-5.356520364804506,-0.0013416567310482463
2024-06-20,0.0016376664225027987,23,-0.014304067407509913,-5.355020907614831,0.0014994571896753683
2024-06-21,-0.023952813143812514,50,-0.00022566898254544707,-5.364895322333679,-0.009874414718847646
2024-06-22,0.0002762042609562807,4,-0.0003586497475133424,-5.36475209883769,0.00014322349598838713
2024-06-23,0.0006285109548736759,9,-0.005976693410909955,-5.369741631546213,-0.004989532708522759
2024-06-24,-0.024989009610035473,100,-0.00815768210020642,-5.396911629845545,-0.027169998299331866
2024-06-25,0.005775229902098652,83,-0.0010611007263043825,-5.384039818569544,0.012871811276000678
2024-06-26,0.003053983908952525,44,-0.005823139849751493,-5.385747873784038,-0.0017080552144941308
2024-06-27,0.002981835980182701,43,-0.001483257380493389,-5.378426155334597,0.007321718449441406
2024-06-28,0.003347208322126917,48,-0.012583507320692851,-5.38617919695267,-0.007753041618072665
2024-06-29,0.0014782424193355518,21,-0.006400848449751282,-5.378518295662392,0.007660901290277522
2024-06-30,0.0022101109121314432,32,0.0,-5.369907336300509,0.008610959361883275
2024-07-01,0.0022627986730358045,32,-0.002760540752385885,-5.370405078379859,-0.0004977420793501608
2024-07-02,0.0011415906851312716,16,-0.007988991761103605,-5.374491938703445,-0.004086860323585739
2024-07-03,-0.015089055666668611,59,-0.0036622268722196613,-5.385254229481229,-0.010762290777784678
2024-07-04,-0.016978015604047433,114,-0.01729374556235433,-5.415863763775412,-0.03060953429418234
2024-07-05,-0.029125604810758567,136,-0.00017072609868311615,-5.427866349122499,-0.012002585347087091
2024-07-06,0.0035187945191168394,51,-0.00033771790924876636,-5.424514546413947,0.00335180270855151
2024-07-07,0.002692320025110348,38,-0.02208450124822081,-5.44356900972781,-0.019054463313862513
2024-07-08,-0.032156644905618176,178,-3.092955562079636e-05,-5.453672082940828,-0.010103073213017844
2024-07-09,0.006311515344748965,90,-0.0001837988262982767,-5.447513436866756,0.006158646074071683
2024-07-10,0.005860969837450286,84,-0.005776389341668173,-5.447245057544675,0.0002683793220805697
2024-07-11,0.008442262395988108,121,-0.010011585958620131,-5.443037991765639,0.004207065779036512
2024-07-12,0.006923903491753722,98,-0.005221965104359308,-5.431324467419625,0.011713524346014026
2024-07-13,0.002342120263412429,34,0.0,-5.423760382051853,0.007564085367771867
2024-07-14,0.0030719045605145374,44,-0.001209498973158337,-5.421897976464496,0.0018624055873566192
2024-07-15,0.005889466225947531,85,0.0,-5.414799011265391,0.007098965199105578
2024-07-16,0.004621293781998163,67,-0.0002852911640406778,-5.410463008647433,0.004336002617957746
2024-07-17,0.00550322259445226,78,-0.01148447887684935,-5.41615897376579,-0.005695965118357016
2024-07-18,0.0024901162955046348,35,-0.012889341084976382,-5.4150737196784124,0.001085254087377585
2024-07-19,0.0046975250320819995,67,0.0,-5.397486853561354,0.01758686611705862
2024-07-20,0.001022819841123911,15,0.0,-5.39646403372023,0.0010228198411237344
2024-07-21,0.0018755517009183575,27,-5.9899184923301895e-05,-5.3946483812042345,0.0018156525159955805
2024-07-22,0.004404306180655107,62,-0.00241263765072228,-5.392596813489378,0.0020515677148562617
2024-07-23,0.001574098366964695,22,-0.01589834647940253,-5.404508423951094,-0.011911610461715405
2024-07-24,-0.0231998851356112,10,-0.00026061954435699396,-5.412070582151659,-0.007562158200565605
2024-07-25,0.006239093841065429,88,-0.0002832071671827811,-5.405854075933419,0.006216506218239992
2024-07-26,0.003072051823943067,44,-0.00028460168085723365,-5.402783418623151,0.0030706573102685653
2024-07-27,0.006270988114276972,90,-0.005063503296288598,-5.4012913321243055,0.0014920864988452465
2024-07-28,0.0022472152514431878,32,-0.0029003309877549633,-5.396880944564328,0.004410387559977025
2024-07-29,0.004346924194345153,62,-0.012323912234606951,-5.401957601616836,-0.005076657052507372
2024-07-30,0.0016530863029643739,23,-0.018735041769793175,-5.406715644849058,-0.0047580432322220645
2024-07-31,-0.03199393246815985,28,-0.0015768053947807035,-5.421551340942205,-0.014835696093147277
2024-08-01,-0.01484270627131066,76,-0.0003038213347501588,-5.435121063153485,-0.013569722211279611
2024-08-02,-0.008299439033957759,145,-0.013587135006852607,-5.456703815859545,-0.02158275270606058
2024-08-03,-0.03233500652749029,68,-8.761766366102251e-05,-5.475539305043844,-0.01883548918429856
2024-08-04,-0.032867731857479016,73,-0.0006636748688007713,-5.508983094106463,-0.03344378906261891
2024-08-05,-0.08433297706129272,595,-0.0029637934119707597,-5.595616189710926,-0.08663309560446297
2024-08-06,0.016415169976274662,234,-0.0021436283278291387,-5.57838085465051,0.01723533506041619
2024-08-07,0.011858992164113635,170,-0.017060072932033356,-5.5814383070906,-0.003057452440090813
2024-08-08,0.011377467875242443,164,-0.0014316380154601343,-5.554432404298785,0.027005902791815473
2024-08-09,0.009581038272684734,135,-0.006833430426411997,-5.5502531584370525,0.004179245861732461
2024-08-10,0.0033219707237181002,47,-0.005871251381361513,-5.545969008668284,0.004284149768768231
2024-08-11,-0.03100711908449743,72,-0.0016731668934725874,-5.572778043264893,-0.026809034596608328
2024-08-12,0.012096430321332495,174,-0.0009364921689634788,-5.559944938219051,0.012833105045841897
2024-08-13,0.008120774881482313,117,-0.003203954038618434,-5.554091625207223,0.0058533130118272325
2024-08-14,-0.020277405125715263,56,-0.0004182895386436492,-5.571583365832963,-0.017491740625739993
2024-08-15,-0.02459385889164958,116,0.0,-5.59575893518597,-0.024175569353006132
2024-08-16,0.006708416703643694,96,-0.002159395553594971,-5.591209914035921,0.004549021150048738
2024-08-17,0.0012333576214340683,18,-6.900987812742107e-05,-5.5878861707390195,0.003323743296901327
2024-08-18,0.0017745169752529507,26,-0.005388146724454271,-5.591430790610093,-0.003544619871073351
2024-08-19,0.006474093088698685,93,-0.00015885909415833146,-5.579727409891099,0.011703380718993905
2024-08-20,0.0026007100437315197,37,-0.018297798789378764,-5.595265639542588,-0.01553822965148921
2024-08-21,0.004159253912860715,59,-0.0014986574903105695,-5.574307244330659,0.020958395211929215
2024-08-22,0.004924637660188023,70,-0.0064326484304446045,-5.574316597610605,-9.35327994611157e-06
2024-08-23,0.005883118187461398,85,-0.0006892009039485959,-5.562690031896648,0.011626565713957149
2024-08-24,0.0024055357541592844,35,-0.0005336954175219218,-5.560128990656061,0.002561041240586981
2024-08-25,0.0016437628693414487,24,-0.0004008301210294715,-5.558352362490227,0.0017766281658335714
2024-08-26,0.004446588949421038,64,-0.009433667237174433,-5.562938610656951,-0.004586248166723372
2024-08-27,-0.044573983745626364,57,-0.006461064948768889,-5.604539992114171,-0.04160138145722048
2024-08-28,-0.020566905974980107,76,-1.8242654884409518e-05,-5.618664075795267,-0.014124083681095634
2024-08-29,0.0038524975751005183,55,-0.009448526747224165,-5.624241862312506,-0.0055777865172395025
2024-08-30,-0.022467013772589885,53,0.0,-5.637260349337872,-0.013018487025365566
2024-08-31,0.0005454007455529873,8,-7.156635281049653e-05,-5.636786514945129,0.00047383439274284456
2024-09-01,0.005579710212498951,80,-0.010902309906005974,-5.642037548285827,-0.005251033340697653
2024-09-02,0.005226781997015614,75,0.0,-5.625908456382804,0.016129091903022363
2024-09-03,0.0029903299775239068,43,-0.005520089483350823,-5.6284382158886315,-0.0025297595058271227
2024-09-04,0.003728523637493727,53,-0.0025888852920749523,-5.621778488059861,0.006659727828770556
2024-09-05,0.0027804587530867947,39,-0.0181047236899815,-5.6345138677046815,-0.012735379644820632
2024-09-06,-0.047443321893921295,94,1.9158968948291555e-05,-5.663833306939673,-0.029319439234991584
2024-09-07,0.0024653570712309873,36,-0.00027952392775297845,-5.661666632765143,0.002166674174530314
2024-09-08,0.0019137676459785025,28,0.0,-5.659473341191411,0.002193291573731493
2024-09-09,0.0039027584246625682,56,-0.002186692823698984,-5.6577572755904475,0.001716065600963823
2024-09-10,0.005626533828554941,79,-0.0005893006399629426,-5.650533349578157,0.007223926012290605
2024-09-11,0.004482041007624142,63,-0.00183150714676654,-5.647293515077336,0.003239834500821104
2024-09-12,0.0060801328192512305,87,-0.0008341220339977051,-5.640215997145315,0.007077517932020605
2024-09-13,0.003266895784547127,47,-4.203362685013062e-05,-5.636157012953621,0.004058984191694037
2024-09-14,0.001129359288534508,16,-0.0013043123440628556,-5.636289932382299,-0.0001329194286778801
2024-09-15,0.0018363020885205613,26,-0.0066747309908875545,-5.6398240489406035,-0.00353411655830449
2024-09-16,-0.01806508974946412,45,-0.0001228200568711127,-5.651337227756051,-0.011513178815447667
2024-09-17,0.004718110347556435,68,-0.003652391839254577,-5.650148689190877,0.0011885385651737579
2024-09-18,0.008609268107482295,123,0.0,-5.637887029244141,0.012261659946736003
2024-09-19,0.0035314532665205157,51,-0.002172960285029742,-5.6365285362626505,0.001358492981490933
2024-09-20,0.004840109611285978,70,-0.0018272796289288944,-5.631342745995263,0.0051857902673875245
2024-09-21,0.0009690771625923732,14,-0.001168938416366065,-5.629715327620108,0.0016274183751550098
2024-09-22,0.002779697351962248,40,-0.0004476735692096214,-5.6262143654209895,0.0035009621991184403
2024-09-23,0.0041964197463214385,61,-0.0012510497854337193,-5.622821321890892,0.003393043530097728
2024-09-24,0.003585456748670365,52,0.0,-5.617984815356788,0.004836506534103613
2024-09-25,0.0020617756623538238,30,-0.0020974395425220646,-5.618020479236956,-3.5663880168179674e-05
2024-09-26,0.003072181746797171,44,-0.0008349234915464064,-5.613685781439183,0.004334697797773401
2024-09-27,0.0028492242084126773,41,-0.0013127020427725082,-5.611314335781996,0.0023714456571868325
2024-09-28,0.0011802782381113753,17,-0.000801557972718699,-5.609622913473831,0.0016914223081654356
2024-09-29,0.0007636002063051788,11,-0.0016798550237908513,-5.609737610318597,-0.00011469684476672626
2024-09-30,0.0013516548568179509,19,-0.021951705110001628,-5.6286578055479906,-0.018920195229393144
2024-10-01,-0.02821178322107776,57,-0.016096662053102524,-5.651014545712169,-0.022356740164178213
2024-10-02,-0.02027847992071745,62,-0.0005698207474823208,-5.655766184327266,-0.00475163861509742
2024-10-03,0.006154264696860686,89,-0.0010237705789992902,-5.6500658694619235,0.005700314865342726
2024-10-04,0.002397862138042947,35,-0.0005935382162026679,-5.647237774961083,0.002828094500840095
2024-10-05,0.0007066730910570316,10,-0.0006834680060094895,-5.6466210316598335,0.0006167433012498336
2024-10-06,0.0016091078891054735,23,-0.0001204004032307254,-5.644448856167949,0.0021721754918848646
2024-10-07,0.0041956017262162,61,-0.00717042279528368,-5.647303276833785,-0.002854420665836521
2024-10-08,0.00455213121717878,65,-0.007468749041582624,-5.643049471862906,0.004253804970879571
2024-10-09,0.0023335255510970308,33,-0.026613076269549406,-5.659860273539775,-0.016810801676869325
2024-10-10,-0.041396184105003384,21,-9.958324178692952e-06,-5.674653339699407,-0.014793066159632495
2024-10-11,0.0022792925703086497,33,-0.0023720929703551726,-5.674736181775275,-8.284207586761738e-05
2024-10-12,0.0015830023027811088,23,-0.00034003525499855133,-5.671121121757137,0.003615060018137939
2024-10-13,0.001665334019917158,24,-0.0013895852490925704,-5.6705053377313135,0.0006157840258236291
2024-10-14,0.004698614227873744,68,-6.531727096140803e-05,-5.6644824555253095,0.006022882206003999
2024-10-15,-0.013657082880891723,62,0.0,-5.6780742211352395,-0.013591765609930029
2024-10-16,0.0044006851896672226,63,-0.0015351710736335618,-5.675208707019206,0.0028655141160331965
2024-10-17,0.0036631796717196984,52,-0.002420188577170016,-5.672430544851022,0.0027781621681839397
2024-10-18,0.0029672521213640855,43,-0.0006270941510177195,-5.667670198303506,0.004760346547516114
2024-10-19,0.0002756160366093651,4,-0.000720129589563141,-5.667487617705443,0.00018258059806353089
2024-10-20,0.0009581357429675701,14,0.0,-5.665809352372912,0.0016782653325311259
2024-10-21,0.0026548200224364316,38,-0.005897294370434953,-5.66905182672091,-0.003242474347998403
2024-10-22,0.0037347280710057513,53,-0.0054934792162900535,-5.66491328349576,0.004138543225150393
2024-10-23,0.002497511975062339,35,-0.012366145429324984,-5.669288437733732,-0.00437515423797219
2024-10-24,0.003911465798748821,56,-0.001355375446374779,-5.654366201952033,0.01492223578169849
2024-10-25,0.0057563258977091,82,-0.012138740222346707,-5.659393240830297,-0.00502703887826339
2024-10-26,0.0014885693678018906,21,-0.00857905158771485,-5.654344982827863,0.005048258002434025
2024-10-27,0.0012558131634723276,18,-0.0021392098849920284,-5.646649327961668,0.007695654866195056
2024-10-28,0.0023972276700041204,35,0.0,-5.642112890406672,0.004536437554995665
2024-10-29,0.004304711705515501,62,-0.0013275918708667198,-5.6391357705720235,0.002977119834648434
2024-10-30,0.004002877692218875,56,-0.0029164716906119677,-5.636721772699549,0.002413997872474205
2024-10-31,-0.018394274661386288,29,-0.0002983854836659744,-5.65249796115399,-0.015776188454440288
2024-11-01,0.007827210763909147,111,-0.008306220588653553,-5.652678585495067,-0.00018062434107779524
2024-11-02,0.0012086345307941646,17,-0.009764312811911357,-5.652928043187531,-0.00024945769246365046
2024-11-03,0.000645762556338808,9,-0.01645064488013938,-5.658968612699421,-0.006040569511889693
2024-11-04,-0.03214770251976659,53,-0.00018204612083028336,-5.674847716459879,-0.01587910376045798
2024-11-05,0.00497461835199419,71,-0.004099753384855349,-5.673790805371909,0.0010569110879696808
2024-11-06,0.013519609943222141,196,-0.0012913153804435216,-5.657462757424276,0.016328047947633095
2024-11-07,0.005865348771352993,83,-0.001643047818079055,-5.651949141090558,0.005513616333717941
2024-11-08,0.003565346186734059,51,-0.000899331238861173,-5.6476400783246055,0.004309062765952554
2024-11-09,0.0011828501943080662,17,-0.000719034287708481,-5.646276931179146,0.0013631471454598199
2024-11-10,0.007266094255077453,105,-0.00018452630757831543,-5.638476328943938,0.007800602235207954
2024-11-11,0.008740475224235562,126,-0.0012087232929306787,-5.630760050705055,0.007716278238882879
2024-11-12,-0.00668769215017797,219,-0.004416452683259987,-5.640655472245562,-0.009895421540507598
2024-11-13,-0.00411909449835546,177,-0.0006017131134135897,-5.640959827174071,-0.0003043549285086655
2024-11-14,0.013193821168650168,189,-0.014132478758555379,-5.6412967716505635,-0.0003369444764924623
2024-11-15,0.011674547419904115,166,-3.924573787849356e-05,-5.615528991209982,0.02576778044058159
2024-11-16,0.0026636899625597237,39,-0.0005841595862359164,-5.613410215095779,0.002118776114202525
2024-11-17,0.0044232013462225704,64,-0.002905615559414124,-5.611308469722736,0.0021017453730438618
2024-11-18,0.005981136002632641,87,-0.0009223788549385714,-5.603344097015627,0.007964372707108147
2024-11-19,0.0037002086260232376,53,-0.0036211657572712353,-5.602342675291936,0.0010014217236911094
2024-11-20,0.006523785829146774,94,-0.0004146679918263735,-5.592612391697345,0.009730283594591604
2024-11-21,0.008826018399939826,127,-0.0005897827401383901,-5.583961488045716,0.008650903651628461
2024-11-22,0.005553728898575649,81,-3.737092340135195e-06,-5.577821713499342,0.006139774546373822
2024-11-23,0.0011716400660715133,17,-0.0016665651412571588,-5.578312901482188,-0.0004911879828455312
2024-11-24,0.004327802166702812,62,-0.0015651407913891237,-5.573883674965617,0.00442922651657085
2024-11-25,-0.03631128418836518,81,-0.0026985511959859753,-5.611328369558579,-0.037444694592961625
2024-11-26,0.010596996918112596,151,-0.011857759789508768,-5.609890581233988,0.0014377883245906276
2024-11-27,0.004534995882053217,65,-0.002070226600922859,-5.595568052163349,0.014322529070638801
2024-11-28,0.004074244533039532,57,-0.002800008332905754,-5.592223589362293,0.0033444628010563804
2024-11-29,0.004059041145721969,58,-0.0016408958703990834,-5.587005435754064,0.005218153608228526
2024-11-30,0.0009838067621149736,14,-0.006120994256190495,-5.590501727377741,-0.003496291623676484
2024-12-01,0.0023160022874029545,33,-0.002623207064703407,-5.584687937898851,0.005813789478890108
2024-12-02,0.0069528639427898645,98,-0.010015312507987569,-5.585127179399345,-0.0004392415004943473
2024-12-03,0.0036423467053889875,51,-0.009977649907149564,-5.581447170093118,0.003680009306227028
2024-12-04,0.006328351877754024,90,-0.00020826564545443983,-5.565349433953669,0.016097736139449204
2024-12-05,-0.055125894773042444,198,-0.0003665142012645325,-5.620633577282521,-0.05528414332885223
2024-12-06,0.006853388788747596,99,-0.004763702724213208,-5.618177377016723,0.0024562002657981807
2024-12-07,0.002272322170109524,32,-0.004246772563338082,-5.615388124685738,0.00278925233098537
2024-12-08,0.0026185819244059832,37,-0.0008899896169639323,-5.609412759814958,0.0059753648707792095
2024-12-09,-0.021947530192935567,105,-0.00020540061166500587,-5.630675701002595,-0.021262941187636386
2024-12-10,0.010368136239150226,148,-0.0035186799453309943,-5.62362084409711,0.007054856905484463
2024-12-11,0.006545648776008204,94,-0.0005625562847436437,-5.614119071660515,0.00950177243659489
2024-12-12,0.005985553427296418,86,-0.007406931697147663,-5.614977893645622,-0.0008588219851066725
2024-12-13,0.0032846657247675424,47,-0.0017302998755635251,-5.606016596099271,0.008961297546351332
2024-12-14,0.00213916679026855,31,-0.0016886264661054471,-5.603835755899544,0.0021808401997267524
2024-12-15,0.0016580078051533294,24,-0.0004581568074189355,-5.600947278435704,0.0028884774638395783
2024-12-16,0.006168168813334259,89,-0.0010016387610915938,-5.595322591576043,0.005624686859661665
2024-12-17,0.0034938234540399,51,-0.0008568844803959889,-5.5916840138413075,0.0036385777347351933
2024-12-18,-0.029634037480523706,105,-0.0035212158612721897,-5.623982382702707,-0.03229836886139914
2024-12-19,-0.026610520648464885,177,-0.0009722988621868392,-5.648043986352086,-0.024061603649379038
2024-12-20,-0.02419643149257434,182,2.1796212476759494e-05,-5.6712463227699965,-0.023202336417910807
2024-12-21,0.003991294990378785,58,-0.0011472942805645083,-5.668424118272659,0.0028222044973373883
2024-12-22,0.005899726619608099,84,-0.012352424987369416,-5.673729522359856,-0.005305404087196486
2024-12-23,0.0052613197094289275,74,-0.01461166019000615,-5.670727437853063,0.0030020845067921798
2024-12-24,0.00453654898592615,65,0.0,-5.651579228677131,0.019148209175932074
2024-12-25,0.0012941697112413236,19,0.0,-5.65028505896589,0.0012941697112411887
2024-12-26,0.00457090473456938,65,-0.007298933677306365,-5.6530130879086276,-0.0027280289427373816
2024-12-27,0.006285857227836223,89,-0.019241791093829293,-5.658670088097314,-0.005657000188686645
2024-12-28,0.0017857025788510655,25,-0.011071715567614347,-5.648714309992248,0.009955778105066315
2024-12-29,0.0007872493743757832,11,-0.025675824688409243,-5.662531169738667,-0.013816859746419219
2024-12-30,-0.03990575695128541,54,-0.0016288582349471613,-5.6783899602364905,-0.01585879049782335
2024-12-31,0.003561481792189257,51,-0.008535959818873031,-5.681735580028227,-0.0033456197917365316
2025-01-01,0.0007173321256364636,10,-0.00314362743428666,-5.675625915518004,0.006109664510223212
2025-01-02,0.005502705732740795,79,-0.0009600704640841674,-5.667939652815061,0.007686262702942592
2025-01-03,0.0022041924317245374,32,0.0,-5.664775389919252,0.003164262895809067
2025-01-04,0.0006804015660689965,10,0.0,-5.664094988353183,0.0006804015660692997
2025-01-05,0.0005455947616426943,8,0.0,-5.66354939359154,0.0005455947616423984
2025-01-06,0.0031244743624258067,45,0.0,-5.660424919229115,0.0031244743624254667
2025-01-07,0.001974609991058852,28,-0.02694390907656035,-5.685394218314616,-0.02496929908550083
2025-01-08,-0.03310664469142144,84,-0.0014125945498076576,-5.692969548479285,-0.007575330164669047
2025-01-09,-0.01340003561027406,79,-0.0013924391473632285,-5.706349428687114,-0.013379880207828876
2025-01-10,0.0051820089769956754,75,-0.0016383535205614684,-5.701413334083316,0.004936094603797514
2025-01-11,0.0010724841533587763,15,-0.002002023858089273,-5.700704520267485,0.0007088138158310997
2025-01-12,0.0012839190412491435,18,-0.0023363265487853294,-5.699754903916932,0.0009496163505531285
2025-01-13,-0.008543993681200106,132,0.0,-5.705962571049347,-0.00620766713241494
2025-01-14,0.005318826544764188,77,-0.0007396921149927711,-5.701383436619576,0.004579134429770981
2025-01-15,0.004843942975340497,70,7.393527882029811e-06,-5.69579240800136,0.005591028618216143
2025-01-16,0.005751161916010339,82,-0.000801552410548429,-5.69085019202378,0.0049422159775796
2025-01-17,0.004199674467163302,61,-0.002492490864566905,-5.688341456010635,0.002508736013145274
2025-01-18,0.00544213145202744,78,-0.001123974639937056,-5.681530808333978,0.006810647676656956
2025-01-19,0.00900765057501173,130,-0.01329379885304327,-5.684692981972072,-0.0031621736380937904
2025-01-20,-0.013620439153274294,292,-0.007216953224554093,-5.692236575496857,-0.007543593524784953
2025-01-21,0.0102479830019904,146,0.0,-5.674771639270312,0.01746493622654466
2025-01-22,0.004542755032909089,66,-0.0028987321909732062,-5.673127616428376,0.0016440228419360992
2025-01-23,0.013149717257970095,189,-0.001179109203833423,-5.6582582761832665,0.014869340245109441
2025-01-24,0.003640691822377535,53,-0.000158148902674906,-5.65359662405973,0.004661652123536086
2025-01-25,0.0013689236911797696,20,-0.00033482341922802034,-5.652404374885104,0.0011922491746263475
2025-01-26,0.0013072592624264658,19,-0.007544809200268962,-5.658307101403718,-0.00590272651861401
2025-01-27,-0.032047740818827164,135,0.0,-5.682810033022276,-0.02450293161855832
2025-01-28,0.0043789045154455745,62,-0.005471740918377784,-5.683902869425209,-0.0010928364029325621
2025-01-29,0.006245578744368507,89,-0.0009310411771461042,-5.673116590939608,0.010786278485601208
2025-01-30,0.0020495584397664827,30,-0.00017704949222589723,-5.670313040814921,0.0028035501246863603
2025-01-31,0.0035399588906771407,51,-0.008509490275488467,-5.675105522707507,-0.004792481892585521
2025-02-01,0.0008553257331451047,12,-0.023033059602833323,-5.688773766301707,-0.013668243594199936
2025-02-02,-0.03570393086270533,92,-0.004017263363933763,-5.705461900925512,-0.016688134623804807
2025-02-03,-0.01316656875802521,205,-0.0019433531990974548,-5.716554559518701,-0.01109265859318942
2025-02-04,-0.00837864456649184,143,-0.00578953073348884,-5.728779381619585,-0.012224822100884047
2025-02-05,0.006070848674056081,86,-0.014001005710247635,-5.730920007922288,-0.0021406263027028416
2025-02-06,0.005463178930419925,77,-0.015183043320086336,-5.726638866601707,0.0042811413205807725
2025-02-07,0.007120094466307495,101,-0.014913935705836712,-5.71924966452115,0.007389202080557489
2025-02-08,0.0005028327682385251,7,-0.015418795893409961,-5.719251691940485,-2.0274193355263037e-06
2025-02-09,0.001217069623762653,17,-0.015926429840898475,-5.718542256264211,0.0007094356762742393
2025-02-10,0.0038377950211059323,54,-0.008351297994033717,-5.707129329396241,0.011412926867969908
2025-02-11,0.002055054010439804,29,-0.022477443148408063,-5.719200420540175,-0.012071091143933899
2025-02-12,-0.037195759375589846,31,-0.0001096552806629118,-5.734028392048019,-0.014827971507844318
2025-02-13,0.0011463631287280404,16,-0.0031463060120205007,-5.7359186796506485,-0.0018902876026292148
2025-02-14,0.004176589670335334,59,-0.0017536506462622454,-5.730349434614555,0.005569245036093129
2025-02-15,0.0007050497823406938,10,-0.0015420344321852085,-5.729432768618137,0.0009166659964181534
2025-02-16,0.0008528568420322832,12,-0.007588710055476969,-5.734626587399397,-0.005193818781259907
2025-02-17,0.001221200865228359,17,-0.009296324082915468,-5.735113000561607,-0.0004864131622097645
2025-02-18,-0.01733372491550703,35,2.3436853820665337e-05,-5.743126964540378,-0.008013963978771521
2025-02-19,0.00177566243210781,26,0.0,-5.741374738962091,0.0017522255782873586
2025-02-20,0.0011942732213021147,17,-0.00013574275142088488,-5.740316208492209,0.001058530469881802
2025-02-21,0.003568025343130838,51,-0.010708361522462084,-5.74732080192012,-0.007004593427910599
2025-02-22,0.0009301732728859485,13,-0.008149437224773227,-5.743831704349545,0.003489097570574806
2025-02-23,0.0002873041836110205,4,-0.010124042605789071,-5.74551900554695,-0.0016873011974052332
2025-02-24,-0.027483642259918256,44,-0.011993078328718538,-5.774871683529797,-0.02935267798284702
2025-02-25,-0.01976573854919265,123,-0.005006313182162738,-5.787650656932435,-0.012778973402637561
2025-02-26,-0.020993342902856427,139,-0.01569110550408654,-5.819328792157215,-0.031678135224780135
2025-02-27,0.010017890638358253,142,-0.013183906138276488,-5.806803702153046,0.012525090004168682
2025-02-28,-0.06578603683436643,141,0.0,-5.859405832849137,-0.052602130696090654
2025-03-01,0.0046372414205085866,66,-0.000507616166594649,-5.855276207595224,0.0041296252539133604
2025-03-02,0.010230231228986628,148,-0.00019100576349484168,-5.844729365963136,0.0105468416320873
2025-03-03,-0.039168051313725846,152,-0.010805793700626261,-5.894512205213994,-0.04978283925085769
2025-03-04,-0.016722673286958176,280,-0.0028598170144785474,-5.903288901814804,-0.008776696600810041
2025-03-05,0.01187670345590964,171,0.0,-5.888552381344416,0.01473652047038776
2025-03-06,-0.021918689070536627,113,0.0,-5.910471070414953,-0.021918689070536956
2025-03-07,0.01746124576774483,249,-0.009794528478067228,-5.902804353125275,0.007666717289677827
2025-03-08,0.001150045836949471,16,-0.014050524925161467,-5.90591030373542,-0.0031059506101449585
2025-03-09,-0.05322814567807281,57,-0.0004994345799902585,-5.945587359068322,-0.039677055332902
2025-03-10,-0.009089340213760295,202,-0.013553025842201276,-5.967730290544294,-0.022142931475971572
2025-03-11,-0.017279408433863316,198,-0.0010282742739536257,-5.972484947409909,-0.004754656865615381
2025-03-12,0.009351323413887377,132,-0.0008250525137181019,-5.962930402235786,0.009554545174123241
2025-03-13,-0.017299010005911497,84,-0.00020343477890147333,-5.979607794506881,-0.016677392271095215
2025-03-14,0.005321347360288304,77,-0.0019748722031258086,-5.9760578845708165,0.0035499099360647435
2025-03-15,0.0011722035631476755,17,-0.0008415824445479065,-5.973752391249091,0.0023054933217254714
2025-03-16,0.004826494349278948,69,-0.007883697996012271,-5.975968012451276,-0.002215621202185325
2025-03-17,0.005657335116879334,81,-0.0014193998847563342,-5.963846379223141,0.012121633228135309
2025-03-18,0.004122436647563819,58,-0.0084072604685303,-5.966711803159351,-0.002865423936209588
2025-03-19,0.004917520086110966,71,-6.409279825830715e-05,-5.9534511154029675,0.013260687756383227
2025-03-20,0.0031275278429200924,44,-0.013167644206130698,-5.96342713896792,-0.00997602356495264
2025-03-21,-0.01843021879057104,24,-0.00036991593581382255,-5.969059629488174,-0.005632490520254052
2025-03-22,0.00027561448918234414,4,-0.0008589410707502567,-5.9692730401339285,-0.00021341064575430835
2025-03-23,0.0009577645961368021,14,0.0,-5.967456334467041,0.0018167056668874082
2025-03-24,0.003577467486251778,52,-0.001634620956607239,-5.965513487937397,0.001942846529644271
2025-03-25,0.0038061509906109074,55,-0.0018954677135498061,-5.961968183703728,0.0035453042336683893
2025-03-26,0.003344827847949769,48,-0.004138165280371734,-5.960866053422601,0.0011021302811276001
2025-03-27,0.002650911403077923,38,-0.002866332866700325,-5.956943309605852,0.0039227438167488415
2025-03-28,0.001852683309747064,26,-0.027391600836051314,-5.979615894265456,-0.02267258465960431
2025-03-29,-0.04438164938546417,27,-0.0008897357159804844,-5.997495678530849,-0.01787978426539283
2025-03-30,0.0023927678615835763,34,-0.0022675318386635073,-5.996480706791949,0.0010149717389005275
2025-03-31,0.006002908674312876,85,-0.0038495363257822967,-5.9920598026047545,0.004420904187194097
2025-04-01,0.0027771616878815254,40,0.0,-5.98543310459109,0.006626698013664445
2025-04-02,-0.016628089913888554,71,-0.001214242342355462,-6.003275436847334,-0.017842332256243765
2025-04-03,0.007519580914554586,107,-0.0011006494839085063,-5.995642263074332,0.007633173773001545
2025-04-04,0.0103536074679726,149,-0.0006433454967198121,-5.984831351619171,0.010810911455161332
2025-04-05,0.001874780646144159,27,-0.0016306380953800366,-5.983943863571687,0.000887488047483842
2025-04-06,-0.036393953182378924,85,-0.005155252344155735,-6.023862431002842,-0.03991856743115463
2025-04-07,-0.009655538806670331,308,-0.005964613430482553,-6.034327330895839,-0.01046489989299726
2025-04-08,-0.028131019632776196,83,-0.00044484328930361703,-6.0569385803874365,-0.02261124949159754
2025-04-09,0.018999336180278457,221,0.0,-6.037494400917854,0.019444179469582323
2025-04-10,0.006499643615683297,93,-0.014823026733891104,-6.045817784036062,-0.008323383118208127
2025-04-11,0.006110106013043788,88,-0.0016121003724090858,-6.0264967516615355,0.01932103237452676
2025-04-12,0.0037665934746616667,54,-0.0006563601944294273,-6.021774418008894,0.00472233365264163
2025-04-13,0.006500494552006954,93,-0.006918578332673425,-6.0215361415951305,0.00023827641376339415
2025-04-14,0.0072204706641113975,104,-0.002873630161240375,-6.010270722759587,0.011265418835543883
2025-04-15,0.004053371052871019,59,-0.008236165610162773,-6.011579887155638,-0.0013091643960514432
2025-04-16,0.005392027549697793,77,-0.0053080916991963475,-6.003259785694973,0.008320101460665086
2025-04-17,0.002987290858388212,43,-0.0015492559043960071,-5.996513659041785,0.006746126653188078
2025-04-18,0.0003467328979617797,5,-0.0034914765399278566,-5.998109146779355,-0.0015954877375703447
2025-04-19,0.0011030601403176337,16,-0.0009269132678088152,-5.994441523366919,0.003667623412436427
2025-04-20,0.001248450158222818,18,-0.0006877036193193584,-5.992953863560206,0.0014876598067123936
2025-04-21,0.004344950440041042,62,-0.00149338691506007,-5.989414596415906,0.0035392671443004176
2025-04-22,0.0056179408729587444,81,0.0,-5.982303268627887,0.0071113277880190395
2025-04-23,0.0026634837624848716,39,0.0,-5.979639784865402,0.0026634837624852636
2025-04-24,0.0025349285099326244,37,0.0,-5.977104856355469,0.0025349285099327545
2025-04-25,0.002238178515735194,32,-0.0018382011915892569,-5.976704879031323,0.0003999773241458726
2025-04-26,0.001276126004049602,18,-0.001871848829228241,-5.975462400664913,0.0012424783664100048
2025-04-27,0.0010677664841776658,15,-0.005767586580642186,-5.978290371932149,-0.002827971267236329
2025-04-28,0.0034107247030730004,48,-0.0008431358730946828,-5.9699551965215285,0.008335175410620899
2025-04-29,0.002468931817810694,35,-0.003213424068442607,-5.969856552899065,9.864362246325697e-05
2025-04-30,0.00320046839151879,45,-0.0036154791915681043,-5.967058139630672,0.0027984132683931406
2025-05-01,0.003598649853278489,52,-0.0009112862594489719,-5.960755296845275,0.006302842785396834
2025-05-02,0.0018449854048967346,27,-0.00022710759473189572,-5.958226132775661,0.0025291640696138984
2025-05-03,0.00041469905450602717,6,-0.0028970429398497634,-5.960481369066273,-0.0022552362906118617
2025-05-04,0.001608942097344651,23,-0.01245974719295922,-5.968435131222037,-0.007953762155763933
2025-05-05,0.002347572588860564,33,-0.009087102184986746,-5.962714913625205,0.005720217596832278
2025-05-06,0.0031760556793774507,45,-0.00030922309576296284,-5.950760978856604,0.011953934768601293
2025-05-07,0.0031545080067970016,46,-0.00010195580034159806,-5.947399203554386,0.0033617753022179286
2025-05-08,0.003882276286936292,56,-0.0006411793565042467,-5.944056150823612,0.0033430527307736213
2025-05-09,0.004002226594559525,57,-0.001605474373448522,-5.941018219245996,0.0030379315776158933
2025-05-10,0.001670706640343425,24,-5.863186684434495e-05,-5.937800670099048,0.003217549146947718
2025-05-11,0.0027671652240917615,40,-0.0009442945471823252,-5.935919167555295,0.0018815025437532995
2025-05-12,0.005032850688225593,72,-0.007877888685069726,-5.937819911004957,-0.0019007434496618458
2025-05-13,0.004211570565094556,60,-0.002213088466206191,-5.927943540220999,0.009876370783958421
2025-05-14,0.002446401876432025,35,-0.004531361432145569,-5.927815411310506,0.00012812891049218678
2025-05-15,0.0036716541539224493,52,-0.0034203400847692125,-5.923032735809207,0.004782675501298961
2025-05-16,0.0020845485784509892,30,-0.004741596587382212,-5.922269443733369,0.0007632920758382511
2025-05-17,0.0009832034976059673,14,-0.006444317834734004,-5.922988961483115,-0.0007195177497454353
2025-05-18,0.0031696122869236637,46,0.0,-5.913375031361457,0.009613930121657788
2025-05-19,0.004726472971190751,68,0.0,-5.908648558390266,0.004726472971190887
2025-05-20,0.001437106994375289,21,0.0,-5.907211451395891,0.0014371069943752701
2025-05-21,0.00689410861192567,99,-2.2686962561325974e-05,-5.900340029746526,0.006871421649364606
2025-05-22,0.003725267443425741,53,-6.155052377710938e-05,-5.8966536258643165,0.0036864038822095324
2025-05-23,-0.016339249639151482,18,-2.4300073295012537e-05,-5.9129556250529856,-0.016301999188669036
2025-05-24,0.002693590069546469,39,-0.002765339117984202,-5.913003074028128,-4.7448975142749816e-05
2025-05-25,0.0035415313140744844,51,-0.00013993412775873684,-5.906836137723828,0.006166936304300208
2025-05-26,0.0010890675123834013,16,0.0,-5.9056071360836855,0.001229001640142613
2025-05-27,0.00219366836867199,32,-0.00020041585372620443,-5.90361388356874,0.0019932525149455316
2025-05-28,0.002350985175382011,34,-0.0026920938246173367,-5.903754576364249,-0.00014069279550898983
2025-05-29,0.0033543008333795318,48,-0.014323703566415871,-5.912031885272668,-0.008277308908419378
2025-05-30,0.0029334529482425774,41,-0.02874270235173685,-5.9235174311097465,-0.01148554583707817
2025-05-31,0.0,0,-0.023078734408386342,-5.917853463166396,0.005663967943350556
2025-06-01,0.0005026284425241497,7,-0.013902817396647196,-5.908174917712133,0.009678545454263165
2025-06-02,0.0007169159011556097,10,-0.01231245524834551,-5.9058676396626755,0.0023072780494572953
2025-06-03,0.0022817533078476103,32,-0.01570541476478209,-5.906978845871265,-0.0011112062085896213
2025-06-04,0.0008602585519087204,12,-0.02145997665600452,-5.911873149210578,-0.004894303339312955
2025-06-05,-0.03605364247156118,41,-0.003455365541996505,-5.9299221805681315,-0.018049031357553424
2025-06-06,0.0027023340172522368,39,-0.00045578468499145737,-5.924220265693874,0.005701914874257419
2025-06-07,0.0004778094148122803,7,0.0,-5.92328667159407,0.0009335940998038694
2025-06-08,0.0,0,0.0,-5.92328667159407,0.0
2025-06-09,0.001730964134599948,25,0.0,-5.92155570745947,0.0017309641345999438
2025-06-10,0.0010232078733032476,15,0.0,-5.920532499586167,0.0010232078733034555
2025-06-11,0.0008211985326932597,12,-0.00025023016674562343,-5.919961531220219,0.0005709683659480547
2025-06-12,0.00272055610448529,39,-0.01220938545943192,-5.92920013040842,-0.009238599188201135
2025-06-13,0.00250776980426474,35,-0.009562549005859086,-5.924045524150583,0.0051546062578369245
2025-06-14,0.0007161018478834885,10,-0.014097446417527196,-5.9278643197143674,-0.003818795563784505
2025-06-15,0.0011444691182090742,16,-0.012764258714555339,-5.925386662893186,0.0024776568211812844
2025-06-16,0.0030005093378549937,43,-0.004495130336006419,-5.9141170251767825,0.011269637716403658
2025-06-17,0.0017654479774241404,25,-0.01869097508690589,-5.926547421950258,-0.012430396773475572
2025-06-18,0.0010064971718821971,14,-0.01586196684289404,-5.922711916534364,0.0038355054158945023
2025-06-19,0.000719192988271157,10,-0.017785483398422987,-5.923916240101621,-0.001204323567257859
2025-06-20,-0.033726079980567036,28,-0.00045411621414249444,-5.940310952897908,-0.016394712796286903
2025-06-21,0.0021832797816012327,31,-0.0035438280785953435,-5.94121738498076,-0.0009064320828517936
2025-06-22,-0.02087304766923455,69,0.0,-5.958546604571399,-0.017329219590639156
2025-06-23,0.003302486989048511,47,0.0,-5.9552441175823505,0.0033024869890487807
2025-06-24,0.0,0,0.0,-5.9552441175823505,0.0
2025-06-25,0.0017396364290001264,25,-0.0006806020142653391,-5.954185083167616,0.0010590344147347608
2025-06-26,0.0018733490502115572,27,-0.0018174540989847753,-5.953448586202124,0.0007364969654917175
2025-06-27,0.0018153142486574045,26,-0.001835024795252585,-5.951650842649735,0.0017977435523892638
2025-06-28,0.0002785727670586857,4,-0.0011982464039674093,-5.950735491491391,0.0009153511583441798
2025-06-29,0.0008967830716875979,13,8.229342063933397e-06,-5.948632232673672,0.0021032588177183342
2025-06-30,0.001729546064981752,25,-0.0024550014162790603,-5.949365917367033,-0.000733684693360992
2025-07-01,0.0011966952639651312,17,-0.008406933265598689,-5.954121153952388,-0.004755236585355149
2025-07-02,0.0017354705574515246,25,0.0,-5.943978750129338,0.01014240382305065
2025-07-03,0.00040808694292970014,6,0.0,-5.943570663186408,0.00040808694292948644
2025-07-04,0.0009643874305080133,14,-0.001082913297596649,-5.943689189053497,-0.00011852586708904767
2025-07-05,0.0004127372934808119,6,-0.0006686886871200077,-5.942862227149539,0.0008269619039582565
2025-07-06,0.000614737467798487,9,0.0,-5.941578800994621,0.0012834261549183879
2025-07-07,0.0010970123835790245,16,-0.0005492720503124341,-5.941031060661354,0.0005477403332667663
2025-07-08,0.00143671897589896,21,1.888587603425229e-05,-5.939026183759108,0.0020048769022462665
2025-07-09,0.0015966135862190748,23,-0.0005397842950799558,-5.937988240344003,0.0010379434151044364
2025-07-10,0.002993077170002965,43,-0.0005572346370766313,-5.935012613515997,0.002975626828006561
2025-07-11,0.0038654706137684486,56,-0.0011632439827697948,-5.931753152247921,0.003259461268075192
2025-07-12,0.0006197934753679655,9,-0.0013744368197587155,-5.931344551609542,0.00040860063837921956
2025-07-13,0.0010230237723594952,15,0.0,-5.928947091017425,0.0023974605921175396
2025-07-14,0.003645274673980497,52,-0.009838397055701418,-5.935140213399146,-0.006193122381721317
2025-07-15,-0.03785494278462542,35,-1.1597175160615766e-05,-5.963168356303231,-0.02802814290408495
2025-07-16,0.0008882192459911209,13,0.0,-5.962268539882079,0.0008998164211515558
2025-07-17,0.0021373167792744525,31,-0.0024417251520352833,-5.962572948254841,-0.00030440837276124455
2025-07-18,0.001992236051253675,28,-0.007954360683882217,-5.966093347735434,-0.0035203994805934613
2025-07-19,0.0,0,-0.008588966496611457,-5.966727953548163,-0.0006346058127286724
2025-07-20,0.00035990804080002323,5,-0.011230229013078111,-5.969009308023829,-0.002281354475666575
2025-07-21,0.001004632952557266,14,-0.010700763572642491,-5.9674752096308366,0.0015340983929927887
2025-07-22,0.002142928990445735,30,-0.0010056022938910705,-5.95563711936164,0.011838090269196577
2025-07-23,0.00035661005186736884,5,-0.004486357393671302,-5.958761264409552,-0.0031241450479120303
2025-07-24,0.0012919371361683088,18,-0.006287188546213752,-5.959270158425927,-0.0005088940163746614
2025-07-25,-0.013278623180618355,63,5.9985346069977196e-05,-5.966201607714262,-0.006931449288335223
2025-07-26,0.000548501227400638,8,-0.00011323180457631355,-5.965826323637508,0.00037528407675413433
2025-07-27,0.0004094366877308568,6,0.0,-5.965303655145201,0.0005226684923069769
2025-07-28,0.0012308299898518634,18,-0.0001361197958039267,-5.964208944951153,0.001094710194047721
2025-07-29,0.0018515927740355748,27,-0.000277729874917923,-5.962498962256232,0.001709982694920953
2025-07-30,0.0022020881017719833,32,-0.00036069792028360073,-5.960379842199826,0.002119120056406132
2025-07-31,0.001991964192776861,29,-0.006944544916951077,-5.964971725003717,-0.00459188280389089
2025-08-01,0.004333277596878526,61,-0.025018459195966326,-5.978712361685853,-0.013740636682135765
2025-08-02,0.00014396321632001452,2,-0.031817838729533116,-5.9853677780031,-0.006655416317247642
2025-08-03,0.0007171219154698384,10,-0.017071353087900275,-5.969904170445997,0.015463607557102854
2025-08-04,0.0019936142946877424,28,-0.011004151530900504,-5.96184335459431,0.008060815851687053
2025-08-05,0.0010747545372447995,15,-0.017717082747422168,-5.967481531273587,-0.005638176679276796
2025-08-06,0.0020730208709767357,29,-0.011407257587627591,-5.959098685242815,0.008382846030771773
2025-08-07,0.001959890879951981,28,-0.000985218485984076,-5.946716755261219,0.012381929981596151
2025-08-08,0.0009726338507606693,14,-0.003103438152907873,-5.947862341077383,-0.0011455858161637522
2025-08-09,0.0007612379408603739,11,-0.003861659729006903,-5.9478593247126215,3.0163647615211175e-06
2025-08-10,0.0020512885796590582,30,0.0,-5.941946376403956,0.005912948308665733
2025-08-11,0.002261846895115837,32,-0.011741502400066123,-5.951426031908906,-0.009479655504950557
2025-08-12,0.0017908505770375574,25,-0.004337157602580747,-5.9422308365343826,0.009195195374523735
2025-08-13,0.003920306446913759,56,-7.601896973296845e-05,-5.9340493914546215,0.00818144507976104
2025-08-14,0.0014734044567290502,21,-0.023320699763807393,-5.955820667791967,-0.021771276337345213
2025-08-15,0.00035990804080001553,5,-0.03113281613446967,-5.963272876121828,-0.007452208329861598
2025-08-16,0.0,0,-0.030830473862717568,-5.9629705338500765,0.00030234227175185424
2025-08-17,0.0,0,-0.03063979698322622,-5.9627798569705845,0.00019067687949192447
2025-08-18,-0.03753852744321732,33,-0.0005828501131248096,-5.970261437543701,-0.007481580573116098
2025-08-19,0.001276966422832513,18,-0.014854182545504576,-5.983255803553249,-0.012994366009547953
2025-08-20,0.00043147425340743555,6,-0.007051271395540583,-5.975021418149877,0.008234385403371292
2025-08-21,0.0004310597021547507,6,-0.01695274825276338,-5.984491835304945,-0.009470417155068134
2025-08-22,-0.020257209035171315,30,-0.00025735505349588076,-5.988053651140849,-0.0035618158359032037
2025-08-23,0.000782930443309134,11,-0.0037770403979286854,-5.990790406041973,-0.0027367549011243497
2025-08-24,-0.026929346554423004,37,0.0,-6.013942712198467,-0.02315230615649444
2025-08-25,0.0054490091747484625,78,-0.010700115961943198,-6.019193818985662,-0.005251106787194537
2025-08-26,0.004608417013996204,65,-0.0030497867368486356,-6.006935072746572,0.012258746239090179
2025-08-27,0.003411087275297064,49,-0.005017009667919147,-6.005491208402345,0.0014438643442264976
2025-08-28,0.0024132459672512245,35,-0.0008630905078310456,-5.998924043275006,0.006567165127338903
2025-08-29,0.0015539793531844834,22,-0.02226299397042077,-6.0187699673844115,-0.01984592410940511
2025-08-30,0.0,0,-0.01891064741056078,-6.015417620824551,0.0033523465598603863
2025-08-31,0.0004312665556311178,6,-0.023263893924102684,-6.019339600782462,-0.003921979957911326
2025-09-01,0.0007181578714515361,10,-0.016276044419764248,-6.011633593406672,0.0077060073757904135
2025-09-02,0.0035373836723416895,50,-0.004755217505192709,-5.996575382819759,0.015058210586913034
2025-09-03,0.0018816861884956293,27,-0.0031913499715936246,-5.993129829097664,0.003445553722094985
2025-09-04,0.0016236524916237848,23,-0.007721810553394953,-5.996036637187842,-0.002906808090178181
2025-09-05,0.003544075977670573,51,-0.006154828722956537,-5.990925579379733,0.005111057808108832
2025-09-06,0.0005641692710722793,8,-0.008453848198974242,-5.992660429584679,-0.0017348502049454595
2025-09-07,0.0005623505418655887,8,-0.004406518704631327,-5.988050749548471,0.004609680036208097
2025-09-08,0.0015955955151157376,23,-0.0016800961368009836,-5.983728731465525,0.0043220180829459665
2025-09-09,0.0018022901650608868,26,-0.0035564801108797363,-5.983802825274543,-7.409380901801654e-05
2025-09-10,0.0017186559097016937,25,0.0,-5.978527689253961,0.005275136020581606
2025-09-11,0.0,0,0.0,-5.978527689253961,0.0
2025-09-12,0.0014720140963741864,21,-0.00041639851433293974,-5.97747207367192,0.0010556155820413693
2025-09-13,0.00042045562655632215,6,-0.0005474968441672213,-5.977182716375198,0.0002893572967215263
2025-09-14,0.0007002236857271216,10,-0.0018731817127715835,-5.977808177558075,-0.0006254611828770962
2025-09-15,0.0017588413283099323,25,-0.001360816496258208,-5.975536971013252,0.0022712065448233787
2025-09-16,0.0017509993271805477,25,-1.1297658310993548e-05,-5.972436452848124,0.003100518165127575
2025-09-17,0.0027220243323344624,39,-0.0008258782851550321,-5.970529009142633,0.0019074437054911186
2025-09-18,0.001581239190979242,23,-0.0005444083902775333,-5.9686663000567775,0.0018627090858558404
2025-09-19,0.0005563760559334467,8,-0.004148715091889847,-5.971714230702456,-0.0030479306456783206
2025-09-20,0.00013968455092375358,2,-0.003943395605070006,-5.971369226664713,0.0003450040377428465
2025-09-21,0.00014028459317995883,2,-0.005775905889368301,-5.973061452355831,-0.0016922256911184874
2025-09-22,0.00028380686842845187,4,-0.022806277708744032,-5.989808017306778,-0.01674656495094684
2025-09-23,0.0,0,-0.02788476813072023,-5.994886507728754,-0.005078490421976056
2025-09-24,0.0005032481637911278,7,-0.017816863877500706,-5.984315355311744,0.010571152417010232
2025-09-25,-0.03649332439993662,26,-0.008012307783545083,-6.011004123617725,-0.02668876830598066
2025-09-26,0.0020764948568870356,29,-0.004729379591699923,-6.005644700568992,0.005359423048732381
2025-09-27,0.0002858561990008557,4,-0.00476375473291954,-6.005393219511212,0.0002514810577807225
2025-09-28,0.0010552276035250372,15,-7.52353739056674e-05,-5.999649472548673,0.005743746962538765
2025-09-29,0.0007565428776289263,11,0.0,-5.998817694297138,0.0008317782515350203
2025-09-30,0.0010898374959420376,16,0.0,-5.997727856801196,0.0010898374959422696
2025-10-01,0.0017911033015976148,26,0.0,-5.995936753499598,0.0017911033015973743
2025-10-02,0.00041965369502744383,6,-0.0003006943693045633,-5.995817794173875,0.00011895932572336676
2025-10-03,0.0029071434385174125,42,-0.0005663946256762016,-5.993176350991729,0.002641443182145764
2025-10-04,0.0008250881021731045,12,-0.0003069703893508736,-5.992091838653231,0.001084512338498378
2025-10-05,0.0011266057292816161,16,-0.0038481482534085745,-5.994506410788006,-0.002414572134775028
2025-10-06,0.0026271654173907794,37,-0.0021651067145663544,-5.990196203831774,0.004310206956231966
2025-10-07,-0.016344783134197488,23,-0.0006616981741042632,-6.005037578425509,-0.014841374593735246
2025-10-08,0.0027482258253500144,40,0.0,-6.001627654426055,0.0034099239994542785
2025-10-09,0.002700300637000195,39,-0.001104318540270478,-6.0000316723293246,0.0015959820967301752
2025-10-10,-0.051721504002104776,157,-0.0027343654701924487,-6.053383223261351,-0.05335155093202637
2025-10-11,0.004703786501806879,66,-0.01317988558754003,-6.059124956876892,-0.0057417336155412
2025-10-12,0.006164857383652098,88,-0.0007699273114193995,-6.040550141217119,0.018574815659772703
2025-10-13,0.004816402579750788,70,-0.0004108380458644935,-6.035374649371813,0.0051754918453061904
2025-10-14,0.005457507806798066,77,-0.005991879129393228,-6.035498182648544,-0.0001235332767306474
2025-10-15,0.003489648391719875,49,-0.02129562159791882,-6.04731227672535,-0.011814094076806114
2025-10-16,-0.03654686553725514,69,-0.001335903362826761,-6.063899424027512,-0.01658714730216193
2025-10-17,-0.015118289720649762,79,0.0,-6.077681810385335,-0.013782386357823029
2025-10-18,0.0,0,0.0,-6.077681810385335,0.0
2025-10-19,0.0014660310293470244,21,-0.0006322313335447426,-6.076848010689533,0.0008337996958021066
2025-10-20,0.0020010378247800817,29,0.0,-6.074214741531208,0.0026332691583244028
2025-10-21,0.005937377487167728,85,-0.02624965330876481,-6.094527017352805,-0.020312275821596337
2025-10-22,-0.02351666446537769,85,-0.002861769870929304,-6.094655798380347,-0.000128781027542324
2025-10-23,0.003992406844758527,58,1.8101945496999292e-06,-6.08779981147011,0.006855986910236922
2025-10-24,0.001225223308237352,18,0.0,-6.0865763983564225,0.001223413113687677
2025-10-25,0.0,0,0.0,-6.0865763983564225,0.0
2025-10-26,0.0019357491544133207,28,-0.0002072399143464254,-6.0848478891163555,0.0017285092400669555
2025-10-27,0.0010900322698896166,16,-0.000839082113658538,-6.0843896990457775,0.00045819007057801286
2025-10-28,0.003166565217517409,46,-0.0045083449994790204,-6.084892396714081,-0.0005026976683035755
2025-10-29,0.003897341585234082,55,-0.022250418632046777,-6.098737128761415,-0.013844732047333608
2025-10-30,-0.0346446753926382,81,-0.0037602977992369623,-6.114891683321242,-0.016154554559827616
2025-10-31,0.005149686484780255,75,-0.0005740046637775699,-6.1065557037010025,0.008335979620239797
2025-11-01,0.0009550329695735312,14,-3.812546642105269e-05,-6.105064791534073,0.0014909121669290926
2025-11-02,0.0010218573661598294,15,0.0,-6.104004808701492,0.001059982832581241
2025-11-03,0.005804293121447469,82,-0.011145302080535935,-6.10934581766058,-0.005341008959088178
2025-11-04,-0.060399096233117636,86,0.0,-6.1585996118131625,-0.04925379415258213
2025-11-05,0.004572100163057028,66,-0.00028019719785667515,-6.154307708847962,0.004291902965200656
2025-11-06,0.005448621662478078,77,-0.01150725542369891,-6.160086145411326,-0.005778436563364409
2025-11-07,0.0036932372620983576,52,-0.0015225534243480466,-6.146408206149877,0.013677939261449445
2025-11-08,0.0022013986513993587,31,-0.005500673358443318,-6.148184927432573,-0.0017767212826962364
2025-11-09,0.004263244966252508,61,-0.0006678419433873795,-6.139088851051264,0.009096076381308826
2025-11-10,0.0016393065167645494,24,0.0,-6.136781702591112,0.0023071484601517867
2025-11-11,0.0031244931536444157,45,-0.006662532004371983,-6.140319741441839,-0.003538038850726899
2025-11-12,0.004079567415754312,58,-0.01376818659294378,-6.143345828614657,-0.003026087172817604
2025-11-13,-0.029503087698774466,127,-0.0007248951246630884,-6.159805624845151,-0.016459796230494206
2025-11-14,-0.019909723836977793,148,-0.006623877866498018,-6.185614331423964,-0.025808706578812846
2025-11-15,0.003726095355952001,54,-0.001639245734408382,-6.176903603935923,0.008710727488041137
2025-11-16,0.006663401160029098,95,-0.008477592590771106,-6.177078549632256,-0.00017494569633313972
2025-11-17,0.005820424022905374,83,-0.020656287963378588,-6.1834368209819575,-0.006358271349701461
2025-11-18,-0.025842064741034444,100,0.0,-6.188622597759614,-0.0051857767776564145
2025-11-19,0.007852986975798601,112,-0.002242722869499807,-6.183012333653315,0.0056102641062985015
2025-11-20,-0.03534787008681937,115,-0.003255511208830164,-6.219372992079465,-0.03636065842614933
2025-11-21,-0.012876019907557277,262,2.610118875270527e-05,-6.22896739958944,-0.009594407509974978
2025-11-22,0.005097766297792436,74,-0.0003148127760268919,-6.224210547256427,0.004756852333012596
2025-11-23,0.004742207889730313,68,-0.0012410928443420382,-6.2203946194350115,0.003815927821415599
2025-11-24,0.007753516142471289,111,-0.00014483534971641135,-6.211544845797914,0.008849773637097158
2025-11-25,0.005976146725557401,86,-0.0024778186161281517,-6.207901682338769,0.003643163459145171
2025-11-26,0.005706889300137921,82,-3.536492582661135e-05,-6.19975233934833,0.008149342990439123
2025-11-27,0.0030440040070633997,44,-0.00045380235091366987,-6.197126772766354,0.002625566581976102
2025-11-28,0.0031022194652212537,45,-0.002117156637766578,-6.195687907587986,0.0014388651783683315
2025-11-29,0.0011834430884449893,17,-0.0024167661904846626,-6.194804074052258,0.0008838335357275184
2025-11-30,0.0020055494645119295,29,-0.005468361576043143,-6.195850119973305,-0.0010460459210470674
2025-12-01,-0.0362021171374388,84,-0.0008194272338821005,-6.2274033027685824,-0.0315531827952773
2025-12-02,0.007029380149506902,101,-0.0014412336080245592,-6.220995728993218,0.0064075737753643836
2025-12-03,0.003350903152396894,49,0.0,-6.216203592232797,0.004792136760420895
2025-12-04,0.0023296309751361785,34,-0.0003862815555435061,-6.214260242813204,0.0019433494195935097
2025-12-05,0.004345150011576955,62,-0.014897259899817978,-6.224426071145901,-0.010165828332697302
2025-12-06,0.0013546420476851478,19,-0.015821202512116616,-6.223995371710514,0.00043069943538665
2025-12-07,0.00425054807795342,60,-0.006362653301746568,-6.210286274422191,0.01370909728832359
2025-12-08,0.00545771725186492,78,-0.005003559035572374,-6.2034694629041525,0.006816811518038257
2025-12-09,0.005059479151112852,72,-0.004844940589567644,-6.198251365307034,0.00521809759711811
2025-12-10,0.0031435005547816412,44,-0.006269341757794024,-6.19653226592048,0.0017190993865545678
2025-12-11,-0.009222711213343181,76,0.0,-6.199485635376029,-0.0029533694555494705
2025-12-12,0.0025805578366283424,37,-0.0032081475310256668,-6.200113225070426,-0.0006275896943970238
2025-12-13,0.0006306814313933935,9,-0.003333029040291531,-6.199607425148299,0.0005057999221271814
2025-12-14,0.0017787541711668333,25,-0.01852350191526058,-6.213019143852101,-0.013411718703801867
2025-12-15,-0.03447182609954423,56,-0.00040144480774436704,-6.229368912844129,-0.016349768992028224
2025-12-16,0.005892323252720303,85,-6.469411870682203e-05,-6.223139838902371,0.006229073941757868
2025-12-17,-0.01006648110596883,84,-0.0013413985309666295,-6.2344830244206,-0.011343185518228438
2025-12-18,0.005949260872363399,85,-0.00895344209917486,-6.236145807116445,-0.0016627826958455216
2025-12-19,0.0065505066758319175,95,0.0,-6.2206418583414385,0.015503948775006826
2025-12-20,0.00034010453508969107,5,0.0,-6.220301753806349,0.00034010453508948046
2025-12-21,0.0006809805694537039,10,0.0,-6.219620773236895,0.0006809805694540927
2025-12-22,0.003798311547138827,54,-0.0056372713055837746,-6.221459732995339,-0.0018389597584445028
2025-12-23,0.0007162995365789116,10,-0.01207942268281054,-6.227185584835987,-0.005725851840647778
2025-12-24,0.0,0,-0.010951453294464553,-6.226057615447641,0.0011279693883459174
2025-12-25,0.000646174579829488,9,-0.015107533970273642,-6.229567521543621,-0.0035099060959797868
2025-12-26,0.0021343003643984055,30,-0.014655105341238412,-6.226980792550187,0.0025867289934335957
2025-12-27,0.0,0,-0.010964966959007956,-6.223290654167958,0.0036901383822298683
2025-12-28,0.0,0,-0.010414482230394517,-6.222740169439343,0.0005504847286141867
2025-12-29,0.001559214093942791,22,-0.01617336961625064,-6.226939842731257,-0.004199673291913619
2025-12-30,0.0017873574322264409,25,-0.007198439029171885,-6.216177554711952,0.01076228801930501
2025-12-31,0.0008579915144791461,12,-0.01377398115186816,-6.2218951053201685,-0.005717550608216548
2026-01-01,0.0004296133907727896,6,-0.005025195361264692,-6.212716706138793,0.009178399181375418
2026-01-02,0.004359697888726549,62,-0.0011407326783687325,-6.204472545567171,0.008244160571622139
2026-01-03,0.0009770146056145793,14,-0.00017170984823501248,-6.202526508131423,0.0019460374357480603
2026-01-04,0.001507218292597473,22,-1.179444090090181e-05,-6.2008593744314915,0.0016671336999314335
2026-01-05,0.0020848241111204083,30,-0.0013792646895412492,-6.200142020569011,0.0007173538624805076
2026-01-06,0.0036539666810943986,52,-0.001652802181432917,-6.196761591379809,0.0033804291892023386
2026-01-07,0.0014295345730314499,20,-0.01731374890289805,-6.210993003528242,-0.014231412148433265
2026-01-08,-0.033293405590559266,31,-0.0002884234843496388,-6.227261083700252,-0.016268080172010535
2026-01-09,0.003714771512837603,54,-0.0012471002107849179,-6.224504988913851,0.0027560947864015972
2026-01-10,0.0002068575326637632,3,-0.0016515955717975892,-6.2247026267422,-0.0001976378283492508
2026-01-11,0.0007567222589849745,11,-0.00037720610745011233,-6.222671515018868,0.0020311117233324794
2026-01-12,0.0031514052200237084,46,-7.563630911385142e-05,-6.219218540000507,0.0034529750183605046
2026-01-13,0.0024852921711104032,36,3.9830056925776765e-05,-6.216617781463357,0.0026007585371496944
2026-01-14,0.003824086025940133,55,-0.0011329997714228494,-6.213966525265766,0.002651256197591323
2026-01-15,0.0037728023951958296,53,-0.0068415280868424355,-6.215902251185989,-0.0019357259202230637
2026-01-16,0.0006472113801111497,9,-0.0071207514567409435,-6.215534263175776,0.0003679880102129829
2026-01-17,7.198160816000291e-05,1,-0.009833332061758378,-6.218174862172633,-0.00264059899685698
2026-01-18,0.0,0,-0.019754835987092333,-6.228096366097968,-0.00992150392533464
2026-01-19,-0.026560978999523296,36,-0.0010485973355140706,-6.2359511064459126,-0.007854740347944755
2026-01-20,-0.02719876402004715,33,-0.0007773438856338347,-6.26287861701608,-0.02692751057016718
2026-01-21,0.0073649998057304525,106,-0.001453360026454375,-6.25618963335117,0.006688983664909998
2026-01-22,0.003111203178447807,45,-0.0009651577959817171,-6.252590227942249,0.003599405408921008
2026-01-23,0.0030338211977232374,44,-0.0006883869007660252,-6.24927963584931,0.0033105920929390464
2026-01-24,0.00027600714993983246,4,-0.001842329510238691,-6.250157571308843,-0.0008779354595329636
2026-01-25,0.0012751675219131596,18,-0.02043580798754335,-6.267475882264234,-0.017318310955391603
2026-01-26,0.004680289831282967,66,-0.005977231257653292,-6.248337015703061,0.019138866561172918
2026-01-27,0.0035840717084366517,51,-0.0017599250256575332,-6.240535637762629,0.007801377940432452
2026-01-28,0.0035832744339099943,52,-0.0020870962874746765,-6.237279534590535,0.003256103172093461
2026-01-29,-0.039306951715108576,65,-0.0014423711201603695,-6.27594176113833,-0.038662226547794276
2026-01-30,-0.019263641882965036,107,-0.00013350633786769704,-6.293896538239002,-0.01795477710067228
2026-01-31,-0.03641118805012672,105,-0.0003999268753422809,-6.330574146826604,-0.03667760858760172
2026-02-01,0.011874458586039414,170,-0.010088186950634579,-6.328387948315856,0.002186198510747417
2026-02-02,0.011730439627636043,168,-0.0004046386234441746,-6.306973960361031,0.02141398795482541
2026-02-03,-0.03425872543888877,150,0.0,-6.340828047176475,-0.03385408681544444
2026-02-04,0.010561886776893905,150,-0.01167531230488857,-6.3419414727044705,-0.0011134255279952043
2026-02-05,-0.10472476424397399,293,-0.002327660958325771,-6.437318585601881,-0.09537711289741058
2026-02-06,0.02335213138165626,332,-0.00139790336304139,-6.41303669662494,0.02428188897694117
2026-02-07,-0.011201206801978943,169,-2.5245016975767414e-05,-6.422865245080853,-0.0098285484559133
2026-02-08,0.007024543186095975,101,-0.0064682502558471855,-6.422283707133629,0.0005815379472240423
2026-02-09,0.009117396546306762,129,-0.009576340155767952,-6.416274400487243,0.006009306646386214
2026-02-10,0.003144934474990353,44,-0.02506557816591123,-6.428618704022396,-0.012344303535153145
2026-02-11,-0.03302756956173506,150,-0.005883694205317348,-6.442464389623537,-0.013845685601141078
2026-02-12,0.006323950757256403,90,-0.011879708271437143,-6.4421364529324014,0.00032793669113573287
2026-02-13,0.006439188566291738,92,-6.381327680445308e-05,-6.423881369371476,0.0182550835609252
2026-02-14,0.0029008585391034833,41,-0.001133867993236802,-6.422050565548806,0.0018308038226706458
2026-02-15,0.00296672009310269,42,-0.009276128677825726,-6.427226106140292,-0.005175540591486616
2026-02-16,-0.017973647877140814,41,0.0,-6.4359236253396075,-0.008697519199315273
2026-02-17,0.00585067978236484,84,-0.00433602658200732,-6.4344089721392494,0.0015146532003580404
2026-02-18,0.005273239981620425,75,-0.013953434501025125,-6.438753140076647,-0.004344167937397891
2026-02-19,0.005272033198629635,74,-0.008366930410402052,-6.427894602787394,0.0108585372892529
2026-02-20,0.008276943447548703,118,-0.0015940222380891591,-6.412844751167533,0.015049851619861165
2026-02-21,0.0011720235388821081,17,-0.002200310833029143,-6.41227901622359,0.0005657349439429638
2026-02-22,0.001463229379774218,21,-0.004132391923020445,-6.412747867933808,-0.0004688517102175993
2026-02-23,-0.03742891548801386,90,-0.003737691557057635,-6.449782083055859,-0.03703421512205107
2026-02-24,0.006381821775891627,90,-0.008946515850132857,-6.448609085573042,0.00117299748281674
2026-02-25,0.00539949445099833,78,-0.007071029040999944,-6.441334104312911,0.007274981260131597
2026-02-26,-0.01082099477178105,51,-0.00039427406084572593,-6.445478344104538,-0.004144239791627591
2026-02-27,0.005279538091069055,75,-0.013592667289873737,-6.453397199242497,-0.007918855137958758
2026-02-28,-0.030143760748695243,132,-0.0009242906951803453,-6.470872583396498,-0.017475384154001183
2026-03-01,0.008331041420076731,119,-0.01259114829570748,-6.474208399576949,-0.00333581618045109
2026-03-02,0.01247545573765185,177,-0.003921783324947349,-6.453063578868537,0.02114482070841195
2026-03-03,-0.016890426860505573,105,0.0,-6.466032222404095,-0.012968643535558044
2026-03-04,0.007675566681415258,111,-0.0031002941232274707,-6.461456949845908,0.004575272558187571
2026-03-05,0.007448038006884457,106,-0.01886576791725489,-6.46977438563305,-0.00831743578714228
2026-03-06,-0.037770130008731334,67,-0.009084760120755568,-6.497763507845281,-0.027989122212231266
2026-03-07,0.0010038097293664098,14,-0.018666040949078082,-6.506340978944238,-0.008577471098957012
2026-03-08,-0.03228409861627561,21,-0.0015442575001313038,-6.521503294111567,-0.0151623151673288
2026-03-09,0.007012852193218123,101,-0.003186124711512444,-6.5161323091297305,0.005370984981836635
2026-03-10,0.005204386364469459,75,-0.007890863399257639,-6.515632661453006,0.0004996476767242797
2026-03-11,0.0027226761603307546,38,-0.006179668979933107,-6.511198790873351,0.004433870579655164
2026-03-12,0.0010786856335184935,15,-0.0038530335787012107,-6.5077934698386,0.0034053210347506635
2026-03-13,0.007355435391794379,105,-0.009411862588270084,-6.505996863456375,0.0017966063822250078
2026-03-14,0.0014292926975334264,20,-0.007161801510290803,-6.5023175096808625,0.0036793537755128725
2026-03-15,0.004191244169391986,60,-0.0005374645341368683,-6.491501928535317,0.010815581145545927
2026-03-16,0.0024782354798619528,36,4.0071800887583306e-05,-6.48844615672043,0.0030557718148864765
2026-03-17,0.0068327393436481325,97,-0.009207947249705457,-6.490861436427375,-0.002415279706944773
2026-03-18,-0.03278827512823259,55,-0.001456114067446114,-6.515897878373348,-0.02503644194597321
2026-03-19,0.0016432222785356713,23,-0.010598738766068589,-6.523397280793435,-0.0074994024200867315
2026-03-20,0.002646782625073394,37,-0.005473879259217213,-6.5156256386615095,0.0077716421319253826
2026-03-21,-0.022555675434995398,14,-1.2313201599957672e-06,-6.532708666157448,-0.017083027495938374
2026-03-22,0.0042116412539268235,60,-0.00743651581803248,-6.535932309401393,-0.0032236432439454177
2026-03-23,0.007692707229373137,109,-0.0012600898098473745,-6.522063176163835,0.01386913323755845
2026-03-24,0.0031381449039159133,44,-0.00325965213213441,-6.5209245935822056,0.0011385825816292439
2026-03-25,0.004649664721939076,66,-0.0010515260761594868,-6.514066802804292,0.006857790777913486
2026-03-26,-0.02231355498276435,29,-0.0012846193906292974,-6.536613451101526,-0.02254664829723385
2026-03-27,-0.02733550368844168,65,-2.3121494812479508e-06,-6.56266664754882,-0.02605319644729409
2026-03-28,0.0016513896597527774,24,-0.0016158164146989566,-6.562628762154284,3.788539453619677e-05
2026-03-29,0.002900896331090757,42,-0.003566256544134618,-6.561678305952629,0.0009504562016546814
2026-03-30,0.0028175550033672256,41,-0.00021247925997111848,-6.555506973665098,0.006171332287530973
2026-03-31,0.00484032617310362,70,-0.00016766954054246768,-6.5506218377725665,0.0048851358925317
2026-04-01,0.0035043992860326646,50,-0.0026518732710939376,-6.549601642217085,0.0010201955554816067
2026-04-02,0.001208500374253843,17,-0.012863883295688265,-6.558605151867425,-0.009003509650340469
2026-04-03,0.0002159448244800221,3,-0.012077454117935111,-6.557602777865192,0.0010023740022333527
2026-04-04,0.0004302305996494063,6,-0.00867294213271517,-6.5537680352803225,0.0038347425848694883
2026-04-05,0.001772308519013749,25,-7.188692842062861e-05,-6.543394671557015,0.010373363723307882
2026-04-06,0.0025450904779158547,37,-0.0028992381339886762,-6.543676932284666,-0.00028226072765136223
2026-04-07,0.0044566976887561475,64,-0.0008602974073273987,-6.537181293869249,0.006495638415416671
2026-04-08,0.0029926845883755104,43,-0.006384993364624223,-6.539713305238171,-0.0025320113689213386
2026-04-09,0.003404249937349204,49,-0.0023347562735887024,-6.532258818209787,0.007454487028383916
2026-04-10,0.0019256375828205162,28,0.0,-6.5279984243533775,0.004260393856409195
2026-04-11,0.0003401045350896608,5,0.0,-6.527658319818288,0.00034010453508948046
2026-04-12,0.0011902783181026904,17,-0.006345407574479259,-6.5328134490746645,-0.005155129256376512
2026-04-13,0.0032702334353926555,47,-0.0006428465049915093,-6.523840654569784,0.008972794504880532
2026-04-14,0.0029959333325911626,43,-0.006850066024297223,-6.527051940756499,-0.0032112861867146236
2026-04-15,0.0030184336102712815,43,-0.0030843390517726766,-6.520267780173703,0.006784160582795629
2026-04-16,0.0034886915880173587,50,-0.001458593370638494,-6.515153342904552,0.005114437269151395
2026-04-17,0.002702363174892071,39,-0.002730226384949617,-6.513722612743971,0.0014307301605809286
2026-04-18,0.0008551487411918243,12,-0.0129158130241939,-6.523053050642024,-0.009330437898053212
2026-04-19,-0.029016827033068102,8,-0.000333462249695572,-6.539487526900594,-0.016434476258569752
2026-04-20,0.0028221060275367546,41,0.0,-6.536331958623361,0.0031555682772328453
2026-04-21,0.001363899048865789,20,0.0,-6.534968059574495,0.001363899048866024
2026-04-22,0.0016516397662306398,24,-0.0002941631283570553,-6.533610582936621,0.001357476637873667
2026-04-23,0.0030361447516262224,44,-0.000387044364150663,-6.530667319420788,0.0029432635158332943
2026-04-24,0.0014490060861359697,21,-0.0033737110982917243,-6.532204980068793,-0.0015376606480055344
2026-04-25,0.00048641351289157344,7,-0.0024307641357062815,-6.5307756195933155,0.0014293604754778144
2026-04-26,0.001577347192989631,23,1.0589252571960928e-05,-6.526756919012048,0.004018700581267964
2026-04-27,0.0014585778171202497,21,-0.0020139581627753624,-6.527322888610275,-0.0005659695982274116
2026-04-28,0.0012773923961081637,18,-0.008010462527220643,-6.5320420005786115,-0.00471911196833652
2026-04-29,0.0021204140609437628,30,-0.014460572611336363,-6.536371696601784,-0.00432969602317268
2026-04-30,0.0015693516100302085,22,-0.008859370301285622,-6.529201142681703,0.007170553920080813
2026-05-01,0.0024220538511205815,35,-0.0004542558483564269,-6.518373974377654,0.010827168304049728
2026-05-02,0.0006149307125418005,9,0.0,-6.517304787816756,0.0010691865608976059
2026-05-03,0.00047703486613373243,7,-4.5984366002399055e-05,-6.516873737316624,0.00043105050013192425
2026-05-04,0.003238370541240869,46,-0.0014758510755244554,-6.515065233484906,0.0018085038317181557
2026-05-05,0.0019317205970320475,28,-0.0009447618757861745,-6.5126024236881355,0.002462809796770493
2026-05-06,0.0020555331546283184,30,-0.0003040490763679827,-6.509906177734089,0.0026962459540467165
2026-05-07,0.00174052448510281,25,-0.006820753151207012,-6.514682357323825,-0.004776179589736529
2026-05-08,0.0014790467344369652,21,-0.0055240533557221454,-6.511906610793903,0.002775746529922074
2026-05-09,0.0005573497599964535,8,-0.0028087414583401874,-6.508633949136525,0.003272661657378606
2026-05-10,0.001446670188463783,21,0.0,-6.504378537489721,0.004255411646803431
2026-05-11,0.001853964921140972,27,-4.057223035767625e-05,-6.502565144798938,0.0018133926907832887
2026-05-12,0.0013195709701609394,19,-0.003680074089834986,-6.504885075688255,-0.0023199308893167014
2026-05-13,0.0012631193719995105,18,-0.011741978005193197,-6.511683860231614,-0.006798784543359027
2026-05-14,0.0026514707109964054,38,-0.0011794089993259038,-6.4984698205147495,0.013214039716864079
2026-05-15,0.0013375614207455028,19,-0.014374637428582075,-6.51032748752326,-0.011857667008510653
2026-05-16,0.0,0,-0.024842079534598143,-6.520794929629276,-0.010467442106016023
2026-05-17,-0.04260227913143186,1,1.849048549916692e-05,-6.538536638740611,-0.01774170911133499
2026-05-18,0.0025183707151039928,36,-0.0012002718025373202,-6.537237030313544,0.0012996084270673336
2026-05-19,0.0018217145867811795,26,-0.0020050263389136715,-6.536220070263139,0.0010169600504053022
2026-05-20,0.001666509711709576,24,-3.883719712005106e-05,-6.532587371409635,0.003632698853503591
2026-05-21,0.0017287726204720496,25,-0.0008999759258036001,-6.531719737517847,0.0008676338917883442
2026-05-22,0.001054271912086736,15,-0.015727966740549933,-6.545493456420506,-0.01377371890265966
2026-05-23,0.0014858405638017047,21,-0.004847069792310817,-6.533126718908465,0.01236673751204087
2026-05-24,0.0012625822712226985,18,-0.0030540310450345816,-6.530071097889967,0.0030556210184986554
2026-05-25,0.0009005204396778986,13,-0.0018598341917109426,-6.527976380596965,0.00209471729300148
2026-05-26,0.0024497419136273895,35,-0.008813204521799968,-6.532480009013427,-0.00450362841646168
2026-05-27,0.00064266811001704,9,-0.024121922090393353,-6.547146058472003,-0.01466604945857597
2026-05-28,-0.03158372248888545,32,-0.00019741039888642576,-6.554805269269381,-0.00765921079737808
2026-05-29,0.0023897506104004055,34,-0.0025619536239101133,-6.554780061884005,2.5207385376369018e-05
2026-05-30,0.0007703723978464453,11,-0.0009171225648000241,-6.552364858427048,0.0024152034569562275
2026-05-31,0.0009779985237283208,14,-0.0016524072671882791,-6.552122144605708,0.00024271382134077868
2026-06-01,-0.025883406068942655,28,-0.0003558920355355475,-6.576709035442998,-0.024586890837290376
2026-06-02,-0.026193681302500015,62,-0.0053822766499163465,-6.607929101359878,-0.031220065916880202
2026-06-03,-0.020333908723752358,58,-0.009159328894217765,-6.632040062327932,-0.024110960968053874
2026-06-04,-0.027708364860603362,86,0.0,-6.650589098294318,-0.018549035966385574
2026-06-05,-0.027168972854179765,124,3.620564135694444e-05,-6.677721865507141,-0.027132767212822984
2026-06-06,0.005358634909227274,78,-0.00011122700547920412,-6.672510663244749,0.005211202262391801
2026-06-07,0.0047493125055620535,68,-7.664740571561246e-05,-6.6677267711394235,0.004783892105325371
2026-06-08,0.0039034795430857652,57,-0.0006824775743386934,-6.664429121764961,0.00329764937446253
2026-06-09,0.003929323117657669,56,-0.00929511476229469,-6.66911243583526,-0.00468331407029865
2026-06-10,0.005035212221890694,71,-0.011028206790232658,-6.665810315641306,0.003302120193953151
2026-06-11,0.003939664168257258,57,0.0,-6.650842444682817,0.014967870958489726
2026-06-12,0.0012966919475621232,19,7.164270551348658e-05,-6.6494741100297405,0.0013683346530761753
2026-06-13,0.00013596481568000181,2,0.0,-6.649409787919574,6.432211016615952e-05
2026-06-14,0.0011133261534738452,16,3.7391296833011123e-06,-6.648292722636417,0.001117065283157359
2026-06-15,0.0013038760875848804,19,5.094261335899699e-05,-6.646941643065157,0.0013510795712603496
2026-06-16,0.0016441616062002344,24,-0.0012343023724176601,-6.646582726444733,0.00035891662042342176
2026-06-17,0.0036157027039475705,52,-0.007499650698521173,-6.649232372066889,-0.0026496456221556386
2026-06-18,-0.03623608311045635,31,-0.0003436018734985372,-6.6783124063523225,-0.029080034285433598
2026-06-19,0.0024198909239975318,35,-4.531946230803835e-05,-6.675594233017135,0.002718173335187757
2026-06-20,0.0008862783001170691,13,0.0,-6.67466263525471,0.0009315977624249072
2026-06-21,0.00020394722352001337,3,-0.0001615453229023588,-6.6746202333540925,4.240190061732818e-05
2026-06-22,0.0013259191641836218,19,-0.007284058729582044,-6.680416827596589,-0.0057965942424962336
2026-06-23,-0.027530628530306807,34,-1.548615995997327e-05,-6.700678883557273,-0.020262055960683867
2026-06-24,-0.02782915342255896,53,0.0,-6.728492550819872,-0.02781366726259904
2026-06-25,0.004989088817693501,71,-0.0028490769006442513,-6.726352538902822,0.002140011917049378
2026-06-26,0.006027877187907851,86,-0.001245545774112549,-6.718721130588383,0.007631408314439092
2026-06-27,0.0016545024529716508,24,-0.0026653341551996766,-6.718486416516498,0.0002347140718850227
2026-06-28,0.002445898282244178,35,-0.0062952027381952234,-6.719670386817249,-0.0011839703007510138
2026-06-29,0.005649151355268629,81,-0.001518865391654865,-6.709244898115441,0.010425488701808483
2026-06-30,0.0024224315690489473,34,-0.017433417649281684,-6.722737018804018,-0.013492120688577636
2026-07-01,0.004148041957043924,59,-0.0019023194930760262,-6.703057878690768,0.019679140113249893
2026-07-02,0.0027818179123008445,40,-0.0008118045962112674,-6.699185545881603,0.003872332809165435
2026-07-03,0.0022455118297767343,32,-0.0006062360591038616,-6.6967344655147185,0.0024510803668844616
2026-07-04,0.001443159302204698,21,-0.00019993646214675511,-6.694885006615556,0.0018494588991622152
2026-07-05,0.0010307869066195985,15,0.0,-6.69365428324679,0.0012307233687662844
2026-07-06,0.002294244726455007,33,0.0,-6.691360038520335,0.002294244726455119
2026-07-07,0.0014341959364491622,21,0.0,-6.689925842583886,0.001434195936449001
2026-07-08,0.002859622443999033,41,-0.00301469128513089,-6.690080911425017,-0.0001550688411313672
2026-07-09,0.0033817968605434744,49,-6.402796562238494e-05,-6.683748451244965,0.0063324601800518465
2026-07-10,0.0011960288130159374,17,-0.0007516004236481988,-6.683239994889974,0.0005084563549910825
2026-07-11,0.0004946293955354186,7,-0.0019197833902475962,-6.683913548461039,-0.0006735535710644669
2026-07-12,0.0007099271145548031,10,-0.002339756549435965,-6.683623594505672,0.0002899539553666841
2026-07-13,-0.016615530738954862,16,6.529834649785168e-05,-6.697834070348693,-0.014210475843021264
2026-07-14,0.002151181191602095,31,1.2228829864582599e-05,-6.695735958673725,0.002098111674968095
2026-07-15,0.0018692252714518126,27,-0.0021475996661018573,-6.69602656189824,-0.00029060322451446297
2026-07-16,0.0017552039621138828,25,-0.009424757095785545,-6.701548515365809,-0.0055219534675696735
2026-07-17,0.0017096496682596786,24,-0.008377697383324766,-6.698791805985089,0.002756709380720146
2026-07-18,0.0006318960233465906,9,-0.0017289280549156552,-6.691511140633334,0.007280665351755644
2026-07-19,0.0007689680014090609,11,-0.0022657728914659532,-6.691279017468475,0.00023212316485832218
2026-07-20,0.0032086000798621814,46,-0.0006081534802413396,-6.686412797977389,0.004866219491086454
2026-07-21,0.0006846593013125135,10,0.0,-6.6851199851958345,0.0012928127815543533
2026-07-22,0.00040827943881936756,6,0.0,-6.684711705757016,0.000408279438818937
2026-07-23,0.0011730174924895812,17,-0.001401160656711308,-6.684939848921237,-0.00022814316422170577
2026-07-24,0.0014639777469259167,21,-0.00884168352593694,-6.690916394043536,-0.0059765451222988375
2026-07-25,0.0002825881521492248,4,-0.0065866793494104795,-6.68837880171486,0.0025375923286761193
2026-07-26,0.0007638232758316739,11,-0.000635212597379134,-6.681663511686997,0.0067152900278628636
2026-07-27,0.0019386406621464576,28,-0.010602573144346088,-6.689692231571818,-0.008028719884820568
2026-07-28,0.0014284786848665749,20,-0.00908395236438448,-6.6867451321069895,0.0029470994648281845
2026-07-29,0.003253299988373671,46,-0.008426966690040564,-6.682834846444273,0.003910285662716895
2026-07-30,0.001962086025184096,28,-0.0028938827675748175,-6.675339676496622,0.007495169947650204
2026-07-31,0.0006281522446220176,9,-0.02425742507634909,-6.696075066560774,-0.020735390064151815
2026-08-01,0.0,0,-0.02525414659110032,-6.697071788075526,-0.0009967215147517194
2026-08-02,0.0007884821137630313,11,-0.014122391207742764,-6.685151550578405,0.011920237497120567
2026-08-03,0.001212339563973216,17,-0.014850837499538458,-6.684667657306227,0.00048389327217801537
2026-08-04,0.0019138993671909618,27,-0.00809349023069935,-6.675996410670198,0.008671246636029473
2026-08-05,0.0014034773199967634,20,-0.003578814555898786,-6.6700782576754,0.0059181529947975875
2026-08-06,0.0008389116212689192,12,-0.005829571722481801,-6.671490103220715,-0.001411845545314705
2026-08-07,0.0014604691166506048,21,-0.002134475960854596,-6.666334538342437,0.00515556487827773
2026-08-08,0.00013849479354977767,2,-0.001972272235937469,-6.66603383982397,0.00030069851846725726
2026-08-09,0.00041470062044660425,6,-0.0019557124111315373,-6.665602579378718,0.0004312604452518798
2026-08-10,0.0009043412322906966,13,-0.009480996753223328,-6.672223522488519,-0.00662094310980077
2026-08-11,0.0008536957969872284,12,-0.012880861552287695,-6.674769691490596,-0.0025461690020769367
2026-08-12,0.0009242344207316826,13,-0.014473205715318845,-6.675437801232896,-0.000668109742299805
2026-08-13,0.001071043706044183,15,-0.01453243966624328,-6.674425991477775,0.0010118097551208294
2026-08-14,0.00014334096729103215,2,-0.020801779083695283,-6.6805519899279355,-0.006125998450160708
2026-08-15,0.0,0,-0.020176109079052443,-6.679926319923293,0.0006256700046423092
2026-08-16,7.198160816000482e-05,1,-0.022917708079372916,-6.682595937315453,-0.002669617392159651
2026-08-17,0.0012794337004934887,18,-0.004482293185952486,-6.662881088721539,0.019714848593913814
2026-08-18,0.0008411251548469963,12,-0.0032285846401721064,-6.660786255020912,0.002094833700627241
2026-08-19,0.0032421127941019926,47,-0.0012205782430741656,-6.655536135829712,0.00525011919120022
2026-08-20,0.0032149408984968996,46,-0.00023727916148318502,-6.6513378958496245,0.0041982399800870596
2026-08-21,0.00562798151329122,80,-0.0027146276021458916,-6.648187262776995,0.0031506330726296383
2026-08-22,0.001922760719607097,27,-0.010312594642636973,-6.65386246909788,-0.005675206320884918
2026-08-23,0.001220370079260911,17,-0.005703254423194621,-6.648032758799177,0.005829710298702828
2026-08-24,0.004990966531235091,71,-0.0015344894565361266,-6.638873027301283,0.00915973149789373
2026-08-25,0.0038917867523440676,56,-0.006086427492168734,-6.639533178584571,-0.0006601512832880019
2026-08-26,0.0028152214720692367,40,-0.003201239599971664,-6.633832769220305,0.005700409364266079
2026-08-27,0.0028906912014352013,42,-5.434570045447277e-05,-6.6277951841193525,0.006037585100952647
2026-08-28,0.0025187850763879922,36,-0.011438279139560395,-6.63666033248207,-0.00886514836271779
2026-08-29,0.0004983003617590298,7,-0.008278529769529936,-6.633002282750281,0.0036580497317890703
2026-08-30,0.0016929942731021299,24,-0.013098246575178964,-6.636129005282828,-0.003126722532546644
2026-08-31,0.0028271786606235538,40,-0.005863731960877852,-6.626067312007902,0.010061693274925787
2026-09-01,0.0019159997371464314,27,-0.015255929410533676,-6.633543509720412,-0.007476197712509958
2026-09-02,0.0009334787634404949,13,-0.016205957674604587,-6.633560059221042,-1.6549500630347325e-05
2026-09-03,0.002818336993646365,40,-0.000811290141903427,-6.615347054694694,0.018213004526348442
2026-09-04,0.0009260562668904472,13,-0.006610661645040252,-6.620220369930941,-0.004873315236246789
2026-09-05,0.0,0,-0.005873627480395225,-6.619483335766295,0.0007370341646453227
2026-09-06,-0.0067005022038743745,0,0.0,-6.620310210489775,-0.0008268747234794205
