asset,entry_ts,entry_dt,exit_ts,exit_dt,year,z,premium_bp,entry_px,exit_px,stop_px,atr,R_unit,bars_held,exit_reason,ret_gross,ret_net,trade_R,diag_nostop_net,diag_nostop_R
BTC,1580248800,2020-01-28 22:00,1580425200,2020-01-30 23:00,2020,2.1825870087189174,1.1715756049487671,9133.0,9513.21,8956.416705855172,88.29164707241395,176.5832941448279,48,TimeStop,0.04163035147268139,0.03983035147268139,2.060051047080627,0.03983035147268139,2.060051047080627
BTC,1580644800,2020-02-02 12:00,1580688000,2020-02-03 00:00,2020,2.1944808275961636,0.010613683160561972,9421.8,9300.195263223659,9300.195263223659,60.8023683881706,121.6047367763412,12,SL,-0.012906741469394422,-0.014706741469394422,-1.1394620016421817,-0.03240880086607649,-2.510997910892289
BTC,1580918400,2020-02-05 16:00,1581091200,2020-02-07 16:00,2020,2.4687144717615097,4.2664435846490925,9563.0,9798.39,9439.663416343992,61.66829182800378,123.33658365600756,48,TimeStop,0.024614660671337385,0.022814660671337385,1.7689528405335582,0.022814660671337385,1.7689528405335582
BTC,1581156000,2020-02-08 10:00,1581328800,2020-02-10 10:00,2020,2.682199346609618,8.90133805893599,9796.28,9847.78,9689.525718593313,53.37714070334375,106.7542814066875,48,TimeStop,0.005257097592147223,0.0034570975921472233,0.31723969805934604,0.0034570975921472233,0.3172396980593461
BTC,1581433200,2020-02-11 15:00,1581606000,2020-02-13 15:00,2020,5.128502943845224,49.36551831334836,10164.99,10254.93,10000.978460937016,82.00576953149144,164.01153906298288,48,TimeStop,0.008848016574536769,0.0070480165745367696,0.436816936230862,0.0070480165745367696,0.43681693623086193
BTC,1582110000,2020-02-19 11:00,1582146000,2020-02-19 21:00,2020,5.228986212083464,86.19627881954014,10148.93,9987.310959480521,9987.310959480521,80.80952025973966,161.6190405194793,10,SL,-0.015924736944631535,-0.017724736944631534,-1.1130316944172072,-0.046570236862408236,-2.924395989982601
BTC,1584007200,2020-03-12 10:00,1584054000,2020-03-12 23:00,2020,12.043891569939687,141.43211025952323,6014.9,5541.939113079238,5541.939113079238,236.48044346038063,472.96088692076125,13,SL,-0.0786315461471947,-0.0804315461471947,-1.0228915758139934,-0.10651828293072202,-1.3546507496027693
BTC,1586707200,2020-04-12 16:00,1586728800,2020-04-12 22:00,2020,2.075464693991904,30.354197643909824,7142.34,7026.993427842228,7026.993427842228,57.67328607888618,115.34657215777236,6,SL,-0.0161496893395963,-0.0179496893395963,-1.1114572523439623,-0.02910197666311041,-1.8020146425824592
BTC,1587074400,2020-04-16 22:00,1587247200,2020-04-18 22:00,2020,2.282829626849969,31.399720114694308,7152.93,7260.99,6969.796813547988,91.56659322600619,183.13318645201238,48,TimeStop,0.015107095973258438,0.013307095973258439,0.5197568384195694,0.013307095973258439,0.5197568384195694
BTC,1587646800,2020-04-23 13:00,1587819600,2020-04-25 13:00,2020,2.1538483962338373,29.01704250118858,7233.68,7594.96,7119.190934838073,57.24453258096361,114.48906516192721,48,TimeStop,0.04994415014211297,0.048144150142112964,3.0418571023131364,0.048144150142112964,3.0418571023131356
BTC,1588154400,2020-04-29 10:00,1588327200,2020-05-01 10:00,2020,2.126242851004971,26.230923385232543,8108.75,8900.0,7986.586310117905,61.08184494104777,122.16368988209554,48,TimeStop,0.09757977493448436,0.09577977493448436,6.357488470998021,0.09577977493448436,6.357488470998022
BTC,1591041600,2020-06-01 20:00,1591106400,2020-06-02 14:00,2020,2.8909048800472084,14.541753760327191,9668.71,9548.191569566097,9548.191569566097,60.2592152169505,120.518430433901,18,SL,-0.012464789039479085,-0.014264789039479085,-1.144406776103394,-0.010816714742711125,-0.8677816133471632
BTC,1591574400,2020-06-08 00:00,1591660800,2020-06-09 00:00,2020,3.0322888903342426,12.170672163274688,9761.17,9607.08167051429,9607.08167051429,77.04416474285537,154.08832948571074,24,SL,-0.01578584631613939,-0.01758584631613939,-1.1140261956154762,-0.00038623505174079824,-0.02446717420186157
BTC,1591747200,2020-06-10 00:00,1591880400,2020-06-11 13:00,2020,2.343716302407885,10.639418842207656,9774.97,9661.063271410632,9661.063271410632,56.95336429468352,113.90672858936703,37,SL,-0.011652898023151687,-0.013452898023151687,-1.1544680127144173,-0.04861651196883461,-4.172053327184752
BTC,1593612000,2020-07-01 14:00,1593702000,2020-07-02 15:00,2020,2.9879009174974054,8.376254403771641,9216.53,9135.201645769326,9135.201645769326,40.66417711533698,81.32835423067397,25,SL,-0.008824183747101614,-0.010624183747101614,-1.2039848728888143,-0.015894241542098973,-1.801213800349486
BTC,1594587600,2020-07-12 21:00,1594699200,2020-07-14 04:00,2020,2.5045492552078654,10.161328639612826,9260.6,9191.57598187753,9191.57598187753,34.512009061235005,69.02401812247001,31,SL,-0.007453514688299981,-0.00925351468829998,-1.2414968072479449,-0.0038776191607455004,-0.5202403594685829
BTC,1595109600,2020-07-18 22:00,1595152800,2020-07-19 10:00,2020,2.3607131714216285,9.39471211917927,9164.73,9121.764383479001,9121.764383479001,21.48280826049925,42.9656165209985,12,SL,-0.004688148643876916,-0.006488148643876916,-1.383946870445517,-0.001792362022667366,-0.382317660726972
BTC,1595325600,2020-07-21 10:00,1595401200,2020-07-22 07:00,2020,2.1435239787985423,8.90068038854862,9347.6,9280.834515604567,9280.834515604567,33.38274219771643,66.76548439543286,21,SL,-0.00714252689411542,-0.00894252689411542,-1.2520116517143314,0.013538696563823784,1.8955051572823793
BTC,1595520000,2020-07-23 16:00,1595566800,2020-07-24 05:00,2020,3.2269056268072083,20.032684358911077,9619.28,9526.326592922667,9526.326592922667,46.47670353866694,92.95340707733388,13,SL,-0.009663239564430331,-0.01146323956443033,-1.1862729354890058,-0.0021919212248734245,-0.2268308893988009
BTC,1595696400,2020-07-25 17:00,1595869200,2020-07-27 17:00,2020,2.4934743967136668,20.137296936880997,9688.49,10872.57,9600.662525381145,43.91373730942685,87.8274746188537,48,TimeStop,0.12221512330610858,0.12041512330610858,13.283323049682224,0.12041512330610858,13.283323049682224
BTC,1595883600,2020-07-27 21:00,1595890800,2020-07-27 23:00,2020,2.629107177678651,24.745845556705333,11088.73,10781.572546052352,10781.572546052352,153.57872697382413,307.15745394764826,2,SL,-0.027699966898612177,-0.029499966898612177,-1.0649820271117414,0.016196650653411287,0.5847173288218891
BTC,1596204000,2020-07-31 14:00,1596340800,2020-08-02 04:00,2020,2.3238073544672697,22.37472687448352,11244.83,11071.548390876533,11071.548390876533,86.64080456173328,173.28160912346655,38,SL,-0.01540989140106762,-0.01720989140106762,-1.1168080911897509,-0.011356391692893457,-0.7369546869166588
BTC,1597028400,2020-08-10 03:00,1597053600,2020-08-10 10:00,2020,2.1469407586891758,21.8662048062353,12009.4,11841.408490428932,11841.408490428932,83.99575478553399,167.99150957106798,7,SL,-0.013988334935223041,-0.015788334935223042,-1.12867864605297,-0.05413483771046016,-3.86999867826634
BTC,1597366800,2020-08-14 01:00,1597539600,2020-08-16 01:00,2020,3.276586554349931,26.381013818626222,11781.2,11890.57,11581.986183611156,99.60690819442289,199.21381638884577,48,TimeStop,0.009283434624656145,0.007483434624656145,0.4425588626238244,0.007483434624656145,0.44255886262382443
BTC,1597680000,2020-08-17 16:00,1597755600,2020-08-18 13:00,2020,3.392770820919836,26.15793764801813,12363.36,12138.086133334487,12138.086133334487,112.63693333275614,225.2738666655123,21,SL,-0.018221087686964805,-0.020021087686964804,-1.0987866383677953,-0.05107139547825185,-2.802873042249177
BTC,1598623200,2020-08-28 14:00,1598796000,2020-08-30 14:00,2020,2.381482521059952,14.55802619395456,11436.99,11620.03,11305.32236160425,65.83381919787482,131.66763839574963,48,TimeStop,0.016004210898147228,0.014204210898147229,1.2338143220258824,0.014204210898147229,1.2338143220258824
BTC,1598958000,2020-09-01 11:00,1599030000,2020-09-02 07:00,2020,2.0188194697375446,10.691726928744997,11868.99,11730.149436367308,11730.149436367308,69.420281816346,138.840563632692,20,SL,-0.011697757233993083,-0.013497757233993083,-1.153875650177561,-0.057488815981814746,-4.9145160761889475
BTC,1599174000,2020-09-03 23:00,1599350400,2020-09-06 00:00,2020,6.554369302880658,31.230123707578823,10140.85,10209.26,9773.30432691988,183.77283654005947,367.54567308011895,48,TimeStop,0.006745982831813886,0.004945982831813887,0.13646323075898803,0.004945982831813887,0.13646323075898806
BTC,1600272000,2020-09-16 16:00,1600311600,2020-09-17 03:00,2020,2.2636515150817207,15.470764234053027,11059.57,10883.758944127658,10883.758944127658,87.90552793617101,175.81105587234202,11,SL,-0.01589673521414865,-0.01769673521414865,-1.1132307971260622,-0.01778796336566428,-1.1189695950796466
BTC,1601064000,2020-09-25 20:00,1601236800,2020-09-27 20:00,2020,2.014832123941611,9.19889314435012,10707.81,10720.56,10571.96578555963,67.92210722018417,135.84421444036835,48,TimeStop,0.0011907196709691338,-0.0006092803290308662,-0.04802602765879198,-0.0006092803290308662,-0.04802602765879197
BTC,1601758800,2020-10-03 21:00,1601931600,2020-10-05 21:00,2020,2.3774639926438326,9.689289833720602,10568.37,10739.83,10492.073473243041,38.14826337848,76.29652675696,48,TimeStop,0.016223883153220327,0.014423883153220327,1.9979537795420468,0.014423883153220327,1.9979537795420466
BTC,1602172800,2020-10-08 16:00,1602345600,2020-10-10 16:00,2020,2.3313850738926702,10.126461744682517,10921.88,11334.69,10805.642634110327,58.11868294483587,116.23736588967174,48,TimeStop,0.03779660644504438,0.03599660644504438,3.382308373825036,0.03599660644504438,3.3823083738250355
BTC,1602619200,2020-10-13 20:00,1602687600,2020-10-14 15:00,2020,2.157528442299401,10.048131248900058,11425.01,11284.971032848638,11284.971032848638,70.01948357568143,140.03896715136287,19,SL,-0.01225722928482007,-0.01405722928482007,-1.1468521113681975,0.008524717440072186,0.6954848638288552
BTC,1602831600,2020-10-16 07:00,1603004400,2020-10-18 07:00,2020,2.102115042811063,10.286691780463777,11305.87,11455.4,11158.675644169543,73.59717791522839,147.19435583045677,48,TimeStop,0.013225872931494775,0.011425872931494776,0.877611327358176,0.011425872931494776,0.877611327358176
BTC,1603033200,2020-10-18 15:00,1603206000,2020-10-20 15:00,2020,2.0935474531014853,11.103656256660557,11446.68,11926.4,11372.876494861754,36.90175256912325,73.8035051382465,48,TimeStop,0.041909095038910785,0.04010909503891078,6.220788228689099,0.04010909503891078,6.2207882286890985
BTC,1603220400,2020-10-20 19:00,1603396800,2020-10-22 20:00,2020,8.576683685375706,32.948998308478174,11912.35,13104.11,11742.609428548278,84.87028572586144,169.74057145172287,48,TimeStop,0.1000440719085655,0.0982440719085655,6.894743902360778,0.0982440719085655,6.894743902360779
BTC,1603396800,2020-10-22 20:00,1603411200,2020-10-23 00:00,2020,2.1068264776365786,16.857306600753613,13104.11,12843.438107942193,12843.438107942193,130.33594602890383,260.67189205780767,4,SL,-0.019892376670968707,-0.021692376670968707,-1.0904869252062255,-0.002739399928724752,-0.1377110424780304
BTC,1603573200,2020-10-24 21:00,1603602000,2020-10-25 05:00,2020,2.1759685335124805,18.515512293136464,13059.32,12917.541190998252,12917.541190998252,70.88940450087402,141.77880900174804,8,SL,-0.010856523080968038,-0.012656523080968037,-1.1657989382581824,-0.00529175914212994,-0.487426692935108
BTC,1603818000,2020-10-27 17:00,1603882800,2020-10-28 11:00,2020,3.527962505952253,25.17263218557252,13673.58,13448.603687860646,13448.603687860646,112.4881560696765,224.976312139353,18,SL,-0.016453358384516233,-0.018253358384516232,-1.1094001575808354,-0.008343275426040535,-0.5070864701939612
BTC,1604588400,2020-11-05 15:00,1604595600,2020-11-05 17:00,2020,2.172192335311973,18.52090083327495,15080.26,14723.929979885295,14723.929979885295,178.16501005735248,356.33002011470495,2,SL,-0.023628904283792513,-0.025428904283792512,-1.0761778869803391,0.01528524919331627,0.6468877697304268
BTC,1604797200,2020-11-08 01:00,1604970000,2020-11-10 01:00,2020,2.154411782108361,18.681601314291914,15046.89,15392.01,14576.042790210477,235.42360489476138,470.84720978952276,48,TimeStop,0.022936301122690524,0.021136301122690524,0.6754539294013624,0.021136301122690524,0.6754539294013624
BTC,1605110400,2020-11-11 16:00,1605139200,2020-11-12 00:00,2020,2.151821218244276,18.132279964433383,15756.43,15485.18495963112,15485.18495963112,135.62252018444,271.24504036888,8,SL,-0.017214879282228267,-0.019014879282228267,-1.1045607099817552,0.024643807385302374,1.4315411093671355
BTC,1605625200,2020-11-17 15:00,1605798000,2020-11-19 15:00,2020,2.238606175717157,19.443269009288255,17322.19,18045.0,17006.69334055937,157.7483297203143,315.4966594406286,48,TimeStop,0.041727402828395335,0.03992740282839533,2.1921945520001773,0.03992740282839533,2.1921945520001773
BTC,1605974400,2020-11-21 16:00,1606028400,2020-11-22 07:00,2020,2.381313895281519,19.533231049456145,18732.18,18340.867692360025,18340.867692360025,195.65615381998754,391.3123076399751,15,SL,-0.020889843448011668,-0.022689843448011667,-1.086166275227464,-0.020791916584188386,-0.9953122260553563
BTC,1606222800,2020-11-24 13:00,1606276800,2020-11-25 04:00,2020,2.4679386161230075,19.423189190627184,19167.81,18708.55027683823,18708.55027683823,229.62986158088648,459.25972316177297,15,SL,-0.023959947597653193,-0.025759947597653193,-1.0751253729860535,-0.11204942338222267,-4.6765304024787415
BTC,1606399200,2020-11-26 14:00,1606572000,2020-11-28 14:00,2020,3.515894748651922,26.39202071677994,16732.33,17336.07,15935.128799207569,398.6006003962164,797.2012007924328,48,TimeStop,0.0360822431783259,0.0342822431783259,0.7195445835126781,0.0342822431783259,0.7195445835126779
BTC,1608127200,2020-12-16 14:00,1608300000,2020-12-18 14:00,2020,6.836759340676878,37.58051237347985,20649.0,22610.65,20230.356885522146,209.32155723892632,418.64311447785263,48,TimeStop,0.09499975785752343,0.09319975785752344,4.596950799967861,0.09319975785752344,4.5969507999678605
BTC,1608328800,2020-12-18 22:00,1608501600,2020-12-20 22:00,2020,2.1692781459649417,15.970359013670627,23011.38,23507.79,22403.670768771477,303.85461561426143,607.7092312285229,48,TimeStop,0.021572369844833288,0.019772369844833288,0.7486960747333221,0.019772369844833288,0.7486960747333221
BTC,1608555600,2020-12-21 13:00,1608728400,2020-12-23 13:00,2020,9.984029039505542,68.6379805055439,22681.32,23617.34,21866.720477095467,407.299761452267,814.599522904534,48,TimeStop,0.04126832124408987,0.03946832124408987,1.0989370835967351,0.03946832124408987,1.0989370835967351
BTC,1609873200,2021-01-05 19:00,1610046000,2021-01-07 19:00,2021,2.1079615958618945,32.619388534842315,33697.75,39062.0,32068.345034440586,814.7024827797067,1629.4049655594133,48,TimeStop,0.15918718608809193,0.15738718608809193,3.2549268979177013,0.15738718608809193,3.254926897917701
BTC,1610229600,2021-01-09 22:00,1610280000,2021-01-10 12:00,2021,2.1538768887745534,42.77689605718339,40281.09,38821.07709351599,38821.07709351599,730.0064532420039,1460.0129064840078,14,SL,-0.03624561565945727,-0.03804561565945727,-1.049661178800541,-0.1488173721714084,-4.105803404461656
BTC,1611730800,2021-01-27 07:00,1611745200,2021-01-27 11:00,2021,2.3249293983989987,21.588787313743968,31743.33,30651.698997701576,30651.698997701576,545.8155011492131,1091.6310022984262,4,SL,-0.03438930327405553,-0.036189303274055534,-1.052341857165741,0.01467653223527578,0.4267760855262295
BTC,1611907200,2021-01-29 08:00,1611946800,2021-01-29 19:00,2021,2.1584445923555164,28.66150996792588,36240.24,34409.2866687111,34409.2866687111,915.4766656444466,1830.9533312888932,11,SL,-0.05052266020558628,-0.052322660205586284,-1.0356275776587285,-0.07474432928700242,-1.47942188679008
BTC,1612785600,2021-02-08 12:00,1612958400,2021-02-10 12:00,2021,5.998978070978397,64.19354891242274,42984.07,45652.34,41439.08170673151,772.4941466342445,1544.988293268489,48,TimeStop,0.06207578761154997,0.06027578761154997,1.6769697772394374,0.06027578761154997,1.6769697772394372
BTC,1612958400,2021-02-10 12:00,1612969200,2021-02-10 15:00,2021,3.671331124836005,45.65373866925672,45652.34,43982.11890564534,43982.11890564534,835.1105471773304,1670.2210943546609,3,SL,-0.0365856622980259,-0.038385662298025904,-1.0491996013448444,0.042392258271974737,1.1587123372715906
BTC,1614002400,2021-02-22 14:00,1614052800,2021-02-23 04:00,2021,3.49229194491404,55.775341382748806,53478.83,50560.43750975766,50560.43750975766,1459.1962451211698,2918.3924902423396,14,SL,-0.054570986131191324,-0.05637098613119133,-1.0329845606174808,-0.07799444928021051,-1.4292292445056427
BTC,1614538800,2021-02-28 19:00,1614711600,2021-03-02 19:00,2021,2.579197088693943,23.7989502158751,44405.32,47467.43,42536.084525469225,934.6177372653873,1869.2354745307746,48,TimeStop,0.06895817888487236,0.06715817888487237,1.5954011490973887,0.06715817888487237,1.5954011490973887
BTC,1616338800,2021-03-21 15:00,1616439600,2021-03-22 19:00,2021,2.158162792090406,12.012098173796518,57159.04,55859.80397624486,55859.80397624486,649.6180118775702,1299.2360237551404,28,SL,-0.022730193224993634,-0.024530193224993634,-1.0791898239571829,-0.03668249627705431,-1.6138224569388622
BTC,1616742000,2021-03-26 07:00,1616914800,2021-03-28 07:00,2021,3.078170816227049,15.195114416038397,53569.85,56200.66,51900.97367063068,834.4381646846588,1668.8763293693175,48,TimeStop,0.049109900438399676,0.04730990043839967,1.5186171829507404,0.04730990043839967,1.5186171829507402
BTC,1617494400,2021-04-04 00:00,1617667200,2021-04-06 00:00,2021,3.8560131568259663,19.261484098939363,56600.0,59356.23,55486.28531298412,556.8573435079427,1113.7146870158854,48,TimeStop,0.048696643109540694,0.04689664310954069,2.383330336706014,0.04689664310954069,2.383330336706014
BTC,1618315200,2021-04-13 12:00,1618423200,2021-04-14 18:00,2021,2.6400351092133305,13.070629195729563,62973.25,61762.1016599503,61762.1016599503,605.5741700248525,1211.148340049705,30,SL,-0.019232743109966564,-0.021032743109966563,-1.0935903937211728,-0.007160053673583638,-0.3722845790974675
BTC,1618491600,2021-04-15 13:00,1618545600,2021-04-16 04:00,2021,2.49326578098947,12.883300439010887,62918.66,61679.267826786614,61679.267826786614,619.6960866066959,1239.3921732133917,15,SL,-0.019698324363764095,-0.021498324363764094,-1.0913783308041742,-0.03189043739965219,-1.6189416323307146
BTC,1618678800,2021-04-17 17:00,1618714800,2021-04-18 03:00,2021,2.5756747733927376,20.070137451046396,59705.62,58461.56387653237,58461.56387653237,622.0280617338166,1244.0561234676331,10,SL,-0.020836499536687418,-0.022636499536687418,-1.08638687111675,-0.07442197427980819,-3.5717119446465286
BTC,1620648000,2021-05-10 12:00,1620673200,2021-05-10 19:00,2021,2.214048349898338,18.843259085966547,57654.57,56374.76340266607,56374.76340266607,639.9032986669661,1279.8065973339321,7,SL,-0.022197834401226694,-0.023997834401226693,-1.0810889912711728,-0.02500388479178663,-1.126410997570325
BTC,1620824400,2021-05-12 13:00,1620831600,2021-05-12 15:00,2021,2.348724840336174,19.841399179811773,56760.11,55472.39501392195,55472.39501392195,643.8574930390249,1287.7149860780498,2,SL,-0.022686971291599828,-0.024486971291599827,-1.0793406919268438,-0.10438841993082819,-4.601249703589979
BTC,1621429200,2021-05-19 13:00,1621602000,2021-05-21 13:00,2021,6.682667724429562,88.04881680481367,35863.06,41112.03,31587.612914162928,2137.7235429185353,4275.4470858370705,48,TimeStop,0.146361464972593,0.144561464972593,1.2126021882422544,0.144561464972593,1.2126021882422544
BTC,1623344400,2021-06-10 17:00,1623474000,2021-06-12 05:00,2021,2.4510801608320536,15.254293099759012,36442.2,35029.19281788064,35029.19281788064,706.5035910596798,1413.0071821193596,36,SL,-0.038773926440208224,-0.04057392644020823,-1.0464229487507697,-0.021646771051143862,-0.5582816350705275
BTC,1624377600,2021-06-22 16:00,1624550400,2021-06-24 16:00,2021,2.5305801223889963,13.15205883854599,32512.02,34519.11,30499.388176385182,1006.31591180741,2012.63182361482,48,TimeStop,0.061733783382269085,0.05993378338226908,0.9681693100232522,0.05993378338226908,0.9681693100232521
BTC,1624993200,2021-06-29 19:00,1625022000,2021-06-30 03:00,2021,2.296548424462818,10.263207007567065,36382.39,35432.85268529533,35432.85268529533,474.76865735233486,949.5373147046697,8,SL,-0.02609881634232029,-0.02789881634232029,-1.0689686450293627,-0.092253375932697,-3.5347724097013726
BTC,1625706000,2021-07-08 01:00,1625727600,2021-07-08 07:00,2021,2.1894133442179857,8.059943880687758,33300.48,32619.390749371887,32619.390749371887,340.5446253140573,681.0892506281147,6,SL,-0.020452835833841315,-0.022252835833841314,-1.0880073557829943,0.012210008264144949,0.5969836341199328
BTC,1626447600,2021-07-16 15:00,1626476400,2021-07-16 23:00,2021,2.2623324242736964,7.190126555565884,32127.39,31491.546276570374,31491.546276570374,317.9218617148118,635.8437234296237,8,SL,-0.019791328316107384,-0.021591328316107383,-1.0909489232481229,-0.025511543327982784,-1.2890263311543373
BTC,1626624000,2021-07-18 16:00,1626696000,2021-07-19 12:00,2021,2.015423170198541,6.741129503104425,31463.57,30973.61637964277,30973.61637964277,244.9768101786139,489.9536203572278,20,SL,-0.0155720924344322,-0.0173720924344322,-1.115591402220291,-0.05915522065677858,-3.798797169093194
BTC,1626840000,2021-07-21 04:00,1627012800,2021-07-23 04:00,2021,2.178423578909722,7.059292845279548,30682.96,32684.47,30036.282796996285,323.3386015018562,646.6772030037124,48,TimeStop,0.06523197240422704,0.06343197240422704,3.0096633420195404,0.06343197240422704,3.009663342019541
BTC,1627084800,2021-07-24 00:00,1627257600,2021-07-26 00:00,2021,3.025668695226086,9.357921420878611,33554.46,36767.47,32939.50408677608,307.4779566119588,614.9559132239176,48,TimeStop,0.09575507995062361,0.09395507995062362,5.12656583050381,0.09395507995062362,5.12656583050381
BTC,1627290000,2021-07-26 09:00,1627333200,2021-07-26 21:00,2021,2.257036073466204,11.626309170311698,38206.45,36979.69928322334,36979.69928322334,613.3753583883289,1226.7507167766578,12,SL,-0.032108471652735594,-0.0339084716527356,-1.0560599713205814,0.043382946858449456,1.3511370870482826
BTC,1628182800,2021-08-05 17:00,1628355600,2021-08-07 17:00,2021,2.2314048213952575,13.91407225147313,40706.99,43424.69,39550.801665427585,578.0941672862056,1156.1883345724111,48,TimeStop,0.06676248968543251,0.06496248968543251,2.287194342760761,0.06496248968543251,2.2871943427607606
BTC,1628373600,2021-08-07 22:00,1628470800,2021-08-09 01:00,2021,2.335134454540458,14.517794522088849,44014.95,42783.463379997316,42783.463379997316,615.7433100013402,1231.4866200026804,27,SL,-0.027978825830829775,-0.029778825830829775,-1.0643343652404669,0.048839612222665287,1.7455919171864995
BTC,1628820000,2021-08-13 02:00,1628992800,2021-08-15 02:00,2021,23.4552796812062,104.11561375209996,44847.26,47182.21,43989.791917104696,428.73404144765345,857.4680828953069,48,TimeStop,0.05206449624793125,0.050264496247931244,2.628931591702438,0.050264496247931244,2.6289315917024374
BTC,1630220400,2021-08-29 07:00,1630303200,2021-08-30 06:00,2021,2.2209539409624206,11.633639369556057,48480.1,47690.07624253083,47690.07624253083,395.0118787345852,790.0237574691704,23,SL,-0.016295835971237085,-0.018095835971237085,-1.110457665576476,-0.016627527170942232,-1.020354353117607
BTC,1631023200,2021-09-07 14:00,1631026800,2021-09-07 15:00,2021,9.445422383023558,26.788899419725862,47374.1,46042.23518423042,46042.23518423042,665.9324078847897,1331.8648157695793,1,SL,-0.02811377558137419,-0.02991377558137419,-1.0640255519857147,-0.011136747294407697,-0.3961313293610397
BTC,1632330000,2021-09-22 17:00,1632481200,2021-09-24 11:00,2021,2.5299237382674034,7.672346073123043,43128.92,41845.28432560063,41845.28432560063,641.8178371996829,1283.6356743993658,42,SL,-0.029762759521902413,-0.03156275952190241,-1.0604782630681615,-0.028147981818232422,-0.9457450273560271
BTC,1632506400,2021-09-24 18:00,1632639600,2021-09-26 07:00,2021,2.4421147461672175,9.283055375453063,42152.07,40763.9763225853,40763.9763225853,694.046838707348,1388.093677414696,37,SL,-0.03293061710645996,-0.034730617106459964,-1.0546603786434035,0.022842680656015184,0.6936608743822839
BTC,1633118400,2021-10-01 20:00,1633291200,2021-10-03 20:00,2021,2.1222487191946,10.336778094264746,48090.42,48425.02,46966.64283065633,561.8885846718317,1123.7771693436634,48,TimeStop,0.00695772671563273,0.00515772671563273,0.22071746140283618,0.00515772671563273,0.22071746140283618
BTC,1634886000,2021-10-22 07:00,1634911200,2021-10-22 14:00,2021,2.667182589504288,6.940046863462692,63371.33,61820.20646086814,61820.20646086814,775.5617695659297,1551.1235391318594,7,SL,-0.024476739546603524,-0.026276739546603523,-1.0735392063380365,-0.044145805271879286,-1.8035819349152322
BTC,1635321600,2021-10-27 08:00,1635494400,2021-10-29 08:00,2021,3.0023606521050015,6.514475373662362,59221.96,60950.03,57797.67920059972,712.1403997001413,1424.2807994002826,48,TimeStop,0.02917954758673978,0.02737954758673978,1.138448592919842,0.02737954758673978,1.1384485929198422
BTC,1635544800,2021-10-29 22:00,1635602400,2021-10-30 14:00,2021,2.172707588792416,6.764618557363075,62309.5,61027.25440509506,61027.25440509506,641.1227974524699,1282.2455949049397,16,SL,-0.020578653253596,-0.022378653253596,-1.0874692808036632,-0.016946646979995008,-0.8235061240965166
BTC,1635717600,2021-10-31 22:00,1635732000,2021-11-01 02:00,2021,2.444783853993265,9.003397988323123,61365.72,60410.976131486175,60410.976131486175,477.37193425691413,954.7438685138283,4,SL,-0.015558260678988625,-0.017358260678988626,-1.1156941664071003,0.023669105552741827,1.521320798070109
BTC,1635897600,2021-11-03 00:00,1635940800,2021-11-03 12:00,2021,2.0406091461531246,9.735541673190884,63489.02,62379.50887064373,62379.50887064373,554.7555646781319,1109.5111293562638,12,SL,-0.01747563798206786,-0.01927563798206786,-1.10300053147399,-0.04298932691038545,-2.4599575108215124
BTC,1637085600,2021-11-16 18:00,1637247600,2021-11-18 15:00,2021,3.7295494578655424,16.694488030970277,59900.01,58344.35670848673,58344.35670848673,777.8266457566344,1555.6532915132689,45,SL,-0.025970835255507807,-0.027770835255507807,-1.069308514042431,-0.0335724487859018,-1.2926980767313556
BTC,1637323200,2021-11-19 12:00,1637496000,2021-11-21 12:00,2021,2.150994720008833,11.21027547634476,56876.39,59058.0,55426.50334941177,724.9433252941155,1449.886650588231,48,TimeStop,0.038357040592766185,0.03655704059276618,1.4340655506804194,0.03655704059276618,1.4340655506804196
BTC,1637712000,2021-11-24 00:00,1637719200,2021-11-24 02:00,2021,2.3030855712492695,14.218902217261697,57493.89,56270.39529643172,56270.39529643172,611.7473517841399,1223.4947035682799,2,SL,-0.021280430034709395,-0.023080430034709394,-1.0845847568429812,0.019150574052303627,0.89991480534313
BTC,1637935200,2021-11-26 14:00,1638108000,2021-11-28 14:00,2021,2.3800148725309467,14.784602126940582,54644.69,54365.0,53258.46925155234,693.1103742238286,1386.2207484476571,48,TimeStop,-0.005118338122148782,-0.006918338122148782,-0.27272023047076566,-0.006918338122148782,-0.2727202304707657
BTC,1638133200,2021-11-28 21:00,1638306000,2021-11-30 21:00,2021,2.3936770508659535,15.362544499399997,56273.23,57097.79,55095.610480273484,588.8097598632605,1177.619519726521,48,TimeStop,0.01465279316648427,0.01285279316648427,0.6141781567682935,0.01285279316648427,0.6141781567682933
BTC,1638590400,2021-12-04 04:00,1638594000,2021-12-04 05:00,2021,3.991069482058,19.989410348210736,50256.61,48379.91064708335,48379.91064708335,938.3496764583255,1876.699352916651,1,SL,-0.037342338707617766,-0.03914233870761777,-1.048202658491574,-0.027208597993378325,-0.7286259761718623
BTC,1638828000,2021-12-06 22:00,1638957600,2021-12-08 10:00,2021,2.5223237372769622,26.62204170247729,50739.91,49222.06328155257,49222.06328155257,758.9233592237191,1517.8467184474382,36,SL,-0.02991425720793426,-0.03171425720793426,-1.0601719771107179,-0.011959458304124015,-0.39979125074019717
BTC,1640365200,2021-12-24 17:00,1640451600,2021-12-25 17:00,2021,2.2840058883354692,9.269688256353126,51112.83,50315.53935962071,50315.53935962071,398.6453201896472,797.2906403792944,24,SL,-0.015598640114024108,-0.01739864011402411,-1.115394674589723,-0.018579740037873143,-1.191112808684448
BTC,1641927600,2022-01-11 19:00,1642100400,2022-01-13 19:00,2022,3.182917566470475,8.428734491371458,42972.05,42700.67,41910.60085439596,530.7245728020214,1061.4491456040428,48,TimeStop,-0.006315267714712345,-0.008115267714712346,-0.328541118945036,-0.008115267714712346,-0.328541118945036
BTC,1642122000,2022-01-14 01:00,1642161600,2022-01-14 12:00,2022,2.1552245113974755,7.29666105541604,42581.12,41817.47031214335,41817.47031214335,381.8248439283265,763.649687856653,11,SL,-0.017933997223573594,-0.019733997223573593,-1.1003680315972164,0.00796653502773049,0.44421413299087487
BTC,1642305600,2022-01-16 04:00,1642395600,2022-01-17 05:00,2022,2.207773035062863,8.727885676087572,43023.02,42488.39675568143,42488.39675568143,267.3116221592839,534.6232443185678,25,SL,-0.012426446221547567,-0.014226446221547567,-1.1448523550424836,-0.024793969275053142,-1.9952582446347429
BTC,1642816800,2022-01-22 02:00,1642842000,2022-01-22 09:00,2022,2.451676368405135,9.915751758495562,36467.23,34910.807185954705,34910.807185954705,778.2114070226477,1556.4228140452954,7,SL,-0.04268003942293664,-0.04448003942293664,-1.0421742815690263,-0.03651774521947526,-0.8556164828622523
BTC,1643040000,2022-01-24 16:00,1643212800,2022-01-26 16:00,2022,8.334525284763014,25.23697068025362,34417.76,38264.86,32977.844856971504,719.9575715142491,1439.9151430284983,48,TimeStop,0.11177659440939788,0.10997659440939789,2.62872992920881,0.10997659440939789,2.62872992920881
BTC,1644019200,2022-02-05 00:00,1644192000,2022-02-07 00:00,2022,2.6396101117519017,13.25732595057557,41471.41,41830.55,40406.95886293051,532.2255685347469,1064.4511370694938,48,TimeStop,0.008659941873208541,0.0068599418732085415,0.2672658726103893,0.0068599418732085415,0.26726587261038937
BTC,1644451200,2022-02-10 00:00,1644501600,2022-02-10 14:00,2022,2.2671721584715074,12.0149766604709,44103.29,43180.83925413643,43180.83925413643,461.22537293178436,922.4507458635687,14,SL,-0.02091569009621665,-0.02271569009621665,-1.0860597949061046,-0.0424384648401514,-2.0290253223740398
BTC,1645621200,2022-02-23 13:00,1645635600,2022-02-23 17:00,2022,2.260236291991542,10.49274850463053,38960.24,38138.7317855768,38138.7317855768,410.75410721159915,821.5082144231983,4,SL,-0.021085809903203887,-0.022885809903203887,-1.0853654665513488,0.008460203735911413,0.4012273550197351
BTC,1645801200,2022-02-25 15:00,1645974000,2022-02-27 15:00,2022,4.8758834643509426,15.632723113289561,39410.92,39357.03,38187.38002584429,611.7699870778506,1223.5399741557012,48,TimeStop,-0.001367387515947342,-0.003167387515947342,-0.10202335733749739,-0.003167387515947342,-0.10202335733749739
BTC,1646136000,2022-03-01 12:00,1646146800,2022-03-01 15:00,2022,2.8656017240091916,12.016026745291914,44640.38,43448.92656875875,43448.92656875875,595.7267156206248,1191.4534312412495,3,SL,-0.026690037836623496,-0.028490037836623495,-1.0674408935280753,-0.026028512391695586,-0.9752145182791703
BTC,1647500400,2022-03-17 07:00,1647673200,2022-03-19 07:00,2022,2.156170875886374,6.966057351497468,40726.05,41610.0,39683.831718375186,521.1091408124099,1042.2182816248198,48,TimeStop,0.02170478109220013,0.01990478109220013,0.7778054984184343,0.01990478109220013,0.7778054984184343
BTC,1647723600,2022-03-19 21:00,1647766800,2022-03-20 09:00,2022,2.1221466817474552,8.127604579095726,42115.73,41607.196817937285,41607.196817937285,254.26659103135995,508.5331820627199,12,SL,-0.012074661464082849,-0.013874661464082848,-1.1490725023930657,-0.021037705246947074,-1.742301869872337
BTC,1648148400,2022-03-24 19:00,1648321200,2022-03-26 19:00,2022,2.0470349986155467,8.797881038436328,43908.3,44367.49,43200.46902427381,353.91548786309875,707.8309757261975,48,TimeStop,0.010457931643903203,0.008657931643903204,0.5370703925608452,0.008657931643903204,0.5370703925608453
BTC,1649854800,2022-04-13 13:00,1649959200,2022-04-14 18:00,2022,2.915281775962939,7.857508621912062,40521.75,39768.11899903359,39768.11899903359,376.8155004832025,753.631000966405,29,SL,-0.01859818494922871,-0.02039818494922871,-1.0967836380224156,-0.013691885222133727,-0.7361947017685512
BTC,1650200400,2022-04-17 13:00,1650218400,2022-04-17 18:00,2022,2.8889457803370964,6.825191730577365,40306.56,39970.61535629744,39970.61535629744,167.97232185127845,335.9446437025569,5,SL,-0.008334738655508048,-0.010134738655508048,-1.2159635801910103,0.026606294161545894,3.192216968190456
BTC,1650427200,2022-04-20 04:00,1650477600,2022-04-20 18:00,2022,2.533981790016592,6.396192862149302,41337.09,40882.02124666274,40882.02124666274,227.53437666862783,455.06875333725566,14,SL,-0.011008727352052473,-0.012808727352052473,-1.163506638182331,-0.01893618447742677,-1.7201065910580715
BTC,1650729600,2022-04-23 16:00,1650754800,2022-04-23 23:00,2022,4.4608741302668555,10.035481969274695,39828.68,39394.10672772729,39394.10672772729,217.28663613635692,434.57327227271384,7,SL,-0.010911063893473537,-0.012711063893473536,-1.164970164007252,-0.010814609572800326,-0.9911599527218458
BTC,1653742800,2022-05-28 13:00,1653915600,2022-05-30 13:00,2022,2.18038919736559,-7.199414140364941,29071.81,30519.3,28596.407918579982,237.70104071001023,475.40208142002047,48,TimeStop,0.04979015754437023,0.04799015754437023,2.934696326597202,0.04799015754437023,2.934696326597202
BTC,1653922800,2022-05-30 15:00,1654095600,2022-06-01 15:00,2022,2.5032911782841087,-4.795312932525582,30634.08,30742.59,30152.82630806861,240.62684596569696,481.2536919313939,48,TimeStop,0.0035421334670405766,0.0017421334670405767,0.11089505783491521,0.0017421334670405767,0.1108950578349152
BTC,1654372800,2022-06-04 20:00,1654545600,2022-06-06 20:00,2022,2.565847241024674,-2.040351908602893,29749.77,31462.49,29429.668578792007,160.0507106039977,320.1014212079954,48,TimeStop,0.057570865253748216,0.05577086525374821,5.183264753210533,0.05577086525374821,5.183264753210533
BTC,1654574400,2022-06-07 04:00,1654747200,2022-06-09 04:00,2022,2.90757848078012,-0.8535885608282785,29522.42,30267.46,28850.564935134058,335.9275324329702,671.8550648659404,48,TimeStop,0.02523641354604402,0.023436413546044022,1.0298346774211788,0.023436413546044022,1.0298346774211786
BTC,1655820000,2022-06-21 14:00,1655841600,2022-06-21 20:00,2022,2.6264085382910767,-0.8151623910019213,21590.79,20815.96715043827,20815.96715043827,387.4114247808654,774.8228495617308,6,SL,-0.035886729923348314,-0.03768672992334832,-1.0501578161020695,-0.0472397453729114,-1.316356922846197
BTC,1656025200,2022-06-23 23:00,1656198000,2022-06-25 23:00,2022,2.349882921079251,-2.690651360271249,21110.13,21491.19,20525.7216377597,292.2041811201506,584.4083622403012,48,TimeStop,0.018051049425086327,0.016251049425086327,0.5870240540106013,0.016251049425086327,0.5870240540106013
BTC,1656630000,2022-06-30 23:00,1656651600,2022-07-01 05:00,2022,8.098963082865792,21.767898342259887,19942.21,19346.727476456585,19346.727476456585,297.741261771707,595.482523543414,6,SL,-0.02986040782558275,-0.03166040782558275,-1.0602804894867472,-0.03636988969627729,-1.217997085261428
BTC,1657216800,2022-07-07 18:00,1657389600,2022-07-09 18:00,2022,3.604328068058226,4.330988668728998,21357.71,21750.87,20905.54486114874,226.08256942562903,452.16513885125806,48,TimeStop,0.018408340594567484,0.016608340594567485,0.7844835692136042,0.016608340594567485,0.7844835692136044
BTC,1657958400,2022-07-16 08:00,1658131200,2022-07-18 08:00,2022,2.1509096135237686,-0.155288846960759,20606.76,22289.81,20239.797295252083,183.48135237395698,366.96270474791396,48,TimeStop,0.08167465433673236,0.07987465433673237,4.485354535226401,0.07987465433673237,4.485354535226402
BTC,1658131200,2022-07-18 08:00,1658170800,2022-07-18 19:00,2022,2.071344320323334,0.9017573501067973,22289.81,21738.15482398658,21738.15482398658,275.82758800670956,551.6551760134191,11,SL,-0.024749209437560062,-0.026549209437560062,-1.0727295958499727,0.04652073490083574,1.8796856933229862
BTC,1658325600,2022-07-20 14:00,1658336400,2022-07-20 17:00,2022,3.0025674095188397,6.680073662693424,24191.35,23477.991530696316,23477.991530696316,356.67923465184134,713.3584693036827,3,SL,-0.0294881628889534,-0.0312881628889534,-1.0610414425197816,-0.0236892290012752,-0.8033470613440438
BTC,1659074400,2022-07-29 06:00,1659247200,2022-07-31 06:00,2022,2.6451410576702323,6.545434799408485,23940.35,23775.82,23357.01655666268,291.66672166865936,583.3334433373187,48,TimeStop,-0.0068724976869594155,-0.008672497686959416,-0.35592444145181446,-0.008672497686959416,-0.3559244414518145
BTC,1659304800,2022-07-31 22:00,1659373200,2022-08-01 17:00,2022,2.1381906735648024,6.2324938359479765,23377.48,22916.408871452433,22916.408871452433,230.53556427378246,461.0711285475649,19,SL,-0.01972287554293989,-0.021522875542939888,-1.0912645823922165,-0.013630188711529271,-0.6910852670470992
BTC,1660132800,2022-08-10 12:00,1660154400,2022-08-10 18:00,2022,4.928075166592718,10.443949138592776,23985.18,23556.681555343745,23556.681555343745,214.24922232812872,428.49844465625745,6,SL,-0.017865133580663384,-0.019665133580663383,-1.1007549141389115,-0.010244381071978649,-0.5734287418408548
BTC,1660305600,2022-08-12 12:00,1660478400,2022-08-14 12:00,2022,2.267810741238637,6.841124450439664,23782.64,24527.46,23380.770576563827,200.9347117180858,401.8694234361716,48,TimeStop,0.031317801556093004,0.029517801556093005,1.7468640485197284,0.029517801556093005,1.7468640485197282
BTC,1661623200,2022-08-27 18:00,1661727600,2022-08-28 23:00,2022,2.261928209388351,4.890169106656492,19958.41,19635.998508186163,19635.998508186163,161.2057459069178,322.4114918138356,29,SL,-0.01615416718134544,-0.01795416718134544,-1.1114263570379947,0.009037536657479191,0.559455436855675
BTC,1662127200,2022-09-02 14:00,1662138000,2022-09-02 17:00,2022,2.57938285002573,3.2462127109120296,20362.19,20042.713609908882,20042.713609908882,159.73819504555746,319.4763900911149,3,SL,-0.01568968711573346,-0.017489687115733458,-1.1147250411510803,-0.032026611184749754,-2.041252381166605
BTC,1662555600,2022-09-07 13:00,1662728400,2022-09-09 13:00,2022,2.041044955444484,2.6644926105448286,18840.36,21004.97,18544.711813427046,147.82409328647688,295.64818657295376,48,TimeStop,0.11489217828109444,0.11309217828109444,7.206867651373984,0.11309217828109444,7.206867651373984
BTC,1662728400,2022-09-09 13:00,1662901200,2022-09-11 13:00,2022,2.272859496902867,3.1468742873713134,21004.97,21542.93,20532.52169539083,236.22415230458589,472.44830460917177,48,TimeStop,0.025611081567838426,0.023811081567838427,1.0586365727648113,0.023811081567838427,1.058636572764811
BTC,1663214400,2022-09-15 04:00,1663254000,2022-09-15 15:00,2022,2.277326415860833,4.963713456906173,20025.33,19603.252023822253,19603.252023822253,211.03898808887456,422.0779761777491,11,SL,-0.021077204529351,-0.022877204529351,-1.0854003194538149,-0.006233385117748494,-0.29574060018576953
BTC,1664521200,2022-09-30 07:00,1664539200,2022-09-30 12:00,2022,2.305680110879308,4.000745988397196,19571.35,19202.12091027511,19202.12091027511,184.61454486244477,369.22908972488955,5,SL,-0.018865795651546242,-0.02066579565154624,-1.095410765241299,-0.016417795910859505,-0.8702413730169869
BTC,1664884800,2022-10-04 12:00,1665057600,2022-10-06 12:00,2022,2.0364624763462373,3.913982477170375,19979.65,20193.31,19697.328153193128,141.16092340343704,282.3218468068741,48,TimeStop,0.010693881023941853,0.008893881023941853,0.6294115457581132,0.008893881023941853,0.6294115457581132
BTC,1665072000,2022-10-06 16:00,1665144000,2022-10-07 12:00,2022,2.852892514378685,5.2562522721807285,20052.31,19733.749703468588,19733.749703468588,159.28014826570734,318.5602965314147,20,SL,-0.01588646378055265,-0.01768646378055265,-1.113304006786168,-0.02795060309759828,-1.759397401693246
BTC,1666382400,2022-10-21 20:00,1666555200,2022-10-23 20:00,2022,2.092485966607177,3.066041917173599,19177.82,19496.63,18942.621590121253,117.59920493937304,235.19840987874608,48,TimeStop,0.01662389155806037,0.014823891558060371,1.2087238351082552,0.014823891558060371,1.2087238351082554
BTC,1666558800,2022-10-23 21:00,1666573200,2022-10-24 01:00,2022,2.026535152172954,2.8098916374766874,19538.12,19385.648130354333,19385.648130354333,76.23593482283249,152.47186964566498,4,SL,-0.007803814780831816,-0.009603814780831816,-1.230656422602611,0.03372951870497265,4.322183400331492
BTC,1666731600,2022-10-25 21:00,1666904400,2022-10-27 21:00,2022,3.360316543783676,4.403849290490876,20232.3,20407.45,19928.476673619007,151.91166319049708,303.82332638099416,48,TimeStop,0.008656949531195241,0.006856949531195242,0.45662017348211054,0.006856949531195242,0.4566201734821107
BTC,1666965600,2022-10-28 14:00,1667138400,2022-10-30 14:00,2022,2.0410985311805456,3.5906537624297514,20497.66,20738.44,20158.429206258807,169.61539687059718,339.23079374119436,48,TimeStop,0.011746706697252215,0.009946706697252216,0.6010191756222049,0.009946706697252216,0.6010191756222049
BTC,1667934000,2022-11-08 19:00,1667988000,2022-11-09 10:00,2022,7.307438876996671,14.323555703569472,18256.64,17299.431361050978,17299.431361050978,478.60431947450996,957.2086389490199,15,SL,-0.052430712275041924,-0.05423071227504193,-1.0343310232094047,-0.045675543363948704,-0.8711600774054571
BTC,1669618800,2022-11-28 07:00,1669651200,2022-11-28 16:00,2022,2.0064701143944075,-2.6260536577969864,16222.06,16057.487955977072,16057.487955977072,82.2860220114636,164.5720440229272,9,SL,-0.010144953478345353,-0.011944953478345352,-1.1774281177180486,0.0390160245986022,3.8458554474283986
BTC,1669798800,2022-11-30 09:00,1669971600,2022-12-02 09:00,2022,2.1748766448301624,-0.3080661797248829,16879.49,16962.17,16673.88918579689,102.80040710155684,205.60081420311369,48,TimeStop,0.004898252257621329,0.0030982522576213293,0.2543614343294009,0.0030982522576213293,0.2543614343294009
BTC,1670911200,2022-12-13 06:00,1671084000,2022-12-15 06:00,2022,2.9102760151757265,4.7400936124745385,17151.56,17718.95,17045.985527187604,52.78723640619832,105.57447281239664,48,TimeStop,0.033080955901387356,0.03128095590138735,5.08188369506119,0.03128095590138735,5.081883695061189
BTC,1671102000,2022-12-15 11:00,1671109200,2022-12-15 13:00,2022,2.3784733915074603,3.792254433183539,17720.33,17505.164580299086,17505.164580299086,107.58270985045873,215.16541970091745,2,SL,-0.012142291915608549,-0.013942291915608548,-1.1482421945140389,-0.058915753487660816,-4.852111438033037
BTC,1671282000,2022-12-17 13:00,1671454800,2022-12-19 13:00,2022,2.0511396757812914,3.5996234793840562,16668.41,16710.18,16488.677121698285,89.86643915085813,179.73287830171626,48,TimeStop,0.0025059378788978934,0.0007059378788978935,0.06546861159285222,0.0007059378788978935,0.06546861159285221
BTC,1673150400,2023-01-08 04:00,1673323200,2023-01-10 04:00,2023,2.037728763126549,0.053145160099880726,16934.75,17221.68,16887.935268974823,23.407365512588225,46.81473102517645,48,TimeStop,0.016943267541593487,0.015143267541593487,5.477922106656678,0.015143267541593487,5.477922106656678
BTC,1673348400,2023-01-10 11:00,1673521200,2023-01-12 11:00,2023,2.0276922098933277,0.2144568243343471,17252.89,18200.8,17147.571233256007,52.65938337199543,105.31876674399086,48,TimeStop,0.054942099555494756,0.05314209955549475,8.705521592639732,0.05314209955549475,8.705521592639732
BTC,1673546400,2023-01-12 18:00,1673719200,2023-01-14 18:00,2023,2.221936907773533,1.9205263838300095,18796.93,20757.99,18392.4597851305,202.23510743475066,404.4702148695013,48,TimeStop,0.1043287387887278,0.1025287387887278,4.764814453943916,0.1025287387887278,4.764814453943916
BTC,1673791200,2023-01-15 14:00,1673964000,2023-01-17 14:00,2023,2.09883660607946,3.2326995253884894,20787.58,21281.66,20458.93423179622,164.32288410189145,328.6457682037829,48,TimeStop,0.023768038415245933,0.021968038415245934,1.389527570964602,0.021968038415245934,1.3895275709646022
BTC,1674057600,2023-01-18 16:00,1674230400,2023-01-20 16:00,2023,3.9596172264204075,8.193626720816614,20845.47,21313.29,20399.661689253026,222.9041553734879,445.8083107469758,48,TimeStop,0.022442286021855093,0.020642286021855093,0.9652089107065143,0.020642286021855093,0.9652089107065143
BTC,1674244800,2023-01-20 20:00,1674417600,2023-01-22 20:00,2023,2.451128170378109,4.773790097705404,22288.37,22459.46,21909.281521656678,189.54423917166142,379.08847834332283,48,TimeStop,0.007676200637372771,0.005876200637372771,0.34548909155024715,0.005876200637372771,0.34548909155024715
BTC,1674684000,2023-01-25 22:00,1674856800,2023-01-27 22:00,2023,2.2478403948211767,5.1063570002002105,22932.2,23008.22,22393.61726451849,269.2913677407567,538.5827354815134,48,TimeStop,0.0033149894035461244,0.0015149894035461245,0.06450641231368051,0.0015149894035461245,0.06450641231368053
BTC,1676246400,2023-02-13 00:00,1676278800,2023-02-13 09:00,2023,2.630110847455705,4.130890071560238,21811.28,21585.32355550721,21585.32355550721,112.97822224639508,225.95644449279015,9,SL,-0.010359614130522792,-0.012159614130522791,-1.1737516453143328,0.013717658752718905,1.3241476545252937
BTC,1677805200,2023-03-03 01:00,1677988800,2023-03-05 04:00,2023,4.200112233674355,5.435589840502112,22150.31,22440.73,21707.296895395444,221.50655230227827,443.01310460455653,48,TimeStop,0.013111328915938343,0.011311328915938343,0.5655576311306735,0.011311328915938343,0.5655576311306735
BTC,1678395600,2023-03-09 21:00,1678442400,2023-03-10 10:00,2023,2.4353429080740154,4.145721620235583,20213.61,19770.751730689753,19770.751730689753,221.4291346551228,442.8582693102456,13,SL,-0.021908915295696666,-0.023708915295696666,-1.0821583348927202,0.005140868058699028,0.2346473108921468
BTC,1678568400,2023-03-11 21:00,1678741200,2023-03-13 21:00,2023,3.337266239583241,74.9782228574267,20353.91,24085.04,19974.02158373244,189.94420813378036,379.88841626756073,48,TimeStop,0.18331269028899122,0.18151269028899122,9.725205623005671,0.18151269028899122,9.725205623005673
BTC,1681142400,2023-04-10 16:00,1681315200,2023-04-12 16:00,2023,2.3157768550716686,9.732460649141363,29036.85,29939.02,28711.616996381377,162.61650180931136,325.2330036186227,48,TimeStop,0.031069830232962663,0.029269830232962663,2.613214712356261,0.029269830232962663,2.613214712356261
BTC,1681365600,2023-04-13 06:00,1681538400,2023-04-15 06:00,2023,2.2121859014525005,11.467011187831194,30016.54,30390.99,29691.381446803272,162.5792765983646,325.1585531967292,48,TimeStop,0.012474788899719978,0.010674788899719978,0.9854276470658864,0.010674788899719978,0.9854276470658865
BTC,1683050400,2023-05-02 18:00,1683115200,2023-05-03 12:00,2023,2.0531483486847515,8.93140057592659,28718.9,28260.84699193406,28260.84699193406,229.02650403297028,458.05300806594056,18,SL,-0.01594953177405614,-0.01774953177405614,-1.1128559775609173,0.0009971127027845112,0.06251673822841855
BTC,1683298800,2023-05-05 15:00,1683378000,2023-05-06 13:00,2023,2.1420405021692055,9.43233940071047,29356.45,28943.8040534834,28943.8040534834,206.3229732583008,412.6459465166016,22,SL,-0.014056398049375888,-0.01585639804937589,-1.12805556542132,-0.015895028520137907,-1.1308038136301657
BTC,1683500400,2023-05-07 23:00,1683507600,2023-05-08 01:00,2023,2.184541073834969,15.627802927179394,28430.1,28111.180291286157,28111.180291286157,159.4598543569202,318.9197087138404,2,SL,-0.011217678049456099,-0.013017678049456098,-1.1604610144866239,-0.03000355890411916,-2.674667499980002
BTC,1685444400,2023-05-30 11:00,1685451600,2023-05-30 13:00,2023,2.3928090532185906,6.7127267017342716,28021.4,27758.889138371014,27758.889138371014,131.25543081449314,262.5108616289863,2,SL,-0.00936822791255923,-0.011168227912559229,-1.192138792608464,-0.042070650288708,-4.49077997262507
BTC,1686369600,2023-06-10 04:00,1686373200,2023-06-10 05:00,2023,2.5610344609940205,6.8541851670154,25765.28,25469.16319315641,25469.16319315641,148.05840342179357,296.11680684358714,1,SL,-0.011492861977187411,-0.01329286197718741,-1.1566189521437644,0.00012895245073993875,0.011220220950699755
BTC,1687284000,2023-06-20 18:00,1687456800,2023-06-22 18:00,2023,3.086991395917148,16.943029952397666,28070.54,30133.99,27627.004388379664,221.7678058101678,443.5356116203356,48,TimeStop,0.07350945154599807,0.07170945154599807,4.538357180940532,0.07170945154599807,4.538357180940531
BTC,1687892400,2023-06-27 19:00,1687935600,2023-06-28 07:00,2023,2.1273803310373736,12.033399862895275,30648.03,30267.56507021035,30267.56507021035,190.2324648948254,380.4649297896508,12,SL,-0.01241400931119065,-0.01421400931119065,-1.144997474617436,-0.003856902189145509,-0.31068948737364704
BTC,1688738400,2023-07-07 14:00,1688911200,2023-07-09 14:00,2023,2.3503748238235556,7.109155125250022,30411.49,30341.02,30020.27606085364,195.60696957318092,391.21393914636184,48,TimeStop,-0.0023172162889750275,-0.004117216288975028,-0.3200568013328305,-0.004117216288975028,-0.3200568013328305
BTC,1689271200,2023-07-13 18:00,1689354000,2023-07-14 17:00,2023,3.116912567865428,5.861462166053339,31255.0,30849.9496369235,30849.9496369235,202.52518153825125,405.0503630765025,23,SL,-0.012959538092353272,-0.014759538092353272,-1.1388938392072823,-0.03165154375299947,-2.4423357937174686
BTC,1689544800,2023-07-16 22:00,1689548400,2023-07-16 23:00,2023,2.460030320390527,7.2424980285969065,30321.03,30163.73124487025,30163.73124487025,78.64937756487426,157.2987551297485,1,SL,-0.005187777431365238,-0.0069877774313652375,-1.34696939562542,-0.018334728536596498,-3.534216488499475
BTC,1691524800,2023-08-08 20:00,1691532000,2023-08-08 22:00,2023,2.484063757664443,7.871914609739341,29980.0,29701.240719546262,29701.240719546262,139.37964022686938,278.75928045373877,2,SL,-0.009298174798323483,-0.011098174798323483,-1.1935863800199282,-0.019363375583722458,-2.0824921023439718
BTC,1692306000,2023-08-17 21:00,1692478800,2023-08-19 21:00,2023,28.666653446104746,102.28567771974657,26253.92,26084.96,25560.334793102607,346.79260344869596,693.5852068973919,48,TimeStop,-0.006435610377421701,-0.0082356103774217,-0.31173827505231955,-0.0082356103774217,-0.31173827505231955
BTC,1693317600,2023-08-29 14:00,1693404000,2023-08-30 14:00,2023,2.3810810822350033,11.948917559016989,27492.03,27118.3277913659,27118.3277913659,186.85110431704996,373.7022086340999,24,SL,-0.01359311075370202,-0.015393110753702019,-1.1324200201568813,-0.013307698776699973,-0.9790031890290921
BTC,1694120400,2023-09-07 21:00,1694167200,2023-09-08 10:00,2023,2.1727834194569873,2.2438837920485404,26160.0,25902.040835026153,25902.040835026153,128.9795824869225,257.959164973845,13,SL,-0.009860824349153164,-0.011660824349153163,-1.1825405195615986,-0.012072171253822674,-1.2242557849496123
BTC,1694530800,2023-09-12 15:00,1694559600,2023-09-12 23:00,2023,2.0015092359261004,2.289554632017056,26205.97,25810.836465191467,25810.836465191467,197.56676740426636,395.1335348085327,8,SL,-0.015077996914769192,-0.016877996914769194,-1.1193792524414778,0.01682171100707205,1.1156462693393254
BTC,1694703600,2023-09-14 15:00,1694779200,2023-09-15 12:00,2023,2.799998171212341,4.75388261843356,26693.97,26366.284990387805,26366.284990387805,163.8425048060985,327.685009612197,21,SL,-0.012275619160889,-0.014075619160889,-1.146632114959618,-0.008799708173793639,-0.7168443447504559
BTC,1695038400,2023-09-18 12:00,1695056400,2023-09-18 17:00,2023,2.5002606566208616,6.813693880645805,27371.35,27118.54592460982,27118.54592460982,126.40203769508805,252.8040753901761,5,SL,-0.009236083546853804,-0.011036083546853804,-1.19488779966842,-0.01287252656518585,-1.3937213213679522
BTC,1695924000,2023-09-28 18:00,1696096800,2023-09-30 18:00,2023,2.1897893064403418,7.355521314690237,26959.34,26999.98,26623.513421033873,167.91328948306312,335.82657896612625,48,TimeStop,0.0015074553012054234,-0.0002925446987945765,-0.023484776054000484,-0.0002925446987945765,-0.023484776054000466
BTC,1696248000,2023-10-02 12:00,1696258800,2023-10-02 15:00,2023,2.9890914803702078,10.038607857302862,28320.66,28010.26161324599,28010.26161324599,155.19919337700372,310.39838675400745,3,SL,-0.010960139585518424,-0.012760139585518424,-1.1642314850057534,-0.028305032015496792,-2.582543022800198
BTC,1696532400,2023-10-05 19:00,1696705200,2023-10-07 19:00,2023,2.2350850094659878,7.171125626472712,27471.28,27865.48,27153.106840141565,159.08657992921735,318.1731598584347,48,TimeStop,0.014349531583530173,0.012549531583530173,1.0835348152980335,0.012549531583530173,1.0835348152980337
BTC,1696737600,2023-10-08 04:00,1696770000,2023-10-08 13:00,2023,2.1134377609810073,8.92774329353879,27924.19,27752.28184038864,27752.28184038864,85.95407980567836,171.90815961135672,9,SL,-0.00615624516275521,-0.00795624516275521,-1.2923860165429875,-0.01340785684383323,-2.1779276960816545
BTC,1697410800,2023-10-15 23:00,1697583600,2023-10-17 23:00,2023,3.123126668337484,11.777205325889252,27154.15,28395.91,26978.583632032318,87.78318398384184,175.56636796768368,48,TimeStop,0.045730026533697364,0.04393002653369736,6.794482017305109,0.04393002653369736,6.794482017305108
BTC,1697716800,2023-10-19 12:00,1697889600,2023-10-21 12:00,2023,2.2024057792641067,9.909709970671601,28477.12,29768.27,28234.15419554054,121.48290222972882,242.96580445945764,48,TimeStop,0.04533990796822156,0.043539907968221554,5.103150983565241,0.043539907968221554,5.103150983565242
BTC,1698076800,2023-10-23 16:00,1698249600,2023-10-25 16:00,2023,2.4997426552769775,11.030946562865436,31212.19,34480.71,30701.794775587532,255.19761220623258,510.39522441246515,48,TimeStop,0.10471934202630448,0.10291934202630448,6.29382467615727,0.10291934202630448,6.29382467615727
BTC,1698868800,2023-11-01 20:00,1698930000,2023-11-02 13:00,2023,3.6776912843996183,12.814183326704153,35406.08,34839.095424717285,34839.095424717285,283.49228764135967,566.9845752827193,17,SL,-0.01601376303964508,-0.01781376303964508,-1.1124033117977132,-0.024738998047792927,-1.5448585061828868
BTC,1699131600,2023-11-04 21:00,1699218000,2023-11-05 21:00,2023,2.321655968350791,9.011885285827226,34798.49,34552.93521453499,34552.93521453499,122.77739273250165,245.5547854650033,24,SL,-0.007056478182386843,-0.008856478182386843,-1.2550847538213852,0.004565506089488424,0.6469949982817366
BTC,1699387200,2023-11-07 20:00,1699455600,2023-11-08 15:00,2023,3.9465962440405824,13.529470887914643,35618.54,35152.53241789177,35152.53241789177,233.0037910541134,466.0075821082268,19,SL,-0.013083287021540699,-0.014883287021540698,-1.137580104834242,0.0244135955039146,1.8660139048940403
BTC,1700074800,2023-11-15 19:00,1700139600,2023-11-16 13:00,2023,3.244154680384381,12.466669991111997,37499.99,36855.37411542084,36855.37411542084,322.3079422895774,644.6158845791548,18,SL,-0.01718976150604728,-0.018989761506047278,-1.1047134946791937,-0.03320240837397548,-1.9315223403358552
BTC,1700506800,2023-11-20 19:00,1700575200,2023-11-21 14:00,2023,2.294884571100437,9.861793813712879,37569.23,36974.04518011412,36974.04518011412,297.5924099429437,595.1848198858874,19,SL,-0.01584234811003276,-0.01764234811003276,-1.1136195207615749,-0.009232944460133997,-0.5828015137659341
BTC,1700841600,2023-11-24 16:00,1701014400,2023-11-26 16:00,2023,2.06015674079346,9.698883978923757,37725.99,37161.135819576084,37161.135819576084,282.4270902119561,564.8541804239122,48,SL,-0.014972547583878221,-0.016772547583878222,-1.1202200220046863,-0.015039413995497564,-1.004465934153476
BTC,1701190800,2023-11-28 17:00,1701212400,2023-11-28 23:00,2023,6.273191038269923,22.3889873922922,38210.75,37769.826033905716,37769.826033905716,220.46198304714136,440.9239660942827,6,SL,-0.01153926489520054,-0.013339264895200539,-1.155989139373055,-0.014097324705743786,-1.2216830823952438
BTC,1702065600,2023-12-08 20:00,1702108800,2023-12-09 08:00,2023,3.1020012684608096,13.08042851871503,44363.99,43840.50713013146,43840.50713013146,261.74143493426914,523.4828698685383,12,SL,-0.011799724728739183,-0.013599724728739182,-1.152545931483973,-0.010906033970343874,-0.924261728223315
BTC,1703095200,2023-12-20 18:00,1703102400,2023-12-20 20:00,2023,2.5591413518661743,10.873379271850565,44144.51,43405.3112853352,43405.3112853352,369.59935733240303,739.1987146648061,2,SL,-0.01674497496211426,-0.01854497496211426,-1.107494935290882,-0.006206210421182657,-0.3706312153481427
BTC,1703268000,2023-12-22 18:00,1703304000,2023-12-23 04:00,2023,2.4444917764895866,10.466439135381115,43950.0,43400.378023940495,43400.378023940495,274.8109880297524,549.6219760595048,10,SL,-0.012505619478031967,-0.014305619478031967,-1.1439352927027708,-0.008406598407281014,-0.6722256679925765
BTC,1704160800,2024-01-02 02:00,1704229200,2024-01-02 21:00,2024,4.878282796603727,23.435971207801707,45378.96,44649.73869301021,44649.73869301021,364.610653494897,729.221306989794,19,SL,-0.016069590554516712,-0.01786959055451671,-1.112012810400699,-0.051172440443765156,-3.1844271495381595
BTC,1704387600,2024-01-04 17:00,1704416400,2024-01-05 01:00,2024,2.344158551879316,14.214590994636927,43990.01,43137.30970727332,43137.30970727332,426.3501463633419,852.7002927266838,8,SL,-0.019383953145877444,-0.021183953145877444,-1.0928603152542564,-0.0023976356904670147,-0.12369178115646298
BTC,1706400000,2024-01-28 00:00,1706479200,2024-01-28 22:00,2024,2.1246341095038197,2.1742832069378584,41990.85,41665.01323552675,41665.01323552675,162.91838223662575,325.8367644732515,22,SL,-0.007759708709712944,-0.009559708709712945,-1.2319674703441976,0.026091076270187395,3.362378311640573
BTC,1707339600,2024-02-07 21:00,1707512400,2024-02-09 21:00,2024,2.370732540644262,4.245692523145823,44185.96,47507.25,43660.91870779791,262.5206461010445,525.041292202089,48,TimeStop,0.07516618400958135,0.07336618400958135,6.174286327849896,0.07336618400958135,6.174286327849897
BTC,1707512400,2024-02-09 21:00,1707685200,2024-02-11 21:00,2024,2.9325507782565237,8.718669255744809,47507.25,48116.0,46697.79634660956,404.72682669521834,809.4536533904367,48,TimeStop,0.012813833678017566,0.011013833678017566,0.6464075463843991,0.011013833678017566,0.6464075463843991
BTC,1707750000,2024-02-12 15:00,1707832800,2024-02-13 14:00,2024,2.7191054852973147,12.254145815720696,49917.8,49168.33988461502,49168.33988461502,374.73005769248954,749.4601153849791,23,SL,-0.015013885134861309,-0.01681388513486131,-1.1198890216510669,0.03169907247514908,2.1113171034954727
BTC,1707940800,2024-02-14 20:00,1708113600,2024-02-16 20:00,2024,2.066288390528853,11.327988509105712,51686.14,51838.0,50828.17578608933,428.9821069553363,857.9642139106726,48,TimeStop,0.0029381184201412716,0.0011381184201412716,0.06856340514701838,0.0011381184201412716,0.06856340514701838
BTC,1708959600,2024-02-26 15:00,1709132400,2024-02-28 15:00,2024,2.648140707923536,12.87604329257324,52842.32,60966.22,52251.067219782824,295.6263901085861,591.2527802171722,48,TimeStop,0.15373851867215524,0.15193851867215524,13.579274538127263,0.15193851867215524,13.579274538127265
BTC,1709136000,2024-02-28 16:00,1709139600,2024-02-28 17:00,2024,4.415139713402659,21.361273254939185,62412.01,60909.56836559635,60909.56836559635,751.2208172018244,1502.4416344036488,1,SL,-0.024072957022272648,-0.025872957022272648,-1.074772700268382,-0.017576290492807466,-0.7301259449159342
BTC,1709319600,2024-03-01 19:00,1709492400,2024-03-03 19:00,2024,2.684448824197433,12.609397979602686,62215.5,62730.0,60893.270878843,661.1145605784972,1322.2291211569943,48,TimeStop,0.008269643416833426,0.006469643416833426,0.3044193276032134,0.006469643416833426,0.30441932760321344
BTC,1709560800,2024-03-04 14:00,1709654400,2024-03-05 16:00,2024,2.07887331045213,13.167716018624027,66169.41,64835.44029163479,64835.44029163479,666.9848541826062,1333.9697083652125,26,SL,-0.020159915410538094,-0.021959915410538093,-1.089286088921738,-0.005920635199860531,-0.293683533848841
BTC,1709744400,2024-03-06 17:00,1709917200,2024-03-08 17:00,2024,2.1918878542752807,16.782810029701555,67324.84,68340.01,64742.43077532157,1291.2046123392122,2582.4092246784244,48,TimeStop,0.015078684182539435,0.013278684182539436,0.346182657441259,0.013278684182539436,0.34618265744125903
BTC,1709920800,2024-03-08 18:00,1710093600,2024-03-10 18:00,2024,2.3248117416424736,20.477409595292656,68578.01,69233.97,66968.29843136403,804.8557843179826,1609.7115686359652,48,TimeStop,0.009565165276741137,0.007765165276741138,0.33081677014426375,0.007765165276741138,0.33081677014426386
BTC,1711393200,2024-03-25 19:00,1711400400,2024-03-25 21:00,2024,3.150887170684981,15.615644054069456,70960.89,69648.36934614985,69648.36934614985,656.2603269250759,1312.5206538501518,2,SL,-0.018496395040284185,-0.020296395040284184,-1.0973162606053606,-0.03433750058659072,-1.8564428642341078
BTC,1711753200,2024-03-29 23:00,1711926000,2024-03-31 23:00,2024,2.053796850385079,7.617693435155464,69850.54,71280.01,69016.59529104215,416.9723544789209,833.9447089578418,48,TimeStop,0.0204646950474542,0.0186646950474542,1.5633398881194995,0.0186646950474542,1.5633398881194998
BTC,1711998000,2024-04-01 19:00,1712023200,2024-04-02 02:00,2024,2.1230039049267386,8.83155168396187,69648.01,68567.9899800643,68567.9899800643,540.0100099678449,1080.0200199356898,7,SL,-0.015506832426880416,-0.017306832426880418,-1.1160778649338987,-0.057279115627280594,-3.6937985818425325
BTC,1713034800,2024-04-13 19:00,1713038400,2024-04-13 20:00,2024,3.1831810002726457,12.111808959713558,64788.01,63187.232851185036,63187.232851185036,800.3885744074825,1600.777148814965,1,SL,-0.024707922790265766,-0.026507922790265766,-1.07285112614603,-0.024750234155980426,-1.0017124614672728
BTC,1713448800,2024-04-18 14:00,1713488400,2024-04-19 01:00,2024,2.28911602723009,12.274241627214021,63816.57,62247.568053347604,62247.568053347604,784.5009733261993,1569.0019466523986,11,SL,-0.024586121545742672,-0.026386121545742672,-1.0732120353611299,6.095868204765691e-05,0.0024793939920228036
BTC,1715792400,2024-05-15 17:00,1715965200,2024-05-17 17:00,2024,2.4774149961751593,7.89280785947847,65046.56,66702.52,63973.69916603634,536.4304169818292,1072.8608339636585,48,TimeStop,0.02545807187958912,0.02365807187958912,1.4343670150719041,0.02365807187958912,1.434367015071904
BTC,1715972400,2024-05-17 19:00,1716145200,2024-05-19 19:00,2024,2.417572518460844,7.69747161697175,67047.99,66079.11995100867,66079.11995100867,484.43502449566904,968.8700489913381,48,SL,-0.014450396633684793,-0.016250396633684792,-1.1245640549273215,-0.016923197578331734,-1.1711233959407434
BTC,1716220800,2024-05-20 16:00,1716393600,2024-05-22 16:00,2024,2.549172158030737,8.137549666330436,68190.06,70229.88,67344.91372536254,422.57313731872995,845.1462746374599,48,TimeStop,0.029913744026622165,0.028113744026622166,2.268338569938524,0.028113744026622166,2.2683385699385243
BTC,1717513200,2024-06-04 15:00,1717686000,2024-06-06 15:00,2024,2.603008315049324,4.402015756972782,70445.0,71300.0,69536.97822620167,454.0108868991683,908.0217737983367,48,TimeStop,0.012137128256086309,0.01033712825608631,0.801962046519962,0.01033712825608631,0.801962046519962
BTC,1720144800,2024-07-05 02:00,1720152000,2024-07-05 04:00,2024,2.69545913037391,4.2911205186213275,55766.32,54322.36486801002,54322.36486801002,721.9775659949871,1443.9551319899742,2,SL,-0.025892960697244796,-0.027692960697244796,-1.06951696335721,0.044709613687975075,1.7267092091455027
BTC,1721066400,2024-07-15 18:00,1721116800,2024-07-16 08:00,2024,2.3789341275164344,12.102552796106796,63499.0,62494.78730775043,62494.78730775043,502.10634612478816,1004.2126922495763,14,SL,-0.0158146221554603,-0.0176146221554603,-1.1138187167739868,0.014027020897966896,0.8869652882047366
BTC,1721415600,2024-07-19 19:00,1721584800,2024-07-21 18:00,2024,2.174741164522107,7.460101856449448,67157.26,66102.3394409682,66102.3394409682,527.4602795159034,1054.9205590318068,47,SL,-0.01570821321524734,-0.01750821321524734,-1.114589735658332,0.0021423883583101713,0.13638650869792301
BTC,1722870000,2024-08-05 15:00,1723042800,2024-08-07 15:00,2024,3.1959356106924472,10.592570951724436,54321.09,56094.5,51189.927571320615,1565.581214339692,3131.162428679384,48,TimeStop,0.032646804399543594,0.030846804399543595,0.5351469545790146,0.030846804399543595,0.5351469545790146
BTC,1724126400,2024-08-20 04:00,1724162400,2024-08-20 14:00,2024,2.1056482142110675,6.499565189603402,60865.61,59989.17377479034,59989.17377479034,438.2181126048303,876.4362252096606,10,SL,-0.014399530789384376,-0.016199530789384377,-1.125004073141537,-0.002310797476604667,-0.16047727598931458
BTC,1724436000,2024-08-23 18:00,1724608800,2024-08-25 18:00,2024,5.595881588361305,11.465877889430285,63152.6,64166.99,62051.00986914519,550.7950654274015,1101.590130854803,48,TimeStop,0.01606252157472534,0.01426252157472534,0.8176501357188719,0.01426252157472534,0.8176501357188719
BTC,1725915600,2024-09-09 21:00,1725940800,2024-09-10 04:00,2024,2.2463076073593817,4.198121392892578,57454.27,56409.231978660115,56409.231978660115,522.5190106699426,1045.0380213398853,7,SL,-0.018189040106851625,-0.019989040106851624,-1.0989606922314663,-0.0035800243567622875,-0.19682316030595357
BTC,1726117200,2024-09-12 05:00,1726290000,2024-09-14 05:00,2024,2.0291554989358027,3.477780244654977,57968.01,59926.0,57010.41364833008,478.798175834958,957.596351669916,48,TimeStop,0.033777078081514235,0.03197707808151423,1.9357295783003894,0.03197707808151423,1.9357295783003894
BTC,1726290000,2024-09-14 05:00,1726441200,2024-09-15 23:00,2024,2.2862776422439945,4.795914961785863,59926.0,59201.14299685859,59201.14299685859,362.4285015707076,724.8570031414152,42,SL,-0.012095868289914442,-0.013895868289914442,-1.148811144173982,-0.02275918299235724,-1.8815667008654364
BTC,1727370000,2024-09-26 17:00,1727542800,2024-09-28 17:00,2024,2.3088096617643123,5.362910766262193,65132.54,65633.2,64207.03335975365,462.7533201231743,925.5066402463486,48,TimeStop,0.007686787587279664,0.005886787587279663,0.41428274128637077,0.005886787587279663,0.41428274128637066
BTC,1729274400,2024-10-18 18:00,1729353600,2024-10-19 16:00,2024,2.0442882239111135,2.876949307341357,68892.42,68063.04453041383,68063.04453041383,414.687734793085,829.37546958617,22,SL,-0.012038704252023252,-0.013838704252023252,-1.14951775226952,-0.005986527342195241,-0.4972733956139128
BTC,1730829600,2024-11-05 18:00,1730833200,2024-11-05 19:00,2024,2.159135161901892,1.8012248043882932,70229.99,69135.42278964611,69135.42278964611,547.2836051769466,1094.5672103538932,1,SL,-0.015585467267671493,-0.017385467267671494,-1.1154922062384194,0.0889592326298208,5.707832245385851
BTC,1731002400,2024-11-07 18:00,1731175200,2024-11-09 18:00,2024,2.317192119916951,9.862407986214157,76604.01,76356.53,75330.15337821428,636.9283108928573,1273.8566217857147,48,TimeStop,-0.003230640275881066,-0.005030640275881066,-0.30252008853224105,-0.005030640275881066,-0.30252008853224105
BTC,1731337200,2024-11-11 15:00,1731510000,2024-11-13 15:00,2024,2.2588962564611847,16.44667577291049,84059.54,92540.01,82409.48257978415,825.0287101079208,1650.0574202158416,48,TimeStop,0.10088646690191264,0.09908646690191264,5.047801807351938,0.09908646690191264,5.047801807351937
BTC,1731510000,2024-11-13 15:00,1731528000,2024-11-13 20:00,2024,2.512784402268255,23.743243598093535,92540.01,89919.437749204,89919.437749204,1310.2861253979977,2620.5722507959954,5,SL,-0.028318262023053615,-0.030118262023053614,-1.063563222860736,-0.04604680740795243,-1.6260463784983095
BTC,1732287600,2024-11-22 15:00,1732449600,2024-11-24 12:00,2024,2.0444424646851527,17.949809454310167,98664.0,97070.80652718846,97070.80652718846,796.596736405772,1593.193472811544,45,SL,-0.016147667566808004,-0.017947667566808004,-1.1114712073773403,-0.029798966188275412,-1.8454037442242162
BTC,1733338800,2024-12-04 19:00,1733436000,2024-12-05 22:00,2024,2.29982419786352,18.7296239344171,97209.64,95758.71539523134,95758.71539523134,725.4623023843303,1450.9246047686606,27,SL,-0.01492572757978181,-0.016725727579781812,-1.1205971360778593,0.04171780337834813,2.7950264504933426
BTC,1733515200,2024-12-06 20:00,1733526000,2024-12-06 23:00,2024,2.477822665226781,20.163772691397458,101360.0,99097.80357600414,99097.80357600414,1131.0982119979287,2262.1964239958575,3,SL,-0.022318433543763432,-0.024118433543763432,-1.0806508215045867,-0.017190588003157117,-0.7702416914452678
BTC,1733943600,2024-12-11 19:00,1734030000,2024-12-12 19:00,2024,2.045582629181055,15.854994392455184,101122.71,99337.47644272231,99337.47644272231,892.6167786388481,1785.2335572776963,24,SL,-0.017654130879974375,-0.019454130879974375,-1.1019591398884307,0.0015585927434103586,0.08828487530804001
BTC,1735934400,2025-01-03 20:00,1736107200,2025-01-05 20:00,2025,2.11286501347653,-1.169751011885484,98311.52,98275.71,97218.56640108128,546.4767994593617,1092.9535989187234,48,TimeStop,-0.00036425029335318657,-0.0021642502933531867,-0.19467499462968527,-0.0021642502933531867,-0.1946749946296853
BTC,1736175600,2025-01-06 15:00,1736247600,2025-01-07 11:00,2025,2.113390759706218,1.868857867436058,102147.95,100694.86713002603,100694.86713002603,726.5414349869856,1453.0828699739711,20,SL,-0.014225276865311198,-0.0160252768653112,-1.1265353227949673,-0.06694257016415887,-4.705888735803817
BTC,1737122400,2025-01-17 14:00,1737295200,2025-01-19 14:00,2025,2.8274393925730683,4.172029218714705,103378.95,105160.0,101930.12449888354,724.4127505582318,1448.8255011164636,48,TimeStop,0.017228362253630967,0.015428362253630968,1.1008695586672945,0.015428362253630968,1.1008695586672945
BTC,1737655200,2025-01-23 18:00,1737662400,2025-01-23 20:00,2025,2.093477753729761,5.874352225325427,105424.39,102820.62969941493,102820.62969941493,1301.880150292536,2603.760300585072,2,SL,-0.024697892969407446,-0.026497892969407445,-1.072880711007598,-0.005982144188835185,-0.24221273435126972
BTC,1738551600,2025-02-03 03:00,1738724400,2025-02-05 03:00,2025,2.4809673306407656,7.689384183581965,94038.74,98040.0,90960.45905755155,1539.1404712242297,3078.2809424484594,48,TimeStop,0.04254906010012464,0.040749060100124634,1.2448474780706782,0.040749060100124634,1.244847478070678
BTC,1740081600,2025-02-20 20:00,1740150000,2025-02-21 15:00,2025,2.4019946691715046,6.026188374403106,98453.61,97519.2592765281,97519.2592765281,467.17536173594993,934.3507234718999,19,SL,-0.009490263723919316,-0.011290263723919315,-1.189668069546189,-0.020850596519518236,-2.197051328190836
BTC,1741975200,2025-03-14 18:00,1742122800,2025-03-16 11:00,2025,2.1089605534453786,1.6010303351507686,84570.54,83123.55308034879,83123.55308034879,723.493459825599,1446.986919651198,41,SL,-0.01710982239975293,-0.01890982239975293,-1.105202728464676,-0.01207296266524955,-0.7056158961313305
BTC,1742367600,2025-03-19 07:00,1742540400,2025-03-21 07:00,2025,2.452907181098141,3.300877509316793,83190.0,83937.98,82211.99963643424,489.00018178288366,978.0003635657673,48,TimeStop,0.008991224906839715,0.007191224906839716,0.6116950691294569,0.007191224906839716,0.6116950691294568
BTC,1742824800,2025-03-24 14:00,1742864400,2025-03-25 01:00,2025,2.3874655377414156,4.6110873002984505,87961.9,86985.07965824167,86985.07965824167,488.4101708791623,976.8203417583246,11,SL,-0.011105039133514944,-0.012905039133514944,-1.1620885778391952,-0.015314487522438634,-1.379057501582291
BTC,1744650000,2025-04-14 17:00,1744761600,2025-04-16 00:00,2025,2.111651498620171,2.0292310616591833,84859.73,83207.50109205987,83207.50109205987,826.114453970059,1652.228907940118,31,SL,-0.019470117427195722,-0.02127011742719572,-1.0924493653790626,-0.0204015204149246,-1.0478375639598336
BTC,1744833600,2025-04-16 20:00,1745006400,2025-04-18 20:00,2025,2.030919843936497,1.7996111084285566,84295.99,84520.12,82900.65387440281,697.6680627986004,1395.3361255972009,48,TimeStop,0.0026588453377199804,0.0008588453377199805,0.051885145573081354,0.0008588453377199805,0.05188514557308136
BTC,1745244000,2025-04-21 14:00,1745251200,2025-04-21 16:00,2025,4.036597069191393,9.03088901880893,88208.37,87119.62810363193,87119.62810363193,544.3709481840348,1088.7418963680695,2,SL,-0.012342841120044147,-0.014142841120044146,-1.1458335226463279,0.051842188377361494,4.200182751536222
BTC,1745434800,2025-04-23 19:00,1745481600,2025-04-24 08:00,2025,2.521629086650617,6.514586213076589,93497.88,91962.05197286012,91962.05197286012,767.9140135699438,1535.8280271398876,13,SL,-0.01642634065221461,-0.01822634065221461,-1.1095800968767364,0.01737818885305202,1.0579464544776158
BTC,1745607600,2025-04-25 19:00,1745672400,2025-04-26 13:00,2025,4.2378151694654225,13.866996883231304,95291.0,93968.94582205881,93968.94582205881,661.0270889705959,1322.0541779411917,18,SL,-0.013873861938075861,-0.01567386193807586,-1.1297403713568726,-0.010798751193711893,-0.7783522167014955
BTC,1746108000,2025-05-01 14:00,1746280800,2025-05-03 14:00,2025,2.724277836166065,10.229480132757931,96827.99,96380.95,95733.70390761575,547.143046192128,1094.286092384256,48,TimeStop,-0.0046168468435625705,-0.006416846843562571,-0.5677951920655767,-0.006416846843562571,-0.5677951920655767
BTC,1747393200,2025-05-16 11:00,1747566000,2025-05-18 11:00,2025,2.3768915053315713,5.287901183685023,103651.71,103800.54,102592.89585672386,529.4070716380758,1058.8141432761515,48,TimeStop,0.001435866325794212,-0.000364133674205788,-0.03564655632878996,-0.000364133674205788,-0.035646556328789956
BTC,1747598400,2025-05-18 20:00,1747627200,2025-05-19 04:00,2025,2.6593138162831393,5.699977078999383,104053.05,102905.58904644572,102905.58904644572,573.7304767771435,1147.460953554287,8,SL,-0.011027653236058761,-0.01282765323605876,-1.1632260247460664,0.025647921997481032,2.3257824170256036
BTC,1747832400,2025-05-21 13:00,1748005200,2025-05-23 13:00,2025,3.003146416842256,6.82457585806545,107244.76,109634.99,105777.61657514071,733.5717124296422,1467.1434248592843,48,TimeStop,0.022287615730596167,0.020487615730596168,1.4975968911906112,0.020487615730596168,1.4975968911906115
BTC,1748239200,2025-05-26 06:00,1748307600,2025-05-27 01:00,2025,2.2975259186781605,6.198581858350072,109928.37,108786.82148925947,108786.82148925947,570.7742553702652,1141.5485107405304,19,SL,-0.010384475915912569,-0.012184475915912568,-1.1733356612866455,-0.012726205855685764,-1.2255029487029587
BTC,1748422800,2025-05-28 09:00,1748440800,2025-05-28 14:00,2025,2.1209855908345383,6.172489412320062,108789.17,107732.23443775823,107732.23443775823,528.4677811208841,1056.9355622417681,5,SL,-0.009715448350619499,-0.011515448350619498,-1.185271943716852,-0.030903356519771268,-3.180847183218325
BTC,1748714400,2025-05-31 18:00,1748887200,2025-06-02 18:00,2025,2.6127725486706663,7.3262134597330455,104487.81,104361.54,103572.76406918872,457.52296540563515,915.0459308112703,48,TimeStop,-0.0012084663273161155,-0.0030084663273161156,-0.34353254565189567,-0.0030084663273161156,-0.34353254565189567
BTC,1748894400,2025-06-02 20:00,1749067200,2025-06-04 20:00,2025,2.0389531817764577,7.033845411009802,104878.62,104609.87,103852.13864145981,513.2406792700939,1026.4813585401878,48,TimeStop,-0.0025624860433899684,-0.004362486043389968,-0.4457280321687276,-0.004362486043389968,-0.44572803216872753
BTC,1749189600,2025-06-06 06:00,1749362400,2025-06-08 06:00,2025,2.2333848922451534,8.28615742535827,103160.0,105442.87,101926.98970989091,616.5051450545413,1233.0102901090827,48,TimeStop,0.022129410624272927,0.020329410624272928,1.7008633397653645,0.020329410624272928,1.7008633397653643
BTC,1749495600,2025-06-09 19:00,1749668400,2025-06-11 19:00,2025,2.718421314202361,10.548546525980456,108564.72,108742.37,107563.47728810064,500.621355949685,1001.24271189937,48,TimeStop,0.001636351109273751,-0.00016364889072624901,-0.01774444476734574,-0.00016364889072624901,-0.017744444767345727
BTC,1750698000,2025-06-23 17:00,1750870800,2025-06-25 17:00,2025,2.1867037204801316,6.787399635572226,102484.02,107402.53,100656.10971085016,913.9551445749252,1827.9102891498503,48,TimeStop,0.04799294563191407,0.04619294563191407,2.5898638418419138,0.04619294563191407,2.5898638418419138
BTC,1750874400,2025-06-25 18:00,1751047200,2025-06-27 18:00,2025,2.292663505035573,7.948298908549252,107406.63,106704.6,106288.94232347107,558.8438382644641,1117.6876765289283,48,TimeStop,-0.006536188687793284,-0.008336188687793284,-0.8010841962404198,-0.008336188687793284,-0.8010841962404198
BTC,1751472000,2025-07-02 16:00,1751634000,2025-07-04 13:00,2025,2.160327132604106,7.881146137817595,109413.02,108423.81367130365,108423.81367130365,494.6031643481739,989.2063286963478,45,SL,-0.00904102938294138,-0.01084102938294138,-1.1990923736401409,-0.018032437419239575,-1.994511537952004
BTC,1752159600,2025-07-10 15:00,1752332400,2025-07-12 15:00,2025,2.0844600983886994,6.920483554202899,111408.4,117100.01,110563.35223817242,422.52388091378555,845.0477618275711,48,TimeStop,0.051087799483701415,0.04928779948370141,6.49794618486953,0.04928779948370141,6.497946184869529
BTC,1752793200,2025-07-17 23:00,1752847200,2025-07-18 14:00,2025,2.534933962157759,8.066115802337677,119177.56,117532.76784341704,117532.76784341704,822.3960782914786,1644.7921565829572,15,SL,-0.01380119006114037,-0.01560119006114037,-1.1304235353636813,-0.013023253773613066,-0.9436326661627756
BTC,1754593200,2025-08-07 19:00,1754647200,2025-08-08 10:00,2025,2.0210071889225567,5.4323960825449795,117461.98,116363.55281176617,116363.55281176617,549.2135941169109,1098.4271882338219,15,SL,-0.009351342351234176,-0.011151342351234175,-1.192485734388971,-0.009685870815390593,-1.0357733094984234
BTC,1755111600,2025-08-13 19:00,1755165600,2025-08-14 10:00,2025,2.4630119428162995,4.923246481442425,122744.21,121292.38406424147,121292.38406424147,725.91296787927,1451.82593575854,15,SL,-0.011828060449926996,-0.013628060449926996,-1.1521804870392807,-0.04911742540035088,-4.152618733078408
BTC,1755291600,2025-08-15 21:00,1755464400,2025-08-17 21:00,2025,2.1044056244839626,6.817250798286254,117320.02,117700.0,116100.58512467536,609.7174376623243,1219.4348753246486,48,TimeStop,0.0032388334062677104,0.0014388334062677105,0.13842802712613533,0.0014388334062677105,0.13842802712613533
BTC,1756926000,2025-09-03 19:00,1756958400,2025-09-04 04:00,2025,2.575715199798025,4.139268376291563,112193.74,110972.63532812525,110972.63532812525,610.552335937378,1221.104671874756,9,SL,-0.010883893093097287,-0.012683893093097287,-1.1653819993088277,-0.006962498371121345,-0.6397066115558447
BTC,1757361600,2025-09-08 20:00,1757383200,2025-09-09 02:00,2025,2.859566570473979,3.8773454769307767,111958.04,111174.52477790389,111174.52477790389,391.7576110480525,783.515222096105,6,SL,-0.006998293486524976,-0.008798293486524975,-1.2572055606793033,0.012565649845245648,1.7955305631923593
BTC,1757534400,2025-09-10 20:00,1757707200,2025-09-12 20:00,2025,3.167400586407722,4.3076124899275445,113566.39,116157.33,112571.38655101646,497.5017244917682,995.0034489835364,48,TimeStop,0.022814320328399997,0.021014320328399998,2.3985047493433265,0.021014320328399998,2.3985047493433265
BTC,1757707200,2025-09-12 20:00,1757779200,2025-09-13 16:00,2025,4.314899058640295,8.494513432772452,116157.33,115232.19698673779,115232.19698673779,462.56650663110395,925.1330132622079,20,SL,-0.007964482424503126,-0.009764482424503125,-1.2260033865430138,-0.00485766325723911,-0.6099157482342201
BTC,1758520800,2025-09-22 06:00,1758592800,2025-09-23 02:00,2025,2.0315481017687835,7.7260110901720065,112800.77,111858.04215650121,111858.04215650121,471.3639217493973,942.7278434987946,20,SL,-0.00835745929304203,-0.010157459293042029,-1.2153764603434687,-0.003609207508069331,-0.4318546320739092
BTC,1759194000,2025-09-30 01:00,1759215600,2025-09-30 07:00,2025,2.080075044428205,7.650634308326835,114500.31,113625.45767226396,113625.45767226396,437.4261638680218,874.8523277360435,6,SL,-0.007640610996913776,-0.009440610996913776,-1.2355832538427862,0.03415675854502051,4.470422399310337
BTC,1759428000,2025-10-02 18:00,1759600800,2025-10-04 18:00,2025,2.103105113866669,8.084203845747403,120506.61,121574.66,119247.05603806309,629.7769809684544,1259.5539619369088,48,TimeStop,0.008862999299374556,0.007062999299374557,0.6757456430776061,0.007062999299374557,0.6757456430776061
BTC,1760130000,2025-10-10 21:00,1760302800,2025-10-12 21:00,2025,16.60032131451097,37.28982495306799,113451.86,114882.06,109560.92774073672,1945.466129631644,3890.932259263288,48,TimeStop,0.01260622787497708,0.01080622787497708,0.31508815119596206,0.01080622787497708,0.3150881511959621
BTC,1764277200,2025-11-27 21:00,1764349200,2025-11-28 17:00,2025,2.2043901562447203,0.37629766632961514,91416.99,90440.66166151063,90440.66166151063,488.1641692446829,976.3283384893658,20,SL,-0.010679944050765323,-0.012479944050765322,-1.1685402087730135,-0.0062664563994068515,-0.5867499276794287
BTC,1764450000,2025-11-29 21:00,1764547200,2025-12-01 00:00,2025,2.025443807934367,2.785448596771849,91008.68,90216.04831561138,90216.04831561138,396.3158421943063,792.6316843886126,27,SL,-0.008709407546495743,-0.010509407546495743,-1.206673070514915,-0.05203729604692651,-5.974837641839842
BTC,1765396800,2025-12-10 20:00,1765414800,2025-12-11 01:00,2025,2.381177379805135,4.805638789239433,92453.89,90901.4387910429,90901.4387910429,776.2256044785441,1552.4512089570883,5,SL,-0.016791626712051734,-0.018591626712051734,-1.1071962848428587,-0.026026238614729975,-1.5499533821848495
BTC,1767628800,2026-01-05 16:00,1767715200,2026-01-06 16:00,2026,2.2386911528955062,-0.13980594294761425,93701.31,92726.76614844239,92726.76614844239,487.27192577880567,974.5438515576113,24,SL,-0.010400536039011725,-0.012200536039011724,-1.1730680027691167,-0.02780571966389802,-2.673489093216018
BTC,1768330800,2026-01-13 19:00,1768503600,2026-01-15 19:00,2026,2.0901937895870994,0.39266943473824334,94226.84,95516.01,93060.80495801893,583.0175209905336,1166.0350419810673,48,TimeStop,0.013681558248159423,0.011881558248159424,0.960144118909058,0.011881558248159424,0.9601441189090579
BTC,1770037200,2026-02-02 13:00,1770138000,2026-02-03 17:00,2026,2.037454706157046,-6.684581703574225,78224.79,76298.59477366935,76298.59477366935,963.0976131653242,1926.1952263306484,28,SL,-0.02462384656233203,-0.02642384656233203,-1.0730998707063695,-0.044724883531166965,-1.8163240019365667
BTC,1770386400,2026-02-06 14:00,1770559200,2026-02-08 14:00,2026,3.255567178517283,-1.8681751667911246,68194.89,71262.19,65309.10658936044,1442.8917053197817,2885.7834106395635,48,TimeStop,0.04497844339949816,0.043178443399498154,1.0203638939581454,0.043178443399498154,1.0203638939581452
BTC,1771585200,2026-02-20 11:00,1771592400,2026-02-20 13:00,2026,2.114095450965352,-2.2148473203694934,67318.41,66463.91885208376,66463.91885208376,427.24557395812104,854.4911479162421,2,SL,-0.01269327585004221,-0.01449327585004221,-1.1418073648808305,0.011592473173385968,0.9132767073164482
BTC,1771826400,2026-02-23 06:00,1771866000,2026-02-23 17:00,2026,2.1824722015808815,-0.7010626345478468,65757.32,64798.08971400528,64798.08971400528,479.61514299736365,959.2302859947273,11,SL,-0.014587429749185797,-0.0163874297491858,-1.123393910438576,-0.014864705191756686,-1.0190078339596742
BTC,1772013600,2026-02-25 10:00,1772186400,2026-02-27 10:00,2026,2.001169179360283,0.24005796864777318,65400.87,66604.91,64296.07764920186,552.3961753990699,1104.7923507981398,48,TimeStop,0.01841015264781647,0.01661015264781647,0.9832783809692448,0.01661015264781647,0.9832783809692447
BTC,1772467200,2026-03-02 16:00,1772524800,2026-03-03 08:00,2026,3.6863078030550533,7.872833998429393,69428.62,67616.75930838412,67616.75930838412,905.9303458079355,1811.860691615871,16,SL,-0.02609674067575987,-0.027896740675759868,-1.0689741306151692,0.05388625733883233,2.0648654178061805
BTC,1772640000,2026-03-04 16:00,1772722800,2026-03-05 15:00,2026,3.5625972159582235,7.472558777671671,73294.84,71444.58393862075,71444.58393862075,925.1280306896234,1850.2560613792468,23,SL,-0.025244015286468253,-0.027044015286468253,-1.0713040290767388,-0.06794817632455426,-2.6916548557541464
BTC,1773406800,2026-03-13 13:00,1773414000,2026-03-13 15:00,2026,2.2675701687572407,4.832433395958692,73379.18,72200.79927952612,72200.79927952612,589.1903602369374,1178.3807204738748,2,SL,-0.016058788343967182,-0.01785878834396718,-1.112088157676985,-0.025943633112280616,-1.6155411327795952
BTC,1773799200,2026-03-18 02:00,1773831600,2026-03-18 11:00,2026,2.002799569464474,4.7189272161977245,74338.93,73212.83216677915,73212.83216677915,563.0489166104215,1126.097833220843,9,SL,-0.015148157677556659,-0.01694815767755666,-1.118826331116616,-0.054577999360496475,-3.602946346495905
BTC,1775491200,2026-04-06 16:00,1775512800,2026-04-06 22:00,2026,2.2333916114855965,2.7922980139877427,69799.14,68984.34732086366,68984.34732086366,407.39633956817426,814.7926791363485,6,SL,-0.011673391378981782,-0.013473391378981781,-1.1541968346268972,0.024030690750631117,2.058586915358528
BTC,1775761200,2026-04-09 19:00,1775934000,2026-04-11 19:00,2026,2.3969300704249106,5.555068552734503,72096.32,73687.15,71023.48790964081,536.4160451795962,1072.8320903591923,48,TimeStop,0.022065342586140138,0.02026534258614014,1.3618688675790955,0.02026534258614014,1.3618688675790955
BTC,1776171600,2026-04-14 13:00,1776178800,2026-04-14 15:00,2026,2.959874174206906,10.99622196029641,75525.94,74610.73259811189,74610.73259811189,457.6037009440525,915.207401888105,2,SL,-0.012117788959503321,-0.013917788959503321,-1.148541949856986,-0.024810769544874295,-2.0474667142487823
BTC,1776434400,2026-04-17 14:00,1776499200,2026-04-18 08:00,2026,3.881294753181966,12.995788630084567,77886.77,76669.39443439957,76669.39443439957,608.6877828002149,1217.3755656004298,18,SL,-0.01563006869588296,-0.01743006869588296,-1.115162641637923,-0.025716256894463708,-1.6453067094476452
BTC,1780689600,2026-06-05 20:00,1780862400,2026-06-07 20:00,2026,2.1252162195762807,-3.909444350950898,61620.01,61878.01,59386.05919412917,1116.9754029354142,2233.9508058708284,48,TimeStop,0.004186951608738785,0.0023869516087387846,0.06584029586213938,0.0023869516087387846,0.06584029586213937
BTC,1783098000,2026-07-03 17:00,1783270800,2026-07-05 17:00,2026,2.0819160342562584,-8.698588288259083,62194.0,62624.93,61488.28992225902,352.8550388704912,705.7100777409825,48,TimeStop,0.006928803421551923,0.005128803421551923,0.4519997801662061,0.005128803421551923,0.4519997801662062
BTC,1783350000,2026-07-06 15:00,1783476000,2026-07-08 02:00,2026,2.1810650389232853,-7.005950651796396,63545.98,62566.83983232262,62566.83983232262,489.57008383869027,979.1401676773805,35,SL,-0.015408373081623449,-0.01720837308162345,-1.1168196012950107,-0.030786412673154163,-1.9980313632119369
BTC,1784055600,2026-07-14 19:00,1784228400,2026-07-16 19:00,2026,2.1117004847962244,-4.20941189188177,64569.59,64271.84,63798.69030926191,385.4498453690429,770.8996907380858,48,TimeStop,-0.004611303866107869,-0.00641130386610787,-0.5370027605065528,-0.00641130386610787,-0.5370027605065528
BTC,1784620800,2026-07-21 08:00,1784790000,2026-07-23 07:00,2026,3.987948732544201,-1.146629950336346,66193.98,65474.99778422191,65474.99778422191,359.49110788904255,718.9822157780851,47,SL,-0.010861746276294118,-0.012661746276294118,-1.1657192088834334,-0.010274788794993078,-0.9459610391947701
BTC,1786104000,2026-08-07 12:00,1786111200,2026-08-07 14:00,2026,2.228794678563193,-6.394320189572066,65292.32,64814.71839381178,64814.71839381178,238.80080309411022,477.60160618822044,2,SL,-0.007314820582087117,-0.009114820582087117,-1.246075755351797,-0.006888040982461629,-0.9416554931407837
BTC,1787076000,2026-08-18 18:00,1787108400,2026-08-19 03:00,2026,2.3429066169218324,-5.377323534861011,64772.0,64307.57157018014,64307.57157018014,232.21421490993015,464.4284298198603,9,SL,-0.007170203634593061,-0.008970203634593062,-1.2510388953691391,0.11645109615265857,16.240974745938026
BTC,1787248800,2026-08-20 18:00,1787421600,2026-08-22 18:00,2026,2.8939396307627696,-2.821982080690233,72431.36,77257.86,71133.53274018996,648.913629905023,1297.827259810046,48,TimeStop,0.06663550152861965,0.06483550152861965,3.618450388141284,0.06483550152861965,3.618450388141284
BTC,1787421600,2026-08-22 18:00,1787461200,2026-08-23 05:00,2026,2.7667717653669364,0.5255128733824198,77257.86,76091.36099530298,76091.36099530298,583.2495023485077,1166.4990046970154,11,SL,-0.015098774476758996,-0.016898774476758995,-1.119214973557671,0.019822266006332627,1.312839398776663
BTC,1788552000,2026-09-04 20:00,1788724800,2026-09-06 20:00,2026,2.08998880271165,2.7090090171493273,79697.04,79912.0,78653.15684590953,521.9415770452329,1043.8831540904657,48,TimeStop,0.0026972143507463567,0.0008972143507463568,0.06849936002876578,0.0008972143507463568,0.06849936002876579
ETH,1580252400,2020-01-28 23:00,1580342400,2020-01-30 00:00,2020,3.964393710478686,19.92712366203728,175.64,172.03108844966545,172.03108844966545,1.8044557751672745,3.608911550334549,25,SL,-0.02054720764253325,-0.02234720764253325,-1.0876031444912202,0.046252835345024064,2.251052121032708
ETH,1580540400,2020-02-01 07:00,1580616000,2020-02-02 04:00,2020,2.1721602384257426,1.638180527494192,183.13,179.3697681392115,179.3697681392115,1.880115930394251,3.760231860788502,21,SL,-0.020533128710689172,-0.02233312871068917,-1.087663211260298,0.035932758149948105,1.7499894271466883
ETH,1580918400,2020-02-05 16:00,1581091200,2020-02-07 16:00,2020,2.071768863728401,2.000600180053618,199.94,221.74,195.94405095814986,1.9979745209250677,3.9959490418501353,48,TimeStop,0.10903270981294394,0.10723270981294394,5.365460814303373,0.10723270981294394,5.365460814303374
ETH,1581130800,2020-02-08 03:00,1581307200,2020-02-10 04:00,2020,2.0867884037141664,5.521811154058741,217.32,224.43,211.07302925887456,3.123485370562722,6.246970741125444,48,TimeStop,0.03271673108779686,0.03091673108779686,1.0755331309250797,0.03091673108779686,1.0755331309250795
ETH,1581318000,2020-02-10 07:00,1581325200,2020-02-10 09:00,2020,2.1763411601826004,15.203004829189924,223.64,218.45287850003797,218.45287850003797,2.593560749981014,5.187121499962028,2,SL,-0.02319406859221078,-0.024994068592210778,-1.0776060479791996,0.13068971561438036,5.634617966865434
ETH,1581490800,2020-02-12 07:00,1581663600,2020-02-14 07:00,2020,2.9399070822614726,42.24740395625195,253.27,262.86,246.03564028859716,3.6171798557014156,7.234359711402831,48,TimeStop,0.03786472934022981,0.036064729340229806,1.2626015797365966,0.036064729340229806,1.2626015797365966
ETH,1581706800,2020-02-14 19:00,1581778800,2020-02-15 15:00,2020,2.0013838168994837,33.27433628318576,282.5,273.52636209332627,273.52636209332627,4.486818953336865,8.97363790667373,20,SL,-0.03176508993512825,-0.03356508993512825,-1.0566659815437647,-0.11769380530973454,-3.705130555276023
ETH,1582038000,2020-02-18 15:00,1582146000,2020-02-19 21:00,2020,2.0564323203360875,39.099612658042574,273.66,263.26295655225607,263.26295655225607,5.198521723871989,10.397043447743979,25,SL,-0.0379925580930496,-0.0397925580930496,-1.0473776994850261,-0.0626784623255135,-1.649756306801037
ETH,1583596800,2020-03-07 16:00,1583600400,2020-03-07 17:00,2020,2.1035954101234307,37.12618824201365,245.11,239.42095812513406,239.42095812513406,2.84452093743297,5.68904187486594,1,SL,-0.02321015819373322,-0.025010158193733218,-1.0775522503972441,-0.20236301252498887,-8.718726121376784
ETH,1584007200,2020-03-12 10:00,1584054000,2020-03-12 23:00,2020,9.992120017076413,132.4204348807457,132.91,118.11391481081871,118.11391481081871,7.398042594590639,14.796085189181278,13,SL,-0.11132409291386114,-0.11312409291386114,-1.016169006662312,-0.03347556993454223,-0.30070372960904806
ETH,1586710800,2020-04-12 17:00,1586732400,2020-04-12 23:00,2020,3.213060752059157,44.810017801239326,162.91,159.43602050910022,159.43602050910022,1.7369897454498884,3.4739794908997768,6,SL,-0.02132453189429611,-0.02312453189429611,-1.0844098247465623,-0.022670419249892614,-1.063114508785842
ETH,1588154400,2020-04-29 10:00,1588240800,2020-04-30 10:00,2020,2.2460821164713334,26.954177897574233,207.76,203.75462384394376,203.75462384394376,2.0026880780281187,4.005376156056237,24,SL,-0.019278860974471648,-0.021078860974471647,-1.0933665117655784,0.031892722371967656,1.6542845769881713
ETH,1588597200,2020-05-04 13:00,1588770000,2020-05-06 13:00,2020,2.104774465169122,25.29182879377482,205.6,207.77,199.22106290727385,3.1894685463630723,6.378937092726145,48,TimeStop,0.010554474708171283,0.008754474708171284,0.28216613110238253,0.008754474708171284,0.2821661311023825
ETH,1589068800,2020-05-10 00:00,1589079600,2020-05-10 03:00,2020,2.880030658371285,29.62885954880929,192.38,184.32236483610123,184.32236483610123,4.028817581949377,8.057635163898754,3,SL,-0.04188395448538708,-0.04368395448538708,-1.0429758847299881,-0.030233309075787498,-0.7218351143595017
ETH,1589371200,2020-05-13 12:00,1589544000,2020-05-15 12:00,2020,3.4842542474754414,32.48092390183519,193.96,199.5,190.43670959945078,1.7616452002746175,3.523290400549235,48,TimeStop,0.028562590224788575,0.026762590224788576,1.4733023423759797,0.026762590224788576,1.47330234237598
ETH,1590624000,2020-05-28 00:00,1590638400,2020-05-28 04:00,2020,3.0362191024503096,18.214936247722914,208.62,205.7741721045509,205.7741721045509,1.422913947724549,2.845827895449098,4,SL,-0.013641203601999352,-0.015441203601999352,-1.1319531657555655,0.0489142172370817,3.5857698971601453
ETH,1591048800,2020-06-01 22:00,1591106400,2020-06-02 14:00,2020,2.52933362177592,13.43812354929399,245.57,239.77946863121747,239.77946863121747,2.895265684391263,5.790531368782526,16,SL,-0.023579962409017895,-0.025379962409017895,-1.0763359995566235,-0.011776788695687537,-0.49944052036247655
ETH,1591563600,2020-06-07 21:00,1591736400,2020-06-09 21:00,2020,2.1063525913040175,9.505310575690778,241.97,244.37,237.72799409025941,2.1210029548702862,4.2420059097405725,48,TimeStop,0.009918584948547363,0.008118584948547364,0.46309553588532015,0.008118584948547364,0.4630955358853202
ETH,1591736400,2020-06-09 21:00,1591880400,2020-06-11 13:00,2020,2.7268798076376846,14.731759217579295,244.37,241.38936636161839,241.38936636161839,1.4903168191908074,2.9806336383816148,40,SL,-0.012197215854571423,-0.013997215854571423,-1.1475746614195887,-0.046281728526414885,-3.7944502317771893
ETH,1593576000,2020-07-01 04:00,1593705600,2020-07-02 16:00,2020,2.2135914720504934,4.432231185178367,225.62,222.93734679928127,222.93734679928127,1.341326600359364,2.682653200718728,36,SL,-0.011890139175244802,-0.013690139175244802,-1.151385948765647,0.0027651981207339822,0.23256230057349644
ETH,1593817200,2020-07-03 23:00,1593990000,2020-07-05 23:00,2020,2.1243068974547463,8.449326277404621,224.87,227.56,222.44382655721765,1.21308672139118,2.42617344278236,48,TimeStop,0.011962467203272991,0.010162467203272992,0.9419087521538725,0.010162467203272992,0.9419087521538726
ETH,1594170000,2020-07-08 01:00,1594342800,2020-07-10 01:00,2020,2.4832132662112265,14.159586873230193,240.12,240.91,236.58763209385353,1.766183953073241,3.532367906146482,48,TimeStop,0.0032900216558387142,0.0014900216558387143,0.10128729778612004,0.0014900216558387143,0.10128729778612006
ETH,1595106000,2020-07-18 21:00,1595134800,2020-07-19 05:00,2020,2.079997090621286,10.597261667585096,235.91,234.1192828171228,234.1192828171228,0.8953585914386009,1.7907171828772017,8,SL,-0.0075906794238361575,-0.009390679423836158,-1.237132923088227,-0.0017152219066592757,-0.22596421359504973
ETH,1595329200,2020-07-21 11:00,1595502000,2020-07-23 11:00,2020,2.26375136085363,11.934156378600495,243.0,264.25,240.39284173216933,1.3035791339153353,2.6071582678306706,48,TimeStop,0.0874485596707819,0.0856485596707819,7.9828678821702175,0.0856485596707819,7.982867882170219
ETH,1595520000,2020-07-23 16:00,1595534400,2020-07-23 20:00,2020,10.06328694638678,71.13239919931402,279.76,272.75239613813324,272.75239613813324,3.503801930933364,7.007603861866728,4,SL,-0.025048626901153687,-0.026848626901153687,-1.0718602263949726,0.030978095510437575,1.2367183092583376
ETH,1595696400,2020-07-25 17:00,1595869200,2020-07-27 17:00,2020,4.636922836140201,45.50510668419341,296.67,323.71,289.3332803192993,3.668359840350349,7.336719680700698,48,TimeStop,0.09114504331411993,0.08934504331411994,3.612785434575646,0.08934504331411994,3.6127854345756454
ETH,1595869200,2020-07-27 17:00,1595926800,2020-07-28 09:00,2020,2.142968962551542,26.25807049519702,323.71,312.3862616755054,312.3862616755054,5.6618691622472905,11.323738324494581,16,SL,-0.034981119905145255,-0.03678111990514526,-1.051456328581842,-0.011376472768836198,-0.3252175116086795
ETH,1596304800,2020-08-01 18:00,1596340800,2020-08-02 04:00,2020,2.460899903693224,29.633620689655785,371.2,361.1238600975354,361.1238600975354,5.038069951232315,10.07613990246463,10,SL,-0.02714477344413956,-0.02894477344413956,-1.066311107871432,0.06261271551724146,2.30662140710403
ETH,1596870000,2020-08-08 07:00,1597042800,2020-08-10 07:00,2020,6.157478231214618,53.16209174408458,379.97,395.02,371.37667113241406,4.296664433792997,8.593328867585994,48,TimeStop,0.03960839013606325,0.03780839013606325,1.6717682077999667,0.03780839013606325,1.6717682077999667
ETH,1597348800,2020-08-13 20:00,1597521600,2020-08-15 20:00,2020,2.1324661998363066,23.42148921635551,409.88,432.09,397.75538068218464,6.062309658907674,12.124619317815348,48,TimeStop,0.054186591197423584,0.05238659119742358,1.770960014262032,0.05238659119742358,1.770960014262032
ETH,1597680000,2020-08-17 16:00,1597723200,2020-08-18 04:00,2020,2.1573905559919426,22.321936997472115,439.03,427.1867408509675,427.1867408509675,5.921629574516218,11.843259149032436,12,SL,-0.026975967813207442,-0.028775967813207442,-1.066726058262821,-0.07361741566635531,-2.7289999816174295
ETH,1598666400,2020-08-29 02:00,1598839200,2020-08-31 02:00,2020,2.1922232140895463,14.768415960073945,392.73,425.39,385.8526733627011,3.4386633186494486,6.877326637298897,48,TimeStop,0.08316145952690135,0.08136145952690135,4.646149250306613,0.08136145952690135,4.646149250306613
ETH,1598950800,2020-09-01 09:00,1599044400,2020-09-02 11:00,2020,2.9418183106519957,15.52101715816593,470.33,456.86443277112073,456.86443277112073,6.7327836144396125,13.465567228879225,26,SL,-0.028630041096420072,-0.03043004109642007,-1.0628710239687758,-0.08582610932749342,-2.997764098153019
ETH,1599127200,2020-09-03 10:00,1599134400,2020-09-03 12:00,2020,3.5543962496420187,21.427898653102766,424.68,407.10399655720227,407.10399655720227,8.788001721398874,17.57600344279775,2,SL,-0.041386463791084446,-0.04318646379108445,-1.0434924812394273,-0.16349821983611193,-3.950524032723303
ETH,1601067600,2020-09-25 21:00,1601114400,2020-09-26 10:00,2020,2.043944651982991,9.522475843718667,357.05,348.68125991712935,348.68125991712935,4.184370041435316,8.368740082870632,13,SL,-0.023438566259265253,-0.025238566259265252,-1.076796506240587,-0.013254978294356621,-0.5655200129452022
ETH,1601694000,2020-10-03 03:00,1601866800,2020-10-05 03:00,2020,2.210081344213843,10.055737516520795,348.06,352.01,341.3387780768985,3.3606109615507562,6.7212219231015125,48,TimeStop,0.011348618054358411,0.009548618054358412,0.4944773492118768,0.009548618054358412,0.4944773492118768
ETH,1601928000,2020-10-05 20:00,1601982000,2020-10-06 11:00,2020,2.122861707815489,10.516741515547853,351.82,347.6447079026016,347.6447079026016,2.08764604869919,4.17529209739838,15,SL,-0.011867693983850746,-0.013667693983850746,-1.1516722627369191,-0.03281017565800685,-2.764663101580982
ETH,1602270000,2020-10-09 19:00,1602442800,2020-10-11 19:00,2020,2.036747833012123,11.286681715576309,363.26,373.14,357.5323466923007,2.8638266538496606,5.727653307699321,48,TimeStop,0.027198150085338314,0.025398150085338314,1.6108048976354576,0.025398150085338314,1.6108048976354579
ETH,1602637200,2020-10-14 01:00,1602687600,2020-10-14 15:00,2020,2.943077186491282,15.375794850411106,383.72,376.92851722192364,376.92851722192364,3.395741389038185,6.79148277807637,14,SL,-0.017699058631492716,-0.019499058631492715,-1.101700324151547,-0.01261517773376429,-0.7127598137517652
ETH,1602831600,2020-10-16 07:00,1602838800,2020-10-16 09:00,2020,2.525344809746874,14.09978308025981,368.8,362.00440317772865,362.00440317772865,3.3977984111356707,6.795596822271341,2,SL,-0.018426238672102396,-0.020226238672102395,-1.0976867841577074,0.012191323210412061,0.6616284216957392
ETH,1603062000,2020-10-18 23:00,1603065600,2020-10-19 00:00,2020,2.0757781463404115,12.430245166749634,378.11,374.8586136169169,374.8586136169169,1.6256931915415438,3.2513863830830876,1,SL,-0.00859904890926745,-0.010399048909267449,-1.2093254752929916,-0.018118002697627717,-2.1069775144669274
ETH,1603285200,2020-10-21 13:00,1603458000,2020-10-23 13:00,2020,2.0058841061654435,20.272904483430093,384.75,416.08,377.8587177432815,3.4456411283592607,6.8912822567185215,48,TimeStop,0.08142949967511368,0.07962949967511368,4.445827185518428,0.07962949967511368,4.445827185518429
ETH,1603839600,2020-10-27 23:00,1603868400,2020-10-28 07:00,2020,2.2255492654455002,27.264840748544373,403.45,395.59793144541715,395.59793144541715,3.9260342772914294,7.852068554582859,8,SL,-0.019462308971577254,-0.021262308971577253,-1.0924864569064583,-0.042251109183294076,-2.1709196604060437
ETH,1604613600,2020-11-05 22:00,1604786400,2020-11-07 22:00,2020,10.010646925200259,50.49175620378601,417.89,436.44,407.75132815352356,5.069335923238206,10.138671846476411,48,TimeStop,0.04438967192323342,0.042589671923233416,1.755436833295423,0.042589671923233416,1.755436833295423
ETH,1605110400,2020-11-11 16:00,1605139200,2020-11-12 00:00,2020,2.833628924479173,23.183597073336205,470.16,459.5500867177041,459.5500867177041,5.304956641147954,10.609913282295908,8,SL,-0.022566601332091003,-0.024366601332091002,-1.0797638941509677,-0.0038205887357496285,-0.16930279750706329
ETH,1605625200,2020-11-17 15:00,1605675600,2020-11-18 05:00,2020,4.616968471580379,33.77950428577389,473.66,465.0426927647279,465.0426927647279,4.308653617636052,8.617307235272104,14,SL,-0.01819302291785692,-0.019993022917856918,-1.098939027787035,0.0021268673732212063,0.11690566118803888
ETH,1606417200,2020-11-26 19:00,1606590000,2020-11-28 19:00,2020,2.501557789079059,23.193505818371356,500.14,545.99,469.41323147971747,15.363384260141249,30.726768520282498,48,TimeStop,0.09167433118726762,0.08987433118726762,1.4628856259430292,0.08987433118726762,1.4628856259430292
ETH,1608116400,2020-12-16 11:00,1608289200,2020-12-18 11:00,2020,2.1611476188812295,14.14665364276385,593.78,650.47,585.6764691639795,4.051765418010254,8.103530836020507,48,TimeStop,0.09547307083431583,0.09367307083431584,6.863822341831748,0.09367307083431584,6.863822341831748
ETH,1608339600,2020-12-19 01:00,1608498000,2020-12-20 21:00,2020,2.0844193818405663,14.790620281638622,649.06,631.5887918537657,631.5887918537657,8.735604073117146,17.471208146234293,44,SL,-0.02691770891170969,-0.02871770891170969,-1.066870475711882,-0.011614192832711754,-0.43147033318498246
ETH,1608555600,2020-12-21 13:00,1608624000,2020-12-22 08:00,2020,11.327734499760533,74.79738948891303,608.31,589.1843667770476,589.1843667770476,9.562816611476203,19.125633222952406,16,SL,-0.03144060301976359,-0.033240603019763594,-1.0572508103253773,-0.02042537193207399,-0.6496494968380397
ETH,1609520400,2021-01-01 17:00,1609693200,2021-01-03 17:00,2021,2.065779318941011,31.87075857900289,727.94,935.54,711.7605082111252,8.089745894437439,16.179491788874877,48,TimeStop,0.28518833969832663,0.2833883396983266,12.750073407240519,0.2833883396983266,12.750073407240517
ETH,1609736400,2021-01-04 05:00,1609743600,2021-01-04 07:00,2021,2.159443465144583,38.46224796620344,1084.18,1015.5113480163268,1015.5113480163268,34.334325991836614,68.66865198367323,2,SL,-0.06333694772424622,-0.06513694772424622,-1.0284194307537018,0.014461137449500897,0.22832071909213572
ETH,1609909200,2021-01-06 05:00,1610082000,2021-01-08 05:00,2021,2.529608584516315,38.75441319283708,1101.81,1148.12,1026.0503101143452,37.879844942827376,75.75968988565475,48,TimeStop,0.042030840163004464,0.04023084016300446,0.5850966664053532,0.04023084016300446,0.5850966664053532
ETH,1610229600,2021-01-09 22:00,1610308800,2021-01-10 20:00,2021,2.501432695197464,47.80003264392544,1286.61,1228.5929019997714,1228.5929019997714,29.00854900011429,58.01709800022858,22,SL,-0.045092994769377316,-0.04689299476937732,-1.0399175084557113,-0.17958503198327389,-3.982548351506476
ETH,1611774000,2021-01-27 19:00,1611946800,2021-01-29 19:00,2021,2.0649090486928587,21.910984654428876,1268.77,1348.3,1192.2142090938837,38.27789545305818,76.55579090611636,48,TimeStop,0.06268275573981098,0.06088275573981098,1.009018561309494,0.06088275573981098,1.0090185613094942
ETH,1612785600,2021-02-08 12:00,1612958400,2021-02-10 12:00,2021,5.5064320806335205,52.24892463063432,1711.04,1745.0,1648.8845012539273,31.07774937303635,62.1554987460727,48,TimeStop,0.019847578081167033,0.018047578081167033,0.4968205327441154,0.018047578081167033,0.4968205327441154
ETH,1612958400,2021-02-10 12:00,1613134800,2021-02-12 13:00,2021,2.429166941524208,30.257879656160302,1745.0,1790.99,1674.0621849745846,35.46890751270765,70.9378150254153,48,TimeStop,0.02635530085959886,0.02455530085959886,0.6040360840638839,0.02455530085959886,0.604036084063884
ETH,1614528000,2021-02-28 16:00,1614700800,2021-03-02 16:00,2021,2.945353614121438,26.431848892981996,1346.86,1498.01,1270.9575118203247,37.95124408983755,75.9024881796751,48,TimeStop,0.11222398764533813,0.11042398764533813,1.9594305215388883,0.11042398764533813,1.9594305215388885
ETH,1616342400,2021-03-21 16:00,1616439600,2021-03-22 19:00,2021,2.182845891337738,12.018758248856253,1780.55,1748.4648439918476,1748.4648439918476,16.04257800407615,32.0851560081523,27,SL,-0.01801980062798144,-0.01981980062798144,-1.099890117385925,-0.04141135604167251,-2.2981028978405202
ETH,1616778000,2021-03-26 17:00,1616950800,2021-03-28 17:00,2021,2.0871954625242246,11.059885674442155,1663.67,1702.54,1625.0734017137238,19.298299143138188,38.596598286276375,48,TimeStop,0.023364008487260026,0.021564008487260027,0.9294962663265574,0.021564008487260027,0.9294962663265574
ETH,1617105600,2021-03-30 12:00,1617174000,2021-03-31 07:00,2021,2.4189332674837933,12.828527165492892,1839.65,1802.9781459661374,1802.9781459661374,18.33592701693135,36.6718540338627,19,SL,-0.019934147274678717,-0.021734147274678716,-1.090297316218108,0.04296394966433827,2.1552940826775715
ETH,1618315200,2021-04-13 12:00,1618488000,2021-04-15 12:00,2021,2.353441397230735,10.461049427335787,2227.31,2439.42,2183.8254839194424,21.742258040278795,43.48451608055759,48,TimeStop,0.09523146755503281,0.09343146755503282,4.785630857992791,0.09343146755503282,4.785630857992791
ETH,1618491600,2021-04-15 13:00,1618552800,2021-04-16 06:00,2021,3.3884657718246185,15.491803943514567,2465.82,2391.969721936671,2391.969721936671,36.925139031664635,73.85027806332927,17,SL,-0.02994958190919425,-0.031749581909194254,-1.0601010059324887,-0.0265706645253913,-0.8871798145948202
ETH,1618668000,2021-04-17 14:00,1618675200,2021-04-17 16:00,2021,2.0665659057969528,16.442884048303565,2384.01,2313.994597406165,2313.994597406165,35.007701296917524,70.01540259383505,2,SL,-0.029368753735863104,-0.031168753735863104,-1.0612896282964144,-0.10196317045649993,-3.4718248984460462
ETH,1620324000,2021-05-06 18:00,1620496800,2021-05-08 18:00,2021,2.475347068686151,22.61946083535857,3457.2,3815.15,3321.3589560714895,67.92052196425517,135.84104392851035,48,TimeStop,0.10353754483396978,0.10173754483396978,2.5892545421331215,0.10173754483396978,2.589254542133122
ETH,1620496800,2021-05-08 18:00,1620669600,2021-05-10 18:00,2021,2.2035034679021424,20.52343944536893,3815.15,4131.49,3693.1344028652693,61.00779856736547,122.01559713473094,48,TimeStop,0.08291679226242735,0.08111679226242735,2.536337462318662,0.08111679226242735,2.5363374623186625
ETH,1620759600,2021-05-11 19:00,1620860400,2021-05-12 23:00,2021,2.6680934535255028,23.28463312564913,4067.06,3893.383011628167,3893.383011628167,86.83849418591659,173.67698837183318,28,SL,-0.04270332583532895,-0.044503325835328955,-1.0421512836480475,-0.1039155330877833,-2.433429505900748
ETH,1620990000,2021-05-14 11:00,1621072800,2021-05-15 10:00,2021,2.170622473634698,23.05103729667785,3999.82,3792.3287864242698,3792.3287864242698,103.74560678786524,207.49121357573048,23,SL,-0.05187513777513248,-0.053675137775132484,-1.034698703024223,-0.054334864068883125,-1.0474162845487371
ETH,1621429200,2021-05-19 13:00,1621602000,2021-05-21 13:00,2021,16.509235145927775,181.6986072847866,2493.69,2723.95,2048.270773729245,222.70961313537757,445.41922627075513,48,TimeStop,0.0923370587362502,0.0905370587362502,0.5068738498116853,0.0905370587362502,0.5068738498116852
ETH,1623175200,2021-06-08 18:00,1623348000,2021-06-10 18:00,2021,2.325255967805286,19.256102129854614,2482.33,2473.4,2355.905806154459,63.21209692277051,126.42419384554103,48,TimeStop,-0.003597426611288522,-0.005397426611288522,-0.10597808530516795,-0.005397426611288522,-0.10597808530516796
ETH,1623603600,2021-06-13 17:00,1623776400,2021-06-15 17:00,2021,2.8929775760615724,15.765169320402862,2416.72,2576.84,2346.6009722695226,35.05951386523859,70.11902773047719,48,TimeStop,0.06625508954285161,0.06445508954285162,2.2215069010760837,0.06445508954285162,2.2215069010760837
ETH,1624111200,2021-06-19 14:00,1624140000,2021-06-19 22:00,2021,3.449507824628418,16.740674955594944,2252.0,2182.19505467528,2182.19505467528,34.90247266235989,69.80494532471978,8,SL,-0.030996867373321465,-0.032796867373321464,-1.0580703842850037,-0.11208419182948486,-3.61598449545112
ETH,1624370400,2021-06-22 14:00,1624543200,2021-06-24 14:00,2021,4.594359712081785,21.872796191819617,1815.04,1965.99,1685.7357753463384,64.65211232683082,129.30422465366163,48,TimeStop,0.08316621121297604,0.08136621121297605,1.1421353663854783,0.08136621121297605,1.1421353663854783
ETH,1624546800,2021-06-24 15:00,1624608000,2021-06-25 08:00,2021,2.419973848665265,11.985275233285371,1985.77,1917.0913306026716,1917.0913306026716,34.33933469866413,68.67866939732826,17,SL,-0.034585409890031754,-0.03638540989003176,-1.0520450677243194,-0.10592585546160933,-3.0627324006976577
ETH,1624780800,2021-06-27 08:00,1624953600,2021-06-29 08:00,2021,2.088700602336604,10.49096641268463,1849.21,2147.41,1781.8051854760347,33.70240726198273,67.40481452396546,48,TimeStop,0.1612580507351787,0.1594580507351787,4.374634424595289,0.1594580507351787,4.374634424595289
ETH,1625706000,2021-07-08 01:00,1625720400,2021-07-08 05:00,2021,2.6090146909068004,11.468293025870327,2275.84,2214.7586678501875,2214.7586678501875,30.54066607490631,61.08133214981262,4,SL,-0.02683902741397138,-0.02863902741397138,-1.067066513709174,-0.057735390888639,-2.1511729914096724
ETH,1626793200,2021-07-20 15:00,1626829200,2021-07-21 01:00,2021,2.8457653191877457,9.19519855535721,1805.29,1751.097310874907,1751.097310874907,27.0963445625465,54.192689125093,10,SL,-0.03001882751529838,-0.03181882751529838,-1.0599623685862707,0.12464505868863174,4.152229417525032
ETH,1626966000,2021-07-22 15:00,1627138800,2021-07-24 15:00,2021,2.7542227228100793,8.40889868014731,2033.56,2150.59,1969.094346742343,32.232826628828384,64.46565325765677,48,TimeStop,0.05754932237062108,0.05574932237062108,1.7586045633770875,0.05574932237062108,1.7586045633770875
ETH,1627138800,2021-07-24 15:00,1627311600,2021-07-26 15:00,2021,3.0895533902126355,11.996707880162777,2150.59,2341.58,2102.177333168863,24.206333415568576,48.41266683113715,48,TimeStop,0.08880818752063377,0.08700818752063377,3.8650822243002763,0.08700818752063377,3.8650822243002763
ETH,1627369200,2021-07-27 07:00,1627542000,2021-07-29 07:00,2021,2.1546668841537135,11.353212050753399,2202.02,2295.13,2124.1386420016993,38.940678999150336,77.88135799830067,48,TimeStop,0.04228390296182602,0.04048390296182602,1.1446431635404362,0.04048390296182602,1.144643163540436
ETH,1628492400,2021-08-09 07:00,1628665200,2021-08-11 07:00,2021,2.189160355490607,11.650379911076136,2944.11,3231.74,2841.933715228717,51.088142385641405,102.17628477128281,48,TimeStop,0.09769675725431443,0.09589675725431443,2.7631715386010023,0.09589675725431443,2.7631715386010023
ETH,1629064800,2021-08-15 22:00,1629118800,2021-08-16 13:00,2021,2.370190055159979,12.780946092877665,3301.79,3222.545882898512,3222.545882898512,39.62205855074402,79.24411710148804,15,SL,-0.024000350446723738,-0.025800350446723738,-1.0749989048699784,-0.07731358505537902,-3.2213523392919017
ETH,1629558000,2021-08-21 15:00,1629640800,2021-08-22 14:00,2021,2.1419969189245487,11.983296751670853,3271.22,3205.5873813062476,3205.5873813062476,32.816309346876196,65.63261869375239,23,SL,-0.0200636516937877,-0.0218636516937877,-1.089714476082002,0.014939931890854245,0.7446267568271255
ETH,1630195200,2021-08-29 00:00,1630202400,2021-08-29 02:00,2021,2.173679501094022,11.9161178446146,3281.27,3234.1395846423525,3234.1395846423525,23.565207678823736,47.13041535764747,2,SL,-0.01436346760786144,-0.01616346760786144,-1.125317928033954,-0.022197589957546875,-1.5454199893483704
ETH,1631023200,2021-09-07 14:00,1631026800,2021-09-07 15:00,2021,6.140169818631013,20.82910426025768,3399.09,3262.0650227019273,3262.0650227019273,68.51248864903643,137.02497729807286,1,SL,-0.040312253367246184,-0.04211225336724619,-1.044651435969156,0.03475095922732254,0.8620445726697527
ETH,1632294000,2021-09-22 07:00,1632466800,2021-09-24 07:00,2021,2.154296033267339,6.220110330481352,2942.07,3087.82,2792.0811878178183,74.99440609109097,149.98881218218193,48,TimeStop,0.04953994976326192,0.047739949763261916,0.9364316708462167,0.047739949763261916,0.9364316708462166
ETH,1632466800,2021-09-24 07:00,1632474000,2021-09-24 09:00,2021,2.170454268884933,7.642932554357678,3087.82,3003.786226337293,3003.786226337293,42.01688683135364,84.03377366270728,2,SL,-0.02721459594882702,-0.02901459594882702,-1.0661409782965199,-0.10382991106994584,-3.815228830337301
ETH,1632657600,2021-09-26 12:00,1632812400,2021-09-28 07:00,2021,2.129020139289108,9.66709963756633,3010.21,2885.3299849624595,2885.3299849624595,62.44000751877023,124.88001503754046,43,SL,-0.04148548275287787,-0.04328548275287787,-1.043388671905358,-0.038568198896422455,-0.9296794043874774
ETH,1633467600,2021-10-05 21:00,1633492800,2021-10-06 04:00,2021,2.211845450647671,10.773424422024005,3536.48,3463.060253723685,3463.060253723685,36.70987313815744,73.41974627631488,7,SL,-0.020760684713702602,-0.0225606847137026,-1.0867023426646416,0.025919653440709463,1.2484970413139524
ETH,1634734800,2021-10-20 13:00,1634907600,2021-10-22 13:00,2021,3.2639227377369506,10.0,4000.0,4064.45,3923.7783634035573,38.11081829822142,76.22163659644283,48,TimeStop,0.016112499999999953,0.014312499999999954,0.7510990652576934,0.014312499999999954,0.7510990652576935
ETH,1635307200,2021-10-27 04:00,1635318000,2021-10-27 07:00,2021,2.8534721393019424,6.7764767461686874,4279.51,4175.550164539622,4175.550164539622,51.97991773018914,103.95983546037829,3,SL,-0.02429246232871955,-0.02609246232871955,-1.0740970584061398,0.015839869985115065,0.6520487619070451
ETH,1635541200,2021-10-29 21:00,1635580800,2021-10-30 08:00,2021,2.446657020518982,7.991306906933524,4417.3,4310.272252164015,4310.272252164015,53.51387391799223,107.02774783598446,11,SL,-0.024229223244059694,-0.026029223244059693,-1.0742904542117921,-0.02689451474882855,-1.11000317583117
ETH,1635717600,2021-10-31 22:00,1635732000,2021-11-01 02:00,2021,2.1417524640949717,8.572094106685979,4293.0,4205.775921008721,4205.775921008721,43.612039495639735,87.22407899127947,4,SL,-0.0203177449315815,-0.0221177449315815,-1.0885925089650128,0.05674414162590261,2.7928365976137726
ETH,1635890400,2021-11-02 22:00,1635948000,2021-11-03 14:00,2021,2.221952436739899,11.332803735643399,4544.33,4457.591719673063,4457.591719673063,43.369140163468465,86.73828032693693,16,SL,-0.019087143831309907,-0.020887143831309907,-1.0943043137259356,-0.008137567914302039,-0.42633764308693534
ETH,1636138800,2021-11-05 19:00,1636192800,2021-11-06 10:00,2021,2.0846822335078707,13.281423804227485,4495.0,4418.09681263419,4418.09681263419,38.45159368290501,76.90318736581003,15,SL,-0.017108606755463752,-0.018908606755463752,-1.1052102035967977,0.022306785317018837,1.3038341248854106
ETH,1637024400,2021-11-16 01:00,1637031600,2021-11-16 03:00,2021,2.34314228283183,14.798246032774859,4399.17,4283.0223950734335,4283.0223950734335,58.073802463283144,116.14760492656629,2,SL,-0.026402163345941757,-0.028202163345941757,-1.0681762314858472,-0.021890153369840244,-0.8291045352238157
ETH,1637326800,2021-11-19 13:00,1637499600,2021-11-21 13:00,2021,2.1563311598345147,12.148501764030408,4206.28,4316.75,4087.407426567672,59.436286716164034,118.87257343232807,48,TimeStop,0.026263111347794313,0.024463111347794313,0.8656218421869917,0.024463111347794313,0.8656218421869916
ETH,1637773200,2021-11-24 17:00,1637913600,2021-11-26 08:00,2021,11.358659721124994,49.28798332375799,4211.98,4097.406332340016,4097.406332340016,57.28683382999198,114.57366765998395,39,SL,-0.027201854628935464,-0.029001854628935463,-1.066171958660686,-0.03489844776091041,-1.282943690309547
ETH,1638594000,2021-12-04 05:00,1638766800,2021-12-06 05:00,2021,22.92437349469246,98.973864348351,3846.47,4134.24,3616.5674970622777,114.95125146886096,229.90250293772192,48,TimeStop,0.07481405028506656,0.07301405028506656,1.2215889362286683,0.07301405028506656,1.221588936228668
ETH,1640286000,2021-12-23 19:00,1640358000,2021-12-24 15:00,2021,2.44439211569493,9.773468420084873,4133.64,4052.2914774869587,4052.2914774869587,40.67426125652077,81.34852251304154,20,SL,-0.01967963405449958,-0.02147963405449958,-1.0914651154089154,-0.015528820119797672,-0.7890807357897572
ETH,1641916800,2022-01-11 16:00,1642089600,2022-01-13 16:00,2022,2.397411106854277,6.275884138479501,3218.67,3301.27,3132.7056360857623,42.98218195711893,85.96436391423786,48,TimeStop,0.02566277375437678,0.02386277375437678,0.8934678336784486,0.02386277375437678,0.8934678336784487
ETH,1642104000,2022-01-13 20:00,1642158000,2022-01-14 11:00,2022,2.2254641251049176,7.082217833147111,3275.81,3200.404416531,3200.404416531,37.70279173449993,75.40558346899986,15,SL,-0.023018912412197227,-0.024818912412197226,-1.0781965701840108,0.021165312396018092,0.9194749090232007
ETH,1642276800,2022-01-15 20:00,1642298400,2022-01-16 02:00,2022,2.3980239876374343,9.161334988541359,3351.04,3299.8138481268047,3299.8138481268047,25.613075936597713,51.22615187319543,6,SL,-0.015286642914795184,-0.017086642914795183,-1.1177498558730519,-0.044380810733384284,-2.9032411485474126
ETH,1642816800,2022-01-22 02:00,1642834800,2022-01-22 07:00,2022,2.0344936173943755,8.830447692129578,2593.3,2444.119594838397,2444.119594838397,74.59020258080166,149.18040516160332,5,SL,-0.05752531722577533,-0.05932531722577533,-1.031290570601033,-0.0622172290132265,-1.0815625539105904
ETH,1643043600,2022-01-24 17:00,1643216400,2022-01-26 17:00,2022,2.51020137471764,10.860260390712677,2348.01,2595.37,2197.3560097052114,75.3269951473944,150.6539902947888,48,TimeStop,0.1053487847155675,0.1035487847155675,1.61385424657026,0.1035487847155675,1.6138542465702603
ETH,1643464800,2022-01-29 14:00,1643637600,2022-01-31 14:00,2022,2.0531901579115885,10.861523446724298,2541.08,2587.07,2464.3576396838894,38.361180158055355,76.72236031611071,48,TimeStop,0.018098603743290347,0.016298603743290348,0.539817281811433,0.016298603743290348,0.539817281811433
ETH,1644019200,2022-02-05 00:00,1644192000,2022-02-07 00:00,2022,2.62345417221122,13.182301502379309,2981.27,3010.02,2894.2444096732825,43.512795163358724,87.02559032671745,48,TimeStop,0.009643541175405113,0.007843541175405113,0.2686992861779076,0.007843541175405113,0.2686992861779076
ETH,1644206400,2022-02-07 04:00,1644379200,2022-02-09 04:00,2022,2.0653698152137445,11.793904754498444,3086.34,3080.41,3017.206296682364,34.56685165881809,69.13370331763618,48,TimeStop,-0.0019213696481918034,-0.0037213696481918036,-0.16613332497508976,-0.0037213696481918036,-0.16613332497508976
ETH,1644436800,2022-02-09 20:00,1644462000,2022-02-10 03:00,2022,3.010279220089373,14.637559302062874,3258.74,3182.9655710278244,3182.9655710278244,37.887214486087764,75.77442897217553,7,SL,-0.02325267709979177,-0.02505267709979177,-1.0774104414848682,-0.10652759410078734,-4.5813044942571866
ETH,1645711200,2022-02-24 14:00,1645884000,2022-02-26 14:00,2022,2.276979839993876,10.46531670921269,2436.62,2783.2,2327.016770497321,54.801614751339464,109.60322950267893,48,TimeStop,0.14223801823837937,0.14043801823837937,3.1221167984984968,0.14043801823837937,3.1221167984984968
ETH,1647180000,2022-03-13 14:00,1647208800,2022-03-13 22:00,2022,2.60088695465252,8.8857710744758,2565.9,2528.229108795862,2528.229108795862,18.83544560206916,37.67089120413832,8,SL,-0.014681355939100554,-0.016481355939100554,-1.122604479277422,-0.004999657040414683,-0.3405446377809812
ETH,1647417600,2022-03-16 08:00,1647590400,2022-03-18 08:00,2022,2.0212692571807014,7.139733175835011,2675.17,2800.83,2606.7853786258324,34.192310687083804,68.38462137416761,48,TimeStop,0.0469727157526437,0.0451727157526437,1.7671326033787051,0.0451727157526437,1.7671326033787051
ETH,1647619200,2022-03-18 16:00,1647784800,2022-03-20 14:00,2022,4.809553627298886,14.95182569661256,2922.72,2865.5179604771706,2865.5179604771706,28.601019761414623,57.202039522829246,46,SL,-0.019571508568329905,-0.021371508568329905,-1.0919704269967563,-0.02697517928504952,-1.3782881984222721
ETH,1648069200,2022-03-23 21:00,1648242000,2022-03-25 21:00,2022,2.253265611028792,9.841928617658816,2997.38,3122.29,2936.007482976444,30.686258511778163,61.37251702355633,48,TimeStop,0.04167306114006227,0.03987306114006227,1.9473653973508545,0.03987306114006227,1.9473653973508545
ETH,1648483200,2022-03-28 16:00,1648656000,2022-03-30 16:00,2022,2.8989053749765135,10.94964354149509,3360.84,3395.38,3302.6034353585956,29.118282320702313,58.23656464140463,48,TimeStop,0.01027719260661024,0.008477192606610241,0.4892199286725096,0.008477192606610241,0.4892199286725096
ETH,1649854800,2022-04-13 13:00,1649948400,2022-04-14 15:00,2022,5.168489912128114,11.821559406584763,3079.12,3015.9396977418583,3015.9396977418583,31.590151129070886,63.18030225814177,26,SL,-0.020518947705234495,-0.022318947705234495,-1.0877237968465976,-0.02525475330613935,-1.2308015824659797
ETH,1650452400,2022-04-20 11:00,1650459600,2022-04-20 13:00,2022,2.9633605437575485,7.517175318290178,3152.78,3102.8351488146054,3102.8351488146054,24.97242559269741,49.94485118539482,2,SL,-0.01584152753614105,-0.01764152753614105,-1.1136254061291404,-0.045704110023534805,-2.885082257330606
ETH,1650729600,2022-04-23 16:00,1650754800,2022-04-23 23:00,2022,3.5060057301386998,8.907874358480777,2963.67,2926.348796930231,2926.348796930231,18.66060153488466,37.32120306976932,7,SL,-0.012592901055032822,-0.014392901055032822,-1.1429376751340825,-0.015286656746533943,-1.2139106532902098
ETH,1651366800,2022-05-01 01:00,1651539600,2022-05-03 01:00,2022,2.2155033026033024,6.96688024546462,2770.25,2844.99,2713.6065794299343,28.321710285032914,56.64342057006583,48,TimeStop,0.026979514484252246,0.025179514484252246,1.2314501719351008,0.025179514484252246,1.2314501719351008
ETH,1653750000,2022-05-28 15:00,1653922800,2022-05-30 15:00,2022,2.559484729827928,-6.072051294906263,1795.11,1912.44,1744.5940682611647,25.257965869417653,50.515931738835306,48,TimeStop,0.06536089710379875,0.06356089710379875,2.2586696527718213,0.06356089710379875,2.2586696527718213
ETH,1653922800,2022-05-30 15:00,1654095600,2022-06-01 15:00,2022,2.7757498676402093,-5.228922214553136,1912.44,1880.59,1871.3566254050281,20.541687297485986,41.08337459497197,48,TimeStop,-0.01665411725335181,-0.01845411725335181,-0.8590431615692892,-0.01845411725335181,-0.8590431615692891
ETH,1654185600,2022-06-02 16:00,1654250400,2022-06-03 10:00,2022,2.9320466063492905,-3.174481546957299,1827.07,1777.9921206043368,1777.9921206043368,24.538939697831577,49.07787939566315,18,SL,-0.02686152112161171,-0.02866152112161171,-1.067010352535537,-0.031393830559310776,-1.1687286962335324
ETH,1654372800,2022-06-04 20:00,1654545600,2022-06-06 20:00,2022,2.058924936661443,-5.119693943571306,1777.45,1861.96,1751.9446930764075,12.752653461796312,25.505306923592624,48,TimeStop,0.04754564122760133,0.04574564122760133,3.187987121409114,0.04574564122760133,3.187987121409114
ETH,1654678800,2022-06-08 09:00,1654819200,2022-06-10 00:00,2022,2.571056377902481,-2.6967825732809887,1816.98,1759.3651202072006,1759.3651202072006,28.807439896399675,57.61487979279935,39,SL,-0.03170914362997912,-0.03350914362997912,-1.0567659606643638,-0.028707285715858236,-0.9053314731816741
ETH,1655816400,2022-06-21 13:00,1655838000,2022-06-21 19:00,2022,2.0338471763669794,-3.20745480021025,1184.74,1131.06238227807,1131.06238227807,26.838808860965035,53.67761772193007,6,SL,-0.04530750858579108,-0.04710750858579108,-1.0397285142393493,-0.06639645154211048,-1.4654624280738577
ETH,1656090000,2022-06-24 17:00,1656262800,2022-06-26 17:00,2022,2.0785507408267705,-4.069361857620351,1204.12,1222.91,1163.3126602631562,20.40366986842185,40.8073397368437,48,TimeStop,0.01560475700096352,0.01380475700096352,0.4073429953335617,0.01380475700096352,0.4073429953335617
ETH,1656262800,2022-06-26 17:00,1656334800,2022-06-27 13:00,2022,2.0570132554083584,-2.2896206589198935,1222.91,1188.5492705826305,1188.5492705826305,17.18036470868475,34.3607294173695,20,SL,-0.02809751283199059,-0.02989751283199059,-1.0640626097677477,-0.03788605702790893,-1.3483776038985793
ETH,1656680400,2022-07-01 13:00,1656853200,2022-07-03 13:00,2022,3.087152727595822,1.3191493371284007,1061.29,1042.46,1014.8218063843503,23.234096807824805,46.46819361564961,48,TimeStop,-0.017742558584364243,-0.019542558584364243,-0.44633372606537,-0.019542558584364243,-0.44633372606537
ETH,1657206000,2022-07-07 15:00,1657378800,2022-07-09 15:00,2022,2.0864296668201976,-2.376328490539456,1220.37,1215.24,1188.2585891165918,16.055705441704106,32.11141088340821,48,TimeStop,-0.0042036431574029864,-0.006003643157402986,-0.22816393918666242,-0.006003643157402986,-0.22816393918666242
ETH,1657904400,2022-07-15 17:00,1658077200,2022-07-17 17:00,2022,2.5065264847963067,1.3097791384934419,1221.58,1327.48,1182.6965349311504,19.44173253442479,38.88346506884958,48,TimeStop,0.0866910067289904,0.0848910067289904,2.666973116114526,0.0848910067289904,2.6669731161145256
ETH,1658152800,2022-07-18 14:00,1658325600,2022-07-20 14:00,2022,2.5877621076700468,3.703130154925194,1485.23,1605.83,1429.457557966348,27.886221016825935,55.77244203365187,48,TimeStop,0.08119954485163908,0.07939954485163908,2.1144239287360875,0.07939954485163908,2.114423928736088
ETH,1658325600,2022-07-20 14:00,1658332800,2022-07-20 16:00,2022,2.1808769744958405,4.110024099687276,1605.83,1545.0756747946532,1545.0756747946532,30.377162602673334,60.75432520534667,2,SL,-0.037833597083967004,-0.03963359708396701,-1.0475767608352218,0.0019612947821375636,0.0518400293206251
ETH,1659038400,2022-07-28 20:00,1659092400,2022-07-29 11:00,2022,2.654170575003522,7.002522046558336,1756.51,1684.4352003068402,1684.4352003068402,36.0373998465799,72.0747996931598,15,SL,-0.04103295722379023,-0.042832957223790234,-1.0438671770641081,-0.032696493615180094,-0.7968349304403338
ETH,1659304800,2022-07-31 22:00,1659358800,2022-08-01 13:00,2022,2.8794183916667477,8.547566614629721,1684.69,1639.432431496668,1639.432431496668,22.62878425166599,45.25756850333198,15,SL,-0.026864033444332247,-0.028664033444332247,-1.06700408573158,-0.023958379286396995,-0.8918384998307757
ETH,1660132800,2022-08-10 12:00,1660305600,2022-08-12 12:00,2022,3.742267780809882,10.367526055952277,1823.0,1880.68,1771.0706368859064,25.964681557046845,51.92936311409369,48,TimeStop,0.03164015359297864,0.029840153592978643,1.0475499166142521,0.029840153592978643,1.0475499166142521
ETH,1660330800,2022-08-12 19:00,1660503600,2022-08-14 19:00,2022,2.009921863686337,7.320074135218146,1926.21,1931.42,1884.1838718906363,21.013064054681927,42.02612810936385,48,TimeStop,0.002704793350673102,0.0009047933506731022,0.041469963529943116,0.0009047933506731022,0.041469963529943116
ETH,1660593600,2022-08-15 20:00,1660741200,2022-08-17 13:00,2022,2.1534343218076444,7.670323204303978,1903.44,1851.5408307380537,1851.5408307380537,25.949584630973174,51.89916926194635,41,SL,-0.027265986457123064,-0.029065986457123064,-1.0660163168066765,-0.029218778632370893,-1.071620081610422
ETH,1661864400,2022-08-30 13:00,1661868000,2022-08-30 14:00,2022,4.410368305839618,7.465686556020377,1567.17,1527.4178062001743,1527.4178062001743,19.87609689991292,39.75219379982584,1,SL,-0.02536559135245431,-0.027165591352454308,-1.0709622722762118,-0.001538381924105327,-0.060648376090647556
ETH,1662195600,2022-09-03 09:00,1662368400,2022-09-05 09:00,2022,3.5477156956776823,6.5735203134665765,1551.68,1565.51,1515.4858220503043,18.097088974847885,36.19417794969577,48,TimeStop,0.008912920189729794,0.007112920189729794,0.30493788297497987,0.007112920189729794,0.3049378829749799
ETH,1662570000,2022-09-07 17:00,1662742800,2022-09-09 17:00,2022,2.3184788253371393,4.5874774608313995,1569.49,1703.96,1529.429209940556,20.030395029722104,40.06079005944421,48,TimeStop,0.08567751307749653,0.08387751307749654,3.286128850795471,0.08387751307749654,3.2861288507954716
ETH,1662750000,2022-09-09 19:00,1662922800,2022-09-11 19:00,2022,3.038364191029467,6.220640900424188,1720.08,1763.55,1677.1721449612353,21.453927519382308,42.907855038764616,48,TimeStop,0.025272080368354977,0.023472080368354978,0.9409432366993111,0.023472080368354978,0.9409432366993113
ETH,1663189200,2022-09-14 21:00,1663221600,2022-09-15 06:00,2022,2.4383001054518387,6.356612110890174,1620.36,1575.2083795705353,1575.2083795705353,22.575810214732332,45.151620429464664,9,SL,-0.02786517837361119,-0.02966517837361119,-1.0645967513958068,-0.11324437038682758,-4.064010244918148
ETH,1664532000,2022-09-30 10:00,1664640000,2022-10-01 16:00,2022,3.082814187128324,4.636970113980602,1337.08,1309.7935211017195,1309.7935211017195,13.643239449140172,27.286478898280343,30,SL,-0.02040751405920393,-0.02220751405920393,-1.088202805828191,-0.037295258324109286,-1.8275257934853133
ETH,1664816400,2022-10-03 17:00,1664989200,2022-10-05 17:00,2022,3.119553994035132,4.751704579738951,1325.84,1348.5,1303.6983230517124,11.070838474143732,22.141676948287465,48,TimeStop,0.017091051710613713,0.015291051710613714,0.9156256794527988,0.015291051710613714,0.9156256794527989
ETH,1665810000,2022-10-15 05:00,1665867600,2022-10-15 21:00,2022,2.20023135690993,4.86373813016374,1295.3,1275.7793817326651,1275.7793817326651,9.760309133667366,19.520618267334733,16,SL,-0.015070345300189022,-0.01687034530018902,-1.1194398644586807,0.008460171388867416,0.5613787355463812
ETH,1666065600,2022-10-18 04:00,1666101600,2022-10-18 14:00,2022,2.1496930427454823,4.868731508183895,1335.05,1317.4650913740188,1317.4650913740188,8.792454312990603,17.584908625981207,10,SL,-0.013171722876282644,-0.014971722876282643,-1.1366563825329998,-0.03486992247481358,-2.6473319247857217
ETH,1666364400,2022-10-21 15:00,1666537200,2022-10-23 15:00,2022,2.048749966705053,3.8536536490246402,1297.47,1313.6,1276.288738839542,10.590630580228975,21.18126116045795,48,TimeStop,0.012431886671753397,0.010631886671753398,0.6512621649626851,0.010631886671753398,0.6512621649626851
ETH,1666699200,2022-10-25 12:00,1666872000,2022-10-27 12:00,2022,2.3689939885374325,4.20965562062832,1354.03,1571.01,1338.4084133979504,7.810793301024788,15.621586602049575,48,TimeStop,0.16024755729193593,0.15844755729193594,13.733735981199995,0.15844755729193594,13.733735981199995
ETH,1666933200,2022-10-28 05:00,1667106000,2022-10-30 05:00,2022,3.5403144674558082,6.7940159890238565,1516.04,1625.39,1477.98851808182,19.02574095908998,38.05148191817996,48,TimeStop,0.07212870372813392,0.07032870372813392,2.8020230126453884,0.07032870372813392,2.8020230126453884
ETH,1667883600,2022-11-08 05:00,1667916000,2022-11-08 14:00,2022,2.469656608811914,5.780779249042152,1470.39,1423.119718376377,1423.119718376377,23.635140811811503,47.270281623623006,9,SL,-0.03214812507132331,-0.03394812507132331,-1.055990823601893,-0.19436115724399655,-6.045800705726706
ETH,1669460400,2022-11-26 11:00,1669489200,2022-11-26 19:00,2022,2.1475432658737446,-2.8648369907763414,1221.71,1204.8679889326247,1204.8679889326247,8.421005533687662,16.842011067375324,8,SL,-0.01378560465853216,-0.015585604658532159,-1.1305709865171527,-0.0438312512789452,-3.1794942887628257
ETH,1669712400,2022-11-29 09:00,1669885200,2022-12-01 09:00,2022,2.1067833085402343,-1.5605364960210801,1217.53,1283.66,1195.0299822706527,11.250008864673655,22.50001772934731,48,TimeStop,0.054314883411497136,0.05251488341149713,2.8417064719288496,0.05251488341149713,2.8417064719288496
ETH,1669939200,2022-12-02 00:00,1670065200,2022-12-03 11:00,2022,2.1942722261096996,2.4169655387507625,1282.6,1263.1339921476015,1263.1339921476015,9.733003926199258,19.466007852398516,35,SL,-0.01517699037299114,-0.01697699037299114,-1.1186005891657673,-0.02629711523467944,-1.7326963112184273
ETH,1670911200,2022-12-13 06:00,1671084000,2022-12-15 06:00,2022,2.151109259647084,4.339113558546117,1267.54,1289.56,1254.5724557488086,6.483772125595732,12.967544251191464,48,TimeStop,0.01737223282894424,0.015572232828944241,1.522140786077241,0.015572232828944241,1.5221407860772411
ETH,1671177600,2022-12-16 08:00,1671181200,2022-12-16 09:00,2022,4.081828698404498,7.0704311356085325,1244.62,1226.7519032066866,1226.7519032066866,8.934048396656681,17.868096793313363,1,SL,-0.014356266806987894,-0.016156266806987896,-1.125380784865587,-0.04774976780061371,-3.326057424439293
ETH,1671354000,2022-12-18 09:00,1671487200,2022-12-19 22:00,2022,2.222838868881678,4.1602988622856945,1177.8,1163.2139333728567,1163.2139333728567,7.293033313571696,14.586066627143392,37,SL,-0.012384162529413554,-0.014184162529413553,-1.1453469296550916,0.02625230089998299,2.1198285178857352
ETH,1673179200,2023-01-08 12:00,1673352000,2023-01-10 12:00,2023,2.1077872306495364,0.5546443541179468,1262.07,1325.63,1256.8756626354657,2.5971686822670885,5.194337364534177,48,TimeStop,0.050361707353791925,0.04856170735379192,11.79905533638677,0.04856170735379192,11.799055336386768
ETH,1673370000,2023-01-10 17:00,1673542800,2023-01-12 17:00,2023,2.336207225023689,1.2763241863421704,1331.95,1428.72,1316.9367308074036,7.506634596298228,15.013269192596455,48,TimeStop,0.07265287736026126,0.07085287736026126,6.285938711239401,0.07085287736026126,6.285938711239402
ETH,1673553600,2023-01-12 20:00,1673571600,2023-01-13 01:00,2023,2.9173461533969522,3.8369772990467172,1433.42,1402.2100175650153,1402.2100175650153,15.60499121749236,31.20998243498472,5,SL,-0.021773089837580608,-0.023573089837580607,-1.0826708571648493,0.06904455358513203,3.1710957930261463
ETH,1673726400,2023-01-14 20:00,1673899200,2023-01-16 20:00,2023,2.1484187472767533,3.0619490934678026,1534.97,1587.02,1499.9405248481803,17.514737575909816,35.02947515181963,48,TimeStop,0.0339094575138276,0.0321094575138276,1.4070166277509784,0.0321094575138276,1.4070166277509784
ETH,1674198000,2023-01-20 07:00,1674370800,2023-01-22 07:00,2023,2.36332852065228,4.644172531009703,1550.33,1627.08,1527.777842723778,11.27607863811107,22.55215727622214,48,TimeStop,0.04950558913263628,0.04770558913263628,3.2794825388158797,0.04770558913263628,3.2794825388158797
ETH,1674435600,2023-01-23 01:00,1674482400,2023-01-23 14:00,2023,2.2498200241523185,4.646499229659282,1635.64,1606.3874034054832,1606.3874034054832,14.626298297258497,29.252596594516994,13,SL,-0.017884495729205047,-0.019684495729205047,-1.1006458346522234,-0.06332943190433109,-3.5410241844792525
ETH,1674745200,2023-01-26 15:00,1674781200,2023-01-27 01:00,2023,2.67618634099331,5.598223664761384,1589.79,1554.3713463588335,1554.3713463588335,17.709326820583193,35.41865364116639,10,SL,-0.02227882527954411,-0.024078825279544108,-1.080794206041588,-0.008945597846256361,-0.4015291530864515
ETH,1674993600,2023-01-29 12:00,1675069200,2023-01-30 09:00,2023,2.3547934175169343,5.52582235412512,1610.62,1585.71372462122,1585.71372462122,12.453137689389921,24.906275378779842,21,SL,-0.015463781263600236,-0.017263781263600238,-1.1164010256816648,-0.024747684742521397,-1.6003643818200048
ETH,1676217600,2023-02-12 16:00,1676235600,2023-02-12 21:00,2023,3.539156653989766,5.897372752842287,1543.06,1526.4431287166476,1526.4431287166476,8.308435641676162,16.616871283352324,5,SL,-0.010768778455375902,-0.012568778455375901,-1.167149877533364,-0.003977491477972276,-0.36935400746281194
ETH,1677679200,2023-03-01 14:00,1677762000,2023-03-02 13:00,2023,3.5230427669268627,5.622290871937733,1654.13,1629.5969533038458,1629.5969533038458,12.266523348077135,24.53304669615427,23,SL,-0.014831389731251058,-0.01663138973125106,-1.1213642168816635,-0.05184443423431061,-3.495588422511066
ETH,1677949200,2023-03-04 17:00,1677963600,2023-03-04 21:00,2023,5.522248596069436,12.994578124299686,1562.19,1549.7528351719302,1549.7528351719302,6.218582414034957,12.437164828069914,1,SL,-0.007961365024785623,-0.009761365024785622,-1.226091881781092,-0.0024081206511372146,-0.30247584976196296
ETH,1678482000,2023-03-10 21:00,1678654800,2023-03-12 21:00,2023,4.708720441323003,12.003285109609202,1424.61,1541.12,1384.0720590357362,20.268970482131866,40.53794096426373,48,TimeStop,0.08178378643979756,0.07998378643979756,2.81084088855053,0.07998378643979756,2.81084088855053
ETH,1678654800,2023-03-12 21:00,1678827600,2023-03-14 21:00,2023,2.8124917839783725,103.0419435215954,1541.12,1695.37,1504.9380298115072,18.09098509424637,36.18197018849274,48,TimeStop,0.10008954526578073,0.09828954526578074,4.1865045825551865,0.09828954526578074,4.1865045825551865
ETH,1681023600,2023-04-09 07:00,1681196400,2023-04-11 07:00,2023,2.333642502334342,10.51490337730014,1835.49,1921.74,1819.1922878994876,8.148856050256247,16.297712100512495,48,TimeStop,0.04699017700995375,0.045190177009953744,5.0894332583891755,0.045190177009953744,5.0894332583891755
ETH,1681203600,2023-04-11 09:00,1681232400,2023-04-11 17:00,2023,2.271984277701945,9.752078183506567,1917.54,1894.181495532635,1894.181495532635,11.679252233682503,23.358504467365005,8,SL,-0.012181495284252239,-0.013981495284252238,-1.1477651107682147,0.03154480636649042,2.589567670503502
ETH,1681380000,2023-04-13 10:00,1681552800,2023-04-15 10:00,2023,2.0513726583577165,10.820332159034178,1987.0,2106.4,1950.2311415485485,18.38442922572579,36.76885845145158,48,TimeStop,0.060090588827378,0.058290588827378,3.150040683284459,0.058290588827378,3.150040683284459
ETH,1683291600,2023-05-05 13:00,1683374400,2023-05-06 12:00,2023,2.1120209363433426,9.472049689440617,1932.0,1905.2939804279627,1905.2939804279627,13.353009786018712,26.706019572037423,23,SL,-0.01382299149691374,-0.01562299149691374,-1.13021783312258,-0.011427329192546536,-0.8266900254621355
ETH,1683464400,2023-05-07 13:00,1683500400,2023-05-07 23:00,2023,2.328276585820703,16.306052053934835,1913.4,1888.976665451541,1888.976665451541,12.211667274229512,24.423334548459025,10,SL,-0.012764364246084991,-0.01456436424608499,-1.1410175990983715,-0.03870289536949939,-3.032105212867935
ETH,1685221200,2023-05-27 21:00,1685394000,2023-05-29 21:00,2023,2.085662218217505,6.127182808875064,1827.92,1890.43,1815.873032185446,6.023483907277083,12.046967814554167,48,TimeStop,0.034197339052037284,0.03239733905203728,4.915738541980291,0.03239733905203728,4.915738541980291
ETH,1685433600,2023-05-30 08:00,1685498400,2023-05-31 02:00,2023,3.0985144137249563,7.62259231222162,1902.24,1884.7952887661681,1884.7952887661681,8.72235561691591,17.44471123383182,18,SL,-0.00917061529240888,-0.01097061529240888,-1.1962790873465172,-0.02368472537639841,-2.5826757116290633
ETH,1686369600,2023-06-10 04:00,1686373200,2023-06-10 05:00,2023,2.127863149712695,6.263281512134498,1788.2,1766.3208044397556,1766.3208044397556,10.939597780122195,21.87919556024439,1,SL,-0.012235317951148864,-0.014035317951148863,-1.147115098045408,-0.028441315289117603,-2.324526048499381
ETH,1689094800,2023-07-11 17:00,1689267600,2023-07-13 17:00,2023,2.049852741835602,3.4169963534247385,1872.99,1989.02,1855.0920720042757,8.948963997862128,17.897927995724256,48,TimeStop,0.06194907607622036,0.06014907607622036,6.294506158864516,0.06014907607622036,6.294506158864516
ETH,1689267600,2023-07-13 17:00,1689357600,2023-07-14 18:00,2023,3.4937530506793237,5.5303616856537845,1989.02,1958.8485021399563,1958.8485021399563,15.085748930021861,30.171497860043722,25,SL,-0.015169026887634966,-0.016969026887634967,-1.118662852491036,-0.030874619661944037,-2.035372465923405
ETH,1689483600,2023-07-16 05:00,1689588000,2023-07-17 10:00,2023,2.3376869674516234,5.766233766233246,1925.0,1910.0546489699495,1910.0546489699495,7.4726755150252595,14.945351030050519,29,SL,-0.00776381871690933,-0.00956381871690933,-1.2318446714990428,-0.012490909090909053,-1.6088615082812578
ETH,1692306000,2023-08-17 21:00,1692478800,2023-08-19 21:00,2023,18.229097038059383,53.32082597909053,1620.38,1669.41,1572.5973214965484,23.89133925172581,47.78267850345162,48,TimeStop,0.030258334464755163,0.028458334464755163,0.9650634381383401,0.028458334464755163,0.9650634381383401
ETH,1694534400,2023-09-12 16:00,1694707200,2023-09-14 16:00,2023,2.0698055866153933,1.1882872402970377,1598.94,1634.81,1571.6334865805488,13.653256709725582,27.306513419451164,48,TimeStop,0.022433612268127564,0.020633612268127564,1.2082065364118901,0.020633612268127564,1.2082065364118901
ETH,1694714400,2023-09-14 18:00,1694887200,2023-09-16 18:00,2023,2.35931301542341,2.4542286359402823,1629.84,1637.04,1609.9854276590133,9.92728617049328,19.85457234098656,48,TimeStop,0.004417611544691532,0.0026176115446915316,0.21487685187723646,0.0026176115446915316,0.21487685187723649
ETH,1694890800,2023-09-16 19:00,1694912400,2023-09-17 01:00,2023,2.237428657570695,3.8569854291654324,1633.4,1622.8211910915518,1622.8211910915518,5.289404454224109,10.578808908448218,6,SL,-0.006476557431399723,-0.008276557431399724,-1.2779254286039818,0.0026814497367454,0.4140239263138757
ETH,1696251600,2023-10-02 13:00,1696255200,2023-10-02 14:00,2023,2.246688142983268,5.902743618381733,1728.01,1707.8622044698557,1707.8622044698557,10.073897765072164,20.14779553014433,1,SL,-0.011659536420590345,-0.013459536420590345,-1.1543800658164467,-0.055486031909537555,-4.758854032271051
ETH,1696618800,2023-10-06 19:00,1696741200,2023-10-08 05:00,2023,2.008339500172275,5.284770142870364,1646.24,1626.8673027839322,1626.8673027839322,9.686348608033866,19.37269721606773,34,SL,-0.011767845038431677,-0.013567845038431676,-1.1529591861654827,-0.008196394207405951,-0.6965076596979317
ETH,1697799600,2023-10-20 11:00,1697853600,2023-10-21 02:00,2023,2.1566464947819517,8.61668164770711,1613.15,1592.677193674407,1592.677193674407,10.236403162796602,20.472806325593204,15,SL,-0.012691198168547985,-0.014491198168547985,-1.1418305802253441,0.007752738431019963,0.6108752166704963
ETH,1698764400,2023-10-31 15:00,1698937200,2023-11-02 15:00,2023,2.004625608079761,7.2008306074373065,1791.46,1803.2,1765.628254745821,12.915872627089453,25.831745254178905,48,TimeStop,0.006553314056691195,0.004753314056691195,0.3296475679908791,0.004753314056691195,0.3296475679908791
ETH,1699138800,2023-11-04 23:00,1699311600,2023-11-06 23:00,2023,2.8724927180768343,9.10786078446196,1855.54,1900.95,1837.398279121419,9.070860439290538,18.141720878581076,48,TimeStop,0.02447266024984645,0.02267266024984645,2.318965674842337,0.02267266024984645,2.318965674842337
ETH,1699538400,2023-11-09 14:00,1699711200,2023-11-11 14:00,2023,5.56586401178112,17.690373110632827,1984.13,2081.54,1951.6741664144502,16.227916792775,32.45583358555,48,TimeStop,0.04909456537626055,0.04729456537626055,2.8912696311635853,0.04729456537626055,2.891269631163585
ETH,1699718400,2023-11-11 16:00,1699736400,2023-11-11 21:00,2023,2.031035360652022,9.256062001229143,2085.12,2052.162351468386,2052.162351468386,16.47882426580686,32.95764853161372,5,SL,-0.015806115970118658,-0.017606115970118658,-1.1138799692095729,-0.0008887814610189864,-0.056230225230488214
ETH,1700510400,2023-11-20 20:00,1700575200,2023-11-21 14:00,2023,4.165946173537416,13.61192738994969,2034.98,1995.125780037622,1995.125780037622,19.927109981188988,39.854219962377975,18,SL,-0.01958457575129879,-0.02138457575129879,-1.0919090626653298,0.018160884136453375,0.9273054656417061
ETH,1700856000,2023-11-24 20:00,1701014400,2023-11-26 16:00,2023,2.0779260898762635,8.562094316969514,2090.61,2058.261779742279,2058.261779742279,16.17411012886061,32.34822025772122,44,SL,-0.01547310127557081,-0.017273101275570812,-1.1163309131080141,-0.00832441153538935,-0.5379924416659791
ETH,1701201600,2023-11-28 20:00,1701270000,2023-11-29 15:00,2023,2.60896982736666,10.277990555885825,2062.66,2032.1445802323212,2032.1445802323212,15.25770988383928,30.51541976767856,19,SL,-0.014794207367030254,-0.016594207367030253,-1.121669242247573,-0.011118065022834495,-0.7515147481041645
ETH,1703268000,2023-12-22 18:00,1703296800,2023-12-23 02:00,2023,2.269819346424909,7.606131315344969,2327.07,2277.1003959733384,2277.1003959733384,24.98480201333092,49.96960402666184,8,SL,-0.021473184745908685,-0.023273184745908684,-1.0838254791405781,-0.017141180110611314,-0.7982597976705439
ETH,1703714400,2023-12-27 22:00,1703811600,2023-12-29 01:00,2023,2.1019890186188457,9.979997716441739,2364.73,2326.971150290549,2326.971150290549,18.879424854725528,37.758849709451056,27,SL,-0.01596750990999022,-0.01776750990999022,-1.1127289107786222,-0.03694566144972159,-2.3138023184570757
ETH,1704182400,2024-01-02 08:00,1704193200,2024-01-02 11:00,2024,2.1804777921755,9.849618172752939,2426.49,2390.411902284645,2390.411902284645,18.039048857677564,36.07809771535513,3,SL,-0.014868430414036302,-0.016668430414036303,-1.1210618706800857,-0.08856730586155309,-5.956735404830768
ETH,1704362400,2024-01-04 10:00,1704535200,2024-01-06 10:00,2024,2.085861601320373,10.349218633993953,2222.39,2235.94,2177.762396570694,22.313801714652964,44.62760342930593,48,TimeStop,0.006097039673504732,0.004297039673504732,0.21398635073755976,0.004297039673504732,0.2139863507375597
ETH,1706385600,2024-01-27 20:00,1706468400,2024-01-28 19:00,2024,2.0282328952779967,0.044024935722552797,2271.44,2251.467846197143,2251.467846197143,9.986076901428545,19.97215380285709,23,SL,-0.008792727874325126,-0.010592727874325126,-1.2047146261919477,0.012032634804353218,1.368475742265224
ETH,1706558400,2024-01-29 20:00,1706731200,2024-01-31 20:00,2024,2.25580605427173,2.040940395854719,2302.86,2287.98,2270.663088099289,16.098455950355728,32.196911900711456,48,TimeStop,-0.0064615304447513565,-0.008261530444751357,-0.5908997750675495,-0.008261530444751357,-0.5908997750675496
ETH,1707429600,2024-02-08 22:00,1707602400,2024-02-10 22:00,2024,2.0880559968450756,2.7637071625374046,2424.28,2495.99,2396.0057489446604,14.13712552766998,28.27425105533996,48,TimeStop,0.0295799165112939,0.0277799165112939,2.381894956941056,0.0277799165112939,2.381894956941056
ETH,1707616800,2024-02-11 02:00,1707717600,2024-02-12 06:00,2024,2.0861625177565255,5.946252264762994,2505.78,2481.2977514910835,2481.2977514910835,12.241124254458429,24.482248508916857,28,SL,-0.009770310445815935,-0.011570310445815935,-1.184231607581184,0.05767449496763472,5.903036069067072
ETH,1707940800,2024-02-14 20:00,1708113600,2024-02-16 20:00,2024,2.191420295613075,9.948412956813035,2764.26,2781.65,2717.5356128225776,23.362193588711346,46.72438717742269,48,TimeStop,0.00629101459341736,0.00449101459341736,0.2656927730878512,0.00449101459341736,0.2656927730878513
ETH,1709002800,2024-02-27 03:00,1709175600,2024-02-29 03:00,2024,2.201751198210423,10.072872882832081,3216.56,3407.15,3150.904158881206,32.82792055939691,65.65584111879382,48,TimeStop,0.05925274205984037,0.05745274205984037,2.814680138902395,0.05745274205984037,2.8146801389023945
ETH,1709240400,2024-02-29 21:00,1709413200,2024-03-02 21:00,2024,2.023581534370917,9.110623883575732,3347.74,3408.19,3237.6955423507725,55.02222882461354,110.04445764922708,48,TimeStop,0.018056957828266315,0.016256957828266316,0.4945643711878708,0.016256957828266316,0.4945643711878708
ETH,1709413200,2024-03-02 21:00,1709449200,2024-03-03 07:00,2024,2.325035252018494,12.11786901551882,3408.19,3364.057757227045,3364.057757227045,22.066121386477487,44.132242772954974,10,SL,-0.012948879837378528,-0.014748879837378527,-1.1390081630693745,0.048728286275119645,3.7631275359015723
ETH,1709586000,2024-03-04 21:00,1709665200,2024-03-05 19:00,2024,2.4617843987921035,14.551446765724602,3580.4,3507.110415991415,3507.110415991415,36.64479200429258,73.28958400858517,22,SL,-0.02046966372712135,-0.022269663727121348,-1.0879350058699362,0.07225597139984362,3.5299051495461518
ETH,1709834400,2024-03-07 18:00,1710007200,2024-03-09 18:00,2024,2.161116988546713,15.59648163997696,3879.08,3889.37,3779.1221147811,49.97894260944979,99.95788521889958,48,TimeStop,0.0026526908442207854,0.0008526908442207854,0.033090495989950855,0.0008526908442207854,0.033090495989950855
ETH,1710007200,2024-03-09 18:00,1710108000,2024-03-10 22:00,2024,2.5965903790335596,25.50541604424386,3889.37,3835.0997474848123,3835.0997474848123,27.135126257593736,54.27025251518747,28,SL,-0.013953481544617155,-0.015753481544617157,-1.1290000631200483,0.04166719391572413,2.986150358424219
ETH,1711778400,2024-03-30 06:00,1711951200,2024-04-01 06:00,2024,2.1850460863726684,7.229397645445766,3499.6,3542.3,3451.8483555208018,23.87582223959899,47.75164447919798,48,TimeStop,0.012201394445079516,0.010401394445079516,0.762292490593858,0.010401394445079516,0.7622924905938581
ETH,1711962000,2024-04-01 09:00,1711983600,2024-04-01 15:00,2024,2.149895176937602,7.260030565576618,3539.93,3488.5099624389936,3488.5099624389936,25.710018780503024,51.42003756100605,6,SL,-0.01452572157104977,-0.01632572157104977,-1.1239181125148032,-0.05640842446037068,-3.8833474939237895
ETH,1713034800,2024-04-13 19:00,1713038400,2024-04-13 20:00,2024,3.0869509357274496,10.987942434851314,3085.2,2979.8464208719424,2979.8464208719424,52.67678956402876,105.35357912805752,1,SL,-0.034148054948806364,-0.03594805494880637,-1.0527116406102326,0.0030295086218073684,0.08871687205461934
ETH,1713528000,2024-04-19 12:00,1713700800,2024-04-21 12:00,2024,2.108403331178657,10.09781654880539,3099.68,3157.61,3011.1365884167226,44.27170579163856,88.54341158327712,48,TimeStop,0.018689025963970568,0.01688902596397057,0.5912419124574093,0.01688902596397057,0.5912419124574093
ETH,1715799600,2024-05-15 19:00,1715860800,2024-05-16 12:00,2024,2.3256857253769403,6.182717486179447,3024.56,2975.1119209210124,2975.1119209210124,24.72403953949379,49.44807907898758,17,SL,-0.01634885043741489,-0.01814885043741489,-1.1100994841741678,0.01823597217446502,1.115428405457266
ETH,1717192800,2024-05-31 22:00,1717365600,2024-06-02 22:00,2024,5.330507742248329,20.71409247874205,3770.38,3782.3,3716.1677478566967,27.106126071651722,54.212252143303445,48,TimeStop,0.003161485049252349,0.0013614850492523491,0.09468922239996191,0.0013614850492523491,0.09468922239996193
ETH,1719342000,2024-06-25 19:00,1719414000,2024-06-26 15:00,2024,2.0996459605798714,-0.2927691866283795,3415.66,3354.940104350995,3354.940104350995,30.359947824502456,60.71989564900491,20,SL,-0.017776914461335346,-0.019576914461335346,-1.1012549170957038,0.008192212339635711,0.4608343229334697
ETH,1720144800,2024-07-05 02:00,1720152000,2024-07-05 04:00,2024,2.780328565855018,4.12958007972491,2930.08,2831.4452961612365,2831.4452961612365,49.31735191938166,98.63470383876331,2,SL,-0.033662802325794335,-0.03546280232579434,-1.0534714841200488,0.04492568667067106,1.3345795229961153
ETH,1721070000,2024-07-15 19:00,1721116800,2024-07-16 08:00,2024,2.2485407686651806,11.215502055197193,3406.0,3346.9951957469266,3346.9951957469266,29.502402126536772,59.004804253073544,13,SL,-0.01732378281064986,-0.01912378281064986,-1.1039034037585256,0.001367938931297699,0.0789630617197966
ETH,1721433600,2024-07-20 00:00,1721584800,2024-07-21 18:00,2024,2.167440570633431,7.202502223879489,3484.9,3430.993697888055,3430.993697888055,26.95315105597258,53.90630211194516,42,SL,-0.015468536288543437,-0.017268536288543437,-1.116365244029786,0.014963752188011156,0.9673670416439996
ETH,1722826800,2024-08-05 03:00,1722999600,2024-08-07 03:00,2024,2.95319919267894,9.0802172333891,2312.72,2507.27,2150.825463885249,80.9472680573753,161.8945361147506,48,TimeStop,0.0841217267978831,0.0823217267978831,1.1759946232222074,0.0823217267978831,1.1759946232222076
ETH,1723006800,2024-08-07 05:00,1723039200,2024-08-07 14:00,2024,2.072159117745235,6.826047558789978,2505.11,2412.147988751767,2412.147988751767,46.481005624116484,92.96201124823297,9,SL,-0.03710895379773064,-0.03890895379773064,-1.04850581371308,0.06686365149634138,1.801819902032118
ETH,1724130000,2024-08-20 05:00,1724151600,2024-08-20 11:00,2024,2.883214874129346,8.084917716400527,2684.01,2640.100229572228,2640.100229572228,21.954885213886218,43.909770427772436,6,SL,-0.01635976409468385,-0.01815976409468385,-1.110026036413624,-0.0257306112868432,-1.5727984302172435
ETH,1724439600,2024-08-23 19:00,1724612400,2024-08-25 19:00,2024,2.1844966196120446,5.825511370669675,2746.54,2766.3,2697.839036402085,24.350481798957333,48.700963597914665,48,TimeStop,0.007194506542777538,0.0053945065427775385,0.3042286415999095,0.0053945065427775385,0.30422864159990953
ETH,1726081200,2024-09-11 19:00,1726254000,2024-09-13 19:00,2024,2.9950082708111907,4.870546013842061,2340.6,2421.07,2290.6498507416522,24.975074629173868,49.950149258347736,48,TimeStop,0.0343800734854312,0.032580073485431196,1.5266605031666867,0.032580073485431196,1.5266605031666867
ETH,1726254000,2024-09-13 19:00,1726336800,2024-09-14 18:00,2024,4.531643158408856,7.889073839252291,2421.07,2383.0808899924805,2383.0808899924805,18.99455500375975,37.9891100075195,23,SL,-0.01569104156737297,-0.01749104156737297,-1.1147151380787175,-0.02192333389782214,-1.3971879306857702
ETH,1726768800,2024-09-19 18:00,1726941600,2024-09-21 18:00,2024,2.450260999672115,6.383425717933092,2475.16,2570.0,2428.5302832622497,23.314858368875196,46.62971673775039,48,TimeStop,0.038316714879038184,0.03651671487903818,1.9383500120391397,0.03651671487903818,1.9383500120391395
ETH,1727445600,2024-09-27 14:00,1727593200,2024-09-29 07:00,2024,2.1892541751761683,5.182738126309192,2681.98,2639.9221575181846,2639.9221575181846,21.02892124090772,42.05784248181544,41,SL,-0.015681639118045414,-0.017481639118045414,-1.1147839193626563,-0.012653921356609716,-0.8069259381213795
ETH,1730851200,2024-11-06 00:00,1731024000,2024-11-08 00:00,2024,2.316219611943504,3.8230914724931306,2484.9,2907.07,2430.1935553760236,27.35322231198818,54.70644462397636,48,TimeStop,0.16989416073081415,0.16809416073081415,7.635246320082271,0.16809416073081415,7.635246320082272
ETH,1731027600,2024-11-08 01:00,1731200400,2024-11-10 01:00,2024,2.2099268048778087,10.402373383611348,2922.41,3119.24,2847.6176243451987,37.39618782740058,74.79237565480116,48,TimeStop,0.06735194582553439,0.06555194582553439,2.561352816016648,0.06555194582553439,2.561352816016648
ETH,1731337200,2024-11-11 15:00,1731470400,2024-11-13 04:00,2024,2.3665258725708735,16.373286211222133,3236.98,3150.7879109722603,3150.7879109722603,43.09604451386991,86.19208902773983,37,SL,-0.02662731590177873,-0.02842731590177873,-1.0675997538257216,0.020535633831534388,0.7712243287038391
ETH,1731510000,2024-11-13 15:00,1731524400,2024-11-13 19:00,2024,2.642507068047128,23.690953923511127,3309.28,3197.5200853166407,3197.5200853166407,55.87995734167964,111.75991468335928,4,SL,-0.03377167078136619,-0.035571670781366194,-1.0532991101225953,-0.08808765169462848,-2.6083296933959152
ETH,1732374000,2024-11-23 15:00,1732377600,2024-11-23 16:00,2024,2.7048339642183388,20.287082445893837,3460.33,3381.758056671144,3381.758056671144,39.28597166442795,78.5719433288559,1,SL,-0.022706488493541347,-0.024506488493541347,-1.079272495195019,0.014984526331303642,0.6599226619988318
ETH,1732734000,2024-11-27 19:00,1732906800,2024-11-29 19:00,2024,2.0391626493303745,16.04635613996049,3589.6,3582.79,3506.0701666614555,41.76491666927224,83.52983333854448,48,TimeStop,-0.001897147314463992,-0.0036971473144639918,-0.15888071925406286,-0.0036971473144639918,-0.15888071925406283
ETH,1733338800,2024-12-04 19:00,1733436000,2024-12-05 22:00,2024,2.417156137913279,17.33855746325932,3841.15,3746.0497458302184,3746.0497458302184,47.55012708489081,95.10025416978162,27,SL,-0.024758276602002444,-0.026558276602002443,-1.0727029602639804,0.057158905536102415,2.308678687735456
ETH,1733511600,2024-12-06 19:00,1733554800,2024-12-07 07:00,2024,2.3389956290452476,18.118703320368894,4067.62,3969.817891793791,3969.817891793791,48.90105410310439,97.80210820620879,12,SL,-0.024044062180392636,-0.025844062180392636,-1.074862558019328,-0.0208848702681175,-0.8686082289850589
ETH,1735934400,2025-01-03 20:00,1736107200,2025-01-05 20:00,2025,2.0321928860737932,-1.971910003138493,3600.57,3635.77,3545.536324258058,27.516837870971123,55.03367574194225,48,TimeStop,0.00977622987471423,0.007976229874714231,0.5218436459644384,0.007976229874714231,0.5218436459644386
ETH,1736179200,2025-01-06 16:00,1736247600,2025-01-07 11:00,2025,2.118109798450687,1.7519365637249162,3710.18,3650.9486568340317,3650.9486568340317,29.615671582984106,59.23134316596821,19,SL,-0.015964547047843544,-0.017764547047843544,-1.1127498321503035,-0.10857379534146581,-6.800931778150988
ETH,1737126000,2025-01-17 15:00,1737172800,2025-01-18 04:00,2025,2.3047507729705403,2.6301946344018825,3421.8,3359.221254214657,3359.221254214657,31.289372892671587,62.57874578534317,13,SL,-0.01828825348803057,-0.02008825348803057,-1.0984238326080742,-0.012940335495937911,-0.7075763415247478
ETH,1738544400,2025-02-03 01:00,1738548000,2025-02-03 02:00,2025,4.960697134546062,17.094771648362226,2491.99,2312.4407597583454,2312.4407597583454,89.77462012082718,179.54924024165436,1,SL,-0.07205054604619376,-0.07385054604619376,-1.02498246160197,0.09045558690042903,1.2554462369020112
ETH,1740081600,2025-02-20 20:00,1740150000,2025-02-21 15:00,2025,2.7701725324837483,6.218882855885705,2749.69,2705.766795645674,2705.766795645674,21.961602177163034,43.92320435432607,19,SL,-0.015973875002027908,-0.017773875002027907,-1.1126839918161064,0.005833587786259463,0.3651955324252185
ETH,1741971600,2025-03-14 17:00,1742122800,2025-03-16 11:00,2025,2.118485893318666,2.17076700434191,1934.8,1894.2576105047287,1894.2576105047287,20.27119474763561,40.54238949527122,42,SL,-0.020954305093689896,-0.022754305093689895,-1.0859012022566206,-0.014540334918337741,-0.6939068059439661
ETH,1742407200,2025-03-19 18:00,1742464800,2025-03-20 10:00,2025,2.0751205462580717,2.5416935499637408,2045.88,1995.8162596895356,1995.8162596895356,25.03187015523223,50.06374031046446,16,SL,-0.02447051650657149,-0.02627051650657149,-1.0735579079222388,-0.03880608051303109,-1.585830054000284
ETH,1742932800,2025-03-25 20:00,1742994000,2025-03-26 13:00,2025,2.188854090529006,3.487527246305642,2064.5,2030.805549311656,2030.805549311656,16.847225344172024,33.69445068834405,17,SL,-0.016320877059018638,-0.018120877059018638,-1.1102881906095428,-0.029472559941874598,-1.8058196159003908
ETH,1744668000,2025-04-14 22:00,1744779600,2025-04-16 05:00,2025,2.1078579682010607,1.6655871194594973,1621.05,1575.2082540290612,1575.2082540290612,22.92087298546937,45.84174597093874,31,SL,-0.028279045045457418,-0.030079045045457418,-1.063651371434452,-0.022360747663551356,-0.7907179194915305
ETH,1744851600,2025-04-17 01:00,1745024400,2025-04-19 01:00,2025,2.278109274270964,2.0134650475047904,1589.3,1590.05,1544.9070574667046,22.196471266647688,44.392942533295376,48,TimeStop,0.0004719058705090291,-0.0013280941294909708,-0.04754674683744861,-0.0013280941294909708,-0.04754674683744861
ETH,1745326800,2025-04-22 13:00,1745499600,2025-04-24 13:00,2025,2.2655920533972083,4.0170908958117675,1642.98,1753.55,1608.890872498411,17.04456375079456,34.08912750158912,48,TimeStop,0.0672984455075533,0.06549844550755331,3.156802297007555,0.06549844550755331,3.156802297007555
ETH,1745510400,2025-04-24 16:00,1745683200,2025-04-26 16:00,2025,2.094211001524018,5.196565747852719,1770.4,1802.94,1732.7465299094129,18.826735045293585,37.65347009058717,48,TimeStop,0.018380027112516923,0.016580027112516924,0.7795637408552648,0.016580027112516924,0.7795637408552648
ETH,1745715600,2025-04-27 01:00,1745802000,2025-04-28 01:00,2025,2.297580925008516,7.757951900698719,1804.6,1767.0831142565867,1767.0831142565867,18.75844287170657,37.51688574341314,24,SL,-0.020789585361527897,-0.022589585361527897,-1.0865818133790703,-0.006288529313975347,-0.3024845952730054
ETH,1745953200,2025-04-29 19:00,1745960400,2025-04-29 21:00,2025,2.273716933166548,8.17939779869903,1821.65,1790.3016108189256,1790.3016108189256,15.674194590537287,31.348389181074573,2,SL,-0.017208788285935542,-0.01900878828593554,-1.104597718914995,0.00982133230862122,0.5707160867710833
ETH,1746914400,2025-05-10 22:00,1746946800,2025-05-11 07:00,2025,3.276831740006944,8.575131343075238,2577.22,2490.8463359332177,2490.8463359332177,43.18683203339105,86.3736640667821,9,SL,-0.0335142766495612,-0.0353142766495612,-1.0537084544244095,-0.037252929901211346,-1.1115540487638453
ETH,1747519200,2025-05-17 22:00,1747594800,2025-05-18 19:00,2025,2.615496873489752,5.650383535025762,2460.01,2409.41810049675,2409.41810049675,25.29594975162509,50.59189950325018,21,SL,-0.020565729205674066,-0.022365729205674065,-1.0875242488121168,0.016143016491802827,0.7849474400036839
ETH,1747760400,2025-05-20 17:00,1747933200,2025-05-22 17:00,2025,2.47505934703572,5.925997109074456,2497.47,2659.3,2435.6287704975116,30.920614751244155,61.84122950248831,48,TimeStop,0.06479757514604796,0.06299757514604797,2.544169242199004,0.06299757514604797,2.5441692421990045
ETH,1748221200,2025-05-26 01:00,1748307600,2025-05-27 01:00,2025,2.33258888260693,6.175469316125116,2558.51,2513.9368447170277,2513.9368447170277,22.28657764148616,44.57315528297232,24,SL,-0.01742152865651199,-0.01922152865651199,-1.1033204396404819,0.027889155016005245,1.600844309697282
ETH,1748509200,2025-05-29 09:00,1748520000,2025-05-29 12:00,2025,2.007818340927384,6.066586266125258,2736.3,2677.5967747323493,2677.5967747323493,29.35161263382552,58.70322526765104,3,SL,-0.02145350483048308,-0.02325350483048308,-1.083902374657325,-0.07966061469868076,-3.713174855489882
ETH,1748707200,2025-05-31 16:00,1748739600,2025-06-01 01:00,2025,2.010200521484509,6.258388799450878,2540.59,2494.4688153418924,2494.4688153418924,23.060592329053954,46.12118465810791,9,SL,-0.01815372990451341,-0.01995372990451341,-1.0991531773066867,0.0006364419288433214,0.035058466342230074
ETH,1748905200,2025-06-02 23:00,1749078000,2025-06-04 23:00,2025,2.2368709462397844,7.210220103474748,2607.41,2607.68,2561.9076960328143,22.751151983592795,45.50230396718559,48,TimeStop,0.00010355103340095413,-0.0016964489665990457,-0.09721129732661338,-0.0016964489665990457,-0.09721129732661338
ETH,1749218400,2025-06-06 14:00,1749254400,2025-06-07 00:00,2025,2.484185995873615,8.575341921910034,2518.85,2460.5922121685157,2460.5922121685157,29.128893915742108,58.257787831484215,10,SL,-0.02312872454949051,-0.024928724549490508,-1.0778253031700198,-0.003546828910018497,-0.15335168623021303
ETH,1749776400,2025-06-13 01:00,1749949200,2025-06-15 01:00,2025,2.4267215211824293,9.44733112895658,2498.06,2528.99,2408.8214585100213,44.619270744989365,89.23854148997873,48,TimeStop,0.01238160812790719,0.010581608127907191,0.2962116094531672,0.010581608127907191,0.2962116094531672
ETH,1750698000,2025-06-23 17:00,1750870800,2025-06-25 17:00,2025,2.216345381277266,7.0779186522945094,2274.68,2422.83,2203.0290368643487,35.82548156782567,71.65096313565134,48,TimeStop,0.06513004026940057,0.06333004026940058,2.010518347496189,0.06333004026940058,2.010518347496189
ETH,1750881600,2025-06-25 20:00,1750986000,2025-06-27 01:00,2025,2.359470628833839,8.448855713232714,2438.2,2391.322960854312,2391.322960854312,23.438519572843894,46.87703914568779,29,SL,-0.019226084466281615,-0.021026084466281614,-1.093622807241736,-0.006721663522270528,-0.3496116712718534
ETH,1751482800,2025-07-02 19:00,1751608800,2025-07-04 06:00,2025,2.061945075890705,7.524772241268908,2604.73,2556.1173417404266,2556.1173417404266,24.30632912978674,48.61265825957348,35,SL,-0.018663223543159344,-0.020463223543159343,-1.0964463612535862,-0.04869545557505004,-2.6091663887773775
ETH,1752163200,2025-07-10 16:00,1752336000,2025-07-12 16:00,2025,2.5871922148783164,7.014920058397606,2808.3,2924.49,2761.7745471505077,23.262726424746326,46.52545284949265,48,TimeStop,0.04137378485204558,0.039573784852045574,2.388693783583699,0.039573784852045574,2.388693783583699
ETH,1752390000,2025-07-13 07:00,1752562800,2025-07-15 07:00,2025,2.3818557182633513,6.682551789776432,2962.94,2977.49,2925.729498124475,18.60525093776249,37.21050187552498,48,TimeStop,0.004910663057638605,0.003110663057638605,0.2476910424597624,0.003110663057638605,0.24769104245976245
ETH,1752681600,2025-07-16 16:00,1752854400,2025-07-18 16:00,2025,2.213799119231269,6.848814698469519,3285.24,3573.19,3209.7069864766736,37.766506761663194,75.53301352332639,48,TimeStop,0.0876496085521911,0.0858496085521911,3.733950955272037,0.0858496085521911,3.733950955272037
ETH,1752865200,2025-07-18 19:00,1753038000,2025-07-20 19:00,2025,2.3271051218084167,8.277982537398897,3551.59,3749.93,3450.7776119578443,50.406194021077866,100.81238804215573,48,TimeStop,0.05584541008393415,0.054045410083934146,1.9040034833787989,0.054045410083934146,1.9040034833787989
ETH,1753282800,2025-07-23 15:00,1753290000,2025-07-23 17:00,2025,2.83898827668493,10.674437876967712,3644.22,3559.710917114988,3559.710917114988,42.254541442505904,84.50908288501181,2,SL,-0.023189896023020455,-0.024989896023020455,-1.0776200116728893,-0.004549559576534891,-0.19618714857619726
ETH,1754254800,2025-08-03 21:00,1754427600,2025-08-05 21:00,2025,3.237214546625044,12.905288884320592,3502.44,3575.62,3451.011775059067,25.71411247046658,51.42822494093316,48,TimeStop,0.02089400532200404,0.019094005322004042,1.3003678053599643,0.019094005322004042,1.3003678053599645
ETH,1754593200,2025-08-07 19:00,1754766000,2025-08-09 19:00,2025,2.134129960507606,5.972696245733647,3867.6,4258.57,3796.046867094871,35.77656645256455,71.5531329051291,48,TimeStop,0.10108853035474191,0.09928853035474192,5.366757602481905,0.09928853035474192,5.366757602481905
ETH,1755115200,2025-08-13 20:00,1755172800,2025-08-14 12:00,2025,2.024443790304443,4.748197168886976,4717.58,4613.3634422030755,4613.3634422030755,52.10827889846218,104.21655779692436,16,SL,-0.022091105566185303,-0.023891105566185303,-1.081480756796313,-0.06360923269981646,-2.8794046775632047
ETH,1755291600,2025-08-15 21:00,1755464400,2025-08-17 21:00,2025,2.4246073072618146,8.376930250201603,4428.83,4474.84,4303.7240587437245,62.552970628137906,125.10594125627581,48,TimeStop,0.010388748269859131,0.008588748269859132,0.3040471588961573,0.008588748269859132,0.30404715889615735
ETH,1756929600,2025-09-03 20:00,1756954800,2025-09-04 03:00,2025,2.3462806855170113,4.0094075484375935,4464.5,4392.466885981754,4392.466885981754,36.0165570091229,72.0331140182458,7,SL,-0.016134643077219426,-0.017934643077219425,-1.1115611911205838,-0.029986807033262435,-1.858535505852068
ETH,1757588400,2025-09-11 11:00,1757592000,2025-09-11 12:00,2025,2.3835303289648424,3.6119012145005516,4429.8,4376.722683908326,4376.722683908326,26.538658045836932,53.077316091673865,1,SL,-0.011981876403375823,-0.013781876403375823,-1.1502268876261277,0.06360475867985001,5.308413852602433
ETH,1757761200,2025-09-13 11:00,1757768400,2025-09-13 13:00,2025,2.3387257273980038,5.911605604795316,4719.53,4657.382508680992,4657.382508680992,31.073745659503974,62.14749131900795,2,SL,-0.013168152616681686,-0.014968152616681685,-1.1366934339536487,-0.04182093428794819,-3.175915066094269
ETH,1758128400,2025-09-17 17:00,1758301200,2025-09-19 17:00,2025,7.309597944132037,19.238706563488286,4433.77,4459.52,4365.404995281965,34.18250235901774,68.36500471803548,48,TimeStop,0.005807698640209122,0.004007698640209122,0.25991681084916646,0.004007698640209122,0.25991681084916646
ETH,1758517200,2025-09-22 05:00,1758520800,2025-09-22 06:00,2025,5.420157336089561,16.898177224670174,4219.39,4154.074182893538,4154.074182893538,32.65790855323112,65.31581710646223,1,SL,-0.015479919397463238,-0.017279919397463237,-1.1162796752220185,-0.012915350797153271,-0.8343293311507682
ETH,1759456800,2025-10-03 02:00,1759478400,2025-10-03 08:00,2025,2.322514110744478,9.201386194374397,4510.19,4441.3836429299645,4441.3836429299645,34.403178535017695,68.80635707003539,6,SL,-0.015255755759742966,-0.017055755759742965,-1.1179882549476696,0.006782786977932203,0.4446051106711251
ETH,1760130000,2025-10-10 21:00,1760212800,2025-10-11 20:00,2025,16.961917923222305,38.379843999605846,3949.99,3697.3480871089305,3697.3480871089305,126.32095644553453,252.64191289106907,23,SL,-0.06396013987151089,-0.06576013987151089,-1.028142527574456,0.04517227081587547,0.7062565983536275
ETH,1764187200,2025-11-26 20:00,1764360000,2025-11-28 20:00,2025,3.020974810963882,3.338997507321871,3024.86,3056.38,2959.3117737260077,32.77411313699627,65.54822627399254,48,TimeStop,0.01042031697334752,0.00862031697334752,0.39780255671610476,0.00862031697334752,0.3978025567161047
ETH,1764360000,2025-11-28 20:00,1764396000,2025-11-29 06:00,2025,2.292172321797878,2.7810677991608013,3056.38,2998.3243370867626,2998.3243370867626,29.027831456618824,58.05566291323765,10,SL,-0.018994909963171294,-0.020794909963171293,-1.0947622285912337,-0.010777941224585965,-0.5674120722595152
ETH,1765396800,2025-12-10 20:00,1765411200,2025-12-11 00:00,2025,3.091331244466681,6.586319528884546,3355.44,3269.0533393196374,3269.0533393196374,43.19333034018131,86.38666068036262,4,SL,-0.0257452556685152,-0.0275452556685152,-1.0699157943186126,-0.08332135040411986,-3.2363768873352674
ETH,1767643200,2026-01-05 20:00,1767722400,2026-01-06 18:00,2026,2.5271741716965033,1.202987109531444,3241.93,3184.879996187663,3184.879996187663,28.52500190616839,57.05000381233678,22,SL,-0.01759754338074445,-0.01939754338074445,-1.1022870045582396,-0.03349408346262875,-1.9033385932310656
ETH,1768334400,2026-01-13 20:00,1768507200,2026-01-15 20:00,2026,2.0457217941407344,-0.2496419198709577,3204.59,3288.23,3157.110451766183,23.739774116908727,47.479548233817454,48,TimeStop,0.026100062722532326,0.024300062722532326,1.6401111825351256,0.024300062722532326,1.6401111825351253
ETH,1769958000,2026-02-01 15:00,1769986800,2026-02-01 23:00,2026,2.027589069057401,-4.9667658580199925,2315.39,2222.974118444949,2222.974118444949,46.20794077752543,92.41588155505086,8,SL,-0.039913743064905215,-0.04171374306490522,-1.0450972487614845,-0.007064771809500799,-0.1770009842978774
ETH,1770386400,2026-02-06 14:00,1770559200,2026-02-08 14:00,2026,2.5739333652044176,-4.042690815007387,1978.88,2128.62,1874.8516313489297,52.01418432553523,104.02836865107047,48,TimeStop,0.07566906532988346,0.07386906532988347,1.405174548976219,0.07386906532988347,1.405174548976219
ETH,1771563600,2026-02-20 05:00,1771736400,2026-02-22 05:00,2026,2.0814263918928964,-1.9435053676555145,1955.23,1974.97,1918.5899411207565,18.320029439621695,36.64005887924339,48,TimeStop,0.01009599893618654,0.00829599893618654,0.44270087156407323,0.00829599893618654,0.4427008715640732
ETH,1771837200,2026-02-23 09:00,1771862400,2026-02-23 16:00,2026,2.0602273114532976,-0.8342022940567354,1918.0,1883.5947645769293,1883.5947645769293,17.20261771153536,34.40523542307072,7,SL,-0.017938078948420613,-0.019738078948420612,-1.1003451933273207,-0.0032650677789363633,-0.1820188097245409
ETH,1772010000,2026-02-25 09:00,1772182800,2026-02-27 09:00,2026,2.663930182088175,1.4097817971061972,1915.19,2010.01,1874.9835379072488,20.103231046375672,40.206462092751345,48,TimeStop,0.04950944814874761,0.047709448148747606,2.2725863765186425,0.047709448148747606,2.2725863765186425
ETH,1772190000,2026-02-27 11:00,1772211600,2026-02-27 17:00,2026,2.386301407003938,2.3444507869201887,1962.08,1913.7361031680998,1913.7361031680998,24.171948415950048,48.343896831900096,6,SL,-0.02463910586311471,-0.02643910586311471,-1.0730545990589149,0.009025246676995847,0.36629765410874127
ETH,1772467200,2026-03-02 16:00,1772514000,2026-03-03 05:00,2026,2.3892949801340833,3.6331400502826585,2064.33,1996.753091175508,1996.753091175508,33.78845441224601,67.57690882449202,13,SL,-0.032735516523274846,-0.03453551652327485,-1.0549861493317259,0.03601372164334188,1.1001421534844642
ETH,1772640000,2026-03-04 16:00,1772722800,2026-03-05 15:00,2026,2.8301137010592057,4.854391590699937,2142.39,2076.4411363795707,2076.4411363795707,32.97443181021459,65.94886362042918,23,SL,-0.03078284701684995,-0.03258284701684995,-1.0584741235602642,-0.08166407703546036,-2.6529085172258093
ETH,1773154800,2026-03-10 15:00,1773169200,2026-03-10 19:00,2026,2.059237153412404,3.5588044340790943,2079.35,2028.3219584117257,2028.3219584117257,25.514020794137117,51.028041588274235,4,SL,-0.02454038117117088,-0.02634038117117088,-1.0733484939555273,-0.005176055017192864,-0.21091991119003045
ETH,1773406800,2026-03-13 13:00,1773414000,2026-03-13 15:00,2026,2.3787172635378036,4.484058713715812,2185.52,2136.0620085994033,2136.0620085994033,24.72899570029845,49.4579914005969,2,SL,-0.022629850745175845,-0.024429850745175844,-1.0795409576611381,-0.042119923862513224,-1.8612550447992702
ETH,1773756000,2026-03-17 14:00,1773831600,2026-03-18 11:00,2026,2.446956433657012,4.907294800401506,2343.45,2289.854465741931,2289.854465741931,26.79776712903435,53.5955342580687,21,SL,-0.022870355355594833,-0.024670355355594833,-1.078704505112102,-0.09643397981608312,-4.21654925411958
ETH,1775469600,2026-04-06 10:00,1775512800,2026-04-06 22:00,2026,2.0162235452502837,1.5789938094161229,2153.27,2120.4948167199045,2120.4948167199045,16.38759164004779,32.77518328009558,12,SL,-0.015221121029919826,-0.017021121029919827,-1.1182567300044273,0.03971824898874739,2.609416803839477
ETH,1775754000,2026-04-09 17:00,1775782800,2026-04-10 01:00,2026,2.1857584027553014,4.40895287369258,2222.75,2180.674350445808,2180.674350445808,21.037824777095924,42.07564955419185,8,SL,-0.018929546532084958,-0.020729546532084957,-1.0950894410993446,0.014963018783039128,0.7904583851323275
ETH,1776171600,2026-04-14 13:00,1776178800,2026-04-14 15:00,2026,2.2332418755026766,7.819360234162204,2391.5,2352.2164635796516,2352.2164635796516,19.64176821017411,39.28353642034822,2,SL,-0.01642631671350548,-0.01822631671350548,-1.109580256572073,-0.03659406230399333,-2.227770409047717
ETH,1778770800,2026-05-14 15:00,1778810400,2026-05-15 02:00,2026,2.3281528531916864,2.653927813164036,2298.48,2266.9750464010704,2266.9750464010704,15.7524767994649,31.5049535989298,11,SL,-0.013706864362069568,-0.015506864362069567,-1.131321063114989,-0.05334710939403433,-3.89199951096469
ETH,1780635600,2026-06-05 05:00,1780639200,2026-06-05 06:00,2026,2.0470216899484086,-8.787763632909094,1684.16,1630.9421197494084,1630.9421197494084,26.608940125295785,53.21788025059157,1,SL,-0.0315990643707199,-0.033399064370719905,-1.0569637119277475,-0.04938455253657616,-1.5628485690967666
ETH,1780808400,2026-06-07 05:00,1780981200,2026-06-09 05:00,2026,2.0549072472623773,-5.04981234647913,1604.02,1688.25,1566.0052918856463,19.007354057176794,38.01470811435359,48,TimeStop,0.052511814067156284,0.05071181406715628,2.139770842256885,0.05071181406715628,2.139770842256885
ETH,1782914400,2026-07-01 14:00,1783087200,2026-07-03 14:00,2026,2.0075575216486867,-8.43128192957779,1601.18,1737.14,1572.9621706605226,14.108914669738757,28.217829339477515,48,TimeStop,0.08491237712187263,0.08311237712187264,4.716091886409577,0.08311237712187264,4.716091886409577
ETH,1783098000,2026-07-03 17:00,1783270800,2026-07-05 17:00,2026,2.2540805713011203,-8.169464612411101,1738.18,1779.48,1709.6398405037378,14.270079748131176,28.54015949626235,48,TimeStop,0.023760485105109915,0.021960485105109916,1.3374583980513108,0.021960485105109916,1.337458398051311
ETH,1783350000,2026-07-06 15:00,1783472400,2026-07-08 01:00,2026,2.19182874222999,-6.597449358984196,1788.57,1755.8299562756458,1755.8299562756458,16.37002186217708,32.74004372435416,34,SL,-0.018305150888337673,-0.020105150888337673,-1.098332978022419,-0.03848293664771293,-2.1023009797876395
ETH,1784736000,2026-07-22 16:00,1784775600,2026-07-23 03:00,2026,2.9402362329034393,-2.7694580068106287,1949.84,1920.6270632395347,1920.6270632395347,14.606468380232664,29.21293676046533,11,SL,-0.014982222521060833,-0.016782222521060833,-1.1201423885855157,-0.049173117794280505,-3.282097681112176
ETH,1786093200,2026-08-07 09:00,1786266000,2026-08-09 09:00,2026,2.1193888474352973,-6.481829966963623,1913.04,1921.45,1895.6955514484368,8.67222427578159,17.34444855156318,48,TimeStop,0.0043961443566261455,0.0025961443566261456,0.28634683802342453,0.0025961443566261456,0.2863468380234245
ETH,1786305600,2026-08-09 20:00,1786316400,2026-08-09 23:00,2026,2.13688047379177,-4.946036142508554,1920.73,1912.4101797686847,1912.4101797686847,4.1599101156576825,8.319820231315365,3,SL,-0.004331592796132388,-0.006131592796132387,-1.415551526821078,-0.021849668615578445,-5.044257307632349
ETH,1787155200,2026-08-19 16:00,1787328000,2026-08-21 16:00,2026,2.51831976696058,-4.498576248474813,2089.55,2405.97,2046.6951461199033,21.427426940048456,42.85485388009691,48,TimeStop,0.15142973367471446,0.14962973367471447,7.295761896068623,0.14962973367471447,7.295761896068623
ETH,1787331600,2026-08-21 17:00,1787461200,2026-08-23 05:00,2026,2.554201627892749,-1.9805166672856531,2423.61,2360.541213948726,2360.541213948726,31.53439302563691,63.06878605127382,36,SL,-0.026022662908336713,-0.027822662908336713,-1.0691704767625223,0.0050121521201842555,0.19260719542190108
ETH,1787504400,2026-08-23 17:00,1787677200,2026-08-25 17:00,2026,2.3170584043523235,0.5737422749714253,2440.12,2471.03,2384.8731652093015,27.623417395349218,55.246834790698436,48,TimeStop,0.012667409799518184,0.010867409799518184,0.47998738933121543,0.010867409799518184,0.4799873893312155
ETH,1787864400,2026-08-27 21:00,1787932800,2026-08-28 16:00,2026,2.028777050778271,3.953484657285739,2504.12,2462.090656918404,2462.090656918404,21.014671540797984,42.02934308159597,19,SL,-0.016784077073621045,-0.018584077073621044,-1.107244502757258,-0.02282535022283281,-1.359940741615552
ETH,1788555600,2026-09-04 21:00,1788728400,2026-09-06 21:00,2026,2.3494295209246965,3.5891997715949686,2451.8,2508.09,2413.5483019730877,19.12584901345618,38.25169802691236,48,TimeStop,0.022958642629904543,0.021158642629904544,1.3561949580251722,0.021158642629904544,1.356194958025172
