position_id,symbol,side,action,time_utc,time_ms,price,portion_pct,msg,note,msg_url
UNIUSDT-2026-05-07-long,UNIUSDT,long,signal,2026-05-06T23:34:43Z,1778110483759.0,3.46,,5,3.46 CMP,https://discord.com/channels/1042855255089623100/1501271173588193290/1501728955470712946
UNIUSDT-2026-05-07-long,UNIUSDT,long,stop_set,2026-05-06T23:34:43Z,1778110483759.0,3.28,,5,published stop,https://discord.com/channels/1042855255089623100/1501271173588193290/1501728955470712946
UNIUSDT-2026-05-07-long,UNIUSDT,long,target_set,2026-05-06T23:34:43Z,1778110483759.0,3.669,,5,TP1 as published,https://discord.com/channels/1042855255089623100/1501271173588193290/1501728955470712946
UNIUSDT-2026-05-07-long,UNIUSDT,long,entry,2026-05-06T23:34:43Z,1778110483759.0,3.458,,5,,https://discord.com/channels/1042855255089623100/1501271173588193290/1501728955470712946
ETHUSDT-2026-05-07-long,ETHUSDT,long,signal,2026-05-06T23:35:46Z,1778110546105.0,2348.0,,6,2348 CMP; said he takes TP manually so he might close before or after 2420,https://discord.com/channels/1042855255089623100/1501271173588193290/1501729216969048065
ETHUSDT-2026-05-07-long,ETHUSDT,long,stop_set,2026-05-06T23:35:46Z,1778110546105.0,2292.0,,6,published stop,https://discord.com/channels/1042855255089623100/1501271173588193290/1501729216969048065
ETHUSDT-2026-05-07-long,ETHUSDT,long,target_set,2026-05-06T23:35:46Z,1778110546105.0,2420.0,,6,TP1 as published,https://discord.com/channels/1042855255089623100/1501271173588193290/1501729216969048065
ETHUSDT-2026-05-07-long,ETHUSDT,long,entry,2026-05-06T23:35:46Z,1778110546105.0,2348.0,,6,,https://discord.com/channels/1042855255089623100/1501271173588193290/1501729216969048065
BTCUSDT-2026-05-07-long,BTCUSDT,long,signal,2026-05-07T08:06:57Z,1778141217506.0,81500.0,,8,"50% of size at 81.5k, 50% held back for the 80.8k DCA (msg 9)",https://discord.com/channels/1042855255089623100/1501271173588193290/1501857862148952084
BTCUSDT-2026-05-07-long,BTCUSDT,long,stop_set,2026-05-07T08:06:57Z,1778141217506.0,79600.0,,8,published stop,https://discord.com/channels/1042855255089623100/1501271173588193290/1501857862148952084
BTCUSDT-2026-05-07-long,BTCUSDT,long,target_set,2026-05-07T08:06:57Z,1778141217506.0,82500.0,,8,TP1 as published,https://discord.com/channels/1042855255089623100/1501271173588193290/1501857862148952084
BTCUSDT-2026-05-07-long,BTCUSDT,long,entry,2026-05-07T08:06:57Z,1778141217506.0,81500.0,,8,,https://discord.com/channels/1042855255089623100/1501271173588193290/1501857862148952084
BTCUSDT-2026-05-07-long,BTCUSDT,long,dca_fill,2026-05-07T09:57:30Z,1778147850706.0,80900.0,,10,filled manually at 80.9k because price missed his 80.8k limit by about $10,https://discord.com/channels/1042855255089623100/1501271173588193290/1501885683806240808
ZROUSDT-2026-05-07-long,ZROUSDT,long,signal,2026-05-07T12:32:55Z,1778157175797.0,1.48,,11,1.48 CMP; three minutes later he corrected that CMP was really 1.486 because price moved fast. He advised followers to keep 50-30% back for a DCA but said he was not saving for DCA himself,https://discord.com/channels/1042855255089623100/1501271173588193290/1501924796072464426
ZROUSDT-2026-05-07-long,ZROUSDT,long,stop_set,2026-05-07T12:32:55Z,1778157175797.0,1.36,,11,published stop,https://discord.com/channels/1042855255089623100/1501271173588193290/1501924796072464426
ZROUSDT-2026-05-07-long,ZROUSDT,long,target_set,2026-05-07T12:32:55Z,1778157175797.0,1.5523,,11,TP1 as published,https://discord.com/channels/1042855255089623100/1501271173588193290/1501924796072464426
ZROUSDT-2026-05-07-long,ZROUSDT,long,entry,2026-05-07T12:32:55Z,1778157175797.0,1.4744,,11,,https://discord.com/channels/1042855255089623100/1501271173588193290/1501924796072464426
GOLD-2026-05-07-long,GOLD,long,signal,2026-05-07T12:41:53Z,1778157713243.0,,,14,,https://discord.com/channels/1042855255089623100/1501271173588193290/1501927050284372139
BTCUSDT-2026-05-07-long,BTCUSDT,long,exit,2026-05-07T16:48:16Z,1778172496606.0,,100.0,15,stop_loss,https://discord.com/channels/1042855255089623100/1501271173588193290/1501989056202936340
ETHUSDT-2026-05-07-long,ETHUSDT,long,exit,2026-05-07T16:48:16Z,1778172496606.0,,100.0,15,stop_loss,https://discord.com/channels/1042855255089623100/1501271173588193290/1501989056202936340
BTCUSDT-2026-05-08-long,BTCUSDT,long,signal,2026-05-07T22:40:42Z,1778193642827.0,79700.0,,17,79.7k CMP,https://discord.com/channels/1042855255089623100/1501271173588193290/1502077749882523759
BTCUSDT-2026-05-08-long,BTCUSDT,long,stop_set,2026-05-07T22:40:42Z,1778193642827.0,78500.0,,17,published stop,https://discord.com/channels/1042855255089623100/1501271173588193290/1502077749882523759
BTCUSDT-2026-05-08-long,BTCUSDT,long,target_set,2026-05-07T22:40:42Z,1778193642827.0,80500.0,,17,TP1 as published,https://discord.com/channels/1042855255089623100/1501271173588193290/1502077749882523759
BTCUSDT-2026-05-08-long,BTCUSDT,long,entry,2026-05-07T22:40:42Z,1778193642827.0,79764.4,,17,,https://discord.com/channels/1042855255089623100/1501271173588193290/1502077749882523759
BTCUSDT-2026-05-08-long,BTCUSDT,long,dca_fill,2026-05-08T03:24:00Z,1778210640166.0,79469.0,,19,"equal-sized DCA filled, blended entry 79590 (breakeven)",https://discord.com/channels/1042855255089623100/1501271173588193290/1502149041889218672
BTCUSDT-2026-05-08-long,BTCUSDT,long,stop_move,2026-05-08T03:24:00Z,1778210640166.0,77600.0,,19,widen,https://discord.com/channels/1042855255089623100/1501271173588193290/1502149041889218672
BTCUSDT-2026-05-08-long,BTCUSDT,long,partial_close,2026-05-08T03:24:00Z,1778210640166.0,79590.0,50.0,19,"the filled DCA half taken back off at breakeven so it could be re-placed as a limit at 78.6k; phrased as instruction to followers, clarified in msg 21",https://discord.com/channels/1042855255089623100/1501271173588193290/1502149041889218672
AVNTUSDT-2026-05-08-long,AVNTUSDT,long,signal,2026-05-08T03:43:06Z,1778211786564.0,0.158,,22,0.158 CMP,https://discord.com/channels/1042855255089623100/1501271173588193290/1502153850231193630
AVNTUSDT-2026-05-08-long,AVNTUSDT,long,stop_set,2026-05-08T03:43:06Z,1778211786564.0,0.1411,,22,published stop,https://discord.com/channels/1042855255089623100/1501271173588193290/1502153850231193630
AVNTUSDT-2026-05-08-long,AVNTUSDT,long,target_set,2026-05-08T03:43:06Z,1778211786564.0,0.1746,,22,TP1 as published,https://discord.com/channels/1042855255089623100/1501271173588193290/1502153850231193630
AVNTUSDT-2026-05-08-long,AVNTUSDT,long,target_set,2026-05-08T03:43:06Z,1778211786564.0,0.2023,,22,TP2 as published,https://discord.com/channels/1042855255089623100/1501271173588193290/1502153850231193630
AVNTUSDT-2026-05-08-long,AVNTUSDT,long,entry,2026-05-08T03:43:06Z,1778211786564.0,0.15851,,22,,https://discord.com/channels/1042855255089623100/1501271173588193290/1502153850231193630
UNIUSDT-2026-05-07-long,UNIUSDT,long,stop_move,2026-05-08T15:44:20Z,1778255060823.0,3.46,,26,to_entry,https://discord.com/channels/1042855255089623100/1501271173588193290/1502335355628687451
UNIUSDT-2026-05-07-long,UNIUSDT,long,target_move,2026-05-08T15:44:20Z,1778255060823.0,3.7,,26,new targets 3.7|4,https://discord.com/channels/1042855255089623100/1501271173588193290/1502335355628687451
UNIUSDT-2026-05-07-long,UNIUSDT,long,partial_close,2026-05-08T15:44:20Z,1778255060823.0,3.528,50.0,26,,https://discord.com/channels/1042855255089623100/1501271173588193290/1502335355628687451
KERNELUSDT-2026-05-08-long,KERNELUSDT,long,signal,2026-05-08T15:47:55Z,1778255275357.0,0.064,,27,"0.064, confirmed as CMP twelve seconds later",https://discord.com/channels/1042855255089623100/1501271173588193290/1502336255449366558
KERNELUSDT-2026-05-08-long,KERNELUSDT,long,stop_set,2026-05-08T15:47:55Z,1778255275357.0,0.581,,27,published stop,https://discord.com/channels/1042855255089623100/1501271173588193290/1502336255449366558
KERNELUSDT-2026-05-08-long,KERNELUSDT,long,target_set,2026-05-08T15:47:55Z,1778255275357.0,0.066,,27,TP1 as published,https://discord.com/channels/1042855255089623100/1501271173588193290/1502336255449366558
KERNELUSDT-2026-05-08-long,KERNELUSDT,long,entry,2026-05-08T15:47:55Z,1778255275357.0,0.06454,,27,,https://discord.com/channels/1042855255089623100/1501271173588193290/1502336255449366558
UNIUSDT-2026-05-07-long,UNIUSDT,long,exit,2026-05-08T16:41:13Z,1778258473533.0,3.7,100.0,36,take_profit,https://discord.com/channels/1042855255089623100/1501271173588193290/1502487407654862971
SNXUSDT-2026-05-08-long,SNXUSDT,long,signal,2026-05-08T16:49:28Z,1778258968177.0,0.354,,31,"0.354 CMP for half the size, the other half reserved for a 0.334 DCA",https://discord.com/channels/1042855255089623100/1501271173588193290/1502351744259063878
SNXUSDT-2026-05-08-long,SNXUSDT,long,stop_set,2026-05-08T16:49:28Z,1778258968177.0,0.31,,31,published stop,https://discord.com/channels/1042855255089623100/1501271173588193290/1502351744259063878
SNXUSDT-2026-05-08-long,SNXUSDT,long,target_set,2026-05-08T16:49:28Z,1778258968177.0,0.39,,31,TP1 as published,https://discord.com/channels/1042855255089623100/1501271173588193290/1502351744259063878
SNXUSDT-2026-05-08-long,SNXUSDT,long,entry,2026-05-08T16:49:28Z,1778258968177.0,0.3545,,31,,https://discord.com/channels/1042855255089623100/1501271173588193290/1502351744259063878
BTCUSDT-2026-05-08-long,BTCUSDT,long,target_move,2026-05-08T18:22:35Z,1778264555255.0,81000.0,,33,new targets 81000|82000,https://discord.com/channels/1042855255089623100/1501271173588193290/1502375178162933760
KERNELUSDT-2026-05-08-long,KERNELUSDT,long,target_move,2026-05-09T01:45:42Z,1778291142281.0,0.0673,,35,new targets 0.0673,https://discord.com/channels/1042855255089623100/1501271173588193290/1502486692232298586
KERNELUSDT-2026-05-08-long,KERNELUSDT,long,partial_close,2026-05-09T01:45:42Z,1778291142281.0,0.06615,,35,'KERNEL TP1 here' at +49.35% on the 20x; portion not stated and the card still showed the position open,https://discord.com/channels/1042855255089623100/1501271173588193290/1502486692232298586
SYRUPUSDT-2026-05-09-long,SYRUPUSDT,long,signal,2026-05-09T01:52:10Z,1778291530882.0,,,38,,https://discord.com/channels/1042855255089623100/1501271173588193290/1502488322143162518
SYRUPUSDT-2026-05-09-long,SYRUPUSDT,long,exit,2026-05-09T01:52:10Z,1778291530882.0,0.26013,100.0,38,manual_close,https://discord.com/channels/1042855255089623100/1501271173588193290/1502488322143162518
KERNELUSDT-2026-05-08-long,KERNELUSDT,long,stop_move,2026-05-09T01:54:13Z,1778291653665.0,,,39,to_entry,https://discord.com/channels/1042855255089623100/1501271173588193290/1502488837132259390
BTCUSDT-2026-05-08-long,BTCUSDT,long,exit,2026-05-09T03:06:56Z,1778296016774.0,80341.2,100.0,41,manual_close,https://discord.com/channels/1042855255089623100/1501271173588193290/1502519166286954537
STABLEUSDT-2026-05-09-long,STABLEUSDT,long,signal,2026-05-09T08:51:05Z,1778316665057.0,0.0346,,44,"0.0346 CMP, flagged as a swing that would take time",https://discord.com/channels/1042855255089623100/1501271173588193290/1502593742513635530
STABLEUSDT-2026-05-09-long,STABLEUSDT,long,stop_set,2026-05-09T08:51:05Z,1778316665057.0,0.03,,44,published stop,https://discord.com/channels/1042855255089623100/1501271173588193290/1502593742513635530
STABLEUSDT-2026-05-09-long,STABLEUSDT,long,target_set,2026-05-09T08:51:05Z,1778316665057.0,0.04,,44,TP1 as published,https://discord.com/channels/1042855255089623100/1501271173588193290/1502593742513635530
STABLEUSDT-2026-05-09-long,STABLEUSDT,long,entry,2026-05-09T08:51:05Z,1778316665057.0,0.03459,,44,,https://discord.com/channels/1042855255089623100/1501271173588193290/1502593742513635530
ETHUSDT-2026-05-09-long,ETHUSDT,long,signal,2026-05-09T10:58:20Z,1778324300982.0,2310.0,,45,2310 CMP with 50% of size held back for the 2290 DCA,https://discord.com/channels/1042855255089623100/1501271173588193290/1502625769904406701
ETHUSDT-2026-05-09-long,ETHUSDT,long,stop_set,2026-05-09T10:58:20Z,1778324300982.0,2260.0,,45,published stop,https://discord.com/channels/1042855255089623100/1501271173588193290/1502625769904406701
ETHUSDT-2026-05-09-long,ETHUSDT,long,target_set,2026-05-09T10:58:20Z,1778324300982.0,2350.0,,45,TP1 as published,https://discord.com/channels/1042855255089623100/1501271173588193290/1502625769904406701
ETHUSDT-2026-05-09-long,ETHUSDT,long,entry,2026-05-09T10:58:20Z,1778324300982.0,2311.73,,45,,https://discord.com/channels/1042855255089623100/1501271173588193290/1502625769904406701
ETHUSDT-2026-05-09-long,ETHUSDT,long,target_move,2026-05-09T11:00:58Z,1778324458048.0,2350.0,,46,new targets 2350,https://discord.com/channels/1042855255089623100/1501271173588193290/1502626428687220946
TAKEUSDT-2026-05-09-long,TAKEUSDT,long,signal,2026-05-09T11:12:56Z,1778325176456.0,,,48,,https://discord.com/channels/1042855255089623100/1501271173588193290/1502629441908510731
ETHUSDT-2026-05-09-long,ETHUSDT,long,exit,2026-05-10T15:45:44Z,1778427944212.0,2340.53,100.0,50,manual_close,https://discord.com/channels/1042855255089623100/1501271173588193290/1503061037740458126
AVNTUSDT-2026-05-08-long,AVNTUSDT,long,target_move,2026-05-10T18:01:23Z,1778436083161.0,0.1746,,52,new targets 0.1746,https://discord.com/channels/1042855255089623100/1501271173588193290/1503094618345181387
AVNTUSDT-2026-05-08-long,AVNTUSDT,long,partial_close,2026-05-10T18:01:23Z,1778436083161.0,0.16709,,52,TP1; the 50x card shows the position open at +246.69%. He never said how much came off,https://discord.com/channels/1042855255089623100/1501271173588193290/1503094618345181387
ZROUSDT-2026-05-07-long,ZROUSDT,long,target_move,2026-05-10T19:10:30Z,1778440230676.0,1.55,,54,new targets 1.55,https://discord.com/channels/1042855255089623100/1501271173588193290/1503112014283673735
ZROUSDT-2026-05-07-long,ZROUSDT,long,partial_close,2026-05-10T19:10:30Z,1778440230676.0,1.53,25.0,54,+178.94% on the 50x card,https://discord.com/channels/1042855255089623100/1501271173588193290/1503112014283673735
SNXUSDT-2026-05-08-long,SNXUSDT,long,exit,2026-05-10T20:33:31Z,1778445211407.0,0.3626,100.0,56,manual_close,https://discord.com/channels/1042855255089623100/1501271173588193290/1503132904983756810
ZROUSDT-2026-05-07-long,ZROUSDT,long,exit,2026-05-10T21:40:45Z,1778449245500.0,1.4744,100.0,57,breakeven,https://discord.com/channels/1042855255089623100/1501271173588193290/1503149825196036228
ZROUSDT-2026-05-11-long,ZROUSDT,long,signal,2026-05-10T21:40:45Z,1778449245500.0,1.486,,57,re-entered at 1.486 in the same message that reported the previous ZRO position stopping at breakeven,https://discord.com/channels/1042855255089623100/1501271173588193290/1503149825196036228
ZROUSDT-2026-05-11-long,ZROUSDT,long,stop_set,2026-05-10T21:40:45Z,1778449245500.0,1.37,,57,published stop,https://discord.com/channels/1042855255089623100/1501271173588193290/1503149825196036228
ZROUSDT-2026-05-11-long,ZROUSDT,long,target_set,2026-05-10T21:40:45Z,1778449245500.0,1.55,,57,TP1 as published,https://discord.com/channels/1042855255089623100/1501271173588193290/1503149825196036228
ZROUSDT-2026-05-11-long,ZROUSDT,long,entry,2026-05-10T21:40:45Z,1778449245500.0,1.4772,,57,,https://discord.com/channels/1042855255089623100/1501271173588193290/1503149825196036228
BTCUSDT-2026-05-11-short,BTCUSDT,short,signal,2026-05-10T23:30:48Z,1778455848098.0,82300.0,,59,82.3k CMP,https://discord.com/channels/1042855255089623100/1501271173588193290/1503177518499233970
BTCUSDT-2026-05-11-short,BTCUSDT,short,stop_set,2026-05-10T23:30:48Z,1778455848098.0,83650.0,,59,published stop,https://discord.com/channels/1042855255089623100/1501271173588193290/1503177518499233970
BTCUSDT-2026-05-11-short,BTCUSDT,short,target_set,2026-05-10T23:30:48Z,1778455848098.0,80000.0,,59,TP1 as published,https://discord.com/channels/1042855255089623100/1501271173588193290/1503177518499233970
BTCUSDT-2026-05-11-short,BTCUSDT,short,target_set,2026-05-10T23:30:48Z,1778455848098.0,81000.0,,59,TP2 as published,https://discord.com/channels/1042855255089623100/1501271173588193290/1503177518499233970
BTCUSDT-2026-05-11-short,BTCUSDT,short,entry,2026-05-10T23:30:48Z,1778455848098.0,82202.8,,59,,https://discord.com/channels/1042855255089623100/1501271173588193290/1503177518499233970
BTCUSDT-2026-05-11-short,BTCUSDT,short,exit,2026-05-11T00:58:37Z,1778461117677.0,81302.9,100.0,61,manual_close,https://discord.com/channels/1042855255089623100/1501271173588193290/1503199620715642910
ZROUSDT-2026-05-11-long,ZROUSDT,long,partial_close,2026-05-11T06:12:24Z,1778479944480.0,1.5369,20.0,67,+189.93% on the 50x,https://discord.com/channels/1042855255089623100/1501271173588193290/1503278586050777149
BTCUSDT-2026-05-11-long,BTCUSDT,long,signal,2026-05-11T06:13:29Z,1778480009890.0,80900.0,,62,80.9k CMP in the public call; he had already started scaling in from 80.6k before publishing it (msg 68). No DCA on this one.,https://discord.com/channels/1042855255089623100/1501271173588193290/1503199754027270164
BTCUSDT-2026-05-11-long,BTCUSDT,long,stop_set,2026-05-11T06:13:29Z,1778480009890.0,79500.0,,62,published stop,https://discord.com/channels/1042855255089623100/1501271173588193290/1503199754027270164
BTCUSDT-2026-05-11-long,BTCUSDT,long,target_set,2026-05-11T06:13:29Z,1778480009890.0,81500.0,,62,TP1 as published,https://discord.com/channels/1042855255089623100/1501271173588193290/1503199754027270164
BTCUSDT-2026-05-11-long,BTCUSDT,long,target_set,2026-05-11T06:13:29Z,1778480009890.0,81600.0,,62,TP2 as published,https://discord.com/channels/1042855255089623100/1501271173588193290/1503199754027270164
BTCUSDT-2026-05-11-long,BTCUSDT,long,entry,2026-05-11T06:13:29Z,1778480009890.0,80914.2,,62,,https://discord.com/channels/1042855255089623100/1501271173588193290/1503199754027270164
ZROUSDT-2026-05-11-long,ZROUSDT,long,exit,2026-05-11T09:32:58Z,1778491978060.0,1.5457,100.0,73,take_profit,https://discord.com/channels/1042855255089623100/1501271173588193290/1503329108246138890
BTCUSDT-2026-05-11-long,BTCUSDT,long,target_move,2026-05-11T10:42:47Z,1778496167011.0,81500.0,,74,new targets 81500|81600,https://discord.com/channels/1042855255089623100/1501271173588193290/1503346628277571636
BTCUSDT-2026-05-11-long,BTCUSDT,long,exit,2026-05-11T16:32:08Z,1778517128207.0,81798.7,100.0,76,manual_close,https://discord.com/channels/1042855255089623100/1501271173588193290/1503434974102163536
BTCUSDT-2026-05-12-long,BTCUSDT,long,signal,2026-05-12T01:30:58Z,1778549458575.0,81300.0,,79,"Half at 81.3k, half at the 80.7k DCA; he flagged it as slightly risky so followers could go half risk or simply enter at the DCA",https://discord.com/channels/1042855255089623100/1501271173588193290/1503570149297360977
BTCUSDT-2026-05-12-long,BTCUSDT,long,stop_set,2026-05-12T01:30:58Z,1778549458575.0,79500.0,,79,published stop,https://discord.com/channels/1042855255089623100/1501271173588193290/1503570149297360977
BTCUSDT-2026-05-12-long,BTCUSDT,long,entry,2026-05-12T01:30:58Z,1778549458575.0,81000.0,,79,,https://discord.com/channels/1042855255089623100/1501271173588193290/1503570149297360977
BTCUSDT-2026-05-12-long,BTCUSDT,long,dca_fill,2026-05-12T01:50:49Z,1778550649078.0,80700.0,,80,"DCA leg filled 20 minutes after the call, blended average 81k and already in profit",https://discord.com/channels/1042855255089623100/1501271173588193290/1503575142628851752
STABLEUSDT-2026-05-09-long,STABLEUSDT,long,target_move,2026-05-12T03:19:25Z,1778555965585.0,0.03737,,82,new targets 0.03737,https://discord.com/channels/1042855255089623100/1501271173588193290/1503597441675558924
STABLEUSDT-2026-05-09-long,STABLEUSDT,long,partial_close,2026-05-12T03:49:52Z,1778557792425.0,0.03737,100.0,83,accidentally closed the whole position on that exchange at TP1 for +200.92% at 25x; a second copy on MEXC stayed open,https://discord.com/channels/1042855255089623100/1501271173588193290/1503605103997882428
XRPUSDT-2026-05-12-long,XRPUSDT,long,signal,2026-05-12T12:01:26Z,1778587286656.0,1.448,,85,1.448 CMP,https://discord.com/channels/1042855255089623100/1501271173588193290/1503728811768811663
XRPUSDT-2026-05-12-long,XRPUSDT,long,stop_set,2026-05-12T12:01:26Z,1778587286656.0,1.4,,85,published stop,https://discord.com/channels/1042855255089623100/1501271173588193290/1503728811768811663
XRPUSDT-2026-05-12-long,XRPUSDT,long,target_set,2026-05-12T12:01:26Z,1778587286656.0,1.5,,85,TP1 as published,https://discord.com/channels/1042855255089623100/1501271173588193290/1503728811768811663
XRPUSDT-2026-05-12-long,XRPUSDT,long,target_set,2026-05-12T12:01:26Z,1778587286656.0,1.525,,85,TP2 as published,https://discord.com/channels/1042855255089623100/1501271173588193290/1503728811768811663
XRPUSDT-2026-05-12-long,XRPUSDT,long,entry,2026-05-12T12:01:26Z,1778587286656.0,1.4497,,85,,https://discord.com/channels/1042855255089623100/1501271173588193290/1503728811768811663
STABLEUSDT-2026-05-09-long,STABLEUSDT,long,exit,2026-05-13T03:13:16Z,1778641996384.0,0.04,100.0,89,take_profit,https://discord.com/channels/1042855255089623100/1501271173588193290/1503958280999796848
BTCUSDT-2026-05-12-long,BTCUSDT,long,target_move,2026-05-13T03:14:46Z,1778642086257.0,82000.0,,90,new targets 82000,https://discord.com/channels/1042855255089623100/1501271173588193290/1503958657954484376
ETHUSDT-2026-05-13-long,ETHUSDT,long,signal,2026-05-13T03:41:20Z,1778643680884.0,2293.0,,91,2293 CMP; the message went out late and he confirmed the entry was still good at 2298,https://discord.com/channels/1042855255089623100/1501271173588193290/1503965346304884828
ETHUSDT-2026-05-13-long,ETHUSDT,long,stop_set,2026-05-13T03:41:20Z,1778643680884.0,2245.0,,91,published stop,https://discord.com/channels/1042855255089623100/1501271173588193290/1503965346304884828
ETHUSDT-2026-05-13-long,ETHUSDT,long,target_set,2026-05-13T03:41:20Z,1778643680884.0,2336.0,,91,TP1 as published,https://discord.com/channels/1042855255089623100/1501271173588193290/1503965346304884828
ETHUSDT-2026-05-13-long,ETHUSDT,long,entry,2026-05-13T03:41:20Z,1778643680884.0,2293.0,,91,,https://discord.com/channels/1042855255089623100/1501271173588193290/1503965346304884828
SOLUSDT-2026-05-13-long,SOLUSDT,long,signal,2026-05-13T03:52:43Z,1778644363356.0,95.5,,93,95.5 CMP,https://discord.com/channels/1042855255089623100/1501271173588193290/1503968208800190536
SOLUSDT-2026-05-13-long,SOLUSDT,long,stop_set,2026-05-13T03:52:43Z,1778644363356.0,93.5,,93,published stop,https://discord.com/channels/1042855255089623100/1501271173588193290/1503968208800190536
SOLUSDT-2026-05-13-long,SOLUSDT,long,target_set,2026-05-13T03:52:43Z,1778644363356.0,97.0,,93,TP1 as published,https://discord.com/channels/1042855255089623100/1501271173588193290/1503968208800190536
SOLUSDT-2026-05-13-long,SOLUSDT,long,entry,2026-05-13T04:02:05Z,1778644925277.0,95.53,,93,,https://discord.com/channels/1042855255089623100/1501271173588193290/1503968208800190536
ETHUSDT-2026-05-13-long,ETHUSDT,long,target_move,2026-05-13T04:21:45Z,1778646105405.0,2336.0,,95,new targets 2336,https://discord.com/channels/1042855255089623100/1501271173588193290/1503975515483275366
SOLUSDT-2026-05-13-long,SOLUSDT,long,exit,2026-05-13T09:11:15Z,1778663475836.0,95.7,100.0,97,manual_close,https://discord.com/channels/1042855255089623100/1501271173588193290/1504048450424016986
BTCUSDT-2026-05-12-long,BTCUSDT,long,target_move,2026-05-13T09:12:53Z,1778663573418.0,82000.0,,98,new targets 82000,https://discord.com/channels/1042855255089623100/1501271173588193290/1504048781639942176
BTCUSDT-2026-05-12-long,BTCUSDT,long,exit,2026-05-13T15:15:09Z,1778685309702.0,,100.0,99,stop_loss,https://discord.com/channels/1042855255089623100/1501271173588193290/1504139950222872757
BTCUSDT-2026-05-13-long,BTCUSDT,long,signal,2026-05-13T15:16:30Z,1778685390019.0,79400.0,,100,CMP entry (msg 101) with about 25% of size held back for the DCA,https://discord.com/channels/1042855255089623100/1501271173588193290/1504140287096651806
BTCUSDT-2026-05-13-long,BTCUSDT,long,stop_set,2026-05-13T15:16:30Z,1778685390019.0,77900.0,,100,published stop,https://discord.com/channels/1042855255089623100/1501271173588193290/1504140287096651806
BTCUSDT-2026-05-13-long,BTCUSDT,long,target_set,2026-05-13T15:16:30Z,1778685390019.0,82000.0,,100,TP1 as published,https://discord.com/channels/1042855255089623100/1501271173588193290/1504140287096651806
BTCUSDT-2026-05-13-long,BTCUSDT,long,entry,2026-05-13T15:16:30Z,1778685390019.0,79284.35,,100,,https://discord.com/channels/1042855255089623100/1501271173588193290/1504140287096651806
SOLUSDT-2026-05-14-long,SOLUSDT,long,signal,2026-05-14T00:17:11Z,1778717831020.0,91.25,,103,91.25 CMP,https://discord.com/channels/1042855255089623100/1501271173588193290/1504276354516910202
SOLUSDT-2026-05-14-long,SOLUSDT,long,stop_set,2026-05-14T00:17:11Z,1778717831020.0,87.5,,103,published stop,https://discord.com/channels/1042855255089623100/1501271173588193290/1504276354516910202
SOLUSDT-2026-05-14-long,SOLUSDT,long,entry,2026-05-14T00:17:11Z,1778717831020.0,91.05,,103,,https://discord.com/channels/1042855255089623100/1501271173588193290/1504276354516910202
BBUSDT-2026-05-14-long,BBUSDT,long,signal,2026-05-14T00:18:10Z,1778717890571.0,0.03535,,104,"0.03535 CMP, risky half-margin trade",https://discord.com/channels/1042855255089623100/1501271173588193290/1504276604292042863
BBUSDT-2026-05-14-long,BBUSDT,long,stop_set,2026-05-14T00:18:10Z,1778717890571.0,0.3,,104,published stop,https://discord.com/channels/1042855255089623100/1501271173588193290/1504276604292042863
BBUSDT-2026-05-14-long,BBUSDT,long,target_set,2026-05-14T00:18:10Z,1778717890571.0,0.39,,104,TP1 as published,https://discord.com/channels/1042855255089623100/1501271173588193290/1504276604292042863
BBUSDT-2026-05-14-long,BBUSDT,long,target_set,2026-05-14T00:18:10Z,1778717890571.0,0.41,,104,TP2 as published,https://discord.com/channels/1042855255089623100/1501271173588193290/1504276604292042863
BBUSDT-2026-05-14-long,BBUSDT,long,entry,2026-05-14T00:18:10Z,1778717890571.0,0.03538,,104,,https://discord.com/channels/1042855255089623100/1501271173588193290/1504276604292042863
BBUSDT-2026-05-14-long,BBUSDT,long,target_move,2026-05-14T00:52:57Z,1778719977166.0,0.404,,105,new targets 0.404,https://discord.com/channels/1042855255089623100/1501271173588193290/1504285356105662576
SOLUSDT-2026-05-14-long,SOLUSDT,long,stop_move,2026-05-14T00:53:31Z,1778720011172.0,,,106,tightened_unspecified,https://discord.com/channels/1042855255089623100/1501271173588193290/1504285498737164389
ENSUSDT-2026-05-14-long,ENSUSDT,long,signal,2026-05-14T07:40:51Z,1778744451590.0,6.89,,107,6.89 CMP,https://discord.com/channels/1042855255089623100/1501271173588193290/1504388009280278589
ENSUSDT-2026-05-14-long,ENSUSDT,long,stop_set,2026-05-14T07:40:51Z,1778744451590.0,6.3,,107,published stop,https://discord.com/channels/1042855255089623100/1501271173588193290/1504388009280278589
ENSUSDT-2026-05-14-long,ENSUSDT,long,target_set,2026-05-14T07:40:51Z,1778744451590.0,7.69,,107,TP1 as published,https://discord.com/channels/1042855255089623100/1501271173588193290/1504388009280278589
ENSUSDT-2026-05-14-long,ENSUSDT,long,entry,2026-05-14T07:40:51Z,1778744451590.0,6.9,,107,,https://discord.com/channels/1042855255089623100/1501271173588193290/1504388009280278589
BTCUSDT-2026-05-13-long,BTCUSDT,long,dca_fill,2026-05-14T14:30:30Z,1778769030106.0,79000.0,,108,25% DCA filled - confirmed when he posted the 79.2k average running in heavy profit; the actual fill time was never stated,https://discord.com/channels/1042855255089623100/1501271173588193290/1504491099048251594
SOLUSDT-2026-05-14-long,SOLUSDT,long,exit,2026-05-14T14:30:30Z,1778769030106.0,91.46,100.0,108,manual_close,https://discord.com/channels/1042855255089623100/1501271173588193290/1504491099048251594
XRPUSDT-2026-05-12-long,XRPUSDT,long,exit,2026-05-14T14:30:30Z,1778769030106.0,1.4531,100.0,124,manual_close,https://discord.com/channels/1042855255089623100/1501271173588193290/1504557414853115985
BTCUSDT-2026-05-13-long,BTCUSDT,long,exit,2026-05-14T15:02:51Z,1778770971374.0,80893.8,100.0,116,manual_close,https://discord.com/channels/1042855255089623100/1501271173588193290/1504501973599387790
ENSUSDT-2026-05-14-long,ENSUSDT,long,partial_close,2026-05-14T15:03:36Z,1778771016963.0,7.171,50.0,113,+190.71% at 50x; told followers they could close completely,https://discord.com/channels/1042855255089623100/1501271173588193290/1504499432530509967
ENSUSDT-2026-05-14-long,ENSUSDT,long,exit,2026-05-14T16:19:52Z,1778775592109.0,7.135,100.0,120,manual_close,https://discord.com/channels/1042855255089623100/1501271173588193290/1504518622083551303
BTCUSDT-2026-05-14-long,BTCUSDT,long,signal,2026-05-14T17:27:12Z,1778779632250.0,81300.0,,122,"81.3k CMP (msg 123), half margin by his own instruction",https://discord.com/channels/1042855255089623100/1501271173588193290/1504535567663235103
BTCUSDT-2026-05-14-long,BTCUSDT,long,stop_set,2026-05-14T17:27:12Z,1778779632250.0,79500.0,,122,published stop,https://discord.com/channels/1042855255089623100/1501271173588193290/1504535567663235103
BTCUSDT-2026-05-14-long,BTCUSDT,long,target_set,2026-05-14T17:27:12Z,1778779632250.0,83000.0,,122,TP1 as published,https://discord.com/channels/1042855255089623100/1501271173588193290/1504535567663235103
BTCUSDT-2026-05-14-long,BTCUSDT,long,target_set,2026-05-14T17:27:12Z,1778779632250.0,84000.0,,122,TP2 as published,https://discord.com/channels/1042855255089623100/1501271173588193290/1504535567663235103
BTCUSDT-2026-05-14-long,BTCUSDT,long,entry,2026-05-14T17:27:12Z,1778779632250.0,81300.0,,122,,https://discord.com/channels/1042855255089623100/1501271173588193290/1504535567663235103
HBARUSDT-2026-05-15-long,HBARUSDT,long,signal,2026-05-14T23:59:36Z,1778803176285.0,0.0948,,125,CMP,https://discord.com/channels/1042855255089623100/1501271173588193290/1504634318503546950
HBARUSDT-2026-05-15-long,HBARUSDT,long,stop_set,2026-05-14T23:59:36Z,1778803176285.0,0.089,,125,published stop,https://discord.com/channels/1042855255089623100/1501271173588193290/1504634318503546950
HBARUSDT-2026-05-15-long,HBARUSDT,long,target_set,2026-05-14T23:59:36Z,1778803176285.0,0.1,,125,TP1 as published,https://discord.com/channels/1042855255089623100/1501271173588193290/1504634318503546950
HBARUSDT-2026-05-15-long,HBARUSDT,long,target_set,2026-05-14T23:59:36Z,1778803176285.0,0.105,,125,TP2 as published,https://discord.com/channels/1042855255089623100/1501271173588193290/1504634318503546950
HBARUSDT-2026-05-15-long,HBARUSDT,long,entry,2026-05-14T23:59:36Z,1778803176285.0,0.0948,,125,,https://discord.com/channels/1042855255089623100/1501271173588193290/1504634318503546950
BBUSDT-2026-05-14-long,BBUSDT,long,exit,2026-05-15T00:20:30Z,1778804430974.0,0.0371,100.0,127,manual_close,https://discord.com/channels/1042855255089623100/1501271173588193290/1504639581050638448
BTCUSDT-2026-05-14-long,BTCUSDT,long,exit,2026-05-16T01:15:48Z,1778894148255.0,,100.0,128,stop_loss,https://discord.com/channels/1042855255089623100/1501271173588193290/1505015882601201765
PARTIUSDT-2026-05-16-long,PARTIUSDT,long,signal,2026-05-16T01:23:08Z,1778894588444.0,0.0615,,129,0.0615 CMP with a 30% DCA leg below,https://discord.com/channels/1042855255089623100/1501271173588193290/1505017728887689278
PARTIUSDT-2026-05-16-long,PARTIUSDT,long,stop_set,2026-05-16T01:23:08Z,1778894588444.0,0.0525,,129,published stop,https://discord.com/channels/1042855255089623100/1501271173588193290/1505017728887689278
PARTIUSDT-2026-05-16-long,PARTIUSDT,long,target_set,2026-05-16T01:23:08Z,1778894588444.0,0.07,,129,TP1 as published,https://discord.com/channels/1042855255089623100/1501271173588193290/1505017728887689278
PARTIUSDT-2026-05-16-long,PARTIUSDT,long,target_set,2026-05-16T01:23:08Z,1778894588444.0,0.075,,129,TP2 as published,https://discord.com/channels/1042855255089623100/1501271173588193290/1505017728887689278
PARTIUSDT-2026-05-16-long,PARTIUSDT,long,entry,2026-05-16T01:23:08Z,1778894588444.0,0.606,,129,,https://discord.com/channels/1042855255089623100/1501271173588193290/1505017728887689278
LINKUSDT-2026-05-16-long,LINKUSDT,long,signal,2026-05-16T01:26:35Z,1778894795347.0,,,130,"CMP, and only if strength appeared in the market",https://discord.com/channels/1042855255089623100/1501271173588193290/1505018596701638706
LINKUSDT-2026-05-16-long,LINKUSDT,long,stop_set,2026-05-16T01:26:35Z,1778894795347.0,9.6,,130,published stop,https://discord.com/channels/1042855255089623100/1501271173588193290/1505018596701638706
BTCUSDT-2026-05-16-long,BTCUSDT,long,signal,2026-05-16T09:58:40Z,1778925520942.0,78000.0,,133,"CMP at the time (78k), a 5m-timeframe entry for people who like LTF entries",https://discord.com/channels/1042855255089623100/1501271173588193290/1505102808389783632
BTCUSDT-2026-05-16-long,BTCUSDT,long,stop_set,2026-05-16T09:58:40Z,1778925520942.0,77700.0,,133,published stop,https://discord.com/channels/1042855255089623100/1501271173588193290/1505102808389783632
ETHUSDT-2026-05-16-long,ETHUSDT,long,signal,2026-05-16T09:58:40Z,1778925520942.0,2170.0,,135,"floated as a 5m-timeframe idea at 2170 CMP, then actually entered at 2172 CMP with 0.5% margin/risk",https://discord.com/channels/1042855255089623100/1501271173588193290/1505147469187645451
ETHUSDT-2026-05-16-long,ETHUSDT,long,stop_set,2026-05-16T09:58:40Z,1778925520942.0,2145.0,,135,published stop,https://discord.com/channels/1042855255089623100/1501271173588193290/1505147469187645451
ETHUSDT-2026-05-16-long,ETHUSDT,long,entry,2026-05-16T10:35:54Z,1778927754256.0,2173.61,,135,,https://discord.com/channels/1042855255089623100/1501271173588193290/1505147469187645451
BTCUSDT-2026-05-16-long-2,BTCUSDT,long,signal,2026-05-16T16:29:46Z,1778948986189.0,,,139,"CMP at 05-16 19:29 - no price given in the call; the card he posted the next day shows an entry of 78,041.30",https://discord.com/channels/1042855255089623100/1501271173588193290/1505245889567002787
BTCUSDT-2026-05-16-long-2,BTCUSDT,long,stop_set,2026-05-16T16:29:46Z,1778948986189.0,76900.0,,139,published stop,https://discord.com/channels/1042855255089623100/1501271173588193290/1505245889567002787
BTCUSDT-2026-05-16-long-2,BTCUSDT,long,entry,2026-05-16T16:29:46Z,1778948986189.0,78041.3,,139,,https://discord.com/channels/1042855255089623100/1501271173588193290/1505245889567002787
PARTIUSDT-2026-05-16-long,PARTIUSDT,long,dca_fill,2026-05-16T16:29:46Z,1778948986189.0,,30.0,139,fill implied by the average moving to 0.606 (as posted; reads as 0.0606) with the position in profit - he never posted a fill price,https://discord.com/channels/1042855255089623100/1501271173588193290/1505245889567002787
ETHUSDT-2026-05-16-long,ETHUSDT,long,partial_close,2026-05-17T10:34:36Z,1779014076402.0,2194.45,25.0,140,"past 1R (+90.57% at 100x); posted as 'you can take 25-50% here' - follower guidance, his own trim not confirmed",https://discord.com/channels/1042855255089623100/1501271173588193290/1505518897707876503
ETHUSDT-2026-05-16-long,ETHUSDT,long,exit,2026-05-18T00:50:15Z,1779065415396.0,,100.0,143,breakeven,https://discord.com/channels/1042855255089623100/1501271173588193290/1505734229055766528
HBARUSDT-2026-05-15-long,HBARUSDT,long,exit,2026-05-18T00:50:21Z,1779065421686.0,,100.0,144,stop_loss,https://discord.com/channels/1042855255089623100/1501271173588193290/1505734255437811722
BTCUSDT-2026-05-18-long,BTCUSDT,long,signal,2026-05-18T00:50:36Z,1779065436705.0,77000.0,,145,77k CMP; 50% of size held back for the 76.4k DCA,https://discord.com/channels/1042855255089623100/1501271173588193290/1505734318432059444
BTCUSDT-2026-05-18-long,BTCUSDT,long,stop_set,2026-05-18T00:50:36Z,1779065436705.0,75400.0,,145,published stop,https://discord.com/channels/1042855255089623100/1501271173588193290/1505734318432059444
BTCUSDT-2026-05-18-long,BTCUSDT,long,entry,2026-05-18T00:50:36Z,1779065436705.0,76704.7,,145,,https://discord.com/channels/1042855255089623100/1501271173588193290/1505734318432059444
BTCUSDT-2026-05-18-long,BTCUSDT,long,target_move,2026-05-18T07:35:37Z,1779089737200.0,77800.0,,147,new targets 77800,https://discord.com/channels/1042855255089623100/1501271173588193290/1505836242095575120
BOMEUSDT-2026-05-18-long,BOMEUSDT,long,signal,2026-05-18T14:05:56Z,1779113156243.0,0.000599,,150,"0.000599 CMP, framed as a scalp on a shitcoin",https://discord.com/channels/1042855255089623100/1501271173588193290/1505934468681306273
BOMEUSDT-2026-05-18-long,BOMEUSDT,long,stop_set,2026-05-18T14:05:56Z,1779113156243.0,0.00053,,150,published stop,https://discord.com/channels/1042855255089623100/1501271173588193290/1505934468681306273
BOMEUSDT-2026-05-18-long,BOMEUSDT,long,target_set,2026-05-18T14:05:56Z,1779113156243.0,0.00064,,150,TP1 as published,https://discord.com/channels/1042855255089623100/1501271173588193290/1505934468681306273
BOMEUSDT-2026-05-18-long,BOMEUSDT,long,target_set,2026-05-18T14:05:56Z,1779113156243.0,0.000669,,150,TP2 as published,https://discord.com/channels/1042855255089623100/1501271173588193290/1505934468681306273
BOMEUSDT-2026-05-18-long,BOMEUSDT,long,entry,2026-05-18T14:05:56Z,1779113156243.0,0.0005998,,150,,https://discord.com/channels/1042855255089623100/1501271173588193290/1505934468681306273
BTCUSDT-2026-05-18-long,BTCUSDT,long,dca_fill,2026-05-18T14:25:57Z,1779114357362.0,76400.0,,152,"50% DCA filled, average entry 76.7k and in profit",https://discord.com/channels/1042855255089623100/1501271173588193290/1505939506539270207
ZECUSDT-2026-05-18-long,ZECUSDT,long,signal,2026-05-18T19:14:08Z,1779131648295.0,544.0,,153,544 CMP,https://discord.com/channels/1042855255089623100/1501271173588193290/1506012029968977950
ZECUSDT-2026-05-18-long,ZECUSDT,long,stop_set,2026-05-18T19:14:08Z,1779131648295.0,505.0,,153,published stop,https://discord.com/channels/1042855255089623100/1501271173588193290/1506012029968977950
ZECUSDT-2026-05-18-long,ZECUSDT,long,target_set,2026-05-18T19:14:08Z,1779131648295.0,580.0,,153,TP1 as published,https://discord.com/channels/1042855255089623100/1501271173588193290/1506012029968977950
ZECUSDT-2026-05-18-long,ZECUSDT,long,target_set,2026-05-18T19:14:08Z,1779131648295.0,600.0,,153,TP2 as published,https://discord.com/channels/1042855255089623100/1501271173588193290/1506012029968977950
ZECUSDT-2026-05-18-long,ZECUSDT,long,entry,2026-05-18T19:14:08Z,1779131648295.0,545.99,,153,,https://discord.com/channels/1042855255089623100/1501271173588193290/1506012029968977950
BOMEUSDT-2026-05-18-long,BOMEUSDT,long,stop_move,2026-05-19T01:02:19Z,1779152539615.0,0.0005998,,154,to_entry,https://discord.com/channels/1042855255089623100/1501271173588193290/1506099654516019330
BOMEUSDT-2026-05-18-long,BOMEUSDT,long,partial_close,2026-05-19T01:02:19Z,1779152539615.0,0.0006203,25.0,154,"+80.8% at 25x, taken alongside the stop move to entry",https://discord.com/channels/1042855255089623100/1501271173588193290/1506099654516019330
ZECUSDT-2026-05-18-long,ZECUSDT,long,stop_move,2026-05-19T01:26:18Z,1779153978346.0,545.99,,155,to_entry,https://discord.com/channels/1042855255089623100/1501271173588193290/1506105688991207505
ZECUSDT-2026-05-18-long,ZECUSDT,long,partial_close,2026-05-19T01:26:18Z,1779153978346.0,572.12,20.0,155,"+358.87% on the 75x, taken with the stop moved to entry",https://discord.com/channels/1042855255089623100/1501271173588193290/1506105688991207505
BOMEUSDT-2026-05-18-long,BOMEUSDT,long,exit,2026-05-19T07:30:37Z,1779175837799.0,,100.0,156,take_profit,https://discord.com/channels/1042855255089623100/1501271173588193290/1506197374182228020
SUIUSDT-2026-05-19-long,SUIUSDT,long,signal,2026-05-19T07:48:14Z,1779176894757.0,1.09,,157,"1.09 CMP, deliberately taken small so there was room to add",https://discord.com/channels/1042855255089623100/1501271173588193290/1506201807385264220
SUIUSDT-2026-05-19-long,SUIUSDT,long,stop_set,2026-05-19T07:48:14Z,1779176894757.0,1.01,,157,published stop,https://discord.com/channels/1042855255089623100/1501271173588193290/1506201807385264220
SUIUSDT-2026-05-19-long,SUIUSDT,long,entry,2026-05-19T07:48:14Z,1779176894757.0,1.0738,,157,,https://discord.com/channels/1042855255089623100/1501271173588193290/1506201807385264220
ZECUSDT-2026-05-18-long,ZECUSDT,long,target_move,2026-05-19T18:04:20Z,1779213860800.0,592.0,,158,new targets 592,https://discord.com/channels/1042855255089623100/1501271173588193290/1506356854207545494
ZECUSDT-2026-05-18-long,ZECUSDT,long,partial_close,2026-05-19T18:04:20Z,1779213860800.0,581.92,,158,"'booked majority here', around 1R, card at +493.44%",https://discord.com/channels/1042855255089623100/1501271173588193290/1506356854207545494
SUIUSDT-2026-05-19-long,SUIUSDT,long,stop_move,2026-05-20T00:44:06Z,1779237846132.0,1.0,,159,widened,https://discord.com/channels/1042855255089623100/1501271173588193290/1506457455981498471
SUIUSDT-2026-05-19-long,SUIUSDT,long,dca_fill,2026-05-20T05:33:19Z,1779255199502.0,,25.0,161,"a small 25% DCA - he only gave the resulting average, 1.076. The separate DCA card in msg 173 shows a 100x leg entered at 1.0481",https://discord.com/channels/1042855255089623100/1501271173588193290/1506530241290571798
ZECUSDT-2026-05-18-long,ZECUSDT,long,dca_fill,2026-05-20T06:20:41Z,1779258041803.0,582.0,,163,"'saw strength and added alot at 582' - the added leg's own card shows entry 580.25. The add happened before this message, which is where he explains the changed average",https://discord.com/channels/1042855255089623100/1501271173588193290/1506542162765025323
ZECUSDT-2026-05-18-long,ZECUSDT,long,exit,2026-05-20T06:20:47Z,1779258047685.0,592.0,100.0,166,take_profit,https://discord.com/channels/1042855255089623100/1501271173588193290/1506542229274230875
BTCUSDT-2026-05-18-long,BTCUSDT,long,target_move,2026-05-20T13:23:21Z,1779283401095.0,78500.0,,167,new targets 78500,https://discord.com/channels/1042855255089623100/1501271173588193290/1506648527345025034
BONKUSDT-2026-05-20-long,BONKUSDT,long,signal,2026-05-20T17:35:41Z,1779298541262.0,0.614,,168,0.614 CMP in his quoted scale; he later apologised that the posted entry may be off because of a sharp pump,https://discord.com/channels/1042855255089623100/1501271173588193290/1506712029807775888
BONKUSDT-2026-05-20-long,BONKUSDT,long,stop_set,2026-05-20T17:35:41Z,1779298541262.0,0.578,,168,published stop,https://discord.com/channels/1042855255089623100/1501271173588193290/1506712029807775888
BONKUSDT-2026-05-20-long,BONKUSDT,long,target_set,2026-05-20T17:35:41Z,1779298541262.0,0.6323,,168,TP1 as published,https://discord.com/channels/1042855255089623100/1501271173588193290/1506712029807775888
BONKUSDT-2026-05-20-long,BONKUSDT,long,entry,2026-05-20T17:35:41Z,1779298541262.0,0.006158,,168,,https://discord.com/channels/1042855255089623100/1501271173588193290/1506712029807775888
BTCUSDT-2026-05-18-long,BTCUSDT,long,exit,2026-05-21T01:30:48Z,1779327048709.0,77826.3,100.0,170,manual_close,https://discord.com/channels/1042855255089623100/1501271173588193290/1506831598707019827
SUIUSDT-2026-05-19-long,SUIUSDT,long,target_move,2026-05-21T02:03:46Z,1779329026308.0,1.14,,171,new targets 1.14|1.23,https://discord.com/channels/1042855255089623100/1501271173588193290/1506839893358284901
SUIUSDT-2026-05-19-long,SUIUSDT,long,exit,2026-05-21T02:57:24Z,1779332244556.0,1.14,100.0,173,take_profit,https://discord.com/channels/1042855255089623100/1501271173588193290/1506853455929544744
BTCUSDT-2026-05-21-long,BTCUSDT,long,signal,2026-05-21T12:31:36Z,1779366696898.0,77000.0,,177,"77k CMP (msg 178), with a 76k DCA leg",https://discord.com/channels/1042855255089623100/1501271173588193290/1506997895264600195
BTCUSDT-2026-05-21-long,BTCUSDT,long,stop_set,2026-05-21T12:31:36Z,1779366696898.0,75300.0,,177,published stop,https://discord.com/channels/1042855255089623100/1501271173588193290/1506997895264600195
BTCUSDT-2026-05-21-long,BTCUSDT,long,target_set,2026-05-21T12:31:36Z,1779366696898.0,78000.0,,177,TP1 as published,https://discord.com/channels/1042855255089623100/1501271173588193290/1506997895264600195
BTCUSDT-2026-05-21-long,BTCUSDT,long,entry,2026-05-21T12:31:36Z,1779366696898.0,77065.1,,177,,https://discord.com/channels/1042855255089623100/1501271173588193290/1506997895264600195
BTCUSDT-2026-05-21-long,BTCUSDT,long,target_move,2026-05-21T18:56:58Z,1779389818098.0,78400.0,,182,new targets 78400,https://discord.com/channels/1042855255089623100/1501271173588193290/1507094872606113904
WLDUSDT-2026-05-22-long,WLDUSDT,long,signal,2026-05-22T08:51:14Z,1779439874018.0,0.284,,183,two options - 0.279 on limit or 0.284 at market; his own card shows the 0.284 CMP entry,https://discord.com/channels/1042855255089623100/1501271173588193290/1507304822351855667
WLDUSDT-2026-05-22-long,WLDUSDT,long,stop_set,2026-05-22T08:51:14Z,1779439874018.0,0.265,,183,published stop,https://discord.com/channels/1042855255089623100/1501271173588193290/1507304822351855667
WLDUSDT-2026-05-22-long,WLDUSDT,long,target_set,2026-05-22T08:51:14Z,1779439874018.0,0.3,,183,TP1 as published,https://discord.com/channels/1042855255089623100/1501271173588193290/1507304822351855667
WLDUSDT-2026-05-22-long,WLDUSDT,long,target_set,2026-05-22T08:51:14Z,1779439874018.0,0.32,,183,TP2 as published,https://discord.com/channels/1042855255089623100/1501271173588193290/1507304822351855667
WLDUSDT-2026-05-22-long,WLDUSDT,long,entry,2026-05-22T08:51:14Z,1779439874018.0,0.284,,183,,https://discord.com/channels/1042855255089623100/1501271173588193290/1507304822351855667
XPLUSDT-2026-05-22-long,XPLUSDT,long,signal,2026-05-22T09:23:13Z,1779441793945.0,0.089,,185,0.089 CMP,https://discord.com/channels/1042855255089623100/1501271173588193290/1507312875109355660
XPLUSDT-2026-05-22-long,XPLUSDT,long,stop_set,2026-05-22T09:23:13Z,1779441793945.0,0.0836,,185,published stop,https://discord.com/channels/1042855255089623100/1501271173588193290/1507312875109355660
XPLUSDT-2026-05-22-long,XPLUSDT,long,target_set,2026-05-22T09:23:13Z,1779441793945.0,0.0946,,185,TP1 as published,https://discord.com/channels/1042855255089623100/1501271173588193290/1507312875109355660
XPLUSDT-2026-05-22-long,XPLUSDT,long,entry,2026-05-22T09:23:13Z,1779441793945.0,0.089,,185,,https://discord.com/channels/1042855255089623100/1501271173588193290/1507312875109355660
BONKUSDT-2026-05-20-long,BONKUSDT,long,partial_close,2026-05-22T13:02:49Z,1779454969857.0,0.006323,20.0,186,"'taking 20-25% only saving majority' at the first target, +199.88% at 75x",https://discord.com/channels/1042855255089623100/1501271173588193290/1507368138889494681
AVAXUSDT-2026-05-22-long,AVAXUSDT,long,signal,2026-05-22T13:19:59Z,1779455999630.0,9.569,,188,9.569 CMP,https://discord.com/channels/1042855255089623100/1501271173588193290/1507372458070773830
AVAXUSDT-2026-05-22-long,AVAXUSDT,long,stop_set,2026-05-22T13:19:59Z,1779455999630.0,9.13,,188,published stop,https://discord.com/channels/1042855255089623100/1501271173588193290/1507372458070773830
AVAXUSDT-2026-05-22-long,AVAXUSDT,long,target_set,2026-05-22T13:19:59Z,1779455999630.0,10.0,,188,TP1 as published,https://discord.com/channels/1042855255089623100/1501271173588193290/1507372458070773830
AVAXUSDT-2026-05-22-long,AVAXUSDT,long,entry,2026-05-22T13:19:59Z,1779455999630.0,9.569,,188,,https://discord.com/channels/1042855255089623100/1501271173588193290/1507372458070773830
WLDUSDT-2026-05-22-long,WLDUSDT,long,stop_move,2026-05-22T13:41:48Z,1779457308978.0,0.284,,190,to_entry,https://discord.com/channels/1042855255089623100/1501271173588193290/1507377949874192516
WLDUSDT-2026-05-22-long,WLDUSDT,long,partial_close,2026-05-22T13:41:48Z,1779457308978.0,0.2908,25.0,190,he told members to bank 25-50% here; 25 is the lower bound of that instruction and it is not certain how much he took himself,https://discord.com/channels/1042855255089623100/1501271173588193290/1507377949874192516
WLDUSDT-2026-05-22-long,WLDUSDT,long,exit,2026-05-22T15:35:51Z,1779464151342.0,,100.0,192,take_profit,https://discord.com/channels/1042855255089623100/1501271173588193290/1507406648829022390
BTCUSDT-2026-05-21-long,BTCUSDT,long,exit,2026-05-23T05:19:49Z,1779513589747.0,,100.0,193,stop_loss,https://discord.com/channels/1042855255089623100/1501271173588193290/1507614008528867399
BEATUSDT-2026-05-23-short,BEATUSDT,short,signal,2026-05-23T05:33:37Z,1779514417001.0,1.286,,194,1.286 CMP,https://discord.com/channels/1042855255089623100/1501271173588193290/1507617478283628544
BEATUSDT-2026-05-23-short,BEATUSDT,short,stop_set,2026-05-23T05:33:37Z,1779514417001.0,1.39,,194,published stop,https://discord.com/channels/1042855255089623100/1501271173588193290/1507617478283628544
BEATUSDT-2026-05-23-short,BEATUSDT,short,target_set,2026-05-23T05:33:37Z,1779514417001.0,1.08,,194,TP1 as published,https://discord.com/channels/1042855255089623100/1501271173588193290/1507617478283628544
BEATUSDT-2026-05-23-short,BEATUSDT,short,entry,2026-05-23T05:33:37Z,1779514417001.0,1.2875,,194,,https://discord.com/channels/1042855255089623100/1501271173588193290/1507617478283628544
BEATUSDT-2026-05-23-short,BEATUSDT,short,partial_close,2026-05-23T06:21:38Z,1779517298222.0,1.169,60.0,195,"1.5R, +921.08% on the 100x - taken specifically to recover one previous stop-loss",https://discord.com/channels/1042855255089623100/1501271173588193290/1507629563000258671
BEATUSDT-2026-05-23-short,BEATUSDT,short,stop_move,2026-05-23T06:28:32Z,1779517712773.0,1.27,,196,into_profit,https://discord.com/channels/1042855255089623100/1501271173588193290/1507631301753045062
JCTUSDT-2026-05-23-short,JCTUSDT,short,signal,2026-05-23T07:35:06Z,1779521706159.0,0.004,,197,CMP,https://discord.com/channels/1042855255089623100/1501271173588193290/1507648051228180510
JCTUSDT-2026-05-23-short,JCTUSDT,short,stop_set,2026-05-23T07:35:06Z,1779521706159.0,0.00426,,197,published stop,https://discord.com/channels/1042855255089623100/1501271173588193290/1507648051228180510
JCTUSDT-2026-05-23-short,JCTUSDT,short,target_set,2026-05-23T07:35:06Z,1779521706159.0,0.00369,,197,TP1 as published,https://discord.com/channels/1042855255089623100/1501271173588193290/1507648051228180510
JCTUSDT-2026-05-23-short,JCTUSDT,short,entry,2026-05-23T07:35:06Z,1779521706159.0,0.004,,197,,https://discord.com/channels/1042855255089623100/1501271173588193290/1507648051228180510
ATOMUSDT-2026-05-23-short,ATOMUSDT,short,signal,2026-05-23T07:40:27Z,1779522027748.0,,,201,,https://discord.com/channels/1042855255089623100/1501271173588193290/1507649400069951499
HYPEUSDT-2026-05-23-long,HYPEUSDT,long,signal,2026-05-23T07:45:52Z,1779522352769.0,54.8,,202,"CMP; his own fill came a few minutes after he posted, at 54.991",https://discord.com/channels/1042855255089623100/1501271173588193290/1507650763307094026
HYPEUSDT-2026-05-23-long,HYPEUSDT,long,stop_set,2026-05-23T07:45:52Z,1779522352769.0,53.9,,202,published stop,https://discord.com/channels/1042855255089623100/1501271173588193290/1507650763307094026
HYPEUSDT-2026-05-23-long,HYPEUSDT,long,target_set,2026-05-23T07:45:52Z,1779522352769.0,56.4,,202,TP1 as published,https://discord.com/channels/1042855255089623100/1501271173588193290/1507650763307094026
HYPEUSDT-2026-05-23-long,HYPEUSDT,long,entry,2026-05-23T07:45:52Z,1779522352769.0,54.991,,202,,https://discord.com/channels/1042855255089623100/1501271173588193290/1507650763307094026
JCTUSDT-2026-05-23-short,JCTUSDT,short,stop_move,2026-05-23T07:52:47Z,1779522767687.0,0.004,,204,to_entry,https://discord.com/channels/1042855255089623100/1501271173588193290/1507652503599059055
JCTUSDT-2026-05-23-short,JCTUSDT,short,partial_close,2026-05-23T07:52:47Z,1779522767687.0,0.00387,10.0,204,took only 10% because BTC might bounce; capped follower trims at 10-20%,https://discord.com/channels/1042855255089623100/1501271173588193290/1507652503599059055
SUIUSDT-2026-05-23-long,SUIUSDT,long,signal,2026-05-23T08:13:43Z,1779524023744.0,1.0,,187,"entry 1, taken on half risk",https://discord.com/channels/1042855255089623100/1501271173588193290/1507368753677992070
SUIUSDT-2026-05-23-long,SUIUSDT,long,stop_set,2026-05-23T08:13:43Z,1779524023744.0,0.95,,187,published stop,https://discord.com/channels/1042855255089623100/1501271173588193290/1507368753677992070
SUIUSDT-2026-05-23-long,SUIUSDT,long,target_set,2026-05-23T08:13:43Z,1779524023744.0,1.05,,187,TP1 as published,https://discord.com/channels/1042855255089623100/1501271173588193290/1507368753677992070
SUIUSDT-2026-05-23-long,SUIUSDT,long,target_set,2026-05-23T08:13:43Z,1779524023744.0,1.11,,187,TP2 as published,https://discord.com/channels/1042855255089623100/1501271173588193290/1507368753677992070
SUIUSDT-2026-05-23-long,SUIUSDT,long,entry,2026-05-23T08:13:43Z,1779524023744.0,1.0014,,187,,https://discord.com/channels/1042855255089623100/1501271173588193290/1507368753677992070
HYPEUSDT-2026-05-23-long,HYPEUSDT,long,target_move,2026-05-23T08:50:21Z,1779526221384.0,58.0,,209,new targets 58,https://discord.com/channels/1042855255089623100/1501271173588193290/1507666989454200832
HYPEUSDT-2026-05-23-long,HYPEUSDT,long,exit,2026-05-23T08:50:21Z,1779526221384.0,,100.0,230,manual_close,https://discord.com/channels/1042855255089623100/1501271173588193290/1507794690198736996
BEATUSDT-2026-05-23-short,BEATUSDT,short,exit,2026-05-23T08:51:29Z,1779526289436.0,,100.0,210,breakeven,https://discord.com/channels/1042855255089623100/1501271173588193290/1507667274885103696
JCTUSDT-2026-05-23-short,JCTUSDT,short,target_move,2026-05-23T08:59:29Z,1779526769198.0,0.00375,,211,new targets 0.00375,https://discord.com/channels/1042855255089623100/1501271173588193290/1507669287152783431
BTCUSDT-2026-05-23-long,BTCUSDT,long,signal,2026-05-23T14:16:47Z,1779545807322.0,75100.0,,198,"75.1k CMP in the written call; his own fill on the challenge account was 75,166.50 and the main-account card shows 75,197.20",https://discord.com/channels/1042855255089623100/1501271173588193290/1507648122581680128
BTCUSDT-2026-05-23-long,BTCUSDT,long,stop_set,2026-05-23T14:16:47Z,1779545807322.0,72200.0,,198,published stop,https://discord.com/channels/1042855255089623100/1501271173588193290/1507648122581680128
BTCUSDT-2026-05-23-long,BTCUSDT,long,target_set,2026-05-23T14:16:47Z,1779545807322.0,76600.0,,198,TP1 as published,https://discord.com/channels/1042855255089623100/1501271173588193290/1507648122581680128
BTCUSDT-2026-05-23-long,BTCUSDT,long,target_set,2026-05-23T14:16:47Z,1779545807322.0,78000.0,,198,TP2 as published,https://discord.com/channels/1042855255089623100/1501271173588193290/1507648122581680128
BTCUSDT-2026-05-23-long,BTCUSDT,long,entry,2026-05-23T14:16:47Z,1779545807322.0,75197.2,,198,,https://discord.com/channels/1042855255089623100/1501271173588193290/1507648122581680128
BTCUSDT-2026-05-23-long,BTCUSDT,long,stop_move,2026-05-23T14:21:34Z,1779546094491.0,72220.0,,223,adjustment,https://discord.com/channels/1042855255089623100/1501271173588193290/1507750343306510447
FILUSDT-2026-05-23-long,FILUSDT,long,signal,2026-05-23T15:13:54Z,1779549234727.0,0.955,,227,0.946 limit or 0.955 CMP; the CMP option is the one his closed card shows,https://discord.com/channels/1042855255089623100/1501271173588193290/1507763514410930216
FILUSDT-2026-05-23-long,FILUSDT,long,stop_set,2026-05-23T15:13:54Z,1779549234727.0,0.892,,227,published stop,https://discord.com/channels/1042855255089623100/1501271173588193290/1507763514410930216
FILUSDT-2026-05-23-long,FILUSDT,long,target_set,2026-05-23T15:13:54Z,1779549234727.0,1.0,,227,TP1 as published,https://discord.com/channels/1042855255089623100/1501271173588193290/1507763514410930216
FILUSDT-2026-05-23-long,FILUSDT,long,entry,2026-05-23T15:13:54Z,1779549234727.0,0.955,,227,,https://discord.com/channels/1042855255089623100/1501271173588193290/1507763514410930216
SUIUSDT-2026-05-23-long,SUIUSDT,long,partial_close,2026-05-23T18:18:48Z,1779560328951.0,1.0539,,232,"'took some here' at +524.3% on the 100x; he had said he would take 25% only, but never confirmed the size",https://discord.com/channels/1042855255089623100/1501271173588193290/1507810046959161707
FILUSDT-2026-05-23-long,FILUSDT,long,exit,2026-05-23T20:42:34Z,1779568954278.0,1.0,100.0,234,take_profit,https://discord.com/channels/1042855255089623100/1501271173588193290/1507846224202694776
SUIUSDT-2026-05-23-long,SUIUSDT,long,target_move,2026-05-23T20:43:25Z,1779569005996.0,1.1,,236,new targets 1.1,https://discord.com/channels/1042855255089623100/1501271173588193290/1507846441123709070
SUIUSDT-2026-05-23-long,SUIUSDT,long,exit,2026-05-23T21:09:16Z,1779570556477.0,1.089,100.0,242,take_profit,https://discord.com/channels/1042855255089623100/1501271173588193290/1507852972460216501
BTCUSDT-2026-05-23-long,BTCUSDT,long,partial_close,2026-05-23T23:33:55Z,1779579235746.0,77000.0,25.0,246,revealed only when he closed - 'took 25% earlier at 77k'; the actual trim time was never stated,https://discord.com/channels/1042855255089623100/1501271173588193290/1507889347804790936
BTCUSDT-2026-05-23-long,BTCUSDT,long,exit,2026-05-23T23:33:55Z,1779579235746.0,76609.2,100.0,247,manual_close,https://discord.com/channels/1042855255089623100/1501271173588193290/1507889602613088368
BTCUSDT-2026-05-24-long,BTCUSDT,long,signal,2026-05-24T04:56:03Z,1779598563021.0,76750.0,,248,"76,750 CMP; he had said he wanted 75.7k (msg 248) but entered a full 1k higher five hours later",https://discord.com/channels/1042855255089623100/1501271173588193290/1507889791742644235
BTCUSDT-2026-05-24-long,BTCUSDT,long,stop_set,2026-05-24T04:56:03Z,1779598563021.0,74000.0,,248,published stop,https://discord.com/channels/1042855255089623100/1501271173588193290/1507889791742644235
BTCUSDT-2026-05-24-long,BTCUSDT,long,target_set,2026-05-24T04:56:03Z,1779598563021.0,78000.0,,248,TP1 as published,https://discord.com/channels/1042855255089623100/1501271173588193290/1507889791742644235
BTCUSDT-2026-05-24-long,BTCUSDT,long,entry,2026-05-24T04:56:03Z,1779598563021.0,76754.6,,248,,https://discord.com/channels/1042855255089623100/1501271173588193290/1507889791742644235
WLDUSDT-2026-05-25-long,WLDUSDT,long,signal,2026-05-25T09:08:46Z,1779700126427.0,,,259,"he flagged CMP with a 0.28 stop for anyone who wanted it, but said he would wait for a better entry himself and would signal - he got in at 0.302",https://discord.com/channels/1042855255089623100/1501271173588193290/1508396400071938109
WLDUSDT-2026-05-25-long,WLDUSDT,long,stop_set,2026-05-25T09:08:46Z,1779700126427.0,0.28,,259,published stop,https://discord.com/channels/1042855255089623100/1501271173588193290/1508396400071938109
WLDUSDT-2026-05-25-long,WLDUSDT,long,entry,2026-05-25T10:51:28Z,1779706288492.0,0.3023,,259,,https://discord.com/channels/1042855255089623100/1501271173588193290/1508396400071938109
WLDUSDT-2026-05-25-long,WLDUSDT,long,target_move,2026-05-25T17:49:52Z,1779731392060.0,0.32,,262,new targets 0.32|0.33,https://discord.com/channels/1042855255089623100/1501271173588193290/1508527537641492510
WLDUSDT-2026-05-25-long,WLDUSDT,long,partial_close,2026-05-25T17:49:52Z,1779731392060.0,0.3117,30.0,262,took 30% off and told followers they could take more like 50% since his entry was not the best,https://discord.com/channels/1042855255089623100/1501271173588193290/1508527537641492510
WLDUSDT-2026-05-25-long,WLDUSDT,long,exit,2026-05-25T18:35:21Z,1779734121520.0,0.32,100.0,266,take_profit,https://discord.com/channels/1042855255089623100/1501271173588193290/1508548926666440937
TAOUSDT-2026-05-26-long,TAOUSDT,long,signal,2026-05-26T05:42:49Z,1779774169537.0,287.0,,268,"CMP, 50% of size at the call with the other 50% reserved for a DCA around 270-275",https://discord.com/channels/1042855255089623100/1501271173588193290/1508706959384117248
TAOUSDT-2026-05-26-long,TAOUSDT,long,stop_set,2026-05-26T05:42:49Z,1779774169537.0,268.0,,268,published stop,https://discord.com/channels/1042855255089623100/1501271173588193290/1508706959384117248
TAOUSDT-2026-05-26-long,TAOUSDT,long,target_set,2026-05-26T05:42:49Z,1779774169537.0,300.0,,268,TP1 as published,https://discord.com/channels/1042855255089623100/1501271173588193290/1508706959384117248
TAOUSDT-2026-05-26-long,TAOUSDT,long,target_set,2026-05-26T05:42:49Z,1779774169537.0,315.0,,268,TP2 as published,https://discord.com/channels/1042855255089623100/1501271173588193290/1508706959384117248
TAOUSDT-2026-05-26-long,TAOUSDT,long,entry,2026-05-26T05:42:49Z,1779774169537.0,276.63,,268,,https://discord.com/channels/1042855255089623100/1501271173588193290/1508706959384117248
RENDERUSDT-2026-05-26-long,RENDERUSDT,long,signal,2026-05-26T07:46:30Z,1779781590466.0,2.33,,270,2.33 CMP with 50% of size now and 50% saved for a later DCA whose level was never given,https://discord.com/channels/1042855255089623100/1501271173588193290/1508738085016567928
RENDERUSDT-2026-05-26-long,RENDERUSDT,long,stop_set,2026-05-26T07:46:30Z,1779781590466.0,2.13,,270,published stop,https://discord.com/channels/1042855255089623100/1501271173588193290/1508738085016567928
RENDERUSDT-2026-05-26-long,RENDERUSDT,long,entry,2026-05-26T07:46:30Z,1779781590466.0,2.333,,270,,https://discord.com/channels/1042855255089623100/1501271173588193290/1508738085016567928
RENDERUSDT-2026-05-26-long,RENDERUSDT,long,partial_close,2026-05-26T10:49:37Z,1779792577617.0,2.416,50.0,273,+320.66% at 90x,https://discord.com/channels/1042855255089623100/1501271173588193290/1508784168467828776
RENDERUSDT-2026-05-26-long,RENDERUSDT,long,exit,2026-05-26T12:22:22Z,1779798142898.0,,100.0,274,stop_loss,https://discord.com/channels/1042855255089623100/1501271173588193290/1508807510948057202
BTCUSDT-2026-05-24-long,BTCUSDT,long,exit,2026-05-26T14:27:42Z,1779805662037.0,77906.3,100.0,280,take_profit,https://discord.com/channels/1042855255089623100/1501271173588193290/1508843675482849353
BTCUSDT-2026-05-27-long,BTCUSDT,long,signal,2026-05-27T00:18:30Z,1779841110582.0,75900.0,,281,"75.9k CMP for 50% of size, 25% for the DCA at 75k, 25% held in reserve",https://discord.com/channels/1042855255089623100/1501271173588193290/1508987730477060248
BTCUSDT-2026-05-27-long,BTCUSDT,long,stop_set,2026-05-27T00:18:30Z,1779841110582.0,73500.0,,281,published stop,https://discord.com/channels/1042855255089623100/1501271173588193290/1508987730477060248
BTCUSDT-2026-05-27-long,BTCUSDT,long,target_set,2026-05-27T00:18:30Z,1779841110582.0,77000.0,,281,TP1 as published,https://discord.com/channels/1042855255089623100/1501271173588193290/1508987730477060248
BTCUSDT-2026-05-27-long,BTCUSDT,long,entry,2026-05-27T00:18:30Z,1779841110582.0,75900.0,,281,,https://discord.com/channels/1042855255089623100/1501271173588193290/1508987730477060248
TAOUSDT-2026-05-26-long,TAOUSDT,long,dca_fill,2026-05-27T03:55:16Z,1779854116943.0,271.1,,285,"the reserved 50% add, inside the 270-275 zone he had flagged; confirmed filled in msg 286 where his card shows the blended entry at 276.63",https://discord.com/channels/1042855255089623100/1501271173588193290/1509042283108892712
TAOUSDT-2026-05-26-long,TAOUSDT,long,stop_move,2026-05-27T03:55:16Z,1779854116943.0,265.0,,285,tighten,https://discord.com/channels/1042855255089623100/1501271173588193290/1509042283108892712
TAOUSDT-2026-05-26-long,TAOUSDT,long,target_move,2026-05-27T15:41:39Z,1779896499851.0,282.0,,287,new targets 282|286,https://discord.com/channels/1042855255089623100/1501271173588193290/1509220049909715076
TAOUSDT-2026-05-26-long,TAOUSDT,long,partial_close,2026-05-27T15:41:39Z,1779896499851.0,280.0,10.0,287,"offloading only, because the position was heavy after the DCA; told followers not to take anything below 280",https://discord.com/channels/1042855255089623100/1501271173588193290/1509220049909715076
TAOUSDT-2026-05-26-long,TAOUSDT,long,stop_move,2026-05-28T00:18:40Z,1779927520848.0,263.0,,288,widen,https://discord.com/channels/1042855255089623100/1501271173588193290/1509350161401253999
BTCUSDT-2026-05-27-long,BTCUSDT,long,exit,2026-05-28T04:43:24Z,1779943404929.0,,100.0,290,stop_loss,https://discord.com/channels/1042855255089623100/1501271173588193290/1509416784065859685
TAOUSDT-2026-05-26-long,TAOUSDT,long,exit,2026-05-28T04:43:24Z,1779943404929.0,,100.0,290,stop_loss,https://discord.com/channels/1042855255089623100/1501271173588193290/1509416784065859685
BTCUSDT-2026-05-28-long,BTCUSDT,long,signal,2026-05-28T04:44:12Z,1779943452553.0,73000.0,,291,"73k, taken within a minute of the previous long being stopped; 'go lower than usual'",https://discord.com/channels/1042855255089623100/1501271173588193290/1509416983815393310
BTCUSDT-2026-05-28-long,BTCUSDT,long,stop_set,2026-05-28T04:44:12Z,1779943452553.0,72000.0,,291,published stop,https://discord.com/channels/1042855255089623100/1501271173588193290/1509416983815393310
BTCUSDT-2026-05-28-long,BTCUSDT,long,target_set,2026-05-28T04:44:12Z,1779943452553.0,75000.0,,291,TP1 as published,https://discord.com/channels/1042855255089623100/1501271173588193290/1509416983815393310
BTCUSDT-2026-05-28-long,BTCUSDT,long,target_set,2026-05-28T04:44:12Z,1779943452553.0,76000.0,,291,TP2 as published,https://discord.com/channels/1042855255089623100/1501271173588193290/1509416983815393310
BTCUSDT-2026-05-28-long,BTCUSDT,long,entry,2026-05-28T04:44:12Z,1779943452553.0,73141.2,,291,,https://discord.com/channels/1042855255089623100/1501271173588193290/1509416983815393310
GOLD-2026-05-28-unknown,GOLD,,signal,2026-05-28T14:16:30Z,1779977790429.0,,,294,,https://discord.com/channels/1042855255089623100/1501271173588193290/1509561007306051786
GOLD-2026-05-28-unknown,GOLD,,exit,2026-05-28T14:16:30Z,1779977790429.0,,100.0,294,unknown,https://discord.com/channels/1042855255089623100/1501271173588193290/1509561007306051786
ETHUSDT-2026-05-28-long,ETHUSDT,long,signal,2026-05-28T15:48:42Z,1779983322516.0,,,296,no entry level was published with the idea - only a 1950 stop; his own fill (1988.23) surfaced two hours later in a share card,https://discord.com/channels/1042855255089623100/1501271173588193290/1509584210560815294
ETHUSDT-2026-05-28-long,ETHUSDT,long,stop_set,2026-05-28T15:48:42Z,1779983322516.0,1950.0,,296,published stop,https://discord.com/channels/1042855255089623100/1501271173588193290/1509584210560815294
ETHUSDT-2026-05-28-long,ETHUSDT,long,target_set,2026-05-28T15:48:42Z,1779983322516.0,2020.0,,296,TP1 as published,https://discord.com/channels/1042855255089623100/1501271173588193290/1509584210560815294
ETHUSDT-2026-05-28-long,ETHUSDT,long,target_set,2026-05-28T15:48:42Z,1779983322516.0,2030.0,,296,TP2 as published,https://discord.com/channels/1042855255089623100/1501271173588193290/1509584210560815294
ADAUSDT-2026-05-28-long,ADAUSDT,long,signal,2026-05-28T17:23:18Z,1779988998070.0,0.234,,297,0.234 CMP,https://discord.com/channels/1042855255089623100/1501271173588193290/1509608015559397406
ADAUSDT-2026-05-28-long,ADAUSDT,long,stop_set,2026-05-28T17:23:18Z,1779988998070.0,0.226,,297,published stop,https://discord.com/channels/1042855255089623100/1501271173588193290/1509608015559397406
ADAUSDT-2026-05-28-long,ADAUSDT,long,target_set,2026-05-28T17:23:18Z,1779988998070.0,0.2386,,297,TP1 as published,https://discord.com/channels/1042855255089623100/1501271173588193290/1509608015559397406
ADAUSDT-2026-05-28-long,ADAUSDT,long,target_set,2026-05-28T17:23:18Z,1779988998070.0,0.246,,297,TP2 as published,https://discord.com/channels/1042855255089623100/1501271173588193290/1509608015559397406
ADAUSDT-2026-05-28-long,ADAUSDT,long,entry,2026-05-28T17:23:18Z,1779988998070.0,0.2343,,297,,https://discord.com/channels/1042855255089623100/1501271173588193290/1509608015559397406
ETHUSDT-2026-05-28-long,ETHUSDT,long,entry,2026-05-28T17:49:03Z,1779990543798.0,1988.23,,296,,https://discord.com/channels/1042855255089623100/1501271173588193290/1509584210560815294
ADAUSDT-2026-05-28-long,ADAUSDT,long,target_move,2026-05-28T18:18:26Z,1779992306740.0,0.2386,,299,new targets 0.2386|0.246,https://discord.com/channels/1042855255089623100/1501271173588193290/1509621893127471105
ETHUSDT-2026-05-28-long,ETHUSDT,long,stop_move,2026-05-29T02:49:14Z,1780022954964.0,1988.23,,300,to_entry,https://discord.com/channels/1042855255089623100/1501271173588193290/1509750441095987320
ETHUSDT-2026-05-28-long,ETHUSDT,long,target_move,2026-05-29T09:40:35Z,1780047635711.0,2020.0,,302,new targets 2020|2030,https://discord.com/channels/1042855255089623100/1501271173588193290/1509853959651590154
ETHUSDT-2026-05-28-long,ETHUSDT,long,partial_close,2026-05-29T09:40:35Z,1780047635711.0,2015.08,20.0,302,"+132.39% at 100x, taken with the stop already at entry",https://discord.com/channels/1042855255089623100/1501271173588193290/1509853959651590154
BTCUSDT-2026-05-28-long,BTCUSDT,long,target_move,2026-05-29T15:35:56Z,1780068956986.0,74200.0,,303,new targets 74200|75000|76000,https://discord.com/channels/1042855255089623100/1501271173588193290/1509943387560869949
NEARUSDT-2026-05-29-long,NEARUSDT,long,signal,2026-05-29T16:10:23Z,1780071023109.0,2.56,,304,2.56 CMP; billed as the last signal of the month,https://discord.com/channels/1042855255089623100/1501271173588193290/1509952053508706365
NEARUSDT-2026-05-29-long,NEARUSDT,long,stop_set,2026-05-29T16:10:23Z,1780071023109.0,2.392,,304,published stop,https://discord.com/channels/1042855255089623100/1501271173588193290/1509952053508706365
BTCUSDT-2026-05-28-long,BTCUSDT,long,partial_close,2026-05-29T19:15:55Z,1780082155018.0,74200.0,25.0,306,took the planned first TP,https://discord.com/channels/1042855255089623100/1501271173588193290/1509998744119283833
ADAUSDT-2026-05-28-long,ADAUSDT,long,exit,2026-05-30T05:32:55Z,1780119175230.0,0.2385,100.0,307,take_profit,https://discord.com/channels/1042855255089623100/1501271173588193290/1510154018142556161
XPLUSDT-2026-05-30-long,XPLUSDT,long,signal,2026-05-30T05:46:54Z,1780120014026.0,0.0916,,308,0.0916 CMP,https://discord.com/channels/1042855255089623100/1501271173588193290/1510157536307839146
XPLUSDT-2026-05-30-long,XPLUSDT,long,stop_set,2026-05-30T05:46:54Z,1780120014026.0,0.0846,,308,published stop,https://discord.com/channels/1042855255089623100/1501271173588193290/1510157536307839146
XPLUSDT-2026-05-30-long,XPLUSDT,long,entry,2026-05-30T05:46:54Z,1780120014026.0,0.0918,,308,,https://discord.com/channels/1042855255089623100/1501271173588193290/1510157536307839146
XPLUSDT-2026-05-30-long,XPLUSDT,long,target_move,2026-05-30T07:38:53Z,1780126733855.0,0.0965,,309,new targets 0.0965,https://discord.com/channels/1042855255089623100/1501271173588193290/1510185721313624144
SOLUSDT-2026-05-31-long,SOLUSDT,long,signal,2026-05-31T12:24:11Z,1780230251767.0,82.69,,310,"82.69 CMP, swing",https://discord.com/channels/1042855255089623100/1501271173588193290/1510619906905735301
SOLUSDT-2026-05-31-long,SOLUSDT,long,stop_set,2026-05-31T12:24:11Z,1780230251767.0,78.0,,310,published stop,https://discord.com/channels/1042855255089623100/1501271173588193290/1510619906905735301
SOLUSDT-2026-05-31-long,SOLUSDT,long,target_set,2026-05-31T12:24:11Z,1780230251767.0,87.69,,310,TP1 as published,https://discord.com/channels/1042855255089623100/1501271173588193290/1510619906905735301
SOLUSDT-2026-05-31-long,SOLUSDT,long,entry,2026-05-31T12:24:11Z,1780230251767.0,82.69,,310,,https://discord.com/channels/1042855255089623100/1501271173588193290/1510619906905735301
BTCUSDT-2026-05-28-long,BTCUSDT,long,target_move,2026-05-31T12:36:26Z,1780230986613.0,74300.0,,311,new targets 74300|75000,https://discord.com/channels/1042855255089623100/1501271173588193290/1510622989073514750
BTCUSDT-2026-05-28-long,BTCUSDT,long,target_move,2026-05-31T23:06:55Z,1780268815017.0,74500.0,,312,new targets 74500,https://discord.com/channels/1042855255089623100/1501271173588193290/1510781652899729470
BTCUSDT-2026-05-28-long,BTCUSDT,long,exit,2026-06-01T13:56:20Z,1780322180296.0,,100.0,313,stop_loss,https://discord.com/channels/1042855255089623100/1501271173588193290/1511005483102900537
RAYUSDT-2026-06-01-long,RAYUSDT,long,signal,2026-06-01T13:57:12Z,1780322232766.0,0.697,,314,0.697 CMP; he later noted followers likely got a better fill near 0.69 because it dumped as the call went out,https://discord.com/channels/1042855255089623100/1501271173588193290/1511005703178031205
RAYUSDT-2026-06-01-long,RAYUSDT,long,stop_set,2026-06-01T13:57:12Z,1780322232766.0,0.6746,,314,published stop,https://discord.com/channels/1042855255089623100/1501271173588193290/1511005703178031205
RAYUSDT-2026-06-01-long,RAYUSDT,long,target_set,2026-06-01T13:57:12Z,1780322232766.0,0.719,,314,TP1 as published,https://discord.com/channels/1042855255089623100/1501271173588193290/1511005703178031205
RAYUSDT-2026-06-01-long,RAYUSDT,long,target_set,2026-06-01T13:57:12Z,1780322232766.0,0.731,,314,TP2 as published,https://discord.com/channels/1042855255089623100/1501271173588193290/1511005703178031205
RAYUSDT-2026-06-01-long,RAYUSDT,long,entry,2026-06-01T13:57:12Z,1780322232766.0,0.7005,,314,,https://discord.com/channels/1042855255089623100/1501271173588193290/1511005703178031205
BNBUSDT-2026-06-01-long,BNBUSDT,long,signal,2026-06-01T14:50:57Z,1780325457941.0,680.0,,317,"680, initially posted as an idea he was not taking himself",https://discord.com/channels/1042855255089623100/1501271173588193290/1511019230542299289
BNBUSDT-2026-06-01-long,BNBUSDT,long,stop_set,2026-06-01T14:50:57Z,1780325457941.0,652.0,,317,published stop,https://discord.com/channels/1042855255089623100/1501271173588193290/1511019230542299289
BNBUSDT-2026-06-01-long,BNBUSDT,long,entry,2026-06-01T16:23:14Z,1780330994042.0,676.49,,317,,https://discord.com/channels/1042855255089623100/1501271173588193290/1511019230542299289
BTCUSDT-2026-06-01-long,BTCUSDT,long,signal,2026-06-01T17:37:01Z,1780335421026.0,71500.0,,321,71.5k CMP,https://discord.com/channels/1042855255089623100/1501271173588193290/1511061018749571203
BTCUSDT-2026-06-01-long,BTCUSDT,long,stop_set,2026-06-01T17:37:01Z,1780335421026.0,70000.0,,321,published stop,https://discord.com/channels/1042855255089623100/1501271173588193290/1511061018749571203
BTCUSDT-2026-06-01-long,BTCUSDT,long,target_set,2026-06-01T17:37:01Z,1780335421026.0,74000.0,,321,TP1 as published,https://discord.com/channels/1042855255089623100/1501271173588193290/1511061018749571203
BTCUSDT-2026-06-01-long,BTCUSDT,long,target_set,2026-06-01T17:37:01Z,1780335421026.0,75000.0,,321,TP2 as published,https://discord.com/channels/1042855255089623100/1501271173588193290/1511061018749571203
BTCUSDT-2026-06-01-long,BTCUSDT,long,entry,2026-06-01T17:37:01Z,1780335421026.0,71514.9,,321,,https://discord.com/channels/1042855255089623100/1501271173588193290/1511061018749571203
BTCUSDT-2026-06-01-long,BTCUSDT,long,exit,2026-06-01T18:12:12Z,1780337532634.0,71551.3,100.0,322,manual_close,https://discord.com/channels/1042855255089623100/1501271173588193290/1511069875475583046
RAYUSDT-2026-06-01-long,RAYUSDT,long,exit,2026-06-01T18:18:51Z,1780337931885.0,0.7128,100.0,324,manual_close,https://discord.com/channels/1042855255089623100/1501271173588193290/1511072310357004509
BNBUSDT-2026-06-01-long,BNBUSDT,long,target_move,2026-06-01T19:21:47Z,1780341707490.0,700.0,,325,new targets 700,https://discord.com/channels/1042855255089623100/1501271173588193290/1511087386090799164
XPLUSDT-2026-05-30-long,XPLUSDT,long,exit,2026-06-02T04:06:26Z,1780373186060.0,0.0958,100.0,327,take_profit,https://discord.com/channels/1042855255089623100/1501271173588193290/1511219416782737429
FETUSDT-2026-06-02-long,FETUSDT,long,signal,2026-06-02T05:31:10Z,1780378270448.0,0.276,,328,"0.276 CMP, taken late in the move",https://discord.com/channels/1042855255089623100/1501271173588193290/1511240742251663465
FETUSDT-2026-06-02-long,FETUSDT,long,stop_set,2026-06-02T05:31:10Z,1780378270448.0,0.249,,328,published stop,https://discord.com/channels/1042855255089623100/1501271173588193290/1511240742251663465
FETUSDT-2026-06-02-long,FETUSDT,long,target_set,2026-06-02T05:31:10Z,1780378270448.0,0.3,,328,TP1 as published,https://discord.com/channels/1042855255089623100/1501271173588193290/1511240742251663465
FETUSDT-2026-06-02-long,FETUSDT,long,target_set,2026-06-02T05:31:10Z,1780378270448.0,0.35,,328,TP2 as published,https://discord.com/channels/1042855255089623100/1501271173588193290/1511240742251663465
FETUSDT-2026-06-02-long,FETUSDT,long,entry,2026-06-02T05:31:10Z,1780378270448.0,0.276,,328,,https://discord.com/channels/1042855255089623100/1501271173588193290/1511240742251663465
BTCUSDT-2026-06-02-long,BTCUSDT,long,signal,2026-06-02T08:51:30Z,1780390290970.0,69300.0,,329,"69.3k CMP, corrected to 69.4k four minutes later; first published 73 minutes earlier as a 69,446 idea he said he was not taking",https://discord.com/channels/1042855255089623100/1501271173588193290/1511291159975035012
BTCUSDT-2026-06-02-long,BTCUSDT,long,stop_set,2026-06-02T08:51:30Z,1780390290970.0,66500.0,,329,published stop,https://discord.com/channels/1042855255089623100/1501271173588193290/1511291159975035012
BTCUSDT-2026-06-02-long,BTCUSDT,long,target_set,2026-06-02T08:51:30Z,1780390290970.0,73000.0,,329,TP1 as published,https://discord.com/channels/1042855255089623100/1501271173588193290/1511291159975035012
BNBUSDT-2026-06-01-long,BNBUSDT,long,partial_close,2026-06-02T09:31:16Z,1780392676389.0,,20.0,330,,https://discord.com/channels/1042855255089623100/1501271173588193290/1511301165147488397
BTCUSDT-2026-06-02-long,BTCUSDT,long,entry,2026-06-02T10:04:58Z,1780394698304.0,69400.0,,329,,https://discord.com/channels/1042855255089623100/1501271173588193290/1511291159975035012
SEIUSDT-2026-06-02-long,SEIUSDT,long,signal,2026-06-02T14:35:43Z,1780410943762.0,0.067,,333,0.067 CMP,https://discord.com/channels/1042855255089623100/1501271173588193290/1511377784063262893
SEIUSDT-2026-06-02-long,SEIUSDT,long,stop_set,2026-06-02T14:35:43Z,1780410943762.0,0.0632,,333,published stop,https://discord.com/channels/1042855255089623100/1501271173588193290/1511377784063262893
SEIUSDT-2026-06-02-long,SEIUSDT,long,target_set,2026-06-02T14:35:43Z,1780410943762.0,0.07,,333,TP1 as published,https://discord.com/channels/1042855255089623100/1501271173588193290/1511377784063262893
SEIUSDT-2026-06-02-long,SEIUSDT,long,target_set,2026-06-02T14:35:43Z,1780410943762.0,0.072,,333,TP2 as published,https://discord.com/channels/1042855255089623100/1501271173588193290/1511377784063262893
SEIUSDT-2026-06-02-long,SEIUSDT,long,entry,2026-06-02T14:35:43Z,1780410943762.0,0.067,,333,,https://discord.com/channels/1042855255089623100/1501271173588193290/1511377784063262893
NEARUSDT-2026-06-02-long,NEARUSDT,long,signal,2026-06-02T17:57:49Z,1780423069528.0,2.64,,336,"2.64 CMP, offered as an idea rather than an official signal",https://discord.com/channels/1042855255089623100/1501271173588193290/1511428643211972619
NEARUSDT-2026-06-02-long,NEARUSDT,long,stop_set,2026-06-02T17:57:49Z,1780423069528.0,2.43,,336,published stop,https://discord.com/channels/1042855255089623100/1501271173588193290/1511428643211972619
NEARUSDT-2026-06-02-long,NEARUSDT,long,target_set,2026-06-02T17:57:49Z,1780423069528.0,2.9,,336,TP1 as published,https://discord.com/channels/1042855255089623100/1501271173588193290/1511428643211972619
NEARUSDT-2026-06-02-long,NEARUSDT,long,target_set,2026-06-02T17:57:49Z,1780423069528.0,3.0,,336,TP2 as published,https://discord.com/channels/1042855255089623100/1501271173588193290/1511428643211972619
SEIUSDT-2026-06-02-long,SEIUSDT,long,stop_move,2026-06-02T19:36:44Z,1780429004818.0,0.0627,,338,hard_stop_widened,https://discord.com/channels/1042855255089623100/1501271173588193290/1511453537622822912
NEARUSDT-2026-06-02-long,NEARUSDT,long,entry,2026-06-02T20:06:42Z,1780430802530.0,2.643,,336,,https://discord.com/channels/1042855255089623100/1501271173588193290/1511428643211972619
BTCUSDT-2026-06-03-long,BTCUSDT,long,signal,2026-06-03T06:39:45Z,1780468785709.0,67300.0,,343,"67.3k CMP - he had to clarify twice that it was a market long, blaming a typing mistake",https://discord.com/channels/1042855255089623100/1501271173588193290/1511620390772801659
BTCUSDT-2026-06-03-long,BTCUSDT,long,stop_set,2026-06-03T06:39:45Z,1780468785709.0,64400.0,,343,published stop,https://discord.com/channels/1042855255089623100/1501271173588193290/1511620390772801659
BTCUSDT-2026-06-03-long,BTCUSDT,long,target_set,2026-06-03T06:39:45Z,1780468785709.0,69000.0,,343,TP1 as published,https://discord.com/channels/1042855255089623100/1501271173588193290/1511620390772801659
BTCUSDT-2026-06-03-long,BTCUSDT,long,target_set,2026-06-03T06:39:45Z,1780468785709.0,70000.0,,343,TP2 as published,https://discord.com/channels/1042855255089623100/1501271173588193290/1511620390772801659
BTCUSDT-2026-06-03-long,BTCUSDT,long,entry,2026-06-03T06:39:45Z,1780468785709.0,67300.0,,343,,https://discord.com/channels/1042855255089623100/1501271173588193290/1511620390772801659
BTCUSDT-2026-06-03-long,BTCUSDT,long,stop_move,2026-06-03T09:42:10Z,1780479730411.0,65300.0,,344,tighten_hard_stop,https://discord.com/channels/1042855255089623100/1501271173588193290/1511666296180445235
BTCUSDT-2026-06-03-long,BTCUSDT,long,target_move,2026-06-03T09:42:10Z,1780479730411.0,69300.0,,344,new targets 69300,https://discord.com/channels/1042855255089623100/1501271173588193290/1511666296180445235
NEARUSDT-2026-06-02-long,NEARUSDT,long,exit,2026-06-03T10:55:38Z,1780484138967.0,2.897,100.0,349,take_profit,https://discord.com/channels/1042855255089623100/1501271173588193290/1511685272184815727
DEXEUSDT-2026-06-03-short,DEXEUSDT,short,signal,2026-06-03T11:15:43Z,1780485343556.0,21.53,,350,CMP,https://discord.com/channels/1042855255089623100/1501271173588193290/1511689839416705036
DEXEUSDT-2026-06-03-short,DEXEUSDT,short,stop_set,2026-06-03T11:15:43Z,1780485343556.0,23.56,,350,published stop,https://discord.com/channels/1042855255089623100/1501271173588193290/1511689839416705036
DEXEUSDT-2026-06-03-short,DEXEUSDT,short,target_set,2026-06-03T11:15:43Z,1780485343556.0,18.0,,350,TP1 as published,https://discord.com/channels/1042855255089623100/1501271173588193290/1511689839416705036
DEXEUSDT-2026-06-03-short,DEXEUSDT,short,entry,2026-06-03T11:15:43Z,1780485343556.0,21.506,,350,,https://discord.com/channels/1042855255089623100/1501271173588193290/1511689839416705036
GOLD-2026-06-03-short,GOLD,short,signal,2026-06-03T12:59:26Z,1780491566618.0,4474.0,,351,Entry limit at 4474 - never filled,https://discord.com/channels/1042855255089623100/1501271173588193290/1511715940830547979
GOLD-2026-06-03-short,GOLD,short,stop_set,2026-06-03T12:59:26Z,1780491566618.0,4491.0,,351,published stop,https://discord.com/channels/1042855255089623100/1501271173588193290/1511715940830547979
GOLD-2026-06-03-short,GOLD,short,target_set,2026-06-03T12:59:26Z,1780491566618.0,4400.0,,351,TP1 as published,https://discord.com/channels/1042855255089623100/1501271173588193290/1511715940830547979
GOLD-2026-06-03-short,GOLD,short,exit,2026-06-03T13:49:05Z,1780494545376.0,,100.0,352,never_filled,https://discord.com/channels/1042855255089623100/1501271173588193290/1511728434647273605
GOLD-2026-06-03-short-2,GOLD,short,signal,2026-06-03T14:22:07Z,1780496527759.0,4452.0,,353,4452 CMP,https://discord.com/channels/1042855255089623100/1501271173588193290/1511736749364351158
GOLD-2026-06-03-short-2,GOLD,short,stop_set,2026-06-03T14:22:07Z,1780496527759.0,4468.0,,353,published stop,https://discord.com/channels/1042855255089623100/1501271173588193290/1511736749364351158
GOLD-2026-06-03-short-2,GOLD,short,target_set,2026-06-03T14:22:07Z,1780496527759.0,4427.0,,353,TP1 as published,https://discord.com/channels/1042855255089623100/1501271173588193290/1511736749364351158
GOLD-2026-06-03-short-2,GOLD,short,entry,2026-06-03T14:22:07Z,1780496527759.0,4452.0,,353,,https://discord.com/channels/1042855255089623100/1501271173588193290/1511736749364351158
BTCUSDT-2026-06-03-long,BTCUSDT,long,stop_move,2026-06-03T16:06:17Z,1780502777582.0,65000.0,,355,tighten,https://discord.com/channels/1042855255089623100/1501271173588193290/1511762963021824001
DEXEUSDT-2026-06-03-short,DEXEUSDT,short,target_move,2026-06-03T16:06:17Z,1780502777582.0,17.5,,355,new targets 17.5,https://discord.com/channels/1042855255089623100/1501271173588193290/1511762963021824001
DEXEUSDT-2026-06-03-short,DEXEUSDT,short,exit,2026-06-03T16:47:24Z,1780505244549.0,18.53,100.0,360,manual_close,https://discord.com/channels/1042855255089623100/1501271173588193290/1511786918516363305
GOLD-2026-06-03-short-2,GOLD,short,stop_move,2026-06-03T16:55:00Z,1780505700481.0,4452.0,,358,to_entry,https://discord.com/channels/1042855255089623100/1501271173588193290/1511775222548795592
PHAUSDT-2026-06-03-long,PHAUSDT,long,signal,2026-06-03T18:05:13Z,1780509913223.0,0.038,,361,"0.038 CMP, explicitly a scalp",https://discord.com/channels/1042855255089623100/1501271173588193290/1511792892069281883
PHAUSDT-2026-06-03-long,PHAUSDT,long,stop_set,2026-06-03T18:05:13Z,1780509913223.0,0.034,,361,published stop,https://discord.com/channels/1042855255089623100/1501271173588193290/1511792892069281883
PHAUSDT-2026-06-03-long,PHAUSDT,long,target_set,2026-06-03T18:05:13Z,1780509913223.0,0.04,,361,TP1 as published,https://discord.com/channels/1042855255089623100/1501271173588193290/1511792892069281883
PHAUSDT-2026-06-03-long,PHAUSDT,long,target_set,2026-06-03T18:05:13Z,1780509913223.0,0.042,,361,TP2 as published,https://discord.com/channels/1042855255089623100/1501271173588193290/1511792892069281883
PHAUSDT-2026-06-03-long,PHAUSDT,long,entry,2026-06-03T18:05:13Z,1780509913223.0,0.038,,361,,https://discord.com/channels/1042855255089623100/1501271173588193290/1511792892069281883
PHAUSDT-2026-06-03-long,PHAUSDT,long,partial_close,2026-06-03T19:05:38Z,1780513538818.0,0.04,30.0,362,"0.5R; he wrote '0.4', meaning 0.04",https://discord.com/channels/1042855255089623100/1501271173588193290/1511808098916892774
BTCUSDT-2026-06-03-long,BTCUSDT,long,stop_move,2026-06-03T20:07:18Z,1780517238581.0,64600.0,,364,soft_4h_close,https://discord.com/channels/1042855255089623100/1501271173588193290/1511823616847908865
GOLD-2026-06-03-short-2,GOLD,short,exit,2026-06-03T20:38:18Z,1780519098089.0,,100.0,366,manual_close,https://discord.com/channels/1042855255089623100/1501271173588193290/1511831416189620354
BTCUSDT-2026-06-03-long,BTCUSDT,long,stop_move,2026-06-04T00:03:12Z,1780531392902.0,63000.0,,368,widen_personal_hold,https://discord.com/channels/1042855255089623100/1501271173588193290/1511882984372830259
BTCUSDT-2026-06-03-long,BTCUSDT,long,exit,2026-06-04T00:03:12Z,1780531392902.0,,100.0,368,stop_loss,https://discord.com/channels/1042855255089623100/1501271173588193290/1511882984372830259
BTCUSDT-2026-06-04-long-a,BTCUSDT,long,signal,2026-06-04T01:33:47Z,1780536827931.0,62800.0,,369,"62.8k, 'Gonna keep longing until I get something'; the stop was edited closer at entry",https://discord.com/channels/1042855255089623100/1501271173588193290/1511905780536967279
BTCUSDT-2026-06-04-long-a,BTCUSDT,long,stop_set,2026-06-04T01:33:47Z,1780536827931.0,60000.0,,369,published stop,https://discord.com/channels/1042855255089623100/1501271173588193290/1511905780536967279
BTCUSDT-2026-06-04-long-a,BTCUSDT,long,entry,2026-06-04T01:33:47Z,1780536827931.0,63094.1,,369,,https://discord.com/channels/1042855255089623100/1501271173588193290/1511905780536967279
BTCUSDT-2026-06-04-long-a,BTCUSDT,long,exit,2026-06-04T05:52:37Z,1780552357168.0,64082.2,100.0,487,manual_close,https://discord.com/channels/1042855255089623100/1501271173588193290/1515830549816807464
BTCUSDT-2026-06-04-long-b,BTCUSDT,long,signal,2026-06-04T10:22:03Z,1780568523569.0,62800.0,,371,"62.8k CMP, 'same setup' as the trade he had just closed; only half the intended size deployed",https://discord.com/channels/1042855255089623100/1501271173588193290/1512038721678217308
BTCUSDT-2026-06-04-long-b,BTCUSDT,long,stop_set,2026-06-04T10:22:03Z,1780568523569.0,59000.0,,371,published stop,https://discord.com/channels/1042855255089623100/1501271173588193290/1512038721678217308
BTCUSDT-2026-06-04-long-b,BTCUSDT,long,entry,2026-06-04T10:22:03Z,1780568523569.0,62711.2,,371,,https://discord.com/channels/1042855255089623100/1501271173588193290/1512038721678217308
BTCUSDT-2026-06-04-long-b,BTCUSDT,long,dca_fill,2026-06-04T11:43:21Z,1780573401074.0,,,375,"added 25%, average moved to 62.7k - the add price itself was never given",https://discord.com/channels/1042855255089623100/1501271173588193290/1512059179416813728
BTCUSDT-2026-06-04-long-b,BTCUSDT,long,exit,2026-06-04T12:33:44Z,1780576424900.0,63600.0,100.0,473,manual_close,https://discord.com/channels/1042855255089623100/1501271173588193290/1515054704759935096
DEXEUSDT-2026-06-05-short,DEXEUSDT,short,signal,2026-06-05T03:54:21Z,1780631661292.0,20.63,,378,CMP,https://discord.com/channels/1042855255089623100/1501271173588193290/1512303540482347159
DEXEUSDT-2026-06-05-short,DEXEUSDT,short,stop_set,2026-06-05T03:54:21Z,1780631661292.0,22.606,,378,published stop,https://discord.com/channels/1042855255089623100/1501271173588193290/1512303540482347159
DEXEUSDT-2026-06-05-short,DEXEUSDT,short,target_set,2026-06-05T03:54:21Z,1780631661292.0,17.5,,378,TP1 as published,https://discord.com/channels/1042855255089623100/1501271173588193290/1512303540482347159
DEXEUSDT-2026-06-05-short,DEXEUSDT,short,target_set,2026-06-05T03:54:21Z,1780631661292.0,18.0,,378,TP2 as published,https://discord.com/channels/1042855255089623100/1501271173588193290/1512303540482347159
DEXEUSDT-2026-06-05-short,DEXEUSDT,short,entry,2026-06-05T03:54:21Z,1780631661292.0,20.63,,378,,https://discord.com/channels/1042855255089623100/1501271173588193290/1512303540482347159
BTCUSDT-2026-06-05-long,BTCUSDT,long,signal,2026-06-05T08:56:04Z,1780649764007.0,62300.0,,380,"62.3k CMP, with 25-30% held back for a DCA he never used",https://discord.com/channels/1042855255089623100/1501271173588193290/1512379468772282500
BTCUSDT-2026-06-05-long,BTCUSDT,long,stop_set,2026-06-05T08:56:04Z,1780649764007.0,59500.0,,380,published stop,https://discord.com/channels/1042855255089623100/1501271173588193290/1512379468772282500
BTCUSDT-2026-06-05-long,BTCUSDT,long,entry,2026-06-05T08:56:04Z,1780649764007.0,62300.0,,380,,https://discord.com/channels/1042855255089623100/1501271173588193290/1512379468772282500
BTCUSDT-2026-06-05-long,BTCUSDT,long,stop_move,2026-06-05T16:01:58Z,1780675318290.0,59000.0,,381,widen,https://discord.com/channels/1042855255089623100/1501271173588193290/1512486651203420242
BTCUSDT-2026-06-05-long,BTCUSDT,long,target_move,2026-06-06T08:48:44Z,1780735724240.0,63400.0,,383,new targets 63400,https://discord.com/channels/1042855255089623100/1501271173588193290/1512740012121264208
BTCUSDT-2026-06-06-spot-long,BTCUSDT,long,signal,2026-06-06T09:10:39Z,1780737039006.0,61000.0,,384,61k CMP for 40% of the intended spot allocation,https://discord.com/channels/1042855255089623100/1501271173588193290/1512745526649684000
BTCUSDT-2026-06-06-spot-long,BTCUSDT,long,entry,2026-06-06T09:10:39Z,1780737039006.0,61000.0,,384,,https://discord.com/channels/1042855255089623100/1501271173588193290/1512745526649684000
ETHUSDT-2026-06-06-long-spot,ETHUSDT,long,signal,2026-06-06T09:10:39Z,1780737039006.0,1578.0,,384,"spot accumulation ladder: 40% at 1578 CMP, 30% at 1370, 30% at 969",https://discord.com/channels/1042855255089623100/1501271173588193290/1512745526649684000
ETHUSDT-2026-06-06-long-spot,ETHUSDT,long,entry,2026-06-06T09:10:39Z,1780737039006.0,1578.0,,384,,https://discord.com/channels/1042855255089623100/1501271173588193290/1512745526649684000
SOLUSDT-2026-06-06-long,SOLUSDT,long,signal,2026-06-06T09:10:39Z,1780737039006.0,63.0,,384,"63 CMP for 40% of the intended size; spot accumulation, not a leveraged trade",https://discord.com/channels/1042855255089623100/1501271173588193290/1512745526649684000
SOLUSDT-2026-06-06-long,SOLUSDT,long,entry,2026-06-06T09:10:39Z,1780737039006.0,63.0,,384,,https://discord.com/channels/1042855255089623100/1501271173588193290/1512745526649684000
BTCUSDT-2026-06-05-long,BTCUSDT,long,target_move,2026-06-07T08:04:01Z,1780819441316.0,63400.0,,386,new targets 63400|64000,https://discord.com/channels/1042855255089623100/1501271173588193290/1513091146987864184
DEXEUSDT-2026-06-05-short,DEXEUSDT,short,target_move,2026-06-07T08:04:01Z,1780819441316.0,18.0,,386,new targets 18,https://discord.com/channels/1042855255089623100/1501271173588193290/1513091146987864184
BTCUSDT-2026-06-05-long,BTCUSDT,long,exit,2026-06-07T22:22:14Z,1780870934200.0,64100.0,100.0,388,take_profit,https://discord.com/channels/1042855255089623100/1501271173588193290/1513307633908580482
BTCUSDT-2026-06-08-short,BTCUSDT,short,signal,2026-06-08T11:06:00Z,1780916760298.0,63123.0,,390,"63,123 CMP for 50% of size, with a 50% DCA above at 64,250",https://discord.com/channels/1042855255089623100/1501271173588193290/1513499332383473724
BTCUSDT-2026-06-08-short,BTCUSDT,short,stop_set,2026-06-08T11:06:00Z,1780916760298.0,65500.0,,390,published stop,https://discord.com/channels/1042855255089623100/1501271173588193290/1513499332383473724
BTCUSDT-2026-06-08-short,BTCUSDT,short,target_set,2026-06-08T11:06:00Z,1780916760298.0,61500.0,,390,TP1 as published,https://discord.com/channels/1042855255089623100/1501271173588193290/1513499332383473724
BTCUSDT-2026-06-08-short,BTCUSDT,short,entry,2026-06-08T11:06:00Z,1780916760298.0,63123.0,,390,,https://discord.com/channels/1042855255089623100/1501271173588193290/1513499332383473724
DEXEUSDT-2026-06-05-short,DEXEUSDT,short,exit,2026-06-08T11:08:57Z,1780916937043.0,,100.0,391,stop_loss,https://discord.com/channels/1042855255089623100/1501271173588193290/1513500073705603162
GOLD-2026-06-09-short,GOLD,short,signal,2026-06-09T00:22:25Z,1780964545759.0,4325.0,,393,'Entry: 4325 or 4322 CMP' - already shorted when he posted it,https://discord.com/channels/1042855255089623100/1501271173588193290/1513699759133687850
GOLD-2026-06-09-short,GOLD,short,stop_set,2026-06-09T00:22:25Z,1780964545759.0,4349.0,,393,published stop,https://discord.com/channels/1042855255089623100/1501271173588193290/1513699759133687850
GOLD-2026-06-09-short,GOLD,short,target_set,2026-06-09T00:22:25Z,1780964545759.0,4275.0,,393,TP1 as published,https://discord.com/channels/1042855255089623100/1501271173588193290/1513699759133687850
GOLD-2026-06-09-short,GOLD,short,entry,2026-06-09T00:22:25Z,1780964545759.0,4325.0,,393,,https://discord.com/channels/1042855255089623100/1501271173588193290/1513699759133687850
BTCUSDT-2026-06-08-short,BTCUSDT,short,target_move,2026-06-09T01:15:24Z,1780967724977.0,61800.0,,396,new targets 61800,https://discord.com/channels/1042855255089623100/1501271173588193290/1513713093740597379
BEATUSDT-2026-06-09-short,BEATUSDT,short,signal,2026-06-09T05:08:31Z,1780981711511.0,4.25,,397,'4.25 or 4.2 CMP' - his card shows the fill at 4.2,https://discord.com/channels/1042855255089623100/1501271173588193290/1513771757515968623
BEATUSDT-2026-06-09-short,BEATUSDT,short,stop_set,2026-06-09T05:08:31Z,1780981711511.0,4.58,,397,published stop,https://discord.com/channels/1042855255089623100/1501271173588193290/1513771757515968623
BEATUSDT-2026-06-09-short,BEATUSDT,short,entry,2026-06-09T05:08:31Z,1780981711511.0,4.2,,397,,https://discord.com/channels/1042855255089623100/1501271173588193290/1513771757515968623
BTCUSDT-2026-06-08-short,BTCUSDT,short,exit,2026-06-09T10:54:22Z,1781002462957.0,62600.0,100.0,473,manual_close,https://discord.com/channels/1042855255089623100/1501271173588193290/1515054704759935096
BEATUSDT-2026-06-09-short,BEATUSDT,short,exit,2026-06-09T10:56:55Z,1781002615204.0,4.58,100.0,403,stop_loss,https://discord.com/channels/1042855255089623100/1501271173588193290/1513860074324623411
GOLD-2026-06-09-long,GOLD,long,signal,2026-06-09T12:01:13Z,1781006473109.0,4340.0,,404,Entry zone 4340-4342 CMP,https://discord.com/channels/1042855255089623100/1501271173588193290/1513875615185502289
GOLD-2026-06-09-long,GOLD,long,stop_set,2026-06-09T12:01:13Z,1781006473109.0,4330.0,,404,published stop,https://discord.com/channels/1042855255089623100/1501271173588193290/1513875615185502289
GOLD-2026-06-09-long,GOLD,long,entry,2026-06-09T12:01:13Z,1781006473109.0,4340.0,,404,,https://discord.com/channels/1042855255089623100/1501271173588193290/1513875615185502289
GOLD-2026-06-09-long,GOLD,long,exit,2026-06-09T13:42:24Z,1781012544503.0,,100.0,411,stop_loss,https://discord.com/channels/1042855255089623100/1501271173588193290/1513903113101119708
BTCUSDT-2026-06-09-long,BTCUSDT,long,signal,2026-06-09T14:31:10Z,1781015470513.0,61400.0,,413,"61.4k CMP for 75% of size, 25% reserved for the 60.7k DCA",https://discord.com/channels/1042855255089623100/1501271173588193290/1513913353032958134
BTCUSDT-2026-06-09-long,BTCUSDT,long,stop_set,2026-06-09T14:31:10Z,1781015470513.0,58500.0,,413,published stop,https://discord.com/channels/1042855255089623100/1501271173588193290/1513913353032958134
BTCUSDT-2026-06-09-long,BTCUSDT,long,entry,2026-06-09T14:31:10Z,1781015470513.0,61400.0,,413,,https://discord.com/channels/1042855255089623100/1501271173588193290/1513913353032958134
BEATUSDT-2026-06-09-short-2,BEATUSDT,short,signal,2026-06-09T16:55:34Z,1781024134060.0,4.7,,416,"4.7, confirmed as CMP six seconds later",https://discord.com/channels/1042855255089623100/1501271173588193290/1513949690583060540
BEATUSDT-2026-06-09-short-2,BEATUSDT,short,stop_set,2026-06-09T16:55:34Z,1781024134060.0,5.1,,416,published stop,https://discord.com/channels/1042855255089623100/1501271173588193290/1513949690583060540
BEATUSDT-2026-06-09-short-2,BEATUSDT,short,target_set,2026-06-09T16:55:34Z,1781024134060.0,3.4,,416,TP1 as published,https://discord.com/channels/1042855255089623100/1501271173588193290/1513949690583060540
BEATUSDT-2026-06-09-short-2,BEATUSDT,short,entry,2026-06-09T16:55:34Z,1781024134060.0,4.7,,416,,https://discord.com/channels/1042855255089623100/1501271173588193290/1513949690583060540
BTCUSDT-2026-06-09-long,BTCUSDT,long,exit,2026-06-09T23:42:36Z,1781048556336.0,61600.0,100.0,423,manual_close,https://discord.com/channels/1042855255089623100/1501271173588193290/1514052125032845392
ALLOUSDT-2026-06-10-short,ALLOUSDT,short,signal,2026-06-10T08:21:57Z,1781079717993.0,0.425,,385,0.425 CMP with a 25% DCA leg above at 0.44,https://discord.com/channels/1042855255089623100/1501271173588193290/1512792986805866587
ALLOUSDT-2026-06-10-short,ALLOUSDT,short,stop_set,2026-06-10T08:21:57Z,1781079717993.0,0.468,,385,published stop,https://discord.com/channels/1042855255089623100/1501271173588193290/1512792986805866587
ALLOUSDT-2026-06-10-short,ALLOUSDT,short,target_set,2026-06-10T08:21:57Z,1781079717993.0,0.3,,385,TP1 as published,https://discord.com/channels/1042855255089623100/1501271173588193290/1512792986805866587
ALLOUSDT-2026-06-10-short,ALLOUSDT,short,entry,2026-06-10T08:21:57Z,1781079717993.0,0.425,,385,,https://discord.com/channels/1042855255089623100/1501271173588193290/1512792986805866587
BTCUSDT-2026-06-10-long-a,BTCUSDT,long,signal,2026-06-10T08:49:46Z,1781081386221.0,61100.0,,427,61.1k CMP with the majority at market and only a 25% DCA at 59.5k,https://discord.com/channels/1042855255089623100/1501271173588193290/1514189823550947349
BTCUSDT-2026-06-10-long-a,BTCUSDT,long,stop_set,2026-06-10T08:49:46Z,1781081386221.0,58500.0,,427,published stop,https://discord.com/channels/1042855255089623100/1501271173588193290/1514189823550947349
BTCUSDT-2026-06-10-long-a,BTCUSDT,long,target_set,2026-06-10T08:49:46Z,1781081386221.0,63000.0,,427,TP1 as published,https://discord.com/channels/1042855255089623100/1501271173588193290/1514189823550947349
BTCUSDT-2026-06-10-long-a,BTCUSDT,long,entry,2026-06-10T08:49:46Z,1781081386221.0,61100.0,,427,,https://discord.com/channels/1042855255089623100/1501271173588193290/1514189823550947349
BTCUSDT-2026-06-10-long-a,BTCUSDT,long,target_move,2026-06-10T12:34:11Z,1781094851492.0,62460.0,,428,new targets 62460|63000,https://discord.com/channels/1042855255089623100/1501271173588193290/1514246300990705724
ALLOUSDT-2026-06-10-short,ALLOUSDT,short,target_move,2026-06-10T13:03:08Z,1781096588874.0,0.36,,429,new targets 0.36,https://discord.com/channels/1042855255089623100/1501271173588193290/1514253588098977834
INJUSDT-2026-06-10-long,INJUSDT,long,signal,2026-06-10T13:31:11Z,1781098271953.0,5.14,,430,CMP,https://discord.com/channels/1042855255089623100/1501271173588193290/1514260647444217999
INJUSDT-2026-06-10-long,INJUSDT,long,stop_set,2026-06-10T13:31:11Z,1781098271953.0,4.8,,430,published stop,https://discord.com/channels/1042855255089623100/1501271173588193290/1514260647444217999
INJUSDT-2026-06-10-long,INJUSDT,long,target_set,2026-06-10T13:31:11Z,1781098271953.0,5.5,,430,TP1 as published,https://discord.com/channels/1042855255089623100/1501271173588193290/1514260647444217999
INJUSDT-2026-06-10-long,INJUSDT,long,entry,2026-06-10T13:31:11Z,1781098271953.0,5.14,,430,,https://discord.com/channels/1042855255089623100/1501271173588193290/1514260647444217999
WLDUSDT-2026-06-10-long,WLDUSDT,long,signal,2026-06-10T13:33:14Z,1781098394852.0,0.515,,432,CMP,https://discord.com/channels/1042855255089623100/1501271173588193290/1514261162919727245
WLDUSDT-2026-06-10-long,WLDUSDT,long,stop_set,2026-06-10T13:33:14Z,1781098394852.0,0.45,,432,published stop,https://discord.com/channels/1042855255089623100/1501271173588193290/1514261162919727245
WLDUSDT-2026-06-10-long,WLDUSDT,long,target_set,2026-06-10T13:33:14Z,1781098394852.0,0.56,,432,TP1 as published,https://discord.com/channels/1042855255089623100/1501271173588193290/1514261162919727245
WLDUSDT-2026-06-10-long,WLDUSDT,long,target_set,2026-06-10T13:33:14Z,1781098394852.0,0.64,,432,TP2 as published,https://discord.com/channels/1042855255089623100/1501271173588193290/1514261162919727245
WLDUSDT-2026-06-10-long,WLDUSDT,long,entry,2026-06-10T13:33:14Z,1781098394852.0,0.484,,432,,https://discord.com/channels/1042855255089623100/1501271173588193290/1514261162919727245
BTCUSDT-2026-06-10-long-a,BTCUSDT,long,partial_close,2026-06-10T13:50:44Z,1781099444630.0,62460.0,25.0,434,first target hit; majority kept for 63k+,https://discord.com/channels/1042855255089623100/1501271173588193290/1514265566007787582
WLDUSDT-2026-06-10-long,WLDUSDT,long,dca_fill,2026-06-10T15:42:30Z,1781106150799.0,,,436,"first add - he gives only the new average of 0.49, not the fill price",https://discord.com/channels/1042855255089623100/1501271173588193290/1514293693719515156
WLDUSDT-2026-06-10-long,WLDUSDT,long,dca_fill,2026-06-10T15:53:52Z,1781106832932.0,0.47,,437,second add; average down to 0.484 and total risk up to 1.3R,https://discord.com/channels/1042855255089623100/1501271173588193290/1514296554792554542
BTCUSDT-2026-06-10-long-a,BTCUSDT,long,exit,2026-06-10T15:56:57Z,1781107017907.0,62700.0,100.0,473,manual_close,https://discord.com/channels/1042855255089623100/1501271173588193290/1515054704759935096
WLDUSDT-2026-06-10-long,WLDUSDT,long,exit,2026-06-10T16:16:13Z,1781108173266.0,0.45,100.0,440,stop_loss,https://discord.com/channels/1042855255089623100/1501271173588193290/1514302176560943296
BTCUSDT-2026-06-10-long-b,BTCUSDT,long,signal,2026-06-10T17:04:13Z,1781111053598.0,62200.0,,441,"62.2k CMP for 40%, 40% at a 61k DCA and 20% at 60.7k - 'Entry is small DCA is bigger'",https://discord.com/channels/1042855255089623100/1501271173588193290/1514314257548972143
BTCUSDT-2026-06-10-long-b,BTCUSDT,long,stop_set,2026-06-10T17:04:13Z,1781111053598.0,59000.0,,441,published stop,https://discord.com/channels/1042855255089623100/1501271173588193290/1514314257548972143
BTCUSDT-2026-06-10-long-b,BTCUSDT,long,target_set,2026-06-10T17:04:13Z,1781111053598.0,63000.0,,441,TP1 as published,https://discord.com/channels/1042855255089623100/1501271173588193290/1514314257548972143
BTCUSDT-2026-06-10-long-b,BTCUSDT,long,target_set,2026-06-10T17:04:13Z,1781111053598.0,64000.0,,441,TP2 as published,https://discord.com/channels/1042855255089623100/1501271173588193290/1514314257548972143
BTCUSDT-2026-06-10-long-b,BTCUSDT,long,entry,2026-06-10T17:04:13Z,1781111053598.0,62200.0,,441,,https://discord.com/channels/1042855255089623100/1501271173588193290/1514314257548972143
SOLUSDT-2026-06-11-long,SOLUSDT,long,signal,2026-06-11T00:10:39Z,1781136639202.0,63.2,,444,63.2 CMP,https://discord.com/channels/1042855255089623100/1501271173588193290/1514421571350167613
SOLUSDT-2026-06-11-long,SOLUSDT,long,stop_set,2026-06-11T00:10:39Z,1781136639202.0,60.0,,444,published stop,https://discord.com/channels/1042855255089623100/1501271173588193290/1514421571350167613
SOLUSDT-2026-06-11-long,SOLUSDT,long,target_set,2026-06-11T00:10:39Z,1781136639202.0,68.0,,444,TP1 as published,https://discord.com/channels/1042855255089623100/1501271173588193290/1514421571350167613
SOLUSDT-2026-06-11-long,SOLUSDT,long,entry,2026-06-11T00:10:39Z,1781136639202.0,63.3,,444,,https://discord.com/channels/1042855255089623100/1501271173588193290/1514421571350167613
INJUSDT-2026-06-10-long,INJUSDT,long,partial_close,2026-06-11T04:01:21Z,1781150481503.0,5.3,25.0,448,took 25% off after a fast 1R move and explicitly left the stop where it was,https://discord.com/channels/1042855255089623100/1501271173588193290/1514479630168490055
INJUSDT-2026-06-10-long,INJUSDT,long,exit,2026-06-11T08:37:06Z,1781167026361.0,5.28,100.0,461,manual_close,https://discord.com/channels/1042855255089623100/1501271173588193290/1514689668942401727
BTCUSDT-2026-06-10-long-b,BTCUSDT,long,partial_close,2026-06-11T08:40:04Z,1781167204682.0,62946.0,25.0,453,taken just under the 63k target because the DCA was missed by $50,https://discord.com/channels/1042855255089623100/1501271173588193290/1514549772264935495
BTCUSDT-2026-06-10-long-b,BTCUSDT,long,stop_move,2026-06-11T13:00:57Z,1781182857344.0,60000.0,,458,tighten,https://discord.com/channels/1042855255089623100/1501271173588193290/1514615424287768577
SOLUSDT-2026-06-11-long,SOLUSDT,long,stop_move,2026-06-11T17:54:33Z,1781200473834.0,63.3,,460,to_entry,https://discord.com/channels/1042855255089623100/1501271173588193290/1514689313202241567
BTCUSDT-2026-06-10-long-b,BTCUSDT,long,target_move,2026-06-11T18:02:31Z,1781200951981.0,64200.0,,462,new targets 64200,https://discord.com/channels/1042855255089623100/1501271173588193290/1514691318696382485
BTCUSDT-2026-06-10-long-b,BTCUSDT,long,exit,2026-06-11T19:38:19Z,1781206699326.0,63800.0,100.0,473,manual_close,https://discord.com/channels/1042855255089623100/1501271173588193290/1515054704759935096
SOLUSDT-2026-06-11-long,SOLUSDT,long,exit,2026-06-11T19:42:56Z,1781206976283.0,67.24,100.0,465,manual_close,https://discord.com/channels/1042855255089623100/1501271173588193290/1514716586450358364
BTCUSDT-2026-06-12-long,BTCUSDT,long,signal,2026-06-12T08:54:07Z,1781254447442.0,63400.0,,467,"63.4k CMP, with 30-40% saved for a DCA",https://discord.com/channels/1042855255089623100/1501271173588193290/1514915694922170429
BTCUSDT-2026-06-12-long,BTCUSDT,long,stop_set,2026-06-12T08:54:07Z,1781254447442.0,60500.0,,467,published stop,https://discord.com/channels/1042855255089623100/1501271173588193290/1514915694922170429
BTCUSDT-2026-06-12-long,BTCUSDT,long,target_set,2026-06-12T08:54:07Z,1781254447442.0,64900.0,,467,TP1 as published,https://discord.com/channels/1042855255089623100/1501271173588193290/1514915694922170429
BTCUSDT-2026-06-12-long,BTCUSDT,long,target_set,2026-06-12T08:54:07Z,1781254447442.0,65900.0,,467,TP2 as published,https://discord.com/channels/1042855255089623100/1501271173588193290/1514915694922170429
BTCUSDT-2026-06-12-long,BTCUSDT,long,entry,2026-06-12T08:54:07Z,1781254447442.0,63477.6,,467,,https://discord.com/channels/1042855255089623100/1501271173588193290/1514915694922170429
BTCUSDT-2026-06-12-long,BTCUSDT,long,exit,2026-06-12T15:25:45Z,1781277945893.0,64252.2,100.0,473,manual_close,https://discord.com/channels/1042855255089623100/1501271173588193290/1515054704759935096
ALLOUSDT-2026-06-10-short,ALLOUSDT,short,exit,2026-06-12T17:16:14Z,1781284574396.0,0.468,100.0,472,stop_loss,https://discord.com/channels/1042855255089623100/1501271173588193290/1515042056525971496
BTCUSDT-2026-06-13-long,BTCUSDT,long,signal,2026-06-13T00:24:26Z,1781310266646.0,63500.0,,474,63.5k CMP; 30% was to be saved for a DCA but nine minutes later he cut that to 20-25% and went heavy at market,https://discord.com/channels/1042855255089623100/1501271173588193290/1515149817633046591
BTCUSDT-2026-06-13-long,BTCUSDT,long,stop_set,2026-06-13T00:24:26Z,1781310266646.0,61500.0,,474,published stop,https://discord.com/channels/1042855255089623100/1501271173588193290/1515149817633046591
BTCUSDT-2026-06-13-long,BTCUSDT,long,target_set,2026-06-13T00:24:26Z,1781310266646.0,64500.0,,474,TP1 as published,https://discord.com/channels/1042855255089623100/1501271173588193290/1515149817633046591
BTCUSDT-2026-06-13-long,BTCUSDT,long,target_set,2026-06-13T00:24:26Z,1781310266646.0,64700.0,,474,TP2 as published,https://discord.com/channels/1042855255089623100/1501271173588193290/1515149817633046591
BTCUSDT-2026-06-13-long,BTCUSDT,long,entry,2026-06-13T00:24:26Z,1781310266646.0,63500.0,,474,,https://discord.com/channels/1042855255089623100/1501271173588193290/1515149817633046591
BTCUSDT-2026-06-13-long,BTCUSDT,long,partial_close,2026-06-13T13:14:38Z,1781356478193.0,64200.0,40.0,479,"trimmed with BTC almost at target, rest left for 64.5k",https://discord.com/channels/1042855255089623100/1501271173588193290/1515343642909347971
BTCUSDT-2026-06-13-long,BTCUSDT,long,exit,2026-06-13T18:25:11Z,1781375111459.0,64200.0,100.0,483,manual_close,https://discord.com/channels/1042855255089623100/1501271173588193290/1515480349382148169
RENDERUSDT-2026-06-14-long,RENDERUSDT,long,signal,2026-06-14T07:20:26Z,1781421626279.0,1.76,,484,"1.76 CMP, flagged as a risky long",https://discord.com/channels/1042855255089623100/1501271173588193290/1515616893787050035
RENDERUSDT-2026-06-14-long,RENDERUSDT,long,stop_set,2026-06-14T07:20:26Z,1781421626279.0,1.6,,484,published stop,https://discord.com/channels/1042855255089623100/1501271173588193290/1515616893787050035
RENDERUSDT-2026-06-14-long,RENDERUSDT,long,target_set,2026-06-14T07:20:26Z,1781421626279.0,1.9,,484,TP1 as published,https://discord.com/channels/1042855255089623100/1501271173588193290/1515616893787050035
RENDERUSDT-2026-06-14-long,RENDERUSDT,long,entry,2026-06-14T07:20:26Z,1781421626279.0,1.761,,484,,https://discord.com/channels/1042855255089623100/1501271173588193290/1515616893787050035
PYTHUSDT-2026-06-14-long,PYTHUSDT,long,signal,2026-06-14T08:24:29Z,1781425469407.0,0.039,,485,"0.039, confirmed as CMP five seconds later",https://discord.com/channels/1042855255089623100/1501271173588193290/1515633013034193059
PYTHUSDT-2026-06-14-long,PYTHUSDT,long,stop_set,2026-06-14T08:24:29Z,1781425469407.0,0.0363,,485,published stop,https://discord.com/channels/1042855255089623100/1501271173588193290/1515633013034193059
PYTHUSDT-2026-06-14-long,PYTHUSDT,long,target_set,2026-06-14T08:24:29Z,1781425469407.0,0.04169,,485,TP1 as published,https://discord.com/channels/1042855255089623100/1501271173588193290/1515633013034193059
PYTHUSDT-2026-06-14-long,PYTHUSDT,long,entry,2026-06-14T08:24:29Z,1781425469407.0,0.0391,,485,,https://discord.com/channels/1042855255089623100/1501271173588193290/1515633013034193059
OIL-2026-06-15-short,OIL,short,signal,2026-06-14T21:29:37Z,1781472577944.0,,,488,,https://discord.com/channels/1042855255089623100/1501271173588193290/1515830600559493281
OIL-2026-06-15-short,OIL,short,exit,2026-06-14T21:29:37Z,1781472577944.0,,100.0,488,unknown,https://discord.com/channels/1042855255089623100/1501271173588193290/1515830600559493281
LTCUSDT-2026-06-15-long,LTCUSDT,long,signal,2026-06-14T21:48:17Z,1781473697017.0,,,491,,https://discord.com/channels/1042855255089623100/1501271173588193290/1515835294291722241
PYTHUSDT-2026-06-14-long,PYTHUSDT,long,exit,2026-06-15T02:45:54Z,1781491554825.0,0.392,100.0,494,manual_close,https://discord.com/channels/1042855255089623100/1501271173588193290/1516043732485669025
BTCUSDT-2026-06-15-short,BTCUSDT,short,signal,2026-06-15T02:51:14Z,1781491874879.0,66000.0,,493,"66k limit short, to be cancelled if BTC fell to 64.7k before filling",https://discord.com/channels/1042855255089623100/1501271173588193290/1515911537771024415
BTCUSDT-2026-06-15-short,BTCUSDT,short,stop_set,2026-06-15T02:51:14Z,1781491874879.0,68000.0,,493,published stop,https://discord.com/channels/1042855255089623100/1501271173588193290/1515911537771024415
BTCUSDT-2026-06-15-short,BTCUSDT,short,entry,2026-06-15T11:37:24Z,1781523444201.0,66200.0,,493,,https://discord.com/channels/1042855255089623100/1501271173588193290/1515911537771024415
RENDERUSDT-2026-06-14-long,RENDERUSDT,long,stop_move,2026-06-15T17:42:47Z,1781545367282.0,1.76,,499,to_entry,https://discord.com/channels/1042855255089623100/1501271173588193290/1516135901170766075
ZECUSDT-2026-06-15-short,ZECUSDT,short,signal,2026-06-15T17:43:58Z,1781545438999.0,530.0,,500,"530 CMP, offered as an optional idea for members - he states plainly that he is not taking it",https://discord.com/channels/1042855255089623100/1501271173588193290/1516136201973923951
ZECUSDT-2026-06-15-short,ZECUSDT,short,stop_set,2026-06-15T17:43:58Z,1781545438999.0,550.0,,500,published stop,https://discord.com/channels/1042855255089623100/1501271173588193290/1516136201973923951
ZECUSDT-2026-06-15-short,ZECUSDT,short,target_set,2026-06-15T17:43:58Z,1781545438999.0,480.0,,500,TP1 as published,https://discord.com/channels/1042855255089623100/1501271173588193290/1516136201973923951
ZECUSDT-2026-06-15-short,ZECUSDT,short,target_set,2026-06-15T17:43:58Z,1781545438999.0,490.0,,500,TP2 as published,https://discord.com/channels/1042855255089623100/1501271173588193290/1516136201973923951
ZECUSDT-2026-06-15-short,ZECUSDT,short,stop_move,2026-06-15T18:02:15Z,1781546535971.0,559.0,,501,widened,https://discord.com/channels/1042855255089623100/1501271173588193290/1516140803007844495
ZECUSDT-2026-06-15-short,ZECUSDT,short,target_move,2026-06-15T18:02:15Z,1781546535971.0,482.0,,501,new targets 482,https://discord.com/channels/1042855255089623100/1501271173588193290/1516140803007844495
XMRUSDT-2026-06-15-long,XMRUSDT,long,signal,2026-06-15T19:08:50Z,1781550530121.0,357.0,,502,CMP,https://discord.com/channels/1042855255089623100/1501271173588193290/1516157555687030805
XMRUSDT-2026-06-15-long,XMRUSDT,long,stop_set,2026-06-15T19:08:50Z,1781550530121.0,320.0,,502,published stop,https://discord.com/channels/1042855255089623100/1501271173588193290/1516157555687030805
XMRUSDT-2026-06-15-long,XMRUSDT,long,target_set,2026-06-15T19:08:50Z,1781550530121.0,400.0,,502,TP1 as published,https://discord.com/channels/1042855255089623100/1501271173588193290/1516157555687030805
XMRUSDT-2026-06-15-long,XMRUSDT,long,entry,2026-06-15T19:08:50Z,1781550530121.0,357.0,,502,,https://discord.com/channels/1042855255089623100/1501271173588193290/1516157555687030805
BTCUSDT-2026-06-15-short,BTCUSDT,short,dca_fill,2026-06-15T21:12:39Z,1781557959901.0,,,503,"added a bit more margin, no price given, expecting at least the 65k region",https://discord.com/channels/1042855255089623100/1501271173588193290/1516188718443004045
RENDERUSDT-2026-06-14-long,RENDERUSDT,long,exit,2026-06-15T21:12:39Z,1781557959901.0,1.779,100.0,503,manual_close,https://discord.com/channels/1042855255089623100/1501271173588193290/1516188718443004045
XMRUSDT-2026-06-15-long,XMRUSDT,long,target_move,2026-06-15T21:12:39Z,1781557959901.0,390.0,,503,new targets 390|400,https://discord.com/channels/1042855255089623100/1501271173588193290/1516188718443004045
BTCUSDT-2026-06-15-short,BTCUSDT,short,target_move,2026-06-15T22:12:32Z,1781561552850.0,65500.0,,505,new targets 65500,https://discord.com/channels/1042855255089623100/1501271173588193290/1516203788363632832
XMRUSDT-2026-06-15-long,XMRUSDT,long,target_move,2026-06-15T22:12:32Z,1781561552850.0,392.0,,505,new targets 392,https://discord.com/channels/1042855255089623100/1501271173588193290/1516203788363632832
WLDUSDT-2026-06-16-long,WLDUSDT,long,signal,2026-06-16T11:14:23Z,1781608463190.0,0.653,,507,"CMP for 70% of size with 30% at 0.621; reworked the same evening to 50% / 25% / 25% across 0.653, 0.621 and 0.5846, and members already green were told to cut the first tranche from 70% to 50%",https://discord.com/channels/1042855255089623100/1501271173588193290/1516400544590204928
WLDUSDT-2026-06-16-long,WLDUSDT,long,stop_set,2026-06-16T11:14:23Z,1781608463190.0,0.5646,,507,published stop,https://discord.com/channels/1042855255089623100/1501271173588193290/1516400544590204928
WLDUSDT-2026-06-16-long,WLDUSDT,long,target_set,2026-06-16T11:14:23Z,1781608463190.0,0.8,,507,TP1 as published,https://discord.com/channels/1042855255089623100/1501271173588193290/1516400544590204928
WLDUSDT-2026-06-16-long,WLDUSDT,long,entry,2026-06-16T11:14:23Z,1781608463190.0,0.6545,,507,,https://discord.com/channels/1042855255089623100/1501271173588193290/1516400544590204928
BTCUSDT-2026-06-15-short,BTCUSDT,short,dca_fill,2026-06-16T11:39:49Z,1781609989647.0,,,508,scaled from 0.5R to full 1R risk; told members they could still add because it was above breakeven,https://discord.com/channels/1042855255089623100/1501271173588193290/1516406947015036998
ZECUSDT-2026-06-15-short,ZECUSDT,short,stop_move,2026-06-16T13:00:53Z,1781614853422.0,530.0,,509,to_entry,https://discord.com/channels/1042855255089623100/1501271173588193290/1516427347165970574
BTCUSDT-2026-06-15-short,BTCUSDT,short,dca_fill,2026-06-16T14:28:56Z,1781620136237.0,66400.0,,511,"50% add at 66.4k, lifting the average entry to 66.2k",https://discord.com/channels/1042855255089623100/1501271173588193290/1516449504897925242
BTCUSDT-2026-06-15-short,BTCUSDT,short,target_move,2026-06-16T14:28:56Z,1781620136237.0,64800.0,,511,new targets 64800|65300,https://discord.com/channels/1042855255089623100/1501271173588193290/1516449504897925242
BTCUSDT-2026-06-15-short,BTCUSDT,short,exit,2026-06-16T14:36:35Z,1781620595960.0,,100.0,513,take_profit,https://discord.com/channels/1042855255089623100/1501271173588193290/1516455826758303744
HYPEUSDT-2026-06-16-long,HYPEUSDT,long,signal,2026-06-16T15:10:38Z,1781622638354.0,60.0,,516,"spot, not leveraged - he says he has been holding since 60 and adds on every $10 drop; the average he states later is 56.23",https://discord.com/channels/1042855255089623100/1501271173588193290/1516459999537139743
HYPEUSDT-2026-06-16-long,HYPEUSDT,long,target_set,2026-06-16T15:10:38Z,1781622638354.0,83.0,,516,TP1 as published,https://discord.com/channels/1042855255089623100/1501271173588193290/1516459999537139743
HYPEUSDT-2026-06-16-long,HYPEUSDT,long,target_set,2026-06-16T15:10:38Z,1781622638354.0,84.0,,516,TP2 as published,https://discord.com/channels/1042855255089623100/1501271173588193290/1516459999537139743
HYPEUSDT-2026-06-16-long,HYPEUSDT,long,target_set,2026-06-16T15:10:38Z,1781622638354.0,90.0,,516,TP3 as published,https://discord.com/channels/1042855255089623100/1501271173588193290/1516459999537139743
HYPEUSDT-2026-06-16-long,HYPEUSDT,long,target_set,2026-06-16T15:10:38Z,1781622638354.0,100.0,,516,TP4 as published,https://discord.com/channels/1042855255089623100/1501271173588193290/1516459999537139743
PORTALUSDT-2026-06-16-short,PORTALUSDT,short,signal,2026-06-16T16:48:15Z,1781628495555.0,0.01635,,518,"0.01635 CMP - already taken when he posted it, deliberately small",https://discord.com/channels/1042855255089623100/1501271173588193290/1516484566418718752
PORTALUSDT-2026-06-16-short,PORTALUSDT,short,stop_set,2026-06-16T16:48:15Z,1781628495555.0,0.018,,518,published stop,https://discord.com/channels/1042855255089623100/1501271173588193290/1516484566418718752
PORTALUSDT-2026-06-16-short,PORTALUSDT,short,target_set,2026-06-16T16:48:15Z,1781628495555.0,0.0142,,518,TP1 as published,https://discord.com/channels/1042855255089623100/1501271173588193290/1516484566418718752
PORTALUSDT-2026-06-16-short,PORTALUSDT,short,entry,2026-06-16T16:48:15Z,1781628495555.0,0.01631,,518,,https://discord.com/channels/1042855255089623100/1501271173588193290/1516484566418718752
PORTALUSDT-2026-06-16-short,PORTALUSDT,short,stop_move,2026-06-16T19:54:59Z,1781639699585.0,0.01635,,519,to_entry,https://discord.com/channels/1042855255089623100/1501271173588193290/1516531559526568116
PORTALUSDT-2026-06-16-short,PORTALUSDT,short,partial_close,2026-06-16T19:54:59Z,1781639699585.0,,50.0,519,,https://discord.com/channels/1042855255089623100/1501271173588193290/1516531559526568116
WLDUSDT-2026-06-16-long,WLDUSDT,long,stop_move,2026-06-16T19:57:22Z,1781639842251.0,0.563,,520,widen,https://discord.com/channels/1042855255089623100/1501271173588193290/1516532157911404668
PORTALUSDT-2026-06-16-short,PORTALUSDT,short,exit,2026-06-16T21:04:13Z,1781643853474.0,,100.0,523,manual_close,https://discord.com/channels/1042855255089623100/1501271173588193290/1516548982199947394
HBARUSDT-2026-06-17-long,HBARUSDT,long,signal,2026-06-16T21:30:43Z,1781645443021.0,0.08123,,524,CMP,https://discord.com/channels/1042855255089623100/1501271173588193290/1516555649243418784
HBARUSDT-2026-06-17-long,HBARUSDT,long,stop_set,2026-06-16T21:30:43Z,1781645443021.0,0.0797,,524,published stop,https://discord.com/channels/1042855255089623100/1501271173588193290/1516555649243418784
HBARUSDT-2026-06-17-long,HBARUSDT,long,target_set,2026-06-16T21:30:43Z,1781645443021.0,0.08346,,524,TP1 as published,https://discord.com/channels/1042855255089623100/1501271173588193290/1516555649243418784
HBARUSDT-2026-06-17-long,HBARUSDT,long,entry,2026-06-16T21:30:43Z,1781645443021.0,0.08123,,524,,https://discord.com/channels/1042855255089623100/1501271173588193290/1516555649243418784
BTCUSDT-2026-06-17-long,BTCUSDT,long,signal,2026-06-17T12:18:38Z,1781698718234.0,64700.0,,526,CMP; the 63.4k DCA was explicitly optional - 'can go fully here',https://discord.com/channels/1042855255089623100/1501271173588193290/1516779101682270263
BTCUSDT-2026-06-17-long,BTCUSDT,long,stop_set,2026-06-17T12:18:38Z,1781698718234.0,62800.0,,526,published stop,https://discord.com/channels/1042855255089623100/1501271173588193290/1516779101682270263
BTCUSDT-2026-06-17-long,BTCUSDT,long,target_set,2026-06-17T12:18:38Z,1781698718234.0,67000.0,,526,TP1 as published,https://discord.com/channels/1042855255089623100/1501271173588193290/1516779101682270263
BTCUSDT-2026-06-17-long,BTCUSDT,long,target_set,2026-06-17T12:18:38Z,1781698718234.0,68000.0,,526,TP2 as published,https://discord.com/channels/1042855255089623100/1501271173588193290/1516779101682270263
BTCUSDT-2026-06-17-long,BTCUSDT,long,entry,2026-06-17T12:18:38Z,1781698718234.0,64736.5,,526,,https://discord.com/channels/1042855255089623100/1501271173588193290/1516779101682270263
HBARUSDT-2026-06-17-long,HBARUSDT,long,exit,2026-06-17T12:22:43Z,1781698963498.0,,100.0,528,stop_loss,https://discord.com/channels/1042855255089623100/1501271173588193290/1516780130394046535
LDOUSDT-2026-06-17-long,LDOUSDT,long,signal,2026-06-17T13:15:46Z,1781702146648.0,0.288,,529,0.288 CMP,https://discord.com/channels/1042855255089623100/1501271173588193290/1516793481492955347
LDOUSDT-2026-06-17-long,LDOUSDT,long,stop_set,2026-06-17T13:15:46Z,1781702146648.0,0.268,,529,published stop,https://discord.com/channels/1042855255089623100/1501271173588193290/1516793481492955347
LDOUSDT-2026-06-17-long,LDOUSDT,long,target_set,2026-06-17T13:15:46Z,1781702146648.0,0.303,,529,TP1 as published,https://discord.com/channels/1042855255089623100/1501271173588193290/1516793481492955347
LDOUSDT-2026-06-17-long,LDOUSDT,long,entry,2026-06-17T13:15:46Z,1781702146648.0,0.288,,529,,https://discord.com/channels/1042855255089623100/1501271173588193290/1516793481492955347
TAOUSDT-2026-06-17-long,TAOUSDT,long,signal,2026-06-17T13:16:29Z,1781702189461.0,,,530,no call was posted - the move went too fast for him to write it up,https://discord.com/channels/1042855255089623100/1501271173588193290/1516793661063696404
TAOUSDT-2026-06-17-long,TAOUSDT,long,entry,2026-06-17T13:16:29Z,1781702189461.0,249.66,,530,,https://discord.com/channels/1042855255089623100/1501271173588193290/1516793661063696404
BTCUSDT-2026-06-17-long,BTCUSDT,long,target_move,2026-06-17T16:31:19Z,1781713879952.0,67000.0,,534,new targets 67000|68000,https://discord.com/channels/1042855255089623100/1501271173588193290/1516842694536724683
BTCUSDT-2026-06-17-long,BTCUSDT,long,stop_move,2026-06-17T16:56:33Z,1781715393528.0,64700.0,,535,to_entry,https://discord.com/channels/1042855255089623100/1501271173588193290/1516849042934730782
BTCUSDT-2026-06-17-long,BTCUSDT,long,exit,2026-06-17T18:10:27Z,1781719827142.0,64700.0,100.0,536,breakeven,https://discord.com/channels/1042855255089623100/1501271173588193290/1516867638859530321
BTCUSDT-2026-06-17-long-2,BTCUSDT,long,signal,2026-06-17T20:00:41Z,1781726441101.0,64300.0,,527,"the only published entry in this cluster was the 64.3k CMP 'scalp' leg (msg 539); the swing leg was rebuilt without a published entry straight after the breakeven stop and first appears as a 64,600 average",https://discord.com/channels/1042855255089623100/1501271173588193290/1516779606441590874
BTCUSDT-2026-06-17-long-2,BTCUSDT,long,stop_set,2026-06-17T20:00:41Z,1781726441101.0,62800.0,,527,published stop,https://discord.com/channels/1042855255089623100/1501271173588193290/1516779606441590874
BTCUSDT-2026-06-17-long-2,BTCUSDT,long,target_set,2026-06-17T20:00:41Z,1781726441101.0,65000.0,,527,TP1 as published,https://discord.com/channels/1042855255089623100/1501271173588193290/1516779606441590874
BTCUSDT-2026-06-17-long-2,BTCUSDT,long,target_set,2026-06-17T20:00:41Z,1781726441101.0,67000.0,,527,TP2 as published,https://discord.com/channels/1042855255089623100/1501271173588193290/1516779606441590874
BTCUSDT-2026-06-17-long-2,BTCUSDT,long,target_set,2026-06-17T20:00:41Z,1781726441101.0,68000.0,,527,TP3 as published,https://discord.com/channels/1042855255089623100/1501271173588193290/1516779606441590874
BTCUSDT-2026-06-17-long-2,BTCUSDT,long,entry,2026-06-17T20:00:41Z,1781726441101.0,63667.3,,527,,https://discord.com/channels/1042855255089623100/1501271173588193290/1516779606441590874
BTCUSDT-2026-06-17-long-2,BTCUSDT,long,dca_fill,2026-06-17T20:04:20Z,1781726660926.0,64200.0,,539,"added to the swing at 64.2k, taking the swing average to 64.5k",https://discord.com/channels/1042855255089623100/1501271173588193290/1516896301827227768
BTCUSDT-2026-06-17-long-2,BTCUSDT,long,dca_fill,2026-06-17T20:04:20Z,1781726660926.0,64260.0,,539,"opened the separate 'scalp' leg at 64.3k CMP, filled 64,260, sharing the same 62.8k stop ('SL 62.8k for both')",https://discord.com/channels/1042855255089623100/1501271173588193290/1516896301827227768
ETHUSDT-2026-06-18-long,ETHUSDT,long,signal,2026-06-18T08:40:04Z,1781772004013.0,1750.0,,541,1750 CMP; TP to be taken manually but 1800-1820 set for now,https://discord.com/channels/1042855255089623100/1501271173588193290/1517086484518404197
ETHUSDT-2026-06-18-long,ETHUSDT,long,stop_set,2026-06-18T08:40:04Z,1781772004013.0,1705.0,,541,published stop,https://discord.com/channels/1042855255089623100/1501271173588193290/1517086484518404197
ETHUSDT-2026-06-18-long,ETHUSDT,long,target_set,2026-06-18T08:40:04Z,1781772004013.0,1800.0,,541,TP1 as published,https://discord.com/channels/1042855255089623100/1501271173588193290/1517086484518404197
ETHUSDT-2026-06-18-long,ETHUSDT,long,target_set,2026-06-18T08:40:04Z,1781772004013.0,1820.0,,541,TP2 as published,https://discord.com/channels/1042855255089623100/1501271173588193290/1517086484518404197
ETHUSDT-2026-06-18-long,ETHUSDT,long,entry,2026-06-18T08:40:04Z,1781772004013.0,1750.0,,541,,https://discord.com/channels/1042855255089623100/1501271173588193290/1517086484518404197
XAU-2026-06-18-short,XAU,short,signal,2026-06-18T08:41:15Z,1781772075844.0,4299.0,,542,"the 4299-4300 zone, and only if that level traded before 4270",https://discord.com/channels/1042855255089623100/1501271173588193290/1517086785799323692
LABUSDT-2026-06-18-long,LABUSDT,long,signal,2026-06-18T09:12:48Z,1781773968464.0,,,543,No entry price published - he had started calling the long in chat around 14.8,https://discord.com/channels/1042855255089623100/1501271173588193290/1517094724022964314
LABUSDT-2026-06-18-long,LABUSDT,long,stop_set,2026-06-18T09:12:48Z,1781773968464.0,12.8,,543,published stop,https://discord.com/channels/1042855255089623100/1501271173588193290/1517094724022964314
LABUSDT-2026-06-18-short,LABUSDT,short,signal,2026-06-18T09:12:48Z,1781773968464.0,20.0,,543,"Short zone 20-22, to be shorted from there if LAB traded back up",https://discord.com/channels/1042855255089623100/1501271173588193290/1517094724022964314
BTCUSDT-2026-06-17-long-2,BTCUSDT,long,dca_fill,2026-06-18T15:18:26Z,1781795906623.0,63300.0,,545,30% DCA at 63.3k taking the quoted average to 63.9k - from here he stops separating the swing and the scalp,https://discord.com/channels/1042855255089623100/1501271173588193290/1517186739331137546
BTCUSDT-2026-06-17-long-2,BTCUSDT,long,stop_move,2026-06-18T15:30:15Z,1781796615907.0,62200.0,,547,widened,https://discord.com/channels/1042855255089623100/1501271173588193290/1517189714283597915
ETHUSDT-2026-06-18-long,ETHUSDT,long,exit,2026-06-18T15:58:18Z,1781798298732.0,1705.0,100.0,548,stop_loss,https://discord.com/channels/1042855255089623100/1501271173588193290/1517196772563489072
BTCUSDT-2026-06-18-long,BTCUSDT,long,signal,2026-06-18T18:26:47Z,1781807207454.0,62800.0,,552,CMP long posted 'if anyone wants to try'; he said he was done for the day and confirmed his own 62.8k entry the next morning (msg 555),https://discord.com/channels/1042855255089623100/1501271173588193290/1517234138451542057
BTCUSDT-2026-06-18-long,BTCUSDT,long,stop_set,2026-06-18T18:26:47Z,1781807207454.0,60500.0,,552,published stop,https://discord.com/channels/1042855255089623100/1501271173588193290/1517234138451542057
BTCUSDT-2026-06-18-long,BTCUSDT,long,target_set,2026-06-18T18:26:47Z,1781807207454.0,64000.0,,552,TP1 as published,https://discord.com/channels/1042855255089623100/1501271173588193290/1517234138451542057
LABUSDT-2026-06-18-long,LABUSDT,long,exit,2026-06-18T18:36:31Z,1781807791958.0,18.008,100.0,554,manual_close,https://discord.com/channels/1042855255089623100/1501271173588193290/1517321682618945648
BTCUSDT-2026-06-18-long,BTCUSDT,long,entry,2026-06-19T01:06:43Z,1781831203940.0,63044.0,,552,,https://discord.com/channels/1042855255089623100/1501271173588193290/1517234138451542057
REUSDT-2026-06-19-long,REUSDT,long,signal,2026-06-19T19:55:23Z,1781898923433.0,,,556,"spot buy, no entry price given at the time; he later revealed a 0.75 average",https://discord.com/channels/1042855255089623100/1501271173588193290/1517618823149125672
REUSDT-2026-06-19-long,REUSDT,long,target_set,2026-06-19T19:55:23Z,1781898923433.0,1.0,,556,TP1 as published,https://discord.com/channels/1042855255089623100/1501271173588193290/1517618823149125672
REUSDT-2026-06-19-long,REUSDT,long,entry,2026-06-19T19:55:23Z,1781898923433.0,0.75,,556,,https://discord.com/channels/1042855255089623100/1501271173588193290/1517618823149125672
BTCUSDT-2026-06-18-long,BTCUSDT,long,target_move,2026-06-20T00:43:26Z,1781916206691.0,64000.0,,558,new targets 64000,https://discord.com/channels/1042855255089623100/1501271173588193290/1517691314387292240
REUSDT-2026-06-19-long,REUSDT,long,partial_close,2026-06-20T13:11:38Z,1781961098100.0,,50.0,559,+43% from his 0.75 average; no exit price given. The other half was to be held for a 2x or better,https://discord.com/channels/1042855255089623100/1501271173588193290/1517879602603884615
BTCUSDT-2026-06-18-long,BTCUSDT,long,stop_move,2026-06-20T14:54:21Z,1781967261915.0,62800.0,,561,to_entry,https://discord.com/channels/1042855255089623100/1501271173588193290/1517905455517794335
BTCUSDT-2026-06-17-long-2,BTCUSDT,long,exit,2026-06-20T15:38:04Z,1781969884590.0,63923.2,100.0,562,manual_close,https://discord.com/channels/1042855255089623100/1501271173588193290/1517916455813779637
BTCUSDT-2026-06-18-long,BTCUSDT,long,target_move,2026-06-20T15:38:55Z,1781969935790.0,65000.0,,563,new targets 65000|66000,https://discord.com/channels/1042855255089623100/1501271173588193290/1517916670562275388
BTCUSDT-2026-06-18-long,BTCUSDT,long,partial_close,2026-06-20T15:38:55Z,1781969935790.0,64150.0,50.0,563,fill price reported later in msg 564 - '(Already TPed 50% at 64150 from the 62.8k position)'; the 200x card showed +335.51%,https://discord.com/channels/1042855255089623100/1501271173588193290/1517916670562275388
BTCUSDT-2026-06-18-long,BTCUSDT,long,dca_fill,2026-06-20T19:22:58Z,1781983378544.0,63800.0,,564,"added 25% back at 63.8k after banking half, taking the average to 63k (card shows 63,044.0)",https://discord.com/channels/1042855255089623100/1501271173588193290/1517973053559275695
BTCUSDT-2026-06-18-long,BTCUSDT,long,target_move,2026-06-22T02:30:05Z,1782095405239.0,65000.0,,566,new targets 65000,https://discord.com/channels/1042855255089623100/1501271173588193290/1518442927573962883
BTCUSDT-2026-06-18-long,BTCUSDT,long,exit,2026-06-22T12:57:09Z,1782133029545.0,64987.9,100.0,569,take_profit,https://discord.com/channels/1042855255089623100/1501271173588193290/1518605783351165130
BTCUSDT-2026-06-23-long,BTCUSDT,long,signal,2026-06-22T22:30:10Z,1782167410633.0,63940.0,,570,70% of size at CMP with 30% held back to add in the 61.5-62k zone to improve the entry,https://discord.com/channels/1042855255089623100/1501271173588193290/1518652206641844423
BTCUSDT-2026-06-23-long,BTCUSDT,long,stop_set,2026-06-22T22:30:10Z,1782167410633.0,61000.0,,570,published stop,https://discord.com/channels/1042855255089623100/1501271173588193290/1518652206641844423
BTCUSDT-2026-06-23-long,BTCUSDT,long,entry,2026-06-22T22:30:10Z,1782167410633.0,63300.0,,570,,https://discord.com/channels/1042855255089623100/1501271173588193290/1518652206641844423
BTCUSDT-2026-06-23-long,BTCUSDT,long,dca_fill,2026-06-23T14:39:50Z,1782225590305.0,62700.0,,573,"green-lit an add at 62.7k market price; msg 578 confirms he added, taking his average to 63.3k",https://discord.com/channels/1042855255089623100/1501271173588193290/1518988963317022900
BTCUSDT-2026-06-23-long,BTCUSDT,long,stop_move,2026-06-24T13:41:56Z,1782308516419.0,,,574,condition_change,https://discord.com/channels/1042855255089623100/1501271173588193290/1519336780648808478
SPCXUSDT-2026-06-24-short,SPCXUSDT,short,signal,2026-06-24T13:42:34Z,1782308554200.0,155.0,,575,conditional - only if SPCX gave him 155 before dropping into the 140s,https://discord.com/channels/1042855255089623100/1501271173588193290/1519336939113808096
SPCXUSDT-2026-06-24-short,SPCXUSDT,short,target_set,2026-06-24T13:42:34Z,1782308554200.0,135.0,,575,TP1 as published,https://discord.com/channels/1042855255089623100/1501271173588193290/1519336939113808096
SPCXUSDT-2026-06-24-short,SPCXUSDT,short,target_set,2026-06-24T13:42:34Z,1782308554200.0,140.0,,575,TP2 as published,https://discord.com/channels/1042855255089623100/1501271173588193290/1519336939113808096
JUPUSDT-2026-06-24-long,JUPUSDT,long,signal,2026-06-24T14:16:09Z,1782310569841.0,0.214,,576,0.214 CMP,https://discord.com/channels/1042855255089623100/1501271173588193290/1519345393325048010
JUPUSDT-2026-06-24-long,JUPUSDT,long,stop_set,2026-06-24T14:16:09Z,1782310569841.0,0.1969,,576,published stop,https://discord.com/channels/1042855255089623100/1501271173588193290/1519345393325048010
JUPUSDT-2026-06-24-long,JUPUSDT,long,target_set,2026-06-24T14:16:09Z,1782310569841.0,0.24,,576,TP1 as published,https://discord.com/channels/1042855255089623100/1501271173588193290/1519345393325048010
JUPUSDT-2026-06-24-long,JUPUSDT,long,entry,2026-06-24T14:16:09Z,1782310569841.0,0.214,,576,,https://discord.com/channels/1042855255089623100/1501271173588193290/1519345393325048010
BTCUSDT-2026-06-23-long,BTCUSDT,long,exit,2026-06-24T15:56:06Z,1782316566334.0,,100.0,580,stop_loss,https://discord.com/channels/1042855255089623100/1501271173588193290/1519370544439361608
BTCUSDT-2026-06-24-long,BTCUSDT,long,signal,2026-06-24T17:34:12Z,1782322452799.0,59400.0,,582,"he announced his own fill at 59.5k first (msg 582), then posted the formal call seven minutes later at 59.4k CMP with 30-40% saved to add lower or on a bounce",https://discord.com/channels/1042855255089623100/1501271173588193290/1519395234063192325
BTCUSDT-2026-06-24-long,BTCUSDT,long,stop_set,2026-06-24T17:34:12Z,1782322452799.0,57500.0,,582,published stop,https://discord.com/channels/1042855255089623100/1501271173588193290/1519395234063192325
BTCUSDT-2026-06-24-long,BTCUSDT,long,target_set,2026-06-24T17:34:12Z,1782322452799.0,61000.0,,582,TP1 as published,https://discord.com/channels/1042855255089623100/1501271173588193290/1519395234063192325
BTCUSDT-2026-06-24-long,BTCUSDT,long,target_set,2026-06-24T17:34:12Z,1782322452799.0,63000.0,,582,TP2 as published,https://discord.com/channels/1042855255089623100/1501271173588193290/1519395234063192325
BTCUSDT-2026-06-24-long,BTCUSDT,long,entry,2026-06-24T17:34:12Z,1782322452799.0,59214.3,,582,,https://discord.com/channels/1042855255089623100/1501271173588193290/1519395234063192325
JUPUSDT-2026-06-24-long,JUPUSDT,long,exit,2026-06-24T17:52:04Z,1782323524387.0,,100.0,586,stop_loss,https://discord.com/channels/1042855255089623100/1501271173588193290/1519399728628891799
BTCUSDT-2026-06-24-long,BTCUSDT,long,target_move,2026-06-24T20:54:35Z,1782334475770.0,62000.0,,589,new targets 62000,https://discord.com/channels/1042855255089623100/1501271173588193290/1519445662058680482
BTCUSDT-2026-06-24-long,BTCUSDT,long,exit,2026-06-24T23:59:21Z,1782345561166.0,61117.2,100.0,592,take_profit,https://discord.com/channels/1042855255089623100/1501271173588193290/1519493527569043536
TOSHIUSDT-2026-06-25-long,TOSHIUSDT,long,signal,2026-06-25T12:12:55Z,1782389575493.0,0.00011,,593,,https://discord.com/channels/1042855255089623100/1501271173588193290/1519676767046996118
TOSHIUSDT-2026-06-25-long,TOSHIUSDT,long,stop_set,2026-06-25T12:12:55Z,1782389575493.0,9e-05,,593,published stop,https://discord.com/channels/1042855255089623100/1501271173588193290/1519676767046996118
TOSHIUSDT-2026-06-25-long,TOSHIUSDT,long,target_set,2026-06-25T12:12:55Z,1782389575493.0,0.000126,,593,TP1 as published,https://discord.com/channels/1042855255089623100/1501271173588193290/1519676767046996118
TOSHIUSDT-2026-06-25-long,TOSHIUSDT,long,target_set,2026-06-25T12:12:55Z,1782389575493.0,0.000142,,593,TP2 as published,https://discord.com/channels/1042855255089623100/1501271173588193290/1519676767046996118
TOSHIUSDT-2026-06-25-long,TOSHIUSDT,long,entry,2026-06-25T12:12:55Z,1782389575493.0,0.0001101,,593,,https://discord.com/channels/1042855255089623100/1501271173588193290/1519676767046996118
BTCUSDT-2026-06-25-long,BTCUSDT,long,signal,2026-06-25T12:35:07Z,1782390907989.0,61300.0,,594,50% at CMP with 50% saved for a DCA he would announce - 'For a safer entry just enter when I DCA'; he had already taken it personally at 61.2k in small size four minutes earlier,https://discord.com/channels/1042855255089623100/1501271173588193290/1519682355940294666
BTCUSDT-2026-06-25-long,BTCUSDT,long,stop_set,2026-06-25T12:35:07Z,1782390907989.0,58600.0,,594,published stop,https://discord.com/channels/1042855255089623100/1501271173588193290/1519682355940294666
BTCUSDT-2026-06-25-long,BTCUSDT,long,entry,2026-06-25T12:35:07Z,1782390907989.0,61253.1,,594,,https://discord.com/channels/1042855255089623100/1501271173588193290/1519682355940294666
BTCUSDT-2026-06-25-long,BTCUSDT,long,exit,2026-06-25T13:02:26Z,1782392546368.0,61270.6,100.0,597,breakeven,https://discord.com/channels/1042855255089623100/1501271173588193290/1519689227799888014
BTCUSDT-2026-06-25-long-2,BTCUSDT,long,signal,2026-06-25T13:58:03Z,1782395883536.0,58200.0,,598,58.2k CMP for half the size with 50% reserved for a DCA (no level given); he clarified his own fill was 58.5k while CMP was 58.2k,https://discord.com/channels/1042855255089623100/1501271173588193290/1519690053415338144
BTCUSDT-2026-06-25-long-2,BTCUSDT,long,stop_set,2026-06-25T13:58:03Z,1782395883536.0,56000.0,,598,published stop,https://discord.com/channels/1042855255089623100/1501271173588193290/1519690053415338144
BTCUSDT-2026-06-25-long-2,BTCUSDT,long,entry,2026-06-25T13:58:03Z,1782395883536.0,58616.4,,598,,https://discord.com/channels/1042855255089623100/1501271173588193290/1519690053415338144
BTCUSDT-2026-06-25-long-2,BTCUSDT,long,target_move,2026-06-25T14:10:34Z,1782396634020.0,60000.0,,602,new targets 60000,https://discord.com/channels/1042855255089623100/1501271173588193290/1519706372655284456
BTCUSDT-2026-06-25-long-2,BTCUSDT,long,partial_close,2026-06-25T14:10:34Z,1782396634020.0,59502.9,70.0,602,"banked 70% at about 59,502.9, +226.87% on the 150x card",https://discord.com/channels/1042855255089623100/1501271173588193290/1519706372655284456
BTCUSDT-2026-06-25-long-2,BTCUSDT,long,exit,2026-06-25T14:18:22Z,1782397102409.0,59100.0,100.0,607,manual_close,https://discord.com/channels/1042855255089623100/1501271173588193290/1519728837150249164
BTCUSDT-2026-06-26-long,BTCUSDT,long,signal,2026-06-26T05:28:49Z,1782451729375.0,59800.0,,608,CMP,https://discord.com/channels/1042855255089623100/1501271173588193290/1519937459322884237
BTCUSDT-2026-06-26-long,BTCUSDT,long,stop_set,2026-06-26T05:28:49Z,1782451729375.0,58200.0,,608,published stop,https://discord.com/channels/1042855255089623100/1501271173588193290/1519937459322884237
BTCUSDT-2026-06-26-long,BTCUSDT,long,target_set,2026-06-26T05:28:49Z,1782451729375.0,61000.0,,608,TP1 as published,https://discord.com/channels/1042855255089623100/1501271173588193290/1519937459322884237
BTCUSDT-2026-06-26-long,BTCUSDT,long,entry,2026-06-26T05:28:49Z,1782451729375.0,59800.0,,608,,https://discord.com/channels/1042855255089623100/1501271173588193290/1519937459322884237
BTCUSDT-2026-06-26-long,BTCUSDT,long,exit,2026-06-26T13:53:58Z,1782482038701.0,59800.0,100.0,609,breakeven,https://discord.com/channels/1042855255089623100/1501271173588193290/1520064585850290318
SOLUSDT-2026-06-26-long,SOLUSDT,long,signal,2026-06-26T13:56:12Z,1782482172741.0,,,610,"Never published as a call - a 10x swing opened before he disclosed it, mentioned only in chat at the time",https://discord.com/channels/1042855255089623100/1501271173588193290/1520065148054671480
SOLUSDT-2026-06-26-long,SOLUSDT,long,dca_fill,2026-06-26T14:15:43Z,1782483343396.0,66.0,,612,screenshot of his own earlier message showing he bought the 66 bottom the previous day; the buy itself predates this message,https://discord.com/channels/1042855255089623100/1501271173588193290/1520070058137747557
BEATUSDT-2026-06-27-long,BEATUSDT,long,signal,2026-06-27T03:16:37Z,1782530197592.0,2.6,,615,"'bought some BEAT in spot around 2.6' - officially a spot call, not a setup",https://discord.com/channels/1042855255089623100/1501271173588193290/1520266578879316088
BEATUSDT-2026-06-27-long,BEATUSDT,long,stop_set,2026-06-27T03:16:37Z,1782530197592.0,2.0,,615,published stop,https://discord.com/channels/1042855255089623100/1501271173588193290/1520266578879316088
BEATUSDT-2026-06-27-long,BEATUSDT,long,entry,2026-06-27T03:16:37Z,1782530197592.0,2.6,,615,,https://discord.com/channels/1042855255089623100/1501271173588193290/1520266578879316088
BTCUSDT-2026-06-27-long,BTCUSDT,long,signal,2026-06-27T03:20:08Z,1782530408214.0,60000.0,,613,"60k CMP, published explicitly as an idea for members - 'Just an idea if anyone wants to swing, I'll take a scalp later on'",https://discord.com/channels/1042855255089623100/1501271173588193290/1520091131084275922
BTCUSDT-2026-06-27-long,BTCUSDT,long,stop_set,2026-06-27T03:20:08Z,1782530408214.0,56800.0,,613,published stop,https://discord.com/channels/1042855255089623100/1501271173588193290/1520091131084275922
BTCUSDT-2026-06-27-long,BTCUSDT,long,target_set,2026-06-27T03:20:08Z,1782530408214.0,65000.0,,613,TP1 as published,https://discord.com/channels/1042855255089623100/1501271173588193290/1520091131084275922
TOSHIUSDT-2026-06-25-long,TOSHIUSDT,long,stop_move,2026-06-28T14:33:19Z,1782657199693.0,0.0001126,,619,to_profit,https://discord.com/channels/1042855255089623100/1501271173588193290/1520799264299814952
TOSHIUSDT-2026-06-25-long,TOSHIUSDT,long,partial_close,2026-06-28T14:33:19Z,1782657199693.0,,20.0,619,taken 'around 1R'; no price given - the card minutes earlier showed 0.0001314,https://discord.com/channels/1042855255089623100/1501271173588193290/1520799264299814952
BTCUSDT-2026-06-29-short,BTCUSDT,short,signal,2026-06-28T23:53:53Z,1782690833472.0,59700.0,,620,"59,700 CMP or 60k, with 50% of size held back for a DCA at 62k; entering near the DCA was offered as a better R. His own fill is quoted as 60k, card 59,972.9",https://discord.com/channels/1042855255089623100/1501271173588193290/1520940334593609748
BTCUSDT-2026-06-29-short,BTCUSDT,short,stop_set,2026-06-28T23:53:53Z,1782690833472.0,64000.0,,620,published stop,https://discord.com/channels/1042855255089623100/1501271173588193290/1520940334593609748
BTCUSDT-2026-06-29-short,BTCUSDT,short,target_set,2026-06-28T23:53:53Z,1782690833472.0,56000.0,,620,TP1 as published,https://discord.com/channels/1042855255089623100/1501271173588193290/1520940334593609748
BTCUSDT-2026-06-29-short,BTCUSDT,short,target_set,2026-06-28T23:53:53Z,1782690833472.0,57000.0,,620,TP2 as published,https://discord.com/channels/1042855255089623100/1501271173588193290/1520940334593609748
BTCUSDT-2026-06-29-short,BTCUSDT,short,entry,2026-06-28T23:53:53Z,1782690833472.0,59972.9,,620,,https://discord.com/channels/1042855255089623100/1501271173588193290/1520940334593609748
BTCUSDT-2026-06-29-long,BTCUSDT,long,signal,2026-06-29T02:42:18Z,1782700938893.0,59000.0,,621,"he wanted a 59k scalp long but price ran up too fast for him to post it, so the setup was never published; his actual fill is the 59,200 on the card in msg 623",https://discord.com/channels/1042855255089623100/1501271173588193290/1520940547701997568
BTCUSDT-2026-06-29-long,BTCUSDT,long,entry,2026-06-29T03:12:13Z,1782702733177.0,59200.0,,621,,https://discord.com/channels/1042855255089623100/1501271173588193290/1520940547701997568
BTCUSDT-2026-06-29-short,BTCUSDT,short,target_move,2026-06-30T13:02:13Z,1782824533672.0,57550.0,,627,new targets 57550,https://discord.com/channels/1042855255089623100/1501271173588193290/1521501113877139617
BTCUSDT-2026-06-30-long,BTCUSDT,long,signal,2026-06-30T13:02:13Z,1782824533672.0,58300.0,,627,"58.3k CMP, run alongside the 60k swing short; nothing was saved for a DCA - msg 632 says it was one heavy entry",https://discord.com/channels/1042855255089623100/1501271173588193290/1521501113877139617
BTCUSDT-2026-06-30-long,BTCUSDT,long,stop_set,2026-06-30T13:02:13Z,1782824533672.0,56300.0,,627,published stop,https://discord.com/channels/1042855255089623100/1501271173588193290/1521501113877139617
BTCUSDT-2026-06-30-long,BTCUSDT,long,entry,2026-06-30T13:02:13Z,1782824533672.0,58486.2,,627,,https://discord.com/channels/1042855255089623100/1501271173588193290/1521501113877139617
BTCUSDT-2026-06-29-short,BTCUSDT,short,target_move,2026-06-30T13:02:27Z,1782824547256.0,57550.0,,628,new targets 57550,https://discord.com/channels/1042855255089623100/1501271173588193290/1521501170852434084
BTCUSDT-2026-06-30-long,BTCUSDT,long,target_move,2026-06-30T13:44:44Z,1782827084095.0,59180.0,,629,new targets 59180,https://discord.com/channels/1042855255089623100/1501271173588193290/1521511811126657194
HYPEUSDT-2026-06-30-long,HYPEUSDT,long,signal,2026-06-30T13:46:29Z,1782827189530.0,64.8,,630,CMP,https://discord.com/channels/1042855255089623100/1501271173588193290/1521512253352841236
HYPEUSDT-2026-06-30-long,HYPEUSDT,long,stop_set,2026-06-30T13:46:29Z,1782827189530.0,62.7,,630,published stop,https://discord.com/channels/1042855255089623100/1501271173588193290/1521512253352841236
HYPEUSDT-2026-06-30-long,HYPEUSDT,long,target_set,2026-06-30T13:46:29Z,1782827189530.0,68.0,,630,TP1 as published,https://discord.com/channels/1042855255089623100/1501271173588193290/1521512253352841236
HYPEUSDT-2026-06-30-long,HYPEUSDT,long,entry,2026-06-30T13:46:29Z,1782827189530.0,64.8,,630,,https://discord.com/channels/1042855255089623100/1501271173588193290/1521512253352841236
BTCUSDT-2026-06-30-long,BTCUSDT,long,stop_move,2026-06-30T14:22:10Z,1782829330323.0,57000.0,,631,tightened,https://discord.com/channels/1042855255089623100/1501271173588193290/1521521232489611396
BTCUSDT-2026-06-30-long,BTCUSDT,long,target_move,2026-06-30T14:22:10Z,1782829330323.0,59500.0,,631,new targets 59500,https://discord.com/channels/1042855255089623100/1501271173588193290/1521521232489611396
BTCUSDT-2026-06-30-long,BTCUSDT,long,partial_close,2026-06-30T14:22:10Z,1782829330323.0,59104.4,50.0,631,"the 59,180 scalp target 'got hit instantly'; the crop shows the closed portion at an average 59,104.4",https://discord.com/channels/1042855255089623100/1501271173588193290/1521521232489611396
BTCUSDT-2026-06-30-long-2,BTCUSDT,long,signal,2026-06-30T14:58:28Z,1782831508112.0,58400.0,,634,"58.4k CMP (market), posted as 'Long again' minutes after the dump off 59.2k",https://discord.com/channels/1042855255089623100/1501271173588193290/1521530366798594078
BTCUSDT-2026-06-30-long-2,BTCUSDT,long,stop_set,2026-06-30T14:58:28Z,1782831508112.0,57000.0,,634,published stop,https://discord.com/channels/1042855255089623100/1501271173588193290/1521530366798594078
BTCUSDT-2026-06-30-long-2,BTCUSDT,long,entry,2026-06-30T14:58:28Z,1782831508112.0,58372.7,,634,,https://discord.com/channels/1042855255089623100/1501271173588193290/1521530366798594078
BTCUSDT-2026-06-30-long-2,BTCUSDT,long,exit,2026-07-01T01:48:43Z,1782870523684.0,58957.8,100.0,638,manual_close,https://discord.com/channels/1042855255089623100/1501271173588193290/1521696567462068316
BTCUSDT-2026-06-30-long,BTCUSDT,long,exit,2026-07-01T01:56:00Z,1782870960884.0,58950.3,100.0,638,manual_close,https://discord.com/channels/1042855255089623100/1501271173588193290/1521696567462068316
BTCUSDT-2026-06-29-short,BTCUSDT,short,exit,2026-07-01T01:56:25Z,1782870985048.0,59318.1,100.0,637,manual_close,https://discord.com/channels/1042855255089623100/1501271173588193290/1521695945069170769
HYPEUSDT-2026-06-30-long,HYPEUSDT,long,exit,2026-07-01T14:01:39Z,1782914499793.0,,100.0,639,stop_loss,https://discord.com/channels/1042855255089623100/1501271173588193290/1521878459138445590
JUPUSDT-2026-07-01-short,JUPUSDT,short,signal,2026-07-01T14:03:13Z,1782914593205.0,0.239,,640,0.239 CMP with 25% of size saved for a DCA whose level was never given,https://discord.com/channels/1042855255089623100/1501271173588193290/1521878850936635392
JUPUSDT-2026-07-01-short,JUPUSDT,short,stop_set,2026-07-01T14:03:13Z,1782914593205.0,0.2703,,640,published stop,https://discord.com/channels/1042855255089623100/1501271173588193290/1521878850936635392
JUPUSDT-2026-07-01-short,JUPUSDT,short,entry,2026-07-01T14:03:13Z,1782914593205.0,0.238,,640,,https://discord.com/channels/1042855255089623100/1501271173588193290/1521878850936635392
BTCUSDT-2026-07-01-long,BTCUSDT,long,signal,2026-07-01T14:17:49Z,1782915469356.0,,,641,"Never published as a setup - a personal position, no entry, stop or target given to the channel",https://discord.com/channels/1042855255089623100/1501271173588193290/1521882525780148336
BTCUSDT-2026-07-01-long,BTCUSDT,long,exit,2026-07-01T14:17:49Z,1782915469356.0,59939.6,100.0,643,manual_close,https://discord.com/channels/1042855255089623100/1501271173588193290/1521892481598226644
BEATUSDT-2026-06-27-long,BEATUSDT,long,exit,2026-07-01T14:24:05Z,1782915845802.0,,100.0,642,manual_close,https://discord.com/channels/1042855255089623100/1501271173588193290/1521884104709246986
BTCUSDT-2026-07-01-short,BTCUSDT,short,signal,2026-07-01T15:09:03Z,1782918543578.0,59800.0,,644,"59.8k CMP, posted as a scalp while his older swing short was still running",https://discord.com/channels/1042855255089623100/1501271173588193290/1521895420002046186
BTCUSDT-2026-07-01-short,BTCUSDT,short,stop_set,2026-07-01T15:09:03Z,1782918543578.0,61000.0,,644,published stop,https://discord.com/channels/1042855255089623100/1501271173588193290/1521895420002046186
BTCUSDT-2026-07-01-short,BTCUSDT,short,target_set,2026-07-01T15:09:03Z,1782918543578.0,59000.0,,644,TP1 as published,https://discord.com/channels/1042855255089623100/1501271173588193290/1521895420002046186
BTCUSDT-2026-07-01-short,BTCUSDT,short,entry,2026-07-01T15:09:03Z,1782918543578.0,60050.0,,644,,https://discord.com/channels/1042855255089623100/1501271173588193290/1521895420002046186
BTCUSDT-2026-07-01-short,BTCUSDT,short,dca_fill,2026-07-01T16:01:27Z,1782921687314.0,60250.0,25.0,647,the optional 25% add filled; he stated the blended entry as 60050,https://discord.com/channels/1042855255089623100/1501271173588193290/1521908605786525866
BTCUSDT-2026-07-01-short,BTCUSDT,short,target_move,2026-07-01T16:01:27Z,1782921687314.0,59500.0,,647,new targets 59500,https://discord.com/channels/1042855255089623100/1501271173588193290/1521908605786525866
BTCUSDT-2026-07-01-short,BTCUSDT,short,exit,2026-07-01T22:22:55Z,1782944575255.0,61000.0,100.0,650,stop_loss,https://discord.com/channels/1042855255089623100/1501271173588193290/1522004695873491156
SOLUSDT-2026-06-26-long,SOLUSDT,long,exit,2026-07-02T11:13:48Z,1782990828796.0,82.0,100.0,651,manual_close,https://discord.com/channels/1042855255089623100/1501271173588193290/1522198606180778106
ETHUSDT-2026-07-02-short,ETHUSDT,short,signal,2026-07-02T12:19:14Z,1782994754304.0,1662.0,,652,"posted as a 1660 limit or 1656 CMP, then corrected to a 1662 limit with CMP entry still fine",https://discord.com/channels/1042855255089623100/1501271173588193290/1522215070954684630
ETHUSDT-2026-07-02-short,ETHUSDT,short,stop_set,2026-07-02T12:19:14Z,1782994754304.0,1690.0,,652,published stop,https://discord.com/channels/1042855255089623100/1501271173588193290/1522215070954684630
ETHUSDT-2026-07-02-short,ETHUSDT,short,target_set,2026-07-02T12:19:14Z,1782994754304.0,1622.0,,652,TP1 as published,https://discord.com/channels/1042855255089623100/1501271173588193290/1522215070954684630
ETHUSDT-2026-07-02-short,ETHUSDT,short,entry,2026-07-02T12:19:14Z,1782994754304.0,1662.0,,652,,https://discord.com/channels/1042855255089623100/1501271173588193290/1522215070954684630
ETHUSDT-2026-07-02-short-2,ETHUSDT,short,signal,2026-07-02T15:07:26Z,1783004846029.0,1702.0,,657,"1702 was his own entry, 1697 CMP for anyone following",https://discord.com/channels/1042855255089623100/1501271173588193290/1522257398717485066
ETHUSDT-2026-07-02-short-2,ETHUSDT,short,stop_set,2026-07-02T15:07:26Z,1783004846029.0,1735.0,,657,published stop,https://discord.com/channels/1042855255089623100/1501271173588193290/1522257398717485066
ETHUSDT-2026-07-02-short-2,ETHUSDT,short,entry,2026-07-02T15:07:26Z,1783004846029.0,1702.0,,657,,https://discord.com/channels/1042855255089623100/1501271173588193290/1522257398717485066
ETHUSDT-2026-07-02-short-2,ETHUSDT,short,exit,2026-07-02T23:54:22Z,1783036462539.0,1699.37,100.0,658,breakeven,https://discord.com/channels/1042855255089623100/1501271173588193290/1522390007971713084
XRPUSDT-2026-07-03-long,XRPUSDT,long,signal,2026-07-02T23:57:25Z,1783036645023.0,1.086,,659,1.086 CMP; target to be posted once it started moving,https://discord.com/channels/1042855255089623100/1501271173588193290/1522390773365215243
XRPUSDT-2026-07-03-long,XRPUSDT,long,stop_set,2026-07-02T23:57:25Z,1783036645023.0,1.0211,,659,published stop,https://discord.com/channels/1042855255089623100/1501271173588193290/1522390773365215243
XRPUSDT-2026-07-03-long,XRPUSDT,long,target_set,2026-07-02T23:57:25Z,1783036645023.0,1.1269,,659,TP1 as published,https://discord.com/channels/1042855255089623100/1501271173588193290/1522390773365215243
XRPUSDT-2026-07-03-long,XRPUSDT,long,target_set,2026-07-02T23:57:25Z,1783036645023.0,1.16,,659,TP2 as published,https://discord.com/channels/1042855255089623100/1501271173588193290/1522390773365215243
XRPUSDT-2026-07-03-long,XRPUSDT,long,entry,2026-07-02T23:57:25Z,1783036645023.0,1.087,,659,,https://discord.com/channels/1042855255089623100/1501271173588193290/1522390773365215243
XRPUSDT-2026-07-03-long,XRPUSDT,long,target_move,2026-07-03T06:25:45Z,1783059945351.0,1.1269,,660,new targets 1.1269|1.16,https://discord.com/channels/1042855255089623100/1501271173588193290/1522488502024147024
XRPUSDT-2026-07-03-long,XRPUSDT,long,exit,2026-07-03T18:47:02Z,1783104422764.0,1.127,100.0,667,take_profit,https://discord.com/channels/1042855255089623100/1501271173588193290/1522983588046307388
ETHUSDT-2026-07-04-short,ETHUSDT,short,signal,2026-07-04T01:13:31Z,1783127611284.0,1750.0,,664,1750 CMP or 1760 higher up,https://discord.com/channels/1042855255089623100/1501271173588193290/1522772313517588621
ETHUSDT-2026-07-04-short,ETHUSDT,short,stop_set,2026-07-04T01:13:31Z,1783127611284.0,1800.0,,664,published stop,https://discord.com/channels/1042855255089623100/1501271173588193290/1522772313517588621
ETHUSDT-2026-07-04-short,ETHUSDT,short,target_set,2026-07-04T01:13:31Z,1783127611284.0,1700.0,,664,TP1 as published,https://discord.com/channels/1042855255089623100/1501271173588193290/1522772313517588621
ETHUSDT-2026-07-04-short,ETHUSDT,short,entry,2026-07-04T01:13:31Z,1783127611284.0,1759.84,,664,,https://discord.com/channels/1042855255089623100/1501271173588193290/1522772313517588621
TAOUSDT-2026-07-04-long,TAOUSDT,long,signal,2026-07-04T11:17:28Z,1783163848148.0,212.4,,665,CMP,https://discord.com/channels/1042855255089623100/1501271173588193290/1522924301941211237
TAOUSDT-2026-07-04-long,TAOUSDT,long,stop_set,2026-07-04T11:17:28Z,1783163848148.0,201.76,,665,published stop,https://discord.com/channels/1042855255089623100/1501271173588193290/1522924301941211237
TAOUSDT-2026-07-04-long,TAOUSDT,long,entry,2026-07-04T11:17:28Z,1783163848148.0,212.45,,665,,https://discord.com/channels/1042855255089623100/1501271173588193290/1522924301941211237
TAOUSDT-2026-07-04-long,TAOUSDT,long,target_move,2026-07-04T15:15:33Z,1783178133524.0,219.4,,668,new targets 219.4|223,https://discord.com/channels/1042855255089623100/1501271173588193290/1522984219150647457
TAOUSDT-2026-07-04-long,TAOUSDT,long,exit,2026-07-04T17:36:59Z,1783186619806.0,218.36,100.0,670,manual_close,https://discord.com/channels/1042855255089623100/1501271173588193290/1523019813197316169
ZECUSDT-2026-07-04-short,ZECUSDT,short,signal,2026-07-04T20:07:23Z,1783195643888.0,469.0,,671,469; his fill card shows 468.70,https://discord.com/channels/1042855255089623100/1501271173588193290/1523057662940414053
ZECUSDT-2026-07-04-short,ZECUSDT,short,stop_set,2026-07-04T20:07:23Z,1783195643888.0,492.6,,671,published stop,https://discord.com/channels/1042855255089623100/1501271173588193290/1523057662940414053
ZECUSDT-2026-07-04-short,ZECUSDT,short,entry,2026-07-04T20:07:23Z,1783195643888.0,468.7,,671,,https://discord.com/channels/1042855255089623100/1501271173588193290/1523057662940414053
ZECUSDT-2026-07-04-short,ZECUSDT,short,stop_move,2026-07-04T23:20:44Z,1783207244333.0,468.7,,672,to_entry,https://discord.com/channels/1042855255089623100/1501271173588193290/1523106318733541466
ZECUSDT-2026-07-04-short,ZECUSDT,short,target_move,2026-07-04T23:20:44Z,1783207244333.0,453.23,,672,new targets 453.23,https://discord.com/channels/1042855255089623100/1501271173588193290/1523106318733541466
ZECUSDT-2026-07-04-short,ZECUSDT,short,exit,2026-07-05T02:23:45Z,1783218225985.0,453.04,100.0,673,take_profit,https://discord.com/channels/1042855255089623100/1501271173588193290/1523152379120193729
JUPUSDT-2026-07-01-short,JUPUSDT,short,exit,2026-07-05T03:38:05Z,1783222685703.0,0.2358,100.0,674,manual_close,https://discord.com/channels/1042855255089623100/1501271173588193290/1523171084533497857
HYPEUSDT-2026-07-05-long,HYPEUSDT,long,signal,2026-07-05T10:17:01Z,1783246621743.0,68.8,,676,CMP,https://discord.com/channels/1042855255089623100/1501271173588193290/1523271479561814016
HYPEUSDT-2026-07-05-long,HYPEUSDT,long,stop_set,2026-07-05T10:17:01Z,1783246621743.0,65.11,,676,published stop,https://discord.com/channels/1042855255089623100/1501271173588193290/1523271479561814016
HYPEUSDT-2026-07-05-long,HYPEUSDT,long,entry,2026-07-05T10:17:01Z,1783246621743.0,68.787,,676,,https://discord.com/channels/1042855255089623100/1501271173588193290/1523271479561814016
HYPEUSDT-2026-07-05-long,HYPEUSDT,long,target_move,2026-07-05T13:12:28Z,1783257148628.0,70.8,,679,new targets 70.8,https://discord.com/channels/1042855255089623100/1501271173588193290/1523315632517546134
HYPEUSDT-2026-07-05-long,HYPEUSDT,long,exit,2026-07-05T21:34:37Z,1783287277363.0,70.796,100.0,680,take_profit,https://discord.com/channels/1042855255089623100/1501271173588193290/1523442001591140454
OPUSDT-2026-07-06-short,OPUSDT,short,signal,2026-07-06T09:18:25Z,1783329505514.0,0.1068,,682,CMP,https://discord.com/channels/1042855255089623100/1501271173588193290/1523619119293796442
OPUSDT-2026-07-06-short,OPUSDT,short,stop_set,2026-07-06T09:18:25Z,1783329505514.0,0.1123,,682,published stop,https://discord.com/channels/1042855255089623100/1501271173588193290/1523619119293796442
OPUSDT-2026-07-06-short,OPUSDT,short,entry,2026-07-06T09:18:25Z,1783329505514.0,0.1067,,682,,https://discord.com/channels/1042855255089623100/1501271173588193290/1523619119293796442
MEUSDT-2026-07-06-long,MEUSDT,long,signal,2026-07-06T09:34:58Z,1783330498652.0,0.0644,,683,"0.0644 CMP, swing - 'can take a week or 2'",https://discord.com/channels/1042855255089623100/1501271173588193290/1523623284816613437
MEUSDT-2026-07-06-long,MEUSDT,long,stop_set,2026-07-06T09:34:58Z,1783330498652.0,0.0493,,683,published stop,https://discord.com/channels/1042855255089623100/1501271173588193290/1523623284816613437
MEUSDT-2026-07-06-long,MEUSDT,long,entry,2026-07-06T09:34:58Z,1783330498652.0,0.06447,,683,,https://discord.com/channels/1042855255089623100/1501271173588193290/1523623284816613437
OPUSDT-2026-07-06-short,OPUSDT,short,exit,2026-07-06T13:10:45Z,1783343445886.0,0.1034,100.0,684,take_profit,https://discord.com/channels/1042855255089623100/1501271173588193290/1523677589452095658
XLMUSDT-2026-07-06-short,XLMUSDT,short,signal,2026-07-06T14:25:28Z,1783347928579.0,0.1993,,688,0.1993 CMP,https://discord.com/channels/1042855255089623100/1501271173588193290/1523696391229149324
XLMUSDT-2026-07-06-short,XLMUSDT,short,stop_set,2026-07-06T14:25:28Z,1783347928579.0,0.20923,,688,published stop,https://discord.com/channels/1042855255089623100/1501271173588193290/1523696391229149324
XLMUSDT-2026-07-06-short,XLMUSDT,short,target_set,2026-07-06T14:25:28Z,1783347928579.0,0.19276,,688,TP1 as published,https://discord.com/channels/1042855255089623100/1501271173588193290/1523696391229149324
XLMUSDT-2026-07-06-short,XLMUSDT,short,entry,2026-07-06T14:25:28Z,1783347928579.0,0.19789,,688,,https://discord.com/channels/1042855255089623100/1501271173588193290/1523696391229149324
XLMUSDT-2026-07-06-short,XLMUSDT,short,exit,2026-07-07T11:33:11Z,1783423991369.0,0.19291,100.0,692,take_profit,https://discord.com/channels/1042855255089623100/1501271173588193290/1524015421693628467
AVAXUSDT-2026-07-08-short,AVAXUSDT,short,signal,2026-07-08T14:42:46Z,1783521766225.0,6.42,,694,6.42 CMP or a limit higher at 6.46,https://discord.com/channels/1042855255089623100/1501271173588193290/1524425519163244695
AVAXUSDT-2026-07-08-short,AVAXUSDT,short,stop_set,2026-07-08T14:42:46Z,1783521766225.0,6.752,,694,published stop,https://discord.com/channels/1042855255089623100/1501271173588193290/1524425519163244695
AVAXUSDT-2026-07-08-short,AVAXUSDT,short,target_set,2026-07-08T14:42:46Z,1783521766225.0,6.22,,694,TP1 as published,https://discord.com/channels/1042855255089623100/1501271173588193290/1524425519163244695
AVAXUSDT-2026-07-08-short,AVAXUSDT,short,entry,2026-07-08T14:42:46Z,1783521766225.0,6.42,,694,,https://discord.com/channels/1042855255089623100/1501271173588193290/1524425519163244695
AVAXUSDT-2026-07-08-short,AVAXUSDT,short,exit,2026-07-09T08:05:57Z,1783584357397.0,,100.0,695,stop_loss,https://discord.com/channels/1042855255089623100/1501271173588193290/1524688045566328933
SOLUSDT-2026-07-09-long,SOLUSDT,long,signal,2026-07-09T13:52:33Z,1783605153671.0,77.9,,696,77.9 CMP; TP to be posted once it started moving,https://discord.com/channels/1042855255089623100/1501271173588193290/1524775271461552238
SOLUSDT-2026-07-09-long,SOLUSDT,long,stop_set,2026-07-09T13:52:33Z,1783605153671.0,73.0,,696,published stop,https://discord.com/channels/1042855255089623100/1501271173588193290/1524775271461552238
SOLUSDT-2026-07-09-long,SOLUSDT,long,entry,2026-07-09T13:52:33Z,1783605153671.0,77.9,,696,,https://discord.com/channels/1042855255089623100/1501271173588193290/1524775271461552238
BTCUSDT-2026-07-09-long,BTCUSDT,long,signal,2026-07-09T20:35:37Z,1783629337686.0,63200.0,,697,63.2k CMP; he told followers entering at the DCA or at 62.8k was equally fine,https://discord.com/channels/1042855255089623100/1501271173588193290/1524876706572402719
BTCUSDT-2026-07-09-long,BTCUSDT,long,stop_set,2026-07-09T20:35:37Z,1783629337686.0,61700.0,,697,published stop,https://discord.com/channels/1042855255089623100/1501271173588193290/1524876706572402719
BTCUSDT-2026-07-09-long,BTCUSDT,long,target_set,2026-07-09T20:35:37Z,1783629337686.0,64000.0,,697,TP1 as published,https://discord.com/channels/1042855255089623100/1501271173588193290/1524876706572402719
BTCUSDT-2026-07-09-long,BTCUSDT,long,target_set,2026-07-09T20:35:37Z,1783629337686.0,64200.0,,697,TP2 as published,https://discord.com/channels/1042855255089623100/1501271173588193290/1524876706572402719
BTCUSDT-2026-07-09-long,BTCUSDT,long,entry,2026-07-09T20:35:37Z,1783629337686.0,63229.9,,697,,https://discord.com/channels/1042855255089623100/1501271173588193290/1524876706572402719
BTCUSDT-2026-07-09-long,BTCUSDT,long,exit,2026-07-10T02:53:30Z,1783652010571.0,63998.4,100.0,698,take_profit,https://discord.com/channels/1042855255089623100/1501271173588193290/1524971803544649870
GENIUSUSDT-2026-07-10-long,GENIUSUSDT,long,signal,2026-07-10T18:10:51Z,1783707051765.0,0.359,,699,"0.359 was his own entry, 0.364 CMP for followers",https://discord.com/channels/1042855255089623100/1501271173588193290/1525202663044808884
GENIUSUSDT-2026-07-10-long,GENIUSUSDT,long,stop_set,2026-07-10T18:10:51Z,1783707051765.0,0.2864,,699,published stop,https://discord.com/channels/1042855255089623100/1501271173588193290/1525202663044808884
GENIUSUSDT-2026-07-10-long,GENIUSUSDT,long,entry,2026-07-10T18:10:51Z,1783707051765.0,0.3509,,699,,https://discord.com/channels/1042855255089623100/1501271173588193290/1525202663044808884
BTCUSDT-2026-07-13-long,BTCUSDT,long,signal,2026-07-13T03:33:40Z,1783913620838.0,62800.0,,702,"62800, confirmed as CMP in a one-word follow-up five seconds later",https://discord.com/channels/1042855255089623100/1501271173588193290/1526069076533968946
BTCUSDT-2026-07-13-long,BTCUSDT,long,stop_set,2026-07-13T03:33:40Z,1783913620838.0,61500.0,,702,published stop,https://discord.com/channels/1042855255089623100/1501271173588193290/1526069076533968946
BTCUSDT-2026-07-13-long,BTCUSDT,long,target_set,2026-07-13T03:33:40Z,1783913620838.0,64000.0,,702,TP1 as published,https://discord.com/channels/1042855255089623100/1501271173588193290/1526069076533968946
BTCUSDT-2026-07-13-long,BTCUSDT,long,target_set,2026-07-13T03:33:40Z,1783913620838.0,64600.0,,702,TP2 as published,https://discord.com/channels/1042855255089623100/1501271173588193290/1526069076533968946
BTCUSDT-2026-07-13-long,BTCUSDT,long,entry,2026-07-13T03:33:40Z,1783913620838.0,62775.4,,702,,https://discord.com/channels/1042855255089623100/1501271173588193290/1526069076533968946
EIGENUSDT-2026-07-14-long,EIGENUSDT,long,signal,2026-07-14T00:27:55Z,1783988875732.0,0.241,,704,CMP,https://discord.com/channels/1042855255089623100/1501271173588193290/1526384718436765776
EIGENUSDT-2026-07-14-long,EIGENUSDT,long,stop_set,2026-07-14T00:27:55Z,1783988875732.0,0.22,,704,published stop,https://discord.com/channels/1042855255089623100/1501271173588193290/1526384718436765776
EIGENUSDT-2026-07-14-long,EIGENUSDT,long,target_set,2026-07-14T00:27:55Z,1783988875732.0,0.266,,704,TP1 as published,https://discord.com/channels/1042855255089623100/1501271173588193290/1526384718436765776
EIGENUSDT-2026-07-14-long,EIGENUSDT,long,entry,2026-07-14T00:27:55Z,1783988875732.0,0.241,,704,,https://discord.com/channels/1042855255089623100/1501271173588193290/1526384718436765776
TRIAUSDT-2026-07-14-long,TRIAUSDT,long,signal,2026-07-14T02:06:45Z,1783994805000.0,,,706,flagged as a CMP long but no entry price was published - 'already 2 shitcoins running so not giving now',https://discord.com/channels/1042855255089623100/1501271173588193290/1526409587589120102
TRIAUSDT-2026-07-14-long,TRIAUSDT,long,stop_set,2026-07-14T02:06:45Z,1783994805000.0,0.0067,,706,published stop,https://discord.com/channels/1042855255089623100/1501271173588193290/1526409587589120102
TRIAUSDT-2026-07-14-long,TRIAUSDT,long,entry,2026-07-14T02:06:45Z,1783994805000.0,0.008487,,706,,https://discord.com/channels/1042855255089623100/1501271173588193290/1526409587589120102
TRIAUSDT-2026-07-14-long,TRIAUSDT,long,exit,2026-07-14T03:24:47Z,1783999487435.0,0.009649,100.0,707,manual_close,https://discord.com/channels/1042855255089623100/1501271173588193290/1526429227144974448
BTCUSDT-2026-07-13-long,BTCUSDT,long,target_move,2026-07-14T04:58:58Z,1784005138181.0,63100.0,,708,new targets 63100|63500,https://discord.com/channels/1042855255089623100/1501271173588193290/1526452928091783279
BTCUSDT-2026-07-13-long,BTCUSDT,long,exit,2026-07-14T13:12:22Z,1784034742385.0,63781.6,100.0,710,manual_close,https://discord.com/channels/1042855255089623100/1501271173588193290/1526682250417016923
BTCUSDT-2026-07-15-short,BTCUSDT,short,signal,2026-07-14T21:40:11Z,1784065211235.0,64850.0,,710,"64,850 CMP; he named 65-65.1k as the better price but would not post a limit there for fear of being front-run",https://discord.com/channels/1042855255089623100/1501271173588193290/1526682250417016923
BTCUSDT-2026-07-15-short,BTCUSDT,short,stop_set,2026-07-14T21:40:11Z,1784065211235.0,66200.0,,710,published stop,https://discord.com/channels/1042855255089623100/1501271173588193290/1526682250417016923
BTCUSDT-2026-07-15-short,BTCUSDT,short,target_set,2026-07-14T21:40:11Z,1784065211235.0,63000.0,,710,TP1 as published,https://discord.com/channels/1042855255089623100/1501271173588193290/1526682250417016923
BTCUSDT-2026-07-15-short,BTCUSDT,short,entry,2026-07-14T21:40:11Z,1784065211235.0,64948.66,,710,,https://discord.com/channels/1042855255089623100/1501271173588193290/1526682250417016923
BTCUSDT-2026-07-15-short,BTCUSDT,short,dca_fill,2026-07-15T15:46:27Z,1784130387545.0,65000.0,20.0,716,a deliberately small DCA - 20% instead of the planned 50% - because he expected BTC at 67k; he described the position as 'risking 0.6+' after it,https://discord.com/channels/1042855255089623100/1501271173588193290/1526978262000210010
BTCUSDT-2026-07-15-short,BTCUSDT,short,target_move,2026-07-16T04:43:47Z,1784177027404.0,63250.0,,717,new targets 63250,https://discord.com/channels/1042855255089623100/1501271173588193290/1527173883747110983
BTCUSDT-2026-07-15-short,BTCUSDT,short,exit,2026-07-16T06:01:24Z,1784181684476.0,64896.8,100.0,720,manual_close,https://discord.com/channels/1042855255089623100/1501271173588193290/1527230920023609345
BTCUSDT-2026-07-17-long-scalp,BTCUSDT,long,signal,2026-07-17T02:03:10Z,1784253790917.0,63469.0,,721,"63,469 CMP, posted as the scalp version of the setup; a swing version at 63,323 was posted one minute later and is tracked separately",https://discord.com/channels/1042855255089623100/1501271173588193290/1527495853257003089
BTCUSDT-2026-07-17-long-scalp,BTCUSDT,long,stop_set,2026-07-17T02:03:10Z,1784253790917.0,62000.0,,721,published stop,https://discord.com/channels/1042855255089623100/1501271173588193290/1527495853257003089
BTCUSDT-2026-07-17-long-scalp,BTCUSDT,long,target_set,2026-07-17T02:03:10Z,1784253790917.0,64260.0,,721,TP1 as published,https://discord.com/channels/1042855255089623100/1501271173588193290/1527495853257003089
BTCUSDT-2026-07-17-long-scalp,BTCUSDT,long,entry,2026-07-17T02:03:10Z,1784253790917.0,63100.0,,721,,https://discord.com/channels/1042855255089623100/1501271173588193290/1527495853257003089
BTCUSDT-2026-07-17-long-swing,BTCUSDT,long,signal,2026-07-17T02:04:09Z,1784253849942.0,63323.0,,722,"63,323 CMP, posted one minute after the scalp as the 'if you want swing' version - wider stop, higher targets",https://discord.com/channels/1042855255089623100/1501271173588193290/1527496100825796668
BTCUSDT-2026-07-17-long-swing,BTCUSDT,long,stop_set,2026-07-17T02:04:09Z,1784253849942.0,61300.0,,722,published stop,https://discord.com/channels/1042855255089623100/1501271173588193290/1527496100825796668
BTCUSDT-2026-07-17-long-swing,BTCUSDT,long,target_set,2026-07-17T02:04:09Z,1784253849942.0,65000.0,,722,TP1 as published,https://discord.com/channels/1042855255089623100/1501271173588193290/1527496100825796668
BTCUSDT-2026-07-17-long-swing,BTCUSDT,long,target_set,2026-07-17T02:04:09Z,1784253849942.0,66000.0,,722,TP2 as published,https://discord.com/channels/1042855255089623100/1501271173588193290/1527496100825796668
BTCUSDT-2026-07-17-long-swing,BTCUSDT,long,entry,2026-07-17T02:04:09Z,1784253849942.0,63244.7,,722,,https://discord.com/channels/1042855255089623100/1501271173588193290/1527496100825796668
BTCUSDT-2026-07-17-long-scalp,BTCUSDT,long,exit,2026-07-17T18:30:23Z,1784313023240.0,,100.0,726,take_profit,https://discord.com/channels/1042855255089623100/1501271173588193290/1527746743192522762
BTCUSDT-2026-07-17-long-swing,BTCUSDT,long,stop_move,2026-07-17T19:00:10Z,1784314810996.0,63323.0,,727,to_entry,https://discord.com/channels/1042855255089623100/1501271173588193290/1527751790018298098
BTCUSDT-2026-07-17-long-swing,BTCUSDT,long,target_move,2026-07-17T19:00:10Z,1784314810996.0,65000.0,,727,new targets 65000,https://discord.com/channels/1042855255089623100/1501271173588193290/1527751790018298098
ZECUSDT-2026-07-18-long,ZECUSDT,long,signal,2026-07-18T12:16:28Z,1784376988547.0,544.0,,728,"544 CMP, no target published",https://discord.com/channels/1042855255089623100/1501271173588193290/1528012581569036319
ZECUSDT-2026-07-18-long,ZECUSDT,long,stop_set,2026-07-18T12:16:28Z,1784376988547.0,530.0,,728,published stop,https://discord.com/channels/1042855255089623100/1501271173588193290/1528012581569036319
ZECUSDT-2026-07-18-long,ZECUSDT,long,entry,2026-07-18T12:16:28Z,1784376988547.0,544.0,,728,,https://discord.com/channels/1042855255089623100/1501271173588193290/1528012581569036319
ZECUSDT-2026-07-18-long,ZECUSDT,long,exit,2026-07-18T14:55:56Z,1784386556623.0,560.0,100.0,731,manual_close,https://discord.com/channels/1042855255089623100/1501271173588193290/1528053721450151956
ZECUSDT-2026-07-18-long,ZECUSDT,long,target_move,2026-07-18T14:59:57Z,1784386797059.0,574.0,,731,new targets 574,https://discord.com/channels/1042855255089623100/1501271173588193290/1528053721450151956
BTCUSDT-2026-07-17-long-swing,BTCUSDT,long,target_move,2026-07-19T05:34:26Z,1784439266695.0,66000.0,,733,new targets 66000,https://discord.com/channels/1042855255089623100/1501271173588193290/1528273795054436473
BTCUSDT-2026-07-17-long-swing,BTCUSDT,long,partial_close,2026-07-19T05:34:26Z,1784439266695.0,64900.0,50.0,733,manual TP taken some time before the message ('took 50% manual TP earlier @ 64.9k') because 65k was almost touched,https://discord.com/channels/1042855255089623100/1501271173588193290/1528273795054436473
BTCUSDT-2026-07-17-long-swing,BTCUSDT,long,target_move,2026-07-20T00:08:51Z,1784506131104.0,66200.0,,734,new targets 66200,https://discord.com/channels/1042855255089623100/1501271173588193290/1528554244712562860
BTCUSDT-2026-07-17-long-swing,BTCUSDT,long,partial_close,2026-07-20T00:08:51Z,1784506131104.0,,20.0,734,"another 20% off, 70% out in total; the 65k first target was confirmed hit 15 minutes later with a card showing 63,244.7 in and 65,024.1 out (+204.89%)",https://discord.com/channels/1042855255089623100/1501271173588193290/1528554244712562860
BTCUSDT-2026-07-17-long-swing,BTCUSDT,long,partial_close,2026-07-20T16:01:04Z,1784563264443.0,,20.0,739,"a further 20% off (90% out); the card shows the position still open with the mark at 65,578.6",https://discord.com/channels/1042855255089623100/1501271173588193290/1528793879304732755
SOLUSDT-2026-07-09-long,SOLUSDT,long,exit,2026-07-21T00:57:23Z,1784595443599.0,77.99,100.0,740,breakeven,https://discord.com/channels/1042855255089623100/1501271173588193290/1528928848467460147
BTCUSDT-2026-07-17-long-swing,BTCUSDT,long,exit,2026-07-21T07:53:23Z,1784620403200.0,66200.0,100.0,743,take_profit,https://discord.com/channels/1042855255089623100/1501271173588193290/1529033536621908081
BTCUSDT-2026-07-21-short,BTCUSDT,short,signal,2026-07-21T07:54:47Z,1784620487916.0,66250.0,,744,"66,250 CMP, posted as 'Switching to short' one minute after the swing long's final TP; he added that 66.5-67k was a better entry that needed no DCA",https://discord.com/channels/1042855255089623100/1501271173588193290/1529033891946696797
BTCUSDT-2026-07-21-short,BTCUSDT,short,stop_set,2026-07-21T07:54:47Z,1784620487916.0,67600.0,,744,published stop,https://discord.com/channels/1042855255089623100/1501271173588193290/1529033891946696797
BTCUSDT-2026-07-21-short,BTCUSDT,short,entry,2026-07-21T07:54:47Z,1784620487916.0,66137.7,,744,,https://discord.com/channels/1042855255089623100/1501271173588193290/1529033891946696797
ZECUSDT-2026-07-21-short,ZECUSDT,short,signal,2026-07-21T08:51:05Z,1784623865944.0,545.0,,746,"the trade was announced first (with only a 573.2 stop) and the full setup - entry 545, TP 526.46, SL 573 - followed two hours later",https://discord.com/channels/1042855255089623100/1501271173588193290/1529048060422914059
ZECUSDT-2026-07-21-short,ZECUSDT,short,stop_set,2026-07-21T08:51:05Z,1784623865944.0,573.2,,746,published stop,https://discord.com/channels/1042855255089623100/1501271173588193290/1529048060422914059
ZECUSDT-2026-07-21-short,ZECUSDT,short,target_set,2026-07-21T08:51:05Z,1784623865944.0,526.46,,746,TP1 as published,https://discord.com/channels/1042855255089623100/1501271173588193290/1529048060422914059
ZECUSDT-2026-07-21-short,ZECUSDT,short,entry,2026-07-21T08:51:05Z,1784623865944.0,543.18,,746,,https://discord.com/channels/1042855255089623100/1501271173588193290/1529048060422914059
ZECUSDT-2026-07-21-short,ZECUSDT,short,stop_move,2026-07-21T10:58:19Z,1784631499629.0,573.0,,747,restated,https://discord.com/channels/1042855255089623100/1501271173588193290/1529080078418317313
ZECUSDT-2026-07-21-short,ZECUSDT,short,exit,2026-07-22T09:02:00Z,1784710920454.0,527.22,100.0,749,take_profit,https://discord.com/channels/1042855255089623100/1501271173588193290/1529413193502298242
ENAUSDT-2026-07-22-short,ENAUSDT,short,signal,2026-07-22T10:42:58Z,1784716978008.0,0.08825,,750,0.08892 as a limit or 0.08825 CMP; no target was ever posted,https://discord.com/channels/1042855255089623100/1501271173588193290/1529438600725528627
ENAUSDT-2026-07-22-short,ENAUSDT,short,stop_set,2026-07-22T10:42:58Z,1784716978008.0,0.09264,,750,published stop,https://discord.com/channels/1042855255089623100/1501271173588193290/1529438600725528627
ENAUSDT-2026-07-22-short,ENAUSDT,short,entry,2026-07-22T10:42:58Z,1784716978008.0,0.08825,,750,,https://discord.com/channels/1042855255089623100/1501271173588193290/1529438600725528627
ENAUSDT-2026-07-22-short,ENAUSDT,short,exit,2026-07-23T04:59:35Z,1784782775392.0,0.09264,100.0,751,stop_loss,https://discord.com/channels/1042855255089623100/1501271173588193290/1529714574956302337
BTCUSDT-2026-07-21-short,BTCUSDT,short,target_move,2026-07-23T05:04:33Z,1784783073033.0,65120.0,,752,new targets 65120|64840,https://discord.com/channels/1042855255089623100/1501271173588193290/1529715823353008201
BTCUSDT-2026-07-21-short,BTCUSDT,short,stop_move,2026-07-23T07:18:00Z,1784791080171.0,66137.7,,754,to_entry,https://discord.com/channels/1042855255089623100/1501271173588193290/1529749407724212285
BTCUSDT-2026-07-21-short,BTCUSDT,short,partial_close,2026-07-23T07:18:00Z,1784791080171.0,65120.0,70.0,754,"he wrote 'Took 70% fully at 65120', but the share card for the same 150x short reports the close at 65,409.7 and +165.11%",https://discord.com/channels/1042855255089623100/1501271173588193290/1529749407724212285
NEARUSDT-2026-07-23-long,NEARUSDT,long,signal,2026-07-23T09:25:04Z,1784798704159.0,1.871,,755,"1.871 CMP, no target at the call",https://discord.com/channels/1042855255089623100/1501271173588193290/1529781385047314472
NEARUSDT-2026-07-23-long,NEARUSDT,long,stop_set,2026-07-23T09:25:04Z,1784798704159.0,1.775,,755,published stop,https://discord.com/channels/1042855255089623100/1501271173588193290/1529781385047314472
NEARUSDT-2026-07-23-long,NEARUSDT,long,entry,2026-07-23T09:25:04Z,1784798704159.0,1.871,,755,,https://discord.com/channels/1042855255089623100/1501271173588193290/1529781385047314472
BTCUSDT-2026-07-21-short,BTCUSDT,short,exit,2026-07-23T12:49:56Z,1784810996874.0,64840.0,100.0,756,take_profit,https://discord.com/channels/1042855255089623100/1501271173588193290/1529832944431005707
XRPUSDT-2026-07-23-long,XRPUSDT,long,signal,2026-07-23T14:08:17Z,1784815697595.0,1.112,,757,"1.112 CMP, holding 20-30% back for an optional DCA",https://discord.com/channels/1042855255089623100/1501271173588193290/1529852660683903108
XRPUSDT-2026-07-23-long,XRPUSDT,long,stop_set,2026-07-23T14:08:17Z,1784815697595.0,1.04,,757,published stop,https://discord.com/channels/1042855255089623100/1501271173588193290/1529852660683903108
XRPUSDT-2026-07-23-long,XRPUSDT,long,target_set,2026-07-23T14:08:17Z,1784815697595.0,1.176,,757,TP1 as published,https://discord.com/channels/1042855255089623100/1501271173588193290/1529852660683903108
XRPUSDT-2026-07-23-long,XRPUSDT,long,entry,2026-07-23T14:08:17Z,1784815697595.0,1.1069,,757,,https://discord.com/channels/1042855255089623100/1501271173588193290/1529852660683903108
NEARUSDT-2026-07-23-long,NEARUSDT,long,target_move,2026-07-23T17:27:44Z,1784827664139.0,1.935,,758,new targets 1.935|1.96,https://discord.com/channels/1042855255089623100/1501271173588193290/1529902852007395443
BTCUSDT-2026-07-23-long,BTCUSDT,long,signal,2026-07-23T18:28:28Z,1784831308729.0,64700.0,,756,"64,700 CMP or a 64.4k limit; 50% of size held back for a DCA at 64.1-64.2k, with no DCA needed for anyone filled on the limit",https://discord.com/channels/1042855255089623100/1501271173588193290/1529832944431005707
BTCUSDT-2026-07-23-long,BTCUSDT,long,stop_set,2026-07-23T18:28:28Z,1784831308729.0,63500.0,,756,published stop,https://discord.com/channels/1042855255089623100/1501271173588193290/1529832944431005707
BTCUSDT-2026-07-23-long,BTCUSDT,long,target_set,2026-07-23T18:28:28Z,1784831308729.0,65500.0,,756,TP1 as published,https://discord.com/channels/1042855255089623100/1501271173588193290/1529832944431005707
BTCUSDT-2026-07-23-long,BTCUSDT,long,entry,2026-07-23T18:28:28Z,1784831308729.0,64790.5,,756,,https://discord.com/channels/1042855255089623100/1501271173588193290/1529832944431005707
BTCUSDT-2026-07-23-long,BTCUSDT,long,target_move,2026-07-24T04:41:07Z,1784868067070.0,65700.0,,761,new targets 65700,https://discord.com/channels/1042855255089623100/1501271173588193290/1530072314182500352
BTCUSDT-2026-07-23-long,BTCUSDT,long,exit,2026-07-24T07:16:44Z,1784877404589.0,65700.0,100.0,762,take_profit,https://discord.com/channels/1042855255089623100/1501271173588193290/1530111478575927336
INJUSDT-2026-07-24-long,INJUSDT,long,signal,2026-07-24T07:26:56Z,1784878016652.0,5.42,,763,"CMP, keeping 25% of size back for an optional DCA - no DCA level was ever published",https://discord.com/channels/1042855255089623100/1501271173588193290/1530114045754085526
INJUSDT-2026-07-24-long,INJUSDT,long,stop_set,2026-07-24T07:26:56Z,1784878016652.0,5.07,,763,published stop,https://discord.com/channels/1042855255089623100/1501271173588193290/1530114045754085526
INJUSDT-2026-07-24-long,INJUSDT,long,entry,2026-07-24T07:26:56Z,1784878016652.0,5.36,,763,,https://discord.com/channels/1042855255089623100/1501271173588193290/1530114045754085526
BTCUSDT-2026-07-24-long,BTCUSDT,long,signal,2026-07-24T09:23:57Z,1784885037000.0,64700.0,,764,"'Entry: 64.7' - the identical setup re-issued two hours after the previous one paid, with 'TP SL same' carrying over the 65.5k target and 63.5k stop",https://discord.com/channels/1042855255089623100/1501271173588193290/1530143491227652107
BTCUSDT-2026-07-24-long,BTCUSDT,long,stop_set,2026-07-24T09:23:57Z,1784885037000.0,63400.0,,764,published stop,https://discord.com/channels/1042855255089623100/1501271173588193290/1530143491227652107
BTCUSDT-2026-07-24-long,BTCUSDT,long,target_set,2026-07-24T09:23:57Z,1784885037000.0,65500.0,,764,TP1 as published,https://discord.com/channels/1042855255089623100/1501271173588193290/1530143491227652107
BTCUSDT-2026-07-24-long,BTCUSDT,long,entry,2026-07-24T09:23:57Z,1784885037000.0,64489.7,,764,,https://discord.com/channels/1042855255089623100/1501271173588193290/1530143491227652107
BTCUSDT-2026-07-24-long,BTCUSDT,long,stop_move,2026-07-24T13:39:45Z,1784900385403.0,63400.0,,765,widened,https://discord.com/channels/1042855255089623100/1501271173588193290/1530207867095879740
INJUSDT-2026-07-24-long,INJUSDT,long,dca_fill,2026-07-24T13:39:45Z,1784900385403.0,,,765,"added about 20% of size, bringing his average to around 5.36; no fill price given and he flagged the add as optional for followers",https://discord.com/channels/1042855255089623100/1501271173588193290/1530207867095879740
GOLD-2026-07-24-long,GOLD,long,signal,2026-07-24T15:03:42Z,1784905422718.0,4065.0,,767,"4065 CMP, 'not officially calling' it",https://discord.com/channels/1042855255089623100/1501271173588193290/1530228995126333460
GOLD-2026-07-24-long,GOLD,long,stop_set,2026-07-24T15:03:42Z,1784905422718.0,4045.0,,767,published stop,https://discord.com/channels/1042855255089623100/1501271173588193290/1530228995126333460
GOLD-2026-07-24-long,GOLD,long,entry,2026-07-24T15:03:42Z,1784905422718.0,4066.9,,767,,https://discord.com/channels/1042855255089623100/1501271173588193290/1530228995126333460
GOLD-2026-07-24-long,GOLD,long,stop_move,2026-07-24T15:19:25Z,1784906365726.0,4066.9,,768,to_entry,https://discord.com/channels/1042855255089623100/1501271173588193290/1530232950388428921
MEUSDT-2026-07-06-long,MEUSDT,long,exit,2026-07-25T06:34:19Z,1784961259353.0,0.0668,100.0,769,manual_close,https://discord.com/channels/1042855255089623100/1501271173588193290/1530463190947987577
GENIUSUSDT-2026-07-10-long,GENIUSUSDT,long,target_move,2026-07-25T06:39:02Z,1784961542143.0,0.4,,770,new targets 0.4|0.44,https://discord.com/channels/1042855255089623100/1501271173588193290/1530464377055219742
GENIUSUSDT-2026-07-10-long,GENIUSUSDT,long,exit,2026-07-25T06:39:02Z,1784961542143.0,0.3816,100.0,770,manual_close,https://discord.com/channels/1042855255089623100/1501271173588193290/1530464377055219742
BNBUSDT-2026-07-25-long,BNBUSDT,long,signal,2026-07-25T08:55:37Z,1784969737073.0,565.0,,771,"565 CMP, swing, no target at the call",https://discord.com/channels/1042855255089623100/1501271173588193290/1530498749082636298
BNBUSDT-2026-07-25-long,BNBUSDT,long,stop_set,2026-07-25T08:55:37Z,1784969737073.0,540.0,,771,published stop,https://discord.com/channels/1042855255089623100/1501271173588193290/1530498749082636298
BNBUSDT-2026-07-25-long,BNBUSDT,long,entry,2026-07-25T08:55:37Z,1784969737073.0,565.46,,771,,https://discord.com/channels/1042855255089623100/1501271173588193290/1530498749082636298
EDUUSDT-2026-07-25-long,EDUUSDT,long,signal,2026-07-25T10:36:06Z,1784975766587.0,0.0337,,772,CMP,https://discord.com/channels/1042855255089623100/1501271173588193290/1530524038697586718
EDUUSDT-2026-07-25-long,EDUUSDT,long,stop_set,2026-07-25T10:36:06Z,1784975766587.0,0.03192,,772,published stop,https://discord.com/channels/1042855255089623100/1501271173588193290/1530524038697586718
EDUUSDT-2026-07-25-long,EDUUSDT,long,target_set,2026-07-25T10:36:06Z,1784975766587.0,0.035,,772,TP1 as published,https://discord.com/channels/1042855255089623100/1501271173588193290/1530524038697586718
EDUUSDT-2026-07-25-long,EDUUSDT,long,entry,2026-07-25T10:36:06Z,1784975766587.0,0.03375,,772,,https://discord.com/channels/1042855255089623100/1501271173588193290/1530524038697586718
EDUUSDT-2026-07-25-long,EDUUSDT,long,exit,2026-07-25T12:15:03Z,1784981703449.0,0.03504,100.0,774,manual_close,https://discord.com/channels/1042855255089623100/1501271173588193290/1530548939701358704
INJUSDT-2026-07-24-long,INJUSDT,long,stop_move,2026-07-25T12:51:13Z,1784983873590.0,5.0,,775,tighten,https://discord.com/channels/1042855255089623100/1501271173588193290/1530558041932431421
BTCUSDT-2026-07-24-long,BTCUSDT,long,target_move,2026-07-26T03:40:00Z,1785037200819.0,65000.0,,776,new targets 65000,https://discord.com/channels/1042855255089623100/1501271173588193290/1530781712542466189
INJUSDT-2026-07-24-long,INJUSDT,long,exit,2026-07-26T09:04:45Z,1785056685047.0,,100.0,777,stop_loss,https://discord.com/channels/1042855255089623100/1501271173588193290/1530863435317903441
BNBUSDT-2026-07-25-long,BNBUSDT,long,stop_move,2026-07-26T10:05:19Z,1785060319742.0,565.35,,778,to_entry,https://discord.com/channels/1042855255089623100/1501271173588193290/1530878680333684797
BTCUSDT-2026-07-24-long,BTCUSDT,long,exit,2026-07-26T16:41:03Z,1785084063807.0,64791.9,100.0,781,manual_close,https://discord.com/channels/1042855255089623100/1501271173588193290/1530978674764021925
BNBUSDT-2026-07-25-long,BNBUSDT,long,exit,2026-07-27T06:17:52Z,1785133072119.0,577.3,100.0,787,take_profit,https://discord.com/channels/1042855255089623100/1501271173588193290/1531184018916249782
BTCUSDT-2026-07-27-short,BTCUSDT,short,signal,2026-07-27T08:50:11Z,1785142211988.0,65200.0,,790,65.2k CMP or a 65.3k limit,https://discord.com/channels/1042855255089623100/1501271173588193290/1531222161308778667
BTCUSDT-2026-07-27-short,BTCUSDT,short,stop_set,2026-07-27T08:50:11Z,1785142211988.0,66500.0,,790,published stop,https://discord.com/channels/1042855255089623100/1501271173588193290/1531222161308778667
BTCUSDT-2026-07-27-short,BTCUSDT,short,target_set,2026-07-27T08:50:11Z,1785142211988.0,64500.0,,790,TP1 as published,https://discord.com/channels/1042855255089623100/1501271173588193290/1531222161308778667
BTCUSDT-2026-07-27-short,BTCUSDT,short,entry,2026-07-27T08:50:11Z,1785142211988.0,65213.3,,790,,https://discord.com/channels/1042855255089623100/1501271173588193290/1531222161308778667
ZECUSDT-2026-07-27-short,ZECUSDT,short,signal,2026-07-27T09:39:35Z,1785145175018.0,502.0,,792,"502 CMP, no target published",https://discord.com/channels/1042855255089623100/1501271173588193290/1531234589157228675
ZECUSDT-2026-07-27-short,ZECUSDT,short,stop_set,2026-07-27T09:39:35Z,1785145175018.0,525.5,,792,published stop,https://discord.com/channels/1042855255089623100/1501271173588193290/1531234589157228675
ZECUSDT-2026-07-27-short,ZECUSDT,short,entry,2026-07-27T09:39:35Z,1785145175018.0,501.92,,792,,https://discord.com/channels/1042855255089623100/1501271173588193290/1531234589157228675
XRPUSDT-2026-07-23-long,XRPUSDT,long,exit,2026-07-27T10:02:44Z,1785146564380.0,1.1081,100.0,793,manual_close,https://discord.com/channels/1042855255089623100/1501271173588193290/1531240416563826728
BTWUSDT-2026-07-27-long-spot,BTWUSDT,long,signal,2026-07-27T10:22:01Z,1785147721346.0,0.095,,794,spot buy at 0.095; a leveraged long was possible with a 0.07 stop but he framed it as a spot-focused setup,https://discord.com/channels/1042855255089623100/1501271173588193290/1531245269230813315
BTWUSDT-2026-07-27-long-spot,BTWUSDT,long,stop_set,2026-07-27T10:22:01Z,1785147721346.0,0.07,,794,published stop,https://discord.com/channels/1042855255089623100/1501271173588193290/1531245269230813315
BTWUSDT-2026-07-27-long-spot,BTWUSDT,long,entry,2026-07-27T10:22:01Z,1785147721346.0,0.095,,794,,https://discord.com/channels/1042855255089623100/1501271173588193290/1531245269230813315
BTCUSDT-2026-07-27-short,BTCUSDT,short,exit,2026-07-27T15:43:56Z,1785167036170.0,64551.1,100.0,797,take_profit,https://discord.com/channels/1042855255089623100/1501271173588193290/1531326407685443824
ZECUSDT-2026-07-27-short,ZECUSDT,short,exit,2026-07-27T15:43:56Z,1785167036170.0,482.14,100.0,796,manual_close,https://discord.com/channels/1042855255089623100/1501271173588193290/1531326393814745300
NEARUSDT-2026-07-23-long,NEARUSDT,long,exit,2026-07-27T15:48:19Z,1785167299927.0,,100.0,799,stop_loss,https://discord.com/channels/1042855255089623100/1501271173588193290/1531327387751551067
BTCUSDT-2026-07-28-long,BTCUSDT,long,signal,2026-07-28T02:08:21Z,1785204501120.0,63100.0,,803,"63.1k as a CMP (market) order, not a limit - he stressed the distinction and said price was still only ~$50 away; 30% of size saved for a DCA whose level was never given",https://discord.com/channels/1042855255089623100/1501271173588193290/1531336336861171893
BTCUSDT-2026-07-28-long,BTCUSDT,long,stop_set,2026-07-28T02:08:21Z,1785204501120.0,61500.0,,803,published stop,https://discord.com/channels/1042855255089623100/1501271173588193290/1531336336861171893
BTCUSDT-2026-07-28-long,BTCUSDT,long,entry,2026-07-28T02:08:21Z,1785204501120.0,63182.1,,803,,https://discord.com/channels/1042855255089623100/1501271173588193290/1531336336861171893
BTCUSDT-2026-07-28-long,BTCUSDT,long,target_move,2026-07-28T08:38:05Z,1785227885987.0,64200.0,,807,new targets 64200,https://discord.com/channels/1042855255089623100/1501271173588193290/1531581504105353357
SOLUSDT-2026-07-28-long,SOLUSDT,long,signal,2026-07-28T11:40:46Z,1785238846681.0,73.18,,808,"73.18, confirmed as CMP twenty seconds later",https://discord.com/channels/1042855255089623100/1501271173588193290/1531627476588040224
SOLUSDT-2026-07-28-long,SOLUSDT,long,stop_set,2026-07-28T11:40:46Z,1785238846681.0,69.4,,808,published stop,https://discord.com/channels/1042855255089623100/1501271173588193290/1531627476588040224
SOLUSDT-2026-07-28-long,SOLUSDT,long,entry,2026-07-28T11:40:46Z,1785238846681.0,73.19,,808,,https://discord.com/channels/1042855255089623100/1501271173588193290/1531627476588040224
BTCUSDT-2026-07-28-long,BTCUSDT,long,target_move,2026-07-28T15:53:12Z,1785253992696.0,64250.0,,810,new targets 64250|65000,https://discord.com/channels/1042855255089623100/1501271173588193290/1531691003579334766
SOLUSDT-2026-07-28-long,SOLUSDT,long,stop_move,2026-07-28T16:14:04Z,1785255244937.0,73.19,,812,to_entry,https://discord.com/channels/1042855255089623100/1501271173588193290/1531696255858638968
BTCUSDT-2026-07-28-long,BTCUSDT,long,partial_close,2026-07-28T17:06:58Z,1785258418462.0,63939.0,70.0,814,"he announced it as 'TPed 70% on BTC @ 64k'; the card shows the realised fill at 63,939.0 from 63,182.1, +179.69% on 150x",https://discord.com/channels/1042855255089623100/1501271173588193290/1531709566587375908
BTCUSDT-2026-07-28-long,BTCUSDT,long,target_move,2026-07-29T06:53:40Z,1785308020377.0,64900.0,,816,new targets 64900|65000,https://discord.com/channels/1042855255089623100/1501271173588193290/1531917612097863722
BTCUSDT-2026-07-29-long,BTCUSDT,long,signal,2026-07-29T07:42:18Z,1785310938074.0,64160.0,,815,"Limit order at 64,160 (nudged slightly lower from the original post); he said outright the entry was not good and that 63.7-63.9k was better, or a 40% entry / 60% DCA split",https://discord.com/channels/1042855255089623100/1501271173588193290/1531710503498551527
BTCUSDT-2026-07-29-long,BTCUSDT,long,stop_set,2026-07-29T07:42:18Z,1785310938074.0,62550.0,,815,published stop,https://discord.com/channels/1042855255089623100/1501271173588193290/1531710503498551527
BTCUSDT-2026-07-28-long,BTCUSDT,long,exit,2026-07-29T10:12:16Z,1785319936990.0,64652.4,100.0,822,manual_close,https://discord.com/channels/1042855255089623100/1501271173588193290/1531967593995567274
BTCUSDT-2026-07-29-long,BTCUSDT,long,exit,2026-07-29T10:12:16Z,1785319936990.0,,100.0,822,never_filled,https://discord.com/channels/1042855255089623100/1501271173588193290/1531967593995567274
BTCUSDT-2026-07-29-long-2,BTCUSDT,long,signal,2026-07-29T13:26:06Z,1785331566550.0,64100.0,,823,"64.1k CMP, taken after his 64160 limit order was front-run and cancelled; he said 63.7k was an equally good single entry with no DCA needed and that he took the higher fill only to play safe",https://discord.com/channels/1042855255089623100/1501271173588193290/1532016371905466499
BTCUSDT-2026-07-29-long-2,BTCUSDT,long,stop_set,2026-07-29T13:26:06Z,1785331566550.0,62550.0,,823,published stop,https://discord.com/channels/1042855255089623100/1501271173588193290/1532016371905466499
BTCUSDT-2026-07-29-long-2,BTCUSDT,long,entry,2026-07-29T13:27:22Z,1785331642219.0,63812.5,,823,,https://discord.com/channels/1042855255089623100/1501271173588193290/1532016371905466499
BTCUSDT-2026-07-29-long-2,BTCUSDT,long,dca_fill,2026-07-30T01:58:45Z,1785376725520.0,63440.0,,828,"DCA filled at the called level; blended entry became 63,812.5, implying roughly 56% initial / 44% DCA",https://discord.com/channels/1042855255089623100/1501271173588193290/1532205782354104512
BTCUSDT-2026-07-29-long-2,BTCUSDT,long,target_move,2026-07-30T01:58:45Z,1785376725520.0,64300.0,,828,new targets 64300,https://discord.com/channels/1042855255089623100/1501271173588193290/1532205782354104512
BTCUSDT-2026-07-29-long-2,BTCUSDT,long,target_move,2026-07-30T09:29:31Z,1785403771272.0,64600.0,,829,new targets 64600,https://discord.com/channels/1042855255089623100/1501271173588193290/1532319220459769978
BTCUSDT-2026-07-29-long-2,BTCUSDT,long,partial_close,2026-07-30T09:40:20Z,1785404420260.0,64578.7,50.0,830,"150x card: entry 63,812.5, mark 64,578.7, +180.10% — 'gamble was a GO!'",https://discord.com/channels/1042855255089623100/1501271173588193290/1532321942512730284
BTCUSDT-2026-07-29-long-2,BTCUSDT,long,exit,2026-07-30T11:56:43Z,1785412603933.0,64800.0,100.0,833,take_profit,https://discord.com/channels/1042855255089623100/1501271173588193290/1532356267325001952
BTCUSDT-2026-07-30-short,BTCUSDT,short,signal,2026-07-30T13:58:50Z,1785419930199.0,65200.0,,834,called as a 65.2k limit with 50% held back for a DCA; six minutes later he revised it to a 65k market entry,https://discord.com/channels/1042855255089623100/1501271173588193290/1532386995912048730
BTCUSDT-2026-07-30-short,BTCUSDT,short,stop_set,2026-07-30T13:58:50Z,1785419930199.0,66600.0,,834,published stop,https://discord.com/channels/1042855255089623100/1501271173588193290/1532386995912048730
BTCUSDT-2026-07-30-short,BTCUSDT,short,entry,2026-07-30T14:04:20Z,1785420260099.0,65000.0,,834,,https://discord.com/channels/1042855255089623100/1501271173588193290/1532386995912048730
BTCUSDT-2026-07-30-short,BTCUSDT,short,stop_move,2026-07-30T14:04:20Z,1785420260099.0,66500.0,,835,tightened,https://discord.com/channels/1042855255089623100/1501271173588193290/1532388379612680262
BTCUSDT-2026-07-30-short,BTCUSDT,short,target_move,2026-07-30T14:11:59Z,1785420719210.0,64250.0,,837,new targets 64250,https://discord.com/channels/1042855255089623100/1501271173588193290/1532390305264042104
ETHUSDT-2026-07-30-short-not-taken,ETHUSDT,short,signal,2026-07-30T14:13:27Z,1785420807638.0,,,838,no entry level given - he was away from his desk and missed the move,https://discord.com/channels/1042855255089623100/1501271173588193290/1532390676157829292
ETHUSDT-2026-07-30-short-not-taken,ETHUSDT,short,stop_set,2026-07-30T14:13:27Z,1785420807638.0,1950.0,,838,published stop,https://discord.com/channels/1042855255089623100/1501271173588193290/1532390676157829292
BTCUSDT-2026-07-30-short,BTCUSDT,short,exit,2026-07-31T05:17:01Z,1785475021177.0,64200.0,100.0,839,take_profit,https://discord.com/channels/1042855255089623100/1501271173588193290/1532618064221180016
BTCUSDT-2026-07-31-long,BTCUSDT,long,signal,2026-07-31T07:23:26Z,1785482606193.0,63969.0,,840,"63,969 CMP, taken immediately after the short's TP filled; he flagged it as a slightly risky setup at the call",https://discord.com/channels/1042855255089623100/1501271173588193290/1532649878084259901
BTCUSDT-2026-07-31-long,BTCUSDT,long,stop_set,2026-07-31T07:23:26Z,1785482606193.0,62700.0,,840,published stop,https://discord.com/channels/1042855255089623100/1501271173588193290/1532649878084259901
BTCUSDT-2026-07-31-long,BTCUSDT,long,target_set,2026-07-31T07:23:26Z,1785482606193.0,65000.0,,840,TP1 as published,https://discord.com/channels/1042855255089623100/1501271173588193290/1532649878084259901
BTCUSDT-2026-07-31-long,BTCUSDT,long,entry,2026-07-31T07:23:26Z,1785482606193.0,63969.0,,840,,https://discord.com/channels/1042855255089623100/1501271173588193290/1532649878084259901
BNBUSDT-2026-07-31-long,BNBUSDT,long,signal,2026-07-31T11:04:14Z,1785495854503.0,586.6,,842,Limit order at 586.6 - he had said he would only long if he got the 582-586 zone,https://discord.com/channels/1042855255089623100/1501271173588193290/1532705445523755038
BNBUSDT-2026-07-31-long,BNBUSDT,long,stop_set,2026-07-31T11:04:14Z,1785495854503.0,570.0,,842,published stop,https://discord.com/channels/1042855255089623100/1501271173588193290/1532705445523755038
BNBUSDT-2026-07-31-long,BNBUSDT,long,target_set,2026-07-31T11:04:14Z,1785495854503.0,600.0,,842,TP1 as published,https://discord.com/channels/1042855255089623100/1501271173588193290/1532705445523755038
ARKMUSDT-2026-07-31-long,ARKMUSDT,long,signal,2026-07-31T13:37:44Z,1785505064301.0,,,843,'long from CMP' - no entry price was published; his own fill turns out to be 0.096,https://discord.com/channels/1042855255089623100/1501271173588193290/1532744074216603749
ARKMUSDT-2026-07-31-long,ARKMUSDT,long,stop_set,2026-07-31T13:37:44Z,1785505064301.0,0.093,,843,published stop,https://discord.com/channels/1042855255089623100/1501271173588193290/1532744074216603749
ARKMUSDT-2026-07-31-long,ARKMUSDT,long,entry,2026-07-31T13:37:44Z,1785505064301.0,0.096,,843,,https://discord.com/channels/1042855255089623100/1501271173588193290/1532744074216603749
BTCUSDT-2026-07-31-long,BTCUSDT,long,exit,2026-07-31T14:08:19Z,1785506899569.0,62700.0,100.0,844,stop_loss,https://discord.com/channels/1042855255089623100/1501271173588193290/1532751771888517360
UNIUSDT-2026-07-31-short,UNIUSDT,short,signal,2026-07-31T15:30:38Z,1785511838539.0,4.25,,846,"4.25 CMP, opened as a hedge against his long",https://discord.com/channels/1042855255089623100/1501271173588193290/1532772487429885982
UNIUSDT-2026-07-31-short,UNIUSDT,short,stop_set,2026-07-31T15:30:38Z,1785511838539.0,4.44,,846,published stop,https://discord.com/channels/1042855255089623100/1501271173588193290/1532772487429885982
UNIUSDT-2026-07-31-short,UNIUSDT,short,entry,2026-07-31T15:30:38Z,1785511838539.0,4.24,,846,,https://discord.com/channels/1042855255089623100/1501271173588193290/1532772487429885982
ARKMUSDT-2026-07-31-long,ARKMUSDT,long,exit,2026-07-31T15:38:00Z,1785512280598.0,,100.0,847,manual_close,https://discord.com/channels/1042855255089623100/1501271173588193290/1532774341559976006
UNIUSDT-2026-07-31-short,UNIUSDT,short,exit,2026-08-01T06:35:00Z,1785566100898.0,4.088,100.0,850,take_profit,https://discord.com/channels/1042855255089623100/1501271173588193290/1533000080259289209
BTCUSDT-2026-08-01-long,BTCUSDT,long,signal,2026-08-01T08:27:43Z,1785572863802.0,63000.0,,851,"published only as an option — 'a swing on BTC can be taken from CMP (63k)' — not as one of his own calls; his actual fill was disclosed a day later as 62.5k (card 62,512.3)",https://discord.com/channels/1042855255089623100/1501271173588193290/1533028445934583909
BTCUSDT-2026-08-01-long,BTCUSDT,long,stop_set,2026-08-01T08:27:43Z,1785572863802.0,61400.0,,851,published stop,https://discord.com/channels/1042855255089623100/1501271173588193290/1533028445934583909
HYPEUSDT-2026-08-01-long,HYPEUSDT,long,signal,2026-08-01T08:27:43Z,1785572863802.0,52.4,,851,52.4 CMP or a limit at 52.05,https://discord.com/channels/1042855255089623100/1501271173588193290/1533028445934583909
HYPEUSDT-2026-08-01-long,HYPEUSDT,long,stop_set,2026-08-01T08:27:43Z,1785572863802.0,48.6,,851,published stop,https://discord.com/channels/1042855255089623100/1501271173588193290/1533028445934583909
HYPEUSDT-2026-08-01-long,HYPEUSDT,long,entry,2026-08-01T08:50:34Z,1785574234667.0,52.4,,851,,https://discord.com/channels/1042855255089623100/1501271173588193290/1533028445934583909
ETHUSDT-2026-08-01-short,ETHUSDT,short,signal,2026-08-01T18:42:13Z,1785609733148.0,1840.0,,853,started the short from 1840 with no stop loss at all - 'maybe 2k?',https://discord.com/channels/1042855255089623100/1501271173588193290/1533183087180255364
ETHUSDT-2026-08-01-short,ETHUSDT,short,target_set,2026-08-01T18:42:13Z,1785609733148.0,1700.0,,853,TP1 as published,https://discord.com/channels/1042855255089623100/1501271173588193290/1533183087180255364
ETHUSDT-2026-08-01-short,ETHUSDT,short,target_set,2026-08-01T18:42:13Z,1785609733148.0,1750.0,,853,TP2 as published,https://discord.com/channels/1042855255089623100/1501271173588193290/1533183087180255364
ETHUSDT-2026-08-01-short,ETHUSDT,short,entry,2026-08-01T18:42:13Z,1785609733148.0,1840.0,,853,,https://discord.com/channels/1042855255089623100/1501271173588193290/1533183087180255364
BTCUSDT-2026-08-01-long,BTCUSDT,long,target_move,2026-08-02T07:10:06Z,1785654606445.0,64000.0,,856,new targets 64000,https://discord.com/channels/1042855255089623100/1501271173588193290/1533371299429093397
BTCUSDT-2026-08-01-long,BTCUSDT,long,partial_close,2026-08-02T07:10:06Z,1785654606445.0,63500.0,50.0,856,+219.96% on the card; he told followers this was 2R with a 62k stop and almost 1R with a 61.4k stop,https://discord.com/channels/1042855255089623100/1501271173588193290/1533371299429093397
ZECUSDT-2026-08-02-long,ZECUSDT,long,signal,2026-08-02T11:07:13Z,1785668833294.0,473.5,,858,"473.5 CMP, with a 25% DCA leg at 460 - half the size of the first entry",https://discord.com/channels/1042855255089623100/1501271173588193290/1533430971158761562
ZECUSDT-2026-08-02-long,ZECUSDT,long,stop_set,2026-08-02T11:07:13Z,1785668833294.0,450.0,,858,published stop,https://discord.com/channels/1042855255089623100/1501271173588193290/1533430971158761562
ZECUSDT-2026-08-02-long,ZECUSDT,long,target_set,2026-08-02T11:07:13Z,1785668833294.0,487.0,,858,TP1 as published,https://discord.com/channels/1042855255089623100/1501271173588193290/1533430971158761562
ZECUSDT-2026-08-02-long,ZECUSDT,long,entry,2026-08-02T11:07:13Z,1785668833294.0,473.5,,858,,https://discord.com/channels/1042855255089623100/1501271173588193290/1533430971158761562
BNBUSDT-2026-07-31-long,BNBUSDT,long,exit,2026-08-02T15:58:34Z,1785686314591.0,587.0,100.0,890,breakeven,https://discord.com/channels/1042855255089623100/1501271173588193290/1534547846572015678
ETHUSDT-2026-08-02-long,ETHUSDT,long,signal,2026-08-02T17:03:22Z,1785690202828.0,1862.0,,861,1862 CMP,https://discord.com/channels/1042855255089623100/1501271173588193290/1533520601480691875
ETHUSDT-2026-08-02-long,ETHUSDT,long,stop_set,2026-08-02T17:03:22Z,1785690202828.0,1832.0,,861,published stop,https://discord.com/channels/1042855255089623100/1501271173588193290/1533520601480691875
ETHUSDT-2026-08-02-long,ETHUSDT,long,target_set,2026-08-02T17:03:22Z,1785690202828.0,1892.0,,861,TP1 as published,https://discord.com/channels/1042855255089623100/1501271173588193290/1533520601480691875
ETHUSDT-2026-08-02-long,ETHUSDT,long,target_set,2026-08-02T17:03:22Z,1785690202828.0,1900.0,,861,TP2 as published,https://discord.com/channels/1042855255089623100/1501271173588193290/1533520601480691875
ETHUSDT-2026-08-02-long,ETHUSDT,long,entry,2026-08-02T17:03:22Z,1785690202828.0,1862.0,,861,,https://discord.com/channels/1042855255089623100/1501271173588193290/1533520601480691875
ZECUSDT-2026-08-02-long,ZECUSDT,long,exit,2026-08-02T20:36:35Z,1785702995810.0,490.0,100.0,863,take_profit,https://discord.com/channels/1042855255089623100/1501271173588193290/1533575294324047975
ZECUSDT-2026-08-02-long,ZECUSDT,long,target_move,2026-08-02T20:40:42Z,1785703242618.0,510.0,,863,new targets 510,https://discord.com/channels/1042855255089623100/1501271173588193290/1533575294324047975
ETHUSDT-2026-08-02-long,ETHUSDT,long,exit,2026-08-02T21:49:38Z,1785707378048.0,,100.0,864,take_profit,https://discord.com/channels/1042855255089623100/1501271173588193290/1533592639574773810
HYPEUSDT-2026-08-01-long,HYPEUSDT,long,target_move,2026-08-02T22:12:44Z,1785708764357.0,54.0,,866,new targets 54,https://discord.com/channels/1042855255089623100/1501271173588193290/1533598454176288879
ZECUSDT-2026-08-03-long,ZECUSDT,long,signal,2026-08-03T12:32:50Z,1785760370375.0,482.0,,868,"482 CMP, in the 480-482 zone he had flagged an hour earlier; 25% held back for a DCA",https://discord.com/channels/1042855255089623100/1501271173588193290/1533814905503748196
ZECUSDT-2026-08-03-long,ZECUSDT,long,stop_set,2026-08-03T12:32:50Z,1785760370375.0,460.0,,868,published stop,https://discord.com/channels/1042855255089623100/1501271173588193290/1533814905503748196
ZECUSDT-2026-08-03-long,ZECUSDT,long,target_set,2026-08-03T12:32:50Z,1785760370375.0,495.0,,868,TP1 as published,https://discord.com/channels/1042855255089623100/1501271173588193290/1533814905503748196
ZECUSDT-2026-08-03-long,ZECUSDT,long,target_set,2026-08-03T12:32:50Z,1785760370375.0,510.0,,868,TP2 as published,https://discord.com/channels/1042855255089623100/1501271173588193290/1533814905503748196
ZECUSDT-2026-08-03-long,ZECUSDT,long,entry,2026-08-03T13:35:02Z,1785764102483.0,482.0,,868,,https://discord.com/channels/1042855255089623100/1501271173588193290/1533814905503748196
HYPEUSDT-2026-08-01-long,HYPEUSDT,long,target_move,2026-08-03T14:06:15Z,1785765975773.0,54.0,,871,new targets 54|55,https://discord.com/channels/1042855255089623100/1501271173588193290/1533838416246997053
HYPEUSDT-2026-08-01-long,HYPEUSDT,long,partial_close,2026-08-03T14:06:15Z,1785765975773.0,53.5,100.0,871,"card shows a close at 53.5 for +109.69% because HYPE was moving slower than expected - but 38 minutes later he says the 54 TP hit and he is out, so the two cannot both be full exits",https://discord.com/channels/1042855255089623100/1501271173588193290/1533838416246997053
ZECUSDT-2026-08-03-long,ZECUSDT,long,stop_move,2026-08-03T14:06:52Z,1785766012593.0,482.0,,872,to_entry,https://discord.com/channels/1042855255089623100/1501271173588193290/1533838570681536705
HYPEUSDT-2026-08-01-long,HYPEUSDT,long,target_move,2026-08-03T14:44:38Z,1785768278096.0,55.0,,873,new targets 55|56,https://discord.com/channels/1042855255089623100/1501271173588193290/1533848072889565366
HYPEUSDT-2026-08-01-long,HYPEUSDT,long,exit,2026-08-03T14:44:38Z,1785768278096.0,54.0,100.0,873,take_profit,https://discord.com/channels/1042855255089623100/1501271173588193290/1533848072889565366
SPCXUSDT-2026-08-03-long,SPCXUSDT,long,signal,2026-08-03T14:49:14Z,1785768554135.0,,,874,"the call was posted on his X account, not in the server - no plan levels appear in this log",https://discord.com/channels/1042855255089623100/1501271173588193290/1533849230681309194
SPCXUSDT-2026-08-03-long,SPCXUSDT,long,partial_close,2026-08-03T20:55:51Z,1785790551959.0,115.0,,876,took profit for anyone who had followed the X call; portion not stated and he was still holding afterwards,https://discord.com/channels/1042855255089623100/1501271173588193290/1533941496242372833
BTCUSDT-2026-08-01-long,BTCUSDT,long,target_move,2026-08-04T11:44:56Z,1785843896841.0,64500.0,,878,new targets 64500,https://discord.com/channels/1042855255089623100/1501271173588193290/1534165240894197810
ETHUSDT-2026-08-04-long,ETHUSDT,long,signal,2026-08-04T14:35:14Z,1785854114773.0,1867.0,,879,1867 CMP with 25% held back for the 1846 DCA,https://discord.com/channels/1042855255089623100/1501271173588193290/1534208098007515209
ETHUSDT-2026-08-04-long,ETHUSDT,long,stop_set,2026-08-04T14:35:14Z,1785854114773.0,1806.0,,879,published stop,https://discord.com/channels/1042855255089623100/1501271173588193290/1534208098007515209
ETHUSDT-2026-08-04-long,ETHUSDT,long,target_set,2026-08-04T14:35:14Z,1785854114773.0,1892.0,,879,TP1 as published,https://discord.com/channels/1042855255089623100/1501271173588193290/1534208098007515209
ETHUSDT-2026-08-04-long,ETHUSDT,long,target_set,2026-08-04T14:35:14Z,1785854114773.0,1898.0,,879,TP2 as published,https://discord.com/channels/1042855255089623100/1501271173588193290/1534208098007515209
ETHUSDT-2026-08-04-long,ETHUSDT,long,entry,2026-08-04T14:35:14Z,1785854114773.0,1867.0,,879,,https://discord.com/channels/1042855255089623100/1501271173588193290/1534208098007515209
BTCUSDT-2026-08-01-long,BTCUSDT,long,target_move,2026-08-04T14:40:44Z,1785854444915.0,64400.0,,880,new targets 64400|64600,https://discord.com/channels/1042855255089623100/1501271173588193290/1534209482723299458
SPCXUSDT-2026-08-03-long,SPCXUSDT,long,partial_close,2026-08-04T19:19:33Z,1785871173958.0,126.67,20.0,882,"took another 20% after a 20% pump, still holding the rest",https://discord.com/channels/1042855255089623100/1501271173588193290/1534279649415397508
GOLD-2026-08-05-short,GOLD,short,signal,2026-08-05T10:24:45Z,1785925485262.0,4162.0,,884,Shorted from 4162 with 30% of size held back for a DCA,https://discord.com/channels/1042855255089623100/1501271173588193290/1534507447534751764
GOLD-2026-08-05-short,GOLD,short,stop_set,2026-08-05T10:24:45Z,1785925485262.0,4269.0,,884,published stop,https://discord.com/channels/1042855255089623100/1501271173588193290/1534507447534751764
GOLD-2026-08-05-short,GOLD,short,entry,2026-08-05T10:24:45Z,1785925485262.0,4182.0,,884,,https://discord.com/channels/1042855255089623100/1501271173588193290/1534507447534751764
GOLD-2026-08-05-short,GOLD,short,dca_fill,2026-08-05T11:54:52Z,1785930892388.0,4209.0,,885,added the reserved 30%,https://discord.com/channels/1042855255089623100/1501271173588193290/1534530126664958122
GOLD-2026-08-05-short,GOLD,short,stop_move,2026-08-05T11:54:52Z,1785930892388.0,4280.0,,885,widened,https://discord.com/channels/1042855255089623100/1501271173588193290/1534530126664958122
ETHUSDT-2026-08-04-long,ETHUSDT,long,exit,2026-08-05T12:33:19Z,1785933199199.0,1882.0,100.0,886,manual_close,https://discord.com/channels/1042855255089623100/1501271173588193290/1534539802131697687
BTCUSDT-2026-08-01-long,BTCUSDT,long,exit,2026-08-05T12:38:28Z,1785933508172.0,64500.0,100.0,887,take_profit,https://discord.com/channels/1042855255089623100/1501271173588193290/1534541098058383451
HYPEUSDT-2026-08-05-short,HYPEUSDT,short,signal,2026-08-05T12:43:37Z,1785933817416.0,58.5,,888,he wanted 58.5-59 rather than the 57.3 on offer; the order he actually left was at 58 (msg 901),https://discord.com/channels/1042855255089623100/1501271173588193290/1534542395121729617
ZECUSDT-2026-08-03-long,ZECUSDT,long,exit,2026-08-05T13:04:08Z,1785935048632.0,482.0,100.0,889,breakeven,https://discord.com/channels/1042855255089623100/1501271173588193290/1534547559215923331
ETHUSDT-2026-08-05-long,ETHUSDT,long,signal,2026-08-05T13:51:42Z,1785937902173.0,1870.0,,891,1870 CMP with 30% left for a DCA,https://discord.com/channels/1042855255089623100/1501271173588193290/1534559527834222623
ETHUSDT-2026-08-05-long,ETHUSDT,long,stop_set,2026-08-05T13:51:42Z,1785937902173.0,1830.0,,891,published stop,https://discord.com/channels/1042855255089623100/1501271173588193290/1534559527834222623
ETHUSDT-2026-08-05-long,ETHUSDT,long,entry,2026-08-05T13:51:42Z,1785937902173.0,1871.53,,891,,https://discord.com/channels/1042855255089623100/1501271173588193290/1534559527834222623
ETHUSDT-2026-08-05-long,ETHUSDT,long,exit,2026-08-05T16:22:58Z,1785946978850.0,1890.27,100.0,894,manual_close,https://discord.com/channels/1042855255089623100/1501271173588193290/1534597598177005659
ETHUSDT-2026-08-05-short,ETHUSDT,short,signal,2026-08-05T18:23:48Z,1785954228933.0,1920.0,,896,1920 CMP,https://discord.com/channels/1042855255089623100/1501271173588193290/1534628007229132902
ETHUSDT-2026-08-05-short,ETHUSDT,short,stop_set,2026-08-05T18:23:48Z,1785954228933.0,1950.0,,896,published stop,https://discord.com/channels/1042855255089623100/1501271173588193290/1534628007229132902
ETHUSDT-2026-08-05-short,ETHUSDT,short,entry,2026-08-05T18:23:48Z,1785954228933.0,1920.0,,896,,https://discord.com/channels/1042855255089623100/1501271173588193290/1534628007229132902
GOLD-2026-08-05-short,GOLD,short,exit,2026-08-05T23:39:43Z,1785973183223.0,,100.0,897,stop_loss,https://discord.com/channels/1042855255089623100/1501271173588193290/1534707507283492948
BTCUSDT-2026-08-06-short,BTCUSDT,short,signal,2026-08-06T09:27:31Z,1786008451961.0,64800.0,,898,"taken the night of 5-6 Aug alongside the ETH short and only disclosed at midday on 6 Aug; his card showed the fill at 64,823 and he restated the setup that evening as entry 64.8k",https://discord.com/channels/1042855255089623100/1501271173588193290/1534855435092230227
BTCUSDT-2026-08-06-short,BTCUSDT,short,stop_set,2026-08-06T09:27:31Z,1786008451961.0,66000.0,,898,published stop,https://discord.com/channels/1042855255089623100/1501271173588193290/1534855435092230227
BTCUSDT-2026-08-06-short,BTCUSDT,short,target_set,2026-08-06T09:27:31Z,1786008451961.0,63900.0,,898,TP1 as published,https://discord.com/channels/1042855255089623100/1501271173588193290/1534855435092230227
ETHUSDT-2026-08-05-short,ETHUSDT,short,exit,2026-08-06T13:25:06Z,1786022706878.0,1892.0,100.0,899,manual_close,https://discord.com/channels/1042855255089623100/1501271173588193290/1534915224547889192
BTCUSDT-2026-08-06-short,BTCUSDT,short,target_move,2026-08-06T13:48:14Z,1786024094781.0,63800.0,,900,new targets 63800|63900,https://discord.com/channels/1042855255089623100/1501271173588193290/1534921045834993864
GOLD-2026-08-06-short,GOLD,short,signal,2026-08-06T13:49:55Z,1786024195089.0,4350.0,,901,Wanted to short from 4350 - price never got there,https://discord.com/channels/1042855255089623100/1501271173588193290/1534921466557239359
BTCUSDT-2026-08-06-short,BTCUSDT,short,stop_move,2026-08-06T15:12:03Z,1786029123286.0,66300.0,,902,widened,https://discord.com/channels/1042855255089623100/1501271173588193290/1534942136913367171
BTCUSDT-2026-08-06-short,BTCUSDT,short,target_move,2026-08-06T19:53:05Z,1786045985298.0,63300.0,,903,new targets 63300,https://discord.com/channels/1042855255089623100/1501271173588193290/1535012861317746849
TRADOORUSDT-2026-08-06-long,TRADOORUSDT,long,signal,2026-08-06T20:32:13Z,1786048333166.0,0.72,,904,0.72 CMP; after an instant 1-minute pump he told late entrants to take a small entry at 0.73 with a DCA at 0.7,https://discord.com/channels/1042855255089623100/1501271173588193290/1535022708989886575
TRADOORUSDT-2026-08-06-long,TRADOORUSDT,long,stop_set,2026-08-06T20:32:13Z,1786048333166.0,0.605,,904,published stop,https://discord.com/channels/1042855255089623100/1501271173588193290/1535022708989886575
TRADOORUSDT-2026-08-06-long,TRADOORUSDT,long,target_set,2026-08-06T20:32:13Z,1786048333166.0,0.81,,904,TP1 as published,https://discord.com/channels/1042855255089623100/1501271173588193290/1535022708989886575
TRADOORUSDT-2026-08-06-long,TRADOORUSDT,long,target_set,2026-08-06T20:32:13Z,1786048333166.0,0.92,,904,TP2 as published,https://discord.com/channels/1042855255089623100/1501271173588193290/1535022708989886575
TRADOORUSDT-2026-08-06-long,TRADOORUSDT,long,entry,2026-08-06T20:32:13Z,1786048333166.0,0.72,,904,,https://discord.com/channels/1042855255089623100/1501271173588193290/1535022708989886575
TRADOORUSDT-2026-08-06-long,TRADOORUSDT,long,exit,2026-08-07T09:10:07Z,1786093807009.0,,100.0,906,stop_loss,https://discord.com/channels/1042855255089623100/1501271173588193290/1535213440111616070
BTCUSDT-2026-08-06-short,BTCUSDT,short,stop_move,2026-08-07T09:32:02Z,1786095122863.0,66300.0,,908,reaffirmed,https://discord.com/channels/1042855255089623100/1501271173588193290/1535218959203176458
THETAUSDT-2026-08-07-short,THETAUSDT,short,signal,2026-08-07T13:18:24Z,1786108704164.0,0.134,,909,CMP,https://discord.com/channels/1042855255089623100/1501271173588193290/1535275923308412928
THETAUSDT-2026-08-07-short,THETAUSDT,short,stop_set,2026-08-07T13:18:24Z,1786108704164.0,0.1375,,909,published stop,https://discord.com/channels/1042855255089623100/1501271173588193290/1535275923308412928
THETAUSDT-2026-08-07-short,THETAUSDT,short,target_set,2026-08-07T13:18:24Z,1786108704164.0,0.1322,,909,TP1 as published,https://discord.com/channels/1042855255089623100/1501271173588193290/1535275923308412928
THETAUSDT-2026-08-07-short,THETAUSDT,short,target_set,2026-08-07T13:18:24Z,1786108704164.0,0.1311,,909,TP2 as published,https://discord.com/channels/1042855255089623100/1501271173588193290/1535275923308412928
THETAUSDT-2026-08-07-short,THETAUSDT,short,entry,2026-08-07T13:18:24Z,1786108704164.0,0.134,,909,,https://discord.com/channels/1042855255089623100/1501271173588193290/1535275923308412928
ETHUSDT-2026-08-07-short,ETHUSDT,short,signal,2026-08-07T16:26:33Z,1786119993411.0,1920.0,,911,"1920 CMP, but it dumped to 1913 while he was typing so he told people to take 50% there and DCA the rest at 1930",https://discord.com/channels/1042855255089623100/1501271173588193290/1535323273842130994
ETHUSDT-2026-08-07-short,ETHUSDT,short,stop_set,2026-08-07T16:26:33Z,1786119993411.0,1950.0,,911,published stop,https://discord.com/channels/1042855255089623100/1501271173588193290/1535323273842130994
ETHUSDT-2026-08-07-short,ETHUSDT,short,target_set,2026-08-07T16:26:33Z,1786119993411.0,1900.0,,911,TP1 as published,https://discord.com/channels/1042855255089623100/1501271173588193290/1535323273842130994
ETHUSDT-2026-08-07-short,ETHUSDT,short,target_set,2026-08-07T16:26:33Z,1786119993411.0,1880.0,,911,TP2 as published,https://discord.com/channels/1042855255089623100/1501271173588193290/1535323273842130994
ETHUSDT-2026-08-07-short,ETHUSDT,short,entry,2026-08-07T16:26:33Z,1786119993411.0,1922.78,,911,,https://discord.com/channels/1042855255089623100/1501271173588193290/1535323273842130994
BTCUSDT-2026-08-06-short,BTCUSDT,short,dca_fill,2026-08-10T13:04:46Z,1786367086200.0,65390.0,,918,"DCA filled at the called level after four days of the trade going against him; blended entry 65,024.1, implying roughly 65% initial / 35% DCA",https://discord.com/channels/1042855255089623100/1501271173588193290/1536359656115408896
BTCUSDT-2026-08-06-short,BTCUSDT,short,target_move,2026-08-10T13:04:46Z,1786367086200.0,64400.0,,918,new targets 64400|64500,https://discord.com/channels/1042855255089623100/1501271173588193290/1536359656115408896
ETHUSDT-2026-08-07-short,ETHUSDT,short,dca_fill,2026-08-10T13:04:46Z,1786367086200.0,1930.0,,918,DCA reported filled alongside the BTC one at 65390,https://discord.com/channels/1042855255089623100/1501271173588193290/1536359656115408896
ETHUSDT-2026-08-07-short,ETHUSDT,short,target_move,2026-08-10T13:04:46Z,1786367086200.0,1900.0,,918,new targets 1900|1905,https://discord.com/channels/1042855255089623100/1501271173588193290/1536359656115408896
ETHUSDT-2026-08-07-short,ETHUSDT,short,exit,2026-08-10T13:09:39Z,1786367379355.0,1907.31,100.0,925,manual_close,https://discord.com/channels/1042855255089623100/1501271173588193290/1536393779962060922
GRTUSDT-2026-08-10-short,GRTUSDT,short,signal,2026-08-10T13:34:31Z,1786368871929.0,0.0146,,920,"0.0146 CMP, no target at the call",https://discord.com/channels/1042855255089623100/1501271173588193290/1536367146005700639
GRTUSDT-2026-08-10-short,GRTUSDT,short,stop_set,2026-08-10T13:34:31Z,1786368871929.0,0.0149,,920,published stop,https://discord.com/channels/1042855255089623100/1501271173588193290/1536367146005700639
GRTUSDT-2026-08-10-short,GRTUSDT,short,entry,2026-08-10T13:34:31Z,1786368871929.0,0.01457,,920,,https://discord.com/channels/1042855255089623100/1501271173588193290/1536367146005700639
BTCUSDT-2026-08-06-short,BTCUSDT,short,partial_close,2026-08-10T13:59:01Z,1786370341767.0,64504.5,75.0,921,"150x card: entry 65,024.1, close 64,504.5, +119.86%; 25% left running for 64k",https://discord.com/channels/1042855255089623100/1501271173588193290/1536373310953365534
GRTUSDT-2026-08-10-short,GRTUSDT,short,exit,2026-08-10T15:02:51Z,1786374171934.0,0.01443,100.0,922,take_profit,https://discord.com/channels/1042855255089623100/1501271173588193290/1536389375838130306
BTCUSDT-2026-08-06-short,BTCUSDT,short,target_move,2026-08-10T15:05:07Z,1786374307084.0,63990.0,,924,new targets 63990,https://discord.com/channels/1042855255089623100/1501271173588193290/1536389942698311741
BTCUSDT-2026-08-06-short,BTCUSDT,short,exit,2026-08-10T16:21:18Z,1786378878403.0,64060.0,100.0,926,take_profit,https://discord.com/channels/1042855255089623100/1501271173588193290/1536409116199882802
BTCUSDT-2026-08-10-long,BTCUSDT,long,signal,2026-08-10T16:23:17Z,1786378997170.0,63960.0,,927,"63,960 CMP taken two minutes after covering the short; he told followers to go a bit lower because he suspected a push to 61.5k first",https://discord.com/channels/1042855255089623100/1501271173588193290/1536409614344523969
BTCUSDT-2026-08-10-long,BTCUSDT,long,stop_set,2026-08-10T16:23:17Z,1786378997170.0,62500.0,,927,published stop,https://discord.com/channels/1042855255089623100/1501271173588193290/1536409614344523969
BTCUSDT-2026-08-10-long,BTCUSDT,long,entry,2026-08-10T16:23:17Z,1786378997170.0,63797.1,,927,,https://discord.com/channels/1042855255089623100/1501271173588193290/1536409614344523969
ETHUSDT-2026-08-10-long,ETHUSDT,long,signal,2026-08-10T19:00:57Z,1786388457076.0,1871.0,,930,1871 CMP with a DCA at 1856,https://discord.com/channels/1042855255089623100/1501271173588193290/1536449292066226326
ETHUSDT-2026-08-10-long,ETHUSDT,long,stop_set,2026-08-10T19:00:57Z,1786388457076.0,1842.0,,930,published stop,https://discord.com/channels/1042855255089623100/1501271173588193290/1536449292066226326
ETHUSDT-2026-08-10-long,ETHUSDT,long,target_set,2026-08-10T19:00:57Z,1786388457076.0,1890.0,,930,TP1 as published,https://discord.com/channels/1042855255089623100/1501271173588193290/1536449292066226326
ETHUSDT-2026-08-10-long,ETHUSDT,long,target_set,2026-08-10T19:00:57Z,1786388457076.0,1910.0,,930,TP2 as published,https://discord.com/channels/1042855255089623100/1501271173588193290/1536449292066226326
ETHUSDT-2026-08-10-long,ETHUSDT,long,entry,2026-08-10T19:00:57Z,1786388457076.0,1872.74,,930,,https://discord.com/channels/1042855255089623100/1501271173588193290/1536449292066226326
ETHUSDT-2026-08-10-long,ETHUSDT,long,exit,2026-08-11T11:05:41Z,1786446341375.0,1890.16,100.0,932,take_profit,https://discord.com/channels/1042855255089623100/1501271173588193290/1536692076413194301
SOLUSDT-2026-08-11-short,SOLUSDT,short,signal,2026-08-11T15:07:19Z,1786460839324.0,,,933,Never called in the channel - surfaced only as a closed card in a linked X post,https://discord.com/channels/1042855255089623100/1501271173588193290/1536752885218541688
BTCUSDT-2026-08-11-long-spot,BTCUSDT,long,signal,2026-08-11T20:24:28Z,1786479868375.0,,,934,"no published entry level — this is an open-ended public spot accumulation plan rather than a levelled trade; the launch card showed an average buy of 63,500 at +0%",https://discord.com/channels/1042855255089623100/1501271173588193290/1536832698843271221
BTCUSDT-2026-08-11-long-spot,BTCUSDT,long,entry,2026-08-11T20:24:28Z,1786479868375.0,63500.0,,934,,https://discord.com/channels/1042855255089623100/1501271173588193290/1536832698843271221
HOLOUSDT-2026-08-12-long-spot,HOLOUSDT,long,signal,2026-08-11T23:00:25Z,1786489225898.0,0.084,,935,his spot buy was at 0.084 earlier; he said it was still buyable at 0.088 CMP,https://discord.com/channels/1042855255089623100/1501271173588193290/1536871947139547297
HOLOUSDT-2026-08-12-long-spot,HOLOUSDT,long,entry,2026-08-11T23:00:25Z,1786489225898.0,0.084,,935,,https://discord.com/channels/1042855255089623100/1501271173588193290/1536871947139547297
BTCUSDT-2026-08-10-long,BTCUSDT,long,dca_fill,2026-08-12T12:15:55Z,1786536955752.0,63523.0,,937,"the optional 25% DCA filled; he gave the blended entry as 'around 63.8k' (63.9k without the DCA) and the closing card shows 63,797.1. Fill price is the level from his call — he never restated it",https://discord.com/channels/1042855255089623100/1501271173588193290/1537072140657102968
BTCUSDT-2026-08-10-long,BTCUSDT,long,target_move,2026-08-12T12:15:55Z,1786536955752.0,64500.0,,937,new targets 64500|64600,https://discord.com/channels/1042855255089623100/1501271173588193290/1537072140657102968
HYPEUSDT-2026-08-13-short,HYPEUSDT,short,signal,2026-08-13T15:29:53Z,1786634993260.0,58.36,,939,"CMP, with 59.11 as the DCA - he later said the DCA level was really the recommended entry and that he was in 50-50 at CMP like anyone who followed",https://discord.com/channels/1042855255089623100/1501271173588193290/1537483339768922272
HYPEUSDT-2026-08-13-short,HYPEUSDT,short,stop_set,2026-08-13T15:29:53Z,1786634993260.0,60.5,,939,published stop,https://discord.com/channels/1042855255089623100/1501271173588193290/1537483339768922272
HYPEUSDT-2026-08-13-short,HYPEUSDT,short,entry,2026-08-13T15:29:53Z,1786634993260.0,58.35,,939,,https://discord.com/channels/1042855255089623100/1501271173588193290/1537483339768922272
HYPEUSDT-2026-08-13-short,HYPEUSDT,short,target_move,2026-08-14T06:38:25Z,1786689505413.0,56.5,,942,new targets 56.5,https://discord.com/channels/1042855255089623100/1501271173588193290/1537711980310302871
HYPEUSDT-2026-08-13-short,HYPEUSDT,short,exit,2026-08-14T08:40:00Z,1786696800246.0,56.503,100.0,943,take_profit,https://discord.com/channels/1042855255089623100/1501271173588193290/1537742577057538099
BTCUSDT-2026-08-10-long,BTCUSDT,long,stop_move,2026-08-14T09:02:57Z,1786698177446.0,62500.0,,944,hard_to_manual,https://discord.com/channels/1042855255089623100/1501271173588193290/1537748353452871713
ZECUSDT-2026-08-14-long,ZECUSDT,long,signal,2026-08-14T16:08:35Z,1786723715781.0,486.0,,945,486 CMP with 30% kept back for a DCA,https://discord.com/channels/1042855255089623100/1501271173588193290/1537855468993646664
ZECUSDT-2026-08-14-long,ZECUSDT,long,stop_set,2026-08-14T16:08:35Z,1786723715781.0,465.0,,945,published stop,https://discord.com/channels/1042855255089623100/1501271173588193290/1537855468993646664
ZECUSDT-2026-08-14-long,ZECUSDT,long,target_set,2026-08-14T16:08:35Z,1786723715781.0,499.0,,945,TP1 as published,https://discord.com/channels/1042855255089623100/1501271173588193290/1537855468993646664
ZECUSDT-2026-08-14-long,ZECUSDT,long,entry,2026-08-14T16:08:35Z,1786723715781.0,486.0,,945,,https://discord.com/channels/1042855255089623100/1501271173588193290/1537855468993646664
ENSUSDT-2026-08-14-long,ENSUSDT,long,signal,2026-08-14T16:21:01Z,1786724461983.0,4.036,,946,4.036 CMP - he was already in it when he shared it,https://discord.com/channels/1042855255089623100/1501271173588193290/1537858598791680070
ENSUSDT-2026-08-14-long,ENSUSDT,long,stop_set,2026-08-14T16:21:01Z,1786724461983.0,3.91,,946,published stop,https://discord.com/channels/1042855255089623100/1501271173588193290/1537858598791680070
ENSUSDT-2026-08-14-long,ENSUSDT,long,entry,2026-08-14T16:21:01Z,1786724461983.0,4.036,,946,,https://discord.com/channels/1042855255089623100/1501271173588193290/1537858598791680070
ZECUSDT-2026-08-14-long,ZECUSDT,long,exit,2026-08-15T01:42:38Z,1786758158539.0,498.0,100.0,954,take_profit,https://discord.com/channels/1042855255089623100/1501271173588193290/1538911191672553502
SOLUSDT-2026-08-16-long,SOLUSDT,long,signal,2026-08-16T01:38:20Z,1786844300357.0,75.3,,952,75.3 CMP with a DCA at 74.7; no target given,https://discord.com/channels/1042855255089623100/1501271173588193290/1538361237363228682
SOLUSDT-2026-08-16-long,SOLUSDT,long,stop_set,2026-08-16T01:38:20Z,1786844300357.0,73.0,,952,published stop,https://discord.com/channels/1042855255089623100/1501271173588193290/1538361237363228682
SOLUSDT-2026-08-16-long,SOLUSDT,long,entry,2026-08-16T01:38:20Z,1786844300357.0,75.3,,952,,https://discord.com/channels/1042855255089623100/1501271173588193290/1538361237363228682
SOLUSDT-2026-08-16-long,SOLUSDT,long,dca_fill,2026-08-17T10:36:07Z,1786962967539.0,74.7,,953,"he reported the DCA had filled; level carried from the call, fill time unknown - this is when he mentioned it",https://discord.com/channels/1042855255089623100/1501271173588193290/1538858963599237141
SOLUSDT-2026-08-16-long,SOLUSDT,long,exit,2026-08-17T10:36:07Z,1786962967539.0,75.6,100.0,953,manual_close,https://discord.com/channels/1042855255089623100/1501271173588193290/1538858963599237141
BTCUSDT-2026-08-10-long,BTCUSDT,long,target_move,2026-08-17T14:03:39Z,1786975419682.0,64000.0,,954,new targets 64000|64200,https://discord.com/channels/1042855255089623100/1501271173588193290/1538911191672553502
GPSUSDT-2026-08-17-short,GPSUSDT,short,signal,2026-08-17T14:12:17Z,1786975937309.0,0.155,,955,The level he was tempted to short from - never taken,https://discord.com/channels/1042855255089623100/1501271173588193290/1538913362757292073
WLDUSDT-2026-08-17-short,WLDUSDT,short,signal,2026-08-17T14:18:33Z,1786976313875.0,0.355,,956,,https://discord.com/channels/1042855255089623100/1501271173588193290/1538914942189707346
WLDUSDT-2026-08-17-short,WLDUSDT,short,stop_set,2026-08-17T14:18:33Z,1786976313875.0,0.372,,956,published stop,https://discord.com/channels/1042855255089623100/1501271173588193290/1538914942189707346
WLDUSDT-2026-08-17-short,WLDUSDT,short,entry,2026-08-17T14:18:33Z,1786976313875.0,0.3552,,956,,https://discord.com/channels/1042855255089623100/1501271173588193290/1538914942189707346
BTCUSDT-2026-08-10-long,BTCUSDT,long,exit,2026-08-17T15:49:04Z,1786981744482.0,64144.9,100.0,959,manual_close,https://discord.com/channels/1042855255089623100/1501271173588193290/1538938122073800835
BTCUSDT-2026-08-17-short,BTCUSDT,short,signal,2026-08-17T15:56:16Z,1786982176481.0,64200.0,,960,"64.2k CMP, taken seven minutes after closing the long",https://discord.com/channels/1042855255089623100/1501271173588193290/1538939531741499603
BTCUSDT-2026-08-17-short,BTCUSDT,short,stop_set,2026-08-17T15:56:16Z,1786982176481.0,65200.0,,960,published stop,https://discord.com/channels/1042855255089623100/1501271173588193290/1538939531741499603
BTCUSDT-2026-08-17-short,BTCUSDT,short,entry,2026-08-17T15:56:16Z,1786982176481.0,64300.0,,960,,https://discord.com/channels/1042855255089623100/1501271173588193290/1538939531741499603
WLDUSDT-2026-08-17-short,WLDUSDT,short,exit,2026-08-17T19:52:29Z,1786996349627.0,0.3493,100.0,963,manual_close,https://discord.com/channels/1042855255089623100/1501271173588193290/1538998978224463882
ZECUSDT-2026-08-18-short,ZECUSDT,short,signal,2026-08-18T13:32:08Z,1787059928916.0,505.2,,964,505.2 CMP,https://discord.com/channels/1042855255089623100/1501271173588193290/1539265649090633738
ZECUSDT-2026-08-18-short,ZECUSDT,short,stop_set,2026-08-18T13:32:08Z,1787059928916.0,517.5,,964,published stop,https://discord.com/channels/1042855255089623100/1501271173588193290/1539265649090633738
ZECUSDT-2026-08-18-short,ZECUSDT,short,target_set,2026-08-18T13:32:08Z,1787059928916.0,499.0,,964,TP1 as published,https://discord.com/channels/1042855255089623100/1501271173588193290/1539265649090633738
ZECUSDT-2026-08-18-short,ZECUSDT,short,target_set,2026-08-18T13:32:08Z,1787059928916.0,492.0,,964,TP2 as published,https://discord.com/channels/1042855255089623100/1501271173588193290/1539265649090633738
ZECUSDT-2026-08-18-short,ZECUSDT,short,entry,2026-08-18T13:32:08Z,1787059928916.0,505.2,,964,,https://discord.com/channels/1042855255089623100/1501271173588193290/1539265649090633738
BTCUSDT-2026-08-17-short,BTCUSDT,short,dca_fill,2026-08-18T13:37:17Z,1787060237983.0,64546.0,,965,the 30% DCA filled; he gave the new average as 64.3k and said the position was in decent profit,https://discord.com/channels/1042855255089623100/1501271173588193290/1539266945411457094
BTCUSDT-2026-08-17-short,BTCUSDT,short,target_move,2026-08-18T13:37:17Z,1787060237983.0,63869.0,,965,new targets 63869,https://discord.com/channels/1042855255089623100/1501271173588193290/1539266945411457094
BTCUSDT-2026-08-17-short,BTCUSDT,short,target_move,2026-08-18T13:40:34Z,1787060434020.0,63860.0,,966,new targets 63860|63700,https://discord.com/channels/1042855255089623100/1501271173588193290/1539267767650361376
BTCUSDT-2026-08-17-short,BTCUSDT,short,target_move,2026-08-18T13:44:46Z,1787060686472.0,63800.0,,967,new targets 63800,https://discord.com/channels/1042855255089623100/1501271173588193290/1539268826510790696
BTCUSDT-2026-08-17-short,BTCUSDT,short,stop_move,2026-08-18T14:50:59Z,1787064659857.0,65200.0,,969,hard_removed_to_manual,https://discord.com/channels/1042855255089623100/1501271173588193290/1539285492095520788
BTCUSDT-2026-08-17-short,BTCUSDT,short,stop_move,2026-08-19T14:26:13Z,1787149573681.0,65800.0,,972,hard_reinstated,https://discord.com/channels/1042855255089623100/1501271173588193290/1539641646487048203
HYPEUSDT-2026-08-19-short,HYPEUSDT,short,signal,2026-08-19T15:05:47Z,1787151947429.0,59.82,,974,"CMP, with 30% of size held back for a DCA - no DCA level was published at the call",https://discord.com/channels/1042855255089623100/1501271173588193290/1539651602707644528
HYPEUSDT-2026-08-19-short,HYPEUSDT,short,stop_set,2026-08-19T15:05:47Z,1787151947429.0,61.5,,974,published stop,https://discord.com/channels/1042855255089623100/1501271173588193290/1539651602707644528
HYPEUSDT-2026-08-19-short,HYPEUSDT,short,entry,2026-08-19T15:05:47Z,1787151947429.0,59.82,,974,,https://discord.com/channels/1042855255089623100/1501271173588193290/1539651602707644528
HYPEUSDT-2026-08-19-short,HYPEUSDT,short,dca_fill,2026-08-19T15:38:59Z,1787153939447.0,60.5,,976,"added the reserved 30% at CMP half an hour after the call, as price ran against him",https://discord.com/channels/1042855255089623100/1501271173588193290/1539659957836841031
BTCUSDT-2026-08-20-long,BTCUSDT,long,signal,2026-08-20T01:34:21Z,1787189661274.0,69280.0,,982,"69,280 CMP, with 68.7-68.9k offered as an alternative entry or DCA zone",https://discord.com/channels/1042855255089623100/1501271173588193290/1539809786038845481
BTCUSDT-2026-08-20-long,BTCUSDT,long,stop_set,2026-08-20T01:34:21Z,1787189661274.0,68369.0,,982,published stop,https://discord.com/channels/1042855255089623100/1501271173588193290/1539809786038845481
BTCUSDT-2026-08-20-long,BTCUSDT,long,target_set,2026-08-20T01:34:21Z,1787189661274.0,70200.0,,982,TP1 as published,https://discord.com/channels/1042855255089623100/1501271173588193290/1539809786038845481
BTCUSDT-2026-08-20-long,BTCUSDT,long,entry,2026-08-20T01:34:21Z,1787189661274.0,69111.2,,982,,https://discord.com/channels/1042855255089623100/1501271173588193290/1539809786038845481
BTCUSDT-2026-08-20-long,BTCUSDT,long,stop_move,2026-08-20T02:02:49Z,1787191369039.0,68420.0,,984,tightened,https://discord.com/channels/1042855255089623100/1501271173588193290/1539816948924162150
BTCUSDT-2026-08-20-long,BTCUSDT,long,target_move,2026-08-20T02:02:49Z,1787191369039.0,,,984,'you can extend TP to make it 1R' after the stop move — no price given,https://discord.com/channels/1042855255089623100/1501271173588193290/1539816948924162150
BTCUSDT-2026-08-20-long,BTCUSDT,long,stop_move,2026-08-20T02:42:58Z,1787193778598.0,67500.0,,985,widened,https://discord.com/channels/1042855255089623100/1501271173588193290/1539827055347113984
BTCUSDT-2026-08-20-long,BTCUSDT,long,target_move,2026-08-20T02:42:58Z,1787193778598.0,71000.0,,985,new targets 71000|71200,https://discord.com/channels/1042855255089623100/1501271173588193290/1539827055347113984
BTCUSDT-2026-08-20-long,BTCUSDT,long,partial_close,2026-08-20T07:13:39Z,1787210019069.0,69907.6,,986,"closed the main 150x scalp card in full — entry 69,111.2, close 69,907.6, +172.83%; the extended-target card stayed open",https://discord.com/channels/1042855255089623100/1501271173588193290/1539895172819853352
BTCUSDT-2026-08-20-long,BTCUSDT,long,exit,2026-08-20T08:18:35Z,1787213915046.0,70999.5,100.0,987,take_profit,https://discord.com/channels/1042855255089623100/1501271173588193290/1539911513731760148
BTCUSDT-2026-08-20-short,BTCUSDT,short,signal,2026-08-20T10:19:46Z,1787221186943.0,72400.0,,988,"72.4k CMP, with an optional 73.1k DCA — he said followers could also just go fully at CMP",https://discord.com/channels/1042855255089623100/1501271173588193290/1539942014278434847
BTCUSDT-2026-08-20-short,BTCUSDT,short,stop_set,2026-08-20T10:19:46Z,1787221186943.0,74100.0,,988,published stop,https://discord.com/channels/1042855255089623100/1501271173588193290/1539942014278434847
BTCUSDT-2026-08-20-short,BTCUSDT,short,entry,2026-08-20T10:19:46Z,1787221186943.0,72400.0,,988,,https://discord.com/channels/1042855255089623100/1501271173588193290/1539942014278434847
BTCUSDT-2026-08-20-short,BTCUSDT,short,stop_move,2026-08-20T14:51:24Z,1787237484741.0,72400.0,,989,to_entry,https://discord.com/channels/1042855255089623100/1501271173588193290/1540010372197781534
BTCUSDT-2026-08-20-short,BTCUSDT,short,target_move,2026-08-20T14:51:24Z,1787237484741.0,71200.0,,989,new targets 71200,https://discord.com/channels/1042855255089623100/1501271173588193290/1540010372197781534
BTCUSDT-2026-08-20-short,BTCUSDT,short,target_move,2026-08-20T15:04:31Z,1787238271424.0,71000.0,,990,new targets 71000,https://discord.com/channels/1042855255089623100/1501271173588193290/1540013671785168988
ARBUSDT-2026-08-20-short,ARBUSDT,short,signal,2026-08-20T15:09:34Z,1787238574645.0,0.0889,,991,0.0889 CMP,https://discord.com/channels/1042855255089623100/1501271173588193290/1540014943586226306
ARBUSDT-2026-08-20-short,ARBUSDT,short,stop_set,2026-08-20T15:09:34Z,1787238574645.0,0.09106,,991,published stop,https://discord.com/channels/1042855255089623100/1501271173588193290/1540014943586226306
ARBUSDT-2026-08-20-short,ARBUSDT,short,target_set,2026-08-20T15:09:34Z,1787238574645.0,0.0869,,991,TP1 as published,https://discord.com/channels/1042855255089623100/1501271173588193290/1540014943586226306
ARBUSDT-2026-08-20-short,ARBUSDT,short,target_set,2026-08-20T15:09:34Z,1787238574645.0,0.0856,,991,TP2 as published,https://discord.com/channels/1042855255089623100/1501271173588193290/1540014943586226306
ARBUSDT-2026-08-20-short,ARBUSDT,short,entry,2026-08-20T15:09:34Z,1787238574645.0,0.0889,,991,,https://discord.com/channels/1042855255089623100/1501271173588193290/1540014943586226306
BTCUSDT-2026-08-20-short,BTCUSDT,short,exit,2026-08-20T17:06:11Z,1787245571682.0,,100.0,993,stop_loss,https://discord.com/channels/1042855255089623100/1501271173588193290/1540044291286634556
AVAXUSDT-2026-08-20-long,AVAXUSDT,long,signal,2026-08-20T17:07:05Z,1787245625198.0,7.2,,994,"Bought at CMP - spot, not a leveraged trade",https://discord.com/channels/1042855255089623100/1501271173588193290/1540044515748880416
AVAXUSDT-2026-08-20-long,AVAXUSDT,long,entry,2026-08-20T17:07:05Z,1787245625198.0,7.2,,994,,https://discord.com/channels/1042855255089623100/1501271173588193290/1540044515748880416
SUIUSDT-2026-08-20-long,SUIUSDT,long,signal,2026-08-20T17:07:05Z,1787245625198.0,0.74,,994,spot buy at CMP; mid-term targets were promised but never posted,https://discord.com/channels/1042855255089623100/1501271173588193290/1540044515748880416
SUIUSDT-2026-08-20-long,SUIUSDT,long,entry,2026-08-20T17:07:05Z,1787245625198.0,0.74,,994,,https://discord.com/channels/1042855255089623100/1501271173588193290/1540044515748880416
LINKUSDT-2026-08-20-long,LINKUSDT,long,signal,2026-08-20T17:07:56Z,1787245676714.0,,,995,spot allocation accumulated over six months - no entry price or date is given,https://discord.com/channels/1042855255089623100/1501271173588193290/1540044731822641243
BERAUSDT-2026-08-21-long,BERAUSDT,long,signal,2026-08-21T10:51:59Z,1787309519829.0,0.19,,1000,"spot buy at 0.19; a leveraged version was allowed at your own risk, but spot was the recommendation",https://discord.com/channels/1042855255089623100/1501271173588193290/1540312509255393402
BERAUSDT-2026-08-21-long,BERAUSDT,long,stop_set,2026-08-21T10:51:59Z,1787309519829.0,0.1946,,1000,published stop,https://discord.com/channels/1042855255089623100/1501271173588193290/1540312509255393402
BERAUSDT-2026-08-21-long,BERAUSDT,long,entry,2026-08-21T10:51:59Z,1787309519829.0,0.19,,1000,,https://discord.com/channels/1042855255089623100/1501271173588193290/1540312509255393402
HYPEUSDT-2026-06-16-long,HYPEUSDT,long,target_move,2026-08-21T14:19:33Z,1787321973193.0,80.0,,1003,new targets 80,https://discord.com/channels/1042855255089623100/1501271173588193290/1540364742449954937
BTCUSDT-2026-08-21-long,BTCUSDT,long,signal,2026-08-21T14:58:07Z,1787324287902.0,77300.0,,1004,"77.3k CMP, explicitly framed as 'trying' a long",https://discord.com/channels/1042855255089623100/1501271173588193290/1540374451043041371
BTCUSDT-2026-08-21-long,BTCUSDT,long,stop_set,2026-08-21T14:58:07Z,1787324287902.0,75500.0,,1004,published stop,https://discord.com/channels/1042855255089623100/1501271173588193290/1540374451043041371
BTCUSDT-2026-08-21-long,BTCUSDT,long,target_set,2026-08-21T14:58:07Z,1787324287902.0,79000.0,,1004,TP1 as published,https://discord.com/channels/1042855255089623100/1501271173588193290/1540374451043041371
BTCUSDT-2026-08-21-long,BTCUSDT,long,entry,2026-08-21T14:58:07Z,1787324287902.0,77300.0,,1004,,https://discord.com/channels/1042855255089623100/1501271173588193290/1540374451043041371
BTCUSDT-2026-08-21-long,BTCUSDT,long,exit,2026-08-21T15:55:59Z,1787327759703.0,,100.0,1005,breakeven,https://discord.com/channels/1042855255089623100/1501271173588193290/1540389012832002218
BTCUSDT-2026-07-17-long-scalp,BTCUSDT,long,dca_fill,,,62811.0,,725,"he confirms at the TP that 'a DCA filled so good gains' and gives the blended average as 63.1k; the fill itself was never announced, most likely during the pullback toward 62.3-61.8k on 17 July",https://discord.com/channels/1042855255089623100/1501271173588193290/1527744291626291353
BTCUSDT-2026-07-24-long,BTCUSDT,long,dca_fill,,,64050.0,,776,"the DCA filled - his card's blended entry is 64,489.7, below the 64,700 call entry - but the fill was never announced; he told followers a 50% DCA should give an average of 64,350",https://discord.com/channels/1042855255089623100/1501271173588193290/1530781712542466189
INJUSDT-2026-06-10-long,INJUSDT,long,dca_fill,,,5.052,,448,the planned DCA filled - he refers to it as filled in msgs 448 and 452 - but he never gives the fill time or the blended average,https://discord.com/channels/1042855255089623100/1501271173588193290/1514479630168490055
SOLUSDT-2026-08-11-short,SOLUSDT,short,exit,,,75.23,100.0,933,unknown,https://discord.com/channels/1042855255089623100/1501271173588193290/1536752885218541688
